store_name,address,city,state,zip_code,phone_number,email,website
New U Women‚Äôs Clinic & Aesthetics - Yakima,"2407 W WASHINGTON AVE, AVE # C",YAKIMA,WA,98903-2519,(509) 491-1944,,
"FLO Infusions, LLC",1020 S 40TH AVE,YAKIMA,WA,98908-3800,(509) 490-0162,tina@floinfusions.com,
Soma Aesthetics,"6101 SUMMITVIEW AVE, STE 140",YAKIMA,WA,98908-3028,(509) 260-8404,alissa@somaaesthetics.com,
New U Women’s Clinic & Aesthetics Kennewick,10973 W 10TH AVE,KENNEWICK,WA,99336-4420,(509) 491-1944,rachel@newuwomensclinic.com,
Synergy MedAesthetics,"921 SEATTLE SLEW RUN, STE B",YAKIMA,WA,98908-2462,(509) 504-3477,invoices@weramp.com,
Columbia Shores Regenerative Health,138 KEENE RD,RICHLAND,WA,99352-8683,(509) 572-2130,info@columbiashoresrh.com,
Sculpt Tri-Cities,"8503 W. Clearwater Ave, Suite C",Kennewick,WA,99336,(509) 579-0089,sculptinternational@gmail.com,
Synergy MedAesthetics,"3600 S ZINTEL WAY, STE B",KENNEWICK,WA,99337-3500,(509) 396-6543,,
Revive Wellness,"8656 W GAGE BLVD, STE B203",KENNEWICK,WA,99336-7145,(509) 572-4794,nichole.green@revivewellnessllc.org,
Synergy MedAesthetics - Kennewick,"4504 W 26TH AVE, STE 130",KENNEWICK,WA,99338-1862,(509) 222-8022,invoices@weramp.com,
Complete Health Care for Women,1045 Jadwin Avenue,Richland,WA,99352,(907) 252-4055,,
Next Door Wellness,"5908 BEDFORD ST, STE A",PASCO,WA,99301-6605,(509) 567-5467,tatiana@nextdoor-wellness.com,
Wright Surgical Arts,"5908 BEDFORD ST, STE C",PASCO,WA,99301-6605,(509) 792-1404,surgery@wrightsurgicalarts.com,
True Dermatology,7101 Westhood Pl A101,Kennewick,WA,99336,(509) 581-3100,Melanie@truedermtc.com,
Redefined Beauty,3069 NW ALDER PL,REDMOND,OR,97756-6913,(503) 290-4028,katie.redefinedbeauty@gmail.com,
Aesthetic NP,21851 NE COUCH ST,GRESHAM,OR,97030-8548,(928) 279-7612,aestheticnprx@gmail.com,
Enhanced Aesthetics by Sam,1515 NE VILLAGE ST,FAIRVIEW,OR,97024-3825,(503) 610-9282,,
Body Balance Health and Aesthetic Medicine,"1905 SE 192ND AVE, STE 201",CAMAS,WA,98607-7415,(360) 747-2000,alanaberdiyev@bodybalancemed.com,
Skin by Lovely - Camas,"19120 SE 34TH ST, STE 202",VANCOUVER,WA,98683-1429,(877) 568-3594,operations@skinbylovely.com,
Pura Skincare - Happy Valley,"12930 SE 162ND AVE, STE 103",HAPPY VALLEY,OR,97086-4744,(503) 583-3148,maria@purapdx.com,
Skintique Studio,15733 SE HAPPY VALLEY TOWN CENTER DR,HAPPY VALLEY,OR,97086-4251,(503) 878-5882,skintiquestudio@gmail.com,
Cascade Aesthetics,"16500 SE 15TH ST, STE 100",VANCOUVER,WA,98683-9666,(360) 254-4402,sherfc@comcast.net,
Vitality Aesthetics,12052 SE SUNNYSIDE RD,CLACKAMAS,OR,97015-8382,(503) 698-4566,vitalitybycheryl@gmail.com,
Aesthetic Breast & Cosmetic Surgery Center,"10201 SE MAIN ST, STE 20",PORTLAND,OR,97216-2937,(503) 897-8999,natalie@abcsurgerycenter.com,
Pacific Northwest Aesthetics Academy,"7820 NE HOLMAN ST, STE B9",PORTLAND,OR,97218-2859,(971) 242-8750,,
Medical Rejuvenation,"15 82nd DR, Unit 230, FL 2",Gladstone,OR,97027,(503) 421-9271,medjuvscott@gmail.com,
Luminique Aesthetics,802 7TH ST,OREGON CITY,OR,97045-2324,(503) 999-3738,layla@luminiqueaesthetics.com,
Oregon Aesthetics,207 8TH ST,OREGON CITY,OR,97045-1840,(503) 305-6010,info@oregonaesthetics.com,
Aesthetics Institute,2245 SE POWELL BLVD,PORTLAND,OR,97202-2143,(503) 238-1793,monique@aiofportland.com,
Aiyana Aesthetics,"103 E MAIN ST, STE 3",MOLALLA,OR,97038-8132,(503) 882-0007,contact@AIYANAaesthetics.com,
Lume Med Spa,18603 WILLAMETTE DR,WEST LINN,OR,97068-1705,(971) 235-2601,lumemedspa@gmail.com,
West Linn Aesthetics,"1980 WILLAMETTE FALLS DR, STE 130",WEST LINN,OR,97068-4674,(503) 723-9425,westlinnskin@gmail.com,
SkinSpirit-Lake Oswego,"220 A AVE, STE 100",LAKE OSWEGO,OR,97034-3197,(971) 396-4300,accountspayable@skinspirit.com,
Vim + Vigor Clinic for Optimal Health,"6915 S MACADAM AVE, STE 100",PORTLAND,OR,97219-2381,(503) 339-2444,drhubbs@vimandvigorclinic.com,
Evolve Aesthetics and Wellness - Vancouver,"330 E MILL PLAIN BLVD, STE 401",VANCOUVER,WA,98660-2896,(360) 726-4399,,
Anne Carruth Integrative Wellness,"UPPER LEVEL, 4425 S CORBETT AVE",PORTLAND,OR,97239-4260,(970) 231-3949,anne@annecarruth.com,
Salmon Creek Plastic Surgery,13712 NE 10TH AVE,VANCOUVER,WA,98685-2628,(360) 823-0860,jnamkung@salmoncreekps.com,
Style Aesthetics,"1125 NW 9TH AVE, APT 110",PORTLAND,OR,97209-2865,(503) 303-8313,lisa@styleaesthetics.com,
Bend Dermatology,2705 NE CONNERS AVE,BEND,OR,97701-6904,(541) 382-5712,AP@uniteddermpartners.com,
W Aesthetics and Wellness,"2100 NE NEFF RD, STE B",BEND,OR,97701-6213,(541) 241-4011,info@waestheticsandwellness.com,
"Michael E Villano, MD LLC","431 NE REVERE AVE, STE 100",BEND,OR,97701-4189,(541) 312-3223,manager@villanomd.com,
SkinSpirit- Oregon,26 NW 23RD PL,PORTLAND,OR,97210-3535,(971) 369-7400,accountspayable@skinspirit.com,
Venya Medical Spa,933 NW 25TH AVE,PORTLAND,OR,97210-2829,(503) 444-9294,drandreadelolmo@gmail.com,
A Shot of Beauty,701 NW Hill St.,Bend,OR,97703,(541) 306-0660,,
Silk Sky Spa,"265 NW FRANKLIN AVE, STE 203",BEND,OR,97703-2800,(541) 743-3121,,
Bend Skin Bar,"1458 NW COLLEGE WAY, STE 202",BEND,OR,97703-1480,(541) 788-8874,kschoales@yahoo.com,
Bloom Aesthetics,2230 NW LABICHE LN,BEND,OR,97703-6735,(541) 749-8423,hello@bloomaesthetics.com,
Bend Aesthetics & Wellness,525 NW Colorado AVE,Bend,OR,97702,,,
Matrix Aesthetics Studio,16055 BOONES FERRY RD,LAKE OSWEGO,OR,97035-4364,(541) 598-6266,semomo31@yahoo.com,
Ageless Health Medicine,"243 SCALEHOUSE LOOP, STE 6",BEND,OR,97702-1281,(541) 203-0508,,
Northwest Cosmetic Surgery,"777 SW MILL VIEW WAY, STE 100",BEND,OR,97702-1140,(541) 388-1022,info@NorthwestCosmeticSurgery.com,
Merkaba Natural Health,,,,,(971) 236-1303,shena.vanderploeg@gmail.com,
Curate Medicine,16524 BOONES FERRY RD,LAKE OSWEGO,OR,97035-4280,(503) 305-5194,,
Tres Chic,16524 BOONES FERRY RD,LAKE OSWEGO,OR,97035-4210,(503) 477-2715,christyknapp55@msn.com,
Central Oregon Aesthetics,"780 NW YORK DR, STE 104",BEND,OR,97703-1054,(541) 213-8768,info@centraloregonaesthetics.com,
Bluebird Skin Therapy + Aesthetics,"1208 SKYLINE RANCH RD, Ste. 100",BEND,OR,97703,(541) 241-6474,julie@bluebirdskintherapy.com,
Summer Aesthetics,"15573 BANGY RD, STE 300",LAKE OSWEGO,OR,97035-3396,(503) 388-3334,leah@summermedspa.com,
Portland Face Doctor,"12115 SW 70TH AVE, STE 100",PORTLAND,OR,97223-9648,(503) 297-6511,eunji@portlandfacedoctor.com,
Key Laser Institute,"9755 SW Barnes Rd, Suite 155",Portland,OR,97225,(503) 291-1953,maks@keylaserinstitute.com,
Renew Aesthetic Clinic,"10029 SW Nimbus Ave, Suite 110",Beaverton,OR,97008,(971) 470-3186,robyn@renewaestheticclinic.com,
Sadie Fredrickson,339 DAVIDSON AVE,WOODLAND,WA,98674-9744,(503) 314-8433,sadie@abide-aesthetics.com,
BodElite Body Contouring,"15160 NW LAIDLAW RD, STE 100",PORTLAND,OR,97229-7708,(971) 448-9155,michelle@bodelite.co,
Sunset MedSpa,"17200 NW CORRIDOR CT, STE 216",BEAVERTON,OR,97006-3295,(503) 617-6995,diana@barringtonpdx.com,
Komal Aesthetics and Wellness,"6125 NE CORNELL RD, STE 350",HILLSBORO,OR,97124-5412,(503) 476-1348,Info@komalaesthetics.com,
Epion Aesthetics and Wellness,"5035 NE ELAM YOUNG PKWY, STE 100",HILLSBORO,OR,97124-6489,(503) 713-5543,epionaestheticsandwellness@yahoo.com,
Ahava Healthcare,"17054 INDIO RD, STE 4931",BEND,OR,97707,(541) 205-9690,Talisa@ahavahealth.care,
Revive Medical Aesthetics,1146 COMMERCE AVE,LONGVIEW,WA,98632-3025,(360) 425-7712,ambersentamu@gmail.com,
Choice Health and Wellness,415 W. Third Ave,Moses Lake,WA,98837,(509) 350-8928,agarcia@choicehealthwellness.com,
Cardinal Clinic PS,200 Center St W,Eatonville,WA,98328,(253) 237-3136,admin@cardinalclinic.org,
White Lotus Medical Aesthetics,1855 FAIRGROUNDS RD NE,SALEM,OR,97301-7132,(503) 400-7570,whitelotusmedicalaesthetics@gmail.com,
Frontier Dermatology - Salem,1793 13TH ST SE,SALEM,OR,97302-2541,(503) 362-8385,ap@frontierdermpartners.com,
Neaman Plastic Surgery,1430 Commercial ST SE,Salem,OR,97302,(503) 364-5033,gfredinburg@neamanplasticsurgery.com,
MG Plastic Surgery,"2700 SE Stratus AVE, Suite 201",McMinnville,OR,97128,(503) 435-6398,,
Albie Aesthetics,"4555 Liberty Rd S Suite, #340",Salem,OR,97302,(503) 730-7231,hello@albieaesthetics.com,
Exhala Wellness,611 N WENATCHEE AVE,WENATCHEE,WA,98801-2096,(509) 881-5653,Exhalawellness@gmail.com,
Professional Skin Solutions,"123 OHME GARDEN RD, STE D",WENATCHEE,WA,98801-4500,(509) 885-4473,,
Becker Cosmetic,"1427 JEFFERSON AVE, STE 101",ENUMCLAW,WA,98022-3649,,pjhuesers@gmail.com,
On The Spot Aesthetics,"139 C ST, STE 200",INDEPENDENCE,OR,97351,(310) 505-2182,onthespotaesthetics@gmail.com,
Honey Glow Health,19647 STATE ROUTE 410 E,BONNEY LAKE,WA,98391-5202,(253) 321-1970,info@honeyglowhealth.com,
Aesthetics by Design,229 SE 4th Ave.,Albany,OR,97321,(916) 757-0558,,
Elevate Facial Esthetics,"22219 MOUNTAIN HWY E, STE A3",SPANAWAY,WA,98387-7557,(253) 275-1255,mai.karyn@gmail.com,
Adorne Medical Aesthetics,"2530 NE KRESKY AVE, STE C",CHEHALIS,WA,98532-2406,(360) 996-4322,info@adorne.org,
Evexia IV Nutrition and Wellness PLLC,1624 S GOLD ST,CENTRALIA,WA,98531-8950,(360) 880-0457,evexianw@gmail.com,
Aura Health and Aesthetics,2709 E MAIN Ave.,PUYALLUP,WA,98372-3165,(206) 288-9224,aurahealthaesthetics@gmail.com,
The Spa by HorizonView,"201 15TH AVE SW, STE D",PUYALLUP,WA,98371-7495,(253) 820-3580,Office@thespabyhv.com,
Concordia Star Medical + Aesthetics,"118 7th Ave SW, Suite A",Puyallup,WA,98371,(253) 367-3259,joey@concordiastarmedical.com,
Align Aesthetic Lounge,107 W STEWART,PUYALLUP,WA,98371-4374,(253) 256-9286,megan@alignaestheticlounge.com,
Skin Savvy Medical Aesthetics,"16901 SE 272ND ST, STE 36",COVINGTON,WA,98042-7346,(253) 326-6934,skinsavvymedicalaesthetics@gmail.com,
Advanced Laser Clinic and MedSpa,"7401 S PINE ST, STE B",TACOMA,WA,98409-5918,(253) 476-9500,,
Restored Beauty Aesthetics,22035 SE WAX RD,MAPLE VALLEY,WA,98038-8543,(425) 757-8149,Kristinjoy.jordan@gmail.com,
Habitual Beauty Aesthetics,"33801 1st Way South, Ste 211",Federal Way,WA,98003,(253) 353-3723,tawnie@habitualbeautyaesthetics.com,
Puget Sound Dental Wellness,"720 S 320TH ST, STE I",FEDERAL WAY,WA,98003-5254,(253) 214-8400,pugetsounddentalwellness@gmail.com,
"Aesthetic Surgery Centre, PLLC","2202 S CEDAR ST, STE 100",TACOMA,WA,98405-2318,(253) 627-2900,AP@aestheticcentre.org,
Onyx Medical Aesthetics,"448 Carpenter Road SE, B-107",Lacey,WA,98503,(360) 489-6926,info@onyxmedicalaestheticsspa.com,
Empowered Med Spa,"1310 S UNION AVE, STE A302",TACOMA,WA,98405-1928,(253) 240-4543,shannonkeenanarnp@gmail.com,
UP Wellness Spa,7307 40TH ST W,UNIVERSITY PLACE,WA,98466-4385,(206) 858-2268,johnson.delisha@yahoo.com,
Premier Health LLC,2610 YELM HWY SE,OLYMPIA,WA,98501-4826,(360) 507-8778,larissa.murtaugh@yahoo.com,
Slate Aesthetics,"3701 6TH AVE, STE 6",TACOMA,WA,98406-4950,(253) 316-6806,slateaesthetics1@gmail.com,
Aesthetically Rosa,"1215 REGENTS BLVD, STE 2A",FIRCREST,WA,98466-6061,(253) 343-4013,aestheticallyrosa@gmail.com,
Full Spectrum Face and Body,"4141 6TH AVE, STE A",TACOMA,WA,98406-4034,(253) 260-7060,deb@fullspectrumface.com,
Portrait Spa - Tacoma,"5406 6th Ave, Ste 300 - Salon Suite #101",Tacoma,WA,98406,(858) 293-1152,,
AlpenGlow Aesthetique,8108 Bracken Pl SE Snoqualmie,SNOQUALMIE,WA,98065,(425) 395-4341,erika@alpenglowaesthetique.com,
Snoqualmie Ridge Medical,35020 SE KINSEY ST,SNOQUALMIE,WA,98065-8992,(360) 789-0098,ap@snoqualmiehospital.org,
Rejuvenate Skin & Wellness Center,4338 SW 307TH ST,FEDERAL WAY,WA,98023-2127,(253) 204-3641,quddusi@adecare.org,
FACE Medical Aesthetics,"1919 N PEARL ST, STE A2",TACOMA,WA,98406-2456,(253) 306-2236,amywoodruffRNLLC@outlook.com,
Advanced Women's Health,"2102 N PEARL ST, STE 405",TACOMA,WA,98406-2550,(253) 752-8822,admin@advancedwomenshealth.net,
Velvet Skyn Aesthetics,1612 4TH AVE E,OLYMPIA,WA,98506-4532,(360) 340-9025,velvetskynaesthetics@gmail.com,
Omni Centers,"2401 BRISTOL CT SW, STE A",OLYMPIA,WA,98502-6003,(360) 359-2412,accounting@omnicenters.com,
Meraki Esthetics,120 CAPITOL WAY N,OLYMPIA,WA,98501-1019,(360) 704-9034,MerakiEsthetics@yahoo.com,
Meraki Esthetics,120 CAPITOL WAY N,OLYMPIA,WA,98501-1019,(360) 704-9034,,
Laser Lounge Medical Spa,5046 N. Highland St.,Ruston,WA,98406,(253) 212-3160,,
SKIN MVMT,2637 12th Court SW,OLYMPIA,WA,98502,(360) 999-3560,Hello@skinmvmt.com,
Best Filler Injector Education Center,7209 S 180TH ST,KENT,WA,98032-1014,(206) 741-0000,bestfillerinjector@yahoo.com,
Ideal Image - Southcenter WA,"17100 Southcenter Parkway, Ste. 144",Tukwila,WA,98188,,,
SHADe Sherisse Hill Aesthetics,"D-230, 22526 SE 64TH PL",ISSAQUAH,WA,98027-5368,(424) 300-6981,sherisse.hillarnp@gmail.com,
Northwest Vein and Aesthetic Center,"4700 POINT FOSDICK DR, STE 307",GIG HARBOR,WA,98335-1706,2538578346111,airinek@nwveins.com,
Eastside Eye Candy,"BUILDING G SUITE 220, 22500 SE 64TH PL",ISSAQUAH,WA,98027-8111,(425) 657-0355,claudia@annieaesthetic.com,
Dr RVC PLLC,"1301 4th ave NW, Suite 204",Issaquah,WA,98027-9371,(425) 557-4227,,
METAMORPHOSIS HOLISTIC MEDSPA,"640 NW Gilman Blvd, Suite 102",Issaquah,WA,98027,(425) 626-2436,MetamorphosisHolisticMedSpa@gmail.com,
Haven Permanent Cosmetics + Aesthetics,"5160 POINT FOSDICK DR, STE C100",GIG HARBOR,WA,98335-0030,(253) 509-5359,nichole@havenpmu.com,
Lisse Aesthetics,"5801 SOUNDVIEW DR, STE 150",GIG HARBOR,WA,98335-2215,(253) 432-6097,info@lissemedspa.com,
Presidential Aesthetics,3200 Tarabochia Street,Gig Harbor,WA,98335,(253) 224-3661,,
Gig Harbor Aesthetics,"3226 ROSEDALE ST, STE 100",GIG HARBOR,WA,98335-1806,(253) 514-6766,serina@gigharboraesthetics.com,
Aesthetic Plastic Surgery,244 COUNTRY CLUB RD,EUGENE,OR,97401-2200,(541) 687-8900,drleebdaniel@cppclinics.com,
Injectology Aesthetics,"1408 LIVE OAK BLVD, STE C",YUBA CITY,CA,95991-2970,,janine@injectologyaesthetics.com,
Younger You Aesthetics,1052 LIVE OAK BLVD,YUBA CITY,CA,95991-3416,(916) 879-1481,manns777@gmail.com,
Maria Grace Aesthetics,147 1/2 MILL ST,GRASS VALLEY,CA,95945-4714,(530) 210-5618,mariagrace.aesthetics@gmail.com,
Artistic Hand Aesthetics,"9495 MAIN ST, STE 9",UPPER LAKE,CA,95485-9603,(707) 883-0380,christinamariafernandez@yahoo.com,
Portrait Spa - Woodland - Ashley Aesthetics,1123 GUM AVE,WOODLAND,CA,95695-4970,(530) 848-0200,accounting@portraitspa.com,
Destination Aesthetics - Roseville,10006 FOOTHILLS BLVD,ROSEVILLE,CA,95747-7102,(916) 844-4913,,
Best Life Medical Center,10004 FOOTHILLS BLVD,ROSEVILLE,CA,95747-7102,(916) 435-2700,info@bestlifemedicalcenter.com,
Vibrance Medical Spa,"3180 Bell Road, Suite 300",Auburn,CA,95603,(530) 885-3121,ap@freedplasticsurgery.com,
Revive Med Spa - Roseville,"781 PLEASANT GROVE BLVD, STE 100",ROSEVILLE,CA,95678-6169,(916) 883-1338,accountspayable@revive.md,
"True Glow, INC",2340 SUNSET BLVD,ROCKLIN,CA,95765-4394,(916) 209-0690,trueglowrocklin@gmail.com,
Natomas Family Practice,2410 DEL PASO RD,SACRAMENTO,CA,95834-9607,(916) 928-0856,natomasfamilypractice@yahoo.com,
Kayla Milano,"4020 SIERRA COLLEGE BLVD, STE 138",ROCKLIN,CA,95677-3906,(916) 623-7900,dr.milano@caconcierge.com,
"Tighten It Spa, Inc","1013 GALLERIA BLVD, STE 265",ROSEVILLE,CA,95678-1365,(916) 792-0772,Hello@tightenitspa.com,
Esthetics Center - Rocklin,"5428 CROSSINGS DR, STE 105",ROCKLIN,CA,95677-3927,(916) 941-9400,accounting@partnerwithalpha.com,
Koua Yang,135 VERNON ST,ROSEVILLE,CA,95678,(916) 842-1007,info@aestheticsbyamyyang.com,
capitis medical aesthetics,"300 HARDING BLVD, STE 216",ROSEVILLE,CA,95678-2474,(916) 701-6685,info@capitismedicalaesthetics.com,
Centre for Plastic Surgery,"576 N Sunrise Ave Ste., 120",ROSEVILLE,CA,95661 2846,(916) 791-7088,info@centreforplasticsurgery.com,
Integrative Aesthetics Inc.,"151 N SUNRISE AVE, STE 1201",ROSEVILLE,CA,95661-2961,(916) 540-7948,rachaelarden@aol.com,
"JamieLynnRN, Inc.","151 N SUNRISE AVE, STE 1201",ROSEVILLE,CA,95661-2961,(916) 547-3186,JamieLynnRNInc@gmail.com,
Skinspirit - Roseville,"1470 Eureka Road, Suite 140",Roseville,CA,95661,(206) 633-6225,accountspayable@skinspirit.com,
Granite Bay Dermatology and Laser Center,1535 EUREKA RD,ROSEVILLE,CA,95661-3040,(916) 773-3376,h.kellogg@granitebayderm.com,
Skin Code Clinic,"1160 CIRBY WAY, STE 200",ROSEVILLE,CA,95661-4291,(916) 571-4069,skincodeclinic@gmail.com,
Bodyvine Aesthetics,"2241 DOUGLAS BLVD, STE 290",ROSEVILLE,CA,95661-4233,(916) 742-5626,bodyvineaesthetics@gmail.com,
Allure Skin & Laser,"4080 CAVITT STALLMAN RD, STE 100A",GRANITE BAY,CA,95746-9049,(530) 908-8239,Katherine.frakes@allure-skin.com,
Shahzad Anwar MD,"8735 SIERRA COLLEGE BLVD, STE 100",ROSEVILLE,CA,95661-5992,(916) 953-3248,info@modernaestheticsMD.com,
Aesthetics by Dr. Lee,"4190 DOUGLAS BLVD, STE 100",GRANITE BAY,CA,95746-5919,(916) 888-8988,LLee2@alumni.ND.EDU,
Granite Pointe Eye Care Inc.,"9221 SIERRA COLLEGE BLVD, STE 130",GRANITE BAY,CA,95661-5919,(916) 659-6019,johnokamoto@granitepointeeyecare.com,
Granite Bay Cosmetic Surgery,5220 DOUGLAS BLVD,GRANITE BAY,CA,95746-6205,(916) 242-2662,drclark@gbcs.com,
Dolce Vita Health & Beauty Medical Spa,"9719 Village Center Dr, #110",Granite Bay,CA,95746,(916) 772-7733,,
Monarch Cosmetic MD,8727 AUBURN FOLSOM RD,GRANITE BAY,CA,95746-6203,(916) 918-8007,patty@monarchcosmeticmd.com,
SVIA Plastic Surgery Sacramento,"1111 EXPOSITION BLVD, STE 400B",SACRAMENTO,CA,95815-4337,(916) 678-4188,operations@svia.pro,
RBMA Wellness,"2101 STONE BLVD STE, STE 190",West Sacramento,CA,95691-4055,(916) 392-4000,pbarma@rbmafamilydocs.com,
Naked MD - SAC21,"1315 ALHAMBRA BLVD, STE 200",SACRAMENTO,CA,95816-5246,(916) 680-9878,rpa@nakedmd.com,
Esthetics Center - Fair Oaks,5442 HAZEL AVE,FAIR OAKS,CA,95628-3969,(916) 232-0316,accounting@partnerwithalpha.com,
Esthetics Center - UV,2224 FAIR OAKS BLVD # 707,SACRAMENTO,CA,95825-5502,(916) 621-6483,accounting@partnerwithalpha.com,
Pretty Please Aesthetics,924 57TH ST,SACRAMENTO,CA,95819-3328,(916) 287-1725,Kathryncunninghampa@gmail.com,
Destination Aesthetics - Sacramento,768 UNIVERSITY AVE,SACRAMENTO,CA,95825-6703,(916) 844-4913,,
Golden State Dermatology - Folsom,192 BLUE RAVINE RD # 100,FOLSOM,CA,95630-4771,(916) 983-3373,ap@gsdermca.com,
Folsom Plastic Surgery,"1561 CREEKSIDE DR, STE 110",FOLSOM,CA,95630-3494,(916) 984-8585,gmerle@psaf.com,
Esthetics Center,2211 FRANCISCO DR,EL DORADO HILLS,CA,95762-3759,(916) 941-9400,accounting@partnerwithalpha.com,
Destination Aesthetics - Folsom,1731 CREEKSIDE DR,FOLSOM,CA,95630-3908,(916) 844-4913,,
Folsom Dermatology,1745 Creekside Dr,folsom,CA,95630,(916) 983-2302,rmurray@folsomderm.com,
Cascade Medical Wellness Center,2140 E BIDWELL ST,FOLSOM,CA,95630-6453,(916) 351-9457,jlthomas70@hotmail.com,
Alpha Aesthetic Partners - NO SERVICES OFFERED,"993 GOVERNOR DR, STE 101",EL DORADO HILLS,CA,95762-4290,(916) 941-9400,,
Kaufman & Davis Plastic Surgery,1841 IRON POINT RD,FOLSOM,CA,95630-8838,(916) 983-9895,paginvoices@payableslockbox.com,
Maven's Glow,"441 MARCH AVE, STE A",HEALDSBURG,CA,95448-3363,(707) 309-2120,Krystle@mavensglow.com,
Redwood Empire Dermatology,301 EAST ST,HEALDSBURG,CA,95448-4116,(707) 433-4239,idm-santarosa@bill.com,
Disappearing Act Laser,2143 AIRPARK DR,REDDING,CA,96001-2433,(530) 241-8772,Rebecca@Disappearingactlaser.com,
Kaiser- South Sacramento,"6600 Bruceville Road, 3rd floor, Suite 332, Bldg 3",Sacramento,CA,95823,(916) 688-2685,kp-ap-customer@kp.org,
Wildflower Aesthetics and Wellness,"8465 OLD REDWOOD HWY STE 627, STE 627",WINDSOR,CA,95492-8090,(707) 494-1233,Julie.bones.wildflower@gmail.com,
Renew Science,194 WIKIUP DR,SANTA ROSA,CA,95403-7757,(707) 828-8440,nayabarretto@renewsci.com,
Jolimobile,3515 Parker Hill Ct,Santa Rosa,CA,95404,(415) 317-1479,John@jolimobile.com,
Blissfusion Wellness Lounge - Vacaville,"1961 ALAMO DR, STE A",VACAVILLE,CA,95687-6184,(707) 880-1478,info@blissfusionvacaville.com,
Plastic Surgery Associates,"4625 QUIGG DR, STE 2",SANTA ROSA,CA,95409-5377,(707) 537-2111,,
Amplify Wellness Medspa,"3510 UNOCAL PL, STE 102",SANTA ROSA,CA,95403-0917,(707) 322-3818,heatherkristin.c@gmail.com,
CSJ Management Services LLC,"1550 AIRPORT BLVD, STE 102",SANTA ROSA,CA,95403-1095,(707) 889-4710,rncher@gmail.com,
Chernoff Cosmetic Surgery,"3540 Mendocino Ave, Ste 300",Santa Rosa,CA,95403,(707) 544-3232,jill@drchernoff.com,
Kaiser Permanente Santa Rosa Cosmetic Services,401 Bicentennial Way,Santa Rosa,CA,95403,(707) 566-5288,kp-ap-customer@kp.org,
Destination Aesthetics - Elk Grove,9299 LAGUNA SPRINGS DR,ELK GROVE,CA,95758-7841,(916) 844-4913,,
Morpheus Medical Aesthetics,"2800 CLEVELAND AVE, STE A",SANTA ROSA,CA,95403-2784,(707) 921-7447,Jeanette@morpheusmedspa.com,
REAL Aesthetic Medicine P.C.,2322 MIDWAY DR,SANTA ROSA,CA,95405-5017,(707) 800-4880,kelsey@realaestheticmed.com,
Portrait Spa - Santa Rosa,"2322 MIDWAY DR, STE B14",SANTA ROSA,CA,95405-5017,(858) 293-1152,,
Lyons Aesthetics,4018 VERNAL CT,VACAVILLE,CA,95687-7554,(707) 718-7473,Lindsay.obrien1@gmail.com,
"LaFever Aesthetics, A Professional Nursing Corp","1049 4TH ST, STE F",SANTA ROSA,CA,95404-4345,(707) 657-6644,lafever.aesthetics@gmail.com,
Ageless Image,558 B ST,SANTA ROSA,CA,95401-5240,(707) 327-7898,Agelessimageskin@gmail.com,
NV Regenerative Aesthetics,"700 CENTRAL AVE, STE A",NAPA,CA,94558-5116,(707) 320-5999,beyondbeautynoemi@gmail.com,
Lift Aesthetics,1834 1ST ST,NAPA,CA,94559-2353,(424) 267-1003,invoices@weramp.com,
Glowing North Aesthetics,7131 Mirabel Rd,Forestville,CA,95436,(707) 775-0526,glowingnorth@gmail.com,
Thrive MD,316 PETALUMA BLVD S,PETALUMA,CA,94952-4245,(707) 241-3139,,
SOLANO DERMATOLOGY ASSOCIATES,2290 SACRAMENTO ST,VALLEJO,CA,94590-2929,(707) 643-5785,Agoleno@solderm.com,
Janeeh Miranda,"701 SOUTHAMPTON RD, STE 104",BENICIA,CA,94510-2076,(707) 742-4114,beniciaaesthetics@gmail.com,
Nara Aesthetics,920 SHERMAN AVE,NOVATO,CA,94945-3244,(415) 200-8434,Naraaesthetics@gmail.com,
Medusa Laser & Aesthetics,"165 Rowland Way, STE 301",Novato,CA,94945,(415) 599-8456,manager@selfishlywellness.com,
Uplift Med Aesthetics,"777 S HAM LN, STE M",LODI,CA,95242-3593,(209) 336-9339,micky@upliftmedaesthetics.com,
Enova Medspa,"930 SAN PABLO AVE, STE D",PINOLE,CA,94564-2476,(510) 726-8404,elena@enovamedspa.net,
"Dr. Eric Mariotti, MD Plastic Surgery + MSpa","2222 EAST ST, STE 310",CONCORD,CA,94520-2055,(925) 685-4533,dm@drmariotti.com,
Radiant Renewal Med Spa,"2300 STANWELL DR, STE C",CONCORD,CA,94520-4841,(925) 471-4070,radiantrenewalmedspa@gmail.com,
Evolve from Within LLC,"1975 DIAMOND BLVD, STE 1",CONCORD,CA,94520-5792,(925) 338-1554,gabyram2010@gmail.com,
B. So Well Inc,"920 NORTHGATE DR, STE 3",SAN RAFAEL,CA,94903-3429,(707) 333-1675,B.sowellaesthetics@gmail.com,
Aizza Aesthetics,2255 CONTRA COSTA BLVD,PLEASANT HILL,CA,94523-3772,(707) 319-2925,Aizza.aesthetics@gmail.com,
Kaiser Permanente San Rafael,99 MONTECILLO RD,SAN RAFAEL,CA,94903-3308,(415) 492-6783,kp-ap-customer@kp.org,
Cheema Dental Corp,4053 E MORADA LN,STOCKTON,CA,95212-1608,(209) 594-0485,,
Kaiser Permanente Park Shadelands - Walnut Creek,"320 LENNON LN, BLDG 31",WALNUT CREEK,CA,94598-2419,(925) 817-5656,KP-AP-CUSTOMER@kp.org,
Golden State Dermatology - Walnut Creek Plastic Surgery,"355 LENNON LN, STE 235",WALNUT CREEK,CA,94598-2544,(925) 357-9050,ap@gsdermca.com,
S&M Management CA LLC,"7000 Sunne Ln., Studio 128, Suite 112",Walnut Creek,CA,94597,(925) 322-1495,truaestheticswc@gmail.com,
Portrait Spa - Walnut Creek Sunne Lane,"7000 Sunne Lane, STE 112 Studio 102",Walnut Creek,CA,94597,(858) 293-1152,,
Golden Hills Plastic Surgery,"100 N WIGET LN, STE 100",WALNUT CREEK,CA,94598-5909,(925) 935-9717,slikar@ghplasticsurgery.com,
Golden State Dermatology,"2255 Ygnacio Valley Road, Suite B-1",Walnut Creek,CA,94598,(925) 325-4426,ap@gsdermca.com,
Golden State Dermatology - Brentwood,"1200 CENTRAL BLVD, STE D",BRENTWOOD,CA,94513-2227,(925) 308-9510,ap@gsdermca.com,
Golden State Dermatology - Brentwood,"1200 CENTRAL BLVD, STE D",BRENTWOOD,CA,94513-2227,(925) 308-9510,,
DermaPure Aesthetics,"1001 LOOTENS PL STE 300, # 34",SAN RAFAEL,CA,94901-3112,(415) 889-5337,nicole@dermapureaesthetics.com,
Rewind Aesthetics,"1399 YGNACIO VALLEY RD, STE 5",WALNUT CREEK,CA,94598-2892,(925) 464-1744,sfulkerson24@gmail.com,
Naked MD - Walnut Creek,"240 LA CASA VIA, STE 135",WALNUT CREEK,CA,94598-4891,(888) 747-0888,Accountspayable@nakedmd.com,
DNJ Medical Aesthetics,"9030 BRENTWOOD BLVD, STE A",BRENTWOOD,CA,94513-4050,(925) 207-3020,dnjmedical75@gmail.com,
Health Bay Medspa,1434 N MAIN ST,WALNUT CREEK,CA,94596-4651,(925) 885-8281,Lilya@healthbaymedspa.com,
Walnut Creek Aesthetics,1355 N MAIN ST,WALNUT CREEK,CA,94596-4602,(925) 954-7512,info@walnutcreekaesthetics.com,
Revive Med Spa - Walnut Creek,1661 MT DIABLO BLVD,WALNUT CREEK,CA,94596-4517,(925) 266-3709,accountspayable@revive.md,
Ideal Image - Walnut Creek,1661 MT DIABLO BLVD,WALNUT CREEK,CA,94596-4517,(925) 266-3511,,
Bare Skin Marin,901 SIR FRANCIS DRAKE BLVD,KENTFIELD,CA,94904-1502,(415) 639-4864,Rachbaer@gmail.com,
Greenbrae Dermatology,"501 SIR FRANCIS DRAKE BLVD, STE 200",GREENBRAE,CA,94904-2305,(415) 925-0550,admin@gbderm.com,
Rejhuvenate Aesthetics,"1280 BOULEVARD WAY, STE 204",WALNUT CREEK,CA,94595-1102,(510) 517-0186,didjhudothat@gmail.com,
Aesthetx Marin,"300 DRAKES LANDING RD, STE 100",GREENBRAE,CA,94904-3123,(628) 265-8277,accounting@aesthetx.com,
Eminent Beauty,1127 MAGNOLIA AVE,LARKSPUR,CA,94939-1018,(415) 891-5934,em@eminentbeautymarin.com,
Gloss Beauty,1127 MAGNOLIA AVE,LARKSPUR,CA,94939-1018,(415) 457-3067,hello@glossbeauty.com,
Bay Area Laser Cosmetic Surgery Center,1000A MAGNOLIA AVE,LARKSPUR,CA,94939-1016,(415) 461-5755,balasercenter@sbcglobal.net,
Portrait Spa - Larkspur,"980 MAGNOLIA AVE, BUILDING B STE 6C",LARKSPUR,CA,94939-1053,(858) 293-1152,,
Portrait Spa-Marin,"980 MAGNOLIA AVE, BUILDING B OFFICE 6C",LARKSPUR CA 94939-1053,CA 94939-1053,94939-1053,(858) 293-1152,,
Kintsu Medspa and Wellness,303 ARLINGTON AVE,BERKELEY,CA,94707-1600,(510) 898-1254,ap@skintypesolutions.com,
Kelly Hood MD Dermatology,"970 Dewing Ave., Ste. 301",Lafayette,CA,94549,(925) 283-5500,,
Dr. Christine Brozowski Cosmetic Dermatology,912 The Alameda,Berkeley,CA,94707,(510) 549-3333,Admin@doctorofbeauty.com,
Laser Center of Marin,"770 TAMALPAIS DR, STE 301",CORTE MADERA,CA,94925-1737,(415) 945-9314,accounting@partnerwithalpha.com,
Pacific Skin & Cosmetic Dermatology,"770 TAMALPAIS DR, STE 403",CORTE MADERA,CA,94925-1739,(415) 924-2055,nancyh@pacificskin.com,
Haus of Marin,"29 1ST ST, STE 100",CORTE MADERA,CA,94925-1410,(415) 254-7786,Hello@hausofmarin.com,
Sanctuaire MD,"533 MORAGA RD, STE 120 MORAGA CA 94556-2254",MORAGA CA 94556-2254,CA 94556-2254,94556-2254,(925) 993-8149,,
Skin Artistry Clinic,"3189 DANVILLE BLVD, STE 245",ALAMO,CA,94507-1984,(510) 299-9609,drfaiqach@outlook.com,
The Skin Clinic,"3195 DANVILLE BLVD, STE 4",ALAMO,CA,94507-1970,(925) 984-3143,andrea.konkolyeverett@gmail.com,
Golden State Dermatology - Alamo,"3201 DANVILLE BLVD, STE 110",ALAMO,CA,94507-1938,(925) 362-0992,ap@gsdermca.com,
Savannah McGuire,9610 S MCCARRAN BLVD STE 7,RENO,NV,89523-9205,(530) 213-3891,,
Portrait Spa - Elevate Aesthetics Mill Valley - ATTN Laura Marini,"619 E BLITHEDALE AVE, STE A",MILL VALLEY,CA,94941-1482,(415) 900-4504,accounting@portraitspa.com,
Skin Cancer Dermatology,9672 S. McCarran Blvd,Reno,NV,89523,(775) 324-0699,,
Mill Valley Dermatology,"655 Redwood Hwy Frontage Rd, #100",Mill valley,CA,94941,(216) 409-9684,Haydee.knott@gmail.com,
NorCal Plastic Surgery - Greenbrae,1652 TIBURON BLVD,TIBURON,CA,94920-2512,(415) 942-0596,sirena@norcalsurgery.com,
Turner Medical Arts,"1250 COAST VILLAGE RD, STE L",SANTA BARBARA,CA,93108-2720,(805) 962-1957,maddison@turnermedicalarts.com,
The G Spa,"33 W MISSION ST, STE 204",SANTA BARBARA,CA,93101-2455,(805) 682-4772,manager@gspasb.com,
JHB Medical Aesthetics,"618 ANACAPA ST, STE 11",SANTA BARBARA,CA,93101-1690,(805) 900-0994,jbmedicalaesthetics@gmail.com,
Evolutions Medical Spa,"350 CHAPALA ST, STE 103",SANTA BARBARA,CA,93101-3475,(805) 687-0212,carrie@evolutionsmedicalspa.com,
Noor Aesthetics & Wellness Spa,"4605 Buena Vista Rd, Suite 640",Bakersfield,CA,93311,(661) 817-5988,nooraesthetics111@gmail.com,
Beautiful You Medical Aesthetics,"8313 BRIMHALL RD, STE 2001",BAKERSFIELD,CA,93312-2243,(661) 833-3030,pbebeautiful@aol.com,
Naked MD - Bakersfield,"5300 CALIFORNIA AVE, STE 220",BAKERSFIELD,CA,93309-1644,(888) 747-0888,Accountspayable@nakedmd.com,
Kaiser Dermatology Bakersfield,"1200 DISCOVERY DR, STE 250",BAKERSFIELD,CA,93309-7076,(661) 717-2552,Maria.L.Bonilla@kp.org,
Monaco Aesthetics and Wellness,"9510 FLUSHING QUAIL RD, STE 122",BAKERSFIELD,CA,93312-2672,(661) 204-9215,manolescucamat@gmail.com,
"Synergy Wellness Group, Inc.","7910 DOWNING AVE, STE 100",BAKERSFIELD,CA,93308-5016,(661) 336-2555,ablanquette@synergystaff.com,
Pedram Bagheri M.D.,"540 N MOORPARK RD, STE 6",THOUSAND OAKS,CA,91360-3700,(805) 870-5848,javier@ylift.com,
Central Coast Allure Med Spa,"2151 S COLLEGE DR, STE 105",SANTA MARIA,CA,93455-1304,(805) 232-5200,info@centralcoastallure.com,
Naked MD - Westlake Village,"32144 AGOURA RD, STE 216",WESTLAKE VILLAGE,CA,91361,(888) 747-0888,,
NKMD MGMT LLC dba Naked MD - Westlake Village,"32144 AGOURA RD, STE 216",WESTLAKE VILLAGE,CA,91361-4055,(888) 747-0888,Accountspayable@nakedmd.com,
Be Well LA,22024 LASSEN ST,CHATSWORTH,CA,91311-3600,(818) 776-0070,Ankarx@yahoo.com,
Nomi Medical Studio,"24013 VENTURA BLVD, STE 200",CALABASAS,CA,91302-1146,(310) 433-4690,,
Beauty Solutions Medical Aesthetics,"23361 MULHOLLAND DR, STE 1",WOODLAND HILLS,CA,91364-2734,(818) 860-0100,,
SkinSpirit - Nordstrom Topanga,21725 VICTORY BLVD,CANOGA PARK,CA,91303-2604,(206) 633-6225,accountspayable@skinspirit.com,
DB Management CA LLC,"6200 CANOGA AVE, STE 208",WOODLAND HILLS,CA,91367-7794,(818) 518-4582,DellaBellezzaMedSpa@Gmail.com,
Topanga Aesthetics,"20969 VENTURA BLVD, STE 4",WOODLAND HILLS,CA,91364-0855,(747) 226-0961,jeannine@topangaaesthetics.com,
Skin Therapy by Eden,"5400 BALBOA BLVD, STE 105",ENCINO,CA,91316-1599,(818) 974-6056,eden@skintherapybyeden.com,
Glow Medspa Inc,"17200 VENTURA BLVD, STE 302",ENCINO,CA,91316-5008,(818) 905-8815,admin@glowaestheticcenter.com,
Tatoyan MD Medspa,"5651 SEPULVEDA BLVD, STE 103",SHERMAN OAKS,CA,91411-2954,(818) 848-6688,tatoyanmdmedspa@gmail.com,
Milay Aesthetics,751 SHELL BEACH RD,PISMO BEACH,CA,93449-2051,(805) 600-2428,azinsh@yahoo.com,
West Dermatology - San Luis Obispo,"805 AEROVISTA PL, STE 202",SAN LUIS OBISPO,CA,93401-7920,(805) 250-3224,ap@platinumderm.com,
Beyond The Needle Medical Spa,12406 VENTURA BLVD,STUDIO CITY,CA,91604-2406,(951) 875-9024,shawn@beyondtheneedlemedspa.com,
EFFACE Aesthetics,1111 MONTANA AVE,SANTA MONICA,CA,90403-1609,(310) 707-1993,effacebyroberta@gmail.com,
NKMD MGMT LLC dba Naked MD - Santa Monica,"2730 WILSHIRE BLVD, STE 200",SANTA MONICA,CA,90403-4747,(888) 747-0888,Accountspayable@nakedmd.com,
Momo Aesthetics,"1431 7TH ST, STE 203",SANTA MONICA,CA,90401-2638,(323) 372-2511,momoinvoice@gmail.com,
Mary Lee Amerian MD,"2336 SANTA MONICA BLVD, STE 209",SANTA MONICA,CA,90404-2067,(310) 829-9396,maryleeamerianmd@gmail.com,
Magnolia Skin Center,3506 1/2 W MAGNOLIA BLVD,BURBANK,CA,91505-2911,(747) 305-8973,rejuv@magnoliaskincenter.com,
Curiva Med Spa,"10300 WILSHIRE BLVD, STE 200",LOS ANGELES,CA,90024-4772,(424) 249-8603,,
"Donna Dupre, LAc, DAOM, A Prof Acu Corp","4444 W RIVERSIDE DR, STE 108",BURBANK,CA,91505-4048,(818) 563-9453,donnadupre@sbcglobal.net,
"Dr. Eric Chaghouri, MD, Inc.","10780 SANTA MONICA BLVD, STE 105",LOS ANGELES,CA,90025-7613,(310) 387-6661,cynthia.chaghouri@gmail.com,
me.losangeles,"9201 W SUNSET BLVD, STE 212",WEST HOLLYWOOD,CA,90069-3703,(213) 442-1992,me@melosangeles.com,
Dr. Doris Medicine & Aesthetics,9721 SANTA MONICA BLVD,BEVERLY HILLS,CA,90210-4201,(310) 272-9988,drdoris@drdoris.com,
ONASSIS SKIN,"462 N LINDEN DR, STE 447",BEVERLY HILLS,CA,90212-4902,(424) 333-1212,matthew@onassisskinhealth.com,
SkinSpirit -  Beverly Hills,"153 S. Lasky, Ste. 8",Beverly Hills,CA,90212,(206) 829-1026,accountspayable@skinspirit.com,
LG Aesthetics Mgmt LLC,"9730 WILSHIRE BLVD, STE 111",BEVERLY HILLS,CA,90212-2003,(424) 512-1699,amah@julianaclinics.com,
Pico Clinics Los Angeles,"435 N BEDFORD DR, STE 312",BEVERLY HILLS,CA,90210-4314,(310) 927-0869,losangeles@picoclinics.com,
"Kathleen Valenton, MD INC","9720 Wilshire Blvd, LL",Beverly Hills,CA,90212,(310) 497-6639,kvalentonmd@gmail.com,
Min Beverly Hills Plastic Surgery Inc,"416 N BEDFORD DR, STE 206",BEVERLY HILLS,CA,90210-4317,(310) 736-6130,drmin@drelisemin.com,
Beverly Hills Hair Group,9661 BRIGHTON WAY,BEVERLY HILLS,CA,90210-5125,(424) 343-3343,fabien@beverlyhillshairgroup.com,
Beverly Hills Hair Group,9661 BRIGHTON WAY,BEVERLY HILLS,CA,90210-5125,(424) 343-3343,,
Naked MD Burbank,"2601 W ALAMEDA AVE, STE 202",BURBANK,CA,91505-4810,(818) 860-4838,rpa@nakedmd.com,
Maven Medi Spa,"415 N CRESCENT DR, STE 140",BEVERLY HILLS,CA,90210-4731,(310) 601-8606,info@mavenmedispa.com,
Leonard H Kim MD,"2080 CENTURY PARK E, STE 401",LOS ANGELES,CA,90067-2007,(310) 289-0009,vanessabkim@gmail.com,
modMD,208 LINCOLN BLVD,VENICE,CA,90291-2810,(310) 871-2369,ap@modmd.com,
Brian Shafa MD,"9454 WILSHIRE BLVD, STE 710",BEVERLY HILLS,CA,90212-2904,(310) 364-5262,brianshafamd@gmail.com,
Atelier Aesthetix,"9301 WILSHIRE BLVD, STE 515",BEVERLY HILLS,CA,90210-6191,(323) 248-0856,monse@atelieraesthetix.com,
The Radiance Lab and Wellness,"9025 WILSHIRE BLVD, STE 202",BEVERLY HILLS,CA,90211-1825,(310) 359-0091,javier@ylift.com,
Madhuri Chadha,"8920 WILSHIRE BLVD, STE 320",BEVERLY HILLS,CA,90211-2003,(310) 407-0542,madh@drmadh.com,
NKMD MGMT LLC dba Naked MD - Beverly Hills,"8665 WILSHIRE BLVD, STE 305",BEVERLY HILLS,CA,90211-2932,(888) 747-0888,Accountspayable@nakedmd.com,
JECT LLC - LA,8218 W 3RD ST,LOS ANGELES,CA,90048-4303,(917) 573-6806,accounting@jectnyc.com,
Young Again Slim Beauty & Skincare Inc,"6401 WILSHIRE BLVD, APT 1501",LOS ANGELES,CA,90048-4982,(310) 879-2273,Elaine@revivemedspaus.com,
Spa Numa Aesthetics & Wellness,3212 HONOLULU AVE,GLENDALE,CA,91214-3327,(818) 330-7117,info@spanuma.com,
Rewind Aesthetics,10885 WASHINGTON BLVD,CULVER CITY,CA,90232-3616,(424) 902-5477,spfrunder@aol.com,
Hush LA Medspa,"5065 HOLLYWOOD BLVD STE 203, STE 203",LOS ANGELES,CA,90027-6122,(323) 486-7339,Admin@hushla.net,
Smooch Beauty and Wellness,940 N BRAND BLVD,GLENDALE,CA,91202-2905,(747) 688-0636,Gosmoochla@gmail.com,
Innergy Integrative Medicine,"116 N ARTSAKH AVE, STE 120",GLENDALE,CA,91206-4771,(818) 484-5471,dr.lusine.simonyan@gmail.com,
Luxe Injectables Lounge,"6167 BRISTOL PKWY, STE 425",CULVER CITY,CA,90230-6610,(310) 237-1833,nilu@luxeinjectableslounge.com,
Rejuvie Medspa,"425 E. Colorado St., Ste. 470",Glendale,CA,91205,(818) 804-8899,,
NKMD MGMT LLC dba Naked MD - Glendale,"1510 S CENTRAL AVE, STE 470",GLENDALE,CA,91204-2514,(888) 747-0888,Accountspayable@nakedmd.com,
Luminous Flintridge Med Spa,"707 FOOTHILL BLVD, UNIT 2",LA CANADA,CA,91011-3455,(818) 864-6499,info@luminousflintridgemedspa.com,
Pure Dermatology and Aesthetics,"1000 N Sepulveda Blvd, Suite 250",Manhattan Beach,CA,90266,(310) 844-0828,ndesai@puredermatologymb.com,
Sasaki Advanced Aesthetic Medical Center,"800 FAIRMOUNT AVE, STE 319",PASADENA,CA,91105-3153,(626) 796-3373,Cbrandt@drsasaki.com,
"Dr Kay Durairaj, MD, A Medical Corp","800 FAIRMOUNT AVE, STE 325",PASADENA,CA,91105-3153,(626) 316-7033,DrKay@BeautyByDrKay.com,
Naked MD - South Pasadena,"625 FAIR OAKS AVE, STE 325",SOUTH PASADENA,CA,91030-5806,(818) 860-4838,rpa@nakedmd.com,
LA Beauty Skin Center,214 S Lake Ave,Pasadena,CA,91101,(818) 888-0001,akarmd@gmail.com,
NKMD MGMT LLC dba Naked MD - Torrance,"3661 TORRANCE BLVD, STE 201",TORRANCE,CA,90503-4884,(888) 747-0888,Accountspayable@nakedmd.com,
TIA MEDSPA - PASADENA,3740 E FOOTHILL BLVD,PASADENA,CA,91107-2201,(626) 658-8686,admin@tiamedspa.com,
Beyond Women‚Äôs Health,"3655 LOMITA BLVD, STE 321",TORRANCE,CA,90505-1927,(310) 325-1198,,
Eric Sooyong Ahn,"23441 MADISON ST, STE 130",TORRANCE,CA,90505-4755,(310) 791-2233,inquiry@awakenyoureyes.com,
Wildflower Skin and Wax,141 E FOOTHILL BLVD,MONROVIA,CA,91016-2261,(626) 408-5400,wildflowerskinandwax@gmail.com,
NKMD MGMT LLC dba Naked MD - Downey,"8301 Florence Ave, #104",Downey,CA,90240,(888) 747-0888,Accountspayable@nakedmd.com,
Pretty and Plumped Aesthetics,13424 Woodruff Ave,Bellflower,CA,90706,(562) 213-6814,injectorlife11@gmail.com,
Touch Aesthetics,"195 E 4TH ST, STE 21",LONG BEACH,CA,90802-2487,(559) 283-4197,,
NKMD MGMT LLC dba Naked MD - West Covina,"1000 LAKES DR, STE 180",WEST COVINA,CA,91790-2927,(888) 747-0888,Accountspayable@nakedmd.com,
Le Beauty Med Spa,"3120 S HACIENDA BLVD, STE 100",HACIENDA HEIGHTS,CA,91745-6305,(626) 743-2497,Lebeauty3120@gmail.com,
HydraBeach Nursing Corp,"13017 ARTESIA BLVD, STE D150",CERRITOS,CA,90703-1493,(562) 219-0065,tony@hydrabeach.us,
Modern Dermatology Inc,"2921 PALO VERDE AVE, STE 102",LONG BEACH,CA,90815-1552,(562) 999-3483,admin@modderm.com,
Iconic Skin Clinic,"15651 IMPERIAL HWY, STE 102",LA MIRADA,CA,90638-1600,(714) 225-5137,info@iconicskinclinic.com,
Skinspire Laser & Skin Clinic - Rowland Heights,"1330 FULLERTON RD, STE 202203",ROWLAND HEIGHTS,CA,91748-1246,(626) 686-9188,info@skinspireca.com,
Routine Wurk a registered nursing corporation,6553 E PACIFIC COAST HWY # 120,LONG BEACH,CA,90803-4202,(562) 362-4644,hello@routinewurk.com,
Strada Bellezza,"1502 FOOTHILL BLVD, STE 104",LA VERNE,CA,91750-3439,(877) 835-1502,orders@stradabellezza.com,
Tia Med Spa,21050 GOLDEN SPRINGS DR # C115,DIAMOND BAR,CA,91789-3871,(909) 914-3914,admin@tiamedspa.com,
Jeanette Aberin,2125 BONITA AVE,LA VERNE,CA,91750-4916,(626) 617-3494,jaberin61@gmail.com,
H-Bling Wellness,"1027 E IMPERIAL HWY, STE D5",BREA,CA,92821-5625,(714) 674-0242,health.hbling@gmail.com,
Ashley Dancel,"280 S STATE COLLEGE BLVD, STE 122",BREA,CA,92821-5820,(714) 757-3989,thebeautycolaboc@gmail.com,
Ajliss Medical Aesthetics,445 S ASSOCIATED RD,BREA,CA,92821-5802,(714) 494-2626,Brea@ajliss.com,
Haus of Beaute Medical Spa,"1337 S LOVERS LN, STE B",VISALIA,CA,93292-5249,(559) 999-5177,hbmedspacorp@gmail.com,
Naked MD - Anaheim,300 S HARBOR BLVD STE 800,ANAHEIM,CA,92805-3720,(714) 410-8718,,
PCG Medical Institute,"11922 SEACREST DR, STE E",GARDEN GROVE,CA,92840-1937,(657) 667-0078,mlam67@yahoo.com,
OC Skin Medspa,"1201 N ROSE DR Suite, #201",PLACENTIA,CA,92870-3939,(714) 983-7518,info@ocskinmedspa.com,
Medical Laser  & Aesthetics,"18821 DELAWARE ST, STE 105",HUNTINGTON BEACH,CA,92648-1935,(951) 666-0706,lane@mla-skin.com,
Bella Sol Med Spa,"13768 ROSWELL AVE, STE 216",CHINO,CA,91710-1407,(909) 590-1200,bellasolmedspa@yahoo.com,
Medical Beauty and Weight Loss,"14599 RAMONA AVE, STE 24",CHINO,CA,91710-5647,(626) 497-1732,medicalbeautyandweightloss@gmail.com,
Onsite Wellness Now,"550 E CHAPMAN AVE, STE E",ORANGE,CA,92866-1641,(657) 684-1927,info@onsitewellnessnow.com,
NKMD MGMT LLC dba Naked MD - Chino Hills,"15944 Los Serranos Country Club Dr., Unit 270",Chino Hills,CA,91709,(888) 747-0888,Accountspayable@nakedmd.com,
"Bita Bagheri, MD","520 SUPERIOR AVE, STE 335",NEWPORT BEACH,CA,92663-3672,(949) 236-7900,bitabagheri3@yahoo.com,
SSK Plastic Surgery,"500 SUPERIOR AVE, STE 340",NEWPORT BEACH,CA,92663-3609,(949) 515-7874,valerie@sskplasticsurgery.com,
Tathiana Green,"10737 LAUREL ST, STE 280",RANCHO CUCAMONGA,CA,91730-7601,(909) 966-4456,info@rioglowaesthetics.com,
"Whitney Florin, M.D. Inc","1640 NEWPORT BLVD, STE 370",COSTA MESA,CA,92627-7738,(949) 877-1002,drflorin@aesthologymd.com,
"EM Derms, INC","361 HOSPITAL RD, STE 522",NEWPORT BEACH,CA,92663-3526,(949) 432-4849,emdermsinc@gmail.com,
Glow Up Med Spa,"1951 E DYER RD, STE D",SANTA ANA,CA,92705-5893,(949) 932-0334,info@glowupmedspa.com,
Lulu Injects,"11553 FOOTHILL BLVD, STE 36",RANCHO CUCAMONGA,CA,91730-0730,(909) 433-1099,luluinjects@gmail.com,
Injection Artistry,"20301 SW BIRCH ST, STE 203",NEWPORT BEACH,CA,92660-1754,(714) 353-7189,Naomi@theinjectionartist.com,
Nuey Aesthetics & Wellness,"20341 SW BIRCH ST, STE 120",NEWPORT BEACH,CA,92660-1517,(727) 424-4721,billing@nueyaesthetics.com,
Naked MD Warehouse 1,"20062 SW BIRCH ST, FL 2",NEWPORT BEACH,CA,92660-1518,(657) 304-8913,rpa@nakedmd.com,
NKMD MGMT LLC dba Naked MD - Rancho Cucamonga,"9080 MILLIKEN AVE, STE 110",RANCHO CUCAMONGA,CA,91730-5559,(888) 747-0888,Accountspayable@nakedmd.com,
Golden Coast Regenerative Medicine & Aesthetics,"881 DOVER DR, STE 200",NEWPORT BEACH,CA,92663-6922,(949) 529-2330,lgutierrez@goldencoastclinic.com,
Orange Twist-Corporate Office-Newport Beach,"1301 DOVE ST, STE 670",NEWPORT BEACH,CA,92660-2436,(562) 708-2070,accounting@orangetwist.com,
Skinsation OC,"10 CORPORATE PARK, STE 110",IRVINE,CA,92606-5197,(949) 216-0770,info@skinsationoc.com,
20Twenty Eyecare,"280 W Kagy Blvd, STE B",Bozeman,MT,59715,(406) 522-8888,michelle@20twentymt.com,
Ridgway Plastic Surgery,"1188 N 15TH AVE, STE 1",BOZEMAN,MT,59715-3290,(406) 586-2620,office@ridgwayplasticsurgery.com,
Sapphire Medical Aesthetics,"1195 STONERIDGE DR, STE 5",BOZEMAN,MT,59718-7048,(406) 600-4296,megangilroypac@gmail.com,
Eternal Dream Day Spa,"102 EAGLE FJORD RD, UNIT F",BOZEMAN,MT,59718-4171,(406) 920-5701,info@eternaldreamspabozeman.com,
Geez Louise,"4010 MONTANA SAPPHIRE DR, STE 4",BILLINGS,MT,59106-2707,(406) 633-0649,joslyn_rn@hotmail.com,
PREMIER AESTHETICS PLLC,"1025 SHILOH CROSSING BLVD, STE 4",BILLINGS,MT,59102-7368,(406) 794-0003,hollyb@premieraestheticsmt.com,
Skin Body and Soul,"3839 GRAND AVE, STE 2",BILLINGS,MT,59102-7650,(406) 671-2136,hullj17@gmail.com,
Zhenya Yoder,"58 W Golf Course Rd., Yellowstone Club",Big Sky,MT,59716,,,
Central Wellness,1420 S 24th St. West,Billings,MT,59102,(406) 869-1066,janine@centralwellness.com,
Trinity Health,"2110 Overland Ave, Suite 122",Billings,MT,59102,(406) 969-1810,info@trinityhealthmt.com,
True Body Medical Spa,902 BLACKBURN ST,CODY,WY,82414-8494,(307) 243-3554,ashley@truebodymedispa.com,
Associated Dermatology,50 S Last Chance Gulch,Helena,MT,59601,(406) 324-7453,laserclinic@associateddermhelena.com,
The Center for Aesthetics,"3465 N PINES WAY, STE 101",WILSON,WY,83014-9127,(307) 459-0664,thecenterforaesthetics@gmail.com,
Signature Plastic Surgery,260 N MILLWARD ST,JACKSON,WY,83001,(307) 699-3115,lauracoopermd@gmail.com,
Teton Laser Center,"555 E BROADWAY AVE, STE 108",JACKSON HOLE,WY,83001-8640,(307) 734-0711,tetonlasercenter@gmail.com,
Apres Aesthetics,"5237 HHR RANCH RD, STE 1",WILSON,WY,83014-9220,(307) 200-2322,info@apres-aesthetics.com,
Open Door 406,"2 5TH ST N, STE 204",GREAT FALLS,MT,59401-4011,(406) 750-8280,office@opendoormed406.com,
Allure Aesthetics,525 1ST AVE N,GREAT FALLS,MT,59401-2595,(406) 868-8028,npheck@gmail.com,
"Anova Med Spa, LLC",1415 N MAIN ST,SHERIDAN,WY,82801-2618,(307) 461-0845,anovamedspa@gmail.com,
Lyon Aesthetic Medicine,"2375 E SUNNYSIDE RD, STE G",IDAHO FALLS,ID,83404-8281,(208) 529-8232,jessie.brewster.cfaif@gmail.com,
Bona Vie Medical Spa,3341 Valencia Dr,Idaho Falls,ID,83404,(208) 757-1344,natalie@bonaviemedspa.com,
Susan Johnson,1824 JENNIE LEE DR,IDAHO FALLS,ID,83404-6143,(208) 589-4859,Byouskin@yahoo.com,
Freeman Plastic Surgery,1855 MADISON AVE,IDAHO FALLS,ID,83404-1212,(208) 881-5351,kim@freemanplasticsurgery.com,
High Valley Dermatology,2085 PROVIDENCE WAY,IDAHO FALLS,ID,83404-4945,(208) 525-4888,greg@highvalleydermatology.com,
Bombshell Aesthetics and Laser,"250 S SKYLINE DR, STE 1",IDAHO FALLS,ID,83402-3294,(208) 569-8574,amber@bombshellinjections.com,
June Beauty Lab,128 W PINE ST,PINEDALE,WY,82941,(801) 682-0453,june.beauty.lab@gmail.com,
Laser Legacy,"745 W Bridge St., Suite H",BLACKFOOT,ID,83221-1667,(208) 684-2112,malique@laserlegacy.net,
Beaute Wellness and Aesthetics,"401 W MAIN ST, STE B",HAMILTON,MT,59840-2448,(406) 274-5402,,
Sculpt Aesthetics LLC,1230 N 1ST ST,HAMILTON,MT,59840-3101,(406) 961-9700,sculptaestheticsllc@gmail.com,
Skin Chic,"2901 BROOKS ST, Suite B9",MISSOULA,MT,59801-7703,(406) 541-8466,jennifer@skinchic.com,
RejuveCare Clinic - Missoula,"1300 S RESERVE ST, STE H",MISSOULA,MT,59801-4704,(406) 203-5174,accounting@rejuvecareclinic.com,
Missoula Wellness & Medspa,"2419 Mullan Rd, Suite D",Missoula,MT,59808,(406) 541-6420,Jackie@missoulawellnessmt.com,
Luxe Medical Aesthetics,"1155 POCATELLO CREEK RD, STE A",POCATELLO,ID,83201-2949,(208) 317-1363,olsenkara12@gmail.com,
Clark Medical Cosmetics,"1246 YELLOWSTONE AVE, STE A2",POCATELLO,ID,83201-4372,(208) 595-6976,sharla.clark@clarkdpc.com,
The Spa at Pocatello Wellness Clinic,"1155 Yellowstone Ave, Suite E",Pocatello,ID,83201,(208) 221-6876,megan@pocatellowellnessclinic.com,
Simply Skin,"351 Leadville Ave. N, STE 105",Ketchum,ID,83340,(208) 725-0150,simplyskin511@gmail.com,
Dr. Grant Stevens,330 Valley Club Dr,Hailey,ID,83333,(310) 210-0123,judi4stevens@gmail.com,
Pure Medical Spa-Hailey,"400 S MAIN ST, STE 103",HAILEY,ID,83333-8856,(208) 788-4747,julie@puremedicalspaidaho.com,
Jen Galloway Primary and Functional Medicine,234 E 1ST ST,CASPER,WY,82601-2516,(307) 333-0034,jengallowayfnp@outlook.com,
"Tyler L Quest, MD, PC",1119 E 3RD ST,CASPER,WY,82601-2905,(307) 266-2772,AP@Forefrontderm.com,
RejuveCare Clinic - Kalispell,67 3RD AVENUE WEST N,KALISPELL,MT,59901-4049,(406) 203-5174,brooke@rejuvecareclinic.com,
Aesthetica Medical Spa,491 N MAIN ST,KALISPELL,MT,59901-3903,(406) 257-8095,aestheticamedspa@hotmail.com,
406 Medical Spa,1315 US HIGHWAY 2 W,KALISPELL,MT,59901-3413,(406) 287-6565,drk@406dentistry.com,
Covet Beauty,"525 RAILWAY ST, STE 104",WHITEFISH,MT,59937-2520,(415) 370-9449,,
Majestic Aesthetics and Wellness,"1182 EASTLAND DR N, STE B",TWIN FALLS,ID,83301-8972,(208) 886-0774,,
Majestic Aesthetics and Wellness,"1182 Eastland Dr. N, Suite B",Twin Falls,ID,83301,(208) 886-0774,,
"Dr. Dell Smith Plastic Surgeon, P.C.",1880 FILLMORE ST,TWIN FALLS,ID,83301-3015,(208) 735-8386,tdcharlton@gmail.com,
Onyx Medspa & Laser Clinic,"706 N. College Road, STE D",Twin Falls,ID,83301,(208) 736-2763,trish@onyxmedspa.com,
Scobey Dental Aesthetics,507 TIMMONS ST,SCOBEY,MT,59263,(406) 487-2650,rayburn.scobeydental@gmail.com,
307 Aesthetics,601 NIOBRARA AVE,TORRINGTON,WY,82240-1522,(307) 575-0580,307aesthetics@gmail.com,
Summit Hormone & Advanced Aesthetics LLC,"2526 PATTERSON RD, UNIT 101",GRAND JUNCTION,CO,81505-1146,(970) 270-1833,alexivaughnnp@gmail.com,
Bare Aesthetics and Hydration,"743 HORIZON CT, STE 304",GRAND JUNCTION,CO,81506-8747,(970) 314-9094,suehuskey86@gmail.com,
Natural Esthetics,"800 AIRPORT RD, STE 11",RIFLE,CO,81650-8517,(970) 781-2052,naturalestheticsclinic@gmail.com,
Revive Skin and Laser Center,1620 W HWY 40,VERNAL,UT,84078,(435) 828-7502,reviveskinlasercenter@gmail.com,
Refresh Aesthetics,70 N MAIN ST,ROOSEVELT,UT,84066-3024,(435) 799-8888,refreshutah@gmail.com,
LUMA Medical Aesthetics,"823 GRAND AVE, UNIT 120",GLENWOOD SPRINGS,CO,81601,(970) 456-7809,acashleymarie@gmail.com,
LUMA Medical Aesthetics - Basalt,200 MARKET ST,BASALT,CO 81621,81621,(970) 989-9094,,
Epiphany Dermatology Basalt,261 ROBINSON ST,BASALT,CO,81621-8387,(512) 628-0465,ap@epiphanydermatology.com,
Lifted MedEsthetics,"318 ELK AVE, STE 25",CRESTED BUTTE,CO,81224,(970) 251-5181,shannon@liftedmedesthetics.com,
Sopris Clinic,"419 6TH ST, STE 202",CRESTED BUTTE,CO,81224,(970) 355-9686,,
Epiphany Dermatology Aspen,"300 S SPRING ST, STE 103",ASPEN,CO,81611-2088,(512) 628-0465,ap@epiphanydermatology.com,
Aesthetic Aspen,"1280 S UTE AVE, STE 26",ASPEN,CO,81611-2259,(970) 618-2323,lyndsey@aestheticaspen.com,
Vail Dermatology - Bella Derma - Epiphany Dermatology,"1140 EDWARDS VILLAGE BLVD, STE B200",EDWARDS,CO,81632,(970) 926-9226,ap@epiphanydermatology.com,
Shine Intuitive Beauty,105 Edwards Village Blvd,Edwards,CO,81632,(970) 343-4728,info@shineintuitivebeauty.com,
BeLiz MedSpa,9 N PARK ST,CORTEZ,CO,81321-3339,(970) 565-5460,belizmedspa@gmail.com,
Pure Radiance Skin Spa,255 N MAIN ST,EPHRAIM,UT,84627-1107,(435) 340-1032,ashlers82@gmail.com,
Steamboat Face and Body,"940 CENTRAL PARK DR, STE 206",STEAMBOAT SPRINGS,CO,80487-8853,(970) 879-4703,sweettooth@mccreightsmiles.com,
Manor Vail Spa,595 VAIL VALLEY DR,VAIL,CO,81657-4558,(970) 674-7977,spamanorvail@gmail.com,
Balanced Health P.C.,3577 MAIN AVE,DURANGO,CO,81301-4028,(970) 247-8008,balancedhealthdurango@gmail.com,
R Med + Spa,"679 E 2ND AVE, UNIT 1",DURANGO,CO,81301-5564,(970) 501-0610,rmedspa@icloud.com,
Life Sculpt,15 E 200 S,SPRINGVILLE,UT,84663-1914,(801) 928-7628,corie@jtmarketingsocial.com,
Golden Oak Aesthetic Lounge,111 E 300 S,Spanish Fork,UT,84660,(801) 471-1429,caitlin@goldenoakaestheticlounge.com,
PalmaVita,"692 Market Place Drive, Suite 203",Spanish Fork,UT,84660,(801) 877-7507,heather@palmavitaclinic.com,
LUXX Medical Spa,41 E 300 N,SPANISH FORK,UT,84660-1882,(801) 609-4108,Luxxmedspa@gmail.com,
Aspen Aesthetics,114 E 800 N,SPANISH FORK,UT,84660-1209,(801) 794-1490,bethany@myaspenderm.com,
Summit Medical Spa,63 E 800 N,SPANISH FORK,UT,84660-1210,(801) 798-8750,katrina@summitmedicalspa.com,
Utah Facial Plastics- Heber,"1776 S HIGHWAY 40, STE 203",HEBER CITY,UT,84032-4148,(385) 410-4551,pam@utahfacialplastics.com,
Wasatch Back Medical Spa,"494 S MAIN ST, STE 230",HEBER CITY,UT,84032-2241,(801) 673-6809,wbmedicalspa@gmail.com,
Wasatch Wellness,"150 N MAIN ST, STE 105",HEBER CITY,UT,84032-1670,(435) 709-5201,crystal@wasatchwell.com,
Utah Valley Eye Center,"1055 N 300 W, STE 204",PROVO,UT,84604-3374,(801) 357-7373,Mikeclayton88@gmail.com,
The Utah Spa & Wellness Center,"4801 North University Avenue, SALON SUITES 330-14",Provo,UT,84604,(385) 381-0083,,
"Haus of Aesthetics, Provo","4801 N UNIVERSITY AVE, STE 150",PROVO,UT,84604-5575,(801) 997-8199,amy.archuleta@hausofaestheticsslc.com,
Main Street Laser Co,106 S MAIN ST,LYMAN,WY,82937,(307) 747-8980,mainstreetlaserco@gmail.com,
VIO Med Spa - Orem,562 A E PARK AVE,OREM,UT,84097-6530,(385) 384-1391,,
Glam Rx Med Spa,"175 N STATE ST, STE 16",OREM,UT,84057-5509,(801) 796-2236,,
Amara Med Spa Salon & Boutique,1627 N STATE ST,OREM,UT,84057-2739,(801) 226-2300,erinamaracorp@gmail.com,
Riverwoods Aesthetics,861 N 980 W,OREM,UT,84057-7710,(949) 413-5462,riverwoodsaesthetics@gmail.com,
Bellus Medical,"140 S MAIN ST STE 2, BLDG B",LINDON,UT,84042-2191,(801) 850-1036,bellusmedical.skin@gmail.com,
"Kimball Crofts MD LLC, Aesthetica Plastic Surgery",385 W 600 N,LINDON,UT,84042-1330,(801) 459-9943,deena.hill@croftsmd.com,
Aesthetica- Dr Kimball Crofts Plastic Surgery,"385 West 600 North, Ste 250",Lindon,UT,84042,(801) 785-8825,,
The Vitamin Bar,"2080 GOLD DUST LN, UNIT B",PARK CITY,UT,84060,(435) 659-4914,Courtney@thevitaminbariv.com,
Vita Skin MD,148 S 1100 E,AMERICAN FORK,UT,84003-2817,(385) 336-7461,steelemd@vitaskin.clinic,
Bella Vida Laser & Aesthetics,"36 N 1100 E, STE D",AMERICAN FORK,UT,84003-2918,(801) 216-4160,bellavidalaser@gmail.com,
Epiphany Clinic,"119 S PACIFIC DR, STE 102",AMERICAN FORK,UT,84003-2399,(801) 477-7294,office@epiphanyclinic.com,
BlissFusion DBA Ahern Aesthetics,5919 TRAILSIDE LOOP,PARK CITY,UT,84098-6182,(614) 975-4489,tiffanyahern@gmail.com,
Beautiful U Med Spa,85 E Main St,American Fork,UT,84003,(801) 407-9002,info@beautifulumedspa.com,
Eric Cerrati MD Facial Plastic Surgery,"1794 OLYMPIC PKWY, STE 100",PARK CITY,UT,84098-6388,(801) 497-6944,haley@drericcerrati.com,
Kristin Hall,"777 W GRASSLAND DR, STE 113",AMERICAN FORK,UT,84003-5615,(385) 202-0245,khall@summitmedspautah.com,
Alpine Esthetics,81 S 100 W,ALPINE,UT,84004-1353,(801) 227-9152,,
Injector Collective LLC,"139 N HUNTERS GROVE LN, STE 125",LEHI,UT,84043-1670,(801) 609-6029,info@theinjectorcollective.com,
MINT Facial Bar,"380 E MAIN ST, STE A",LEHI,UT,84043-2235,(801) 341-8968,connect@mintfacialbar.com,
Feelgood Fascia,"3300 N RUNNING CREEK WAY STE 110, BLDG H",LEHI,UT,84043-5563,(385) 287-7130,hello@feelgoodfascia.com,
Macie Eddy,83 S CRATER POOL LN,SARATOGA SPRINGS,UT,84045-4048,(970) 581-9367,facebymace15@gmail.com,
Aesthetique Spa and Wellness,290 E Agate Ave,Granby,CO,80446,(970) 717-0393,contact@thegrandinjector.com,
Ashley Hall - Ruma Aesthetics,"1850 West Ashton Blvd, Suite 100",Lehi,UT,84043,(801) 529-8628,jaime@ruma.com,
V/O Med Spa - Saratoga Springs,"24 W PIONEER XING, STE 100",SARATOGA SPRINGS,UT,84045-3178,(646) 612-7575,noreply@medvelle.com,
Perfectly You Med Spa,333 FRONT ST,EVANSTON,WY,82930-3633,(435) 632-5593,perfectlyyoumedspa@gmail.com,
Spa Trouve-Saratoga Springs,"1022 N REDWOOD RD STE 201-A, BLDG 7",SARATOGA SPRINGS,UT,84045-5387,(855) 487-6883,Accounting@spatrouve.com,
Unfiltered Medical Spa,"3381 W MAYFLOWER AVE, STE 200",LEHI,UT,84048-2997,(801) 885-6814,Crystals@unfilteredmedicalspa.com,
Aive Aesthetics & Wellness,"12243 S DRAPER GATE DR, STE C4",DRAPER,UT,84020-9751,(801) 592-6187,careteam@aiveaesthetics.com,
Emma Bradshaw - The Plastics Clinic,"14658 South Bangerter Parkway, #200",Draper,UT,84020,(801) 839-5557,marcie@theplasticsclinic.com,
Utah Facial Plastics - Draper,"723 E 12200 S, STE 200",DRAPER,UT,84020-9888,(801) 776-2220,tmorris@utahfacialplastics.com,
NOVU Wellness,12011 S 700 E,DRAPER,UT,84020-9746,(801) 803-8560,Maggie@novuwellness.com,
29 Aesthetics,15153 S BATTLE DR,BLUFFDALE,UT,84065-4981,(559) 351-4620,amyhawkinsfnp@gmail.com,
Eleganza Med Spa,10275 S 1300 E,SANDY,UT,84094,(385) 275-7565,frontdesk@eleganzamedspa.com,
The Spa Wellness Center,"114 E 12450 S, STE 206",DRAPER,UT,84020-8060,(385) 434-0300,connie@thespawellnesscenter.com,
Natural Aesthetics Studio,"6405 S 3000 E, STE 100",SALT LAKE CITY,UT,84121-6975,(801) 870-3046,,
Thrive Aesthetics & Wellness,"6405 S 3000 E RM 9, STE 100",HOLLADAY,UT,84121-6975,(801) 520-1964,lauren@thriveut.com,
Calm Aesthetics,"4801 N BUTLER AVE, STE 7102",FARMINGTON,NM,87401-6002,(505) 209-9652,Zscanlan@gmail.com,
"Good Life Education and Wellness, LLC",9339 S 1300 E,SANDY,UT,84094-3135,(801) 441-6916,drees@vincentrees.com,
"Angela Keen, MD Plastic Surgery & Skin Care","2750 E COTTONWOOD PKWY, STE 540",COTTONWOOD HEIGHTS,UT,84121-7298,(801) 278-9062,sam@angelakeen.com,
Sotto Aesthetics,177 W 12300 S Studio 111,DRAPER,UT,84020-9817,(385) 789-8151,heather@sottoaesthetics.com,
Garlick Plastic Surgery,11762s State St,Draper,UT,84020,(435) 262-0329,drgarlick@mcplasticsurgery.com,
Nouvelle Aesthetics and Wellness,"7086 S HIGHLAND DR, STE 50",COTTONWOOD HEIGHTS,UT,84121-3767,(801) 734-0421,nouvelleaw@gmail.com,
Inspire Medical Spa,"6696 S HIGHLAND DR, STE 108",COTTONWOOD HEIGHTS,UT,84121,(385) 443-1128,,
Lucente Medical Spa,"580 E 9400 S, STE 100",SANDY,UT,84070-6237,(801) 928-7573,Carman.rebecca.t@gmail.com,
Ilios Medical Spa,"580 E 9400 S, STE 111",SANDY,UT,84070-6237,(385) 308-5621,info@iliosmedicalspa.com,
Willow Bend Medical,"1787 E FORT UNION BLVD, STE 100",COTTONWOOD HEIGHTS,UT,84121-3044,(801) 872-7000,drwood@willowbendmedical.com,
Bluffdale Med Spa,14003 S REDWOOD RD,BLUFFDALE,UT,84065-5260,(801) 663-4883,kristierchristensen@gmail.com,
Nervana Medical,"8899 S 700 E, suite 125",Sandy,UT,84070,(801) 335-5243,Rylie@nervanamedical.com,
Altitude Aesthetics,"3939 S WASATCH BLVD, STE 5",MILLCREEK,UT,84124-2219,(801) 230-2822,katie@altitudemedspa.com,
Cimikoski Stem Cells,"9980 S 300 W, STE 150",SANDY,UT,84070-3651,(801) 999-4860,invoice@utahstemcells.com,
Lovelee Medical Aesthetics,"2290 E 4500 S, STE 225",SALT LAKE CITY,UT,84117-4497,(713) 253-9522,loveleemedspa@gmail.com,
Modern SLC Injections & Aesthetics,"2290 E 4500 S, STE 210",HOLLADAY,UT,84117-4497,(801) 516-8884,niki@modernslc.com,
Enliven Medical LLC,"4646 S Highland Dr, Ste 100",Millcreek,UT,84117,(801) 871-9446,busch.deana@yahoo.com,
Edit Med Spa,"1226 W SOUTH JORDAN PKWY, #C",SOUTH JORDAN,UT,84095-6023,(801) 930-0759,veronica@editmedspa.com,
Rise Rejuvenation Center,"5888 s 900 e, Ste 201",Murray,UT,84121,(801) 707-2666,traci@riserejuvenationcenter.com,
Alchemy Aesthetics,"2645 E PARLEYS WAY, STE 500",SALT LAKE CITY,UT,84109-1636,(801) 609-6516,elise@alchemyslc.com,
RO Aesthetics,3775 S HIGHLAND DR,MILLCREEK,UT,84106-4207,(801) 233-8778,contact@roaesthetics.com,
Elase- Mountain View Village,"13351 ROCK WREN LN, STE PD-Y3",RIVERTON,UT,84096-2870,(904) 658-7413,accounting@elase.com,
BeautyNow Med Spa,"1045 E 3900 S, STE 202",MILLCREEK,UT,84124-1192,(801) 260-3030,ap@skintypesolutions.com,
"Moov Health & Wellness, Inc. - Salt Lake City","13222 TREE SPARROW DR, 238, STE 237",HERRIMAN,UT,84096-2879,(801) 382-7391,Invoices@vituity.coupahost.com,
Beauty Lab + Laser - Riverton,"13222 TREE SPARROW DR, STE R150",RIVERTON,UT,84096-2884,(385) 346-0353,andrea@beautylablaser.com,
Mon Amie Aesthetics LLC,"8822 S REDWOOD RD, STE C112",WEST JORDAN,UT,84088-5173,(385) 395-5256,Charcoalmedicallounge@gmail.com,
FIKA Infusion + Wellness,"3142 S. Highland Dr, Suite B5",SALT LAKE CITY,UT,84106-3044,(801) 797-0438,,
G.O.A.T. Athletic Spa,3561 W 11400 S,SOUTH JORDAN,UT,84095-1284,(801) 891-1352,accounting@goatathleticspa.com,
Fish School LLC,"1414 FOOTHILL DR, STE D",SALT LAKE CITY,UT,84108-2347,(801) 784-0095,dlhalvorsen@gmail.com,
Vue Medical Spa,"4000 S 700 E, STE 10",SALT LAKE CITY,UT,84107-2580,(801) 303-3883,docswens@hotmail.com,
The Medspa by Vincent Surgical,"11649 S 4000 W, STE 300",SOUTH JORDAN,UT,84009-6048,(801) 942-1111,jessica@vincentmedspa.com,
Envision Cosmetic Surgery,5417 S COMMERCE DR,MURRAY,UT,84107-5803,(801) 268-2650,envisionmanager@gmail.com,
Inspire Health Clinics,"10654 S River Heights Dr, Ste 130",South Jordan,UT,84095,(801) 477-5424,info@inspirehc.com,
Ritual Skin & Health,1549 S 1100 E,SALT LAKE CITY,UT,84105-2477,(801) 448-3365,tinachante3@gmail.com,
The Dental Spa,620 E 2100 S,SALT LAKE CITY,UT,84106-1828,(801) 466-6645,hello@dentalspa.com,
Inspire Medical Spa,10420 S RUBICON RD,SOUTH JORDAN,UT,84009,(385) 443-1128,contactus@inspiremedicalspaslc.com,
Viso Bespoke Aesthetics,"444 S 900 E, Suite 102",SALT LAKE CITY,UT,84102-3570,(801) 558-0870,beautywithinslc@gmail.com,
Salt and Stone Wellness,"445 E 200 S, STE 140",SALT LAKE CITY,UT,84111-2143,(801) 893-2463,stacy@saltandstonewellnessslc.com,
BALANCED BEAUTY ENTERPRISES LLC,"460 S 200 W, STE 2",BOUNTIFUL,UT,84010-7126,(801) 923-2101,info.balancedbeauty@gmail.com,
Aesthetics Express DBA Art of Aesthetics,3619 W 510 N,SALT LAKE CITY,UT,84116-2904,(801) 573-0807,tugalsairportllc@gmail.com,
Integrated Med Spa,458 N 500 W,BOUNTIFUL,UT,84010-6948,(801) 383-1684,mindy@integratedmedspa.com,
Dermatology and Aesthetics Center,"1222 W LEGACY CROSSING BLVD, STE 200",CENTERVILLE,UT,84014-5560,(801) 298-3802,idbountiful@bill.com,
VIO Med Spa - Farmington,134 N STATION PKWY,FARMINGTON,UT,84025-5505,(646) 612-7575,noreply@medvelle.com,
"Nani Ventures, LLC","240 N E Promontory, 2nd Floor",Farmington,UT,84025,(801) 372-4761,Nanibeautyaj@gmail.com,
Giova Aesthetics + Wellness,192 S MAIN ST,KAYSVILLE,UT,84037-2527,(385) 554-1606,bonnie@giovamedspa.com,
Silkey Skin MD,192 S MAIN ST,KAYSVILLE,UT,84037-2527,(801) 882-2200,,
Zora Beauty,559 Deseret Dr.,Kaysville,UT,84037,(801) 719-8161,,
Mr. Injection,"307 N 300 W, STE 301",KAYSVILLE,UT,84037-1852,(801) 998-2943,chris@mrinjection.com,
True Beauty Forever,"335 N 300 W, STE 101",KAYSVILLE,UT,84037-1815,(801) 643-4277,info@truebeautyforever.com,
Ramirez Deratology,1351 W 200 N,Kaysville,UT,84037,(801) 397-6125,katy.cottam@ogdenclinic.com,
SL Anesthesia,"1188 W SPORTSPLEX DR, STE 105",KAYSVILLE,UT,84037-6817,(801) 893-2463,,
Rubicon Health and Wellness,"1536 WOODLAND PARK DR, STE 210",LAYTON,UT,84041-5620,(385) 393-7486,sfaulkner@rubiconhealthandwellness.org,
SkinSculpt MedSpa,"5734 S 1475 E, STE 300",OGDEN,UT,84403-4698,(801) 475-5214,taylorerickson@wasatchdermatology.com,
The Fix Med Spa,"1491 W THATCHER BLVD, STE 103",SAFFORD,AZ,85546-3431,,jenniferbryce.rn@gmail.com,
Sheeba Tauhid-Imran,"3320 RINCONADA BLVD, STE 1",LAS CRUCES,NM,88011-7199,(575) 222-0885,drtauhid@outlook.com,
All Natural Aesthetics,"2000 E LOHMAN AVE, STE B",LAS CRUCES,NM,88001-3100,(575) 644-3120,Brookiecraig3@yahoo.com,
Elite Dermatology,"1005 S. Telshor, Suite A",Las Cruces,NM,88011,(575) 262-7546,aesthetics@elitedermatologynm.com,
SOAR Wellness,"6855 4TH ST NW, STE B2",LOS RANCHOS,NM,87107-6100,(505) 398-9430,Stephanie@soarwellness.net,
Health Horizons,"4801 MCMAHON BLVD NW, STE 101",ALBUQUERQUE,NM,87114-5090,(505) 893-2840,admin@healthhorizonsusa.com,
Sana Spa,GULTON CT NE,ALBUQUERQUE,NM,87109-4407,(505) 884-8900,,
Sandia Skin & Face,7009 MONTGOMERY BLVD NE,ALBUQUERQUE,NM,87109-1598,(505) 291-9600,,
Chrome Beauty and Wellness Collective,3613 NM 528 NW,Albuquerque,NM,87114,(505) 897-5065,betweenuandmespa@gmail.com,
Southwest Women's Oncology & Health,"5700 HARPER DR NE, STE 400",ALBUQUERQUE,NM,87109-3585,(505) 843-7813,,
"Seeberger Dermatology, LLC","1401 10TH ST, STE C",ALAMOGORDO,NM,88310-5012,(575) 437-4533,bseeberger@dermhappy.com,
Arizona Institute of Dermatology - Payson,"127 E MAIN ST, STE A",PAYSON,AZ,85541-5646,(928) 951-0395,chrisrexmd@gmail.com,
Canyon Ranch Aesthetics,8600 E ROCKCLIFF RD,TUCSON,AZ,85750-9733,(520) 749-9655,Tucson-ap@canyonranch.com,
Desert Dermatology,"1521 E TANGERINE RD, STE 161",ORO VALLEY,AZ,85755-6217,(520) 771-0288,michelle.goedken@desertdermatology.org,
Canvas Skin Clinic,"10445 N ORACLE RD, STE 151",ORO VALLEY,AZ,85737-9359,(304) 546-6393,megan@canvasskinclinic.com,
Rejuvene' MD - Dr. Karen Herman,"7470 CIMARRON PLZ, STE 100",EL PASO,TX,79911-2220,(915) 433-8398,wow@rejuvenemd.com,
Venus by Mars,4041 E SUNRISE DR,TUCSON,AZ,85718-4333,(520) 722-6277,officemgr@venusbymars.com,
Eleve Medical Aesthetics,"101 LIVINGSTON LOOP, STE C5",SANTA TERESA,NM,88008-9753,(575) 332-4242,margie@eleve-medical.com,
Bespoke Skin Boutique,"6360 N Campbell Avenue, Suite 160",Tucson,AZ,85718,(520) 989-3174,info@bespokeskinboutique.com,
Olson Facial Plastic Surgery,"6340 N CAMPBELL AVE, STE 256",TUCSON,AZ,85718-3186,(520) 809-9497,mercy@foothillsfacialplasticsurgery.com,
Novare Med Spa,"5956 E PIMA ST, STE 120",TUCSON,AZ,85712-4375,(520) 372-7489,mskfnp@gmail.com,
Tucson Dermatology LTD,"6565 E CARONDELET DR, STE 145",TUCSON,AZ,85710-3545,(520) 886-4199,skhales@tucsondermatology.com,
Tula Wellness & Aesthetics,"3170 N SWAN RD, STE 110",TUCSON,AZ,85712-1254,(520) 577-1129,admin@tulawellnessmd.com,
Total Health Tucson,1840 N CRAYCROFT RD,TUCSON,AZ,85712-3702,(520) 372-2146,info@totalhealthcare.com,
Country Club Med Spa,"8041 N MESA ST, STE B2",EL PASO,TX,79932-1666,(915) 307-3870,countryclubmedspa333@gmail.com,
BB Beauty Lounge,"1661 N SWAN RD, STE 312",TUCSON,AZ,85712-4075,(323) 646-5258,Robinleighp@gmail.com,
Precision Cosmetics,"7315 N ORACLE RD, STE 204",TUCSON,AZ,85704-6321,(520) 261-6210,Info@precisioncosmetics.com,
Azul MedSpa West,"7380 Remcon Circle, Suite B",EL PASO,TX,79912-1643,(915) 584-2985,azulmedspawest@gmail.com,
Vein & Aesthetics of Tucson,2504 E RIVER RD,TUCSON,AZ,85718-6509,(520) 445-7693,wgoldberg@opcardio.com,
Clear Skin,2732 N ALVERNON WAY,TUCSON,AZ,85712-1804,(520) 382-3330,jblake@specialistsindermatology.com,
Christina Wilson Aesthetics,"250 S CRAYCROFT RD, STE 490",TUCSON,AZ,85711-3827,(520) 771-5864,christina@christinawilsonaesthetics.com,
Beauty & Health by Liz,"6600 N ORACLE RD, STE 100",TUCSON,AZ,85704-5676,(520) 620-1226,lizguerrerofnp@gmail.com,
Luxe Wellness,"1865 E RIVER RD, STE 121",TUCSON,AZ,85718-7636,(617) 455-5171,lrosenberg@luxewellnessaz.com,
Naked MD Tucson,"40 N SWAN RD, STE 118",TUCSON,AZ,85711-3019,(520) 288-8420,rpa@nakedmd.com,
Radiance Permanent Makeup Artistry & Wellness,6064 N ORACLE RD,TUCSON,AZ,85704-5310,(520) 406-2474,radiancepma@gmail.com,
Dermatology & Plastic Surgery of Arizona,"698 E Wetmore Road, Suite 310",Tucson,AZ,85705,(520) 207-3100,,
Four Pillars Of Health,"1751 W ORANGE GROVE RD, STE 111",TUCSON,AZ,85704-1192,(520) 593-7761,fourpillarsofhealthaz@gmail.com,
Mirror Mirror Aesthetics & Wellness,1880 W Orange Grove Road,Tucson,AZ,85704,(520) 689-6809,mblachly@mmspatucson.net,
Angela Sollenbarger,3380 E ARROYO CHICO,TUCSON,AZ,85716-5813,(520) 484-0966,agaveaesthetics@gmail.com,
Skin Spectrum,"6127 N LA CHOLLA BLVD, STE 101",TUCSON,AZ,85741-3744,(520) 797-8885,ap@usdermpartners.com,
Brooke Swonger PLLC,"7229 N THORNYDALE RD, STE 109",TUCSON,AZ,85741-2007,(520) 820-3097,brookeswongeraesthetics@gmail.com,
Allure Skin and Laser,"21321 E Ocotillo Road, Suite 128",Queen Creek,AZ,85142,(480) 888-1223,,
Fox Dermatology and Aesthetics LLC,"3514 N POWER RD, STE 123",MESA,AZ,85215-2909,(480) 319-9500,carliefox@gmail.com,
Swiftcare Medical,"16824 E Avenue of the Fountains, Suite 21",Fountain Hills,AZ,85268,(480) 712-0566,info@drkmedspa.com,
Emily Frost Aesthetics,"5058 E Southern Avenue, Suite 102",Mesa,AZ,85206,(480) 389-6579,emily@emilyfrostaesthetics.com,
Skinfinity Medspa,"3939 E Williams Field Road, Suite 102",Gilbert,AZ,85295,(480) 514-9295,info@azskinandbody.com,
Chrysalis Skin & Scar,"3945 E WILLIAMS FIELD RD, STE 101",GILBERT,AZ,85295-5054,(480) 881-6832,jasmine@chrysalisskin.org,
Auri Aesthetics,"3875 E WILLIAMS FIELD RD, STE 301",GILBERT,AZ,85295-5716,(480) 509-7730,cameron@auriaesthetics.com,
The Beauty Boss Co,"3150 E RAY RD, STE 134",GILBERT,AZ,85296-1229,(480) 530-5334,elizabeth@thebeautyboss.co,
A to Z Dermatology,"4540 E BASELINE RD, STE 109",MESA,AZ,85206-4616,(480) 982-3337,drgamoth@a-zdermatology.com,
Harmony MedSpa,"6318 S HIGLEY RD STE 102, Studio 23",GILBERT,AZ,85298-4329,(480) 272-2485,harmonymedspaaz@gmail.com,
Southwest Plastic Surgery,"1387 GEORGE DIETER DR, BLDG C301",EL PASO,TX,79936,(915) 590-7900,bel@swplasticsurgery.com,
"Ember Sun, LLC","2855 E BROWN RD, STE 18",MESA,AZ,85213-4216,(480) 242-6110,brianamarkle@hotmail.com,
Advanced Plastic Surgery Institute,1981 E BONANZA CT,GILBERT,AZ,85297-8015,(480) 466-7355,ashleed@surgeryinstitute.com,
Mayo Foundation For Medical Education and Research,"13400 E SHEA BLVD, SC_MC_CC_DRMSRG/DERMATOLOGIC SURGERY",SCOTTSDALE,AZ,85259,(480) 301-4227,invoicerequests@mayo.edu,
Desert Eyesthetics PC,"1754 E Boston Street, Suite 103",Gilbert,AZ,85295,(480) 454-7130,dgarcia@eyeplasticsaz.com,
Desert Sky Dermatology,"1688 E BOSTON ST, STE 101",GILBERT,AZ,85295-6222,(480) 855-0085,candice@desertskyderm.com,
Skin Ritual,"1684 E BOSTON ST, STE 102",GILBERT,AZ,85295-6220,(480) 702-2442,rachel@skinritualaz.com,
Desert Body Contour,"2730 S VAL VISTA DR, STE 136",GILBERT,AZ,85295-1681,(480) 571-1367,Shelleyrobertson51@gmail.com,
Arizona Beauty Lab,,,,,(480) 963-4000,arizonabeautylab@gmail.com,
Kristal Clear Aesthetics,"1401 E Williams Field Road, STE 17",Gilbert,AZ,85295,(480) 204-9994,,
Center for Dermatology,"3530 S VAL VISTA DR, STE B109-110",GILBERT,AZ,85297-7318,(480) 905-8485,ap@platinumderm.com,
Beauty Between the Lines,1064 E Shannon Court,Gilbert,AZ,85295,(480) 628-6458,beautybetweentheline@gmail.com,
Abbey Jensen,"397 S GILBERT RD, STE 110",GILBERT,AZ,85296-1609,(720) 979-3486,aestheticsofaz@gmail.com,
4Ever Young Gilbert,"75 E RIVULON BLVD, STE 105",GILBERT,AZ,85297-0005,(480) 847-6822,dlovato@4everyounggilbert.com,
Le Blushing Lotus,"143 E. Germann Rd., Ste B-101  Space 203",Gilbert,AZ,85297,(602) 828-8961,,
Unmarked Beauty & Wellness,"2410 S GILBERT RD, #1 MEDSPA",CHANDLER,AZ,85286-1590,(480) 737-1394,info@unmarkedbeautyandwellness.com,
Honor Aesthetics and Wellness,"3200 S GILBERT RD, STE 116",CHANDLER,AZ,85286-5107,(480) 372-9799,allie@honoraesthetics.com,
Candeo Clinic,"1450 W GUADALUPE RD, STE 120",GILBERT,AZ,85233-3056,(623) 640-5899,amjohns4@hotmail.com,
"LeAnne Koleski, NP-C PLLC",204 N CENTER ST,MESA,AZ,85201-6629,(602) 717-2439,,
Le Nour Medspa,"9825 E BELL RD, STE 120",SCOTTSDALE,AZ,85260-2348,(602) 888-6603,lenourmedspa@gmail.com,
Heather Anderson NP,"9965 N 95TH ST, STE 105",SCOTTSDALE,AZ,85258-4594,(703) 403-8262,noscoskin@gmail.com,
NKMD MGMT LLC dba Naked MD - Scottsdale,"9377 E BELL RD, STE 207",SCOTTSDALE,AZ,85260-1504,(888) 747-0888,Accountspayable@nakedmd.com,
Love Aesthetics & Wellness,"9300 E. Raintree Dr.  #130, Ste. 10",Scottsdale,AZ,85260,(813) 267-9608,info@loveaestheticswellness.com,
Arizona Oculoplastic Specialists,9431 E IRONWOOD SQUARE DR,SCOTTSDALE,AZ,85258-4572,(480) 418-6602,dchretien1205@gmail.com,
Rejuvent Med Spa,9155 E Bell Road,Scottsdale,AZ,85260,(480) 717-0065,kbomer@rejuvent.com,
Hydrate Salon & Day Spa,"18261 N PIMA RD, STE 125",SCOTTSDALE,AZ,85255-6233,(480) 656-5911,Marianne@hydratesalon.com,
The Peak Wellness Spa,"8912 E PINNACLE PEAK RD, STE F4",SCOTTSDALE,AZ,85255-3649,(480) 306-8882,info@thepeakspa.com,
Hello Laser Spa,"9301 E SHEA BLVD, STE 106",SCOTTSDALE,AZ,85260-6734,(480) 905-3080,hayley@Hellolaserspa.com,
DC Ranch Family Medicine & Aesthetics,"20945 N PIMA RD, STE 110",SCOTTSDALE,AZ,85255-5585,(480) 800-3550,rperez@dcranchmd.com,
Charity's Medical & Aesthetics,"36600 N PIMA RD, UNIT 104B",CAREFREE,AZ,85377-4308,(480) 745-4638,charity.correa2016@yahoo.com,
James B Vogt MD PC,8985 E BELL RD,SCOTTSDALE,AZ,85260-1573,(480) 343-3488,rosemaryvogt22@gmail.com,
DEBORAH D. WILSON MD PC,"10250 N 92ND ST, STE 102",SCOTTSDALE,AZ,85258-4517,(480) 351-8699,felicia@drwilsongyn.com,
Zona Med Spa,"9767 N 91ST ST, STE 102",SCOTTSDALE,AZ,85258-5086,(480) 299-4975,zonamedspa@gmail.com,
DHH Med Spa,"9188 E San Salvador Drive, Suite 102",Scottsdale,AZ,85258,(480) 336-4195,Info@deserthh.com,
Look Lab - Scottsdale,"8787 E PINNACLE PEAK RD, STE 206",SCOTTSDALE,AZ,85255-3728,(480) 992-5665,Accounting@looklab.com,
The Cosmetic Center at DC Ranch,"19120 N PIMA RD, STE 120",SCOTTSDALE,AZ,85255-5391,(480) 470-1696,admin@carlotticenter.com,
Desert Rain Skin,"8711 E PINNACLE PEAK RD, STE C-102",SCOTTSDALE,AZ,85255-3517,(602) 441-5629,info@desertrainskin.com,
Aesthetic Revival,"9393 N 90TH ST, STE 120",SCOTTSDALE,AZ,85258-5042,(602) 975-8418,jen@aestheticrevival.com,
Face Lounge Aesthetics,"8952 E DESERT COVE AVE, STE E202",SCOTTSDALE,AZ,85260-6776,(480) 597-4603,yancey@faceloungeaz.com,
SOURCE OF HEALTH LLC,"10752 N 89TH PL, STE 118",SCOTTSDALE,AZ,85260-6743,(480) 361-4005,behealthy@mysourceofhealth.com,
XXI Skin,"10752 N 89TH PL, STE A210",SCOTTSDALE,AZ,85260-6251,(480) 422-5047,cristyle@xxiskin.com,
Best Skin by Kira,8575 E PRINCESS DR # A221,SCOTTSDALE,AZ,85255-5483,(480) 670-1029,bestskinbykira@gmail.com,
Ageless Beauty & Wellness,"8575 E PRINCESS DR, STE A221",SCOTTSDALE,AZ,85255-5441,(602) 334-3663,leslie@agelessbeauty-wellnes.com,
Center For Dermatology and Plastic Surgery,"14275 N 87TH ST, STE 109-110",SCOTTSDALE,AZ,85260-3696,(214) 751-2349,ap@platinumderm.com,
The Aesthetic Reserve,"8989 E VIA LINDA, STE 115",SCOTTSDALE,AZ,85258-5407,(815) 378-0388,aestheticreserve22@gmail.com,
Revive Health & Wellness,"1550 E FLORENCE BLVD, STE 103",CASA GRANDE,AZ,85122-4788,(520) 483-6386,revivehw1@gmail.com,
AdmireMD Plastic Surgery + Skin Clinic,"17300 N PERIMETER DR, STE 175",SCOTTSDALE,AZ,85255-6599,(480) 946-3155,victoria@admireplasticsurgery.com,
Rejuvenate Renew,"8415 N PIMA RD, STE 200",SCOTTSDALE,AZ,85258-4485,(480) 616-9149,cara.m.greer@gmail.com,
Dermatology & Skin Surgery Specialists,"8415 N PIMA RD, STE 212",SCOTTSDALE,AZ,85258-4485,(480) 434-6600,keith.walter@skinspecialistsofaz.com,
Vitality MDs,"8415 N PIMA RD, STE 210",SCOTTSDALE,AZ,85258-4485,(480) 425-8700,bdillon@vitalitymds.com,
Ascension Skin LLC,"8664 E SHEA BLVD, STE 158",SCOTTSDALE,AZ,85260-6653,(309) 826-8304,skinman0210@gmail.com,
The Flawless Lab,"13840 N. Northsight Blvd, Suite 117",Scottsdale,AZ,85260,(480) 550-6242,flawlesslab.reception@gmail.com,
Bella Vita Med Spas,"3731 S ARIZONA AVE, STE 2",CHANDLER,AZ,85248-2702,(480) 356-9179,,
Anatomy of Aesthetics,"8132 N 87TH PL, STE 100",SCOTTSDALE,AZ,85258-4000,(480) 448-0354,Info@anatomyofaesthetics.com,
Institute of Aesthetics,"8580 E SHEA BLVD, STE 140",SCOTTSDALE,AZ,85260-6681,(480) 822-0766,info@instituteofaesthetics.com,
A New Dawn Wellness Center,"14220 N Northsight Blvd, Suite 150",SCOTTSDALE,AZ,85260,(480) 473-1111,dawn@anewdawnwellness.com,
Starkman Facial Plastic Surgery,"8560 E. Shea Blvd, Suite 110",Scottsdale,AZ,85260,(480) 590-2697,,
"Lunessa MSO AZ, LLC DBA Pure Vanity Spa","20511 N HAYDEN RD, STE 105",SCOTTSDALE,AZ,85255-3877,(480) 419-8267,spadirector@purevanityspa.com,
4Ever Young Anti-Aging Solutions,8527 E Via De Viva,Scottsdale,AZ,85258,(480) 908-5990,Tfshagovac@gmail.com,
Curated Medical,"8300 N HAYDEN RD, STE A117",SCOTTSDALE,AZ,85258-2480,(480) 826-1139,info@curatedmed.com,
Sachi Aesthetics,"8370 E VIA DE VENTURA, STE K205",SCOTTSDALE,AZ,85258-3185,(480) 454-8188,Info@sachiaesthetics.com,
The Beauty Fix Medspa,"7629 E PINNACLE PEAK RD, STE 104",SCOTTSDALE,AZ,85255-6291,(480) 340-8364,,
Blush Medical Aesthetics,"10601 N Hayden Road, Suite 108",Scottsdale,AZ,85260,(480) 226-9067,face@cox.net,
Esthetic Finesse,"7349 N VIA PASEO DEL SUR, STE 82",SCOTTSDALE,AZ,85258-3764,(707) 575-1801,diane@estheticfinesse.com,
AfterGlo Aesthetics,"8040 E MORGAN TRL, STE 13",SCOTTSDALE,AZ,85258-1211,(480) 271-8761,kl.afterglo@gmail.com,
The Old Town Esthetician,"8040 E MORGAN TRL, STE 13",SCOTTSDALE,AZ,85258-1211,(847) 370-0354,theoldtownesthetician@gmail.com,
Elemental Aesthetics,"2222 S DOBSON RD, STE 201",MESA,AZ,85202-6489,(480) 659-1390,info@elementalaesthetics.com,
Griffin Wellness and Medspa,"1035 W QUEEN CREEK RD, STE 101",CHANDLER,AZ,85248-8124,(480) 400-3175,angela@griffinwellnessaz.com,
Revital-AZ Laser and Med Spa,7439 E Elbow Bend,Carefree,AZ,85377,(480) 629-5776,info@revitalaz.com,
Allure Infinite Beauty,"2421 E Southern Avenue, #1",Tempe,AZ,85282,(480) 831-7109,,
298574 HumanBlu,"31313 N SCOTTSDALE RD, Suite 170",SCOTTSDALE,AZ,85266-2995,(480) 553-9171,results@humanblu.com,
Adam & Eve Medical Aesthetics,"31309 N SCOTTSDALE RD, STE 100",SCOTTSDALE,AZ,85266-2894,(480) 575-6584,barbslush@gmail.com,
Summit Aesthetics,"32409 N Scottsdale Road, Suite 103",Scottsdale,AZ,85266,(480) 787-0701,,
Glow Aesthetic Clinic,1001 GATEWAY AVE,BISMARCK,ND,58503-0508,(701) 751-4410,northdakotaskin@gmail.com,
Rejuvenating Remedies Med Spa,102 S MAIN ST,CHAMBERLAIN,SD,57325-1519,(605) 730-5639,,
Tailored To You,1109 North Main,Mitchell,SD,57301,(605) 990-4700,shellyselland@gmail.com,
Altaire Clinic,"5257 27TH ST S, STE 201",FARGO,ND,58104-7782,(701) 809-9369,tamra@altaireclinic.com,
Lazaderm - Fargo,"1650 45TH ST S, STE 114",FARGO,ND,58103-3247,(701) 888-7546,accounting@lazaderm.com,
The Edit Aesthetics + Medical PLLC,"1130 MAIN AVE S, STE F",BROOKINGS,SD,57006-4341,(605) 695-7068,brittany.kerr@editmedical.com,
Bergstrom Eye and Laser Clinic,2601 S University Dr,Fargo,ND,58103,(701) 235-5200,teri@bergstromeye.com,
"Dermaesthetics, LLC","1621 SHERIDAN LAKE RD, STE B",RAPID CITY,SD,57702-3432,(605) 716-3742,tracihay@yahoo.com,
Lazaderm,3401 S Kelley Ave,Sioux Falls,SD,57106,(605) 275-6128,accounting@lazaderm.com,
Plastic Surgery Associates of South Dakota,"4201 S MINNESOTA AVE, STE 112",SIOUX FALLS,SD,57105-6706,(605) 335-3349,mvogel@psaofsd.com,
Infinity Medical Aesthetics,2001 W TREVI PL,SIOUX FALLS,SD,57108,,brittany@infinity-ma.com,
The Body Garage,"6301 S. Minnesota Avenue, Suite 300",Sioux Falls,SD,57108,(605) 334-2443,carolyn@bodygaragemd.com,
JK Medspa,"1400 N. 9th Street, Suite B",Norfolk,NE,68701,(402) 640-2202,julie@jkmedspa.com,
Jones Eye Clinic,4405 HAMILTON BLVD,SIOUX CITY,IA,51104-1140,7122393937115,,
Lazaderm - Sioux City,3015 HAMILTON BLVD,SIOUX CITY,IA,51104-2407,(712) 226-1000,accounting@lazaderm.com,
No Filter Aesthetics,611 PEARL ST,SIOUX CITY,IA,51101-1219,(712) 490-9704,nofilteraesthetics22@gmail.com,
Lily Frank,922 4TH ST,SIOUX CITY,IA,51101-1805,(712) 587-7131,lily@thesonographystudio.com,
Ave Medical Laser Spa,"1201 Historic 4th St, Suite 101",Sioux City,IA,51101,(712) 224-3500,stacy@avemedspa.com,
Woods Esthetics,121 5 W 4TH ST,LARNED,KS,67550,(620) 282-9012,erinkate27@gmail.com,
Mowery Medspa,737 E CRAWFORD ST,SALINA,KS,67401-5103,(785) 822-3087,katelyn_komarek@Hotmail.com,
Fulfill Med Spa,317 S MAIN ST,PRATT,KS,67124-2707,(620) 388-5441,katie.fulfillmedspa@gmail.com,
Essence Med Spa,"2115 N KANSAS AVE, STE 102",HASTINGS,NE,68901-2615,(402) 463-4004,kaylak@essencemedspa.net,
Contour Med,8 E Railroad,Kearney,NE,68847,(402) 542-0722,ryleeAPRN@mail.com,
Restore Body Balance,813 W DOUGLAS AVE,WICHITA,KS,67213-4704,(316) 993-0972,restorbody813@gmail.com,
Glow 365,142 N MOSLEY ST,WICHITA,KS,67202-2825,(316) 425-0365,jillcrotty@myglow365.com,
Aesthetic Solutions,"2939 N ROCK RD, STE 110",WICHITA,KS,67226-1100,(316) 708-4451,,
Care Aesthetics Of Wichita,"9100 E 29TH ST N, STE B",WICHITA,KS,67226-2177,(316) 260-2549,,
Everyday Wellness Wichita,5112 E CENTRAL AVE,WICHITA,KS,67208-4110,(316) 391-3465,everydaywellnesswichita@gmail.com,
Dr Brynn Richardson,2626 N WEBB RD,WICHITA,KS,67226-8110,(402) 660-1711,brynnrichardson@hotmail.com,
Plastic Surgery Center,1861 N Webb Road,Wichita,KS,67206,(316) 688-7500,katie@pscwichita.com,
Heartland Aesthetica,"10111 East 21st Street North, ste 305",Wichita,KS,67206,(316) 777-6393,accountspayable@heartland-derm.com,
Spa MD,10523 E 21ST ST N,WICHITA,KS,67206-3582,(316) 425-7980,madison@spamdbeauty.com,
MATTHEW H CONRAD MD,"1700 N WATERFRONT PKWY, BLDG 200",WICHITA,KS,67206-6618,(316) 681-2227,kkconrad@cox.net,
Kansas Plastic Surgery,1923 N GREENWICH RD,WICHITA,KS,67206-3104,(316) 305-9618,shannel@kansasplasticsurgery.com,
Shaw Plastic Surgery,"1923 N Greenwich Rd,",Wichita,KS,67206,(316) 440-9801,beth@shawplasticsurgery.com,
Envigorate Aesthetics,"317 N ROCK RD, STE 1300",DERBY,KS,67037-4078,(316) 990-0491,eliz.conkle@gmail.com,
Nurtured by Nurses,"120 N MAIN ST, Suite 5",EL DORADO,KS,67042-2065,(858) 293-1152,accounting@portraitspa.com,
Bella Wellness & Aesthetics,"1201 PARK DR, STE 101",HICKMAN,NE,68372-1448,(402) 792-2237,,
Revitalize Med Spa,"5505 S 16TH ST, STE 600",LINCOLN,NE,68512-2512,(402) 435-0151,Heather.Revitalift@gmail.com,
Citrine,"6800 S 32ND ST, STE A",LINCOLN,NE,68516-6036,(402) 804-3588,admin@citrinemedspa.com,
Sutton Dermatology + Aesthetics,1700 Stephanie Lane,Lincoln,NE,68516,(402) 484-9009,,
HD Medical Aesthetics,"6201 S 58TH ST, STE C",LINCOLN,NE,68516-3678,(531) 229-4048,contact@lincolnhd.com,
Refresh Med Spa LLC,"4131 PIONEER WOODS DR, STE 104",LINCOLN,NE,68506,(402) 499-0496,suzi@refreshmedspa.net,
"Refinery Medical Aesthetics, LLC","2420 SW 17TH ST, STE 150",TOPEKA,KS,66604-2627,(785) 329-3499,sarah@therefinerymed.com,
Ideal Image-Lincoln,"6005 O ST, STE H",LINCOLN,NE,68510-2241,(531) 248-4916,,
Pivot Aesthetics,1016 SW 6TH AVE,TOPEKA,KS,66606-1404,(785) 232-9724,robyn@pivot-aesthetics.com,
BeautyRx,1123 MAIN ST,WOODWARD,OK,73801-3121,(580) 350-3205,BellaDermmed@gmail.com,
Regenerative Health & Wellness Medical Center,209 S Main St,Holly,CO,81047,(719) 635-0144,info@regenerativehealthcenter.com,
Belladerm Med,404 S MAIN ST,SHATTUCK,OK,73858-9205,(580) 350-3205,,
S. Thetics Medspa & Wellbeing,"3510 Clinton Parkway Place, STE 310",Lawrence,KS,66047,(785) 856-8880,shea@greatskin1.com,
Sakoon The Spa,1529 S 203RD ST,OMAHA,NE,68130-2866,(531) 466-8200,info@sakoonthespa.com,
Sonia Sublett Adams APRN-BC Medical Aesthetics,"17525 GOLD PLZ, STE 104",OMAHA,NE,68130-5607,(402) 819-9446,soniasublett@cox.net,
Absolute Medical & Aesthetics,"2302 8TH AVE, STE 4",PLATTSMOUTH,NE,68048-2365,(402) 298-4347,ategels@live.com,
MOD Dermatology,16910 FRANCES ST,OMAHA,NE,68130-2398,(402) 505-8777,alaina@moddermatology.com,
Dreams MedSpa,17617 BURKE ST,OMAHA,NE,68118-2259,(402) 596-4006,jabond@nebraskamed.com,
Schlessinger MD,2802 OAK VIEW DR,OMAHA,NE,68144-5604,(402) 697-1100,AccountsPayable@LovelySkin.com,
"LovelySkin Spa/SchlessingerMD by Joel Schlessinger, MD",2802 Oak View Drive,Omaha,NE,68144,(402) 334-7546,,
LovelySkin Store & Spa,2929 Oak View Drive,Omaha,NE,68144-5623,(402) 697-6565,,
Nicole D Kline,"12100 W Center Rd, Suite 606",Omaha,NE,68144,(712) 310-3907,merakiaestheticbar@gmail.com,
Simply Bliss Med Spa & Wellness,11902 PIERCE PLZ,OMAHA,NE,68144-1607,(402) 502-9868,info@simplyblissmedspa.com,
Kurtz Medical Aesthetics,24585 Highway 59,OREGON,MO,64473-9602,(816) 676-8148,Amanda@kurtzmedical.com,
Elevate Recovery & Medspa,2723 S 87TH ST,OMAHA,NE,68124-3038,(402) 885-8125,emily@elevaterecoverymed.com,
Jennifer Peck,"10916 W DODGE RD, STE 108",OMAHA,NE,68154-2612,(657) 777-0496,hydrafacialbyjen@gmail.com,
"Aesthetic Atelier, P.C",10862 W DODGE RD,OMAHA,NE,68154-2609,(402) 671-0399,ateliermedspaomaha@gmail.com,
Mid City Med Aesthetics,"7205 W CENTER RD, STE 200",OMAHA,NE,68124-2388,(402) 934-5580,info@midcitymedspa.com,
Harmony Med Spa,"6750 MERCY RD, STE 104",OMAHA,NE,68106-2626,(402) 432-1523,aroffice@harmonymedspa.net,
AesthetiCare Medspa - Lenexa,9475 MEADOW VIEW DR,LENEXA,KS,66227,(913) 338-5476,debbie@greatskinkc.com,
W.B. Aesthetics,"4721 W 6TH AVE, STE 120",STILLWATER,OK,74074-1549,(405) 230-3003,,
New Health Med Spa and Wellness Clinic,10098 WOODLAND DR,LENEXA,KS,66220-3802,(913) 839-4083,gwenplattner@newhealthks.com,
Horizon Med Spa and Wellness,"7070 Renner Road, Suite 102",Shawnee,KS,66217,(913) 972-2425,klosik@newhorizoncare.org,
Enhance Wellness Bartlesville,107 SE ADAMS BLVD,BARTLESVILLE,OK,74003-4925,(918) 876-6078,,
University Of Kansas Hospital Authority,"POD C, 7405 RENNER RD",SHAWNEE,KS,66217-9414,(913) 588-6701,accountspayableukhs@kumc.edu,
Elite Aesthetics,"9081 Maurer Court, Suite 8400",Lenexa,KS,66219,(913) 322-6840,sarah@skillett1.com,
Absolute Aesthetics and Wellness,1108 PLATTE FALLS RD,PLATTE CITY,MO,64079-7629,(816) 431-6131,aaw.plattecity@gmail.com,
Belle Vie Beauty and Wellness,"12351 W 96TH TER, APT 207",LENEXA,KS,66215-4410,(816) 918-9270,Misty@Bellevie-bw.com,
Tap Hydration LLC,"320 MCKENZIE AVE, STE 201",COUNCIL BLUFFS,IA,51503-1002,(712) 796-4573,taphydration@outlook.com,
Valerie Saulsbury-Effertz,9906 COLLEGE BLVD,OVERLAND PARK,KS,66210-1756,(913) 345-1181,docfamily81@gmail.com,
Dailey Aesthetics and Hormone Clinic,"6750 ANTIOCH RD, STE 307",OVERLAND PARK,KS,66204-1289,(913) 261-9668,parker@daileyaesthetics.com,
US Dermatology Partners - Overland Park Skin Care Center,7901 W 135TH ST # 200,OVERLAND PARK,KS,66223-1201,(913) 401-2249,ap@usdermpartners.com,
aNu Aesthetics,10090 NW PRAIRIE VIEW RD,KANSAS CITY,MO,64153-1344,(816) 651-6582,jeromy.watkins@anuaesthetics.com,
Ageless Med Spa By Mindy,7440 W 135TH ST,OVERLAND PARK,KS,66223-1211,(913) 602-8007,lauren@agelessbymindy.com,
Bounce Back Health and Wellness,"14884 METCALF AVE, STE 309",OVERLAND PARK,KS,66223-2206,(913) 414-5888,Chiquita.hall@yahoo.com,
Susan Testerman,"7211 NW 83RD ST, STE 201",KANSAS CITY,MO,64152-6022,(816) 482-9000,provider@edenwellnesskc.com,
Blush Aesthetics LLC,15238 BROADMOOR ST,OVERLAND PARK,KS,66223-3137,(816) 282-4409,xiyinghenp@gmail.com,
Skin Affaire Medspa,"5901 NW 63RD TER, Unit 100, STE 114",KANSAS CITY,MO,64151-3559,(816) 608-8665,tiffany@skinaffairemedspa.com,
Clarity Direct Primary Care,8350 N SAINT CLAIR AVE,KANSAS CITY,MO,64151-5100,(816) 203-1431,mcfeeterss@claritydpc.com,
Dermatology Consultants Midwest,"10777 NALL AVE, STE 220",OVERLAND PARK,KS,66211-1359,(913) 469-0110,frontoffice@dermcomw.com,
Suzanne Elton MD,"10701 NALL AVE, STE 200",OVERLAND PARK,KS,66211-1358,(913) 381-5225,suzanneelton@hotmail.com,
Ash-thetics Concierge Medical Aesthetics,"11401 Nall Ave, ste 218",LEAWOOD,KS,66211-2053,(913) 717-5965,ashleypratt@icloud.com,
Regain Functional Medicine + Aesthetics,"11100 ASH ST, STE 210",LEAWOOD,KS,66211-1734,(913) 291-8555,Kathy.Gaumer@gmail.com,
Look Med Spas,5037 W 119TH ST,OVERLAND PARK,KS,66209-1526,(913) 456-5665,LB@Lookmedspas.com,
FACE Leawood,4950 W 135TH ST,LEAWOOD,KS,66224-8900,(913) 608-8223,drlauren@faceleawood.com,
Bloom a Skincare Studio,4600 W 90TH TER,PRAIRIE VILLAGE,KS,66207-2341,(913) 707-0652,hrmuther@gmail.com,
4EVERYOUNG Anti Aging Solutions,11810 ROE AVE,LEAWOOD,KS,66211-2606,(913) 320-4442,barryk@4everyoungleawood.com,
Monarch Plastic Surgery and Skin Rejuvenation,4801 W 135TH ST,LEAWOOD,KS,66224-8901,(913) 663-3838,mhaggerty@monarchps.com,
"PMP Kansas, LL DBA Mirabile M.D. Medspa and OB/GYN","4550 W 109TH ST, STE 130",OVERLAND PARK,KS,66211-1354,(913) 888-7546,accounting@princetonmedspapartners.com,
US Dermatology Partners - Leawood Skin Care Center,11550 GRANADA ST # 200,LEAWOOD,KS,66211-1453,(913) 754-4949,ap@usdermpartners.com,
Associated Plastic Surgeons,11501 GRANADA ST,LEAWOOD,KS,66211-1454,(913) 225-8335,accountspayable@apskc.com,
Sopra Salon and Med Spa,4071 W 83RD ST,PRAIRIE VILLAGE,KS,66208-5301,(913) 709-3948,soprasalonmanager@gmail.com,
Mid American Medspa,"3800 W 75TH ST, STE 9",PRAIRIE VILLAGE,KS,66208-4120,(816) 516-6777,,
"Joseph R. Barnthouse MD, P.C.","1010 CARONDELET DR, STE 401",KANSAS CITY,MO,64114-4824,(816) 943-8004,adrienne@jbarnthousemd.com,
Plaza Aesthetics and Wellness,"4600 Madison, Suite 120",Kansas City,MO,64112,(816) 463-4440,drbotros@plazamedicalspa.com,
Cosmetic Physician Partners CPP - Fulfillment Center,"9225 Ward Pkwy, STE 110",Kansas City,MO,64114,(615) 663-1574,,
AesthetiCare Medspa,"9225 WARD PKWY, STE 200",KANSAS CITY,MO,64114-3324,(816) 326-7207,lydia@greatskinkc.com,
Georgous Aesthetic Bar,4505 MADISON AVE,KANSAS CITY,MO,64111-3509,(816) 207-3752,ap@empower.spa,
The Grove Spa,328 W 63RD ST,KANSAS CITY,MO,64113-1604,(816) 834-9100,tsciara@thegrovespa.com,
Hollyday Med Spa,1 E GREGORY BLVD,KANSAS CITY,MO,64114-1117,(816) 333-4430,hollydayinc@gmail.com,
Treat Skin And Body,105 E GREGORY BLVD,KANSAS CITY,MO,64114-1119,(816) 668-8963,chrissy@treatkc.com,
aNu Aesthetics and Optimal Wellness River Market,547 Grand Blvd,Kansas City,MO,64106,(816) 359-3310,,
Bella Derma Medical Spa,"9501 N OAK TRFY, STE 280",KANSAS CITY,MO,64155-3137,(816) 262-9334,info@belladermakc.com,
The Epigenetics Healing Center,"800 E 101ST TER, STE 100",KANSAS CITY,MO,64131-5308,(816) 673-1230,dr.goodbinder@gmail.com,
Face KC Medical Spa,8006 N BRIGHTON AVE,KANSAS CITY,MO,64119-1411,(816) 226-7275,nikky.facekcmedspa@gmail.com,
SR Aesthetics LLC,"LOCATED INSIDE THE BEAUTY LOUNGE KC, 8630 NE 85TH ST",KANSAS CITY,MO,64157,(417) 429-5850,smryan1021@me.com,
Aestheticare North LLC,6 Victory Lane,Liberty,MO,64068,(816) 429-6689,frani@greatskinkc.com,
Cornerstone Dermatology and Surgery Group,601 NW OBRIEN RD,LEES SUMMIT,MO,64063-1806,(816) 287-1528,sbush@cornerstonedermatology.com,
Honey B Aesthetics,"410 SE 3rd St, Suite 107C",Lee's Summit,MO,64063,(816) 223-7793,aestheticshoneyb@gmail.com,
Karma Beauty and Wellness,"620 SE MO 291, Suite 101",Lees Summit,MO,64063,(816) 510-8254,Lenae@karmabeautyandwellness.com,
US Dermatology Partners - Lee's Summit,"3265 NE RALPH POWELL RD, STE 200",LEES SUMMIT,MO,64064-2301,(816) 524-9313,ap@usdermpartners.com,
Portrait Spa - Tulsa,"8301 E 51ST ST, STE 115",TULSA,OK,74145-9014,(858) 293-1152,,
Clinical Aesthetics of Tulsa,"7707 E 111TH ST, STE 100",TULSA,OK,74133-2555,(918) 970-4995,susan@caotulsa.com,
Maningas Cosmetic Surgery,"620 W 32ND ST, STE B",JOPLIN,MO,64804-2528,(417) 216-6493,dallas@mcosmeticsurgery.com,
"Dahlia Aesthetics by WHA, LLC","601 SW REGIONAL AIRPORT BLVD, STE 7",BENTONVILLE,AR,72713-9256,(479) 268-4447,tammy.taylor@wharkansas.com,
Premier Aesthetics,"901 SE PLAZA AVE, STE 5",BENTONVILLE,AR,72712-5473,(479) 273-3376,sfast@premierderm.net,
Voxy Aesthetics,"5309 W VILLAGE PKWY, STE 3",ROGERS,AR,72758-8129,(479) 274-8454,,
Prism Aesthetics,"5001 W PAULINE WHITAKER PKWY, STE 115",ROGERS,AR,72758-7341,(479) 301-5985,fabiola@prismaestheticsllc.com,
Swetnam Cosmetic Surgery,"3623 JOHNSON MILL BLVD, STE 203",SPRINGDALE,AR,72762-6413,(479) 966-4174,,
True Dermatology,1651 E STEARNS ST,FAYETTEVILLE,AR,72703-6245,(479) 876-8550,Mfiore@truederm.com,
The Skin Renewal Center at Premier Dermatology at E Stearns Street,"1651 E STEARNS ST, STE 110",FAYETTEVILLE,AR,72703-6196,,,
Embody Plastic Surgery + Spa,"1888 ANTILLEY RD, STE 100",ABILENE,TX,79606-1311,(325) 670-6230,jdgonzales@hendrickhealth.org,
Kacey Lowery Aesthetics,"Located inside Luxury Aesthetics, 2301 NW Loop   Ste. 103",Stephenville,TX,76401,(817) 736-9976,,
Radiant Aesthetics,1101 Brook Ave,Wichita Falls,TX,76301,(940) 228-7573,,
Aesthetic Alchemy Medical + Wellness Spa,10905 QUAKER AVE,LUBBOCK,TX,79424-8315,(806) 722-9855,heidimjeffreys@me.com,
Rich Medical Aesthetics,4517 SANTA ROSA DR,MIDLAND,TX,79707-2260,(432) 233-1965,,
Aledo Empowered Wellness,213 OLD ANNETTA RD,ALEDO,TX,76008-4455,(817) 646-8935,,
Kayo Aesthetics,"5924 CONVAIR DR RM 6, STE 444",FORT WORTH,TX,76109-1274,(817) 717-5117,shyanne@kayoaesthetics.com,
Westside Plastic Surgery,"3416 LOVELL AVE, STE 110",FORT WORTH,TX,76107-5721,(817) 961-1950,Dwallace@westsideplasticsurgery.com,
Oasis Med Spa,"715 West Bailey Boswell Rd., Ste. 100",Fort Worth,TX,76179,(817) 682-7235,taylor@oasis-medspa.com,
SkinSpirit - Fort Worth,"629 STAYTON ST, STE 147",FORT WORTH,TX,76107-2862,(682) 647-5300,accountspayable@skinspirit.com,
Belle Visage Medical Aesthetics,"509 SW WILSHIRE BLVD, STE A",BURLESON,TX,76028-5333,(817) 720-6320,ap@skintypesolutions.com,
Naked MD Ft Worth,"1307 8TH AVE, STE 101",FORT WORTH,TX,76104-4141,(888) 747-0888,rpa@nakedmd.com,
Amy Robbins,"1307 8TH AVE, STE 404",FORT WORTH,TX,76104-4140,(817) 675-2292,amy.robbins78@gmail.com,
Old Town Medspa,"225 W ELLISON ST, STE 109",BURLESON,TX,76028-4756,(817) 980-6021,mack@otmedspa.com,
Orange Twist - Alliance Town Center,"3062 TEXAS SAGE TRL, STE 4100",FORT WORTH,TX,76177-8589,(682) 204-3016,accounting@orangetwist.com,
MJD Effects LLC DBA Hidden Door MedSpa,"9734 N BEACH ST, STE 100",FORT WORTH,TX,76244-6185,(817) 379-9937,ashleigh@hiddendoorspa.com,
ITS A SECRET MED SPA - Fort Worth--Alliance,"4560 HERITAGE TRACE PKWY, STE 100",FORT WORTH,TX,76244-8952,(469) 639-2011,purchasing@secretmedspa.com,
Lilies MediSpa,"4255 PLEASANTVIEW DR, UNIT 210",ARLINGTON,TX,76016-4308,(817) 793-7007,,
SKINWERX,"7911 Valcasi Dr., Ste. 200",Arlington,TX,76001,(817) 765-7546,,
Lakeside Aesthetics and Skincare,"100 BUNNY RUN LN, STE 205",HORSESHOE BAY,TX,78657-6189,(830) 265-6400,info@lakesideskin.com,
Skin Elite Group LLC,1264 HARWOOD RD,BEDFORD,TX,76021-4267,(888) 400-4472,Ianherrod@gmail.com,
Facial Plastic Surgery Institute - Southlake,"521 W SOUTHLAKE BLVD, STE 175",SOUTHLAKE,TX,76092-6175,(817) 529-3232,info@facialplasticsurgeryinstitute.com,
The Aesthetics Society,"261 E SOUTHLAKE BLVD, STE 100",SOUTHLAKE,TX,76092-6263,(817) 500-0557,stacy@theaestheticssociety.com,
Live Young Wellness Spa - Argyle,"250 US-377 N, Unit 125",Argyle,TX,76226,(469) 363-3282,Tatiana.lucy@liveyoungwellness.com,
Roman Family Practice,"2030 HEIGHTS DR, STE 3",HARKER HEIGHTS,TX,76548-2185,(254) 554-8668,fnpcecilia@gmail.com,
Evexias Medical Centers - Southlake,"920 S KIMBALL AVE, STE 100",SOUTHLAKE,TX,76092-9019,(817) 328-8376,Finance@evexiasmedical.com,
Corinthian Medspa,"1251 E SOUTHLAKE BLVD, STE 345",SOUTHLAKE,TX,76092-6478,(817) 416-9366,cwsretail@yahoo.com,
Amor Propio Aesthetic Surgery,"1900 E STATE HIGHWAY 114, STE 140",SOUTHLAKE,TX,76092-6510,(469) 293-2533,genbiz@apaesthetics.com,
Magnolia Med Spa,"2111 KIRKWOOD BLVD, STE 110",SOUTHLAKE,TX,76092-1461,(817) 329-0102,,
Wow Cosmetic Surgery Institute,"5400 HIGHWAY 121, STE 102",COLLEYVILLE,TX,76034-5902,(430) 333-5969,PremPatelMD@gmail.com,
Dermasurgery Specialist PLLC,"2020 W STATE HIGHWAY 114, STE 340",GRAPEVINE,TX,76051-8650,(817) 410-7700,drmomin@dfwmohs.com,
Composure Aesthetics,220 E SYCAMORE ST,DENTON,TX,76201-6114,(940) 383-4400,Kara@composuredfw.com,
Orange Twist - Highland Village,"1101 SHOAL CRK, STE 120",HIGHLAND VILLAGE,TX,75077-3245,(940) 248-4932,accounting@orangetwist.com,
"Face It Skincare, LLC","3020 BROADMOOR LN, STE 450",FLOWER MOUND,TX,75022-5907,(940) 300-6210,dudley.kim@gmail.com,
Aesthetics 2 a T,"5801 Long Prairie Rd. #600, Ste. 8",Flower Mound,TX,75028,(214) 505-8028,aesthetics2at@gmail.com,
VIO Med Spa Flower Mound,"2701 CROSS TIMBERS RD, STE 224",FLOWER MOUND,TX,75028-2779,(214) 222-5823,noreply@medvelle.com,
Escala Aesthetics MedSpa,"411 N 8TH ST, STE 200",MIDLOTHIAN,TX,76065-2619,(469) 209-5290,darci@escalaaesthetics.com,
Brazos Eye Surgery of TX,201 LONDONDERRY DR,WACO,TX,76712-7931,(254) 772-4499,btswann@brazoseye.com,
"Health Focus 360, P.A.","318 RICHLAND WEST CIR, STE B",WACO,TX,76712-7912,(254) 776-8009,,
Waco Medical Laser & Skincare,"318 RICHLAND WEST CIR, STE B",WACO,TX,76712-7912,(254) 776-8009,wacolaser@yahoo.com,
Kairos Aesthetic Medicine,"1701 W ROYAL LN, STE 101",IRVING,TX,75063-3209,(972) 236-7523,info@kairosaestheticmedicine.com,
Adam Sewell MD - Longevity Texas,405 STATE HIGHWAY 121 BYP,LEWISVILLE,TX,75067-8214,(817) 601-7773,contact@longevitytexas.com,
Blissfusion Centex,401 E 6TH AVE,BELTON,TX,76513-2667,(254) 677-9002,info@blissfusionbelton.com,
830 Wellness,"2210 BANDERA HWY, STE C2",KERRVILLE,TX,78028-6609,(830) 208-0588,hello@830wellness.com,
It's A Secret Med Spa - Corporate Ship To,"104 DECKER CT, STE 200",IRVING,TX,75062-2750,(469) 639-2011,purchasing@secretmedspa.com,
It's A Secret Medspa,"104 DECKER CT, STE 200",IRVING,TX,75062-2750,,,
Serenity Medspa & Wellness Center,"2814 W. Loop 340, Suite #4, Bldg H-I",Waco,TX,76711,(254) 265-6510,ronda@serenitywaco.com,
Bare Dermatology - Gainesville,"834 US-82, Ste 102",Gainesville,TX,76240,(940) 294-7302,chalpin@barederm.com,
Revive Aesthetics & Wellness,"1002 LEGACY RANCH RD, STE 102",WAXAHACHIE,TX,75165-1293,(214) 463-5225,contact@reviveclinictx.com,
Refreshingly New,"1580 JOHN ARDEN DR, STE 100",WAXAHACHIE,TX,75165-2483,(972) 737-1456,ashley@refreshinglynew.com,
DFW Concierge MD,"3450 FOREST LN, STE 110",DALLAS,TX,75234-7714,(817) 813-1678,nsspi786@gmail.com,
Elite Contours,4400 STATE HIGHWAY 121,LEWISVILLE,TX,75056-4561,(682) 500-9981,info@elitecontours-dfw.com,
Just Injected LLC,"2515 INWOOD RD UNIT 402, STE 201",DALLAS,TX,75235-7443,(469) 317-0555,justinelewis@justinjected.com,
"Advanced Aesthetics, The Med Spa Dallas","4560 W MOCKINGBIRD LN, STE 124",DALLAS,TX,75209-5204,(214) 352-8800,advancedaestheticsdallastx@gmail.com,
Skinfinity,4703 W LOVERS LN,DALLAS,TX,75209-3135,(469) 735-0806,kendra@skinfinitydallas.com,
Live Young Wellness - Prosper,"26875 US HIGHWAY 380 E, STE 116",AUBREY,TX,76227-4807,(214) 763-6473,donna.mansfield@liveyoungwellness.com,
Lucia Silva Corp.,"5460 W LOVERS LN, STE 238",DALLAS,TX,75209-4288,(214) 350-8898,lusilva33@gmail.com,
Advanced MedAesthetic Partners - Dallas Office,"2001 N LAMAR ST, STE 300",DALLAS,TX,75202-1743,(504) 235-3994,invoices@weramp.com,
US Dermatology Partners - eCommerce,"5310 HARVEST HILL RD, STE 290",DALLAS,TX,75230-5826,(214) 420-0650,usdermpartners_invoicecapture@concursolutions.com,
Vida Bela Plastic Surgery,"3108 MIDWAY RD, STE 102",PLANO,TX,75093-1614,(469) 598-2400,chsnider@gmail.com,
Formula Wellness Center - West Village,"WEST VILLAGE, 3600 MCKINNEY AVE STE 100",DALLAS,TX,75204-1437,(214) 432-5700,purchasing@formulawellnesscenter.com,
Beverly Hills Rejuvenation Center,8315 PRESTON RD,DALLAS,TX,75225-5510,(469) 914-6052,infohighlandpark@bhrcdallas.com,
Skinspirit - West Village,"3636 MCKINNEY AVE, STE 170",DALLAS,TX,75204-1490,(206) 829-1026,accountspayable@skinspirit.com,
Platinum Dermatology Dallas Assoc Derm,"10711 PRESTON RD, STE 100",DALLAS,TX,75230-3805,(214) 987-3376,ap@platinumderm.com,
Platinum Dermatology Dallas Assoc Derm,"10711 PRESTON RD, STE 100",DALLAS,TX,75230-3805,(214) 987-3376,ap@platinumderm.com,
Dauwe Plastic Surgery,10707 PRESTON RD,DALLAS,TX,75230-3806,(214) 821-6580,emily@dauweplasticsurgery.com,
One 2 Wellness,"3060 COMMUNICATIONS PKWY STE 104, STE 104",PLANO,TX,75093-1625,(469) 630-8581,info@one2wellness.com,
Self Aesthetics + Wellness,"1464 E WHITESTONE BLVD, STE 1701",CEDAR PARK,TX,78613-9075,(512) 585-3272,dara@selfatx.com,
Total Med Solutions,"6101 WINDCOM CT, STE 310",PLANO,TX,75093-7847,(214) 987-9200,rmittal@totalmedsolutions.com,
Clear Allergy Immunology Laser Center,"5904 CHAPEL HILL BLVD, STE 103",PLANO,TX,75093-5910,(972) 473-2532,Clearallergycenter@gmail.com,
Geneva Med Spa,"3535 VICTORY GROUP WAY, STE 505",FRISCO,TX,75034-6732,(469) 403-8883,Info@genevamedspa.com,
Plastic Surgery Center of Dallas,"6190 LYNDON B JOHNSON FWY, STE 500S",DALLAS,TX,75240-6344,(972) 661-5077,info@cosmeticsurgerydallas.com,
Kelling Plastic Surgery,"BARNETT TOWER SUITE 410, 3600 GASTON AVE",DALLAS,TX,75246-1800,(214) 827-2530,jkelling@kellingmd.com,
The Aesthetic Edit ATX,"700 MARKET ST, STE 206",CEDAR PARK,TX,78613-2684,(512) 986-7077,,
Orange Twist - Mockingbird Station,"5331 E MOCKINGBIRD LN, STE 130",DALLAS,TX,75206-5132,(972) 430-8181,accounting@orangetwist.com,
Formula Wellness Frisco,"6765 Winning Drive, Ste 820",Frisco,TX,75034,(214) 932-9443,purchasing@formulawellnesscenter.com,
TriCelX Star,"3800 GAYLORD PKWY, STE 1170",FRISCO,TX,75034-9416,(970) 471-3043,castle@tricelx.com,
North Texas Plastic Surgery - Frisco,"5858 MAIN ST, STE 280",FRISCO,TX,75033-4104,(817) 416-8080,melanie@northtexasps.com,
MOOV Health and Wellness - Frisco,6009 MAIN ST,FRISCO,TX,75034-3204,(214) 310-0018,invoices@vituity.coupahost.com,
Portrait Spa - Marlow,"121 S. Broadway, STE B",Marlow,OK,73055,(858) 293-1152,,
Rod J Rohrich MD,"9101 N CENTRAL EXPY, STE 600",DALLAS,TX,75231-5956,(214) 821-9114,david.weir@dpsi.org,
Bare Dermatology Dallas,"9201 N CENTRAL EXPY, STE 120",DALLAS,TX,75231-6001,(214) 851-3770,accounting@barederm.com,
Bare Dermatology Frisco,"12850 DALLAS PKWY, STE 300",FRISCO,TX,75033-0844,(469) 240-9127,chalpin@barederm.com,
Relevance Total Health,"3880 PARKWOOD BLVD, STE 103",FRISCO,TX,75034-1929,(972) 377-7800,drjwade@msn.com,
SkinSpirit - Plano,"2401 Preston Road, Suite F",Plano,TX,75093,(206) 829-1026,accountspayable@skinspirit.com,
Laser and Glow - Dallas,"10300 N CENTRAL EXPY, STE 105",DALLAS,TX,75231-8667,(469) 991-2500,laserandglowdallas@gmail.com,
Luminous Med Spa,2412 PRESTON RD,PLANO,TX,75093-2304,(646) 612-7575,noreply@medvelle.com,
US Dermatology Partners - Plano,"5030 TENNYSON PKWY, STE 100",PLANO,TX,75024-3397,(972) 985-9003,UsDermPartners_InvoiceCapture@concursolutions.com,
Warthan Dermatology Dallas PLLC,"12222 COIT RD, STE 200",DALLAS,TX,75251-2302,(214) 760-3007,warthanamirderm@gmail.com,
Le Beau Visage,"3685 PRESTON RD, STE 129",FRISCO,TX,75034-9502,(214) 856-8447,info@lbvmedspa.com,
NKMD MGMT LLC dba Naked MD - Dallas,"12228 N CENTRAL EXPY, STE 340",DALLAS,TX,75243-3779,(888) 747-0888,accountspayable@nakedmd.com,
Absolutely Fabulous Spa,"8765 STOCKARD DR, STE 903",FRISCO,TX,75034-8011,(469) 731-1046,amanda@absolutelyfabspa.com,
PhyNet Dermatology - eCommerce - MyDermSpot,"8230 WALNUT HILL LN, STE 500ECOMM",DALLAS,TX,75231-4435,(615) 224-7755,,
Elevate Med Spa,"8230 WALNUT HILL LN BLDG 3, STE 820",DALLAS,TX,75231-4491,(214) 696-9193,contact@elevatemedicalspa.com,
Gregg M Anigian,"8220 WALNUT HILL LN, STE 108",DALLAS,TX,75231-4406,(214) 369-0006,rhonda@dallasplasticsurgery.com,
Element Body Lab,"8330 MEADOW RD, STE 201",DALLAS,TX,75231-0315,(214) 897-3006,jessie@elementbodylab.com,
Platinum Dermatology Dallas Assoc Derm Plano,"7000 PRESTON RD, STE 500",PLANO,TX,75024-2573,(214) 987-3376,ap@platinumderm.com,
Baylor Scott & White Plastic Surgery,"425 UNIVERSITY BLVD FL 3, Suite 325",ROUND ROCK,TX,78665-1047,(512) 509-3963,david.ramos@bswhealth.org,
Plastic Surgery of Austin,"312 MEDICAL PKWY, BLDG E",LAKEWAY,TX,78738-5627,(512) 666-8376,howdy@plasticsurgeryofatx.com,
Platinum Derm Innovative Independ Pkwy,"8080 Independence Pkwy, Suite 150",Plano,TX,75025,(469) 516-2422,ap@platinumderm.com,
Elite Total Wellness,"130 N PRESTON RD, STE 329",PROSPER,TX,75078-3188,(469) 915-5069,,
It's A Secret Med Spa - Prosper,"2200 E PROSPER TRL, STE 30",PROSPER,TX,75078-2783,(214) 563-4366,purchasing@secretmedspa.co,
The Beauty Social,"3721 S STONEBRIDGE DR, UNIT 403",MCKINNEY,TX,75070-0233,(469) 248-5920,,
Live Young Wellness Spa - Allen,"820 S ALMA DR, STE 130",ALLEN,TX,75013-3812,(945) 215-7700,lauren.beasley@liveyoungwellness.com,
Orange Twist - McKinney - West Grove,"BUILDING D SUITE 150, 8701 W UNIVERSITY DR",MCKINNEY,TX,75071,(214) 831-8556,,
Regional Plastic Surgery Center and Spa,"3201 E PRESIDENT GEORGE BUSH HWY, STE 105",RICHARDSON,TX,75082-3565,(972) 470-5012,ifarap@arsahealth.com,
"Elite Derma, LLC","5850 COLLIN MCKINNEY PKWY, STE 504",MCKINNEY,TX,75070-5106,(214) 856-4085,wellness@elitederma.com,
Bare Dermatology - Allen,"977 RAINTREE CIR, STE 120",ALLEN,TX,75013-5024,(972) 666-0636,CHalpin@barederm.com,
Skinspirit - North Austin,"9607 RESEARCH BLVD, STE 110",AUSTIN,TX,78759-6582,(512) 254-3220,accountspayable@skinspirit.com,
Johnny U Franco MD PA,10622 BURNET RD,AUSTIN,TX,78758-4479,(512) 334-9917,sarah.v@morebeautifulyou.com,
Bella Grace Aesthetics,"14101 W HIGHWAY, STE 500B",AUSTIN,TX,78737-9338,115122719,,
Sanova Dermatology  Management - Pflugerville,"1601 E PFLUGERVILLE PKWY, STE 1201",PFLUGERVILLE,TX,78660-6148,(512) 252-3700,AP@docsdermgroup.com,
VIO Med Spa McKinney,"2110 ELDORADO PKWY, STE 106",MCKINNEY,TX,75070-4307,(945) 280-4846,McKinneymgr@viomedspa.com,
Optimal Wellness & Aesthetics,"2015 W BROADWAY ST, STE 2B",ARDMORE,OK,73401-2560,(580) 319-5555,optimalwellnessa@gmail.com,
Skinspirit -West Lake Hills,"3300 BEE CAVES RD, STE 290",AUSTIN,TX,78746-6660,(430) 208-8990,accountspayable@skinspirit.com,
Test Customer for flow,"1216 Arch, 6th Floor",New York,TX,78753,(212) 203-9634,,
Naked MD - Austin,"1600 W 38TH ST, STE 312",AUSTIN,TX,78731-6406,(737) 359-8186,accountspayable@nakedmd.com,
360 Plastic Surgery,4004 Marathon Blvd,Austin,TX,78756,(512) 831-5560,drchikeobi@360plasticsurgery.com,
Blur Med Spa,"2765 BEE CAVES RD, STE 205",AUSTIN,TX,78746-5994,(512) 468-0357,karen@blurmedspa.com,
RevIV Aesthetics and Wellness,6951 S MICHIGAN ST,THREE LAKES,WI,54562-9281,(715) 546-2026,marcydavies@revivthreelakes.com,
SB Aesthetics and Wellness,2807 N BALLARD RD,APPLETON,WI,54911-8701,(920) 512-8822,ap@skintypesolutions.com,
Mauve Medical Aesthetics,"93 S PIONEER RD, STE 100",FOND DU LAC,WI,54935-3802,(920) 326-1275,hello@mauvemed.com,
Quintessa Aesthetics Center - Sheboygan,"2124 KOHLER MEMORIAL DR, STE 105",SHEBOYGAN,WI,53081-3174,(262) 303-4876,michellem@myquintessa.com,
Skin Sense,"2115 E CLAIREMONT AVE, STE 4",EAU CLAIRE,WI,54701-4761,(715) 514-2672,SM_KROGMAN@YAHOO.COM,
LOURE Aesthetics,"1001 ARBORETUM DR, STE 139",WAUNAKEE,WI,53597-2674,(608) 886-0022,ap@skintypesolutions.com,
QUINTESSA Aesthetic Center- Middleton,"6720 FRANK LLOYD WRIGHT AVE, STE 103",MIDDLETON,WI,53562-1753,60841345916083445429,ap@myquintessa.com,
SSM HEALTH AESTHETIC CENTER,"2275 DEMING WAY, STE 240",MIDDLETON,WI,53562-5527,(608) 821-4020,MICHELE.LAYNE@SSMHEALTH.COM,
Quintessa Mequon,10604 N PORT WASHINGTON RD,MEQUON,WI,53092-5013,(262) 303-4876,michellem@myquintessa.com,
Quintessa Aesthetics Center-Delafield,"W307N1497 GOLF RD, STE 201",DELAFIELD,WI,53018-2112,(262) 303-4876,ap@myquintessa.com,
Visage Facial Plastic Surgery SC,"N14 W23800 Stone Ridge Dr, #320",Waukesha,WI,53188,,info@visageface.com,
QUINTESSA Aesthetic Center - Brookfield,13785 W NORTH AVE,BROOKFIELD,WI,53005-4972,(262) 303-4876,ap@myquintessa.com,
HIGHLANDER DERMATOLOGY,"16650 W BLUEMOUND RD, STE 600",BROOKFIELD,WI,53005-5920,(262) 290-4540,highlanderdermatology@gmail.com,
BEAUTY SHOT MEDSPA LLC,9814D W. Forest Home Avenue,Hales Corner,WI,53130,(414) 499-2870,,
Amar MedSpa,"10500 W LOOMIS RD, STE 100",FRANKLIN,WI,53132-8030,(414) 235-3684,medspawork@gmail.com,
Venustas Immortalis,701 S JANESVILLE ST,MILTON,WI,53563-1775,(608) 618-6370,vimmortalis8@gmail.com,
Leithauser Skin Institute,5199 N ROYAL DR,TRAVERSE CITY,MI,49684-9201,(231) 486-0230,orders@tcskinsurgery.com,
Cosmetic Skin & Laser Center - Traverse City,3529 W FRONT ST,TRAVERSE CITY,MI,49684-7484,(231) 347-7395,shannon@cslcbeauty.com,
Skin Glow Med Spa,501 COMMERCIAL CT,LAKE GENEVA,WI,53147-4564,(262) 325-0423,Skinglowmedspa.wi@gmail.com,
Medical Grade Aesthetics,"136 W GRAND AVE, STE 101",BELOIT,WI,53511-6259,(608) 856-6180,ap@skintypesolutions.com,
H2Hydro Medi Spa,"7137 236TH AVE, STE 106",SALEM,WI,53168-8975,(262) 558-5995,clientcare@h2hydromedispa.com,
Forefront Dermatology - Pleasant Prairie,"8501 75TH ST, STE J",KENOSHA,WI,53142-7602,(262) 697-8030,AP@Forefrontderm.com,
Revive 815,5304 WILLIAMS DR,ROSCOE,IL,61073-7320,(815) 623-0223,rachael@revive815.net,
Forefront Dermatology Hudson,"1610 MAXWELL DR, STE 210",HUDSON,WI,54016-4004,,AP@forefrontderm.com,
Rogers Dermatology,1404 BRIDGE ST,CHARLEVOIX,MI,49720-2603,(231) 497-1272,ahuva@rogersdermatology.com,
Mayo Foundation For Medical Education and Research,"GONDA BUILDING 12-220, 200 FIRST ST SW",ROCHESTER,MN,55905-0001,,invoicerequests@mayo.edu,
Medspa Divine,"3135 SUPERIOR DR NW, STE C",ROCHESTER,MN,55901-2964,(507) 258-6553,medspadivine.md@gmail.com,
Mayo Clinic Medical Foundation - eCommerce,4165 Highway 14 West,Rochester,MN,55901,(507) 422-6887,invoicerequests@mayo.edu,
Forefront Dermatology - Grayslake,"1170 E BELVIDERE RD, STE 206",GRAYSLAKE,IL,60030-2076,(224) 541-8120,AP@Forefrontderm.com,
Hive Infusion Spa,"821 E GRANT HWY, STE E",MARENGO,IL,60152-3445,(815) 991-4483,nancy@hiveinfusionspa.com,
Great Lakes Medical Spa,113 W SAVIDGE ST,SPRING LAKE,MI,49456-1715,(616) 209-8442,timelessyou@greatlakesmedicalspa.com,
Lake County Plastic Surgery,1268 AMERICAN WAY,LIBERTYVILLE,IL,60048-3936,(847) 968-2401,info@lc-plasticsurgery.com,
Venustas Immortalis,"805 CENTURY DR, STE 6",DUBUQUE,IA,52002-3771,(608) 618-6370,VI@VIbeauty.org,
Givens MD Facial Plastics | Aesthetics,535 CEDAR CROSS RD,DUBUQUE,IA,52003-7704,(563) 239-9039,knapp.katie@gmail.com,
Artistry Aesthetics LLC,"25 LAKE ST N, STE 140",FOREST LAKE,MN,55025-2536,(763) 772-4468,corinaduranrn@gmail.com,
Aesthetic Wellness Center,101 N WAUKEGAN RD,LAKE BLUFF,IL,60044-1686,(248) 921-4938,Angelalutes@ymail.com,
"NorthShore Dermatology Center, SC",925 SHERWOOD DR,LAKE BLUFF,IL,60044-2203,(847) 234-1177,javier@ylift.com,
Northwestern-Lake Forest Hospital-Plastic Reconstructive Surgery,"1000 N WESTMORELAND RD, FL 2",LAKE FOREST,IL,60045-1658,(224) 271-4250,apinvoice.nm@email.basware.com,
Regency Medical Spa,304 FOX GLEN CT,BARRINGTON,IL,60010-1818,(847) 348-6425,regencymedicalspabarrington@gmail.com,
Cosmetic Skin & Laser Center - Petoskey,116 W MITCHELL ST,PETOSKEY,MI,49770-2357,(231) 347-7395,shannon@cslcbeauty.com,
"Northwestern Medicine Plastic, Reconstruction & Aesthetic Medicine",1465 COMMERCE DR,ALGONQUIN,IL,60102-5916,(847) 854-3522,apinvoice.nm@email.basware.com,
PINNACLE DERMATOLOGY - Barrington,738 W NORTHWEST HWY,BARRINGTON,IL,60010-2640,(615) 236-2125,apinquiry@pinnacleskin.com,
"Concierge Aesthetics and Plastic Surgery - Barrington, Naperville, Chicago, Geneva, and Northbrook",135 PARK AVE,BARRINGTON,IL,60010-4370,(630) 283-8697,deanna@conciergemedspa.com,
Images Med Spa - Deer Park,"20530 N RAND RD, STE 132",DEER PARK,IL,60010-7240,(847) 960-5052,accounting@elase.com,
Perlis Med Spa and Wellness Center,"1780 GREEN BAY RD, STE 204",HIGHLAND PARK,IL,60035-3276,(847) 295-5997,stan@perliswellnesscenter.com,
Rare Aesthetics,"999 W MAIN ST, STE 100",DUNDEE,IL,60118-2082,(847) 428-4668,,
Tareen Dermatology,"2720 FAIRVIEW AVE N, STE 200",ROSEVILLE,MN,55113-1306,(651) 633-6883,accountspayable@tareendermatology.com,
VIO MEDSPA - DEERFIELD,"740 WAUKEGAN RD, STE 112",DEERFIELD,IL,60015-4483,(224) 533-1100,noreply@medvelle.com,
North Shore Center For Plastic Surgery,"1535 LAKE COOK RD, STE 201",NORTHBROOK,IL,60062-1451,(847) 291-3200,drsweis@northshoresurgery.com,
Derm Collective North Shore,"40 SKOKIE BLVD, STE 500",NORTHBROOK,IL,60062-1618,(224) 282-7800,admin@thedermcollectivenorthshore.com,
DermaLuxe Aesthetics,"666 DUNDEE RD, STE 1904",NORTHBROOK,IL,60062-2739,(847) 513-9153,info@dermaluxeaesthetics.com,
Haevum Aesthetics Atelier,"1310 SHERMER RD, STE 200",NORTHBROOK,IL,60062-4549,(224) 203-2414,management@haevum.com,
Renew MedSpa,"2121 CLIFF DR, STE 115",EAGAN,MN,55122-3335,(952) 212-1268,julie.davis@renewmedspamn.com,
Skinfo Specialty Skincare Boutique - Glencoe - Forefront Management LLC,716 VERNON AVE,GLENCOE,IL,60022-1531,(847) 459-2800,AP@forefrontderm.com,
GQ Injections LLC,91 RANDHURST VILLAGE DR,MOUNT PROSPECT,IL,60056-1146,(773) 817-0295,gcappoferri@yahoo.com,
Renewal Skin Spa - Holland,"12662 Riley St, Ste 110",Holland,MI,49424,(616) 535-7546,accountspayable@theskincentermd.com,
Essenza Health,2628 PATRIOT BLVD,GLENVIEW,IL,60026-8024,(847) 386-7590,Jackie.frydman@essenzahealth.org,
Associated Plastic Surgeons SC,"880 W CENTRAL RD, STE 6100",ARLINGTON HEIGHTS,IL,60005-2378,(847) 398-1660,jennifer@bodysculptor.com,
Face Works Plastic Surgery,"501 W GOLF RD, STE A",SCHAUMBURG,IL,60195-3502,(847) 423-5100,ch.solutions@yahoo.com,
Body Aesthetics,"140 BIRCH ST N, STE 104",CAMBRIDGE,MN,55008-1547,(763) 710-0976,javier@ylift.com,
TC Aesthetic Spa,328 W FRONTAGE RD,NORTHFIELD,IL,60093-3446,(847) 209-5309,Tcamberis@gmail.com,
Trio Med Spa,200 NORTHFIELD RD,NORTHFIELD,IL,60093-3312,(224) 255-6404,aburton@triomedspa.com,
Art of Injections,1415 W 35TH ST,MINNEAPOLIS,MN,55408-4593,(651) 278-9578,jen@artofinjections.com,
"Face by Kate, LLC","81 S MCLEAN BLVD, STE F",SOUTH ELGIN,IL,60177-1833,(708) 288-4365,facebykatellc@gmail.com,
Holland Skin Care Center,999 Washington Ave.,HOLLAND,MI,49423-3104,(616) 836-9509,dehaanj5@gmail.com,
FENNER PLASTIC SURGERY and Medical Spa,512 GREEN BAY RD,KENILWORTH,IL,60043-1073,(847) 250-4044,ashley@fennerplasticsurgery.com,
Arynova Aesthetics,1717 W ALGONQUIN RD,MOUNT PROSPECT,IL,60056-5401,(847) 654-7274,info@arynovaaesthetics.com,
Epigenetics Med Spa,"9301 GOLF RD, STE 102",DES PLAINES,IL,60016-1600,(630) 400-5187,Med@epigeneticspa.com,
Rachel Dahlen Aesthetics,"3519 W 70TH ST, STE 23",EDINA,MN,55435-4217,(952) 222-8338,rachel@racheldahlen.com,
Be Your Kind,3918 SUNNYSIDE RD,EDINA,MN,55424-1211,(952) 999-3532,Hello@beyourkind.com,
Images Med Spa - Wilmette,505 SKOKIE BLVD,WILMETTE,IL,60091-2131,(847) 893-1020,accounting@elase.com,
Oral & Maxillofacial Surgical Consultants,"7373 FRANCE AVE S, STE 602",EDINA,MN,55435-4552,(952) 841-9676,skincare@omscmn.com,
Lakes Dermatology Burnsville,"14305 SOUTHCROSS DR W, STE 110",BURNSVILLE,MN,55306-7011,(651) 340-1064,office@lakesderm.com,
Aelan Aesthetics,"2604 DEMPSTER ST, STE 310",PARK RIDGE,IL,60068-8427,(224) 585-9974,jorozco@aelanaesthetics.com,
Lakes Dermatology St. Louis Park,"5353 WAYZATA BLVD, STE 505",SAINT LOUIS PARK,MN,55416-1334,(763) 325-1503,office@lakesderm.com,
ADVANCED BODY CONTOURING INSTITUTE - Park Ridge,"1700 LUTHER LN, STE 3150",PARK RIDGE,IL,60068-1270,(847) 593-1040,amarx@drcharlesmiller.com,
Youthful Theory,40W310 LAFOX RD,SAINT CHARLES,IL,60175-6588,(708) 634-8875,,
Pure Medical Boutique,"4801 GOLF RD, STE 200",SKOKIE,IL,60077-1401,(312) 312-7873,DrKam.LSC@GMAIL.COM,
Beauty for All Aesthetics,6435 DEMPSTER ST,MORTON GROVE,IL,60053-2604,(773) 742-9708,info@beautyforallmed.com,
Ashpole Plastic Surgery,1107 N PROSPECT AVE,ITASCA,IL,60143-1408,(847) 884-8346,info@ashpoleplasticsurgery.com,
Making Aging Graceful Inc DBA REIGN MEDSPA,520 W TOUHY AVE # B3C,PARK RIDGE,IL,60068-4276,(312) 607-9969,Maggie@reignmedspa.co,
Face Studio LLC,"Lower Level 103, 200 S PROSPECT AVE",PARK RIDGE,IL,60068-4037,(708) 269-0984,facemedicalstudio@gmail.com,
Flourish Medical + Wellness,8688 EAGLE CREEK CIR,SAVAGE,MN,55378-4400,(952) 208-7029,admin@flourishmedicalwellness.com,
French Med Spa + Health,"2020 DEAN ST, STE B",SAINT CHARLES,IL,60174-1665,(630) 797-5991,info@frenchmedspa.com,
Holly Costantini,610 DEVON AVE,PARK RIDGE,IL,60068-4733,(630) 341-0844,hollywoodskinllc@gmail.com,
FADEAWAY MEDICAL ESTHETICS LTD,6549 N NORTHWEST HWY,CHICAGO,IL,60631-1402,(773) 580-2590,Fadeawaymedical@gmail.com,
Aesthetic Angels Beauty Bar,"6161 N NORTHWEST HWY, STE 101",CHICAGO,IL,60631-2140,(847) 269-4426,aestheticangelsbeautybar@gmail.com,
Skinflection Spa,6459 N LINCOLN AVE,LINCOLNWOOD,IL,60712-4000,(847) 407-1160,skinflection@gmail.com,
Danielle Brandonisio Aesthetics PLLC,"423 HAMILTON ST, STE 2",GENEVA,IL,60134-2136,(888) 718-8937,info.dbaesthetics@gmail.com,
Emerge Beauty & Wellness,"5097 N ELSTON AVE, STE 102",CHICAGO,IL,60630-2469,(708) 667-0947,emergemedspa1@gmail.com,
Evolve Beauty Bar,"261 N YORK ST, STE 102",ELMHURST,IL,60126-2757,(312) 715-8711,info@evolvebeautybar.com,
SkinSpirit - Wayzata,"701 LAKE ST E, STE 175",WAYZATA,MN,55391-1896,(952) 460-3500,accountspayable@skinspirit.com,
Elevated By East,4010 N LINCOLN AVE,CHICAGO,IL,60618-0909,(321) 508-2315,brooke@elevatedbyeast.com,
SKN Institute PLLC,"105 S YORK ST, STE 500",ELMHURST,IL,60126-3454,(630) 349-3040,drmalhotra@sknin.com,
Blue Seas Med Spa - Glen Ellyn,456 N PARK BLVD,GLEN ELLYN,IL,60137-4622,(630) 369-2767,,
Images Med Spa - Wheaton,104 N HALE ST,WHEATON,IL,60187-5113,(630) 987-4139,accounting@elase.com,
The Aesthetic Drop LLC,120 W VALLETTE ST,ELMHURST,IL,60126-4451,(224) 222-0219,Info@theaestheticdrop.com,
VitalSkin Medical Group PLLC,3245 N HALSTED ST,CHICAGO,IL,60657-3419,(773) 902-0136,,
Alluma Aesthetics PLLC,922 HIGHWAY 55,MEDINA,MN,55340-9543,(763) 445-9040,clinic@allumaderm.com,
NM RMG Dermatology Glen Ellyn,"885 Roosevelt Rd, Suite 301",Glen Ellyn,IL,61037,(630) 315-6500,michelle.pipitone@nm.org,
Fine Dermatology LLC,"3000 N HALSTED ST, STE 701",CHICAGO,IL,60657-5196,(773) 572-5796,Lfine@finedermatology.com,
ReJenerate Aesthetic Studio,"2131 N DAMEN AVE, FL 1",CHICAGO,IL,60647-4528,(773) 550-5475,ReJenerateas@gmail.com,
Refine By Tulsi,1400 W WEBSTER AVE,CHICAGO,IL,60614-3076,(312) 380-9780,tulsikotecha@gmail.com,
It's A Secret Med Spa- Lincoln Park,2118 N HALSTED ST,CHICAGO,IL,60614-0758,(773) 245-0417,,
Duly Health + Care Belleza,"199 TOWN SQ, STE H",WHEATON,IL,60189-3878,(630) 547-5000,AP.ext@duly.com,
Images Med Spa - Chicago,"1006 W ARMITAGE AVE, Upper Level",CHICAGO,IL,60614-4178,(312) 940-3844,,
Libre Aesthetics,278 W LOOP RD,WHEATON,IL,60189-2034,(708) 663-4660,info@libreaesthetics.com,
Rejuvae Boutique PLLC,7601 MADISON ST,FOREST PARK,IL,60130-3504,(312) 970-1125,info@rejuvaeboutique.com,
SkinSpirit - Nordstrom Oakbrook,10 OAKBROOK CTR,OAK BROOK,IL,60523-1810,(970) 837-0050,accountspayable@skinspirit.com,
Tricoci Aesthetics - Oak Brook,284 OAKBROOK CTR,OAK BROOK,IL,60523-1841,(847) 202-1900,,
Northwestern Medicine Derm SoNo,"1460 N HALSTED ST, STE 203",CHICAGO,IL,60642-2621,(312) 926-2094,AccountsPayable2@nm.org,
Contour Plastic Surgery & MedSpa,"2001 BUTTERFIELD RD, STE 100",DOWNERS GROVE,IL,60515-1388,(630) 474-6325,jeanette@drparesi.com,
Delaine Barbosa,202 E 5TH ST,STERLING,IL,61081-3651,(815) 677-1263,,
CECO Creative LLC,1400 N LAKE SHORE DR,CHICAGO,IL,60610-1674,(770) 344-7926,chantellecox917@gmail.com,
Pinnacle Dermatology - Naperville,"2323 NAPERVILLE RD, STE 120",NAPERVILLE,IL,60563-5606,(630) 462-8680,apinquiry@pinnacleskin.com,
Health Direction Medical Center,"1656 W CHICAGO AVE, STE 101",CHICAGO,IL,60622-5128,(773) 342-1090,healthdirectionmedicalcenter@gmail.com,
Skin CoLAB,"460 ADA DR SE, STE 140",ADA,MI,49301-8437,(616) 450-1562,accounting@skincolab.com,
Alice Tudor,"900 N FRANKLIN ST, STE 407",CHICAGO,IL,60610-3168,(770) 344-7926,peermanagementllc@gmail.com,
Advancing Aesthetics Education,531 N RACINE AVE,CHICAGO,IL,60642-7939,(773) 320-4593,Info@advancingaesthetics.com,
BodyLuxe,"875 N MICHIGAN AVE, STE 3620",CHICAGO,IL,60611-1947,(312) 999-5505,daniel@bodyluxe.com,
MEDICAL DERMATOLOGY ASSOCIATES OF CHICAGO,"363 W ERIE ST, STE 350",CHICAGO,IL,60654-6933,(312) 995-1955,tmengyan@dermchicago.com,
Derm Institute of Chicago,"737 N MICHIGAN AVE, STE 720",CHICAGO,IL,60611-6661,(312) 319-1978,,
Solve Clinics,61 W ERIE ST,CHICAGO,IL,60654-3775,(708) 575-9880,kelly@solveclinics.com,
Optimal Wellness and Beauty,1023 W FULTON MARKET,CHICAGO,IL,60607-1222,(312) 622-5500,optimalwellnessltd@gmail.com,
Behold Aesthetics and Wellness Center,"401 S BANKER ST, STE C",EFFINGHAM,IL,62401-2681,(618) 619-8846,adrian@beholdu.com,
Pure 111 Medical Aesthetics,"1405 N Green Mountain Rd., Suite 511",O'Fallon,IL,62269,(618) 208-1111,,
Hannah Reed,229 S MAIN ST,HILLSBORO,IL,62049-1130,(217) 741-3946,lmbaesthetics3@gmail.com,
All For YOU MedSpa,5680 TELEGRAPH RD,SAINT LOUIS,MO,63129-4243,(314) 293-7546,kera@allforyoumedspa.com,
The Boulevard Hair Co,4579 Chestnut Park Plaza,Saint Louis,MO,63139,(314) 733-5488,management@salonblvd.com,
Look Lab Clayton,"7805 CLAYTON RD, STE 206",SAINT LOUIS,MO,63117-1324,(314) 378-5422,Accounting@looklab.com,
The Method Aesthetics & Wellness,"20 ALLEN AVE, STE 130",SAINT LOUIS,MO,63119-2351,(314) 866-5801,shannon@themethodstl.com,
"SkinRN, LLC",2021 WESTERN AVE,MATTOON,IL,61938-2854,(217) 273-0111,Skinrn21@gmail.com,
Precision Skin Care Aesthetics,"10287 CLAYTON RD, STE 360",SAINT LOUIS,MO,63124-1181,(314) 350-8207,p.kandula@pcsderm.com,
Aestheticare Medspa STL,"10401 CLAYTON RD, STE 100",FRONTENAC,MO,63131-2909,(314) 863-5556,enrico@cppclinics.com,
The Derm Bar STL,"MY SALON SUITES, 10401 OLIVE BLVD",CREVE COEUR,MO,63141-7894,(314) 222-0535,thedermbarstl@gmail.com,
Mercy Plastic Surgery - St Louis,"701 S NEW BALLAS RD, STE 310",CREVE COEUR,MO,63141,(314) 251-8750,sharone.williams@mercy.net,
Aaron Cregger DDS LLC,"1000 DES PERES RD, STE 130",SAINT LOUIS,MO,63131-2050,(314) 567-7737,creggeresthetics@gmail.com,
Parkcrest Plastic Surgery,"845 N NEW BALLAS CT, STE 300",SAINT LOUIS,MO,63141-7162,(314) 569-0130,emilya@parkcrestplasticsurgery.com,
Ophthalmic Plastic & Cosmetic Surgery INC,"12990 MANCHESTER RD, STE 102",DES PERES,MO,63131-1860,(314) 567-3567,parks-e@outlook.com,
St. Louis Skin Solutions,"13100 MANCHESTER RD, STE 250",SAINT LOUIS,MO,63131-1729,(314) 394-3915,lora@stlouisskin.com,
Revitalife Wellness Medical & Spa,"13354 MANCHESTER RD, STE 100",DES PERES,MO,63131-1738,(314) 451-7022,tjones@revitalifewellness.com,
Laser Me,2208 Mason Ln,BALLWIN,MO,63021,(636) 391-0015,rachels@lasermestl.com,
Washington University in St. Louis,"969 N. Mason Road, Suite 200",SAINT LOUIS,MO,63141-6338,(314) 273-3376,lperlow@wustl.edu,
Wellbrook Aesthetics,"2801 N 6TH ST, STE F",VINCENNES,IN,47591-3660,(812) 790-3579,drtomandjess@gmail.com,
Young Body Contouring,1074 TOWN AND COUNTRY CROSSING DR,CHESTERFIELD,MO,63017-0610,(636) 485-3302,,
Gilded Leaf Med Spa,1538 WOODLAKE DR,CHESTERFIELD,MO,63017-5712,(314) 313-3209,info@gildedleafspa.com,
Subtle Symmetry LLC,908 IL-109,Jerseyville,IL,62052,(618) 946-3819,olnairn21@gmail.com,
SKN SOLUTIONS,708 W CARPENTER ST,JERSEYVILLE,IL,62052-2018,(618) 303-5114,amsknsolutions@gmail.com,
Venus Aesthetics LLC - V/O Med spa –Chesterfield,"15872 FOUNTAIN PLAZA DR, STE 1-2",CHESTERFIELD,MO,63017-7469,(314) 254-4846,viji.vanukuru@viomedspa.com,
Synergi MedSpa,"17000 BAXTER RD, STE 100",CHESTERFIELD,MO,63005-1444,(636) 530-6100,msomers@synergimedspa.com,
Synergi MedSpa,"17000 BAXTER RD, STE 100",CHESTERFIELD,MO,63005-1444,(636) 530-6100,javier@ylift.com,
Infuzed,"17269 WILD HORSE CREEK RD, STE 210",CHESTERFIELD,MO,63005-1362,(636) 778-0200,,
Dellay Aging,"300 W 4TH ST, STE C",EUREKA,MO,63025-1839,(636) 579-4800,dellayaging@gmail.com,
Skin By Lisa LLC,131 CHESTERFIELD TOWNE CTR,CHESTERFIELD,MO,63005-1230,(314) 346-7169,lisabommarito@yahoo.com,
Skin Ritual Med LLC,131 Chesterfield Towne Centre,Chesterfield,MO,63005,(314) 330-2548,janinem29@msn.com,
Midwest Facial Plastic Surgery,1401 PROFESSIONAL BLVD,EVANSVILLE,IN,47714-8014,(812) 469-3434,javier@ylift.com,
Renu MedSpa,"5055 HIGHWAY N, STE 102",COTTLEVILLE,MO,63304-8031,(636) 244-0247,renumedspa@gmail.com,
"Just GLO, LLC","5359 HIGHWAY N, STE 102",COTTLEVILLE,MO,63304-7794,(314) 308-7478,art@justglonetwork.com,
Cady Wellness Institute,"4727 ROSEBUD LN, STE F",NEWBURGH,IN,47630-9367,(812) 429-0772,,
Flawless,2229 MARY SHERMAN DR,SULLIVAN,IN,47882-7633,(812) 564-0118,Kathy.pirtle95@gmail.com,
Estetica Medspa,"2315 TECHNOLOGY DR, STE 129",O FALLON,MO,63368-7371,(636) 265-0377,tara@eamedspa.com,
"Absolut Aesthetics & Wellness Medspa, Inc",1200 CENTRE WEST DR,SPRINGFIELD,IL,62704-2173,(217) 679-3598,,
Simply Bella Aesthetics,"21 MEADOWS CIRCLE DR, STE 324",LAKE SAINT LOUIS,MO,63367-4110,(636) 448-4733,simplybellano@gmail.com,
Glow Med Spa and Wellness,2747 W PARK DR,PADUCAH,KY,42001-9058,(870) 613-7304,bfffaces@gmail.com,
Frazine Body Sculpting,"2021 Broadway Street, Suite 105",PADUCAH,KY,42001,(270) 557-7809,info@frazinewellness.com,
"B'Well Aesthetics, LLC",4742 HANSEN RD,PADUCAH,KY,42001-8646,(270) 519-2330,,
Forefront Dermatology - Wentzville,1800 WENTZVILLE PKWY,WENTZVILLE,MO,63385-3817,(636) 200-9220,,
The Sculpted Face,223 Creekside Office Drive,Wentzville,MO,63385,(636) 357-8161,,
Biltmore Dermatology,76 W SPRINGHILL DR,TERRE HAUTE,IN,47802-8767,(812) 994-1404,rpatterson@biltmorederm.com,
Magnolia Rose Aesthetics,131 S 4TH ST,TERRE HAUTE,IN,47807-3503,(812) 877-9500,adam@agfinancialservices.net,
Ocelli Aesthetics,1119 WABASH AVE,TERRE HAUTE,IN,47807-3211,(217) 264-8246,Ashtinstuckey@gmail.com,
Lux Med Spa,19 ELLIS AVE,TROY,MO,63379-1151,(314) 280-4888,glo.with.jamie@gmail.com,
Elegant Beauty Medical Spa,1804 WOODFIELD DR,SAVOY,IL,61874-9505,(217) 607-1524,javier@ylift.com,
Christie Clinic,210 S MARKET ST,CHAMPAIGN,IL,61820-4906,(217) 366-7111,acctspay@christieclinic.com,
VitalSkin Dermatology - Urbana,"1111 W KENYON RD, STE B",URBANA,IL,61801-1006,(217) 216-8991,ap@vitalskinderm.com,
Revitalize Wellness and Aesthetics,15435 PIKE 139,BOWLING GREEN,MO,63334-2932,(573) 470-0232,revitalizewellness22@gmail.com,
ReFresh Aesthetics,"1710 HIGHWAY 121 BYP N, STE C",MURRAY,KY,42071-8912,(270) 632-2524,Mariajennings206@gmail.com,
Rooted Integrative Health + Aesthetics,"2310 E OAKLAND AVE, STE 4",BLOOMINGTON,IL,61701-5865,(309) 585-2100,,
Vanished Aesthetics & Contouring,1205 N WALNUT ST,BLOOMINGTON,IN,47404-3565,(812) 320-2284,manager@vanishedaesthetics.com,
Skin Aesthetics,2801 N Walnut St,Bloomington,IN,47404,(812) 327-1167,skin-aesthetics@pm.me,
CAS Medispa,2815 N WALNUT ST,BLOOMINGTON,IN,7404-2077,(812) 822-0988,,
IU Health Medical Group - South,2605 E CREEKS EDGE DR,BLOOMINGTON,IN,47401-8368,(812) 333-2663,,
Enhance The Aesthetic & Wellness Co,310 Cool Water Ct,HOPKINSVILLE,KY,42240-1370,(270) 484-0872,enhancetheco@gmail.com,
ENVE Med Spa,1113 HAUCK DR,ROLLA,MO,65401-2565,(573) 201-4665,enve.beauty@outlook.com,
Confidence Studio,1206 INDEPENDENCE CT,WASHINGTON,IL,61571-9244,(309) 231-0301,confidence.studio1@gmail.com,
Senara Health and MedSpa,2208 W WILLOW KNOLLS DR,PEORIA,IL,61614-1467,(309) 693-9600,pennyk@experiencesenara.com,
Rashid Plastic Surgery,804 W TRAILCREEK DR,PEORIA,IL,61614-1862,(309) 670-0700,eobrien@rashidps.com,
"Midwest Integrative Health, LLC",222 S RANDOLPH ST,MACOMB,IL,61455-2210,(309) 837-0342,jess.familynp@gmail.com,
CaloSpa - Floyds Knobs,408 LAFOLLETTE STA N,FLOYDS KNOBS,IN,47119-9780,(812) 920-4880,ap@cppclinics.com,
Vigor Health and Beauty,"2020 S STATE ROAD 135, STE 110",GREENWOOD,IN,46143-6588,(317) 410-8503,vigorhealthandbeauty@gmail.com,
RevIVe Wellness Studio,"209 E 2ND ST, STE B",SEYMOUR,IN,47274-1631,(812) 569-9822,,
Embolden MedSpa,"40 W COURT ST, STE B",FRANKLIN,IN,46131-2373,(317) 344-9835,nbrown@emboldenmedspa.com,
Starsiak Osteopathic Clinic,"3955 EAGLE CREEK PKWY, STE A",INDIANAPOLIS,IN,46254-4692,(317) 410-9919,info@drstarsiak.com,
Allure Aesthetic & Wellness,138 East Spring Street,NEW ALBANY,IN,47150-9425,(812) 590-2858,christy@allure-aw.com,
Total Life and Wellness Aesthetics,124 ERNEST KOUMA BLVD,RADCLIFF,KY,40160-8764,(270) 982-3322,info@totalwellnessaesthetics.com,
Pure Image Laser and Spa,"8350 S EMERSON AVE, STE 120",INDIANAPOLIS,IN,46237-8744,(317) 820-5288,mechelle@pureimagelaserandspa.com,
The Results Lounge,"2529 SCHUYLER AVE, STE 500",LAFAYETTE,IN,47905-3980,(765) 701-0249,info@theresultslounge.com,
RENEW by Optimum Rejuvenation,"2020 SCOTTSVILLE RD, STE 101",BOWLING GREEN,KY,42104-4225,(270) 282-1907,Taylor@renewbyor.com,
Dr Emily Hrisomalos Facial Plastic Surgery,"1615 W OAK ST, STE 107",ZIONSVILLE,IN,46077,(317) 973-4550,dr@dremilyhrisomalos.com,
Elevate Functional Medicine,"9640 COMMERCE DR, STE 413",CARMEL,IN,46032-7638,(317) 669-9007,kelly@elevatefunctionalmed.com,
LiveLight Clinic/Body Bar MD,"9650 COMMERCE DR, STE 511",CARMEL,IN,46032-7639,(317) 344-0930,lmchale@livelightclinic.com,
Booth Dermatology,12050 N MICHIGAN RD,ZIONSVILLE,IN,46077-8782,(317) 848-2427,contact@boothdermatology.com,
Vibrant Vitalite Health and Wellness,1106 Juliana Court,ELIZABETHTOWN,KY,42701-4430,(270) 900-4988,vibrantvitalite@gmail.com,
SPS Holdco LLC DBA Shock Plastic Surgery,"3220 BLUFF CREEK DR, STE 107",COLUMBIA,MO,65201-3664,(573) 224-8200,lilly@shockplasticsurgery.com,
Excell Rejuvenation,"1329 W 96TH ST, STE 100",INDIANAPOLIS,IN,46260-1100,(317) 660-0888,jmcclure@excellforlife.com,
Central Missouri Dermatology,401 N KEENE ST,COLUMBIA,MO,65201-6625,(573) 876-1615,cindy@centralmodermatologygroup.com,
"Hue Aesthetics, LLC",3308 FRANKFORT AVE,LOUISVILLE,KY,40206-2701,(502) 709-5726,pabrooke@huemedspa.com,
XO Aesthetic Refinery,3744 FRANKFORT AVE,LOUISVILLE,KY,40207-2557,(323) 929-5874,xoaestheticrefinery@gmail.com,
Arttox Aesthetic LLC DBA Kharites Aesthetics,4516 OUTER LOOP,LOUISVILLE,KY,40219-3857,(502) 709-7774,Kharitesaesthetics@gmail.com,
Terra Medspa,"218 VILLAGE SQ, STE 100",PLEASANT VIEW,TN,37146-7175,(615) 945-8768,,
My Plastic Surgery Group,"11450 N MERIDIAN ST, STE 225",CARMEL,IN,46032-4689,(317) 848-5518,lgreaves@myplasticsurgerygroup.com,
Revitalife MD,4050 SHELBYVILLE RD,LOUISVILLE,KY,40207-3107,(502) 272-4801,accounting@medvelle.com,
Peter F Kunz,"11725 Illinois St, Suite 270",Carmel,IN,46032,(317) 688-5900,helen@miasonline.com,
MK Dermatology,"12174 N MERIDIAN ST, STE 210",CARMEL,IN,46032-4578,(317) 620-0024,Drkingsley@mkderm.com,
"Women First of Louisville, PLLC","3900 KRESGE WAY, STE 30",LOUISVILLE,KY,40207-4680,(502) 891-8700,lcunningham@wfoflou.com,
CaloSpa - Louisville,2341 LIME KILN LN,LOUISVILLE,KY,40222-3460,(502) 785-0927,ap@cppclinics.com,
"Michele A. Finley, MD Cosmetic Medicine","12337 HANCOCK ST, STE 22",CARMEL,IN,46032-5885,(317) 571-9966,mafmdpc@gmail.com,
"Defy of Indiana, LLC","715 W CARMEL DR, STE 101",CARMEL,IN,46032-5881,(317) 742-6127,leanne@defyofin.com,
CHEGAR FACIAL PLASTIC SURGERY PC,"735 W CARMEL DR, STE 100",CARMEL,IN,46032-5802,(317) 818-5438,crista@chegarmd.com,
Moov Health & Wellness - Carmel,"12955 OLD MERIDIAN ST, STE 105",CARMEL,IN,46032-7106,(317) 760-0122,accountspayable@vituity.com,
"Be Well Family Care, LLC",12430 CLARK ST,CARMEL,IN,46032-7645,(317) 938-4559,info@bewellfamilycare.com,
Indie Lux Atelier,1020 W MAIN ST,CARMEL,IN,46032-2459,(765) 480-5781,josh@indieluxaesthetics.com,
Summers Aesthetics,"701 EXECUTIVE PARK, FL 2",LOUISVILLE,KY,40207,(502) 305-5056,ashley@summersaesthetics.com,
Scout Aesthetics,"1321 HERR LN, STE 187",LOUISVILLE,KY,40222-4383,(270) 519-0847,admin@scoutaesthetics.com,
Mizuguchi Plastic Surgery,7501 NEW LA GRANGE RD,LOUISVILLE,KY,40222-4815,(502) 353-1002,audreym@nanamd.com,
Injecting Indy,"277 E CARMEL DR, STE A",CARMEL,IN,46032-2610,(317) 648-9028,injecting.indy@gmail.com,
Wise Aesthetics,"2325 POINTE PKWY, STE 110",CARMEL,IN,46032-3299,(317) 569-6448,ap@wise-aesthetics.com,
Youthful Expressions,"7725 upton oxmoor lane, 202",LOUISVILLE,KY,40222,,kimberly@helloyouthful.com,
Renova Aesthetics,"145 ELM ST, STE 170",CARMEL,IN,46032,(317) 564-8305,torij@renovaaesthetics.com,
Refined Aesthetics,151 W WALNUT ST,NORTH VERNON,IN,47265-1730,(812) 767-8895,meaganlucas5@hotmail.com,
Vio Med Spa,2454 E 146TH ST,CARMEL,IN,46033-7712,(317) 953-6550,noreply@medvelle.com,
NoCo Spa and Aesthetics,"10706 MEETING ST, STE 101",PROSPECT,KY,40059-7540,(502) 709-5716,nocoaestheticslou@gmail.com,
CC Lou Aesthetics & Wellness,"800 STONE CREEK PKWY, STE 2",LOUISVILLE,KY,40223-5366,(502) 466-2568,crystal@cclouaesthetics.com,
Avanti Skin Center of Louisville,"10517 FISCHER PARK DR, STE A",LOUISVILLE,KY,40241-4185,(502) 244-2828,amber@drhmedspas.com,
Face Forward Aesthetics - Fishers,"11530 ALLISONVILLE RD, STE 155",FISHERS,IN,46038-1862,(317) 739-4243,info@ffaesthetics.com,
LouWellSpa,"11400 MAIN ST, STE 102",LOUISVILLE,KY,40243-1314,(502) 572-7572,info@louwellspa.com,
CC Skin & Soul,11418 MAIN ST,LOUISVILLE,KY,40243-1314,(502) 753-9050,christinamariearnold22@gmail.com,
The Aesthetic Collective,1411 EVERGREEN RD,ANCHORAGE,KY,40223-1417,(502) 233-7337,daisy@theaestheticcollective.com,
K2 Glow Aesthetics and Beauty Bar,,,,,(314) 324-5583,klebrek2glow@gmail.com,
Blue Halo Medspa,12400 SHELBYVILLE RD,LOUISVILLE,KY,40243-1419,(502) 557-0529,rhonda@bluehalomedspa.com,
"Aesthera Bloom, LLC","12689 SHELBYVILLE RD, UNIT 30",LOUISVILLE,KY,40243-1532,(502) 305-8681,aestherabloom@gmail.com,
"Derma Dickson A Medspa, LLC",118 N MAIN ST,DICKSON,TN,37055-1837,(615) 375-1293,heather.dermadickson@gmail.com,
Beauty Through Science,"2011 LAKE POINT WAY, STE 202",LOUISVILLE,KY,40223-4229,(502) 245-0777,beauty.through.science20@gmail.com,
Mays Plastic Surgery,"13806 LAKE POINT CIR, STE 101",LOUISVILLE,KY,40223-4223,(502) 576-6918,drchet@maysplasticsurgery.com,
Digenis Plastic Surgery,2950 Terra Crossing Boulevard,Louisville,KY,40245,(502) 589-5544,confidence@digenis.com,
Joseph C. Banis Jr MD PSC,2507 BUSH RIDGE DR,LOUISVILLE,KY,40245-5885,(502) 589-8000,rziegenfuss@aesthetics.com,
Marie Tyler Aesthetics,"12526 Promise Creek Ln, STE 306",Fishers,IN,46038,(574) 870-0241,marietyleraesthetics@gmail.com,
Yoo Direct Health,9535 E 151ST ST,NOBLESVILLE,IN,46060-0050,(317) 523-9160,yoodirecthealth@gmail.com,
Bartow Plastic Surgery,1603 2ND ST,NEW ORLEANS,LA,70130-5923,(504) 895-7200,jean@bartowplasticsurgery.com,
Thibodaux Regional Plastic Surgery Clinic,602 N ACADIA RD,THIBODAUX,LA,70301-4823,(985) 447-5500,rhonda.andras@thibodaux.com,
The Skin Bar New Orleans,505 METAIRIE RD,METAIRIE,LA,70005,(504) 345-2333,,
Get Gleauxing Aesthetics,73 RIVER PARK DR,HAHNVILLE,LA,70057-2440,(504) 939-8945,meshellnt@gmail.com,
Metamorphose,"12481 HOMEPORT DR, STE 105",MAUREPAS,LA,70449-3051,(225) 933-7464,metamorphosemedspa@aol.com,
Northshore Plastic Surgery LLC,3401 E CAUSEWAY APPROACH,MANDEVILLE,LA,70448-3447,(985) 241-7276,taylor@drboudreaux.com,
Atlas Dermatology,14151 Highway 73,Prairieville,LA,70769,(225) 313-4560,hannah@atlasdermatology.com,
Ideal Body LLC,16158 AIRLINE HWY,PRAIRIEVILLE,LA,70769-4212,(225) 636-2603,sblanchard@louisianaaesthetics.com,
Soine Dermatology & Aesthetics,42421 PELICAN PROFESSIONAL PARK,HAMMOND,LA,70403-2405,(985) 400-5551,ofcmgr@soinederm.com,
Our Lady of the Lake Facial Plastics,10222 JEFFERSON HWY,BATON ROUGE,LA,70809-2727,(225) 765-1982,megan.mayhew@fmolhs.org,
Kelly's Laser Aesthetics,"4750 BLUEBONNET BLVD, STE 2A",BATON ROUGE,LA,70809-9634,(225) 936-3789,lasermekel@gmail.com,
The Dermatology Clinic,5326 ODONOVAN DR,BATON ROUGE,LA,70808-4691,(225) 769-7546,bcamp@thedermatologyclinic.com,
The Face Place LLC,"2031 PERKINS RD, STE C",BATON ROUGE,LA,70808-1486,(225) 256-2822,laura@thefaceplace225.com,
Coast Aesthetics,"2780 BIENVILLE BLVD, Suite CA",OCEAN SPRINGS,MS,39564-4369,(228) 200-6869,coastaesthetics@yahoo.com,
Dr. Kenneth Odinet,"200 BEAULLIEU DR, STE 6",LAFAYETTE,LA,70508-7230,(337) 234-6050,michelle@kenodinet.com,
Riverside Aesthetics and Wellness,"1223 CAMELLIA BLVD, STE 100",LAFAYETTE,LA,70508-7220,8 (329) 098-3589,jessica@riversideaestheticsla.com,
McGee Plastic Surgery,"605 SILVERSTONE RD, STE 106A",LAFAYETTE,LA,70508-6899,(337) 514-7268,info@mcgeeplasticsurgery.com,
Dr. Dupon Cosmetics,"233 DOUCET RD, STE A6",LAFAYETTE,LA,70503-3403,(337) 296-3273,drduponcosmetics@gmail.com,
Sandy Key Medical,"12385 SORRENTO RD, STE B3",PENSACOLA,FL,32507-8656,(850) 602-0828,Ksoverly21@gmail.com,
Premier Dental Center,6105 N DAVIS HWY,PENSACOLA,FL,32504-6949,(850) 477-1010,shelley@biodental.life,
"Skin Parlour, LLC","5016 GRANDE DR, STE 102",PENSACOLA,FL,32504-8991,(850) 613-1264,,
The Sculptry,"3093 Contraband Pkwy, Suite 125",LAKE CHARLES,LA,70601,(337) 499-8098,hannahgrogan@thesculptry.com,
Katherine Bryan,6815 CAROLINE ST,MILTON,FL,32570-2205,(850) 889-8982,kate@82magnolia.com,
BELFIORE WELLNESS CENTER,502 E. Hickory Avenue,Crestview,FL,32536,(850) 683-1100,belfiorewellnesscenter@gmail.com,
Elite Wellness,2700 TOCCOA ST,BEAUMONT,TX,77703-4928,(917) 860-7986,elitewellnessotx@gmail.com,
All Care Walk In Clinic,1424 US HIGHWAY 331 S,DEFUNIAK SPRINGS,FL,32435-3401,(850) 920-1700,brandi.jeter@defuniakallcare.com,
Aesthetic Nurse Emilie,158 W HOUSTON ST,JASPER,TX,75951-4010,(866) 625-0137,support@masterinjectorsinc.com,
Lilly Aesthetics and Wellness,119 S MAIN ST,BONIFAY,FL,32425-2635,(850) 547-7463,Meg@lillymedspa.com,
Solace Medspa,"7520 FM 3180 RD, STE 500",BAYTOWN,TX,77523-5007,(832) 808-7095,info@solacemedspa.com,
University of Texas Medical Branch- Victory Lakes,2660 GULF FWY S,LEAGUE CITY,TX,77573-6820,,utmb.payables@utmb.edu,
CLS Health PLLC,"600 N KOBAYASHI, STE A",WEBSTER,TX,77598-4840,(281) 816-3091,drben@cls.health,
Lift Plastic Surgery,"410 GENESIS BLVD, STE A",WEBSTER,TX,77598-1660,(832) 793-6954,contact@liftplastics.com,
Bay Area Aesthetics,"711 W BAY AREA BLVD, STE 275",WEBSTER,TX,77598-4051,(281) 229-5223,javier@ylift.com,
New Moon Aesthetics,"1414 S FRIENDSWOOD DR, STE 120A",FRIENDSWOOD,TX,77546-2249,(409) 370-4671,suzvet77@hotmail.com,
Centurion Injects & IV Drips,"13551 WILL CLAYTON PKWY, STE 7",HUMBLE,TX,77346-3778,(832) 543-3214,amaldcenturion@gmail.com,
Azarella Med Spa,"3129 KINGSLEY DR, STE 530",PEARLAND,TX,77584-8508,(346) 253-8845,info@azarellamedspa.com,
Portrait Spa - The Natural Aesthetic & Wellness,"1818 WASHINGTON AVE, STE 1",HOUSTON,TX,77007-6489,(337) 344-8792,accounting@portraitspa.com,
Premiere Surgical Arts,"1624 AIRLINE DR, STE 200",HOUSTON,TX,77009-3608,(832) 930-7660,calvinjungmd@gmail.com,
SkinSpirit - Houston,"2401 Times Blvd., Ste. 110",Houston,TX,77005,(346) 398-6100,accountspayable@skinspirit.com,
DermAdi Skin,"2610 PERSA ST, STE 3",HOUSTON,TX,77098-1439,(202) 492-8519,adizevulun5@gmail.com,
MD Health and Wellness,"5225 KATY FWY, Ste 370",HOUSTON,TX,77007-2200,(832) 272-0401,mdhealthllc@outlook.com,
V/O Med Spa - West U,3849 BELLAIRE BLVD,HOUSTON,TX,77025,(646) 612-7575,noreply@medvelle.com,
Aphrodite Aesthetic -The Antiage Institute,"3120 SOUTHWEST FWY, STE 400",HOUSTON,TX,77098-4510,(832) 900-2576,info@antiageinstitute.com,
Orange Twist - Houston - Plaza on the Park,5160 BUFFALO SPEEDWAY,HOUSTON,TX,77005-4202,(346) 552-8310,accounting@orangetwist.com,
Ciaravino Total Beauty,"3700 BUFFALO SPEEDWAY, STE 850",HOUSTON,TX,77098-3705,(713) 627-1200,administrator@thebodydoc.com,
Naked MD - Houston,"3100 TIMMONS LN, STE 420",HOUSTON,TX,77027-6025,(657) 304-8913,accountspayable@nakedmd.com,
"Hamilton Aesthetics, PLLC","3720 WESTHEIMER RD, STE 101",HOUSTON,TX,77027-5222,(713) 770-6257,klhamilton@drkristyhamilton.com,
CLS Health,"4615 SOUTHWEST FWY, FL 10",HOUSTON,TX,77027-7108,(832) 364-4864,acct@cls.health,
Aesthetic Atelier,"1717 W 34TH ST, STE 1600",HOUSTON,TX,77018-6256,(346) 704-0602,Contact@aestheicatelier.com,
The Pearl Dermatology,"550 POST OAK BLVD, STE 550",HOUSTON,TX,77027-9497,(713) 497-1417,vanessa@pearldermatology.com,
River Oaks Spa Galleria,"2111 WEST LOOP S, STE 370",HOUSTON,TX,77027-3647,(832) 466-9714,info@rogmedspa.com,
Vitalyc Medspa Houston Post Oak,"1800 POST OAK BLVD, STE 6130",HOUSTON,TX,77056-3962,(623) 258-9911,accounts.payable@theaestheticsyndicate.com,
True Skin Aesthetics,"6699 Chimney Rock Road, Suite 201",Houston,TX,77081,(832) 615-0513,trueskinaestheticshtx@gmail.com,
"Raghu Athre, MD PA","2121 SAGE RD, STE 245",HOUSTON,TX,77056-4336,(281) 214-9674,info@athre.com,
Derma Theory,"3033 CHIMNEY ROCK RD, STE 105",HOUSTON,TX,77056-6239,(713) 887-5988,ileas@ylift.com,
Face Surgical and Wellness Centers,"5757 WOODWAY DR, STE 190",HOUSTON,TX,77057-1526,(713) 257-9311,accounting@originsplasticsurgery.com,
Tranquility Spa Skincare,"5757 WOODWAY DR, STE 255",HOUSTON,TX,77057-1524,(281) 787-6012,TranquilitySpaSkin@gmail.com,
CI Skincare LLC,"8278 BELLAIRE BLVD, STE B",HOUSTON,TX,77036-4091,(713) 272-8858,accounts@ci-skincare.com,
The Facial Refinery,29800 E HAWTHORNE DR,SPRING,TX,77386,(281) 297-8978,rachel@thefacialrefinery.com,
My Houston Surgeons - myEvergreen Spring Valley,"9230 KATY FWY, STE 100",HOUSTON,TX,77055-7467,(346) 248-4974,trista@myevergreenmedspa.com,
OnPoint Care,"9333 KATY FWY, STE C",HOUSTON,TX,77024-1541,(832) 421-6013,onpointcare.health@gmail.com,
Lily Lane Aesthetics,"9406 Gaylord Dr, Suite 200",Houston,TX,77024,(713) 487-9667,sarah@lilylaneaesthetics.com,
Orange Twist - Sugar Land,18851 UNIVERSITY BLVD,SUGAR LAND,TX,77479-6817,(832) 821-8706,accounting@orangetwist.com,
Onalaska Wellness & Aesthetics,14290 US HIGHWAY 190 W,ONALASKA,TX,77360-7992,(936) 649-1200,Perezpalomap@gmail.com,
"David Altamira, MD","929 GESSNER RD, STE 2430",HOUSTON,TX,77024-2589,(713) 271-9000,Sissy@draltamira.com,
Face IQ Aesthetics,"929 GESSNER RD, STE 2200",HOUSTON,TX,77024-2583,(832) 800-3783,info@faceiqaesthetics.com,
Art of Wellness MedSpa,"28533 SPRINGS TRAIL RIDGE, STE 110",SPRING,TX,77386,(832) 791-1990,info@artofwellnessmedspa.com,
Heights Plastic Surgery,2813 WTC JESTER BLVD,HOUSTON,TX,77018-7004,(346) 552-8050,ashley@heights-plasticsurgery.com,
TCTRUESPA PLLC DBA VIO Med Spa Town & Country,700 Town & Country Blvd Suite 2630,Houston,TX,77024,(713) 955-0566,,
FACE/FIT,"1400 W SAM HOUSTON PKWY N, STE 100",HOUSTON,TX,77043-3129,(346) 672-2401,,
V/O Med Spa - Sugar Land,"15850 SOUTHWEST FWY, STE G250",SUGAR LAND,TX,77478-4756,(646) 612-7575,noreply@medvelle.com,
Rophe Aesthetics,"116 ELDRIDGE RD, STE B",Sugarland,TX,77478-4759,1128150519,,
Aesthetic House,"8850 SIX PINES DR, STE 120",THE WOODLANDS,TX,77380-2688,(281) 971-1000,john@bookaesthetichouse.com,
It's A Secret Medspa - The Woodlands,"1900 LAKE WOODLANDS DR, STE 500",THE WOODLANDS,TX,77380-4047,(832) 406-4735,purchasing@secretmedspa.com,
My Houston Surgeons - myEvergreen Shenandoah,"18354 I-45, Suite 100",Shenandoah,TX,77384,(346) 375-7888,trista@myevergreenmedspa.com,
My Houston Surgeons,"18354 I-45 South, STE 300",Shenandoah,TX,77384,(713) 489-5979,,
Avante Plastic Surgery,1112 SOLDIERS FIELD DR,SUGAR LAND,TX,77479-4001,(281) 265-2639,manager@avanteplasticsurgery.com,
Complete Dermatology - Woodlands,"134 VISION PARK BLVD, STE 200",SHENANDOAH,TX,77384-3032,(281) 573-8333,abell@complete-derm.com,
Zaretsky Aesthetics,"1250 Wood Branch Park Dr, STE 205",HOUSTON,TX,77079-1207,(832) 289-1372,jasmine@zaretskyaesthetics.com,
Innovative Wellness,"13440 UNIVERSITY BLVD, STE 130",SUGAR LAND,TX,77479-4907,(281) 800-9050,inayataliod@gmail.com,
"Innovative Wellness, LLC","13440 UNIVERSITY BLVD, STE 130",SUGAR LAND,TX,77479-4907,(281) 800-9050,,
DermaTouch RN - Houston,13725 FALBA RD,HOUSTON,TX,77070-3810,(281) 720-8622,ap@empower.spa,
Whole Being Wellness,14626 BELLAIRE BLVD,HOUSTON,TX,77083-2506,(832) 476-3252,w.b.wellnessmd@gmail.com,
TRICIA BROWN MD - DERMATOLOGY,"10845 KUYKENDAHL RD, STE 103",THE WOODLANDS,TX,77382-2939,(832) 871-4111,dr-brown@att.net,
SKE Beauty,"26820 KUYKENDAHL RD, UNIT 132",TOMBALL,TX,77375-2638,(346) 786-2824,ella@skebeauty.org,
Body by Ravi Plastic Surgery and Aesthetics,"19135 KATY FWY, STE 110",HOUSTON,TX,77094-1063,(281) 346-9038,admin@bodybyravi.com,
SM Aesthetics & Wellness,"17844 MOUND RD, STE D",CYPRESS,TX,77433-4838,(346) 435-6432,smarlitz@gmail.com,
"SkinSpirit- Katy, TX","23501 Cinco Ranch Blvd., Suite  J110",Katy,TX,77494,(281) 769-8544,accountspayable@skinspirit.com,
Luminous Medispa LLC,"410 W GRAND PKWY S, STE 310",KATY,TX,77494-8361,(281) 665-3666,info@luminousmedispa.com,
Cypress Dermatology,"14930 MUESCHKE RD, STE 200",CYPRESS,TX,77433,(832) 660-8422,hhasan@cypressdermatology.com,
"Earth Remedies of FL, LLC",310 E BRADFORD RD,TALLAHASSEE,FL,32303-4869,(850) 727-5377,shelly@earthremediesfl.com,
Harmonized Aesthetics,"1950 Thomasville Rd, Ste E",Tallahassee,FL,32303,(850) 766-0869,manager@harmonizedaesthetics.com,
Spa Medicca FL LLC DBA Skin Science Aesthetics,"1350 MARKET ST, STE 103",TALLAHASSEE,FL,32312-1759,(850) 312-1690,RiverfrontAP@lbmc.com,
Moderne Aesthetic Plastic Surgery,"3606 MACLAY BLVD S, STE 104",TALLAHASSEE,FL,32312-1277,(850) 363-3200,Dr.clark@modernaesthetic.com,
J'Allure Medispa,"105 E MAIN ST, STE 102B",BRENHAM,TX,77833-3692,(979) 353-4898,j.alluremedispa@gmail.com,
Portrait Spa - Jaclyn Schmedt,"104 KELLY DR, STE A",VICTORIA,TX,77904-1551,(858) 293-1152,,
Revival Aesthetics,2704 B Oak St,Valdosta,GA,31692,(229) 466-0625,,
Radiance Medspa,2894 WEST BAY DR,BELLEAIR BLUFFS,FL,33770-2620,(727) 518-7100,purchasing@radiancemedspa.com,
Academic Alliance in Dermatology - Largo,"1258 WEST BAY DR, STE G",LARGO,FL,33770-2245,(727) 935-0500,ap@aadermatology.com,
Academic Alliance in Dermatology - Clearwater,1201 S. Myrtle Ave.,Clearwater,FL,33756,,ap@aadermatology.com,
Bokhari Medical Consortium,716 SEMINOLE BLVD,LARGO,FL,33770-3627,(727) 238-3241,,
"Suncoast Skin Solutions, Inc.",5200 Seminole Blvd,Saint Petersburg,FL,33708-3356,(727) 392-3376,accounting@suncoastskin.com,
Academic Alliance in Dermatology ‚Äì Tarpon Springs,1005 E BOYER ST,TARPON SPRINGS,FL,34689-5501,(727) 934-7638,,
Olympia Aesthetics,"33295 US Hwy 19 N, STE 109A",Palm Harbor,FL,34684,(727) 299-1990,olympia@olympiaaesthetics.com,
Academic Alliance in Dermatology - Clearwater-Belcher,"1801 N BELCHER RD, STE B",CLEARWATER,FL,33765-1452,(727) 442-1917,ap@aadermatology.com,
Cuero Regional Hospital,701 N ESPLANADE ST,CUERO,TX,77954-3500,(361) 275-9355,acctpay@cuerohospital.org,
Southern Aesthetics,6919 STATE ROAD 54,NEW PORT RICHEY,FL,34653-6023,(727) 947-8290,southernaestheticsflorida@gmail.com,
Moraitis Plastic Surgery,"3890 TAMPA RD, STE 407",PALM HARBOR,FL,34684-3675,(727) 773-9796,,
Success by Design Wellness,9095 Belcher Road N,Pinellas Park,FL,33782,(727) 548-0001,customersupport@successbydesignweightloss.com,
PH Dermatology Westchase,4197 Woodlands Pkwy,Palm Harbor,FL,34685,(813) 324-6630,accountspayable@dermmedpartners.com,
Anne Arundel Dermatology – St. Petersburg North,6776 54TH AVE N,SAINT PETERSBURG,FL,33709-1405,(727) 935-0510,AP@aadermatology.com,
"Third Coast ENT, LLC","1615 PASADENA AVE S, STE 220",SOUTH PASADENA,FL,33707-4517,(727) 870-3223,erlawson@entaaf.com,
Academic Alliance in Dermatology - Trinity,"2044 TRINITY OAKS BLVD, STE 130",NEW PORT RICHEY,FL,34655-4405,(813) 341-3285,ap@aadermatology.com,
Contour Clinique Med Spa,"4022 TAMPA RD, UNIT A-4",OLDSMAR,FL,34677-3210,(727) 744-7750,Info@contourclinique.com,
Trinity & Wesley Chapel Med Spa,"2202 DUCK SLOUGH BLVD, STE 102",NEW PORT RICHEY,FL,34655-5071,(727) 203-5073,Johnamdavies@gmail.com,
Elase LLC - WestChase,11663 COUNTRYWAY BLVD,TAMPA,FL,33626-2739,(813) 365-7113,accounting@elase.com,
Mirror Plastic Surgery,"2299 9TH AVE N, STE 1B",SAINT PETERSBURG,FL,33713-6851,(727) 361-6515,rekha@mirrorplasticsurgery.com,
Elase LLC,"2299 9th Ave North, Suite 1B",SAINT PETERSBURG,FL,33713,(727) 620-2977,accounting@elase.com,
Iconcierge Medspa,455 99th Ave North,St Petersburg,FL,33702,(727) 295-6779,info@iconciergemedspa.com,
SkinNV Starkey Ranch,"13260 Pine Gap Spur, Suite 101 and 102",Odessa,FL,33556,(813) 200-5959,Info@skinnv.com,
Academic Alliance in Dermatology,"3950 3RD ST N, STE A",SAINT PETERSBURG,FL,33703-6123,(727) 821-0612,,
Venus Med Spa St. Pete,2406 4TH ST N,SAINT PETERSBURG,FL,33704-2804,(727) 290-2804,accounting@venusmedspas.com,
Dermaclinique,"3085 Dr M.L.K. Jr St N,",Saint Petersburg,FL,33704,(727) 888-0900,kmoffitt@dc.skin,
Bella Medspa,4603 Wieuca Road,Atlanta,GA,30342,(678) 908-3491,,
Truffles Medispa - Fayetteville,"874 W. Lanier Ave, Ste 120",Fayetteville,GA,30214,(770) 460-2000,,
"Crimson Internal Medicine, LLC",1015 RICE VALLEY RD N,TUSCALOOSA,AL,35406-2782,(205) 349-1606,,
Lush MedSpa Tuscaloosa,516 19TH AVE,TUSCALOOSA,AL,35401-1510,(833) 633-5874,info@lushmedspas.com,
Indian Hills Aesthetics,825 Rice Mine Road,Tuscaloosa,AL,35406,(205) 462-7372,orders@indianhillsaesthetics.com,
Spa Belle La Vie,1847 COMMONS NORTH DR,TUSCALOOSA,AL,35406-3700,(205) 349-0046,,
SKIN Lab Aesthetic Beauty Studio,109 S SPRING ST,TUPELO,MS,38804-4817,(662) 673-3549,DLEWISRN7890@GAMIL.COM,
Total Skin & Beauty,"1927 1ST AVE N, STE B-50",BIRMINGHAM,AL,35203-4024,(205) 933-9108,nfo@totalskinandbeauty.com,
Vitalogy Wellness Center,"2704 20TH ST S, STE 104",HOMEWOOD,AL,35209-1924,(205) 413-8599,,
Smart Skin MedSpa,1931 29TH AVE S,HOMEWOOD,AL,35209-2617,(205) 871-8707,ssmedspa@yahoo.com,
Petro Facial Plastic Surgery & MedSpa,"905 Montgomery Highway, Suite 101",Vestavia Hills,AL,35216,(205) 420-8043,drpetro@petromd.com,
Orange Twist,"2700 ROGERS DR, STE 101",HOMEWOOD,AL,35209-2055,(205) 870-0204,accounting@seilerskin.com,
Skin Wellness Dermatology,"3415 Independence Drive, Suite 200",Birmingham,AL,35209,(205) 871-7332,ap@skintypesolutions.com,
Renew Dermatology,1651 INDEPENDENCE CT,BIRMINGHAM,AL,35209-4173,(205) 287-6120,scollins@renewdermatology.net,
Dermatology & Laser of Alabama,"201 OFFICE PARK DR, STE 350",BIRMINGHAM,AL,35223-2424,(205) 870-3303,scott@sawyergolf.com,
Gunn Dermatology,391 Rele Street,Mountain Brook,AL,35223,(205) 415-7536,lauren@gunndermatology.com,
Dr. Ruth Penton Polson,"4 OFFICE PARK CIR, STE 104",BIRMINGHAM,AL,35223-2656,(205) 379-0014,ruthpenton710@gmail.com,
Dermatology & Skin Care Center,2470 ROCKY RIDGE RD,BIRMINGHAM,AL,35243-2894,(205) 978-3336,lferlisi@bhamdermatology.com,
Village Dermatology,14 Office Park Circle,Mountain Brook,AL,35223,(205) 877-9773,AP@forefrontderm.com,
Cahaba Dermatology Skin Health Center,"2279 Valleydale Road, Suite 100",Hoover,AL,35244,(205) 214-7546,accounting@cahabaderm.com,
Cohn Plastic Surgery,3127 Blue Lake Drive,Vestavia Hills,AL,35243,(205) 590-9900,tracy@cohnplasticsurgery.com,
Core Plastic Surgery,"3595 GRANDVIEW PKWY, STE 150",BIRMINGHAM,AL,35243-1935,(205) 397-2100,bcool@gcoremd.com,
Pure Esthetics,101 HEATHERBROOKE PARK DR,BIRMINGHAM,AL,35242-8008,(205) 991-0097,lee@maniscalcooralsurgery.com,
MD Wellness & Aesthetics,650 INVERNESS CORS,BIRMINGHAM,AL,35242-3776,(205) 582-9216,sbrignet@mdwellnessbham.com,
Blu Skin Boutique,311 3RD AVE SW,CULLMAN,AL,35055-4125,(678) 448-8255,bluskinboutique@gmail.com,
Aesthetics on 1st,"103 1ST AVE NE, STE 130",CULLMAN,AL,35055-2980,(256) 739-9993,whaley07@gmail.com,
Seidel Plastic Surgery,1919 DAHLKE DR,CULLMAN,AL,35058-3626,(256) 739-9993,whaley07@gmail.com,
Shoals Family Clinic,2415B AVALON AVE,MUSCLE SHOALS,AL,35661-3163,(256) 627-2852,chood@shoalsfamilyclinic.com,
Optimal Healthcare,153 ANA DR,FLORENCE,AL,35630-1731,(256) 367-0920,marshalldavidsmith@gmail.com,
Complete Aesthetics Care,2487 Mall Road,Florence,AL,35630,(256) 366-0830,drd@completeaestheticscare.com,
SKIN,"319 N LAMAR BLVD, STE 102",OXFORD,MS,38655-3230,(601) 624-0096,info@skinoxfordms.com,
Shell Plastic Surgery,2680 W. Oxford Loop,Oxford,MS,38655,(662) 236-6465,,
The Grove Grotto & Spa,8344 PLEASANT GROVE RD,ALBERTVILLE,AL,35950-3538,(585) 831-0509,Ivy.thegrovegrotto@gmail.com,
Cultivated Beauty,1314 GUNTER AVE,GUNTERSVILLE,AL,35976-1844,(256) 558-7743,info@cultivatedbeauty.com,
Revived Skin Clinic,"4198 US HIGHWAY 431, STE E",ALBERTVILLE,AL,35950-0242,(256) 706-5236,hello@revivedskinclinic.com,
Youthful Elixir Aesthetic Spa,109 HOLLINGSWORTH AVE,RAINBOW CITY,AL,35906-3141,(256) 459-5046,youthfulelixiraesthetics@gmail.com,
Prestige Medical Spa,"1419 HAMRIC DR E, STE 102",OXFORD,AL,36203-2174,(256) 241-6772,info@prestigemedicalspa.com,
Alabama Surgical Arts,4590 WOODMERE BLVD,MONTGOMERY,AL,36106-2918,(334) 271-2002,invoice@alabamasurgicalarts.com,
Plastic Surgery Associates of Montgomery,6727 TAYLOR CT,MONTGOMERY,AL,36117-7708,(334) 284-2800,skinspa@psaom.com,
Montgomery Aesthetics,"8161 Seaton Place, Suite C",Montgomery,AL,36116,(334) 356-1912,,
J Lynn Skin & Medical Aesthetics,"910 Huntsville Hwy, suite B",Fayetteville,TN,37334,(931) 212-1689,jlynnskinaesthetics@gmail.com,
FACES by Tara,"165 N MAIN ST, STE 107",COLLIERVILLE,TN,38017-2654,(901) 221-7818,tpolston68@gmail.com,
Pure Skin,"129 FOUNTAINS BLVD, STE 101",MADISON,MS,39110-6361,(601) 954-5007,whitharris24@gmail.com,
Cole Facial Clinic,204 EAST LAYFAIR DRIVE,FLOWOOD,MS,39232,(601) 933-2004,mgraylfps@yahoo.com,
NuBody Concepts-Germantown,"9037 POPLAR AVE, STE 101",GERMANTOWN,TN,38138-7854,(901) 235-5753,,
"HMC Aesthetics, LLC",1701 LAKELAND DR,JACKSON,MS,39216-4884,(601) 981-3033,accounting@healthier.ms,
Blackledge Face Center,1701 Lakeland Drive,Jackson,MS,39216,(601) 981-3033,dgecina@blackledgefacecenter.com,
Pro Health Clinic,"6376 SILO SQUARE LN, STE 104",SOUTHAVEN,MS,38672-1115,(662) 470-7812,cory@prohealthmemphis.com,
Chris Marshall,190 University Ave.,Parsons,TN,38363,(731) 257-1500,,
Germantown Aesthetics,7475 POPLAR PIKE,GERMANTOWN,TN,38138-4831,(901) 624-5605,jackie@germantownaesthetics.com,
VIO Med Spa - Germantown,7615 W FARMINGTON BLVD,GERMANTOWN,TN,38138-2820,(901) 401-9190,ross.nussbaum@viomedspa.com,
Restore Plastic Surgery & Aesthetics,1364 CORDOVA CV,GERMANTOWN,TN,38138-2207,(901) 682-4456,hammondmd@restorepsa.com,
McDonald Murrmann Center for Skin and Laser,"7205 WOLF RIVER BLVD, STE 155",GERMANTOWN,TN,38138-1758,(901) 322-7020,rola@mmcwh360.com,
Levy Dermatology,6254 POPLAR AVE,MEMPHIS,TN,38119-4713,(901) 624-3333,sskopp@aol.com,
Eden Spa and Laser,1044 BROOKFIELD RD,MEMPHIS,TN,38119-3834,(901) 683-1066,frontdesk@edenspaandlaser.com,
Wallace Plastic Surgery Group,"6215 HUMPHREYS BLVD, STE 201",MEMPHIS,TN,38120-2382,(901) 779-6538,alyson@wallaceplasticsurgerygroup.com,
The Plastic Surgery Group of Memphis,"80 HUMPHREYS CENTER DR, STE 102",MEMPHIS,TN,38120-2352,(901) 761-9030,sadams@psgofmemphis.com,
SkinBody Memphis,717 South White Station Road,Memphis,TN,38117,(901) 474-7636,tracey@skinbodymemphis.com,
Illuminations,107 BERRYWOOD DR,COLUMBIA,TN,38401-6409,(931) 797-2611,illuminationslaser@icloud.com,
SpectacularSkin,"474 PERKINS EXT, STE 210",MEMPHIS,TN,38117-3803,(615) 582-0501,spectacularskin@gmail.com,
Rejuvenate Wellness and MedSpa,"1348 UNION UNIVERSITY DR, STE C",Jackson,TN,38305-3861,(731) 678-3885,ginger@rejuvenate-tennessee.com,
Glo Medical Aesthetics,703 NEW YORK ST,MEMPHIS,TN,38104-5537,(901) 552-3461,info@glomedmemphis.com,
The Skin Project,206 Lane Parkway,SHELBYVILLE,TN,37160-2385,(931) 619-6493,theskinprojecttn@gmail.com,
16,211 Gordon Street,Breman,GA,30110,(770) 537-1236,jmcmanus@316healthcare.us,
Dr. Chris Robb | Skin & Allergy Center,"1229 RESERVE BLVD, STE 200",SPRING HILL,TN,37174-3274,(615) 302-5000,aestheticmd.spa@gmail.com,
Harbin Clinic Dermatology,221 TECHNOLOGY PKWY NW,ROME,GA,30165-1369,(762) 235-3480,danielle.williams@harbinclinic.com,
Radiant Reflections PLLC,"6600 US Highway 98, Suite A",Hattiesburg,MS,39402,(601) 268-7777,ap@skintypesolutions.com,
Naked MD - Franklin,"100 COVEY DR, STE 309",FRANKLIN,TN,37067-5663,(615) 488-1733,Accountspayable@nakedmd.com,
The Aesthetic Center of Franklin Dermatology Group,"740 COOL SPRINGS BLVD, STE 200",FRANKLIN,TN,37067-6450,(615) 771-1881,accountspayable@franklinderm.net,
Aesthetics Collective Medspa,143 VETERANS PKWY,MURFREESBORO,TN,37128-6434,(615) 796-5337,rayclay.esthetics@gmail.com,
Music City Plastic Surgery,"307 SOUTHGATE CT, STE 100",BRENTWOOD,TN,37027-7987,(615) 205-5155,michelle@musiccityplasticsurgery.com,
Grace Aesthetics,"1909 MALLORY LN, STE 202",FRANKLIN,TN,37067-2842,(615) 401-9963,shannon@graceaesthetics.com,
Rejuve Anti Aging Franklin,"9040 CAROTHERS PKWY, STE A207",FRANKLIN,TN,37067-6312,(629) 895-1333,franklin@rejuveantiaging.com,
Glow - A Medical Spa - Franklin,"1109 DAVENPORT BLVD, STE 1000",FRANKLIN,TN,37069-4218,(615) 241-0370,ap@empower.spa,
It Is Well Healthcare,"105 VILLAGE WALK, STE 277",DALLAS,GA,30132-5506,(770) 800-6780,thowell@itiswellhealthcare.com,
Therapie,5 1/2 GREENVILLE ST,NEWNAN,GA,30263-2653,(678) 249-7378,therapiedermboutique@gmail.com,
AWSkinCo+ - Murfreesboro,310 W Main St,Murfreesboro,TN,37130,(518) 940-4501,ap@empower.spa,
Raising the Barr Med Spa,"833 MEMORIAL BLVD, STE G",MURFREESBORO,TN,37129-2990,(615) 632-3151,Info@skinperfectaw.com,
Southern Surgical Arts,"1405 Cowart Street, Ste. 201",Chattanoga,TN,37408,(423) 266-3331,,
Lane Dermatology,1210 BROOKSTONE CENTRE PKWY,COLUMBUS,GA,31904-2954,(706) 322-1717,lpotter@lanederm.com,
Skin Cancer Specialists - Columbus,1150 BROOKSTONE CENTRE PKWY,COLUMBUS,GA,31904-4577,(706) 257-4189,ap@wederm.com,
"Skin Cancer Specialists - Dallas, GA",850 CHARLES HARDY PKWY,DALLAS,GA,30157-3163,(770) 336-8888,ap@wederm.com,
Premier Medical Aesthetics,"300 CHEROKEE BLVD, STE 110",CHATTANOOGA,TN,37405-4467,(423) 498-5777,drarmstrong@premiermedspachatt.com,
"Urology Center of Columbus, LLC",2100 NORTH AVE,COLUMBUS,GA,31904-8843,(706) 324-7700,tharpeh@harperurology.com,
Studio Aesthetics,"3501 MASSEE LN, STE A",COLUMBUS,GA,31909-2657,(727) 510-8878,elitenursesconsulting@gmail.com,
Anne Arundel Dermatology -Newnan,"1615 HIGHWAY 34 E, STE B",NEWNAN,GA,30265-1325,(770) 400-8400,AP@aadermatology.com,
Skin Cancer Specialists - Newnan,2045 HIGHWAY 34 E,NEWNAN,GA,30265-1327,(770) 502-0202,ap@wederm.com,
Skin Cancer Specialists - Cartersville,10 CLOVERLEAF DR,CARTERSVILLE,GA,30120-2178,(770) 606-8026,ap@wederm.com,
1928 West Health Spa,"26 CITIZENS SQUARE RD, STE 122",DALLAS,GA,30157-3401,(470) 384-4432,1928westhealthspa@gmail.com,
Medical Aesthetics by Tracy,7706 SCRAPESHIN TRL,CHATTANOOGA,TN,37421-4289,(423) 598-6858,brighttracy@yahoo.com,
Revive Aesthetic & Wellness,"1605 Gunbarrel Rd., Ste A",Chattanooga,TN,37421,(423) 994-3194,hariett@wereviveu.com,
Elizabeth Snyder,"6106 SHALLOWFORD RD, STE 104",CHATTANOOGA,TN,37421-2280,(423) 718-0098,,
Susong Dermatology,"2051 Hamill Rd, suite 301-A",Hixson,TN,37343,(423) 870-3376,Lelinab@susongderm.com,
Center for Facial Rejuvenation,"7268 JARNIGAN RD, STE 204",CHATTANOOGA,TN,37421-3496,(423) 645-2035,ap@theseesgroup.com,
Lovely Lotus Medi spa,1240 N THORNTON AVE,DALTON,GA,30720-3605,(336) 688-6240,amylynngarner@gmail.com,
The Skincare Center at Renaissance Plastic Surgery,"200 WESTPARK DR, STE 200",PEACHTREE CITY,GA,30269-3537,(770) 450-1245,lcastro@rpsmd.com,
Spa la Paz,"1595 KENNESAW DUE WEST RD NW, STE 200",KENNESAW,GA,30152-7640,(470) 308-3793,spamanager@spalapaz.com,
Chin up! Aesthetics,"2914 CHEROKEE ST NW, STE 1A",KENNESAW,GA,30144-6526,(404) 846-2420,,
Clear Derm Skin Cancer and Dermatology,5545 LITTLE DEBBIE PKWY,OOLTEWAH,TN,37363-4357,(423) 777-7570,eli.kim@cleardermclinic.com,
Skin Cancer Specialists PC,"835 COGBURN AVE NW, STE 100",MARIETTA,GA,30060-1008,(770) 422-5557,ap@wederm.com,
Advanced Skincare,"711 CANTON RD NE, STE 400B",MARIETTA,GA,30060-8949,(770) 771-5155,billing@advancedskincarepro.com,
Jennifer H Wohlers DDS PC,3733 CANTON RD,MARIETTA,GA,30066-2663,(770) 926-9914,frontdesk@wohlersdentistry.com,
Marietta Plastic Surgery,149 Towne Lake Parkway,Woodstock,GA,30188,(770) 425-0118,shannon@mariettaplasticsurgery.com,
A New You Skin & Body Clinic,"145 Towne Lake Pkwy., Suite 101",Woodstock,GA,30188,(678) 739-0040,linda@anewyouclinic.com,
Aqua Medical Spa,"2550 WINDY HILL RD SE, STE 204",MARIETTA,GA,30067-8654,(850) 252-4404,april.marchand@aquamedicalspa.com,
Dermatology Consultants,"3280 Howell Mill Road NW, Ste 211",ATLANTA,GA,30327,(404) 351-7546,invoice@dermatologyconsultants.org,
"Hailey, Brody, Casey, & Wray MD PC","1218 W PACES FERRY RD NW, STE 200",ATLANTA,GA,30327-2308,(404) 525-7409,haileyandbrody@mindspring.com,
Buckhead Facial Plastic Surgery,"1218 W PACES FERRY RD NW, STE 108",ATLANTA,GA,30327-2308,(404) 233-3937,admin@buckheadfacial.com,
Atlanta Skin Wellness Center,"1800 Howell Mill Rd NW, Ste 680",ATLANTA,GA,30318,(404) 446-4840,heather.atlskinwellness@gmail.com,
Modern Beauty Oasis,2876 JOHNSON FERRY RD,MARIETTA,GA,30062-8307,(833) 359-2998,,
BOYD - Atlanta,"2140 PEACHTREE RD, STE 225",ATLANTA,GA,30309-1345,(248) 433-1900,,
DermaTrition,"1745 PEACHTREE ST NE STE F, Studio 104",ATLANTA,GA,30309-2463,(404) 805-3059,ehealthgirl@gmail.com,
Dermatology & Surgery Specialists of North Atlanta,"4800 Olde Towne Pkwy, Ste 250",Marietta,GA,30068,(770) 971-3376,meganj@dessna.com,
Casey Powell PA,"110 E ANDREWS DR NW, STE 216",ATLANTA,GA,30305-1317,(424) 410-9989,caseypowellpa@gmail.com,
Skin IQ,"56 E ANDREWS DR NW, STE 20",ATLANTA,GA,30305-1316,(404) 277-0778,skiniq@att.net,
ARTISAN BEAUTE,"3150 ROSWELL RD NE, STE B1",ATLANTA,GA,30305-2572,(770) 637-2919,jills@artisanbeaute.com,
Angela Herrington,"659 Auburn Ave. NE, Ste. 115",Atlanta,GA,30312,(770) 653-5173,atlanta.medical@att.net,
SkinSpirit - Buckhead,"3330 PIEDMONT RD NE, STE 7",ATLANTA,GA,30305-1726,(404) 726-0500,accountspayable@skinspirit.com,
"AgeBlu, LLC",3125 E Shadowlawn Ave,Atlanta,GA,30305,(678) 809-1000,nora@ageblu.com,
Muse Skin Health & Aesthetics,"BUTLER BUILDING LEVEL 4, 99 KROG ST NE",ATLANTA,GA,30307-2677,(404) 254-4642,hello@museatl.com,
Hagopian Plastic Surgery,"99 KROG ST NE, UNIT C110",ATLANTA,GA,30307-2677,(404) 885-8542,drhagopian@hagopianplasticsurgery.com,
STEELE DERMATOLOGY LLC,2716 PIEDMONT RD NE,ATLANTA,GA,30305,(770) 464-6000,chynna@drchynnasteele.com,
Vrai Aesthetics and Concierge,"6690 Roswell Road, Suite 510",Sandy Springs,GA,30328,(678) 884-0090,feliciaburchett@vraiatl.com,
Olansky Dermatology,"3379 PEACHTREE RD NE, STE 500",ATLANTA,GA,30326-1418,(404) 355-5484,ebenuck@olanskydermatology.com,
Parks Dermatology - Port Orange,"1175 Dunlawton Ave, Unit 102",Port Orange,FL,32127,(386) 265-1913,,
ME Aesthetics,1030 TREASURE LN,VERO BEACH,FL,32963-3045,(978) 761-8228,sarahrothman3@gmail.com,
Advanced Facial Cosmetic & Laser Surgery Center,"5070 HIGHWAY A1A, STE A",VERO BEACH,FL,32963-1229,(772) 234-3700,financial@oceandrive.org,
John M Sarbak MD PA,"3735 11TH CIR, STE 203",VERO BEACH,FL,32960-4889,(772) 302-2614,kristy@drsarbak.com,
Romagosa Barron Dermatology,"2220 SE OCEAN BLVD, STE 301",STUART,FL,34996-3301,7722203339219,sschenkrdg@gmail.com,
Sunshine Aesthetics and Wellness,"50 NE DIXIE HWY, STE A6",STUART,FL,34994-1882,(772) 214-5990,sara.smith.aprn@gmail.com,
Treasure Coast Timeless Studio,350 NW ALICE AVE,STUART,FL,34994-1049,(614) 745-9299,bscaggs72@gmail.com,
McKay Dermatology & MedSpa,969 SE CENTRAL PKWY,STUART,FL,34994-3904,(772) 283-0109,manager@mckayderm.com,
Higher Self Aesthetics,770 SE INDIAN ST,STUART,FL,34997-5604,(561) 941-0501,,
Waters Edge Dermatology - Sebastian,"7765 144TH ST, UNIT 1",SEBASTIAN,FL,32958-3206,(772) 388-3551,ap@wederm.com,
Jupiter Dermatology & Hair Restoration,"DRIFTWOOD PLAZA, 2101 S US HIGHWAY 1",JUPITER,FL,33477-7321,(561) 748-0510,officemanager@jupiterderm.com,
Refresh Palm Beach Medical Aesthetics LLC,"775 W INDIANTOWN RD, STE 5",JUPITER,FL,33458-7563,(561) 250-6169,jay@refreshpbma.com,
Refresh Palm Beach,"775 W INDIANTOWN RD, STE 5",JUPITER,FL,33458-7563,(941) 704-2413,,
"4Ever Young Anti-Aging Solutions- Jupiter, FL","1232 W INDIANTOWN RD, STE 104",JUPITER,FL,33458-3905,(561) 277-1672,Dina.shehadeh@4everyoungjupiter.com,
Cosmedica Injections,"480 MAPLEWOOD DR, STE 4",JUPITER,FL,33458-5845,(561) 389-3331,melissa@cosmedicainjections.com,
The Aesthetics Lounge & Spa,"11940 US HIGHWAY 1, STE 125",PALM BCH GDNS,FL,33408-2892,(561) 559-3311,jen@tal-spa.com,
Peter A Vitulli Jr DO PA,"4600 MILITARY TRL, STE 107",JUPITER,FL,33458-4811,(561) 427-2000,billing@drvitulli.com,
Aqua Plastic Surgery - Jupiter,"641 UNIVERSITY BLVD, STE 103",JUPITER,FL,33458-2792,(561) 776-2830,ap@wederm.com,
Port St. Lucie Medical Wellness,702 SW PORT ST LUCIE BLVD,PORT SAINT LUCIE,FL,34953-2617,(772) 207-0080,office@pslwellness.com,
Hass Plastic Surgery,"2401 PGA BLVD, STE 150",PALM BEACH GARDENS,FL,33410-3516,(561) 624-7777,mv@bondhcp.com,
Sandy Morris,"11380 PROSPERITY FARMS RD, STE 108",PALM BEACH GARDENS,FL,33410-3450,(561) 799-7791,Pmedskincare@comcast.net,
TRUWELLNESSMD,"1209 MAIN ST, STE 104",JUPITER,FL,33458-5244,(561) 225-1706,truwellnessmd@gmail.com,
VIO Med Spa - Palm Beach Gardens LLC,"5270 DONALD ROSS RD, STE 100",PALM BEACH GARDENS,FL,33418-7271,(561) 725-8330,pbgmgr@viomedspa.com,
Pine Island Dermatology,"3365 BURNS RD, STE 217",PALM BEACH GARDENS,FL,33410-4312,(561) 567-8899,infopiderm@gmail.com,
Dermatology + Plastic Surgery - Indialantic,420 5TH AVE,INDIALANTIC,FL,32903-4280,(321) 395-3298,ap@forefrontderm.com,
"CR Health, Wellness & Aesthetics",420 4TH AVE,INDIALANTIC,FL,32903-4277,(321) 368-5427,caseyrunte@CRhealthandwellness.com,
Waters Edge Dermatology - Palm Bay,1761 PALM BAY RD NE,PALM BAY,FL,32905-2902,(321) 220-6400,ap@wederm.com,
"Daniel L. Kapp, M.D.",1500 N DIXIE HWY,WEST PALM BEACH,FL,33401-2712,(561) 833-4022,DLK@DrDanielKapp.com,
"BeSpoke Aesthetics, Inc.","625 N FLAGLER DR, STE 675",WEST PALM BEACH,FL,33401-4019,(561) 337-3375,bespokeaestheticspb@gmail.com,
Body & Beauty Lab - West Palm Beach,"695 S OLIVE AVE, STE 200",WEST PALM BEACH,FL,33401-6254,(215) 258-8301,accounting@annieaesthetic.com,
Beauty Ambassade DBA BR Spa Inc,550 OKEECHOBEE BLVD,WEST PALM BEACH,FL,33401-6317,(561) 377-1049,admin@beautyambassade.com,
R3 Health,2513 S DIXIE HWY,WEST PALM BEACH,FL,33401-7917,(561) 331-2983,info@r3health.co,
Jennifer Gowdy,2810 S DIXIE HWY,WEST PALM BEACH,FL,33405-1538,(561) 346-0833,accounting@pureskinpalmbeach.com,
JECT West Palm Beach LLC,3141 S DIXIE HWY,WEST PALM BEACH,FL,33405-1511,(917) 573-6806,jeanine@jectnyc.com,
Palm Beach Advanced Aesthetics,2528 OKEECHOBEE BLVD,WEST PALM BEACH,FL,33409-4006,115613619,,
Island Dermatology and Wellness,6470 US HIGHWAY 1,ROCKLEDGE,FL,32955-5747,(321) 425-2298,kathleenverpaelenp@gmail.com,
Waters Edge Dermatology - Viera - Melbourne,"8045 SPYGLASS HILL RD, STE 104",MELBOURNE,FL,32940-8567,(321) 294-5800,,
"Dermatology & Aesthetics of Palm Beach, LLC",205 S OCEAN BLVD,MANALAPAN,FL,33462-3312,(561) 206-4452,dermatologypb@gmail.com,
Island Family Health,"260 N TROPICAL TRL, STE 105",MERRITT ISLAND,FL,32953-4800,(321) 208-8258,,
Anna Sofia Aesthetics,"573 BARNES BLVD, UNIT 102",ROCKLEDGE,FL,32955-5009,(321) 219-7453,annasofiaskin@icloud.com,
Revive Viera,"2338 CITADEL WAY, STE 105",MELBOURNE,FL,32940-6184,(321) 507-4722,laura.kapinos@relivehealth.com,
Optimum Wellness & Medspa,1868B ROCKLEDGE BLVD,ROCKLEDGE,FL,32955-2822,(321) 305-4414,jessicasoldit@yahoo.com,
Yasmeily Gonzalez Nunez,"106 PONCE DE LEON ST, STE B",ROYAL PALM BEACH,FL,33411-1213,(561) 249-0762,info@bellamedspawellnessclinique.com,
Venus Med Spa Royal Palm Beach,"11071 SOUTHERN BLVD, STE 120",ROYAL PALM BEACH,FL,33411-4249,(561) 420-0417,accounting@venusmedspas.com,
4Ever Young Wellington,"10620 FOREST HILL BLVD, STE 50",WELLINGTON,FL,33414-3167,(561) 220-3771,polinat@4everyoungwellington.com,
Allura Medspa + Wellness Wellington,"2655 S STATE ROAD 7, STE E830",WELLINGTON,FL,33414-9377,(561) 266-4846,Gabriela@alluraaesthetics.com,
Basis Aesthetics LLC,2702 N FEDERAL HWY,DELRAY BEACH,FL,33483-6125,(561) 774-2296,wendy@basisaesthetics.com,
John G Westine MD PA,"250 DIXIE BLVD, STE 103",DELRAY BEACH,FL,33444-3857,(561) 278-3245,kim@delrayplasticsurgery.com,
Amaira MedSpa & Surgical,246 NE 6TH AVE,DELRAY BEACH,FL,33483-5515,(800) 835-5543,,
Inspire Aesthetics Cosmetic Surgery and Medspa,"1010 S FEDERAL HWY, STE 1010",DELRAY BEACH,FL,33483-5132,(561) 285-4457,ccleaves@inspireaesthetics.com,
VIO MED SPA - Delray Beach LLC,"620 LINTON BLVD, STE 210",DELRAY BEACH,FL,33444-8186,(561) 972-8339,delray@viomedspa.com,
Med Aesthetics,807 Cheney Hwy,Titusville,FL,32780,(321) 567-4237,medaesthetics2022@gmail.com,
Brilliant Dermatology & Aesthetics,"5162 LINTON BLVD, STE 203",DELRAY BEACH,FL,33484-6567,(561) 877-3376,Billing.brilliantdermatology@gmail.com,
Lavi MD,"3196 N FEDERAL HWY, STE B",BOCA RATON,FL,33431-6700,(561) 960-0006,,
Nava Medical Group LLC,"POLO CLUB SHOPS STE G7, 5030 CHAMPION BLVD",BOCA RATON,FL,33496-2473,(800) 762-6282,accountspayable@ascendone.com,
Caio De Oliveira Trentin,"3301 NW 2ND AVE, STE 100",BOCA RATON,FL,33431-6674,(561) 501-1693,caiotrentin@gmail.com,
"David J. Applebaum, MD",1599 NW 9TH AVE,BOCA RATON,FL,33486-1314,(561) 347-7777,jo.applebaum@aol.com,
Sindledecker Dentistry,162 W PALMETTO PARK RD,BOCA RATON,FL,33432-3828,(561) 368-2928,Amandasindledecker@gmail.com,
Harrington Aesthetics,"333 CAMINO GARDENS BLVD, STE 102",BOCA RATON,FL,33432-5824,(561) 756-9525,loriharringtonpa@icloud.com,
Jiva Medspa- BOCA RATON,"1650 S DIXIE HWY, STE 300",BOCA RATON,FL,33432-7405,(561) 783-4864,,
Hartman Aesthetics,"1489 W PALMETTO PARK RD, STE 410",BOCA RATON,FL,33486-3325,(561) 914-0264,laura.hartman57@gmail.com,
CNN Tia Antony,417 SW Park Street,Okeechobee,FL,34972,(863) 275-0892,aestheticstia@gmail.com,
The Brow Angel LLC,8124 GLADES RD,BOCA RATON,FL,33434-4064,(561) 558-7212,stevidee@gmail.com,
Anna Mender,"7271 N State Road 7, Suite 702",Parkland,FL,33073,(954) 356-4828,menderfnp@gmail.com,
Age to Perfection Medical Spa,"7501 WILES RD, STE 101",CORAL SPRINGS,FL,33067-2063,(954) 342-8000,manager@agetoperfection.com,
New You Medical,3112 E COMMERCIAL BLVD,FORT LAUDERDALE,FL,33308-4327,(954) 858-5888,,
Hi Doc Medical and Wellness Center,3040 E COMMERCIAL BLVD,FORT LAUDERDALE,FL,33308-4312,(954) 289-3065,drucilla@hidocmedical.com,
"The Fort Lauderdale Medspa, LLC","2821 E COMMERCIAL BLVD, STE 200",FORT LAUDERDALE,FL,33308-4216,(954) 614-7577,caroline@thefortlauderdalemedspa.com,
Revive Beauty,12174 NW 73RD ST,PARKLAND,FL,33076-4625,(305) 753-3310,revivebeautyfl@gmail.com,
Aesthetix Dermatology,"4331 N FEDERAL HWY, FL 4",FORT LAUDERDALE,FL,33308-5211,(954) 772-0416,ap@skintypesolutions.com,
GLOMD,"3020 NE 32ND AVE, STE 117",FORT LAUDERDALE,FL,33308-7233,(954) 319-2049,glomd954@gmail.com,
The Laser Queen,"701 E COMMERCIAL BLVD, FL 3",FORT LAUDERDALE,FL,33334-3392,(954) 444-6579,laserqueenfl@gmail.com,
Medchic Aesthetics,"2771 E OAKLAND PARK BLVD, STE 5",FORT LAUDERDALE,FL,33306-1613,(954) 306-3373,tanya@medchicfl.com,
Angel Aesthetics of Fort Lauderdale,2992 N FEDERAL HWY,FORT LAUDERDALE,FL,33306-1402,(954) 826-8181,angelaestheticsftl@gmail.com,
Skinspiration Skin and Aesthetics,4783 NW 119TH AVE,CORAL SPRINGS,FL,33076-3534,(954) 562-4803,inspired1esh@att.net,
Cosmetic & Reconstructive Specialists of Florida,910 NE 26TH AVE,FORT LAUDERDALE,FL,33304-3607,(954) 466-0325,admin@crsplasticsurgery.com,
Raina Simone Aesthetics,"1948 East Sunrise Blvd, #5",Fort Lauderdale,FL,33304,(305) 467-3385,,
The Med Spa of New Smyrna Beach,115 N ORANGE ST,NEW SMYRNA BEACH,FL,32168-7027,(386) 243-2755,contact@themedspansb.com,
Model Citizen MedSpa,"805 NE 2ND AVE, UNIT 200",FORT LAUDERDALE,FL,33304-1934,(954) 533-2561,medspa@modelcitizenfl.com,
Amaira Med Spa,1213 E LAS OLAS BLVD,FORT LAUDERDALE,FL,33301-2331,(954) 982-2841,nicole@amairamedspa.com,
Galt Dermatology,"800 E BROWARD BLVD, STE 103",FORT LAUDERDALE,FL,33301-2020,(954) 463-5406,ap@skintypesolutions.com,
ProMD Health,"500 E BROWARD BLVD, STE 122",FORT LAUDERDALE,FL,33394-3077,(410) 449-2060,ftlauderdale@promdhealth.com,
V/O Med Spa - Fort Lauderdale,"921 SE 17TH ST, UNIT B-2",FORT LAUDERDALE,FL,33316-2926,(954) 687-1846,fortlauderdalemgr@viomedspa.com,
Lauderdale Academic Dermatology,"1800 SE 10th Avenue, Suite 305",Fort Lauderdale,FL,33316,(954) 467-4100,ncharlie@icloud.com,
"Skin and Cancer Associates - Plantation, FL","261 N UNIVERSITY DR, STE 720",PLANTATION,FL,33324-2009,(954) 473-6750,ap@platinumderm.com,
Nava Health & Vitality - Plantation,"294 S UNIVERSITY DR, STE 294",Plantation,Florida,33324-3308,(800) 762-6282,,
Allura Medspa + Wellness Dania,153 S COMPASS WAY,DANIA,FL,33004-2369,(954) 406-6916,amanda@alluraaesthetics.com,
4EVER YOUNG - Plantation,10105 CLEARY BLVD,PLANTATION,FL,33324-1066,(954) 686-7544,dshehadeh@4everyoungjupiter.com,
The Vera Medical Institute,1127 S UNIVERSITY DR,PLANTATION,FL,33324-3322,(954) 401-0039,theveramedicalinstitute@gmail.com,
Aesthetic Technologies,"116 DUNLAWTON BLVD, STE 2",DAYTONA BEACH,FL,32118-7620,(386) 900-0523,mhartog1@me.com,
Alpha DNA Health,"7740 NOVA DR, STE A4",DAVIE,FL,33324-5802,(954) 944-1143,eliasclinic@gmail.com,
Modern Beauty Bar,9123 NARCOOSSEE RD,ORLANDO,FL,32827-5714,(407) 965-0650,stephanie@themodernbeautybar.com,
Enora Wellness & Aesthetics,99 ALAFAYA WOODS BLVD,OVIEDO,FL,32765-6235,(727) 460-6796,mk@enorawellnessandaesthetics.com,
V/O Med Spa - Oviedo,"1191 ALAFAYA TRL, STE 1301",OVIEDO,FL,32765-4771,(646) 612-7575,noreply@medvelle.com,
Maison De Beaute,"4700 SHERIDAN ST, STE M",HOLLYWOOD,FL,33021-3416,(954) 595-8262,,
DERMATOLOGY BOUTIQUE PA,"100 N FEDERAL HWY, STE 202",HALLANDALE BEACH,FL,33009-4373,(855) 465-6621,info@dermatologyboutique.com,
Lake Nona Ophthalmology,"6718 LAKE NONA BLVD, STE 140",ORLANDO,FL,32827-7984,(407) 857-3937,info@nonamedspa.com,
Bogat Aesthetics & Wellness,"800 N FEDERAL HWY, STE 805",HALLANDALE BEACH,FL,33009-2469,(954) 900-9090,info@bogat.com,
Tocayo Aventura LLC,"21550 Biscayne Blvd., 2nd Floor, #202B",Aventura,FL,33180,(305) 747-7058,,
Celsius Vitality Center,"2820 NE 214TH ST # 8, STE 810",AVENTURA,FL,33180-1268,(786) 660-1538,celsiusvcenter@gmail.com,
Premier Dermatology MD,"20803 Biscayne Blvd, Ste 305",Aventura,FL,33180,(305) 521-8971,info@premierdermatologymd.com,
VIO Med Spa - Aventura LLC,"2980 NE 207TH ST, STE 111",AVENTURA,FL,33180-1459,(954) 272-8330,aventuramgr@viomedspa.com,
Ageless Skin INC,"10640 GRIFFIN RD, STE 102",COOPER CITY,FL,33328-3214,(954) 680-8330,USAP@medspapartners.com,
Doctoravital Med Spa,"9650 STIRLING RD, UNIT 102",HOLLYWOOD,FL,33024-8087,(754) 286-1341,doctoravitalmedspa@gmail.com,
Edith Anidjar,"2999 NE 191ST ST, STE 250",AVENTURA,FL,33180-3115,(305) 933-1011,edithanidjar@gmail.com,
"DermCare Management, LLC - Aventura - Aventura Dermatology & Aesthetics",18801 NE 29TH AVE,AVENTURA,FL,33180-2826,(754) 544-9030,purchasing@dermcaremgt.com,
Concierge Wellness and Beauty DBA Glowing Wellness,"12525 ORANGE DR, STE 710",DAVIE,FL,33330-4308,(305) 502-1004,glowingwellness4me@gmail.com,
Daytona MedSpa,1118 PELICAN BAY DR,DAYTONA BEACH,FL,32119-1381,(386) 760-6299,sara@daytonamedspa.com,
Riverchase Dermatology - Weston,"2625 EXECUTIVE PARK DR, STE 7",WESTON,FL,33331-3634,(954) 385-1544,ap@wederm.com,
Aesthetics by Cassia,"6941 SW 196TH AVE, STE 24",Pembroke Pines,FL,33332-1609,(954) 990-8842,,
Revive Skincare Clinic,"2828 CASA ALOMA WAY, STE 00",WINTER PARK,FL,32792-2223,(315) 630-3727,lebell@entaaf.com,
R&E Gold Group Inc.,1791 NW 123rd Avenue,PEMBROKE PINES,FL,33026-3824,(786) 760-1130,regoldgroupinc@gmail.com,
SkinLocal Orlando,4840 NEW BROAD ST,ORLANDO,FL,32814-6628,(407) 412-6812,maria@skinlocalorlando.com,
Skinney MedSpa,"9700 Collins Avenue, (suite # 637)",Bal Harbour,FL,33154,(305) 717-7576,marisa@skinneymedspa.com,
Haber-Healthcare LLC,"225 N LAKEMONT AVE, STE 100",WINTER PARK,FL,32792,(407) 721-1816,tanyachaber@hotmail.com,
OASIS DERMATOLOGY PLLC,"201 N LAKEMONT AVE, STE 100",WINTER PARK,FL,32792,(407) 377-5831,Jasmin@oasisdermatology.com,
Modern Vitality Medicine,5105 S ORANGE AVE,ORLANDO,FL,32809-3039,(407) 901-1808,javier@ylift.com,
Looklab Med Spa- Orlando,132 N PARK AVE,WINTER PARK,FL,32789-3813,(407) 887-5665,adminwinterpark@gmail.com,
Aesthetic Lane,"470 W NEW ENGLAND AVE, STE 100",WINTER PARK,FL,32789-4268,(407) 601-0753,info@aestheticlane.com,
VIO Med Spa SODO,"2205 S ORANGE AVE, UNIT C",ORLANDO,FL,32806-3078,(407) 929-0487,order@medvelle.com,
Boutiq Medical Clinic,817 Virginia Drive,Orlando,FL,32803,(407) 777-2449,kbucky@me.com,
Loutfi Aesthetics,"925 S DENNING DR, STE 4",WINTER PARK,FL,32789-4766,(407) 731-4258,laura@loutfiaesthetics.com,
Encore Chiropractic & Wellness,"1270 ORANGE AVE, STE D2",WINTER PARK,FL,32789-4946,(407) 636-5771,courtlyn@encorechiropracticwellness.com,
Elite Anti-Aging,"15871 PINES BLVD, STE 9",PEMBROKE PINES,FL,33027-1220,(754) 275-6675,eliteantiaging@gmail.com,
CSM Aesthetics,1201 N SHENANDOAH AVE,FRONT ROYAL,VA,22630-3531,(540) 974-4438,csmaesthetic@gmail.com,
Thrive MedSpa and Wellness,15030 WASHINGTON ST,HAYMARKET,VA,20169-4999,(540) 690-9249,eazubowicz@thrivemedspava.com,
Advanced Aesthetics,"24560 SOUTHPOINT DR, STE 270",ALDIE,VA,20105-3504,(571) 262-7512,,
Stone Ridge Wellness and Aesthetics,"24560 SOUTHPOINT DR, STE 220",ALDIE,VA,20105-3505,(571) 570-4300,megan.malik@stoneridgefamilymedicine.com,
US Dermatology Partners - Centreville,"13880 BRADDOCK RD, STE 301",CENTREVILLE,VA,20121-2462,(703) 222-2773,ap@usdermpartners.com,
Blossom Medical Aesthetics,8 West Fairfax Ln.,Winchester,VA,22601,(540) 323-7254,,
BLOSSOM MEDICAL AESTHETICS,8 W FAIRFAX LN,WINCHESTER,VA,22601-4814,(919) 609-9012,ap@skintypesolutions.com,
NAVA Health and Vitality - Ashburn,"43670 GREENWAY CORPORATE DR, STE 122",Ashburn,VA,20147-6996,(800) 762-6282,,
AVIE MedSpa and Laser Center,"552 FORT EVANS RD, STE 101",LEESBURG,VA,20176-3378,,,
US Dermatology Partners - Sterling,"21495 RIDGETOP CIR, STE 105",STERLING,VA,20166-6512,(703) 450-5959,,
PermaSkin,"13663 OFFICE PL, STE 101",WOODBRIDGE,VA,22192-4216,(571) 776-6187,contact@permaskin.net,
Integrated Dermatology of Reston LLC,"1886 METRO CENTER DR, STE 650",RESTON,VA,20190-5294,(703) 437-7744,idreston@bill.com,
Noor Esthetique and Wellness Center,"21430 CEDAR DR UNIT 101, STE 214",STERLING,VA,20164-8697,(703) 996-4377,furhanq@gmail.com,
SaiSei Aesthetic and Wellness Studio,"21340 Cedar Drive, Suite 214. Room 131",Sterling,VA,20164,(703) 606-5544,gazelle@saiseimedspa.com,
Aroramd LLC,"4017 WILLIAMSBURG CT, STE 100",FAIRFAX,VA,22032-1139,(844) 782-6963,,
Essentials Massage & Facials Spa of Woodbridge,"2701 NEABSCO COMMON PL, STE 118",WOODBRIDGE,VA,22191-4189,(703) 343-7200,essentialsofwoodbridge@gmail.com,
VIO Med Spa - Woodbridge,"14900 POTOMAC TOWN PL, STE 130",WOODBRIDGE,VA,22191-4095,(646) 612-7575,noreply@medvelle.com,
Shine Aesthetics,"1300 THORNTON ST, STE 102",FREDERICKSBURG,VA,22401-4608,(540) 681-1683,Md@shineaesthetics.co,
Contours Concierge,"8316 ARLINGTON BLVD, STE 524",FAIRFAX,VA,22031-5216,(703) 579-7752,,
US Dermatology Partners of Fairfax,"8316 ARLINGTON BLVD, STE 400",FAIRFAX,VA,22031-5216,(703) 641-0083,,
Rejuvenation Clinic,"8614 WESTWOOD CENTER DR, STE 100",VIENNA,VA,22182-2233,(703) 223-2470,info@myrejuvenationclinic.com,
Elevation Hydration,"362 W BURR BLVD, STE 3",KEARNEYSVILLE,WV,25430-4787,(304) 756-0177,ehwvoffice@gmail.com,
Milani Medspa,"2070 CHAIN BRIDGE RD, STE 160",VIENNA,VA,22182-2598,(703) 517-6600,mahsa@milanimedspa.com,
ProMD Health-ProMD2PA - Tyson's Corner,"1765 GREENSBORO STATION PL, STE 160",MC LEAN,VA,22102-3471,(703) 344-4134,Tysons@promdhealth.com,
Pure Med Spa,"1430 SPRING HILL RD, STE 103",MC LEAN,VA,22102-3017,(571) 260-6837,info@puremed-spa.com,
Sadiya Clinic,"8206 LEESBURG PIKE, STE 306",VIENNA,VA,22182-2614,(703) 424-8434,info@sadiyaclinic.com,
William W Wang DDS,"4600 JOHN MARR DR, STE 303",ANNANDALE,VA,22003-3310,(703) 750-0284,periowang@verizon.net,
VIO Med Spa Springfield,6420A SPRINGFIELD PLZ,SPRINGFIELD,VA,22150-3428,(513) 518-7019,noreply@medvelle.com,
V/O Medspa Springfield,6420A Springfield Plaza,Springfield,VA,22150,,,
Alli Fuentes Aesthetics,"701 W BROAD ST, STE 320",FALLS CHURCH,VA,22046-3220,(703) 679-8462,allifuentesaesthetics@gmail.com,
Metropolitan ENT and Facial Plastic Surgery,"6355 WALKER LN, STE 308",ALEXANDRIA,VA,22310-3247,(703) 313-7700,MetroENT@LMGDOCTORS.com,
Nasreen M Sheikh,"200 LITTLE FALLS ST, STE 302",FALLS CHURCH,VA,22046-4302,(703) 237-7546,,
Angels Aesthetics,"6850 ELM ST, STE 100B",MC LEAN,VA,22101-3861,(301) 254-6696,p.difranco@icloud.com,
MD Esthetics - MC Lean,6665B OLD DOMINION DR,MC LEAN,VA,22101-4552,(339) 293-9211,accounting@mdestheticsus.com,
SkinSpirit - McLean,"6224 OLD DOMINION DR, STE 6D",MC LEAN,VA,22101-4217,(571) 648-4600,accountspayable@skinspirit.com,
NM Aesthetics Wellness,"4201 WILSON BLVD, STE 250",ARLINGTON,VA,22203-4428,(571) 310-3223,megan@nmaesthetics.com,
"Hilary Dean NP, LLC",230 W KING ST,MARTINSBURG,WV,25401-3212,(304) 433-4007,,
Arlington Dermatology,"801 N QUINCY ST, STE 210",ARLINGTON,VA,22203-1708,(703) 259-9561,manager@arlingtonvaderm.com,
Dose Aesthetics,340 Towncenter Dr,Charlottesville,VA,22911,,jmbodenstein@gmail.com,
"Charlottesville Aesthetics, LLC","340 TOWNCENTER LN, STE 200B",CHARLOTTESVILLE,VA,22911-5617,(434) 882-0938,info@doseaestheticsva.com,
Wells Aesthetics,"6903 ROCKLEDGE DR, STE 920",BETHESDA,MD,20817-1861,(240) 858-4176,,
Blue Aesthetics,"2121 15TH ST N, STE 100A",ARLINGTON,VA,22201-2686,(703) 712-1913,hello@blueaestheticsspa.com,
NAVA Health and Vitality - Bethesda,"6410 ROCKLEDGE DR, STE 510",BETHESDA,MD,20817-7943,(800) 762-6282,purchasing@navacenter.com,
ProMD Arlington,"1530 Wilson Blvd, suite 170",ARLINGTON,VA,22209,(410) 449-2060,ccook@promdhealth.com,
Braun Dermatology and Skin Cancer Center,"3301 NEW MEXICO AVE NW, STE 301",WASHINGTON,DC,20016-3603,(202) 293-7618,csalinas@braundermatology.com,
Pure Aesthetica,2212 MOUNT VERNON AVE,ALEXANDRIA,VA,22301-1393,(703) 664-0184,jodey@pureaesthetica.com,
Aiyana Atelier,112 S FAYETTE ST,ALEXANDRIA,VA,22314-2919,(571) 312-5658,aiyanaatelier@gmail.com,
Dermatologic Surgery Center of Washington,"5530 WISCONSIN AVE, STE 820",CHEVY CHASE,MD,20815-4401,(301) 652-8081,darlene.shaw@mohs-md.com,
Chevy Chase Dermatology Center,"5454 WISCONSIN AVE, STE 1400",CHEVY CHASE,MD,20815-6931,(301) 951-7905,contactus@drtdermatology.com,
Skin at LRG LLC,"6900 WISCONSIN AVE, STE 400",CHEVY CHASE,MD,20815-6115,(301) 656-5444,contactus@skinatlrg.com,
Bella Bliss Med Spa,"6232 MONTROSE RD, STE 3",NORTH BETHESDA,MD,20852-4119,(571) 635-6549,leah@bellablissmedspa.com,
ReSculpt Aesthetics,"1028 33RD ST NW, STE 200",WASHINGTON,DC,20007-3571,(202) 834-0701,libby@resculptdc.com,
Fresh Face,"8311 WISCONSIN AVE, STE B9",BETHESDA,MD,20814-3131,(240) 630-1952,freshfacebethesda@gmail.com,
Alternative Health Associates,215 N WASHINGTON ST,ALEXANDRIA,VA,22314-2520,(703) 683-5736,serennaschantz@gmail.com,
ITS A SECRET MED SPA - Washington DC,1365 WISCONSIN AVE NW,WASHINGTON,DC,20007-3382,(469) 639-2011,purchasing@secretmedspa.com,
Hela Medical Spa,"3128 M ST NW, FL 3",WASHINGTON,DC,20007-3704,(202) 333-4445,accounting@helaspa.com,
Cosmedica Dermatology,"1250 23RD ST NW, STE 410",WASHINGTON,DC,20037-1279,(202) 796-8886,shogan@cosmedicadermatology.com,
DentalPolitan,2075 L ST NW,WASHINGTON,DC,20036-4957,(202) 991-3737,hello@dentalpolitan.com,
Andrew J. Adelson,"1155 21ST ST NW, STE M400",WASHINGTON,DC,20036-3336,(202) 496-9181,andyadelson@live.com,
Ever/Body - Logan Circle,1618 14TH ST NW,WASHINGTON,DC,20009-4335,(917) 781-2352,invoices@weramp.com,
Kitty Calloway,"675 PETER JEFFERSON PKWY, STE 100",CHARLOTTESVILLE,VA,22911-8618,(434) 424-5444,info@drchance.com,
Lotus Wellness,"12 S MARKET ST, STE 302",FREDERICK,MD,21701-5590,(240) 772-1778,,
Maria Hawkins Aesthetics,512 N MARKET ST,FREDERICK,MD,21701-5243,(240) 439-4305,admin@hawkinsaesthetics.com,
Dental Solutions LLC,7715 BELLE POINT DR,GREENBELT,MD,20770-3300,(301) 220-1790,stolu01@gmail.com,
Luna Aesthetics and Wellness,"INSIDE BELLA SALON AND SPA, 1691 LANGLEY DR",HAGERSTOWN,MD,21740-2000,(240) 916-2409,Admin@lunaaesthetics.org,
Kairos Rejuvenation,"12916 CONAMAR DR, STE 105",HAGERSTOWN,MD,21742-2760,(301) 798-6025,drtorrence@kairosrejuvenation.com,
Multiply Change,406 OBRECHT RD,SYKESVILLE,MD,21784-7628,(443) 536-8381,beth@multiplychange.com,
Cosmetic Lounge,"3525 ELLICOTT MILLS DR, STE M",ELLICOTT CITY,MD,21043-4622,(443) 388-2225,info@cosmeticloungemd.com,
Rachel Duke,"1630 WILKES RIDGE PKWY, STE 103",HENRICO,VA,23233-7410,(804) 500-0920,info@rachelduke.com,
Youthful Obsession,165 MITCHELLS CHANCE RD,EDGEWATER,MD,21037-2773,(410) 696-5009,ckr@youthfulobsession.com,
The Firm Medspa,3814 GLEBE MEADOW WAY,EDGEWATER,MD,21037-1965,(410) 205-5510,,
"The Skin Shoppe, LLC By ProMD Health Westminster","412 MALCOLM DR, STE 306",WESTMINSTER,MD,21157-6167,(410) 871-8734,theskinshoppe@promdhealth.com,
Bareback Aesthetics,"128 LUBRANO DR, STE 102",ANNAPOLIS,MD,21401-7028,(443) 775-2821,caroline@bareback-aesthetics.com,
Aesthetic Center of Richmond Dermatology,"3960 STILLMAN PKWY, STE 101",GLEN ALLEN,VA,23060-4197,(804) 285-2320,Kbirkenfeld@richmonddermlaser.com,
SkinSpirit - Annapolis,"1915 TOWNE CENTRE BLVD, STE 110",ANNAPOLIS,MD,21401-3194,(667) 646-5700,accountspayable@skinspirit.com,
Perpetual Skin,"151 WEST ST, STE 100",ANNAPOLIS,MD,21401-2854,(410) 404-2012,bethcpalmer@gmail.com,
VitaPure IV,"7110 FOREST AVE, STE 100",RICHMOND,VA,23226-3762,(804) 636-3359,mct@vitapureinfusions.com,
The Facebar,"4231 POSTAL CT, STE 100",PASADENA,MD,21122-4411,(443) 781-3195,pamela@facebaram.com,
Zinsser Plastic Surgery,"1501 MAPLE AVE, STE 101B",RICHMOND,VA,23226-2553,(804) 474-9805,rzinsser@zinsserplasticsurgery.com,
ProMD Health Inc - Baltimore - Tox Bar,"3904 BOSTON ST, STE 102",BALTIMORE,MD,21224-5798,(667) 200-3148,ccook@promdhealth.com,
Travis Shaw MD,"8730 STONY POINT PKWY, STE 120",RICHMOND,VA,23235-1959,(804) 775-4559,cori@feelsynergy.com,
LongJuve Med Spa,"Executive Plaza 3, 11350 MCCORMICK RD # 101",HUNT VALLEY,MD,21031-1002,(410) 705-5952,jmitchell@longjuve.com,
Maryland Eye & Face LLC,"9110 PHILADELPHIA RD, STE 108",ROSEDALE,MD,21237-4323,(410) 517-7957,parag.gandhi@gmail.com,
LeeAnn Mentzer,2112 DIDONATO DR,CHESTER,MD,21619-2628,(443) 286-9829,,
Mode Aesthetics & Wellness LLC,"9712 BELAIR RD, STE 102",NOTTINGHAM,MD,21236-1111,(443) 818-7244,luxmodeaesthetics@gmail.com,
MAEsthetics LLC,"10310 MEMORY LN, STE 1A",CHESTERFIELD,VA,23832-8828,(804) 464-8948,melissa@maesthetics.com,
Faith Ordos,"564 BALTIMORE PIKE, STE 406",BEL AIR,MD,21014-4331,(410) 914-8022,FAITHORDOS@GMAIL.COM,
Manna Life Health & Wellness,10 W LEE ST,BEL AIR,MD,21014-3536,(410) 297-0399,jennaylynne1018@me.com,
Vanity Skin Bar,3311 ROSARY CT,ABINGDON,MD,21009-2349,(667) 344-8942,contact@vanityskinbar.com,
Revived Medical Aesthetics - York,85 WYNTRE BROOKE DR,YORK,PA,17403-4536,(302) 384-2615,Revivedmedicalaestheticsyork@gmail.com,
Setzer Personal Physicians,645 N 12TH ST,LEMOYNE,PA,17043-1219,(717) 724-0290,marisa@setzermd.com,
OM Laser and Wellness,"3709 STRAWBERRY PLAINS RD, STE A",WILLIAMSBURG,VA,23188-3424,(757) 603-3915,,
Colonial Aesthetics & Wellness,"1309 Jamestown Rd, Suite 204",WILLIAMSBURG,VA,23185-3362,(757) 585-4162,colonialaesthetic@gmail.com,
Belleza Spa LLC,5984 CAMDEN DR,HARRISBURG,PA,17112-3566,(717) 608-1870,bellezaspa.llc@gmail.com,
Legacy Plastic Surgery & Medical Aesthetics of Lancaster,"608 RICHMOND DR, STE 103",LANCASTER,PA,17601-8823,(717) 435-9534,,
Mor Esthetics,"245 BLOOMFIELD DR, STE 104",LITITZ,PA,17543-7788,(717) 200-8758,javier@ylift.com,
SaltWater Aesthetics & Wellness,"665 S CARTER RD, UNIT 1",SMYRNA,DE,19977-7728,(302) 317-2690,saltwaterintegrativewellness@gmail.com,
Phases Medical Spa,1012 N WALNUT ST,MILFORD,DE,19963-1244,(302) 500-4220,phasesmedicalspa@gmail.com,
Center for Aesthetics and Rejuvenation,"56 OMEGA DR, STE F56",NEWARK,DE,19713-2062,(302) 283-9898,INFO@careestheticsdelaware.com,
Bijin Inc.,"5700 KIRKWOOD HWY, STE 104",WILMINGTON,DE,19808-4883,(302) 777-4040,judy@bijindelaware.com,
Gillespie Plastic Surgery,"2383 LIMESTONE RD, 2nd floor",WILMINGTON,DE,19808-4103,(302) 274-2996,jgillespiemd@gmail.com,
Viva Skin Lounge,40 CARPENTER LN,IRWIN,PA,15642-1210,(412) 919-7707,Willow@vivaskinlounge.com,
Houppette Ltd.,"GREENVILLE SHOPPING CENTER, 4021 KENNETT PIKE STE D",GREENVILLE,DE,19807-2040,(302) 421-9036,accounting@houppette.com,
Danyo Plastic Surgery,"TWO GREENVILLE CROSSING, 4001 KENNETT PIKE STE 234",WILMINGTON,DE,19807-2029,(302) 888-0508,denise@danyops.com,
The Skin Center- Murrysville,"203 BLUE SPRUCE WAY, UNIT A",MURRYSVILLE,PA,15668-8004,(412) 429-1151,,
Christopher Saunders,"2211 SILVERSIDE RD, FL 1",WILMINGTON,DE,19810-4501,(302) 652-3331,hrolfe@wilmsurgery.com,
VIO Med Spa Glen Mills,581 WILMINGTON W CHESTER PIKE,GLEN MILLS,PA,19342-8191,(646) 612-7575,noreply@medvelle.com,
Nicole Pantle,600 TOWN CENTRE DR,GLEN MILLS,PA,19342-3346,(484) 842-1885,pantle.medicalspa@gmail.com,
Portrait Spa-McMurray,"Turnberry Salon Suites, 3311 Washington Rd, Suite 302",McMurray,PA,15317,(858) 293-1152,accounting@portraitspa.com,
Lamb Medical & Aesthetics,"3323 WASHINGTON RD, STE 100",MC MURRAY,PA,15317-6408,(724) 969-5262,Mlamb@lambmedical.com,
Ageless Skin and Beauty,"3515 WASHINGTON RD, STE 554",CANONSBURG,PA,15317-3063,(412) 757-2711,Agelessestheticsbeauty@gmail.com,
Margaret S Lally MD,1382 OLD FREEPORT RD,PITTSBURGH,PA,15238-3159,(412) 967-1192,molly.marous@gmail.com,
Refreshed Aesthetics,1122 FREEPORT RD,PITTSBURGH,PA,15238-3104,41245586684129902155,vedari.jp@gmail.com,
Skin Revival at Paragon,"1 N CENTRAL AVE, STE 400",CANONSBURG,PA,15317-1301,(724) 746-7020,skinrevival@paragonpersonalhealthcare.com,
The Skin Center- Southpointe - Canonsburg,"1900 MAIN ST, STE 125",CANONSBURG,PA,15317-5861,(412) 429-1151,Accountspayable@theskincentermd.com,
Specialists in Plastic Surgery of Pittsburgh,5727 CENTRE AVE,PITTSBURGH,PA,15206-3707,(412) 363-6626,jessicac.drcapone@gmail.com,
SavvyDerm Skin Clinic,"32782 CEDAR DR, STE 2",MILLVILLE,DE,19967-6919,(302) 257-5089,admin@savvyderm.com,
Radiance at Fluhme,3037 WASHINGTON PIKE,BRIDGEVILLE,PA,15017,(412) 886-5382,lexkan1@verizon.net,
The Skin Center Surgery - Mt Lebanon Surgery,"2275 SWALLOW HILL RD, STE 2500",Pittsburgh,PA,15220-1656,(800) 429-1151,Accountspayable@theskincentermd.com,
GM Management PA LLC DBA Maae Aesthetics,"50 NATIONAL AVE, STE 18B",MALVERN,PA,19355-8501,(835) 201-6822,info@maaeaesthetics.com,
MD Esthetics - Norfolk,"332 GRANBY ST, STE 200",NORFOLK,VA,23510-1931,(757) 228-5100,accounting@mdestheticsus.com,
"Wingate Plastic Surgery, PLLC",305 WINFIELD RD,DEVON,PA,19333-1735,(610) 813-9335,Glowteam@wingateplasticsurgery.com,
Hebe Med Spa - Saratoga Springs,28 DIVISION ST,SARATOGA SPRINGS,NY,12866-2176,(845) 765-8181,irina@thehebespa.com,
Bellatas Medical Aesthetics,28 CLINTON ST,SARATOGA SPRINGS,NY,12866-2391,(518) 306-6197,laura@bellatasmedspa.com,
"Albany ENT & Allergy Services, PC","1785 ROUTE 9, STE 201",CLIFTON PARK,NY,12065-2451,(518) 701-2075,finance@albanyent.com,
Linda West Nurse Practitioner in Family Health,814 TROY SCHENECTADY RD,LATHAM,NY,12110-2424,(518) 212-7571,linda@west-aesthetics.com,
Latham Dermatology,"711 TROY SCHENECTADY RD, STE 208",LATHAM,NY,12110-2461,(518) 783-8780,lathamderm@bill.com,
Tuscan Sun at Kimberly’s,982 NEW LOUDON RD,LATHAM,NY,12110-2107,(518) 785-5868,Info@tuscanspaandsalon.com,
Complexions Spa,221 WOLF RD,ALBANY,NY,12205-1114,(518) 489-5231,denise@complexions.com,
Fournier Plastic Surgery,"100 GREAT OAKS BLVD, STE 103",ALBANY,NY,12203-7924,(518) 414-3010,fourniermd@fournierplasticsurgery.com,
Ehden Medical Aesthetics,622 NEW LOUDON RD,LATHAM,NY,12110-4070,(518) 244-3558,patriciafrangie@ehdenaesthetics.com,
Capital Care Family Med Esthetics,"1882 NEW SCOTLAND RD, STE 200",SLINGERLANDS,NY,12159-3627,(518) 429-2909,kmorgan@communitycare.com,
The Artistry of Face - Albany,475 Albany Shaker Road,Albany,NY,12211,(518) 940-4501,ap@empower.spa,
Albany ENT & Allergy Services,123 Everett Road,Albany,NY,12205,(518) 701-2121,JBAUM@ALBANYENT.COM,
Untamed Beauty LLC,1102 THORNSBROOK DR,GLENMONT,NY,12077-3013,(518) 528-1896,joannamaxon9@gmail.com,
The Artistry of Face - Glenn Falls,481 GLEN ST,GLENS FALLS,NY,12801-2907,(518) 940-4501,,
Bellissima Medspa,"243 MAIN ST, STE 160",NEW PALTZ,NY,12561-1355,(845) 656-5496,info@bellissimamedspahv.com,
Renaissance MediSpa and Wellness Center,"46 FOX ST, STE 4",POUGHKEEPSIE,NY,12601-4726,(845) 271-7653,MD@renaissancemedispa.com,
One Vida,4309 E GENESEE ST,SYRACUSE,NY,13214-2137,(315) 636-6000,norma.cooney@onevida.com,
The Hamptons Medispa,"15 COLLEGE HWY, STE A",SOUTHAMPTON,MA,01073-9274,(413) 587-0600,lisarnaesthetic@gmail.com,
Allcroft Facial Plastic Surgery,163 CONZ ST,NORTHAMPTON,MA,01060-3848,(413) 586-3200,mcysz@allcroftsurgery.com,
Better You Beauty,"2 S WINCHESTER ST, STE B",SWANZEY,NH,03446-3211,(603) 762-1790,suzanne@betteryou.beauty,
Salt Boutique Labs,70 E MAIN ST,WAPPINGERS FALLS,NY,12590-2542,(845) 632-8552,saltboutiquelabs@gmail.com,
Family Health PLLC,"70 E MAIN ST, STE 2",WAPPINGERS FALLS,NY,12590-2543,(845) 416-5048,Hello@ritualmedispa.com,
The Wellness Drip,1817 RIVERDALE ST,WEST SPRINGFIELD,MA,01089-1006,(413) 217-0578,admin@thewellnessdrip.com,
Hampton Health,2543 ROUTE 52,HOPEWELL JUNCTION,NY,12533-3227,(845) 337-1333,info@hamptonhealth.org,
VIO Med Spa - Canton,"110 ALBANY TPKE, STE 905",CANTON,CT,06019-2551,(646) 612-7575,noreply@medvelle.com,
Belladonna Medpsa,"20 W AVON RD, STE 202",AVON,CT,06001-3677,(860) 966-0070,diane.cichy@belladonnact.com,
Farmington Valley Dermatology & Surgery,"30 W Avon, Ste. E - Lower Level",Avon,CT,06001,(860) 674-9900,swalker@fvderm.com,
The Shot Shop - Longmeadow,722 Bliss Road,Longmeadow,MA,01106,(860) 746-0007,teri@ssmedspa.com,
Salve Health PLLC,"1001 DAY HILL RD, Suite 9",WINDSOR,CT,06095-1728,(413) 636-4918,alissa@salvehealth.net,
Evergreen Wellness & Med Spa DBA Contours Spa & Wellness,2 BESTOR LN,BLOOMFIELD,CT,06002-2401,(860) 243-0340,xuanthao.nguyen07@gmail.com,
Healthwell LLC,10 PURLING BROOKS DR,HANOVER,NH,03755-6625,(203) 518-2623,healthwellnh@gmail.com,
Ignite Med Spa & Wellness,"LOWER LEVEL, 945 FARMINGTON AVE",WEST HARTFORD,CT,06107-2203,(860) 231-1004,jessica@ignite-medspa.com,
Mia's Medical Spa,"45 S MAIN ST, STE 308",WEST HARTFORD,CT,06107-2402,(860) 384-8393,miasmedispa@gmail.com,
Daurie DeVore Marsden,"246 FEDERAL RD, STE CL41",BROOKFIELD,CT,06804-2650,(203) 491-4234,hailoaesthetics@gmail.com,
Grace Medical Aesthetics - Southington,1095 West St,Southington,CT,06489,(860) 578-4722,,
Beauty Lab and Laser,81 WEST ST,DANBURY,CT,06810-6528,(203) 794-1113,Nurserosebeers@gmail.com,
Rose Beers,81 West St,Danbury,CT,06810,(203) 560-6333,nurserosebeers@gmail.com,
Suzanne's Skin2Soul LLC,101 SNYDER HILL RD,ITHACA,NY,14850-6319,(607) 220-8778,chrism2633@gmail.com,
Eileen Quinones-Rosado,340 ROUTE 202,SOMERS,NY,10589-3237,(866) 589-3110,eileenfnp@luzmedispa.com,
Karter Advanced Facial Plastic Surgery,"120 HEBRON AVE, STE 2A",GLASTONBURY,CT,06033-2096,(860) 775-5595,sarina@karterplasticsurgery.com,
Thrive Center for Health,"10 Commerce Street, Ste A",Glastonbury,CT,06033,(860) 200-8268,drdemers@thrivecenterforhealth.com,
Mist Beauty and Wellness Lounge,490 CORNWALL AVE,CHESHIRE,CT,06410-2650,(203) 296-3552,,
JT Aesthetics,381 MAIN ST,RIDGEFIELD,CT,06877-4601,(203) 479-0840,jtaestheticsmedspa@gmail.com,
Grace Medical Aesthetics - Bedford Hills,532 BEDFORD RD,BEDFORD HILLS,NY,10507-1618,(914) 279-0081,deb@gracemedicalaesthetics.com,
Crystal Banfield,"1418 MAIN ST, STE 101E",PECKVILLE,PA,18452-2049,(570) 205-7396,,
Amanda Injects,"1550 MAIN ST, STE 1",DICKSON CTY,PA,18447-1345,(570) 498-7234,amanda.denaples@gmail.com,
David E Bank,359 E MAIN ST,MOUNT KISCO,NY,10549-3028,(914) 241-3003,lori@thecentetforderm.com,
Thrive Wellness and Aesthetics LLC,"666 LEXINGTON AVE, STE 100",MOUNT KISCO,NY,10549-3637,(914) 677-2674,,
Luna Wellness & Aesthetics,3848 WHITNEY AVE,HAMDEN,CT,06518-1518,(475) 342-4009,jen@lunawellnessct.com,
Scott Callahan,"140 MONROE TPKE, UNIT D",TRUMBULL,CT,06611-1357,(203) 513-8457,officemanager@dvmedspa.com,
LMG Cosmetics at Lackawanna Medical Group,201 SMALLACOMBE DR,SCRANTON,PA,18508-2616,(570) 961-0171,amonacelli@lmghealthandwellness.com,
Turcatti's Salon and Spa,101 E DRINKER ST,DUNMORE,PA,18512-2431,(570) 862-6134,,
MD Esthetics Leominster,55 MEAD ST,LEOMINSTER,MA,01453-2965,(978) 962-3818,accounting@mdestheticsus.com,
"Complexion Perfexion, LLC","44 OLD RIDGEFIELD RD, STE 107",WILTON,CT,06897-3059,(203) 210-5626,Info@complexionperfexion.com,
Liv Aesthetics Medical Spa - Thornwood,615 COLUMBUS AVE,THORNWOOD,NY,10594-1908,(315) 923-4623,livaestheticsmedspa@gmail.com,
"Lisa Topham RN, LLC","57 DANBURY RD, STE 103",WILTON,CT,06897-4439,(203) 520-3546,josiecat1121@gmail.com,
Nava Health and Vitality - Montvale,34 FARM VW,MONTVALE,NJ,07645,(800) 762-6282,accountspayable@ascendone.com,
A&M Beauty and Wellness,"31 Old Nashua Rd, #15",Amherst,NH,03071,(603) 400-6733,info@ambeautynh.com,
Dominick P Artuso MD PC DBA Mia Beauty Medical Spa,"220 WHITE PLAINS RD #, STE 590",TARRYTOWN,NY,10591-5837,(914) 418-5575,HI@miabeautymedicalspa.com,
LPRG Stamford LLC,1018 HIGH RIDGE RD,STAMFORD,CT,06905-1605,(203) 973-7829,purchasing@attunemedspa.com,
Skinspirit-Park Ridge NJ,"146 KINDERKAMACK RD, STE A",PARK RIDGE,NJ,07656-1332,(206) 633-6225,accountspayable@skinspirit.com,
Confident Med Spa - Amherst,"124 NH 101A, STE 36",AMHERST,NH,03031-2285,(603) 518-6800,saddario@confidentmedspa.com,
Dr K Services PC,"10 MOTT AVE, STE 1A",NORWALK,CT,06850-3320,(203) 838-8844,lia@drkirwan.com,
MD Esthetics Groton,"489 MAIN ST, STE B",GROTON,MA,01450-1388,(781) 429-3568,accounting@mdestheticsus.com,
Core Nutrition and Wellness,"145 PALISADE ST, STE 209",DOBBS FERRY,NY,10522-1617,(914) 231-5249,Info@corenutritionwellness.com,
Aesthetic Dreams Medispa,23 1ST ST,NORWALK,CT,06855-2332,(203) 295-8045,aestheticdreamsmedispa@gmail.com,
Flawless Aesthetics,100 BROADWAY,HILLSDALE,NJ,07642-2764,20142463512016699862,hollowad123@gmail.com,
Sandra Landivar,"1767 SUMMER ST, STE 3",STAMFORD,CT,06905-5123,(203) 979-2178,beholdingbeautyaesthetics@gmail.com,
Wellness Insights,"745 POST RD, STE A",DARIEN,CT,06820-4745,(203) 883-0346,,
Sarah Medical PLLC DBA Longevite,883 POST RD,DARIEN,CT,06820-4603,(203) 309-1399,sarahmedicalpllc@gmail.com,
Bergen Dermatology Specialists,400 STATE RT 17,RIDGEWOOD,NJ,07450-2010,(201) 652-4536,denise@dermbc.com,
VIO Med Spa Dobbs Ferry,45 HAMILTON ST,DOBBS FERRY,NY,10522-2861,(917) 691-4096,noreply@medvelle.com,
Remedy Med Spa,"1 COTTON RD, UNIT 2",NASHUA,NH,03063-1212,(603) 288-5257,,
Beyond Beautiful by Melissa,"522 E PUTNAM AVE, STE 6",GREENWICH,CT,06830-4862,(203) 832-0314,melissa@beyondbeautifulbymelissa.com,
Biorevive,12 W RIDGEWOOD AVE,RIDGEWOOD,NJ,07450-3117,(551) 256-3728,contact@biorevive.org,
LPRG Greenwich LLC,43 GREENWICH AVE,GREENWICH,CT,06830-5510,(203) 973-7829,melissa@lprg.us,
Awaken Beauty Co.,9 MAIN ST,BEDFORD,NH,03110-4730,(603) 383-5353,info@awaken-beautyco.com,
Klein Horsley Aesthetics,2 S MAIN ST,PITTSTON,PA,18640-1712,(570) 672-7546,rachel@kleinhorsleyaesthetics.com,
Soft Life LLC,146 SOUND BEACH AVE,OLD GREENWICH,CT,06870-1725,(203) 858-1975,Purchasing@sumalifehouse.com,
The Cosmetic Clinic - Greenwich,"469 W PUTNAM AVE, STE 201",GREENWICH,CT,06830-6896,(203) 297-8908,Josyaesthetics@gmail.com,
Maria Abbate,"604 DANIEL WEBSTER HWY, STE 4",MERRIMACK,NH,03054-2743,(603) 633-3575,maria@beautifynh.com,
Contour Medical Aesthetics,44 E PARKWAY,SCARSDALE,NY,10583-4109,(914) 886-5644,nicole@contour-med-aesthetics.com,
Advanced Plastic Surgery,"2 OVERHILL RD, STE 430",SCARSDALE,NY,10583-5340,(914) 723-6300,info@advancedplasticsurgery.nyc,
Emerge MD Aesthetics,"126 VALLEY RD, FL 2",GLEN ROCK,NJ,07452-1744,(201) 383-5299,rochelleklingmd@gmail.com,
Ject LLC- Rye Brook,17 RYE RIDGE PLZ,RYE BROOK,NY,10573-2822,,accounting@jectnyc.com,
Dr. Lopa Y Gupta MD PLLC,"1230 MAMARONECK AVE, STE 203",WHITE PLAINS,NY,10605-5230,(914) 997-2646,Parkavenuefa@gmail.com,
It Aesthetix Paramus,"305 Rt 17 S, Suite 3-100A",Paramus,NJ,07652,(833) 615-2618,accountspayable@tpscnj.com,
Glow by Elena Reitman MD,"15 BROADWAY, STE 105",CRESSKILL,NJ,07626-2107,(201) 989-1083,ap@skintypesolutions.com,
"Catherine E. Curtin, NP in Family Health",77 PONDFIELD RD,BRONXVILLE,NY,10708-3809,(917) 300-0011,catherine@beautyandfly.com,
Infusive IV,2366 CORNING RD,ELMIRA,NY,14903-1045,(607) 215-5728,infusiveiv@gmail.com,
Studio50 Fitness,102 MAMARONECK AVE,MAMARONECK,NY,10543-3711,(914) 262-6933,michelle@studio50fitness.com,
Siwa Oasis Aesthetics,"350 MARKET ST, STE A",SADDLE BROOK,NJ,07663-5924,(973) 559-7492,fatima@siwaoasisaesthetics.com,
Larchmont Dermatology,2365 BOSTON POST RD,LARCHMONT,NY,10538-3500,(914) 833-3030,Office@larchmontderm.com,
All Health Medical Group,357 PROSPECT AVE,HACKENSACK,NJ,07601-2519,(551) 309-3555,jerylallaire@allhealthmedgroup.com,
Maya Med Spa,1228 ROUTE 46,LITTLE FALLS,NJ,07424-1810,(973) 333-2977,info@mayamedspa.com,
Hackensack MedSpa,"360 ESSEX ST, STE 301",HACKENSACK,NJ,07601-8566,20183129052016460110,hackensacklaser@gmail.com,
"Elissa Kalivas, APN",155 STATE ST,HACKENSACK,NJ,07601-5419,(551) 996-4050,javier@ylift.com,
Mana Wellness & Aesthetics,"3125 STATE ROUTE 10, STE 2B",DENVILLE,NJ,07834-3431,(201) 824-2200,info@manawellnessandaestheticsgroup.com,
MD Esthetics - Acton,274 GREAT RD,ACTON,MA,01720-4799,(978) 263-1406,accounting@mdestheticsus.com,
Rejuvenating Cosmetic Center for Dermatology,"175 FAIRFIELD AVE, STE 3C",WEST CALDWELL,NJ,07006-6415,(973) 228-4343,parulalworth@yahoo.com,
Aesthetic Rejuvenation Center,"140 SYLVAN AVE, STE 109",ENGLEWOOD CLIFFS,NJ,07632-2554,(551) 242-1991,info@rejuvenation-center.com,
Reflections Medical by Dr. Michael Fiorillo - Englewood Cliffs,"140 SYLVAN AVE, STE 212",ENGLEWOOD CLIFFS,NJ,07632-2559,(201) 408-5260,invoices@weramp.com,
Spindel Eye Associates - Derry,"6 TSIENNETO RD, STE 101",DERRY,NH,03038-1584,(603) 207-1113,dslentz@spindeleye.com,
Prive-Swiss MedSpa,10 MAIN ST,ESSEX,CT,06426-1119,(860) 662-4866,sandra@priveswiss.com,
V/O Med Spa - Clifton LLC,345 ALLWOOD RD,CLIFTON,NJ,07012-1722,(646) 612-7575,noreply@medvelle.com,
INJX By Nat,"25 LINDSLEY DR, STE 104",MORRISTOWN,NJ,07960-4456,(973) 449-1415,injxbynat@gmail.com,
4 Ever Young Morristown,"40 MARKET ST, STE 3B",MORRISTOWN,NJ,07960-5455,(973) 606-1148,leticiav@4everyoungmorristown.com,
"Timeless Beauty Ageless Face, LLC",8 WASHINGTON VALLEY RD,MORRISTOWN,NJ,07960-3412,(570) 640-5575,michelle.iacaruso@gmail.com,
Kelly PA PLLC,"205 E MAIN ST, STE 2-2",HUNTINGTON,NY,11743-7946,(631) 377-5925,thenaturalbeautymedspa@gmail.com,
Vitality Collective Aesthetics and Wellness,544 MERRIMACK AVE,DRACUT,MA,01826-5831,(844) 662-3288,support@myvitalitycollective.com,
The Peer Group for Plastic Surgery,124 COLUMBIA TPKE,FLORHAM PARK,NJ,07932-2106,(973) 822-3000,mdcandela@peergroupnj.com,
Berlin Beauty Medical Aesthetics,"2 W NORTHFIELD RD, STE 302B",LIVINGSTON,NJ,07039-3758,(862) 308-8113,,
Donnelley Dermatology PLLC,1075 PARK AVE # 1C,NEW YORK,NY,10128-1003,(212) 818-1743,Ndonnelleymd@donnelleydermatology.com,
SkinSpirit - New York,160 E 89TH ST,NEW YORK,NY,10128-2305,(206) 633-6225,accountspayable@skinspirit.com,
Hello Skin Medspa,"500 AVE AT PORT IMPERIAL BLVD, STE 140",WEEHAWKEN,NJ,07086-7542,(201) 430-8741,,
"Haideh Hirmand, MD","1040 PARK AVE, Suite DE",NEW YORK,NY,10028-1032,(212) 744-4400,manager@drhirmand.com,
Manhattan Plastic Surgery,"45 E 85TH ST, STE 1AB",NEW YORK,NY,10028-0957,(212) 584-7001,mchenmps@gmail.com,
"Alemi Facial Plastic Surgery, PLLC",944 PARK AVE,NEW YORK,NY,10028-0319,(516) 717-1000,carolyn.alemi@gmail.com,
LM Medical NYC,"GFRE, 940 PARK AVE",NEW YORK,NY,10028-0311,(917) 203-1837,BILLING@LMMEDICALNYC.COM,
Oren Zvi Lerman MD,799 PARK AVE,NEW YORK,NY,10021-3275,(212) 434-6980,,
Ject Upper East Side,1320 3RD AVE,NEW YORK,NY,10021-3203,(917) 573-6806,accounting@jectnyc.com,
Modern Age Wellness - 3rd Ave,1296 3RD AVE,NEW YORK,NY,10021-3453,(718) 669-0709,,
Unger Medical PC,"710 PARK AVE, STE 1A",NEW YORK,NY,10021-4944,(646) 454-1094,darcy@ungermedical.com,
Ariya Aesthetics - Salem,315 S BROADWAY,SALEM,NH,03079-4576,(603) 890-2054,ariyamedspa.salem@gmail.com,
Always Friday Medical Aesthetics,175 WATER ST,HALLOWELL,ME,04347-1356,(207) 449-5238,kelseyaudie3@gmail.com,
"NuLife Wellness, LLC",759 ROOSEVELT TRL,WINDHAM,ME,04062-5341,(207) 893-8918,info@nulifewellness.org,
Maine Beauty Co,"243 ROOSEVELT TRL, UNIT 2",WINDHAM,ME,04062-6434,(207) 333-2525,mainebeautyco@gmail.com,
Wendy Bowden Brows & Skincare,16 NORTHBROOK DR,FALMOUTH,ME,04105-3300,(207) 400-7674,,
Bevara Med Spa,"1 PORTLAND SQ, STE 108",PORTLAND,ME,04101-4057,(207) 544-6285,ap@bevaramedspa.com,
Beleza LLC,"333 CLARKS POND PKWY, STE 8",SOUTH PORTLAND,ME,04106-6920,(207) 347-1134,info@beleza-medspa.com,
Rejuvenations Medispa - South Portland,"778 MAIN ST, STE 1",SOUTH PORTLAND,ME,04106-5447,(207) 289-6221,cs@rejuvenationsmedispa.com,
Fresh Face Studio,18 PARK ST,GORHAM,NH,03581-1607,(603) 466-2323,info@freshfacestudio.com,
Revive Skin Clinic of Maine,1213 CANAAN RD,SKOWHEGAN,ME,04976-4419,(207) 558-4422,reviveskinclinicmaine@gmail.com,
Confident Medspa - Rochester,"155 Market Pl Blvd, Unit 4",Rochester,NH,03867,(603) 403-7700,saddario@confidentmedspa.com,
LIFE Medi Spa,"3 Winona Road, Suite 1B",Meredith,NH,03253,(603) 232-9008,info@lifemedispanh.com,
Northeast Dermatology Associates  - Dover,"51 Webb Pl, Suite 240",Dover,NH,03820,(603) 343-4905,,
Northeast Dermatology Associates - Dover NH,"51 WEBB PL, STE 240",DOVER,NH,03820-2454,(603) 343-4905,ap@phynet.com,
Untouched Allure,"24 CHESTNUT ST, STE 4",DOVER,NH,03820-7301,(603) 241-6371,untouchedallurenh@gmail.com,
Examined Life,276 US-1,York,ME,03909,(207) 977-0333,info@examinedlifellc.com,
MD Esthetics - Portsmouth,24 LADD ST,PORTSMOUTH,NH,03801-4010,(603) 812-3522,accounting@mdestheticsus.com,
Hera Skin & Wellness,"875 GREENLAND RD, Suite A9",PORTSMOUTH,NH,03874,(603) 427-8200,info@heraskinandwellness.com,
Renew Medical Aesthetics,"200 Lafayette Road, Suite 7",North Hampton,NH,03862,(603) 505-0517,info@renew-nh.com,
Optima Dermatology & Medical Aesthetics,23 PORTSMOUTH AVE,STRATHAM,NH,03885,(603) 942-2171,ap@optimadermatology.com,
Full Circle Health,"64 LAFAYETTE RD, UNIT 3",NORTH HAMPTON,NH,03862-2456,(603) 957-7179,debra.krison@gmail.com,
Confident Med Spa,31 FRESH RIVER RD,EPPING,NH,03042-2222,(603) 693-7285,saddario@confidentmedspa.com,
LaJolie Ageless Aesthetics,"149 EPPING RD, STE 2B",EXETER,NH,03833-4522,(603) 770-8912,kristyn.carvalho@gmail.com,
Northeast Dermatology Associates - Exeter NH,23 HAMPTON RD,EXETER,NH,03833-4807,(978) 691-5690,ap@phynet.com,
Confident Med Spa- Seabrook,"5 The Provident Way, STE 2",Seabrook,NH,03874,(603) 693-7285,saddario@confidentmedspa.com,
Ciao Bella Skincare,102 BRIDGE RD,SALISBURY,MA,01952-2447,(978) 580-5818,ciaobellaskincare@gmail.com,
Suite Six Medical Aesthetics,"6 WINTER ST, UNIT 6D",NEWBURYPORT,MA,01950-2458,(978) 358-8178,gabriela@suitesixmedspa.com,
Titan Medical Aesthetics,"21 HIGHLAND AVE, STE 9",NEWBURYPORT,MA,01950-3873,(978) 270-2261,info@newburyportmedicalspa.com,
Semel Vision Care,"390 N PCH, Suite 1100",El Segundo,CA,90245,(310) 641-1700,paula.semelvision@gmail.com,
Joyful Beauty NP,155 MAIN ST,PLAISTOW,NH,03865,(978) 702-3736,joyfulbeautynp@gmail.com,
Lift Medical,401 E MAIN ST,NEWPORT,VT,05855-5890,(802) 487-9383,ava@bluespruce.care,
Optima Dermatology,176 S RIVER RD,BEDFORD,NH,03110-7061,(603) 942-2003,ap@optimadermatology.com,
PeachyMed,"265 S RIVER RD, STE A",BEDFORD,NH,03110-6773,(603) 309-4932,DKeady@KFPMed.com,
Northeast Dermatology Associates - Bedford NH,"262 S RIVER RD, STE 101",BEDFORD,NH,03110-6916,(603) 334-1120,ap@phynet.com,
Northeast Dermatology Associates - Londonderry,"75 GILCREAST RD, UNIT 100",LONDONDERRY,NH,03053-3567,(603) 216-6236,,
Inbloom Health + Medispa,"25 BUTTRICK RD, STE C1",LONDONDERRY,NH,03053-3353,(603) 810-8158,accounting@partnerwithalpha.com,
Healthy Glow Beauty & Med Spa,225 NEWBURYPORT TPKE,ROWLEY,MA,01969-2011,(978) 432-1161,healthyglowbyjenny@gmail.com,
NuMi Aesthetics,"1B WALL ST, UNIT 204",WINDHAM,NH,03087-5503,(603) 479-9713,numi_aesthetics@yahoo.com,
Lasting Beauty LLC,"25 INDIAN ROCK RD, STE 22",WINDHAM,NH,03087-1691,(978) 771-6478,lastingbeautynh@gmail.com,
The Medical Skin Clinic - Salem,"23 Stites Road, STE 103",Salem,NH,03079,(603) 824-6888,INFO@THEMEDICALSKINCLINIC.COM,
JSJ Aesthetics,34 LOWELL RD,SALEM,NH,03079-4018,(603) 212-6530,jessica@jsjaesthetics.com,
Salon Da Vinci Med Spa,1274 OSGOOD ST,NORTH ANDOVER,MA,01845-1091,(351) 204-7212,davincisalonma@gmail.com,
MD Esthetics - North Andover,"123 Main St, Suite 6",North Andover,MA,01845,(603) 458-2102,accounting@mdestheticsus.com,
SKINRX Aesthetics,164 BAY RD,SOUTH HAMILTON,MA,01982-2232,(978) 626-1139,info@skinrxaesthetics.com,
The Delicate Rose,165 HAVERHILL ST,ANDOVER,MA,01810-1508,(617) 990-7293,,
MD Esthetics Nashua North LLC,537 AMHERST ST,NASHUA,NH,03063-1013,(339) 293-9211,accounting@mdestheticsus.com,
Skin Therapy Esthetics,"161 S MAIN ST, STE 306",MIDDLETON,MA,01949-2485,(978) 717-3307,skintherapy161@outlook.com,
MD Esthetics - Zen Spa,8 BOURBON ST,PEABODY,MA,01960-7481,(978) 896-6593,accounting@mdestheticsus.com,
InjectZEN,8 BOURBON ST,PEABODY,MA,01960-7481,(781) 454-5261,,
Renew Beauty Lab LLC,"1501 MAIN ST, STE 23",TEWKSBURY,MA,01876-2061,(978) 616-9960,rene.thebeautylab@gmail.com,
CosmeticsMD,21 CENTENNIAL DR,PEABODY,MA,01960,(978) 871-2181,lfrongillo@cosmeticsmd.com,
The B Suite Injections,187 LAKE ST,PEABODY,MA,01960-4721,(781) 632-7324,thebsuiteinections@gmail.com,
Elegance Aesthetics,"400 HIGHLAND AVE, STE 17",SALEM,MA,01970-1783,(305) 962-0306,accounting@portraitspa.com,
Lahey Clinic,1350 Market St,Lynnfield,MA,01940,,,
Shaun Charles Med Spa,"29 ALBION ST, STE 5",WAKEFIELD,MA,01880-2801,(781) 778-8438,Contact@shauncharlesmedspa.com,
MD Esthetics Woburn,"103 COMMERCE WAY, STE C",WOBURN,MA,01801-1068,(781) 953-3330,dimple457@gmail.com,
Pout About It,"117 MAIN ST, STE 5",STONEHAM,MA,02180-3305,(781) 267-9855,poutaboutitmedspa@gmail.com,
Stay Beautiful Medspa,"23 WARREN AVE, STE 125",WOBURN,MA,01801-4985,(978) 203-0172,info@staybeautifulmedspa.com,
VIO Med Spa - Burlington,102 MALL RD,BURLINGTON,MA,01803-5318,(781) 230-7728,noreply@medvelle.com,
DermPhysicians of New England,"304 CAMBRIDGE RD, STE 310",WOBURN,MA,01801-6078,(781) 272-7022,Drkasia@gmail.com,
Solla Aesthetics,"578 MAIN ST, UNIT B10",MALDEN,MA,02148-4094,(339) 293-2735,,
Jules RN,469 SALEM ST,MEDFORD,MA,02155-3336,(617) 671-4467,julesrn617@gmail.com,
Boston Cosmetic & Laser Center,153A Main St.,Everett,MA,02149,(781) 629-5828,,
Awaken Medical Aesthetics by MD Esthetics Lexington,201 MASSACHUSETTS AVE,LEXINGTON,MA,02420-4003,(781) 918-6644,accounting@mdestheticsus.com,
LAHEY HEALTH,16 HAYDEN AVE,LEXINGTON,MA,02421-7929,(781) 744-7993,bilh-accountspayable@bilh.org,
"Tufts Medical Center, Department of Dermatology","800 Washington Street, Box 114",Boston,MA,02111,(617) 636-2307,Bethany.Anconina@tuftsmedicine.org,
DeRosa Clinic,"91 NEWBURY ST, STE 300",BOSTON,MA,02116-3084,(617) 262-8000,info@derosaclinic.com,
"Dermatology, Laser & Aesthetics","745 BOYLSTON ST, STE 203",BOSTON,MA,02116-2614,(617) 895-6086,,
VIO Med Spa Boston - South End,"40 FAY ST, STE H-112",BOSTON,MA,02118-4318,(646) 612-7575,noreply@medvelle.com,
KayLiany Aesthetics LLC,"500 COMMONWEALTH AVE, STE 526",BOSTON,MA,02215-2606,(617) 971-8931,,
Monika Kaceli,"1400 CENTRE ST, STE 102",NEWTON CENTER,MA,02459-2415,(617) 795-7211,,
Plastic Surgical Associates,"2000 WASHINGTON ST, STE 444",NEWTON,MA,02462-1608,(617) 244-0990,psa02462@gmail.com,
DLauren Medical Aesthetics,"231 BOSTON POST RD, Ste. 1, 2nd Floor",Wayland,MA,01778-1838,(617) 564-0562,info@dlaurenmedical.com,
JEANNIE CHUNG MD PC,"40 WALNUT ST, STE 202",WELLESLEY HILLS,MA,02481-2175,(781) 235-3223,jfinn@drjeanniechung.com,
Hingham Medical Aesthetics,38 NORTH ST,HINGHAM,MA,02043-2234,(781) 556-5676,info@medicalaestheticsma.com,
"Krauss Dermatology, Inc","1 WASHINGTON ST, STE 401",WELLESLEY,MA,02481-1737,(781) 416-3500,javier@ylift.com,
DermWellesley,"20 WILLIAM ST, STE G15",WELLESLEY,MA,02481-4102,(781) 591-4234,officemanager@dermwellesley.com,
Radiance Medical Aesthetics and Wellness Spa,"5399 WILLISTON RD, STE 101",WILLISTON,VT,05495-5321,(802) 777-7300,orders@radiancevt.com,
Greta Hall Skincare,60 SOUTH ST,HINGHAM,MA,02043-2539,(617) 733-7170,financials@josepharussomd.com,
VIO Medspa Newton - Medspa Newton LLC,300 NEEDHAM ST,NEWTON UPPER FALLS,MA,02464-1532,(646) 612-7575,noreply@medvelle.com,
FOREVER YOUNG LASER & SKIN CENTER,170 WORCESTER STREET EAST ENTRANCE,Wellesley Hills,MA,02481,(781) 431-2110,TRACY.KORBY@FRVRYOUNG.COM,
Jay L Cohen MD,"464 HILLSIDE AVE, STE 303",NEEDHAM HEIGHTS,MA,02494-1228,(781) 449-3588,epash@mgb.org,
Boston Facial Plastic Surgery,"500 CONGRESS ST, STE 2A",QUINCY,MA,02169-0960,(617) 472-3137,karenc@bostonfacialplastics.com,
"Age Perfectly, P.C",555 WASHINGTON ST,WELLESLEY,MA,02482-5996,(781) 855-3845,info@age-perfectly.com,
Wave Medical Aesthetics,"945 GREAT PLAIN AVE, STE 20",NEEDHAM,MA,02492-3004,(617) 590-7224,deblitkenp@gmail.com,
Mythology Aesthetics,"10 FORBES RD, STE 172E",BRAINTREE,MA,02184-2605,(781) 795-9595,financials@josepharussomd.com,
Brisa Aesthetics,"1362 WASHINGTON ST, STE 1",EAST WEYMOUTH,MA,02189-2356,(781) 839-9668,brisaaesthetics@gmail.com,
New England Skin Center,994 Middle St,Weymouth,MA,02188,(781) 803-2455,,
Bare Medical Spa & Laser Center,"100 Bank Street, Suite700",BURLINGTON,VT,05401,,jamie@barevt.com,
Advanced Aesthetics,"1599 WASHINGTON ST, STE 1D",BRAINTREE,MA,02184-8161,(617) 308-2883,advancedaestheticsboston@gmail.com,
"LL Aesthetics, LLC","1132 MAIN ST, UNIT 3",SOUTH WEYMOUTH,MA,02190-1511,(877) 559-2674,LL_Aesthetics@hotmail.com,
VIO Med Spa Westwood,"S-411, 211 UNIVERSITY AVE",WESTWOOD,MA,02090-2333,(646) 612-7575,noreply@medvelle.com,
Dynamic Evolutions in Health & Beauty,"101 ACCESS RD, STE 1B",NORWOOD,MA,02062-5246,(617) 866-2500,ChristinaKnight64@gmail.com,
Bella Bela Aesthetics,"BACK OF BUILDING, 11 S MAIN ST",SHERBORN,MA,01770-1421,(857) 800-3597,bellabela617@hotmail.com,
The Eye Center,184 MARKET DR,ATHOL,MA,01331-9829,(978) 939-3128,tkenniff@plan-eye.com,
MD Esthetics - Marshfield,"1899 OCEAN ST, STE F",MARSHFIELD,MA,02050-3308,(781) 248-5769,accounting@mdestheticsus.com,
Joli Medical Spa,"1899 OCEAN ST, STE F",MARSHFIELD,MA,02050-3308,(781) 248-5769,financials@josepharussomd.com,
Md Esthetics- Canton,"1032 TURNPIKE ST, STE 302",CANTON,MA,02021-2866,(781) 821-0707,accounting@mdestheticsus.com,
"Vue Dermatology & Laser, PC","115 NORWOOD PARK S, STE 202",NORWOOD,MA,02062-4633,(781) 725-0505,,
"Scott A. Allegretti, DDS",135 BRADFORD ST,PROVINCETOWN,MA,02657-1465,(508) 487-2800,smile@ptowndentalarts.com,
BeautyEtc Skin Clinic,445 MAIN ST,MEDFIELD,MA,02052-2066,(508) 216-0112,mary@beautyetcskinclinic.com,
"Stephen Delia, MD","20 TREMONT ST, STE 3",DUXBURY,MA,02332-5315,(781) 934-1599,info@stephendelia.com,
Hingham Medical Aesthetics,"50 OLIVER ST, STE 109",NORTH EASTON,MA,02356-1467,(508) 219-2133,info@medicalaestheticsma.com,
Skin Esteem Med Spa,214 MAIN ST,KINGSTON,MA,02364-1928,(781) 422-3811,dawn@skinesteemmedspa.com,
Vive Aesthetics and Wellness,147 COURT ST,PLYMOUTH,MA,02360-8724,(774) 888-8518,viveaestheticsandwellness@gmail.com,
"Fine Lines Consulting, LLC","15 S PARK AVE, STE 1",PLYMOUTH,MA,02360-5468,(508) 728-3607,FineLinesSkinSpa@gmail.com,
"Steven V. Aveni DDS, PC",10 LINCOLN ST,PLYMOUTH,MA,02360-3326,(508) 501-6233,aveni.dds@verizon.net,
Art of Aesthetics,"10 COMMERCE WAY, STE 2",RAYNHAM,MA,02767-1071,(508) 369-3680,andisaesthetics1@gmail.com,
Blue Salon and Spa LLC,133 Wareham Road,Marion,MA,02738,(774) 553-5384,financials@josepharussomd.com,
MD Esthetics Cape Cod,"1421 Orleans-Harwich Rd, STE 19",Harwich,MA,02645,(339) 293-9211,accounting@mdestheticsus.com,
Allura Medical Aesthetics,13 South Angell Street,Providence,RI,02906,(401) 309-8227,,
Pretti Aesthetics,1600 Falmouth Rd,Osterville,MA,02632,(508) 827-4488,,
Quench Beauty and Hydration,"1012 N Waccamaw Dr., Suite 909",Murrells Inlet,SC,29576,(734) 306-0554,quenchbh@gmail.com,
TAYLOR WELLNESS Medical Spa,"5001 N KINGS HWY, STE 111",MYRTLE BEACH,SC,29577-2556,(843) 353-1616,info@taylorwellnessmedspa.com,
Body Revolution Aesthetics & Wellness,"1310 Azalea Ct., Ste. J",Myrtle Beach,SC,29577,(843) 213-1633,,
Southern Shores MedAesthetics LLC,"1021 CIPRIANA DR, STE 250",MYRTLE BEACH,SC,29572-4621,(843) 895-2120,,
Touch Med Spa,"702 6TH AVE S, STE 5",NORTH MYRTLE BEACH,SC,29582-3568,(843) 507-5998,info@touchmedspa.com,
Melindas Med-Spa and Salon,505 HIGHWAY 17 N,NORTH MYRTLE BEACH,SC,29582-2903,(843) 663-1307,melindasdayspa@gmail.com,
Current Med Spa,"1124 Sea Mountain Highway, Unit 2",North Myrtle Beach,SC,29582,(843) 371-1610,manager@currentmedspa.com,
"SeaSide MedSpa, P.A.",1557 SEASIDE RD SW,OCEAN ISLE BEACH,NC,28469,(910) 575-6999,Steiner2017@outlook.com,
Coastal Hydration & Aesthetics,302 LIBERTY ST,WHITEVILLE,NC,28472-3714,(919) 612-3169,info@coastalhydration.com,
Jeffrey S Church MD,1122 MEDICAL CENTER DR,WILMINGTON,NC,28401-7305,(910) 338-5900,,
Blue Medical Aesthetics,"3803 WRIGHTSVILLE AVE, STE 10",WILMINGTON,NC,28403-6232,(251) 776-2487,bluemednc@icloud.com,
Salt Aesthetics Bar,"5329 OLEANDER DR, STE 206",WILMINGTON,NC,28403-5841,(910) 769-1780,finance@wellabsplus.com,
Head to Toe Med Spa,"5815 OLEANDER DR, STE 110",WILMINGTON,NC,28403-4852,(910) 350-0444,mollie@headtotoemedspa.com,
Glo Med Spa,"1613 MILITARY CUTOFF RD, STE 110",WILMINGTON,NC,28403-5748,(910) 256-2690,invoices@weramp.com,
"Well Labs Plus, LLC","1904 EASTWOOD RD, STE 105",WILMINGTON,NC,28403-5727,(910) 994-6477,finance@wellabsplus.com,
Wilmington Dermatology Center,"710 MILITARY CUTOFF RD, STE 320",WILMINGTON,NC,28405-2382,(703) 861-9219,egeorge@wilmingtondermatologycenter.com,
"M_E_Injector Beauty, Health and Wellness",1513 W PALMETTO ST,FLORENCE,SC,29501-4131,(843) 520-9172,heather.e.edmonds@gmail.com,
Physician's Plan - FL - Florence,"2151 W EVANS ST, STE I",FLORENCE,SC,29501-4085,(843) 629-0099,kimuyak@physiciansplan.com,
DiPilla Aesthetics,"165 PORTERS NECK RD STE 4, STE 120",WILMINGTON,NC,28411-8048,(609) 271-7587,chelsea@imwalrus.com,
Solcara Health,"496 BRAMSON CT, UNIT 120",MOUNT PLEASANT,SC,29464-7961,(843) 981-0870,DrFleer@solcarahealth.com,
Physician's Plan,"1705 BEAUCASTLE RD, STE 101",MOUNT PLEASANT,SC,29464-3897,(843) 606-3333,kimuyak@physiciansplan.com,
MUSC Dermatology,"1600 Midtown Ave., 2nd Floor",Mount Pleasant,SC,29464,(843) 792-3021,rayrene@musc.edu,
Plastic Surgery Of The Carolinas,578 LONE TREE DR,MOUNT PLEASANT,SC,29464-8170,(843) 410-3804,info@plasticsurgerycarolina.com,
Carolina Acute Care & Wellness,"2601 N ELM ST, STE A",LUMBERTON,NC,28358-3063,(910) 236-2200,drgstephens@nc.rr.com,
Cameo Facial Aesthetics,"1065 JOHNNIE DODDS BLVD, STE C",MOUNT PLEASANT,SC,29464-6153,(843) 936-2133,info@cameofacialaesthetics.com,
Totality Medispa,"885 ISLAND PARK DR, STE B",CHARLESTON,SC,29492-8392,(843) 900-6161,info@totality-skincare.com,
O'Neill Plastic Surgery,"245 SEVEN FARMS DR, STE 210",CHARLESTON,SC,29492-8502,(843) 881-2130,info@oneillplasticsurgery.com,
Savvy Aesthetics,"1401 SHUCKER CIR, STE 1103",MT PLEASANT,SC,29464-4950,(843) 288-3660,savanahspringer@gmail.com,
Skin Glow Collective,"1031 CHUCK DAWLEY BLVD, STE 5",MOUNT PLEASANT,SC,29464-4188,(843) 606-0402,hello@skinglowcollective.com,
The Look & Co.,"1031 CHUCK DAWLEY BLVD, STE 4",MOUNT PLEASANT,SC,29464-4188,(843) 281-4536,thelookandco@gmail.com,
Coastal Collective,"1223 BEN SAWYER BLVD, STE B",MOUNT PLEASANT,SC,29464-5531,(843) 609-2291,aprildcannon@gmail.com,
"Monarte Beauty Collective, LLC","270 W COLEMAN BLVD, Suite 200",MOUNT PLEASANT,SC,29464-5649,(843) 256-4265,lori@monarte.skin,
Ageless Medical Spa & Hair Restoration,"180 WINGO WAY, STE 106",MOUNT PLEASANT,SC,29464-1810,(843) 890-0210,info@agelessrxsc.com,
Charleston Facial Plastic Surgery,"67 BROAD ST, STE 200",CHARLESTON,SC,29401-2938,(843) 628-1415,dr@charlestonfacialplastic.com,
Solcara Health - Downtown,"163 RUTLEDGE AVE, STE 202",CHARLESTON,SC,29403-5816,(843) 981-0870,info@solcarahealth.com,
CC Plastic Surgery Skin,247 CALHOUN ST,CHARLESTON,SC,29401-1306,(843) 865-8398,info@ccplastics.com,
Southern Cosmetic Laser,"501 TREELAND DR, STE B",LADSON,SC,29456-3161,(843) 277-2240,info@southerncosmeticlaser.com,
Physician's Plan -West Ashley,"12 FARMFIELD AVE, STE A",CHARLESTON,SC,29407-7755,(843) 606-3333,kimuyak@physiciansplan.com,
Physician's Plan - SV - Summerville,102 W 8TH NORTH ST,SUMMERVILLE,SC,29483-6656,(843) 261-1111,kimuyak@physiciansplan.com,
Sarah Baldoni Aesthetics,"118 W Richardson Ave, Suite 100",SUMMERVILLE,SC,29483,(843) 343-7860,sarah@elite-np.com,
Allure Aesthetics,"530 Sandhurst Dr, Suite B",Fayetteville,NC,28304,(910) 758-8756,cbrooks@newhopefp.com,
Michael Holloway,1133 GUM BRANCH RD,JACKSONVILLE,NC,28540-1004,(843) 601-2530,,
"Coastal Carolina Internal Medicine, PA",2420 HENDERSON DR,JACKSONVILLE,NC,28546-5254,(910) 937-0008,mitzi@ccimpa.com,
Bella Marie Aesthetics,"125 MURRAY HILL RD, STE C",SOUTHERN PINES,NC,28387-6299,(910) 886-2228,bellamarieaesthetics@gmail.com,
Bare Essentials Medical Spa LLC,"1180 BOULEVARD ST, STE C",ORANGEBURG,SC,29115-4324,(803) 878-3030,KaylasandersNP@gmail.com,
Medamorphous Holding,"100 PAVILION WAY, STE C",SOUTHERN PINES,NC,28387-4560,(910) 684-3301,,
Concierge Medicine and Aesthetics,"515 MIDLAND RD, STE A",SOUTHERN PINES,NC,28387-3300,(910) 690-1747,thomasmjulie@gmail.com,
Elysian Skin & Beauty Studio,50 BEAVER LN,PINEHURST,NC,28374-7110,(910) 853-3119,estyelise@gmail.com,
The Laser Institute of Pinehurst,"80 AVIEMORE CT, STE A",PINEHURST,NC,28374-9847,(910) 295-1130,apinquiry@pinnacleskin.com,
Pinehurst Surgical Clinic Facial Plastics,5 FIRST VILLAGE DR,PINEHURST,NC,28374-9495,(910) 235-9743,ap@pinehurstsurgical.com,
Mountcastle Medical & Med Spa PLLC,22 W Front Street,LILLINGTON,NC,27546-6677,(910) 514-9226,kimberly.mountcastlemedical@gmail.com,
Eskra Plastic Surgery,1001 Innovation Way,Kinston,NC,28504,(919) 587-4400,beneskra@yahoo.com,
Blythewood Esthetics and Wellness,"745 UNIVERSITY VILLAGE DR, STE 101",BLYTHEWOOD,SC,29016-7613,(839) 226-6266,frontdesk@blythewooddental.com,
Forefront Dermatology Goldsboro,2613 HOSPITAL RD,GOLDSBORO,NC,27534-9424,(919) 736-0222,AP@Forefrontderm.com,
Meacham Beauty,"3302 BRIDGES ST, STE F",MOREHEAD CITY,NC,28557-3366,(252) 283-1987,laura@meachambeauty.com,
New Visage MedSpa & Skin Care Center,108 N 11TH ST,MOREHEAD CITY,NC,28557-3702,(252) 808-2639,jen@newvisagenc.com,
Timeless Aesthetics,"1025 W MEETING ST, STE 200",LANCASTER,SC,29720-2246,(803) 285-7414,,
Hilton Head Plastic Surgery & MedSpa,"35 BILL FRIES DR, BLDG E",HILTON HEAD ISLAND,SC,29926-2731,(843) 681-4088,LISA@MYHHPS.com,
Hilton Head Dermatology,"15 HOSPITAL CTR, STE 1",HILTON HEAD ISLAND,SC,29926-2760,(843) 689-9200,admin@hiltonheaddermatology.com,
Serendipity Medical Spa,"23 N MAIN ST, STE 102",HILTON HEAD ISLAND,SC,29926-6607,(843) 342-2639,mail@serendipitymedspa.com,
Luxe Injectables LLC,"1112 HIGHWAY 9 BYP W, Suite 15",LANCASTER,SC,29720,(860) 785-5893,injectluxe@gmail.com,
Eastern Dermatology and Pathology - New Bern,3311 TRENT RD,NEW BERN,NC,28562-5704,(252) 634-2885,mbourgeois@easternderm.com,
Rejuvenations Medical Spa,"7182 WOODROW ST, STE 100",IRMO,SC,29063-2832,(803) 781-1201,lani@rejuvenationsmedicalspa.com,
Palmetto Dental Associates,216 PALMETTO PARK BLVD,LEXINGTON,SC,29072-7851,(803) 808-0888,franklinshulldmd@gmail.com,
"Carolina Dermatology and Endocrinology, PA",244 MEDSPRING DR,CLAYTON,NC,27520-9293,(919) 359-0291,carolinadermandendo@gmail.com,
Age Well Health & Hormones PLLC,342 Raleigh Street,HOLLY SPRINGS,NC,27540,(919) 214-4773,clare@hollyspringshormones.com,
Mathew Epps MD Plastic Surgery,"29 PLANTATION PARK DR, STE 302",BLUFFTON,SC,29910-9007,(843) 707-7060,info@dreppsmd.com,
Advanced Women's Care,"29 PLANTATION PARK DR, STE 401",BLUFFTON,SC,29910-9006,(843) 301-0718,jason@awclc.com,
VIO Med Spa - Holly Springs,126 GRAND HILL PL,HOLLY SPRINGS,NC,27540,(219) 344-7310,noreply@medvelle.com,
Refine Aesthetics Bluffton,206 BLUFFTON RD,BLUFFTON,SC,29910-6213,(843) 256-6078,morgan@refineaestheticsbluffton.com,
Renew Med Spa,408 E SOUTH MAIN ST,WAXHAW,NC,28173-6000,(704) 727-7018,contact@renewmedspanc.com,
Dermatology Associates of the Low Country,"40 Okatie Center Blvd S, Suite 210",Okatie,SC,29909,(843) 705-0840,,
Dermatology Associates of the Low Country,"40 OKATIE CENTER BLVD S, STE 210",OKATIE,SC,29909-7511,(843) 705-0840,kaverill@drmikell.com,
Younique Wellness & Aesthetics,"550 NEW WAVERLY PL, STE 110",CARY,NC,27518-7412,(919) 906-8357,info@youniquecary.com,
SMITH CO,850 Historian St,Raleigh,NC,27603,,,
Triangle Physicians for Women,"600 NEW WAVERLY PL, STE 310",CARY,NC,27518-7404,(919) 678-6900,jroseboro@tp4w.com,
Avail Aesthetics,"251 KEISLER DR, STE 201",CARY,NC,27518-7091,(919) 322-5440,,
Bruce Wellness & Aesthetics,"160 MACGREGOR PINES DR, STE 310A",CARY,NC,27511-6037,(919) 390-2848,christina@bwamed.com,
Prejuve Med Spa,"155 PARKWAY OFFICE CT, STE 205",CARY,NC,27518-7426,(919) 210-2764,neelumd56@gmail.com,
Skin Deep Med Spa,79 HILLSBORO ST,PITTSBORO,NC,27312,(844) 548-5377,skindeepmedspanc@gmail.com,
Synergy Face + Body - Cary,105 SW CARY PKWY,CARY,NC,27511-5600,(919) 510-5130,purchasing@feelsynergy.com,
Cary Aesthetic Center,"101 SW CARY PKWY, STE 210",CARY,NC,27511-5562,(919) 467-8556,evelyn@carydermatology.com,
Wake Plastic Surgery,111 RIDGE VIEW DR,CARY,NC,27511-2628,(919) 805-3441,lisa@wakeplasticsurgery.com,
Radiant Med,118 COLUMBIA AVE,CHAPIN,SC,29036-9420,(803) 575-8532,drmonicamilas@gmail.com,
VIO Med Spa Rea Farms,"9905 SANDY ROCK PL, STE G",CHARLOTTE,NC,28277-7735,(980) 470-4846,noreply@medvelle.com,
Providence Plastic Surgery,"11030 GOLF LINKS DR, STE 103",CHARLOTTE,NC,28277-8047,(704) 771-1747,heather@ppsclt.com,
"Beck Aesthetic Surgery, P.A.",11201 GOLF LINKS DR N,CHARLOTTE,NC,28277,(704) 800-4642,jbeck@beckaestheticsurgery.com,
Essential Aesthetics & Laser,"8145 ARDREY KELL RD, STE 202",CHARLOTTE,NC,28277-5721,(704) 625-6567,lori@ealasercenter.com,
Piedmont Plastic Surgery & Dermatology,"5815 BLAKENEY PARK DR, STE 100",CHARLOTTE,NC,28277-5732,(704) 542-2220,sbrown@ppsd.com,
Dermatology Specialists of Charlotte,8936 Blakeney Professional Drive,Charlotte,NC,28277,(704) 943-3714,apinquiry@pinnacleskin.com,
Tulin Optimal Wellness,"9852 Rea Rd, F2 Suite 110",Charlotte,NC 28277,28277,(617) 895-6542,,
Premier Plastic Surgery Center and Premier Spa,1635 MATTHEWS TOWNSHIP PKWY,MATTHEWS,NC,28105-4657,(704) 844-8344,manager@natural-lookingresults.com,
Prime MD,"702 OBERLIN RD, STE 100",RALEIGH,NC,27605-1357,(919) 948-6355,allisonprimemd@gmail.com,
Carolina Cosmetic Surgery,"1040 EDGEWATER CORPORATE PKWY, STE 101",INDIAN LAND,SC,29707-4526,(704) 594-7717,Info@carolinacosmeticsurgery.org,
"Cynthia Gregg, MD","3550 NW CARY PKWY, STE 100",CARY,NC,27513-7410,(919) 297-0097,ashley@cynthiagreggmd.com,
Generations Family Practice Wellness Center,"1021 DARRINGTON DR, STE 203",CARY,NC,27513-8157,(984) 228-1521,lauriejill11@gmail.com,
"Franklin Plastic Surgery, PLLC","1000 DARRINGTON DR, STE 205",CARY,NC,27513-8134,(919) 651-8006,josephfranklinmd@gmail.com,
LeVogue MedSpa,280 TOWERVIEW CT,CARY,NC,27513-3591,(951) 365-7077,levoguemedspa@gmail.com,
Avail Aesthetics - Five Points,2006 FAIRVIEW RD,RALEIGH,NC,27608-2316,91932254402,stephen@availaesthetics.com,
Lyle Plastic Surgery and Aesthetics Center PLLC,"3909 SUNSET RIDGE RD, STE 201",RALEIGH,NC,27607-6668,(919) 372-4377,pmurphy@lyleplastic.com,
The Museum Spa and Laser Center,3633  Harden Road St 201,Raleigh,NC,27607,,debbie@carlinoaesthetics.com,
Raleigh Eye and Face Plastic Surgery,"SUITE103, 4201 LAKE BOONE TRL",RALEIGH,NC,27607-7512,(919) 626-8783,pradeep.s.mettu@gmail.com,
"Southern Dermatology, PA","4201 LAKE BOONE TRL, STE 207",RALEIGH,NC,27607-7511,(919) 863-0072,ap@aadermatology.com,
Le Reve Beauty and Wellness,2473 WENDELL BLVD,WENDELL,NC,27591-6903,(919) 612-8311,nicolebrooker1@gmail.com,
Blue Ridge Dermatology Associates,"4225 Macon Pond Road, Suite 300",Raleigh,NC,27607,(919) 781-1050,baltieri@brdermnc.com,
Beauty Co,"1110 Mercantile Dr, Suite 100",Raleigh,NC,27612,(984) 222-0026,beautycoerica@gmail.com,
Glo MedSpa - Winterville,"2025 FLOWER DR, UNIT 4",WINTERVILLE,NC,28590-3414,(910) 256-2690,invoices@weramp.com,
Synergy Face + Body -  ITB,"3700 BARRETT DR, STE 110",RALEIGH,NC,27609-7172,(919) 505-0901,purchasing@feelsynergy.com,
The MedSpa at Raleigh Plastic Surgery Center - Aesthetic,1112 DRESSER CT,RALEIGH,NC,27609-7303,(919) 333-4418,themedspa.rpsc@gmail.com,
Raleigh Plastic Surgery Center,1112 DRESSER CT,RALEIGH,NC,27609-7303,(919) 872-2616,kaitlyng@raleighplastic.com,
Ballantyne Plastic Surgery,"14135 BALLANTYNE CORPORATE PL, STE 150",CHARLOTTE,NC,28277-3870,(704) 295-0777,manager@ballantyne-plastic-surgery.com,
"ADCS Clinics, LLC","908 SMITHFIELD WAY, STE 101",FORT MILL,SC,29715-6956,(803) 220-2782,Purchasing@adcsclinics.com,
Glo de Vie Med Spa,"4209 LASSITER MILL RD, STE 133",RALEIGH,NC,27609-5883,(919) 510-5919,info@glodevie.com,
Aesthetic Surgery of Charlotte,6450 Bannington Rd,Charlotte,NC,28226,(704) 837-1150,manager@aestheticsurgerycharlotte.com,
Nourish Skin and Wellness,"4700 HOMEWOOD CT, STE 320",RALEIGH,NC,27609-5732,(864) 526-9292,kelly@nourishskinandwellness.com,
aNu Aesthetics,"10441 US 15 501 N, STE 100",CHAPEL HILL,NC,27517-6468,(919) 942-2922,julie@dlcofchapelhill.com,
Cool Renewal Spa,"7510 Pineville-Matthews Rd, Suite 4B",Charlotte,NC,28226,,bjensen@CoolRenewalSpa.com,
Better Aesthetics PLLC,4944 WINDY HILL DR,RALEIGH,NC,27609-5199,(919) 900-7173,hello@bettermedsparaleigh.com,
Aesthetics by Eileen,"5540 MUNFORD RD, STE 101",RALEIGH,NC,27612-2655,(919) 881-2100,invoices@aesthetics-by-eileen.com,
Infuse Wellness,3701 Nash Street NW,Wilson,NC,27896,(252) 674-1547,taran@infusewilson.com,
Southern Dermatology P. A. DBA Raleigh Dermatology Skin & Cosmetic Solutions,"800 SPRINGFIELD COMMONS DR, STE 116",RALEIGH,NC,27609-8533,(919) 876-3656,AP@aadermatology.com,
Eastern Dermatology Greenville,420 SPRING FOREST RD,GREENVILLE,NC,27834-7244,(252) 752-4124,slt@easternderm.com,
Pinnacle Dermatology - Greenville,"845 JOHNS HOPKINS DR, STE B",GREENVILLE,NC,27834-7200,(252) 540-7690,apinquiry@pinnacleskin.com,
Raine Spa and Wellness,608 E ARLINGTON BLVD,GREENVILLE,NC,27858-5837,(252) 756-8404,ashley@rainespaandwellness.com,
Preferred Aesthetics,"4309 EMPEROR BLVD, STE 125",DURHAM,NC,27703-8068,(919) 268-0646,angela@preferredaesthetics.com,
Artistry Wellness Hawaii,"850 W HIND DR, STE 117",HONOLULU,HI,96821-1845,(808) 452-0452,erik@artistrywellnesshawaii.com,
Skin Kahala,"4747 KILAUEA AVE, STE 206",HONOLULU,HI,96816-5308,(808) 466-8322,skinkahala@gmail.com,
Vein and Skin Center of Hawaii,"1585 KAPIOLANI BLVD, STE 1740",HONOLULU,HI,96814,(808) 949-8346,hawaiiveinclinic@gmail.com,
SkinSpirit - Honolulu,"1441 KAPIOLANI BLVD, STE 908",HONOLULU,HI,96814-4405,(808) 900-3150,accountspayable@skinspirit.com,
Aloha Laser,"1100 WARD AVE, STE 1015",HONOLULU,HI,96814-1620,(808) 792-3937,gloria@alohalaser.com,
Ohana Medspas,"500 ALA MOANA BLVD, STE 5I",HONOLULU,HI,96813-4929,(808) 468-2038,,
Oculofacial Plastic Surgery of Hawaii,"1380 LUSITANA ST, STE 912",HONOLULU,HI,96813-2448,(808) 707-8801,glee@oculoplasticshawaii.com,
Honolulu Medspa,"1650 LILIHA ST, STE 102",HONOLULU,HI,96817-3169,(808) 528-0888,richard@honolulumedspa.com,
Aesthetics Hawaii,111 Park Place,Honolulu,Hi,96814,(808) 633-8585,,
Botox Kailua,1005 KEOLU DR,KAILUA,HI,96734-3846,(808) 272-0444,contact@botoxkailuahi.com,
Nursethetics Wellness and Beauty,"98-1256 KAAHUMANU ST, STE E301",PEARL CITY,HI,96782-3282,(808) 387-8996,,
Nurse Sally,203 S MARKET ST,WAILUKU,HI,96793-2224,(808) 344-9798,sally@opulclinic.com,
The Wellnest,"95-1249 MEHEULA PKWY, UNIT E5",MILILANI,HI,96789-1779,(808) 207-2279,info@thewellnesthealth.com,
Aloha Kai Aesthetics and Wellness,67-025 NALUAHI ST,WAIALUA,HI,96791-9642,(808) 723-4085,alohakaiaesthetics@gmail.com,
Dr. Monica Scheel Dermatology,"73-5618 MAIAU ST, STE A204",KAILUA KONA,HI,96740-2634,(808) 329-1146,officemanager@drmonicascheel.com,
"Sol Medical Wellness & Aesthetics, LLC","74-5617 PAWAI PL, STE 101",KAILUA KONA,HI,96740-3125,(808) 913-0900,solmedicalhawaii@gmail.com,
Kona Integrative Health & Medical Spa,"75-167 KALANI ST, STE 204",KAILUA KONA,HI,96740-1800,(808) 339-7474,Nala@konahealth.com,
Luminous Skin Kona,77-6544 Hoolaupai Street,Kailua-Kona,HI,96740,(808) 443-3937,lindajokolder@gmail.com,
Waimea Primary Care,65-1298B KAWAIHAE RD,KAMUELA,HI,96743-7342,(808) 731-5003,billing@waimeaprimarycare.com,
Vitality Kauai,"2829 ALA KALANIKAUMAKA, STE B203",KOLOA,HI,96756-7549,(808) 631-3877,brian@vitalitykauai.com,
DermaCare HI,"4520 KUKUI ST, STE 101",KAPAA,HI,96746-1770,(808) 855-8380,joann@dermacarehi.com,
Renew Plastic Surgery,4251 HOHE ST,HOMER,AK,99603-7010,(907) 226-5600,,
Cheeky Medspa - Homer,60456 E END RD,HOMER,AK,99603-9445,(907) 252-3198,cheeky_medspa@outlook.com,
*Cheeky Medspa - Kenai,36892 MALLARD RD,KENAI,AK,99611-6434,(907) 252-3198,cheeky_medspa@outlook.com,
Estetica Amore,"300 E DIMOND BLVD, STE 100",ANCHORAGE,AK,99515-1947,(907) 687-2900,Estetica.amore907@gmail.com,
"Makar Eyecare, LLC","341 W TUDOR RD, STE 101",ANCHORAGE,AK,99503-6639,(907) 770-6652,Shannon.makareyecare@gmail.com,
Solara Skin and Laser,"3901 OLD SEWARD HWY, STE 6",ANCHORAGE,AK,99503-6089,(907) 562-0951,,
Alaska Facial Plastic Surgery & ENT,"3340 Providence Dr., Ste. A363",Anchorage,AK,99508,(907) 759-8405,,
Boomtown Aesthetics,540 KARLUK ST,ANCHORAGE,AK,99501-2772,(907) 406-4696,kelseycainpac@gmail.com,
ALYESKA AESTHETICS,"12641 OLD GLENN HWY, STE 101",EAGLE RIVER,AK,99577-7040,(907) 561-1436,mbgw.gibson@gmail.com,
Indi Esthetics,3400 E COTTLE LOOP # 500,WASILLA,AK,99654-7253,(907) 232-1711,indiaestheticss@gmail.com,
Arctic Medical Center Matsu,1734 PROSPECT DR,PALMER,AK,99645-9655,(907) 745-3380,,
Dr. Miguel A Rivera Sanchez,"Local 4 Carr 153 Km 7.5, Barrio Jauca II",Santa Isabel,PR,00757,(787) 677-9677,dr.mriveraclinic@gmail.com,
Montalvan Dermatology,d80 Calle C Costa de Oro,Dorado,PR,00646,(787) 400-4851,admin@montalvandermatology.com,
Spacielle Medical Spa & Laser Center,195 Ave Gautier Benitez,Caguas,PR,00725,(787) 945-0698,spaciellemedical@gmail.com,
Dermatologia Borinquen LLC,"201 Avenida Gautier Benitez, Consolidated Medical Plaza 405A",Caguas,PR,00725,(787) 246-3376,dermatologiaborinquen@borinquenderm.com,
SkinClinic,"Ave. Luis Munoz Marin, Segunda Seccion Villa Del Rey 2E-18",Caguas,PR,00725,(787) 393-0306,skinclinicpr@gmail.com,
Norma Alonso,KM 12.4 PR-833,Guaynabo,PR,00971,(787) 759-5122,dermamedicalprofessional@gmail.com,
U Care Medical Spa,"Edificio Porrata Pila, Edif, 2431 Av. Las Américas Suite 101",Ponce,PR,00730,(787) 685-6976,dra.yasminsoto@gmail.com,
Nefar Aesthetic Clinic,"Ave Main 51 Santa Rosa, Ste 38",Bayamon,PR,00959,(787) 530-0071,clopez@neferclinic.com,
Supreme Medical Esthetic,1867 BLVD LUIS A FERRE,PONCE,PR,00728-1816,(787) 901-3982,gomezdominiccimd@gmail.com,
Bras Medical Spa,"310 AVE LOMAS VERDES, STE 204",SAN JUAN,PR,00927-6638,(787) 754-4000,ilbras@yahoo.com,
De La Torre Dermatology,"EDIF MEDICO SANTA CRUZ, 73 CALLE SANTA CRUZ STE 103",BAYAMON,PR,00961-6910,(787) 630-1471,e.delatorre@dltdermatology.com,
Nova Derm,"EDIF GALDERIA MEDICA 108, 64 CALLE SANTA CRUZ",BAYAMON,PR,00961-7003,(787) 798-1993,bryanortiz@novadermpr.com,
Skin by Ashby,"200 AVE WINSTON CHURCHILL, STE 301",SAN JUAN,PR,00926-6682,(787) 624-7474,glow@skinbyashby.com,
Thais The Spa,"URB ALTAMIRA, 497 CALLE SIRIO",SAN JUAN,PR,00920-4242,(787) 696-8989,thaisbermudez@gmail.com,
Le Clinique,"LA GALERIA DE SUCHVILLE, 97 CARR 2 STE 217",GUAYNABO,PR,00966-2042,(787) 765-1835,lecliniqueadmi@gmail.com,
Derm Solutions,"1353 Ave Luis Vigoreaux, PMB 322",Guaynabo,pr,00966,(787) 626-3431,dermsolutionsmd@gmail.com,
Biothecare Estetika,"B5 Tabonuco St, Suite 216 #336",Guaynabo,PR,00968,(787) 615-0204,,
DVC Dermatology,"Galeria San Patricio Suite 204, B5 Tabonuco St.",GUAYNABO,PR,00968,(787) 387-9970,dianacvalentin@gmail.com,
BeauMedics,961 Roosevelt Ave,San Juan,PR,00920,(787) 460-6016,beaumedics@gmail.com,
ADLER FACIAL SURGERY PSC,576 CALLE CESAR GONZALEZ,SAN JUAN,PR,00918,(787) 751-3361,compras@adlermd.com,
ARR Medical Group - TORRE MEDICA SAN FRANCISCO,"TORRE MEDICA SAN FRANCISCO, 369 CALLE DE DIEGO STE 609",SAN JUAN,PR,00923-3005,(787) 763-0909,dr.arielrosado@yahoo.com,
Dr. Joyce Castro,528 CALLE CESAR GONZALEZ,SAN JUAN,PR,00918-2651,(787) 564-4564,joycemcastromd@gmail.com,
Iuvenis Medical,"URB LEVITTOWN LAKES, J22 CALLE MYRNA",TOA BAJA,PR,00949-4551,(787) 434-2559,drquinonesnegron@gmail.com,
Montesinos Medical Center,"URB LEVITTOWN LAKES, G24 CALLE MAGDA E",TOA BAJA,PR,00949-4510,(787) 998-1883,draarlenetorresmontesinos@gmail.com,
Skin by Brau,"400 FD Roosevelt Ave, #511",San Juan,PR,00918,(787) 763-1310,cbrau@skinbybrau.com,
"Mansito Aesthetic Group, LLC",239 CALLE MENDEZ VIGO,DORADO,PR,00646-4941,(787) 278-1000,claudiamansitomd@gmail.com,
Renueva Tu Body,"#30 Ave. Teresa Jornet, Galeria Pacifico STE 114",San Juan,PR,00926,(787) 665-0450,b.montes@renuevatubody.com,
Philautia Medical Clinic LLC,"VILLA NEVAREZ, 1111 CALLE 1",SAN JUAN,PR,00927-5134,(787) 396-4072,philautia.medical@outlook.com,
Medicosmetics,"Ind La Riviera 126 Ave., De Diego Ofc 2-3",San Juan,PR,00921,(787) 645-6546,,
BEAUDERM,"URB BALDRICH, 286 AVE DOMENECH",SAN JUAN,PR,00918-3506,(787) 314-4443,aileensantosderm@gmail.com,
Hipolito Melendez DBA Face and Skin Lab,151 CALLE AMERICA,SAN JUAN,PR,00917-3606,(787) 236-1634,info@faceandskinlab.com,
Numed Health & Aesthetic Clinic,Marginal Villa Mar 41,Carolina,PR,00979,(787) 644-1010,administracion@numed.com.pr,
Couto Plastic Surgery,"373 CALLE SAN JORGE, STE 200",SAN JUAN,PR,00912-3312,(787) 422-0004,info@coutoplasticsurgery.com,
Dr. Jaclismar Berrios,"Escorial Building One, 1400 Ave. Parque Sur, Suite 270",Carolina,PR,00987,(939) 639-4876,novoskinpr@gmail.com,
Hera Ginecología y Obstetricia,"118 C. Isabel Andreu de Aguilar, Roosevelt",SAN JUAN,PR,00918-3305,(787) 944-4488,heraobgyn.pr@gmail.com,
Seren Dermatology,"525 AV FRANKLIN DELANO ROOSEVELT, La Torre de Plaza, STE 409",SAN JUAN,PR,00918,(787) 505-9160,gonzaleznoelani@gmail.com,
Dr. Jose Montes MD,"735 Ave. Ponce De Leon, Suite 813",San Juan,PR,00917-5031,(787) 777-0003,mortiz@jrmontes.com,
Fabio N Morales,169 CALLE SAN JORGE,SAN JUAN,PR,00911-2054,(939) 231-8035,vipanesthesia@prinfusion.com,
Skincare by IClass,"142 Calle del Parque, Suite 1",San Juan,PR,00911,(787) 910-8229,skincarebyiclass@gmail.com,
GSkn LLC,"LOCAL, 1202 AVE MAGDALENA # B",SAN JUAN,PR,00907-1748,(787) 903-4901,info@gskn.me,
Romero Facial Plastics,"29 CALLE WASHINGTON, STE 402",SAN JUAN,PR,00907-1521,(787) 597-9181,nahir.romero1@gmail.com,
Romi Dermatology,100 GRAND PASEO BLVD,SAN JUAN,PR,00926-5905,(787) 508-6563,romidermatologyadm@gmail.com,
Kalua Body Studio LLC,15 CALLE BALDORIOTY,NAGUABO,PR,00718-2536,(407) 969-5334,kaluabodystudio@gmail.com,
Jose Marrero Garcia,"URB ARECIBO GDNS, 54 CALLE TNTE LUIS R GARCIA",ARECIBO,PR,00612-4261,(787) 600-4637,marreromedicalservices@gmail.com,
Caribbean Facial Plastic Surgery Center,"VILLA CAPARRA, 60 CALLE 8",GUAYNABO,PR,00966-1773,(787) 717-8911,info@javiergonzalezmd.com,
ARC Dermatology,Carr 653 Km 2.2 Sector Barranca,Arecibo,pr,00612,(787) 956-0020,arcdermatology@gmail.com,
VIRO Medical Center,"Bairoa Carretera #1 KM 33.3, Local #3, Ralph Food Warehouse",Caguas,PR,00725,(787) 483-3600,viro.medicalcenter@gmail.com,
Guillermo Gonzalez,1981 Calle Laliza,Mayaguez,PR,00682,(787) 718-0110,,
Fiorella Rodriguez Rivera,"Carr 401 Km 0.5, Bo. Playa",Anasco,PR,00610,(787) 515-8332,fiorella_rodriguez8@hotmail.com,
Dr. Valerie Rosas,"445 Gonzalez Clemente Avenue, Edificio Val Harbour  Carr 102",Mayaguez,PR,00680,(787) 307-4645,varp.md@gmail.com,
Glow Medical Lounge,165 CALLE LA PAZ,AGUADA,PR,00602-3465,(787) 502-5581,aguilaradri84@gmail.com,
Dra. Natalia Soto,"Carr 115 Km 19.9, Bo. Guayabo, HC 57 Box 8825",Aguada,PR,00602,(787) 431-5421,dra01soto@gmail.com,
