code,name,zipcode,zipcode_address,latitude,longitude,contact_email,shippingEmail,billing_phone,contact_phone,billing_street_address_1,billing_city,billing_province,billing_postal_code,billing_country,clinic_street_address_1,clinic_street_address_2,clinic_city,clinic_province,clinic_country,clinic_postal_code,website,is_diamond_provider,reward_tier_name,reward_tier_number,reward_tier_rank,digital_excellence,hide_from_clinic_locator,distance_in_km
7FAH2KP6,Skin Wellness Dermatology - Greystone,35242,"Birmingham, AL 35242, USA",33.416553,-86.681252,melder@skinwellness.com,melder@skinwellness.com,2058717332,2058717332,3415 Independence Drive,Birmingham,AL,35209,US,5406 US-280,Suite A-100,Birmingham,AL,US,35242,https://skinwellness.com/,no,partner,1,6,yes,no,123.86009075220316
BMMVXET6,The Dermatology and Skin Care Center of Birmingham,35243,"Mountain Brook, AL 35243, USA",33.451485,-86.731575,llowery@bhamdermatology.com,llowery@bhamdermatology.com,2059783336,2059783336,2470 Rocky Ridge Road,Birmingham,AL,35243,US,2470 Rocky Ridge Road,,Birmingham,AL,US,35243,https://www.bhamdermatology.com/,no,partner,1,6,no,no,127.01604360534516
TWGQ34PV,Skin Wellness Dermatology,35209,"Birmingham, AL 35209, USA",33.470238,-86.806969,drhartman@skinwellness.com,info@skinwellness.com,2058717332,2058717332,3415 Independence Dr,Birmingham,AL,35209,US,3415 Independence Drive,,Birmingham,AL,US,35209,https://skinwellness.com/,no,partner,1,7,yes,no,128.4058068777486
DMSKNK4C,Cellular Health,31833,"West Point, GA 31833, USA",32.825031,-85.085678,missprickbotox@gmail.com,Missprickbotox@gmail.com,7065182223,7707797177,813 3rd Ave,West Point,GA,31833,US,813 3rd Ave,,West Point ,GA,US,31833,http://cellular.health/,no,partner,1,6,no,no,179.3101965231269
C4ZW5NXT,Testimony Restorative Aesthetics + Wellness,31901,"Columbus, GA 31901, USA",32.466022,-84.986954,toxicbybritt@gmail.com,toxicbybritt@gmail.com,7627443457,7627443457,1329 Front Avenue,Columbus,GA,31901,US,1329 Front Avenue,Suite E,Columbus,GA,US,31901,testimonyraw.com,no,silver,4,4,yes,no,180.58413420185224
SDDYWKL5,Drip Lounge and Wellness,36571,"Saraland, AL 36571, USA",30.824253,-88.080307,estradaashley95@yahoo.com,estradaashley95@yahoo.com,2517650418,2517650418,18 CM Rambo Dr,Saraland,AL,36571,US,18 CM Rambo Dr,Suite A,Saraland,AL,US,36571,http://driploungewellness.com/,no,partner,1,6,no,no,200.1243717301499
M8UZBC2J,Southeast Regional Med Spa Newnan,30265,"Newnan, GA 30265, USA",33.393158,-84.710655,buce2016@yahoo.com,Buce2016@yahoo.com,4702791301,4702791301,20 Baker Rd,Newnan,GA,30265,US,20 Baker Rd,Suite 4,Newnan,GA,US,30265,https://sermedspa.com/,no,no_tier,0,99,no,no,237.04684174061768
NXR2H7TH,Sweet Life Services Inc. DBA Simply Sweet Skin Aesthetic Wellness,30277,"Sharpsburg, GA 30277, USA",33.379738,-84.658371,office@simplysweetskin.com,office@simplysweetskin.com,4709807997,4709807997,15 Thomas Grace Annex Ln,Sharpsburg,GA,30277,US,15 Thomas Grace Annex Ln,Ste 100,Sharpsburg,GA,US,30277,https://www.simplysweetskin.com,no,no_tier,0,99,no,no,240.55471638090972
FPS5CW8E,Salt MedSpa of Fayette,30214,"Fayetteville, GA 30214, USA",33.473499,-84.501244,Audrey@saltmedspa.com,Audrey@saltmedspa.com,6789647258,6789647258,128 Sumner Rd,Fayetteville,GA,30214,US,128 Sumner Rd,,Fayetteville,GA,US,30214,,no,no_tier,0,99,no,no,258.36161314534723
UX6GJl21,"Truffles, LLC",30214,"Fayetteville, GA 30214, USA",33.473499,-84.501244,info@trufflesaesthetics.com,info@trufflesaesthetics.com,7704602000,7704602000,874 W Lanier Ave,Fayetteville,GA,30214,US,874 W Lanier Ave,120,Fayetteville,GA,US,30214,https://www.instagram.com/trufflesaesthetics,no,partner,2,6,yes,no,258.36161314534723
JG2AYY2Q,Aesthetics of Fayetteville,30214,"Fayetteville, GA 30214, USA",33.473499,-84.501244,info@aestheticsoffay.com,info@aestheticsoffay.com,3212232836,3212232836,376 Glynn Street N,Fayetteville,GA,30214,US,376 Glynn Street N,,Fayetteville,GA,US,30214,,no,no_tier,0,99,no,no,258.36161314534723
QRMG66CE,Regional Eye Center,31709,"Americus, GA 31709, USA",32.06324,-84.164619,shannon@regionaleyecenter.com,shannon@regionaleyecenter.com,2299420203,2299420203,1119 E Lamar St,Americus,GA,31709,US,1119 East Lamar Street,,Americus,GA,US,31709,http://regionaleyecenter.com/,no,partner,1,6,no,no,259.16859800195687
MUXXMCOW,SoftLife Medspa and Wellness,30141,"Hiram, GA 30141, USA",33.853767,-84.783775,Ladhiambo@softlifemedspa.com,Ladhiambo@softlifemedspa.com,4046152261,4046152261,5604 Wendy Bagwell Pkwy Suite 111,Hiram,GA,30141,US,"5604 Wendy Bagwell Parkway, Suite 111",,Hiram,GA,US,30141,SoftLifemedspa.com,no,no_tier,0,99,no,no,260.96401932503454
M2UFYLB8,Georgia Wellness Solutions,30224,"Griffin, GA 30224, USA",33.204292,-84.238419,drvu@vudomedicine.com,drvu@vudomedicine.com,6783269934,6783269934,100 Pecan Point,Griffin,GA,30224,US,100 Pecan Point,STE A,Griffin,GA,US,30224,https://www.vudomedicine.com/,no,partner,1,6,no,no,267.85819358078265
a81czMZc,The Lash Cauldron,30228,"Hampton, GA 30228, USA",33.419315,-84.291077,info.lashcauldron@gmail.com,info.lashcauldron@gmail.com,4044298964,4044298964,4824 Fieldgreen Dr,Stone Mountain,GA,30088,US,2370 Jonesboro Rd,,Hampton,GA,US,30228,https://www.instagram.com/cauldron_esthetics?igsh=MTBxNDE2eXBlNmphaw%3D%3D,no,partner,1,6,yes,no,272.8682076293994
C7G5G24P,Infuse Aesthetics and Wellness,39819,"Bainbridge, GA 39819, USA",30.807682,-84.626984,brittney@infuseaw.com,brittney@infuseaw.com,2292207755,2292207755,721 E Shotwell St,Bainbridge,GA,39819,US,721 E Shotwell St,,Bainbridge,GA,US,39819,https://www.infuseaw.com/,no,partner,1,7,no,no,273.27172056406926
EHNLG6JV,The Luxe Medspa,30127,"5041 Dallas Hwy Bldg 500, STE 508, Powder Springs, 30127, GA, US",33.941841,-84.697998,info@theluxemedspa.com,info@theluxemedspa.com,7702037480,,5041 Dallas Hwy Bldg 500,Powder Springs,GA,30127,US,5041 Dallas Hwy Bldg 500,STE 508,Powder Springs,GA,US,30127,https://theluxemedspa.store/,no,bronze,2,5,yes,no,273.3445392376688
URAG32ZU,Sol DPC,30344,"Atlanta, GA 30344, USA",33.683216,-84.448769,michelle.cooke@sol-dpc.org,blwilliams@sol-dpc.org,4708393129,4708393129,2860 Church Street,East Point,GA,30344,US,2860 Church Street,,East Point,GA,US,30344,http://www.sol-dpc.org/,no,no_tier,0,99,no,no,274.5542684870528
GSRWNZXW,SKIN AGENCY LLC,30120,"Euharlee, GA 30120, USA",34.15778,-84.87764,skinagencyllc@gmail.com,skinagencyllc@gmail.com,7707107064,7707107064,49 Mountainbrook Dr NW,Cartersville,GA,30121,US,10 Hamilton Blvd NW,STE G,Cartersville,GA,US,30120,https://www.theskin.agency/,no,partner,1,6,no,no,278.00841333779056
W65TL86Y,The Beauty NP,30120,"Euharlee, GA 30120, USA",34.15778,-84.87764,admin@mybeautynp.com,aeblack18@gmail.com,+17065753955,7065753955,17 Public Square,Cartersville,GA,30120,US,17 S Public Square,,Cartersville,GA,US,30120,https://www.mybeautynp.com/,no,bronze,2,5,yes,no,278.00841333779056
TVACHXNU,"The Alfa Doc, LLC",99688,"Willow, AK 99688, USA",61.985855,-149.464752,jobee@thealfadoc.com,jobee@thealfadoc.com,9078352532,9078352532,154 Fairbanks Drive,Valdez,AK,99688,US,154 Fairbanks Drive,,Valdez,AK,US,99688,https://www.thealfadoc.com/,no,partner,1,6,yes,no,311.53722355456864
K5YVZGCD,Modern Gynecology and Skin,99508,"Anchorage, AK 99508, USA",61.199547,-149.823975,jillian@moderngynalaska.com,jillian@moderngynalaska.com,9073390363,9073390363,3851 Piper Street,Anchorage,AK,99508,US,3851 Piper Street,Unit 471,Anchorage,AK,US,99508,http://moderngynalaska.com,no,partner,1,6,yes,no,358.23475407645293
zzX3FKg6,Coastal Aesthetics PLLC,98221,"Anacortes, WA 98221, USA",48.501343,-122.64032,eryn.beaupre@gmail.com,eryn.beaupre@gmail.com,5108616093,5108616093,2013 L Ave,Anacortes,WA,98221,US,1610 Commercial Ave,Suite A,Anacortes,WA,US,98221,https://www.coastalaestheticsanacortes.com/,no,partner,1,6,yes,no,2547.016136313184
7YWHF0YK,North Coast Eye Care,98382,"Sequim, WA 98382, USA",48.02177,-123.12738,myhuynh.od23@gmail.com,myhuynh.od23@gmail.com,3607971148,3607971148,131 Village Ln,Sequim,WA,98382,US,560 N 5th Ave,,Sequim,WA,US,98382,,no,no_tier,0,99,no,no,2568.297968876522
FGDQ93XD,SolGloBeauty,98282,"Camano, WA 98282, USA",48.171272,-122.487617,solglobethany@gmail.com,solglobethany@gmail.com,6198479501,6198479501,606 NE Camano Dr,Camano Island,WA,98282,US,606 NE Camano Dr,,Camano Island,WA,US,98282,,no,partner,1,6,yes,no,2583.143750623403
MY5I0CW2,Eric Bergstrom OD PLLC (DBA Eye Clinics of Seattle),98109,"Seattle, WA 98109, USA",47.62886,-122.345695,drmichalko@ecseattle.com,ap.roosevelt@ecseattle.com,2062828120,2062828120,6618 Roosevelt Way NE,Seattle,WA,98115,US,20 Boston St.,,Seattle,WA,US,98109,,no,no_tier,0,99,no,no,2637.9830432589742
63E3FYN2,Dr Scott Campbell,98101,"Seattle, WA 98101, USA",47.608494,-122.336411,krista606@msn.com,krista606@msn.com,2069841764,2069841764,509 Olive Way ,Seattle,WA,98101,US,509 Olive Way,STE 303,Seattle,WA,US,98101,https://spexseattle.com/,no,partner,1,6,yes,no,2640.22393382629
KXNTG2JJ,Lifted Beauty & Wellness,98122,"Seattle, WA 98122, USA",47.608757,-122.296425,beth@liftedbeautyandwellness.com,beth@liftedbeautyandwellness.com,2062991102,2062991102,3317 E Union St,Seattle,WA,98122,US,3317 E Union St,,Seattle,WA,US,98122,https://www.liftedbeautyandwellness.com/,no,bronze,2,5,yes,no,2641.963155264344
EJBGJ8PG,"Joshlene D Sandhu, PLLC",98004,"Bellevue, WA 98004, USA",47.62648,-122.205147,jsandhu@airiseye.com,Jsandhu@airiseye.com,9175445801,9175445801,1414 116th Ave NE,Bellvue,WA,98004,US,1414 116th Ave NE,Suite B,Bellevue,WA,US,98004,https://airiseye.com/,no,partner,1,6,yes,no,2644.3980918031502
QGEUZ75L,Partington Plastic Surgery & Laser Center,98005,"Bellevue, WA 98005, USA",47.615044,-122.171761,info@partingtonps.com,info@partingtonps.com,4252471895,4252471895,12301 NE 10th Place,Bellevue,WA,98005,US,12301 NE 10th Place,Suite 100,Bellevue,WA,US,98005,https://partingtonps.com/,no,partner,1,6,yes,no,2646.899976674989
GF52KETC,Empowered Health Corp,98405,"Tacoma, WA 98405, USA",47.245708,-122.477341,info@empoweredmedspa.com,shanlf1986@yahoo.com,2532404543,2532404543,1310 S Union Ave,Tacoma,WA,98405,US,1310 S Union Ave,A301,Tacoma,WA,US,98405,https://empoweredmedspa.com/,no,partner,1,6,yes,no,2666.7762083560283
8YRNR4GH,Keybridge Wellness and Spa,98513,"Olympia, WA 98513, USA",46.995937,-122.731972,kczimm.rn@gmail.com,kczimm.rn@gmail.com,3603343216,3603343216,3516 7th Ave SW,Olympia,WA,98502,US,3516 7th Ave Sw,,Olympia,WA,US,98513,https://keybridgewellness.com/,no,partner,1,7,yes,no,2678.34589481716
8MZFEMUV,Honey Rose Aesthetics,98373,"Puyallup, WA 98373, USA",47.147411,-122.32399,ashley@hraskin.com,ashley@hraskin.com,2537532332,2537532332,8114 112th st ct east,Puyallup,WA,98373,US,8114 112th St Ct,Ste A,Puyallup,WA,US,98373,http://www.hraskin.com/,no,bronze,2,5,no,no,2682.3994788346017
SU7M2RMS,Velvet Skin Aesthetics LLC,98841,"Omak, WA 98841, USA",48.373447,-119.33226,ann_hover@hotmail.com,ann_hover@hotmail.com,5094295972,5094295972,61 Kirkpatrick Rd. N,Omak,WA,98841,US,208 S. Main Street,,Omak,WA,US,98841,,no,partner,1,6,no,no,2707.747887119352
RGTJXG58,SEEN Modern Eyecare + Eyewear,98642,"Ridgefield, WA 98642, USA",45.796841,-122.693146,drrob@seenmoderneyecare.com,drrob@seenmoderneyecare.com,3608877336,3608877336,201 S 47th Ave,Ridgefield,WA,98642,US,201 S 47th Ave,Suite 117,Ridgefield,WA,US,98642,,no,no_tier,0,99,no,no,2790.2046523979743
BT2SK767,Precision Eye Care,98662,"Vancouver, WA 98662, USA",45.689449,-122.582901,drchan@pecps.com,drchan@pecps.com,3602545855,3602545855,8400 NE VANCOUVER MALL LOOP,Vancouver,WA,98662,US,8400 NE VANCOUVER MALL LOOP,Suite 110,Vancouver,WA,US,98662,https://pecps.com/,no,partner,1,6,yes,no,2804.8843669935454
3QNGJQ7A,"Yakima Vision Center, P.C",98902,"Yakima, WA 98902, USA",46.592621,-120.536346,tiffany@yakimavision.com,tiffany@yakimavision.com,5099655200,5099655200,2010 W Lincoln Ave,Yakima,WA,98902,US,2010 West Lincoln Avenue,Suite 1,Yakima,WA,US,98902,https://yakimavision.com/,no,partner,1,6,no,no,2811.530768067159
2MQ7ZDXD,The Oregon Clinic,97225,"Portland, OR 97225, USA",45.506451,-122.77562,vbuenrostroavalos@orclinic.com,vbuenrostroavalos@orclinic.com,5034882344,5034882344,847 NE 19th Ave,Portland,OR,97232,US,9155 SW Barnes Road,Suite 532,Portland,AL,US,97225,https://www.oregonclinic.com/,no,partner,1,6,no,no,2813.6487072862983
KM72Z5NC,Midnight Aesthetics LLC,97219,"Portland, OR 97219, USA",45.461807,-122.718193,midnightaestheticspdx@gmail.com,midnightaestheticspdx@gmail.com,5413102870,5413102870,8632 SW 11th Ave,Portland,OR,97219,US,8632 SW 11th Ave,,Portland,OR,US,97219,https://www.instagram.com/spftilldeath/,no,partner,1,6,yes,no,2820.253165706148
XE2E8G9V,Refresh Aesthetics,99217,"Spokane, WA 99217, USA",47.73151,-117.267685,refreshspokanebeauty@gmail.com,refreshspokanebeauty@gmail.com,5093809495,5093809495,9111 E Bigelow Gulch Rd,Spokane,WA,99217,US,9111 E Bigelow Gulch Rd,,Spokane,WA,US,99217,https://www.refreshspokane.com/,no,partner,1,6,no,no,2858.971532151348
QRBRBWCT,The Desert Mountain Club,85262,"Scottsdale, AZ 85262, USA",33.791107,-111.809158,kprinty@desertmt.com,pfales@desertmt.com,4805954000,4805954000,10225 E Desert Hills Drive,Scottsdale,AZ,85262,US,10225 E Desert Hills Drive,,Scottsdale,AZ,US,85262,https://www.desertmountain.com/,no,partner,1,6,no,no,71.96946840092818
MEWBXGZU,"LaVida Massage and MedSpa, LLC - Mesa",85215,"Mesa, AZ 85215, USA",33.519547,-111.546829,lavidacosmosgm@gmail.com,lavidacosmosgm@gmail.com,+4808442767,+4808442767,2837 N Power Rd,Mesa,AZ,85215,US,2837 N Power Rd,108,Mesa,AZ,US,85215,https://lavidamedspa.com/,no,bronze,2,6,yes,no,72.23889169704991
5HUKRDKW,Haley MD,85255,"Scottsdale, AZ 85255, USA",33.680302,-111.833008,Drjenhaley@gmail.com,Drjenhaley@gmail.com,4359018846,4359018846,17692 N. 93rd Way,Scottsdale,AZ,85255,US,17692 N. 93rd Way,,Scottsdale,AZ,US,85255,http://drjenhaley.com/,no,bronze,2,5,yes,no,79.61950015393488
NV9TYXBN,"Blue Stone Therapy, LLC",85259,"Scottsdale, AZ 85259, USA",33.591045,-111.797241,bluestonetherapy1@gmail.com,Bluestonetherapy1@gmail.com,6024058182,6024058182,10769 N Frank Llyod Wright Blvd,Scottsdale,AZ,85259,US,10769 N Frank Lloyd Wright Blvd STE 110,,Scottsdale,AZ,US,85259,https://www.bluestonetherapyAZ.com/,no,partner,1,6,no,no,82.55825098051942
QLRQYGPX,"Bella Angelic SkinCare, LLC",85260,"Scottsdale, AZ 85260, USA",33.616028,-111.892632,michaela@bellaangelicskincare.com,Michaela@BellaAngelicSkinCare.com,6028202768,6028202769,1655 East Runion Drive,Phoenix,AZ,85024,US,15454 N Frank Lloyd Wright Blvd,"Suite A2, Studio 16",Scottsdale,AZ,US,85260,https://bellaangelicskincare.com/,no,partner,1,6,yes,no,88.103065505166
XJKPVYQV,Pure Benefits Aesthetic and Wellness,85260,"Scottsdale, AZ 85260, USA",33.616028,-111.892632,kaitlinjones.az@gmail.com,kaitlinjones.az@gmail.com,6029097798,6029097798,15600 N Hayden Rd ,Scottsdale,AZ,85260,US,15600 N Hayden Rd,#110,Scottsdale,AZ,US,85260,https://purebenefitswellness.com/,no,partner,1,6,no,no,88.103065505166
vkQkv9Yl,Sonoran Skin Renewal,85260,"Scottsdale, AZ 85260, USA",33.616028,-111.892632,polly@sonoranskinrenewal.com,polly@sonoranskinrenewal.com,4808088498,4808088498,5010 e monte cristi ave,Scottsdale,AZ,85254,US,16638 N 90th st,unit 102,Scottsdale,AZ,US,85260,https://sonoranskinrenewal.com/,no,partner,1,6,yes,no,88.103065505166
2QHQ4KNP,Lee Eyecare Center,85209,"Mesa, AZ 85209, USA",33.380421,-111.636261,bpjlee5@gmail.com,bpjlee5@gmail.com,4802313741,4802313741,9265 E Baseline Rd,Mesa,AZ,74209,US,9265 Baseline Road,,Mesa,AL,US,85209,,no,partner,1,7,no,no,89.68611275121953
EXDZVJ45,Southwest Skin Specialists LLC.,85254,"Scottsdale, AZ 85254, USA",33.607182,-111.940323,mstudabaker@usdermpartners.com,mstudabaker@usdermpartners.com,4805913500,4805913500,5310 Harvest Hill Rd,Dallas,AZ,75230,US,10900 North Scottsdale Rd,201,Scottsdale,AZ,US,85254,https://www.usdermatologypartners.com/provider/jacqueline-watchmaker-md/,no,partner,1,6,no,no,92.34687883612573
229K29AS,PURESKIN,85024,"Phoenix, AZ 85024, USA",33.689396,-112.041672,contact@pureskinarizona.com,contact@pureskinarizona.com,6024926263,6024926263,1175 E Lone Cactus Drive,Phoenix ,AZ,85024,US,1175 E Lone Cactus Drive,Ste G1,Phoenix,AZ,US,85024,https://pureskinarizona.com/,no,partner,1,6,yes,no,96.21777574535
RK4G6CBL,Blessed Beauty Boutique,85032,"Phoenix, AZ 85032, USA",33.636452,-112.011864,blessedbotox@gmail.com,blessedbotox@gmail.com,7183129164,7183129164,12450 N 32nd St,Phoenix,AZ,85032,US,12450 N 32nd St,Suite 3,Phoenix,AZ,US,85032,https://blessedbeautyaz.com/,no,partner,1,6,yes,no,96.40295845129616
RF5JT2PG,"Elev8 Aesthetics, LLC",85901,"Show Low, AZ 85901, USA",34.351547,-110.092613,elev8aesthetics1@gmail.com,elev8aesthetics1@gmail.com,9288922570,9288922570,5300 S. Sutter Drive,Show Low,AZ,85901,US,509 N. 9th St.,,Show Low,AZ,US,85901,,no,partner,1,6,no,no,98.02539350924044
SZYPKKNM,Innovative EyeCare,85251,"Scottsdale, AZ 85251, USA",33.498631,-111.92244,drleah@innovativeeye.care,drleah@innovativeeye.care,4806081560,4806081560,7301 E. 2nd Street,Scottsdale,AZ,85251,US,7301 E 2nd St,Suite 202,Scottsdale,AZ,US,85251,http://innovativeeye.care/,no,partner,1,6,no,no,98.0367150509686
R4ZEYSFL,Urban Renewal Skincare Bar,85253,"Scottsdale, AZ 85253, USA",33.538849,-111.964172,taylorlanemac@gmail.com,taylorlanemac@gmail.com,4802622302,4802622302,4512 N Rubicon ave,Phoenix,AZ,85018,US,CURRENTLY NO BUSINESS ADDRESS,,Paradise Valley,AZ,US,85253,https://www.urskinbar.com/,no,partner,1,6,no,no,98.42084520601172
GTCTXGL7,SkinFairy Aesthetics,85027,"Phoenix, AZ 85027, USA",33.678238,-112.101288,info@skinfairyaesthetics.com,Cristinakellerskin@gmail.com,6027305860,6027305860,615 W. Deer Valley Rd,Phoenix,AZ,85027,US,615 w. Deer Valley Rd.,Suite 124,Phoenix,AZ,US,85027,https://www.skinbycristina.com/,no,partner,1,6,no,no,101.75187429874754
XUP93NK4,"Candeo Clinic, LLC",85233,"Gilbert, AZ 85233, USA",33.351929,-111.821091,amjohns4@hotmail.com,amjohns4@hotmail.com,6236405899,6236405899,"1450 West Guadalupe Road, ",Gilbert,AZ,85233,US,"1450 West Guadalupe Road,",suite 120,Gilbert,AZ,US,85233,https://candeoclinic.com/,no,partner,1,6,yes,no,102.63543454692652
WE9TUR69,Skin Care Specialist,85202,"Mesa, AZ 85202, USA",33.379425,-111.874748,lsilvaskinillum@yahoo.com,lsilvaskinillum@yahoo.com,4808359755,4808359755,1450 S Dobson Rd Ste 320B,Mesa,AZ,85202,US,1450 S Dobson Rd,Ste 320B,Mesa,AZ,US,85202,https://www.skinilluminance.com/,no,partner,1,6,no,no,103.73238331473074
C7LAXWYM,Biltmore Skin Care Center,85016,"Phoenix, AZ 85016, USA",33.51067,-112.029755,molly@skinserenityaz.com,molly@skinserenityaz.com,6022246100,6022246100,2525 E Arizona Biltmore Cir,Biltmore,AZ,85016,US,2525 E. Arizona Biltmore circle suite 121,,Phoenix,AZ,US,85016,https://www.biltmoreskincare.com/,no,partner,1,6,no,no,105.19502426733342
NE6BPB4F,Alchemy IV and Med Bar,85310,"Glendale, AZ 85310, USA",33.694744,-112.154945,alchemyivandmedbar@gmail.com,alchemyivandmedbar@gmail.com,6235722525,6235722525,6525 W Happy Valley Rd ,Glendale,AZ,85310,US,6525 W Happy Valley Rd,C107,Glendale,AZ,US,85310,,no,partner,1,6,no,no,105.59347354725736
U8UFRK4A,Essence Medical Center,85225,"Chandler, AZ 85225, USA",33.309196,-111.821091,paulalimanmd@gmail.com,contact@essencemedicalcenter.com,4804420079,4804420079,973 W. Elliot Road #2,Chandler,AZ,85225,US,973 W Elliot road,Suite 2,Chandler,AZ,US,85225,https://essencemedicalcenter.com/,no,partner,1,6,yes,no,106.27966869476693
AJEUXZPE,Infinity Signature Aesthetics,71901,"Hot Springs, AR 71901, USA",34.516689,-92.977554,infinitysignatureaesthetics@gmail.com,infinitysignatureaesthetics@gmail.com,5015479475,5015479475,2350 Malvern Ave,Hot Springs,AR,71901,US,2350 Malvern Ave,Suite A,Hot Springs,AR,US,71901,https://linktr.ee/infinitysignatureaesthetics?fbclid=IwAR1ErRvgWMTGzDCT-I9k3XsPmJxPs-57__vSTYx5ydJpafU63pU8NVfgIoQ,no,bronze,2,5,yes,no,129.30028658187695
HZPGHEDC,Sarah's Aesthetics,38117,"Memphis, TN 38117, USA",35.110332,-89.901955,sgold988@bellsouth.net,sgold988@bellsouth.net,9017342638,90173426389017342638,1579 Arcadia St,Memphis,TN,38119,US,5160 Sanderlin Ave.,Suite 4,Memphis,TN,US,38117,https://www.sarahsaesthetics.com/,no,bronze,2,5,yes,no,175.73552461036672
DKXQPBJH,Taylorwood LLC,38120,"Memphis, TN 38120, USA",35.121292,-89.855179,taylorwoodsalon@gmail.com,taylorwoodsalon@gmail.com,9012336218,9012336218,5160 Sanderlin Avenue,Memphis,TN,38117,US,5160 Sanderlin AVE ste 7,,Memphis,TN,US,38120,https://www.taylorwood.co/,no,partner,1,6,no,no,179.9046756132977
BPX8LC1P,Body For Life LLC,38133,"Bartlett, TN 38133, USA",35.209187,-89.798981,camrynburnette@gmail.com,camrynburnette@gmail.com,9013733300,9013733300,8046 N Brother BLVD,Bartlett,TN,38133,US,8046 N Brother BLVD,Suite 103,Bartlett,TN,US,38133,,no,partner,1,6,no,no,184.6967562670445
ZX9B2FSX,"Accucare Medical Clinic, LLC",65616,"Branson, MO 65616, USA",36.67342,-93.238251,contactaccucare@gmail.com,contactaccucare@gmail.com,4177833337,4177833337,280 Wintergreen Road,Branson,MO,65616,US,"280 Wintergreen Road,",,Branson,MO,US,65616,,no,partner,1,6,no,no,206.96407874773237
GBAGULZ4,The Aesthetic Eye,72703,"Fayetteville, AR 72703, USA",36.119251,-94.038895,theaestheticeyenwa@gmail.com,theaestheticeyenwa@gmail.com,4799037393,4799037393,1810 N College Ave,Fayetteville,AR,72703,US,1810 N College Ave,Suite 110,Fayetteville,AR,US,72703,https://www.theexclusiveeye.com/,no,partner,1,6,yes,no,224.00685716754927
32Q9Z9XQ,Alcheme Medspa LLC,63841,"Dexter, MO 63841, USA",36.760403,-89.981346,brooke@alchememedicalspa.com,brooke@alchememedicalspa.com,5736259122,5736259122,101 S Locust St,Dexter,MO,63841,US,101 S Locust St,STE B,Dexter,MO,US,63841,https://alchememedicalspa.com/,no,partner,1,6,yes,no,240.3834380108856
XU9PBOH2,Parenti Morris Eye Care,72758,"Rogers, AR 72758, USA",36.29892,-94.171852,drstarkey@parentimorris.com,drstarkey@parentimorris.com,4796361960,4796361960,3710 Southern Hills Blvd,Rogers,AR,72758,US,3710 Southern Hills Blvd,Ste 200,Rogers,AR,US,72758,https://www.parentimorris.com/,no,partner,1,6,yes,no,243.90549147577013
0E0YXEHV,Jeffries Eye Clinic,72758,"Rogers, AR 72758, USA",36.29892,-94.171852,admin@jeffrieseye.org,admin@jeffrieseye.org,4796318900,4796318900,3602 W Southern Hills Blvd,Rogers,AR,72758,US,3602 W Southern Hills Blvd,,Rogers,AR,US,72758,,no,no_tier,0,99,no,no,243.90549147577013
98E893W6,Nettie J's Beauty & Botox Parlor,65807,"Springfield, MO 65807, USA",37.175697,-93.328819,nettiejsbeautyparlor@gmail.com,nettiejsbeautyparlor@gmail.com,4172345622,4172345622,3100 S National Ave,Springfield,MO,65807,US,600 West Republic Road,B100,Springfield,MO,US,65807,https://www.nettiejsbeautyandbotoxparlor.com/,no,partner,1,6,no,no,257.39932964997416
GL5VAAE2,Refining Your Glow DBA Beauty + Wellness Co,65738,"Republic, MO 65738, USA",37.138058,-93.520561,beautywellnesscotox@gmail.com,beautywellnesscotox@gmail.com,4178385464,4178385464,133 State Highway 174,Republic,MO,65738,US,133 State Highway 174,,Republic,MO,US,65738,https://www.beautyandwellnessco.com/,no,partner,1,6,yes,no,263.3691450795704
VT7JQLXD,Rejuvenate Wellness and MedSpa,38305,"Jackson, TN 38305, USA",35.668476,-88.730156,ginger@rejuvenate-tennessee.com,ginger@rejuvenate-tennessee.com,7317986133,7317986133,797 Grayson Ln,Jackson,TN,38305,US,1348 Union University Dr,Suite C,Jackson,TN,US,38305,https://rejuvenate-tennessee.com/,no,partner,1,6,yes,no,285.76117090849993
7JFX749X,Nordstar Medical Skincare & Laser Center,38305,"Jackson, TN 38305, USA",35.668476,-88.730156,kimberly@nordstarmedical.com,kimberly@nordstarmedical.com,7312019982,7312019982,2027 Greystone Square,Jackson,TN,38305,US,2027 Greystone Square,,Jackson,TN,US,38305,https://nordstarmedical.com/?utm_source=google&utm_medium=localsearch&utm_campaign=gmb,no,bronze,2,5,no,no,285.76117090849993
YKWMU3X2,Restorative Skin Care LLC,63640,"Farmington, MO 63640, USA",37.765564,-90.412521,restorativeskincarebyjulie@gmail.com,restorativeskincarebyjulie@gmail.com,5094299678,5094299678,3 North main street,Farmington,MO,63640,US,2 N Main St,,Farmington,MO,US,63640,https://restorative-skin-care.square.site/,no,partner,1,6,yes,no,312.10670245452
G03PRHW1,The Eye Studio LLC,63601,"Desloge, MO 63601, USA",37.828751,-90.544693,drsmith@theeyestudiomo.com,drsmith@theeyestudiomo.com,5732008732,5732008732,105 Science St,Park Hills,MO,63601,US,105 Science St,,Park Hills,MO,US,63601,http://www.theeyestudiomo.com/,no,partner,1,6,no,no,314.0032732868863
V3938R5K,LO Aesthetic studio,65065,"Osage Beach, MO 65065, USA",38.128094,-92.668571,maegan.luxemed@gmail.com,maegan.luxemed@gmail.com,5737231332,5737231332,3738 Osage Beach Pkwy ,Osage Beach,MO,65049,US,3738 Osage Beach Pkwy,Suite 102,Osage Beach,MO,US,65065,,no,bronze,3,5,no,no,333.9139627135717
9QK7L6IC,Body Anew Spa & Aesthetics,39110,"Madison, MS 39110, USA",32.514576,-90.130783,bodyanew@icloud.com,bodyanew@icloud.com,6016050452,6016050452,1040 Gluckstadt Rd,Madison,MS,39110,US,"1040 Gluckstadt Road, Gluckstadt Road",,Madison,MS,US,39110,,no,no_tier,0,99,no,no,337.483661850799
LWHK4NDF,Riverside Medical LLC,65066,"Owensville, MO 65066, USA",38.265079,-91.482147,riversidemedical@myyahoo.com,riversidemedical@myyahoo.com,5733012941,5732012112,4425 Glaser Hollow Rd,Bland,MO,65014,US,101 W Lincoln Avenue,,Owensville,MO,US,65066,https://riversidemedical.clientsecure.me/,no,partner,1,6,no,no,342.12502840652604
TCVVZCXA,"The Skin Consult, Inc",39157,"Ridgeland, MS 39157, USA",32.435299,-90.158859,sajani@theskinconsult.com,sajani@theskinconsult.com,8555887546,8555887546,158 Bridgewater Crossing,Ridgeland,MS,39157,US,158 Bridgewater Crossing,,Ridgeland,MS,US,39157,https://theskinconsult.com/,no,partner,1,6,yes,no,344.1710649869118
7U4GVVCF,"Kandiss Kaye Aesthetics, LLC",63028,"Festus, MO 63028, USA",38.125935,-90.393669,kandisskayeaesthetics@gmail.com,kandisskayeaesthetics@gmail.com,3146304844,3146304844,112 S. Second St.,Festus,MO,63028,US,110 E Main St,,Festus,MO,US,63028,,no,no_tier,0,99,no,no,349.60116277559825
XUPGBMKY,Mariposa Advanced Aesthetics,95338,"Mariposa, CA 95338, USA",37.461021,-119.927795,mariposa.advanced.aesthetics@gmail.com,mariposa.advanced.aesthetics@gmail.com,2093477807,2093477807,P.O. Box 5008-358,Mariposa,CA,95338,US,5077 Bullion St,,Mariposa,CA,US,95338,http://www.mariposaadvancedaesthetics.com/,no,partner,1,6,no,no,88.3589563204301
KS74TSBF,Li & Liao Optometry,93312,"Bakersfield, CA 93312, USA",35.373417,-119.127434,eejliao@gmail.com,Eejliao@gmail.com,6614282715,6614282715,9820 Brimhall Road,Bakersfield,CA,93312,US,9820 Brimhall Road,,Bakersfield,CA,US,93312,https://bakersfieldeyedoc.com/,no,partner,1,6,yes,no,158.37757544939507
FQ8JUGJY,Rhodes Medspa,93309,"Bakersfield, CA 93309, USA",35.351562,-119.057632,hello@rhodesmedspa.com,hello@rhodesmedspa.com,5107986221,5107986221,212 Coffee Rd,Bakersfield,CA,93309,US,212 Coffee Rd,Suite 206 Space 117,Bakerfield,CA,US,93309,https://rhodesmedspa.com/,no,partner,1,6,yes,no,161.912704899384
RG4TFBNQ,Allure Aesthetics,93311,"Bakersfield, CA 93311, USA",35.12685,-119.185577,mibarra@sendashc.com,Mibarra@sendashc.com,6618479920,6618479920,9450 Ming Ave,Bakersfield,CA,93311,US,9450 Ming Ave,Suite C,Bakersfield,CA,US,93311,https://myallurespa.com/,no,partner,1,6,yes,no,184.8151358352831
TCWQAZTS,20/20 Optometry of Silicon Valley,95131,"San Jose, CA 95131, USA",37.390297,-121.896103,lee@2020eyesonline.com,lee@2020eyesonline.com,4084330800,4084330800,2555 N 1st St,San Jose,CA,95131,US,2555 N. First St.,,San Jose,CA,US,95131,https://www.2020eyesonline.com/,no,bronze,3,5,yes,no,230.1120870497745
KCGND9YK,Optical Illusions of San Jose,95128,"San Jose, CA 95128, USA",37.318916,-121.94162,kat@opti-illusions.com,kat@opti-illusions.com,4085395236,4085395236,377 Santana Row,San Jose,CA,95128,US,377 Santana Row,Ste 1115,San Jose,AL,US,95128,http://opti-illusions.com/,no,partner,1,6,no,no,231.8898787976199
NX5S5H83,Tahoe Aesthetics,89449,"Stateline, NV 89449, USA",38.953754,-119.910446,canraynor@att.net,canraynor@att.net,7755807058,7755807058,998 Panorama Ct,South Lake Tahoe,CA,96150,US,209 Kingsbury Grade,STE 3C,Stateline,CA,US,89449,https://www.purityaestheticstahoe.com/,no,partner,1,6,no,no,245.7351325249127
H53TPKCB,Golden State Dermatology,94598,"Walnut Creek, CA 94598, USA",37.896183,-121.981438,ap@gsdermca.com,apierre@gsdermca.com,8054961234,8054961234,370 North Wiget Lane,Walnut Creek,CA,94598,US,370 North Wiget Lane,Suite 250,Walnut Creek,CA,US,94598,,no,no_tier,0,99,no,no,258.47334207069355
imuClvC0,Kelly Hood MD Dermatology,94549,"Lafayette, CA 94549, USA",37.892944,-122.117828,kellyhooddermatology@gmail.com,kellyhooddermatology@gmail.com,9252835500,9252835500,970 Dewing Ave,Lafayette,CA,94549,US,970 Dewing Ave,301,Lafayette,CA,US,94549,http://www.kellyhoodmd.com/,no,partner,1,6,yes,no,268.94486394102546
HD7DZV6U,RKM Aesthetics & Wellness,93003,"Ventura, CA 93003, USA",34.298534,-119.220451,pilladofranceen@icloud.com,pilladofranceen@icloud.com,8054023199,8054023199,231 North Dos Caminos Ave,Ventura,CA,93003,US,231 North Dos Caminos Ave,,Ventura,CA,US,93003,https://rkmaesthetics.com/,no,partner,1,6,no,no,276.31054927135614
N973ESAX,Flora Aesthetics and Wellness,93001,"Ventura, CA 93001, USA",34.276947,-119.276924,florabeautyrx@gmail.com,florabeautyrx@gmail.com,8059010761,8059010761,71 N Palm St,Ventura,CA,93001,US,71 N Palm St,,Ventura,CA,US,93001,https://floraaestheticsandwellness.com/,no,bronze,2,5,yes,no,278.4252590597181
FEQV3GD9,Functional Beauty,93021,"Moorpark, CA 93021, USA",34.294277,-118.88298,Josiearrigoninp@gmail.com,josiearrigoninp@gmail.com,8056207090,8056207090,6993 Wildridge CT,Moorpark,CA,93021,US,252 Los Angeles Ave,Suite G,Moorpark,CA,US,93021,https://functionalbeauty.co/,no,partner,1,6,yes,no,280.4135010977903
Z99J0LF9,Las Posas Eyecare,93010,"Camarillo, CA 93010, USA",34.233089,-119.080902,DRMCCARTHY@LASPOSASEYECARE.COM,DRMCCARTHY@LASPOSASEYECARE.COM,8054828849,8054828849,99 E DAILY DRIVE,CAMARILLO,CA,93010,US,99 E DAILY DRIVE,,CAMARILLO,CA,US,93010,,no,no_tier,0,99,no,no,284.6484289461181
DFU4GKK8,AVANT EYES OPTOMETRY,91326,"Porter Ranch, CA 91326, USA",34.289459,-118.562286,info@avanteyes.com,info@avanteyes.com,8189005650,8189005650,20165 Rinaldi Street,Porter Ranch,CA,91326,US,20165 Rinaldi Street,Suite 150,Porter Ranch,CA,US,91326,https://www.avanteyes.com/,no,partner,1,7,yes,no,287.3640063922688
DL68PQE5,Roots Wellness and Functional Medicine,91362,"Thousand Oaks, CA 91362, USA",34.197147,-118.824722,toni@rootswellnessfm.com,Toni@rootswellnessfm.com,8059062015,8059062015,1429 E Thousand Oaks blvd,Thousand Oaks,CA,91362,US,1429 E Thousand Oaks blvd,Suite 103,Thousand Oaks,CA,US,91362,https://www.rootswellnessfm.com/alumiermd,no,partner,1,6,yes,no,291.98612409721164
LXQKWHWF,Pierre Skin Care Institute,91361,"Hidden Valley, CA 91361, USA",34.138462,-118.89463,ppierremd007@gmail.com,Ppierremd007@gmail.com,8054969190,8054969190,77 E Rolling Oaks Dr #207,Thousand Oaks,CA,91361,US,77 E Rolling Oaks Dr #207,,Thousand Oaks,CA,US,91361,https://pierreskincare.com/,no,partner,1,6,yes,no,297.3318592464078
WJVL2ST7,MK Aesthetics Inc,91302,"Monte Nido, CA 91302, USA",34.130795,-118.684814,mkaestheticsinc@gmail.com,mkaestheticsinc@gmail.com,8184975815,8184975815,22254 Cairnloch St,Calabasas,CA,91302,US,22254 Cairnloch St,,Calabasas,CA,US,91302,,no,partner,1,7,no,no,301.77715434467854
FKPQAXHT,ProAge Medical Spa,89502,"Reno, NV 89502, USA",39.483566,-119.731018,nbernard@proagemedicalspa.com,nbernard@proagemedicalspa.com,7753132260,7753449444,137 Vassar Street,Reno,NV,89502,US,560 Mill Street,Suite 306,Reno,NV,US,89502,https://www.proagemedicalspa.com/,no,partner,1,6,yes,no,302.0587797682121
KD9TN3KF,New Vision Optometry,91506,"Burbank, CA 91506, USA",34.172848,-118.325737,newoptometry@gmail.com,newoptometry@gmail.com,8188453783,8188453783,2201 W. Olive Ave.,Burbank,CA,91506,US,2201 W. Olive Ave.,,Burbank,CA,US,91506,http://www.newvisionoptom.com/,no,partner,1,6,no,no,306.117491398005
RX2HVJMX,Toluca Lake Optometric Center,91505,"Burbank, CA 91505, USA",34.161514,-118.340347,tloc91505@gmail.com,tloc91505@gmail.com,8188411212,8188411212,15732 Castlewoods Dr,Sherman Oaks,CA,91403,US,4100 West Alameda Ave.,Ste. 102,Burbank,CA,US,91505,https://www.tolucalakeoptometric.com/,no,partner,1,6,yes,no,306.8895249705721
2UL26DBU,Evergreen Body Contouring and Aesthetics,80439,"Evergreen, CO 80439, USA",39.618488,-105.430237,coolsculptingofevergreen@gmail.com,coolsculptingofevergreen@gmail.com,7203668419,7203668419,5196 Bear Mountain Drive,Evergreen,CO,80439,US,4011 Evergreen Parkway,,Evergreen,CO,US,80439,http://coolsculptingofevergreen.com,no,no_tier,0,99,no,no,31.09612973682687
3EDCWMAC,Simply You Med Spa,80437,"Evergreen, CO 80437, USA",39.630001,-105.32,michelle.waller@comcast.net,michelle.waller@comcast.net,7203774199,7203774199,2942 Evergreen Parkway,Evergreen,CO,80437,US,2942 Evergreen Parkway,Suite 303,Evergreen,CO,US,80437,https://www.simplyumedspa.com/,no,partner,1,6,yes,no,40.57997788171682
PFN2TK7T,Healthy Glow,80437,"Evergreen, CO 80437, USA",39.630001,-105.32,jess.dismuke@gmail.com,Jess.dismuke@gmail.com,7203236601,7203236601,2942 Evergreen Parkway,Evergreen,CO,80437,US,Healthy Glow,Suite 303,Evergreen,CO,US,80437,http://www.healthyglowevergreen.com/,no,partner,1,6,yes,no,40.57997788171682
3XCPNEHA,Prima Derma LLC,80401,"Lakewood, CO 80401, USA",39.715878,-105.231186,primaderma@icloud.com,primaderma@icloud.com,7204609275,7204609275,14828 W 6th Ave,Golden,CO,80401,US,14828 W 6th Ave,Ste 16-b,Golden,CO,US,80401,,no,partner,1,7,no,no,50.65080922478186
LJGUF6JP,"Eyecare Center of Ken Caryl, P.C.",80127,"Denver, CO 80127, USA",39.535023,-105.149284,theteam@eyecarekencaryl.com,theteam@eyecarekencaryl.com,3039736333,3039736333,8321 Sangree De Cristo Rd,Littleton,CO,80127,US,8321 Sangre De Cristo Rd,Ste 104,Littleton,CO,US,80127,https://eyecarekencaryl.com/,no,partner,1,6,yes,no,54.28550382353678
FL6Y5YM5,Essex Medspa,80123,"Lakewood, CO 80123, USA",39.616604,-105.067429,sohaydamd@essexmedspa.com,sohaydamd@essexmedspa.com,7209844099,7209844099,9200 W Cross Dr,Littleton,CO,80123,US,8555 West Belleview Ave,A06,Littleton,CO,US,80123,https://essexmedspa.com/,no,partner,1,6,no,no,61.68815369973393
5DD9LFS3,Clarified Complexions,80033,"Wheat Ridge, CO 80033, USA",39.777584,-105.108353,tara@clarifiedcomplexions.com,tara@clarifiedcomplexions.com,3035218542,3035218542,"3280 Wadsworth Blvd, Suite 100",Wheat Ridge ,CO,80033,US,3280 Wadsworth Blvd #100,,Wheat Ridge,CO,US,80033,https://www.clarifiedcomplexions.com/,no,bronze,2,5,no,no,62.97424800805988
T7SMMAK4,Spa in The City,80223,"Denver, CO 80223, USA",39.700783,-105.003143,ginarae@spainthecity.biz,ginarae@spainthecity.biz,3033205773,3033205773,136 North Kalamath Street,Denver,CO,80223,US,136 North Kalamath Street,,Denver,CO,US,80223,https://spainthecity.biz/,no,partner,1,6,yes,no,68.78435901272087
9UJ5ENYH,Alpine Aesthetics and Skincare,80222,"Denver, CO 80222, USA",39.669632,-104.933044,alpineskindenver@gmail.com,alpineskindenver@gmail.com,2142322393,2142322393,1660 S Albion St,Denver,CO,80222,US,1660 S Albion St,Unit 905 B,Denver,CO,US,80222,http://www.alpineaestheticsandskincare.com/,no,partner,1,6,yes,no,73.93655156260624
ARBUCA83,Foxy Medical Spa by Hope,80246,"Glendale, CO 80246, USA",39.699905,-104.933044,hjsdavis@gmail.com,hjsdavis@gmail.com,7204950839,7204950839,6851 S Gaylord st ,Centennial,CO,80122,US,950 S Cherry st,suite 1675,Denver,CO,US,80246,http://foxymdspa.com/,no,partner,1,7,no,no,74.59992850310643
XED2KCZC,Mountain Dermatology Specialists,81632,"Edwards, CO 81632, USA",39.64711,-106.65271,admin@mountaindermatology.com,admin@mountaindermatology.com,9709261800,9709261800,105 Edward Village Blvd,Edwards,CO,81632,US,105 Edward Village Blvd,Unite 211G,Edwards,CO,US,81632,https://mountaindermatology.com/,no,partner,1,7,no,no,75.37191838600091
5IQ1ANAd,Sitruc MedSpa,80026,"Lafayette, CO 80026, USA",39.996063,-105.090813,sitrucmedspa0822@hotmail.com,sitrucmedspa0822@hotmail.com,3033599423,3033599423,po box 9748,breckenridge,CO,80424,US,1200 S Public Rd,Suite 126,Lafayette,CO,US,80026,https://www.instagram.com/sitrucmedspa/,no,partner,1,6,yes,no,77.1332055751058
P3B2FQXC,Skincare and Moore,80112,"Greenwood Village, CO 80112, USA",39.58358,-104.85714,anastajzam@skincareandmoore.com,Anastajzam@skincareandmoore.com,9253898922,7205031100,2670 E County Line Rd,Highlands Ranch,CO,80126,US,6851 S HOLLY CIR,STE 220,CENTENNIAL,CO,US,80112,https://skincareandmoore.com/,no,bronze,3,5,yes,no,79.37023395146925
9C6C8458,MD Body & Med Spa,80112,"Greenwood Village, CO 80112, USA",39.58358,-104.85714,rachel@mdbodyandmedspa.com,rachel@mdbodyandmedspa.com,3032201100,3032201100,7939 E Arapahoe Rd,Greenwood Village,CO,80112,US,7939 E Arapahoe Rd,210,Greenwood Village,CO,US,80112,https://mdbodyandmedspa.com/,no,partner,1,6,no,no,79.37023395146925
4VV83R9T,Tox Guy LLC,80112,"Greenwood Village, CO 80112, USA",39.58358,-104.85714,toxguyco@gmail.com,toxguyco@gmail.com,9703008877,9703008877,11073 Watermark St,Parker,CO,80134,US,9034 E Easter Place,Suite 201,Centennial,CO,US,80112,https://toxguy.com/,no,partner,1,6,yes,no,79.37023395146925
zUEt9EIG,Muse Medical Artistry ,80014,"Denver, CO 80014, USA",39.663162,-104.82795,musemedartistry@gmail.com,musemedartistry@gmail.com,7203814191,7203814191,25409 E Fair Dr,Aurora,CO,80016,US,2993 S. Peoria St.,Ste 210,Aurora,CO,US,80014,https://www.musemedicalartistry.com/,no,partner,1,6,no,no,82.69972447951908
6HE2TTLF,Rocky Mountain Beauty Bar,80501,"Longmont, CO 80501, USA",40.173328,-105.114204,kstivers15@gmail.com,kstivers15@gmail.com,9092667213,9092667213,665 Frontage Road,Longmont,CO,80501,US,665 Frontage Road Suite 250,,Longmont,CO,US,80501,,no,partner,1,6,no,no,89.73578710738337
JVJQU44H,Moreno Aesthetics LLC,80022,"Denver, CO 80022, USA",39.866592,-104.775429,heather@allthingsskinmedspa.com,heather@allthingsskinmedspa.com,7209378006,7209378006,13611 E 104th Ave,Commerce City,CO,80022,US,13611 E. 104th Ave,#300,Commerce City,CO,US,80022,http://www.allthingsskinmedspa.com/,no,partner,1,6,no,no,93.02580519742142
3FZWCJS5,"Caitlin Schwein, PA-C",80116,"Franktown, CO 80116, USA",39.346928,-104.72876,caitie.schwein@gmail.com,Caitie.schwein@gmail.com,3035940093,3035940093,344 Post Oak Cir,Franktown,CO,80116,US,344 Post Oak Cir,,Franktown,CO,US,80116,,no,partner,1,6,no,no,93.21828755216724
P2QSCVQ9,18 Spa,80537,"Loveland, CO 80537, USA",40.372135,-105.196075,kelly@18spaco.com,kelly@18spaco.com,9705873008,9705873008,3180 Branding Iron Ct,Milliken,CO,80543,US,1135 N Lincoln Ave,Unit 1,Loveland,CO,US,80537,https://www.18spaco.com/,no,bronze,2,5,yes,no,104.16446440901362
VClTzyxZ,Holistic Health Code,06032,"Farmington, CT 06032, USA",41.730202,-72.839729,arlene@holistichealthcode.com,arlene@holistichealthcode.com,8609400900,8609400900,1051 Farmington Avenue,Farmington,CT,06032,US,1051 Farmington Avenue,,Farmington,CT,US,06032,https://www.holistichealthcode.com/,no,partner,1,6,yes,no,24.975919969869967
EBLKXSDJ,Golden Aesthetics,06470,"Newtown, CT 06470, USA",41.382137,-73.300125,james@golden-aesthetics.com,james@golden-aesthetics.com,2037850100,2037850100,125 South Main St,Newton,CT,06470,US,125 S Main St,Suite D,Newtown,CT,US,06470,@goldenaestheticsct,no,partner,1,7,yes,no,30.28573604786473
A8936LXW,Jeffrey Rosenthal MD,06824,"Fairfield, CT 06824, USA",41.19482,-73.28833,rosenthalcosmetic@gmail.com,Rosenthalcosmetic@gmail.com,2033353223,2033353223,140 Sherman Street,Fairfield,CT,06824,US,140 Sherman Street,,Fairfield,CT,US,06824,,no,partner,1,7,no,no,48.39572626142541
KYRB9RZM,Novum Initiis Health & Wellness,12531,"Holmes, NY 12531, USA",41.543045,-73.665398,billie@novuminitiis.com,billie@novuminitiis.com,7182139812,7182139812,93 Mountain View Drive,Holmes,NY,12531,US,93 Mountain View Drive,,Holmes,NY,US,12531,https://www.novuminitiishealth.com/,no,partner,1,6,yes,no,48.51569246061288
YBATRELA,"Opal Medical Aesthetics, LLC",06066,"Vernon, CT 06066, USA",41.818611,-72.479027,lindseyalbanohart@gmail.com,lindseyalbanohart@gmail.com,8602587868,8602587868,26 Blair Road,Willington,CT,06279,US,"281 Hartford Turnpike, Suite 201",,Vernon,CT,US,06066,https://www.opalmedicalaesthetics.com/,no,partner,1,6,yes,no,55.9174560021222
T4Z4VT47,Prima Ultimate Skin Care,06880,"Westport, CT 06880, USA",41.12701,-73.359077,Dana@primaultimateskincare.com,Dana@primaultimateskincare.com,2034549696,2034549696,292 Post Rd E,Westport,CT,06880,US,292 Post Road E,,Westport,CT,US,06880,https://primaultimateskincare.com/,no,partner,1,6,yes,no,57.59014740392375
MJP9UV2A,Skinsa Beauty by Kristen Evans,10506,"Bedford, NY 10506, USA",41.188103,-73.641846,Kristen@skinsabeauty.com,Kristen@skinsabeauty.com,3472769060,3472769060,448F old post rd,Bedford,NY,10506,US,448F Old Post Rd,,Bedford,NY,US,10506,https://www.skinsabeauty.com/kristen-evans,no,partner,1,6,yes,no,65.32103889440017
L9HXVS3Y,Tula Beauty,11733,"Setauket- East Setauket, NY 11733, USA",40.950977,-73.099556,bytulabeauty@gmail.com,bytulabeauty@gmail.com,6314966677,6314966677,222 Main Street,East Setauket,NY,11733,US,222 Main Street,,East Setauket,NY,US,11733,https://www.instagram.com/tulabeautyspa/,no,partner,1,6,no,no,72.53270563834137
UBJVZKMQ,Luminary Advanced Aesthetics,12508,"Beacon, NY 12508, USA",41.489662,-73.971252,luminaryspahv@gmail.com,Luminaryspahv@gmail.com,8454403244,8457645188,464 Main St,Beacon,NY,12508,US,464 Main St,,Beacon,NY,US,12508,https://luminaryspany.com/,no,bronze,2,5,yes,no,74.60132776450699
4X0DISQL,"Aura Advanced Aesthetics, Inc",12542,"Marlboro, NY 12542, USA",41.609924,-73.994759,info@auraspany.com,info@auraspany.com,8456292398,8456292398,379 Lattintown Road,Marlboro,NY,12542,US,"379 Lattintown Road, Lattintown Road",,Marlboro,NY,US,12542,,no,no_tier,0,99,no,no,75.41456592404691
JAQZJTXX,Dbott Esthetics & Color,11776,"Port Jefferson Station, NY 11776, USA",40.9086,-73.046432,dbott01@optonline.net,Dbott01@optonline.net,6319282817,6319282817,21 Dorothy St,Port Jefferson Station,NY,11776,US,21 Dorothy Street,,Port Jefferson Station,NY,US,11776,,no,bronze,2,5,no,no,77.31532187389237
oCqWl5aS,Bare Skin and Laser,10570,"Pleasantville, NY 10570, USA",41.135887,-73.788971,info@bareskinandlaser.com,info@bareskinandlaser.com,9147479600,9147479600,201 Marble Ave,Plesantville,NY,10570,US,201 Marble Ave,,Pleasantville,NY,US,10570,https://www.bareskinandlaser.com/,no,no_tier,0,99,yes,no,78.25793694070164
PHWF7HMR,Laser Arts Studio,12550,"Newburgh, NY 12550, USA",41.530609,-74.053513,la.studio.ny@gmail.com,La.studio.ny@gmail.com,8455881148,8455881148,275 North St,Newburgh,NY,12550,US,275 North St,,Newburgh,NY,US,12550,https://www.laserartsstudio.com/,no,partner,1,6,yes,no,80.74975947741696
KM3QHCRM,Lulu Skincare & Beauty Bar,10580,"Rye, NY 10580, USA",40.974976,-73.694824,rioshollmann@gmail.com,rioshollmann@gmail.com,2129458794,9149245423,12 Brevoort Lane,Rye,NY,10580,US,12 Brevoort Lane,,Rye,NY,US,10580,https://www.instagram.com/luluskincareandbeautybar/,no,no_tier,0,99,no,no,86.32869345712385
N2N7JQ5B,Mark D Epstein MD,11788,"Smithtown, NY 11788, USA",40.815384,-73.211655,rverspoor@epsteinplasticsurgery.com,Rverspoor@epsteinplasticsurgery.com,6316891100,6316891100,200 Motor Pkwy,Hauppauge,NY,11788,US,200 Motor Pkwy,B12,Hauppauge,NY,US,11788,https://www.epsteinplasticsurgery.com/,no,partner,1,6,no,no,88.21428335824204
LMT66DQQ,Defining Beauty,10530,"Scarsdale, NY 10530, USA",41.021446,-73.8125,bbbernadine@aol.com,bbbernadine@aol.com,9142872055,9142872055,364 Ridge Rd,Hartsdale,NY,10530,US,364 Ridge Road,,Hartsdale,NY,US,10530,https://www.definingbeauty.net/,no,partner,1,6,no,no,88.59342299679376
KRXDCXBE,"Rockland Thoracic and Vascular Associates, PLC dba Palisades Vein Center and Medical Spa",10956,"New City, NY 10956, USA",41.160427,-73.994759,cdrum@rtvamail.com,cdrum@rtvamail.com,8453625200,8453625200,873 Route 45,New City,NY,10956,US,873 Route 45,Suite 105,New City,NY,US,10956,http://www.palisadesveincenter.com,no,partner,1,6,no,no,90.2802301206504
K99H6ABN,White’s Apothecary Westhampton Beach,11978,"Westhampton Beach, NY 11978, USA",40.843239,-72.650597,whiteswesthampton@gmail.com,whiteswesthampton@gmail.com,6319226227,6319226227,132 Main Street,Westhampton Beach,NY,11978,US,132 Main Street,,Westhampton Beach,NY,US,11978,https://www.city-chemist.com/,no,partner,1,6,no,no,92.07554352075287
K7WAML3M,Lavender Lush Aesthetics PLLC,11791,"Syosset, NY 11791, USA",40.833485,-73.500511,rgrellamd@aol.com,rgrellamd@aol.com,5165846357,5165846357,18 Jackson Avenue,Syosset,NY,11791,US,18 Jackson Avenue,Suite 2,Syosset,NJ,US,11791,https://www.lavenderlushaesthetics.com/,no,partner,1,6,yes,no,92.29073292393188
37F96EXM,Arroyo Np on Family Health,11791,"Syosset, NY 11791, USA",40.833485,-73.500511,jarroyonp@gmail.com,jarroyonp@gmail.com,6317695047,6317695047,224 Linden St ,Massapequa Park,NY,11762,US,60 Queens St,,Syosset,NY,US,11791,https://mynextlevelwellness.com/,no,partner,1,6,yes,no,92.29073292393188
HM7JQBVR,SKIN LLC,19901,"Leipsic, DE 19901, USA",39.208134,-75.457779,nicolebr@pcom.edu,nicolebr@pcom.edu,3027343376,3027343376,95 wolf creek blvd,Dover,DE,19901,US,95 wolf creek Blvd,unit 1 ,Dover,DE,US,19901,,no,bronze,2,5,no,no,33.60456962687403
ATZ29N8W,"Women's Wellness of Southern Delaware, LLC",19958,"Lewes, DE 19958, USA",38.763817,-75.177887,alafferty@womenswellness-sd.com,alafferty@womenswellness-sd.com,3022575372,3022575372,17637 Shady Road,Lewes,DE,19958,US,17637 Shady Road,Suite 201,Lewes,DE,US,19958,https://www.womenswellness-sd.com/,no,partner,1,6,no,no,34.424735639586565
L248RLYM,SavvyDerm,19967,"Millville, DE 19967, USA",38.545254,-75.123894,admin@savvyderm.com,admin@savvyderm.com,3022575089,3022575089,32769 Cedar Drive,Millville,DE,19967,US,32769 Cedar Drive,Unit 200,Millville,DE,US,19967,https://savvyderm.com/,no,silver,3,5,yes,no,53.6586523153692
8LM9CFS2,"Dr. Pennye Doud & Associates, PC",21401,"Cape St Claire, MD 21401, USA",38.979435,-76.491974,pdoud@annapolisvision.com,pdoud@annapolisvision.com,4102660099,4102660099,130 Holiday Court,Annapolis,MD,21401,US,130 Holiday Court,Suite 109 & 111,Annapolis,MD,US,21401,https://annapolisvision.com/,no,partner,1,6,yes,no,83.74217885016458
TXYZ4X52,CARE Esthetics Annapolis,21401,"Cape St Claire, MD 21401, USA",38.979435,-76.491974,careestheticsannapolis@gmail.com,careestheticsannapolis@gmail.com,5615898948,5615898948,104 Forbes St,Annapolis,MD,21401,US,104 Forbes St,Suite 107,Annapolis,MD,US,21401,,no,no_tier,0,99,no,no,83.74217885016458
VCVM5EDW,Woolf Eye Lab,21122,"Lake Shore, MD 21122, USA",39.129139,-76.479446,bwoolf@drwoolf.com,bwoolf@drwoolf.com,4102558056,4102558056,2446 Mountain Road,"Pasadena,",MD,21122,US,2446 Mountain Road,,Pasadena,MD,US,21122,https://www.woolfeyelab.com/,no,partner,1,6,no,no,85.73191374343915
xUU3KQMb,Aqua Vida Aesthetics and Wellness,21078,"Havre De Grace, MD 21078, USA",39.567596,-76.143593,krystal@aquavidamedspa.com,krystal@aquavidamedspa.com,4432498100,4432498100,196 Tonys Rd,Elkton,MD,21921,US,402 Lewis St,,Havre De Grace,MD,US,21078,,no,partner,1,6,yes,no,90.2594869490617
WY6NL2GC,Mainland Eye LLC,08244,"Somers Point, NJ 08244, USA",39.314022,-74.599052,eye2c@comcast.net,eye2c@comcast.net,6092146003,6092146003,415 New Rd,Somers Point,NJ,08244,US,415 New Road,,Somers Point,NJ,US,08244,https://linktr.ee/mainland_aesthetics?lt_utm_source=lt_admin_share_link#317572853,no,partner,1,6,yes,no,91.8083393547296
2F8W3Q9N,My Skin Care Girl LLC,19808,"Marshallton, DE 19808, USA",39.73299,-75.678993,myskincaregirl@outlook.com,myskincaregirl@outlook.com,3027431230,3027431230,15 Rockrose Dr,Newark,DE,19711,US,3620 Kirkwood Hwy,suite 303,Wilmington,DE,US,19808,https://www.myskincaregirl.com/,no,partner,1,6,yes,no,92.34157828849048
M4VQTMH4,Sorelle Aesthetics LLC,21014,"Bel Air, MD 21014, USA",39.531769,-76.35215,info@sorelleaesthetics.com,Info@sorelleaesthetics.com,6104620361,6104620361,412 Quail drive,Allentown,PA,18104,US,2123 Conowingo Road,Suite 201,Bel Air,MD,US,21014,https://sorelleaesthetics.com/,no,partner,1,6,yes,no,99.05232783043688
WQ8W8ZHR,Simmons – O’Brien & Orlinsky,21204,"Ruxton, MD 21204, USA",39.407566,-76.635498,dianeorlinsky@gmail.com,Dianeorlinsky@gmail.com,4108217546,4108217546,8320 Bellona Ave,Towson,MD,21204,US,8320 Bellona Ave,Suite 20,Towson,MD,US,21204,https://www.ladydermdocs.com/,no,no_tier,0,99,yes,no,110.33564395624644
K1MD0Y9Q,Lizabelly IV Hydration & Medspa,21045,"Columbia, MD 21045, USA",39.201385,-76.837502,info@lizabellymedspa.com,lizabellyesthetician@gmail.com,2405951864,2403913590,1117 Chevron Road,Severn,MD,21144,US,5397 Twin Knolls Road,Suite 14,Columbia ,MD,US,21045,http://www.lizabellymedspa.com/,no,no_tier,0,99,yes,no,117.62142939713708
KGEJVV2W,The Med Spa at Clinical Edge,08053,"Marlton, NJ 08053, USA",39.852295,-74.885796,contact@clinicaledgebeauty.com,contact@clinicaledgebeauty.com,6093363313,6093363313,777 E Route 70 ,Morlton,NJ,08053,US,777 E Route 70,G-103,Marlton,NJ,US,08053,https://www.clinicaledgebeauty.com/,no,partner,1,6,yes,no,118.33108031228264
CFYYZ7M4,Adaptive Health Lifestyle,20707,"Laurel, MD 20707, USA",39.10437,-76.883629,jean@adaptivehealthlifestyle.com,jean@adaptivehealthlifestyle.com,9178550532,9178550532,12608 Blue Sky Drive,Clarksburg,MD,20871,US,14300 Cherry Lane Court,Suite 108,Laurel,MA,US,20707,https://adaptivehealthlifestyle.com/,no,no_tier,0,99,yes,no,119.12073356264834
VXNKBYK4,Catando Eye Associates,08055,"Medford Lakes, NJ 08055, USA",39.86306,-74.81562,examfeedback@comcast.net,examfeedback@comcast.net,16099538700,16099538700,175-21 Route 70,Medford,NJ,08055,US,175 NJ-70,#21,New Jersey,NY,US,08055,https://eyedoctormedfordnj.com/,no,partner,1,6,no,no,122.2926637531254
Q27G32VJ,The Spa at CU,19341,"Franklin Center, PA 19341, USA",40.045242,-75.638268,suecutups@aol.com,suecutups@aol.com,2152197588,2152197588,323 Gordon Dr,Exton,PA,19341,US,323 Gordon Drive,,Exton,PA,US,19341,,no,partner,1,6,no,no,126.4969581726583
ZNYYZDCI,Eycon LLC,20003,"Washington, DC 20003, USA",38.883137,-76.990227,drmckay@eycondc.com,drmckay@eycondc.com,2029982291,2029982291,1100 2nd Pl SE,Washington,DC,20003,US,1100 2nd Pl SE,Suite 200,Washington,DC,US,20003,,no,no_tier,0,99,no,no,126.60602638216729
934H6VJ5,Kindred Hair and Skin Center - Marriotsville,21104,"Woodstock, MD 21104, USA",39.331818,-76.906685,akinlaw@kindredhairandskin.com,akinlaw@kindredhairandskin.com,4434247754,4434247754,11125 Stratfield Ct,Marriotsville,MD,21104,US,11125 Stratfield Ct,,marriottsville,MD,US,21104,https://kindredhairandskin.com/,no,partner,1,6,no,no,127.83919859280375
NWL9BBRN,DGW T/A A Medical Spa,08057,"Moorestown, NJ 08057, USA",39.979092,-74.932571,agambino@rizzieri.com,agambino@rizzieri.com,8569858500,8569858500,400 West Route 38,Moorestown,NJ,08057,US,400 West Route 38,Suite 1440,Moorestown,NJ,US,08057,https://amedicalspa.com/,no,partner,1,6,no,no,129.3089472424265
mTa3Tmpu,Cool River Aesthetic Center,19428,"Conshohocken, PA 19428, USA",40.082436,-75.3004,lv1skin@gmail.com,lv1skin@gmail.com,6105817546,6105817546,125 E Elm Street,Conshohocken,PA,19428,US,125 E Elm Street,,Conshohocken,PA,US,19428,,no,partner,1,6,no,no,131.727324088023
M26FY99X,PR Glow MD,33884,"Cypress Gardens, FL 33884, USA",27.989016,-81.680206,prglowmd@gmail.com,prglowmd@gmail.com,8632471138,8632471138,730 Overlook Drive,Winter Haven,FL,33884,US,730 Overlook Drive,,Winter Haven,FL,US,33884,http://www.prglowmd.com/,no,no_tier,0,99,no,no,39.50924504852368
4VEVVB2T,Keep Moving Health,33884,"Cypress Gardens, FL 33884, USA",27.989016,-81.680206,carey@keepmovinghealth.com,carey@keepmovinghealth.com,8633078881,8633078881,5654 Cypress Gardens Blvd,Winter Haven,FL,33884,US,5654 Cypress Gardens Blvd,,Winter Haven,FL,US,33884,https://www.keepmovinghealth.com/,no,bronze,2,5,yes,no,39.50924504852368
ZPFDW649,Bliss Health Spa,33813,"Lakeland, FL 33813, USA",27.958134,-81.942574,brandy.raerad90@yahoo.com,brandy.raerad90@yahoo.com,8635130845,8635130845,625 Commerce Drive,Lakeland,FL,33813,US,625 commerce drive.,Suite 206,Lakeland,FL,US,33813,,no,partner,1,6,no,no,53.158380005532585
xgSOR0GF,Clique Med Spa,33813,"Lakeland, FL 33813, USA",27.958134,-81.942574,john@cliquemedspa.com,john@cliquemedspa.com,8632702915,8632702915,2355 Delphi Blvd,Lakeland,FL,33812,US,5315 S Florida Ave,Suite 1,Lakeland,FL,US,33813,https://cliquemedspa.com/,no,partner,1,6,yes,no,53.158380005532585
356942JE,Eyes on Lakeland,33803,"Lakeland, FL 33803, USA",28.009518,-81.926201,oaluwiesi@gmail.com,oaluwiesi@gmail.com,8632505553,8632505553,1400 South Florida Avenue,Lakeland,FL,33803,US,1400 South Florida Avenue,,Lakeland,FL,US,33803,https://www.eyesonlakeland.com/,no,partner,1,6,yes,no,55.65768552934902
MJ754YA8,Care with Cass,33511,"Brandon, FL 33511, USA",27.908258,-82.290916,cassjenkins3@yahoo.com,cassjenkins3@yahoo.com,8135469504,8135469504,1809 Laurel Oak Dr,Valrico,FL,33596,US,1312 Orangewalk Dr,,Brandon,FL,US,33511,,no,partner,1,6,no,no,80.91650415725469
Cc0NIk56,Variations of Beauty Aesthetics & Wellness,33511,"Brandon, FL 33511, USA",27.908258,-82.290916,info@variationsofbeautywellness.com,info@variationsofbeautywellness.com,8135864445,8135864445,4780 White Sanderling Court,Tampa,FL,33619,US,107 Brandon Town Center Dr,,Brandon,FL,US,33511,https://variationsofbeautywellness.com/,no,no_tier,0,99,yes,no,80.91650415725469
pbtb294E,KC Wellness & Medspa,33578,"Riverview, FL 33578, USA",27.887394,-82.334335,katherinecancel@yahoo.com,katherinecancel@yahoo.com,3052163760,3052163760,10113 Rose Petal Place,Riverview,FL,33569,US,10036 Water Works Lane,,Riverview,FL,US,33578,http://www.kcwellnessandmedspafl.com/,no,partner,1,6,yes,no,84.25055763851941
94BV5LXZ,The Esthetics Studio,33534,"Gibsonton, FL 33534, USA",27.819904,-82.377731,ea-aesthetics@hotmail.com,ea-aesthetics@hotmail.com,9087635381,9087635381,8108 Rothbury Hills Place,Gibsonton,FL,33534,US,8108 Rothbury Hills Place,,Gibsonton,FL,US,33534,,no,no_tier,0,99,no,no,86.56431664531144
6OQAI0AN,Bloom Aesthetics DP LLC,32819,"Sand Lake, FL 32819, USA",28.463049,-81.460854,info@bloomaestheticsfl.com,info@bloomaestheticsfl.com,4074651995,4074651995,7932 W Sand Lake RD,Orlando,FL,32819,US,7932 W Sand Lake RD,STE 300,Orlando,FL,US,32819,,no,no_tier,0,99,no,no,88.92130098921014
GQLX9OPM,"Pure Skin Dermatology & Aesthetics, LLC",32819,"Sand Lake, FL 32819, USA",28.463049,-81.460854,dgraymd@gmail.com,dgraymd@gmail.com,4079002580,4079002580,7932 West Sand Lake Road,Orlando,FL,32819,US,7932 West Sand Lake Road,Suite 206,Orlando,FL,US,32819,,no,no_tier,0,99,no,no,88.92130098921014
H9M5Q7FQ,"Evercare Wellness, LLC",34221,"1301 10 St E , Palmetto, FL 34221, US",27.587749,-82.425499,beauty@evercarewellness.com,BEAUTY@EVERCAREWELLNESS.COM,7724856179,8505015554,1301 10 St E,Palmetto,FL,34221,US,1301 10 St E,Ste A,Parrish,FL,US,34219,https://www.evercarewellness.com/,no,partner,1,6,yes,no,90.03447591838298
U4QM2ZCG,Bespoke Body,32940,"Melbourne, FL 32940, USA",28.198898,-80.787941,ciara@bespokebody.com,ciara@bespokebody.com,3305068929,3305068929,5287 Kirkwall Circle,Melbourne,FL,32940,US,5287 Kirkwall Circle,,Melbourne,FL,US,32940,https://bespokebody.com/,no,partner,1,6,yes,no,92.9462306802397
VHZQSIbA,"Dream Queen Aesthetics, LLC",33541,"Zephyrhills, FL 33541, USA",28.230309,-82.225731,mary@dreamqueenaw.com,mary@dreamqueenaw.com,3155293637,3155293637,"2316 Lanier Rd,",Zephyrhills,FL,33541,US,"2316 Lanier Rd,",,Zephyrhills,FL,US,33541,https://www.instagram.com/dreamqueenaesthetics?igsh=MXV6Y3Jwc2Rsc28wdw%3D%3D,no,partner,1,6,no,no,93.89952425865044
ZJ8BMWVP,Altera Tampa LLC,33617,"TEMPLE TERR, FL 33617, USA",28.036234,-82.393997,Alteratampa@gmail.com,Alteratampa@gmail.com,8139801437,8139801437,10931 N 56TH ST,Temple Terrace,FL,33617,US,10931 N. 56th St.,,Temple Terrace,FL,US,33617,https://alterawellness.com/,no,no_tier,0,99,no,no,95.7123121484465
ENU288WM,The Haute Beauty Clinic,34711,"Clermont, FL 34711, USA",28.536644,-81.713051,megan@thehautebeautyclinic.com,megan@thehautebeautyclinic.com,2256145403,2256145403,646 8th St,Clermont,FL,34711,US,646 8th St,,Clermont,FL,US,34711,,no,no_tier,0,99,no,no,98.85407476908703
CMZJMR28,Revitalized Wellness & Aesthetics,34208,"Bradenton, FL 34208, USA",27.500443,-82.507759,kristi@revitalizedwellness.org,kristi@revitalizedwellness.org,9412317642,9412317642,6310 Bayshore Rd,Palmetto,FL,34221,US,5219 East State,Road 64,Bradenton,FL,US,34208,https://www.revitalizedwellness.org/,no,bronze,3,5,yes,no,99.4625214374284
9R4JBW68,Miraculous Health & Wellness,33559,"Lutz, FL 33559, USA",28.153776,-82.41568,miraculous.health.wellness@gmail.com,miraculous.health.wellness@gmail.com,8136092553,8136092553,26314 Wesley Chapel Blvd,Lutz,FL,33559,US,26314 Wesley Chapel Blvd,,Lutz,FL,US,33559,,no,no_tier,0,99,no,no,103.80442393286708
QUJmy1pK,Aurora Medical Group. Corp,33614,"Tampa, FL 33614, USA",28.013386,-82.507759,director@auroramedicaltampa.com,director@auroramedicaltampa.com,8134441600,8134438823,8809 W Hamilton Ave,Tampa,FL,33615,US,2715 W Sligh Ave,,Tampa,FL,US,33614,http://auroramedicaltampa.com/,no,partner,1,6,no,no,104.9569695992315
UokoUCsp,Anders Chiropractic & Sports Performance,32817,"Union Park, FL 32817, USA",28.588017,-81.240868,anderschiropractic@yahoo.com,anderschiropractic@yahoo.com,4072493300,4072493300,2984 Alafaya Trail,Oviedo,FL,32765,US,3361 Rouse Rd,Ste 230,Orlando,FL,US,32817,https://centralfloridachiropractic.com/,no,no_tier,0,99,yes,no,106.13387565186298
6LK6LRYR,Oasis Med Aesthetics,31533,"Douglas, GA 31533, USA",31.551697,-82.810196,Ronipa@windstream.net,Ronipa@windstream.net,9123842555,9123842555,117 W Bryan St,Douglas,GA,31533,US,117 W Bryan St,,Douglas,GA,US,31533,http://www.safebeautyplace.com/,no,bronze,3,5,no,no,67.97414076912507
2QGWVNGA,Southern Aesthetics GA,31088,"Warner Robins, GA 31088, USA",32.590481,-83.624199,manisha@sa-skin.com,manisha@SA-skin.com,4783652181,4783652181,720 Latrobe Way,Macon,GA,31022,US,101 Willie Lee Parkway,,Warner Robins,GA,US,31088,https://www.sa-skin.com/,no,bronze,3,5,yes,no,82.78599926407986
Y4JZAZA6,Belovese Med Spa LLC,31794,"ABAC, GA 31794, USA",31.440084,-83.485687,sherricrosby@belovese.com,sherricrosby@belovese.com,2293269478,2293269478,209 W 12th St,Tifton,GA,31794,US,209 W 12th St,,Tifton,GA,US,31794,http://www.belovese.com/,no,partner,1,6,no,no,96.7059580306762
YNGCRGLD,IV Wellness Solutions,31024,"Eatonton, GA 31024, USA",33.306999,-83.378937,lisa@ivwellnesssolutions.org,Lisa@ivwellnesssolutions.org,6787254792,6787254792,646 Old Phoenix Rd,Eatonton,GA,31024,US,646 Old Phoenix Rd,Suite C,Eatonton,GA,US,31024,https://www.ivwellnesssolutions.org/,no,partner,1,6,no,no,135.22889898841228
5XIKUQT7,Azalea Plastic Surgery,31602,"Valdosta, GA 31602, USA",30.874189,-83.346878,skinwithderrick@gmail.com,skinwithderrick@gmail.com,2299386495,2299386495,3754 Kinderlou Forest,Valdosta,GA,31601,US,2810 N Oak St,,Valdosta,GA,US,31602,https://azaleacenter.com/,no,no_tier,0,99,no,no,148.65398092871828
S9BDSERU,The Wellness Cottage and Spa,31064,"Monticello, GA 31064, USA",33.324692,-83.719917,amber@thewellnesscottageandspa.com,amber@thewellnesscottageandspa.com,7624357190,7624357190,951 College Street,Monticello,GA,31064,US,951 College Street,,Monticello,GA,US,31064,http://thewellnesscottagespa.com/,no,partner,1,6,no,no,150.41484395302348
C8Z1E6OX,Savvy Skin Med Aesthetics,31405,"Garden City, GA 31405, USA",32.037113,-81.174751,Kbouchard@savvy-skin.com,injectwithkare@gmail.com,9128562824,9128562824,322 Stephenson Ave,Savannah,GA,31405,US,322 Stephenson Ave,Suite B,Savannah,GA,US,31405,https://savvyskinmedspa.com/,no,partner,1,6,no,no,163.7321335377529
P4X9AMYH,Hello Lovely Esthetique,30909,"Augusta, GA 30909, USA",33.464733,-82.073395,ashleywill449@gmail.com,ashleywill449@gmail.com,7573057623,7573057623,607 Ronald Reagan Drive ,Evans,GA,30809,US,1287 Marks Church Rd,Suite B,Augusta,GA,US,30909,https://hellolovelyesthetique.com/,no,no_tier,0,99,yes,no,164.92767839558047
2BTX8G8J,Atlantic Shore Dermatology St Marys,31522,"Brunswick, GA 31522, USA",31.269087,-81.361938,ashley.cavalier@forefrontderm.com,angel.wagner@forefrontderm.com,19124393186,19124393186,801 York Street,Manitowoc,WI,54220,US,7000 wellness way,Suite 7120,st simons island,GA,US,31522,,no,rose_gold,5,2,no,no,176.40736171006694
YBY76CR5,The Collective Thomasville,31792,"403 N Crawford St, Thomasville, 31792, GA, US",30.841381,-83.98201,heather@thecollectivethomasville.com,heather@thecollectivethomasville.com,,,403 N Crawford St,Thomasville,GA,31792,US,403 N Crawford St,,Thomasville,GA,US,31792,https://www.instagram.com/thecollectivethomasville/,no,partner,1,6,yes,no,178.3238474025832
6WRL63PS,The SPA at Covington,30016,"Covington, GA 30016, USA",33.535255,-83.910896,cgayle@healthgevity.life,cgayle@healthgevity.life,+13093332088,+13093332088,4548 Salem Road,Covington,GA,30016,US,4548 Salem Road,,Covington,GA,US,30016,http://healthgevity.life/,no,partner,1,6,no,no,179.6218626656988
1MCEHPN8,Inspire Asthetics,30252,"McDonough, GA 30252, USA",33.498806,-84.080162,sophalmalette@gmail.com,sophalmalette@gmail.com,4042636389,4042636389,485 Sandy Ridge Rd,McDonough,GA,30252,US,42 Jackson Rd,,McDonoug,GA,US,30252,inspire-asthetics.com,no,no_tier,0,99,no,no,185.09093428469
7V92XPCC,Touch of Elegance Med Spa,30253,"McDonough, GA 30253, USA",33.447456,-84.175163,info@medspaelegance.com,Info@medspaelegance.com,4706515996,4706515996,1215 Eagles Landing Pkwy #208,Stockbridge,GA,30281,US,46 Sloan street,,McDonough,GA,US,30253,https://www.medspaelegance.com/,no,partner,1,6,yes,no,186.06610910924445
SG9MJFX6,Coastal Skin Studio,29910,"Bluffton, SC 29910, USA",32.229904,-80.876518,tavia@coastalskinstudio.com,Tavia@coastalskinstudio.com,8434220217,8434220217,1 Marianna Way,Bluffton,SC,29910,US,1 Marianna Way,Building 1 Suite 103,Bluffton,SC,US,29910,https://coastalskinstudio.com/,no,bronze,3,5,yes,no,191.2442970119157
MCN4MFQQ,360 Medical Spa,30281,"Stockbridge, GA 30281, USA",33.549438,-84.206802,your_360@yahoo.com,your_360@yahoo.com,7705072800,7705072800,265 Kingston Dr,St. Augustine,FL,32084,US,970 Eagles Landing Pkwy,,Stockbridge,GA,US,30281,https://www.360medicalspa.com/,no,partner,1,6,no,no,196.71013027578965
V7DGZ8ED,Athens Family Vision,30606,"Athens, GA 30606, USA",33.944843,-83.432335,cmiller_od@yahoo.com,cmiller_od@yahoo.com,3093332088,3093332088,270 Hawthorne Ave,Athens,GA,30606,US,270 Hawthorne Ave,,Athens,GA,US,30606,https://athensfamilyvision.com/,no,bronze,3,5,yes,no,204.6885221685775
R6EK8KUB,Dawson Dermatology,96825,"Honolulu, HI 96825, USA",21.296232,-157.701981,enfuller@dawsondermatology.com,enfuller@dawsondermatology.com,8085993780,8085993780,6700 Kalaniana'ole Hwy,Honolulu,HI,96825,US,6700 Kalaniana'ole Hwy,208,Honolulu,HI,US,96825,https://www.dawsondermatology.com/,no,partner,1,6,no,no,262.7948238575267
73ZN8BYQ,"Aloha Laser Vision, LLC",96814,"Honolulu, HI 96814, USA",21.296698,-157.848038,nicole@alohalaser.com,nicole@alohalaser.com,8087923937,8087923937,1100 Ward Ave,Honolulu,HI,96814,US,1100 Ward Avenue,,Honolulu,HI,US,96814,https://www.alohalaseraesthetics.com/,no,partner,1,6,no,no,275.22966954904336
W448W53B,Optimal Blueprint,95501,"Eureka, CA 95501, USA",40.813477,-124.146095,youroptimalblueprint@gmail.com,youroptimalblueprint@gmail.com,7073825199,7073825199,"2505 Lucas Street, Suite B",Eureka,CA,95501,US,2505 Lucas Street,Suite B,Eureka,CA,US,95501,,no,partner,1,6,yes,no,3779.740372979283
O745SR5E,"Transform Health and Wellness, PC",96007,"Anderson, CA 96007, USA",40.452633,-122.280151,faith.clause@gmail.com,faith.clause@gmail.com,5306382020,5306382020,2775 Ventura St,Anderson,CA,96007,US,2775 Ventura St,Suite C,Anderson,CA,US,96007,http://www.transformnorth.com/,no,partner,1,6,yes,no,3901.577765516238
TXFY4XXQ,Artistry Aesthetics,96002,"Redding, CA 96002, USA",40.522915,-122.322197,drfarley@reddinglasercenter.com,drfarley@reddinglasercenter.com,5302223678,5302223678,3330 Churn Creek Road,Redding,CA,96002,US,3330 Churn Creek Rd Ste C3,,Redding,CA,US,96002,https://artistryaesthetics.com/,no,partner,1,6,no,no,3901.7919227828415
5GGLIKT1,"Atelier Skin, LLC",97501,"Medford, OR 97501, USA",42.28558,-122.886703,medfordesthetician@yahoo.com,medfordesthetician@yahoo.com,5418401456,5418401456,4140 Cedar Lane,Medford,OR,97501,US,4140 Cedar Lane,,Medford,OR,US,97501,https://medfordesthetician.com/,no,no_tier,0,99,no,no,3950.1770023469503
FA2SW6HB,The Skin Routine,97504,"Medford, OR 97504, USA",42.33762,-122.7855,kendrae7@gmail.com,Kendrae7@gmail.com,5418900638,5418900638,1104 E Jackson St,Medford,OR,97504,US,1104 E Jackson St,,Medford,OR,US,97504,,no,bronze,2,5,no,no,3960.257035489236
WTMDPNSY,Mountain Modern Aesthetics,83631,"New Centerville, ID 83631, USA",43.940952,-115.7761,grahamje80@mountainmodernaesthetics.com,grahamje80@mountainmodernaesthetics.com,2086717979,2088631557,2420 E Old Penitentiary Road,Boise,ID,83702,US,101 Montgomery,Suite 2,Idaho City,ID,US,83631,https://www.mountainmodernaesthetics.com/https://www.mountainmodernaesthetics.com,no,partner,1,6,yes,no,83.90572756975916
MDPKTBCZ,Foundation Functional Medicine & Aesthetics,83702,"Boise, ID 83702, USA",43.662437,-116.16304,foundationfunctionalmed@gmail.com,foundationfunctionalmed@gmail.com,16053901073,2089542359,2306 N 31st,Boise,ID,83703,US,1524 W Hays St,Ste102,Boise,ID,US,83702,https://www.foundationfunctionalmedicine.com/,no,partner,1,6,yes,no,122.52626665077216
VGK25CHG,Loden and Co,83716,"Boise, ID 83716, USA",43.560589,-116.132828,lodenandco@gmail.com,lodenandco@gmail.com,2089212220,2089212220,6929 E Ghost Bar St,Boise,ID,83716,US,3152 S Bown Way,,Boise,UT,US,83716,,no,partner,1,6,no,no,125.05229792415275
tmEsjQRB,Elevate Eye Care PLLC,83706,"Boise, ID 83706, USA",43.592121,-116.193329,admin@elevateeyecareboise.com,admin@elevateeyecareboise.com,2082104832,2082104832,404 E Parkcenter Blvd,Boise,ID,83706,US,404 E Parkcenter Blvd,Ste 170,Boise,ID,US,83706,https://www.elevateeyecareboise.com/,no,partner,1,6,yes,no,127.8841229931254
AKH2YPDX,Virasoap Natural Medicine,83642,"Meridian, ID 83642, USA",43.564438,-116.403458,dralexa@virasoap.com,dralexa@virasoap.com,2084257627,2084257627,3023 E Copper Point Dr,Meridian,ID,83642,US,3023 E Copper Point Dr,Ste 206,Meridian,ID,US,83642,https://virasoap.com/,no,partner,1,6,yes,no,144.58974726135838
GFhHauFw,Snake River Aesthetics,83686,"Nampa, ID 83686, USA",43.489136,-116.589439,snakeriveraesthetics@gmail.com,snakeriveraesthetics@gmail.com,2086023637,2086023637,128 W Georgia Ave,Nampa,ID,83686,US,128 W Georgia,,Nampa,ID,US,83686,https://www.snakeriveraesthetics.com/,no,partner,1,6,yes,no,161.68622745355745
HXHSYW3A,Eagle Rock Medical Center LLC,83402,"Idaho Falls, ID 83402, USA",43.52776,-112.198212,adrienne@kano-labs.com,adrienne@kano-labs.com,2088774788,2088774788,919 South Utah Avenue,Idaho Falls,ID,83402,US,919 South Utah Avenue,,Idaho Falls,ID,US,83402,https://ifmedspa.com/,no,partner,1,6,no,no,212.81424562095984
A679KQQ8,Luxe Medical Aesthetics,83201,"Pocatello, ID 83201, USA",42.894596,-112.354073,olsenkara12@gmail.com,olsenkara12@gmail.com,2083171363,2083171363,1555 E Clark St,Pocatello,ID,83201,US,1555 E Clark St,,Pocatello,ID,US,83201,https://luxemedical-aesthetics.com/,no,partner,1,6,yes,no,232.6872338620066
VK9LMZ2X,Sydnee Peters,83501,"Lewiston, ID 83501, USA",46.20351,-116.902527,sydneedpeters@gmail.com,sydneedpeters@gmail.com,5097803188,5097803188,200 Main Street,Lewiston,ID,83501,US,200 Main Street,,Lewiston,ID,US,83501,,no,partner,1,7,no,no,291.6842907790416
SDJSWQW8,FG Aesthetics & Medicine,59801,"Missoula, MT 59801, USA",46.850052,-113.986961,christina@fgaestheticsandmedicine.com,christina@fgaestheticsandmedicine.com,4062008331,4062008331,2315 McDonald,Missoula,MT,59801,US,2315 Mcdonald Ave,Ste 105,Missoula,MT,US,59801,https://www.fgaestheticsandmedicine.com/,no,partner,1,6,yes,no,314.87862983909736
T79GVG7G,GEM Aesthetics,59802,"Missoula, MT 59802, USA",46.953983,-113.91201,kacia@gemmissoula.com,kacia@gemmissoula.com,4066403802,4066403802,410 West Spruce,Missoula,MT,59802,US,410 West Spruce,,Missoula,MT,US,59802,,no,bronze,2,5,no,no,327.3312996255354
96GF12CZ,"Danni Griffith, O.D. PLLC",59602,"Helena, MT 59602, USA",46.781567,-111.920547,dannigriffithod@gmail.com,dannigriffithod@gmail.com,4064957053,4064957053,7031 Truck Farm Dr,Helena,MT,59602,US,2195 E Custer Ave,,Helena,MT,US,59602,,no,no_tier,0,99,no,no,373.4606755661368
FLASLTPK,Broadway Eye Clinic,84111,"Salt Lake City, UT 84111, USA",40.756939,-111.88369,karriburesh@gmail.com,karriburesh@gmail.com,8013220467,8018355027,250 East 300 South,Salt Lake City,UT,84111,US,250 East 300 South,#380,Salt Lake City,UT,US,84111,https://www.visionsource-broadway.com/,no,partner,1,6,yes,no,436.5469810529027
3THKFM56,Beauty Within Viso Bespoke Aesthetics,84102,"Salt Lake City, UT 84102, USA",40.763496,-111.862823,beautywithinslc@gmail.com,beautywithinslc@gmail.com,18012322834,18012322834,444 South 900 East,Salt Lake City,UT,84102,US,444 South 900 East,Suite 102,Salt Lake City,UT,US,84102,,no,partner,1,6,no,no,436.8491532010392
I0MhtmJ9,Utah Eye Associates LLC,84102,"Salt Lake City, UT 84102, USA",40.763496,-111.862823,rhayesod@gmail.com,rhayesod@gmail.com,8013632851,8013632851,160 S 1000 E,Salt Lake City,UT,84102,US,160 S 1000 E,330,Salt Lake City,UT,US,84102,https://utaheyeassociates.com/,no,partner,1,6,no,no,436.8491532010392
4PRGA7JJ,Signature MedSpa,59405,"Great Falls, MT 59405, USA",47.301697,-111.351791,conn@yoursignaturemedspa.com,conn@yoursignaturemedspa.com,4062721049,4062721049,400 Park Dr S,Great Falls,MT,59405,US,400 Park Dr S Ste,,Great Falls,MT,US,59405,https://www.yoursignaturemedspa.com/,no,partner,1,6,yes,no,445.5838933131429
r2wjiNhG,Family Focused Eye Care,84096,"Herriman, UT 84096, USA",40.484745,-112.07148,info@visionbeyond2020.com,info@visionbeyond2020.com,8013023080,8013023080,5532 W Herriman Main St,Herriman,UT,84096,US,5532 W Herriman Main St,Ste 120,Herriman,UT,US,84096,http://visionbeyond2020.com/,no,partner,1,6,no,no,454.9596979500233
74J3KK9P,Jenesis Laser & Aesthetics,84017,"Wanship, UT 84017, USA",40.918598,-111.141426,nette@allwest.net,nette@allwest.net,4355650349,4355650349,999 S W Hoytsville,Coalville,UT,84017,US,142 South 50 East,,Coalville,UT,US,84017,https://jenesislaser.com/,no,partner,1,7,no,no,457.9461257305284
XX3MYHDV,Whitefish Creative Aesthetics ,59937,"Whitefish, MT 59937, USA",48.41061,-114.335251,office@creativeaestheticsmt.com,office@creativeaestheticsmt.com,4062508633,4064934892,300 Haugen Heights Rd,Whitefish,MT,59937,US,911 Wisconsin Suite 202,Suite 202 ,Whitefish,MT,US,59937,https://www.creativeaestheticsmt.com/,no,partner,1,6,yes,no,483.8630988300509
4LN2RALY,Élevé Aesthetics,61523,"Chillicothe, IL 61523, USA",40.897125,-89.530891,rninjector79@gmail.com,rninjector79@gmail.com,3096350304,3096350304,200 Norman Dr,Groveland,IL,61535,US,210 W Pine St,,Chillicothe,IL,US,61523,ELEVE-AESTHETICS.NET,no,partner,1,6,no,no,31.400708048382025
6EjxGk7A,"Rieger Eyecare, Ltd.",61761,"Normal, IL 61761, USA",40.518314,-88.970108,dr.rieger@mybrightsight.com,dr.rieger@mybrightsight.com,3093202020,3093202020,5745 N 3100 East Rd,Chatsworth,IL,60921,US,407 Kays Dr,,Normal,IL,US,61761,https://mybrightsight.com/,no,partner,1,6,yes,no,38.36937967327013
cBcMoK65,Morris Dermatology,60450,"Morris, IL 60450, USA",41.390663,-88.440392,morrisderm@gmail.com,morrisderm@gmail.com,8159415160,8159415160,1499 Lakewood Dr,Morris,IL,60450,US,1499 Lakewood Drive,Unit A,Morris,IL,US,60450,https://www.morrisderm.com/,no,bronze,2,5,no,no,116.4384409089298
0RDAG86J,Ortiz Eye Associates PC,60450,"Morris, IL 60450, USA",41.390663,-88.440392,ortizeye@att.net,ortizeye@att.net,8152283322,8152283322,880 Bedford Rd,Morris,IL,60450,US,880 Bedford Rd,,Morris,IL,US,60450,,no,no_tier,0,99,no,no,116.4384409089298
yCmdfW2R,The Wellspring Medical Spa,61021,"Dixon, IL 61021, USA",41.819214,-89.493118,thewellspringmedspa@gmail.com,thewellspringmedspa@gmail.com,8159737916,8159737916,1205 Tee St,Dixon,IL,61021,US,735 N Galena Ave,Ste 110,Dixon,IL,US,61021,https://wellspringmedicalspa.com/,no,partner,1,6,yes,no,132.12378846725403
WEUV2SQX,Plasma Lift Skin Clinic LLC,52722,"Bettendorf, IA 52722, USA",41.570312,-90.459671,plasmaliftforyou@gmail.com,plasmaliftforyou@gmail.com,5639404249,5639404249,3545 Middle Rd #314,Bettendorf,IA,52722,US,3545 Middle Rd #314,,Bettendorf,IA,US,52722,http://www.plasmaliftclinic.com/,no,no_tier,0,99,no,no,136.98416995788324
YR3TYPDO,EKG IV Nutrition & Aesthetics,60451,"New Lenox, IL 60451, USA",41.51329,-87.962883,ekgmedspa@gmail.com,ekgmedspa@gmail.com,8152008557,8152008557,455 Kingston Dr,New Lenox,IL,60451,US,352 W. Maple Street,Suite 101,New Lenox,IL,US,60451,,no,no_tier,0,99,no,no,155.11331439740832
WNCK7TDC,You Plus Medical Aesthetics,60505,"Aurora, IL 60505, USA",41.757992,-88.294769,youplusclinic@gmail.com,youplusclinic@gmail.com,7734501750,7734501750,144 Forestview Ct,Aurora,IL,60502,US,26 S Stolp Ave,,Aurora,IL,US,60505,https://youplusaesthetics.com/,no,partner,1,6,yes,no,155.47552444566034
M9HNZDHZ,Glow Aesthetics & Spa PLLC,52653,"Wapello, IA 52653, USA",41.154301,-91.173698,danielle@glowpllc.com,danielle@glowpllc.com,3195271456,3195271456,332 N. 2nd St,Wapello,IA,52653,US,332 N. 2nd St,,Wapello,IA,US,52653,,no,partner,1,6,no,no,160.06655337799918
MCPNWVWN,SkinPerfected,60517,"Downers Grove, IL 60517, USA",41.748901,-88.036308,shannon@skinperfected.com,shannon@skinperfected.com,6303862233,6303862233,6440 Main Street,Woodridge,IL,60517,US,6440 Main Street,Suite 120,Woodridge,IL,US,60517,https://skinperfected.com/,no,partner,1,6,yes,no,168.47541705788234
UDRUDGKB,Qua wellness and Med Spa,60527,"Burr Ridge, IL 60527, USA",41.742325,-87.93042,maha.abboud@comcast.net,maha.abboud@comcast.net,6305610590,6305610590,430 villige center drive,Burr ridge,IL,60527,US,430 Village Center Drive,,Burr Ridge,IL,US,60527,https://www.quawellness.com/,no,partner,1,6,no,no,174.0765983326453
HU8KZNZQ,About Face Med Spa,60521,"Oak Brook, IL 60521, USA",41.796745,-87.928581,Hesewall@comcast.net,Hesewall@comcast.net,7088296631,7088296631,437 Blackstone,LaGrange,IL,60525,US,911 N Elm St,,Hinsdale,IL,US,60521,,no,no_tier,0,99,no,no,178.48546204532838
8F51GQGR,SkinPerfected - Hinsdale,60521,"Hinsdale, IL 60521, USA",41.796745,-87.928581,olivia@skinperfected.com,olivia@skinperfected.com,6306331229,6306331229,6440 Main Street,Woodridge,IL,60517,US,908 N Elm Street,Suite 109,Hinsdale,IL,US,60521,,no,no_tier,0,99,no,no,178.48546204532838
7M6Z9BQP,Salon Hype,60525,"La Grange, IL 60525, USA",41.790611,-87.864799,salonhype@gmail.com,salonhype@gmail.com,7085485556,7085485556,917 Hillgrove Ave.,LaGrange,IL,60525,US,917 Hillgrove Ave.,,LaGrange,IL,US,60525,https://www.salonhype.com/,no,partner,1,6,no,no,181.7216660951362
JI74isgS,Oakbrook Advanced Aesthetics,60181,"Oakbrook Terrace, IL 60181, USA",41.87709,-87.977577,browsbymarie@gmail.com,browsbymarie@gmail.com,7089982099,7089982099,741 Davis St,Melrose,IL,60160,US,1S132 Summit Ave,Suite 207 C,Oakbrook,IL,US,60181,https://oakbrookadvancedaesthetics.com/,no,partner,1,6,yes,no,182.31933826431165
8LgM45XR,Davis EyeCare,60453,"Oak Lawn, IL 60453, USA",41.708771,-87.746803,eyemanage@aol.com,eyemanage@aol.com,7086360600,7086360600,4663 W 95th St,Oak Lawn,IL,60453,US,4663 W 95th St,,Oak Lawn,IL,US,60453,,no,partner,1,6,no,no,182.80275679723923
FFKMDVUS,Green Med Spa,46373,"St John, IN 46373, USA",41.443554,-87.470306,Doctor@greenpediatrics.com,Doctor@greenpediatrics.com,2192322795,2192322795,8245 Wicker Ave,St. John,IN,46373,US,8245 Wicker Avenue,,St. Jon,IN,US,46373,https://www.thegreenmedspa.com/,no,partner,1,6,no,no,185.1274643487447
Y8RM3F2N,EmArya Aesthetics,60126,"Elmhurst, IL 60126, USA",41.891369,-87.943283,info@emaryaaesthetics.com,info@emaryaaesthetics.com,6302903953,6308089387,2045 W Grand Ave,Chicago,IL,60612,US,183 N York St,,Elmhurst,IL,US,60126,www.emaryaaesthetics.com,no,no_tier,0,99,no,no,185.38596221295583
WNY5U3XS,"Naturally Ageless, PLLC",61107,"Rockford, IL 61107, USA",42.281593,-89.0466,ashleyvogrinc@gmail.com,ashleyvogrinc@gmail.com,3363375625,3363375625,555 S Perryville Rd,Rockford,IL,61108,US,7177 Crimson Ridge Drive,,Rockford,IL,US,61107,,no,partner,1,6,yes,no,185.63175739309008
HGZJ35ZB,Avery Integrative Women's Health Center,60805,"Evergreen Park, IL 60805, USA",41.722828,-87.702484,marykay@averyintegrativehealth.com,marykay@averyintegrativehealth.com,7082037455,7082037455,9537 S. Pulaski Rd ,Evergreen,IL,60805,US,9537 S. Pulaski Rd,,Evergreen,IL,US,60805,http://www.averyintegrativehealth.com/,no,partner,1,6,no,no,186.62297930852637
YYSTAGTL,Focus Eye Care of Fort Wayne,46804,"Fort Wayne, IN 46804, USA",41.052185,-85.241196,contactus@focuseyecarefw.com,contactus@focuseyecarefw.com,2603995912,2603995912,9920 Illinois Rd,Fort Wayne,IN,46804,US,9920 Illinois Road,,Fort Wayne,IN,US,46804,https://www.focuseyecarefw.com/,no,partner,1,6,yes,no,63.46023274930253
PE5OY7EI,Freedom Medical Center,46040,"Fishers, IN 46040, USA",39.93224,-85.84803,chris@huffmanhealth.biz,chris@huffmanhealth.biz,3175051747,3175051747,401 S. Merrill St.,Fortville,IN,46040,US,401 S. Merrill St.,,Fortville,IN,US,46040,http://freedom-medical.com/,no,no_tier,0,99,yes,no,71.9160813085544
8923PLW7,"Hancock Eye Associates, PC",46140,"Greenfield, IN 46140, USA",39.779423,-85.725639,nicholasmccolley@gmail.com,nicholasmccolley@gmail.com,3174626601,3174626601,1451 Jason Rd,Greenfield,IN,46140,US,1451 Jason Road,,Greenfield,IN,US,46140,https://hancockeyeassociates.com/,no,partner,1,6,yes,no,86.45626180973485
4JTRLW9A,illume Laser and Skin Inc,46703,"Angola, IN 46703, USA",41.632359,-85.002556,amanda@illumelss.com,amanda@illumelss.com,2603507225,26035072252603507225,1205 N Wayne St,Angola,IN,46703,US,1205 N. Wayne St.,Suite A,Angola,IN,US,46703,https://illumelss.com/,no,partner,1,6,no,no,130.30179918190305
R9WF3227,Trayam Dermatology,46601,"South Bend, IN 46601, USA",41.672405,-86.253952,holly@trayamdermatology.com,holly@trayamdermatology.com,5747033973,5747033973,108 N Main St,South Bend,IN,46601,US,108 N Main St,,South Bend,IN,US,46601,https://trayamdermatology.com/,no,partner,1,6,no,no,136.0963192036452
ZJ315YBP,Refined Skin & Acne Clinic,45856,"Leipsic, OH 45856, USA",41.104572,-83.99559,hello@refined.skin,hello@refined.skin,4198901090,4198901090,1850 Road 15,Leipsic,OH,45856,US,134 E. Main Street,,Leipsic,OH,US,45856,https://www.instagram.com/_refinedskin_/,no,no_tier,0,99,yes,no,148.53191261898732
DMMVX8HD,Aesthetics By Michelle,43545,"Florida, OH 43545, USA",41.412453,-84.143517,michellemcdonaldlma@gmail.com,michellemcdonaldlma@gmail.com,4199569556,4199569556,130 East Clinton,Napoleon,OH,43545,US,130 E Clinton St,,Napoleon,OH,US,43545,https://bio.site/aestheticsbymichelle,no,partner,1,6,yes,no,155.4543123057417
ZL8QAWWJ,Advanced Laser and Cosmetic Center,45459,"Centerville, OH 45459, USA",39.640079,-84.175163,walton.tiffani@yahoo.com,walton.tiffani@yahoo.com,9375102770,9375102770,6720 Loop Rd,Centerville,OH,45459,US,6720 Loop Rd,,Centerville,OH,US,45459,,no,partner,1,6,no,no,158.1163546981992
5PA8NP4P,Eterna Body Spa,45066,"Springboro, OH 45066, USA",39.559811,-84.217339,kim@eternabodyspa.com,kim@eternabodyspa.com,5139124429,5139124429,3189 PRINCETON RD.,Hamilton,OH,45011,US,35 E Market St,,Springboro,OH,US,45066,http://www.eternabodyspa.com/,no,partner,1,6,no,no,161.39122648163976
PW84YVG8,Empowering Health LLC,47025,"Greendale, IN 47025, USA",39.14603,-84.87764,drlianeg.dnp@yahoo.com,drlianeg.dnp@yahoo.com,8122902128,8122902128,19904 Augusta Dr,Lawrenceburg,IN,47025,US,19904 Augusta Dr,Suite 1,Lawrenceburg,IN,US,47025,https://empoweringhealthspa.com/elementor-1362/,no,partner,1,6,yes,no,168.05042025026418
GCLUE9M9,Cincinnati Plastic Surgery,45241,"West Chester Township, OH 45241, USA",39.279884,-84.406761,askthenurse@cincinnatiplasticsurgery.com,ASKTHENURSE@CINCINNATIPLASTICSURGERY.COM,5134690300,5134690300,3723 Hauck Rd,Sharonville,OH,45241,US,3723 Hauck Road,,Sharonville,OH,US,45241,https://www.cincinnatiplasticsurgery.com/,no,partner,1,6,no,no,174.2987163597483
NaKnxY3S,Glow Aesthetics and Wellness Studio,47042,"Versailles, IN 47042, USA",38.995533,-85.251549,glowaesthetics2021@gmail.com,glowaesthetics2021@gmail.com,8126213329,8126213329,1154 South Ripley Estates Dr,Versailles,IN,47042,US,1154 South Ripley Estates Dr,Suite 6,Versailles,IN,US,47042,,no,partner,1,6,yes,no,175.56220385198773
QX8HV3YQ,Ageless Medica LLC,45249,"Cincinnati, OH 45249, USA",39.270897,-84.327911,info@agelessmedicaldr.com,info@agelessmedicaldr.com,5138803041,5138803041,7287 Middleton Way,Mason,OH,45040,US,11841 Mason Montgomery Rd,Unit 1b,Cincinnati,OH,US,45249,https://agelessmedicaldr.com/,no,partner,1,6,no,no,179.11315302149416
TU6MXSAL,Face Studio And Wellness Center,45242,"Cincinnati, OH 45242, USA",39.236435,-84.364723,info@facestudioandwellnesscenter.com,info@facestudioandwellnesscenter.com,5133245659,5133245659,10979 Reed Hartman Hwy #216,Blue Ash,OH,45242,US,10979 Reed Hartman Hwy #216,,Blue Ash,OH,US,45242,http://www.facestudioandwellensscenter.com,no,no_tier,0,99,no,no,180.3336102186973
IPL3RSX4,"Jaeger Ventures, LLC DBA The Hydration Station",45242,"Montgomery, OH 45242, USA",39.236435,-84.364723,chris@thehydrationstation.com,chris@thehydrationstation.com,5136145420,5136145420,6669 Bantry Ave,Cincinnati,OH,45213,US,9600 Montgomery Road STE E,,Cincinnati,OH,US,45242,,no,no_tier,0,99,no,no,180.3336102186973
VPEMB4LF,Skin Esteem LLC,41071,"Fort Thomas, KY 41071, USA",39.071053,-84.485504,skinesteemllc@yahoo.com,skinesteemllc@yahoo.com,8432092794,8599575916,8008 Carondelet Ave,Clayton,MO,63105,US,821 York Street,,Newport,KY,US,41071,http://www.skin-esteem.com/,no,partner,1,6,no,no,190.23025081854607
66554SAR,Oral Facial Surgery Associates,41042,"Florence, KY 41042, USA",38.980331,-84.658371,y.richardson@ofsaky.com,y.richardson@ofsaky.com,8593710123,8593710123,1481 Cavalry Dr #200,Florence,KY,41042,US,1481 Cavalry Drive,#200,Florence,KY,US,41042,https://www.oralfacialsurgeryky.com/,no,no_tier,0,99,no,no,192.40507804314788
KAME6ZZ6,Buff Aesthetics and Wellness,44883,"Fort Seneca, OH 44883, USA",41.139755,-83.186333,buffaesthetics@gmail.com,buffaesthetics@gmail.com,5672240743,5672240743,1560 W Market,Tiffin,OH,44883,US,1560 W Market Street,,Tiffin,OH,US,44883,,no,partner,1,6,no,no,213.49520703796915
DRBVC5J9,THE SKIN FIRM,43160,"WSHNGTN CT HS, OH 43160, USA",39.509617,-83.464355,tabitha.melvin@theskinfirmclinic.com,tabitha.melvin@theskinfirmclinic.com,7402082550,7402082550,1005 E. Temple Street,Washington Court House,OH,43160,US,1005 E. Temple Street,,Washington Court House,OH,US,43160,https://www.theskinfirmwch.com/,no,no_tier,0,99,no,no,215.74639712000308
28FZHTV9,Own Aesthetics PLC,50266,"WDM, IA 50266, USA",41.568024,-93.814651,janet@ownaesthetics.com,janet@ownaesthetics.com,5157784455,5157784455,6700 Augustine Ct,Johnston,IA,50131,US,7601 Office Plaza Dr. N Norwood 1,Suite 115,West Des Moines,IA,US,50266,,no,partner,1,6,no,no,68.76344561897626
AVR4HL8V,Radiance Medical Spa,52241,"Coralville, IA 52241, USA",41.699924,-91.588699,jillgoodman22@gmail.com,jillgoodman22@gmail.com,3193253600,3193831863,3220 RedHawk Street,Coralville,IA,52241,US,3220 RedHawk Street,Suite 100,Coralville,IA,US,52241,https://theradiancemedicalspa.com/,no,silver,4,4,yes,no,126.66282659869628
QWZ8X942,The Skin Society,52302,"Marion, IA 52302, USA",42.087139,-91.579002,dana.theskinsociety@gmail.com,dana.theskinsociety@gmail.com,5152915909,5152915909,2070 Golfview Ct,Marion,IA,52302,US,2070 Golfview Ct,,Marion,IA,US,52302,https://www.theskinsocietyia.com/,no,partner,1,6,yes,no,127.66421547467785
NEXNC2SG,O2 Laser Spa,50428,"Clear Lake, IA 50428, USA",43.163692,-93.379204,medicalspajenna@gmail.com,medicalspajenna@gmail.com,7866252737,7866252737,6201 S Shore Drive,Clear Lake,IA,50428,US,14 Plaza Drive,,Clear Lake,IA,US,50428,https://www.o2laserspa.com/,no,partner,1,6,yes,no,144.81110493080212
T38JRTNA,The Gabrielson Clinic for Women,50428,"Clear Lake, IA 50428, USA",43.163692,-93.379204,jenna.krueger@iaspecialty.com,stephanie.mooney@iaspecialty.com,6413571800,6413571800,401 S 17th Street,Clear Lake,IA,50428,US,401 S 17th St,,Clear Lake,IA,US,50428,https://www.gabrielsonclinic4women.com/,no,partner,1,7,yes,no,144.81110493080212
J3G63Q39,Aistheta Injectables,55944,"Kasson, MN 55944, USA",43.967686,-92.758072,megbryngelson@gmail.com,megbryngelson@gmail.com,5072695270,5072695270,PO Box 294,Mantorville,MN,55955,US,11 East Veterans Memorial HWY,Suite 102,Kassan,MN,US,55944,https://fullcirclewellnessclinic.com/cosmetic-injectables-1,no,partner,1,6,no,no,234.0008417574632
FVLB6KWV,"Bellissima Aesthetics, LLC",55904,"Rochester, MN 55904, USA",43.956249,-92.420868,lissimaaesthetics@gmail.com,lissimaaesthetics@gmail.com,5074216856,5074216856,3863 Galaxy Dr SW,Rochester,MN,55902,US,2571 Clare Lane NE,Suite 507,Rochester,MN,US,55904,https://www.bellissimaaestheticsbyliz.com/,no,bronze,2,5,yes,no,237.5692630145268
6KiCNzl7,Olmsted Medical Center,55904,"Rochester, MN 55904, USA",43.956249,-92.420868,bclaffy@olmmed.org,bclaffy@olmmed.org,5075926555,5075926555,210 9th St SE,Rochester,MN,55904,US,1650 Fourth St SE,,Rochester,MN,US,55904,,no,partner,1,6,no,no,237.5692630145268
5J84FVBJ,Optimal Movement,55901,"Rochester, MN 55901, USA",44.078056,-92.509888,philip@optimal-movement.com,philip@optimal-movement.com,5079930830,5079930830,3270 19 St NW,Rochester,MN,55901,US,3270 19th st nw #203,,Rochester,MN,US,55901,http://optimal-movement.com/,no,no_tier,0,99,no,no,249.26218368312183
9TJT5GFC,Whitten Dentistry & Spa,68114,"Omaha, NE 68114, USA",41.267422,-96.052032,info@whittendentistry.com,info@whittendentistry.com,4023979330,4023979330,627 Waterloo Dr,Waterloo,NE,68069,US,1111 N 102nd Ct,Suite 214,Omaha,NE,US,68114,http://whittendentistry.com,no,partner,1,7,no,no,254.95021596192257
SUFMX2PJ,Finesse Advanced Medical Aesthetics,68154,"Omaha, NE 68154, USA",41.254616,-96.104996,jen@finesseomaha.com,jen@finesseatrium.com,4026710396,4026710396,1404 N 189th St,Omaha,NE,68154,US,10862 West Dodge Road,,Omaha,NE,US,68154,http://www.finesseomaha.com,no,partner,1,6,no,no,259.5992517689382
U8DEJ7FY,Omaha Facial Plastic Surgery P.C.,68118,"Omaha, NE 68118, USA",41.261234,-96.16861,admin@omahaface.com,admin@omahaface.com,4026853722,4026853722,1130 N 204 Ave,Elkhorn,NE,68022,US,17838 Burke St #101,,Omaha,NE,US,68118,https://www.omahaface.com/,no,partner,1,6,yes,no,264.498004083992
DX3KM8XG,Skin Like A Pearl,51106,"5720 Sunnybrook Drive, Sioux City, 51106, IA, US",42.45192,-96.331932,skinlikeapearl@gmail.com,skinlikeapearl@gmail.com,,,5720 Sunnybrook Drive,Sioux City,IA,51106,US,5720 Sunnybrook Drive,,Sioux City,IA,US,51106,,no,partner,1,7,no,no,274.0759534207512
DP2GCBLQ,You Glow Girl,55044,"Lakeville, MN 55044, USA",44.638023,-93.22776,nealee88@gmail.com,nealee@youglowgirlmn.com,6514856963,6514856963,19143 Orchard Tr,Lakeville,MN,55044,US,17400 Kenwood Trl #204,,Lakeville,MN,US,55044,https://www.youglowgirlmn.com/,no,partner,1,6,yes,no,307.08018466544104
8GT36RJ6,Spot On Aesthetics,55044,"Lakeville, MN 55044, USA",44.638023,-93.22776,spotonaesthetics@gmail.com,spotonaesthetics@gmail.com,9522228201,9522228201,20634 Jaguar Ave,Lakeville,MN,55044,US,760 Southcross Dr,Unit 103,Burnsville,MN,US,55044,https://linktr.ee/Injectornurseemily,no,partner,1,6,yes,no,307.08018466544104
GHbprTFO,The Laser Room,55124,"Apple Valley, MN 55124, USA",44.749733,-93.198051,theLaserRoomLLC@gmail.com,theLaserRoomLLC@gmail.com,9526831036,9526831036,7373 147th st W,Apple Valley,MN,55124,US,7373 147th St. W,,Apple Valley,BDS,US,55124,https://www.cosmeticlaserroom.com/,no,no_tier,0,99,no,no,319.42427434539616
M5O461RY,"Verity Health and Aesthetics, LLC",67502,"Hutchinson, KS 67502, USA",38.111622,-97.937492,operations@verityha.com,operations@verityha.com,6207129898,6207129898,1007 E. 36th St,Hutchinson,KS,67502,US,1007 E. 36th St,,Hutchinson,KS,US,67502,,no,no_tier,0,99,no,no,110.82000814645632
Y9AR2QCS,Ciao Bella LLC,68506,"Lincoln, NE 68506, USA",40.78318,-96.637093,erica.lee@doane.edu,erica.lee@doane.edu,4024165636,4024165636,5640 South Street ,Lincoln,NE,68506,US,5640 South Street,#3,Lincoln,NE,US,68506,http://ciaobellamedspa.net,no,no_tier,0,99,yes,no,252.22074698123643
JM6MYJMW,Beauty Bar Aesthetics,66067,"Ottawa, KS 66067, USA",38.576614,-95.26844,hdstephens14@gmail.com,hdstephens14@gmail.com,7855803630,7855803630,230 s main street,Ottawa,KS,66067,US,230 S Main Street,,Ottawa,KS,US,66067,https://www.beauty-bar-aesthetics.com/,no,partner,1,6,no,no,282.85420769876885
4NZ4ZKFF,Blossom Beauty Bar,73701,"Enid, OK 73701, USA",36.418919,-97.806885,blossombeautybar7@gmail.com,blossombeautybar7@gmail.com,5807473137,5807473137,2601 N. Van Buren,Enid,OK,73701,US,2601 North Van Buren Street,,Enid,OK,US,73701,https://www.blossombeautybarenid.com/,no,partner,1,6,no,no,294.41491664953514
LFL4QS4A,"Lori D Berwald, OD",66221,"Stanley, KS 66221, USA",38.867188,-94.701889,drlori@optowellness.com,drlori@optowellness.com,9138295511,9138295511,16816 Goddard St,Overland Park,KS,66221,US,16816 Goddard St,,Overland Park,KS,US,66221,,no,partner,1,6,no,no,327.50144611237687
VZAGUFAX,ReNu Medspa,68701,"Hadar, NE 68701, USA",42.037594,-97.394882,jeanaahlers@yahoo.com,jeanaahlers@yahoo.com,4023507372,4023704100,51374 856th Rd,Clearwater,NE,68726,US,305 N 37th St,,Norfolk,NE,US,68701,,no,partner,1,6,no,no,348.8034892835985
IUvr0PMF,Hansen Aesthetics,73120,"The Village, OK 73120, USA",35.578861,-97.578896,alex@beautyyourwayok.com,alex@beautyyourwayok.com,4057539600,4057539600,13313 N Meridian Ave,Oklahoma City,OK,73120,US,13313 N Meridian Ave,Ste A3,Oklahoma City,OK,US,73120,https://beautyyourwayok.com/,no,partner,1,6,yes,no,390.03928310376745
SZZ69SZ8,Nouveau Aesthetics,74133,"Tulsa, OK 74133, USA",36.042805,-95.888153,Kimberly@nouveauaesthetics.net,Kimberly@nouveauaesthetics.net,9187244998,9187244998,6614 S Memorial Dr.,Tulsa,OK,74133,US,6614 S Memorial Dr.,Suite 10,Tulsa,OK,US,74133,,no,no_tier,0,99,no,no,401.7124752519137
EV4R4FLE,Elite Wellness and Aesthetics,74137,"Tulsa, OK 74137, USA",36.019043,-95.930405,whitney_lehew@yahoo.com,whitney_lehew@yahoo.com,9184070065,9184070065,11917 S Norwood Ave,Tulsa,OK,74137,US,11917 S Norwood Ave,Suite 112,Tulsa,OK,US,74137,https://elitewellnesstulsa.com/,no,partner,1,6,yes,no,401.8075725721432
y4veGAR9,The Dolce Med Spa LLC,81050,"Timpas, CO 81050, USA",37.914379,-103.497429,thedolcemedspa@gmail.com,thedolcemedspa@gmail.com,7194691240,7194691240,13505 US Highway 50,Las Animas,CO,81054,US,311 Colorado Ave,,La Junta,CO,US,81050,https://www.facebook.com/profile.php?id=61565427204191,no,partner,1,6,yes,no,453.1490042215214
9L2AYH6M,King's Eye Care,40403,"Berea, KY 40403, USA",37.564739,-84.291077,drskingseyecare@gmail.com,drskingseyecare@gmail.com,8599867027,8599867027,854 Ridgewood Dr,Berea,KY,40403,US,854 Ridgewood Dr,,Berea,KY,US,40403,https://www.eyedoctorberea.net/,no,partner,1,6,yes,no,30.58954626356109
PBBLUCDC,Beauty Lab Aesthetics,40004,"Bardstown, KY 40004, USA",37.78516,-85.458183,triciapulliam@gmail.com,triciapulliam@gmail.com,5024181259,5024181259,304 Spanish Oak Dr,Bardstown,KY,40004,US,1009 N 3rd Street,,Bardstown,KY,US,40004,https://beautyworxbardstown.com/,no,no_tier,0,99,no,no,104.54909579875871
8XWFNRGE,Bude Aesthetics,40059,"Prospect, KY 40059, USA",38.349792,-85.592079,dfee14@gmail.com,dfee14@gmail.com,5024159107,5024159107,4010 Hidden Falls Dr,Prospect,KY,40059,US,4010 Hidden Falls Drive,,Prospect,KY,US,40059,https://budeaesthetics.com/,no,partner,1,6,no,no,128.86470504768977
AED9XQVX,C.C. Lou Aesthetics and Wellness,40207,"Brownsboro Village, KY 40207, USA",38.26247,-85.648628,crystal@cclouaesthetics.com,crystal@cclouaesthetics.com,5024662568,5024662568,5000 Shelbyville Rd,Louisville,KY,40207,US,5000 Shelbyville Rd,Unit 1110,Louisville,KY,US,40207,http://cclouaesthetics.com/,no,partner,1,7,yes,no,129.55717212668384
YtlnPO51,"Reynolds Family Eye Care, LLC",47150,"New Albany, IN 47150, USA",38.265156,-85.869095,drjenreynolds@gmail.com,drjenreynolds@gmail.com,8129451162,8129451162,1501 State Street,New Albany,IN,47150,US,1501 State Street,,New Albany,IN,US,47150,https://reynoldsfamilyeyecare.com/,no,partner,1,6,yes,no,147.80231148673906
8OLAJK9A,"Buckeye Family Eye Clinic, Inc.",45133,"Hillsboro, OH 45133, USA",39.183815,-83.54966,drbarton@buckeyefamily.net,drbarton@buckeyefamily.net,9373932588,9373932588,748 North High Street,Hillsboro,OH,45133,US,748 North High Street,,Hillsboro,OH,US,45133,https://www.buckeyefamilyeyeclinic.net/,no,no_tier,0,99,yes,no,162.10447879763748
MU3YDYUV,The Sculpting Spa,38501,"Cookeville, TN 38501, USA",36.245266,-85.540619,admin@thesculptingspa.net,admin@thesculptingspa.net,9312520980,9312520980,377 W Jackson Street,Cookeville,TN,38501,US,377 W Jackson St,,Cookeville,TN,US,38501,https://thesculptingspa.net/,no,partner,1,6,yes,no,210.07912823296283
9C3KEG86,WestSide Wellness,37923,"Knoxville, TN 37923, USA",35.927605,-84.085442,jdeesenp@gmail.com,jdeesenp@gmail.com,8652468888,8652468888,9217 Park West Blvd,Knoxville,TN,37923,US,9217 Park West Blvd,Suite C-2,Knoxville,TN,US,37923,https://westsidewelltennessee.com/,no,partner,1,6,no,no,213.2068233193707
BQCJCSE3,PureMed PLLC,37932,"Knoxville, TN 37932, USA",35.91774,-84.217339,puremedtn@gmail.com,puremedtn@gmail.com,8653877742,8653877742,9101 Reedsworth Ln,Knoxville,TN,37922,US,9916 Cedar Croft Circle,,Knoxville,BDS,US,37932,,no,partner,1,7,no,no,213.72231628110225
6MB6LVMB,Premier Eyecare & Optical,70816,"Baton Rouge, LA 70816, USA",30.425997,-91.025108,ericthaiod@gmail.com,ericthaiod@gmail.com,2252468830,2252468830,19660 Southern Hills Ave,Baton Rouge,LA,70809,US,11281 Old Hammond Hwy,,Baton Rouge,LA,US,70816,https://www.premiereyecareoptical.com/,no,partner,1,6,no,no,48.62514763115627
WHB6XVNU,Lahiri Eye Center,70346,"Modeste, LA 70346, USA",30.097166,-91.029892,devjanilm@gmail.com,devjanilm@gmail.com,2254733124,2254733124,309 Iberville St,Donaldsonville,LA,70346,US,309 Iberville St,,Donaldsonville,LA,US,70346,https://lahirieyecenter.com/,no,partner,1,7,yes,no,66.50057509702947
DEUC4L2S,Egan Wellness & MedSpa,70433,"Covington, LA 70433, USA",30.45874,-90.130783,pbegan@eganhc.com,pbegan@eganhc.com,9858923031,9858923031,3621 Ridgelake Dr,Metairie,LA,70002,US,1116 W 21st Ave,,Covington,LA,US,70433,,no,no_tier,0,99,no,no,133.364723178957
LCZDPGL9,Lupo Center for Aesthetic and General Dermatology,70124,"New Orleans, LA 70124, USA",30.010328,-90.102547,info@drmarylupo.com,info@drmarylupo.com,5047773047,5047773047,302 Innovation Dr,Franklin,TN,37067,US,145 Allen Toussaint Blvd,#302,New Orleans,LA,US,70124,https://www.drmarylupo.com/,no,rose_gold,5,2,no,no,147.49257404266427
ObrkgEnn,Dr Grace Garbo,70634,"DeRidder, LA 70634, USA",30.810101,-93.218147,drgracegarbo@gmail.com,drgracegarbo@gmail.com,3373043846,3373043846,6730 Hwy 171,DeRidder,LA,70634,US,1808 Hwy 190w,Suite D,DeRidder,LA,US,70634,,no,partner,1,6,no,no,165.53064614598796
S5L37NT6,"Luxus Health and Wellness, LLC",39466,"Picayune, MS 39466, USA",30.504492,-89.681618,luxushealthandwellness@gmail.com,luxushealthandwellness@gmail.com,16017358987,16017358987,35 Longbow Drive,Picayune,MS,39466,US,35 Longbow Drive,,Picayune,MS,US,39466,,no,partner,1,6,yes,no,176.19958089261164
394SVIHW,"Magnolia Spa & Wellness, LLC",71457,"Cypress, LA 71457, USA",31.728615,-93.057617,magnoliaspaandwellness@yahoo.com,magnoliaspaandwellness@yahoo.com,3182382843,3182382843,520 Front St,Natchitoches,LA,71457,US,520 Front St,,Natchitoches,LA,US,71457,https://www.magnoliaspaandwellness.com/,no,partner,1,6,no,no,198.7080119425496
6O9VFKYV,Kare Infusion Center,77706,"Beaumont, TX 77706, USA",30.098867,-94.166733,lisa.callas@yahoo.com,lisa.callas@yahoo.com,4096566820,4096566820,1391 N. Meeker Rd,Beaumont,TX,77713,US,7090 Phelan Blvd,Suite 100,Beaumont,TX,US,77706,https://kareinfusion.com/,no,no_tier,0,99,no,no,258.24879697787304
KQ2ML5M4,"Wall Rejuvenation Center of Louisiana, L.L.C.",71106,"Forbing, LA 71106, USA",32.380325,-93.733353,jaaronx2@aol.com,jaaronx2@aol.com,3182211629,3182211629,385 Bert Kouns Industrial Loop,Shreveport,LA,71106,US,385 Bert Kouns Industrial Loop,100,Shreveport,LA,US,71106,http://www.wallplasticsurgery.com/,no,partner,1,6,no,no,294.73952333942583
WYWLP2UD,Seoul Glow Clinic,77535,"OLD RVR-WNFRE, TX 77535, USA",30.020466,-94.935097,seoulglowclinic@gmail.com,seoulglowclinic@gmail.com,8327137180,8327137180,452 Lexington Ct.,Conroe,TX,77302,US,605 West Clayton St.,Suite F,Dayton,TX,US,77535,https://www.seoulglowclinic.com/,no,no_tier,0,99,no,no,332.5248065590469
GRK6ZGS6,"Downtown Esthetics and Wellness, PLLC",77357,"New Caney, TX 77357, USA",30.160244,-95.195358,DrSikes@DrSikes.com,DrSikes@DrSikes.com,2815920597,2815920597,117 North College Avenue,Cleveland,TX,77357,US,117 North College Avenue,,Cleveland,TX,US,77357,,no,no_tier,0,99,no,no,354.8609082085806
KFXC8PD2,Innovation Beauty Med Spa,77573,"League City, TX 77573, USA",29.494799,-95.091103,susan@innovationbeautylc.com,susan@innovationbeautylc.com,2819671609,2819671609,3831 E League City Pkwy,League City,TX,77573,US,1535 W FM 646,,League City Texas,TX,US,77573,http://www.innovationbeautylc.com/,no,partner,1,6,yes,no,362.1344425657327
RT98H98M,Clear Lake Medical Spa,77598,"Webster, TX 77598, USA",29.545057,-95.137993,ureniaga@clmcent.com,ureniaga@clmcent.com,2817627721,2817627721,17099 N. Texas Ave.,Webster,TX,77598,US,17099 N. Texas Ave.,,Webster,TX,US,77598,,no,partner,1,6,no,no,364.6407005289479
52ZJ4VLQ,Serendipity Luxury Wellness,77546,"Friendswood, TX 77546, USA",29.53705,-95.195358,admin@serendipitymedispa.com,admin@serendipitymedispa.com,2819691597,2819691597,343 East Parkwood Ave,Friendswood,TX,77546,US,343 East Parkwood Ave,,Friendswood,TX,US,77546,http://serendipitymedispa.com/,no,partner,1,6,no,no,370.1918559073948
RUQBVTYF,Purple Peach Aesthetics,77546,"Friendswood, TX 77546, USA",29.53705,-95.195358,Lynnze@purplepeachaesthetics.com,Lynnze@purplepeachaesthetics.com,8323880508,8323880508,4325 FM 2351,Friendswood,TX,77546,US,4325 FM 2351,Ste 120,Friendswood,TX,US,77546,https://www.purplepeachaesthetics.com/,no,partner,1,6,yes,no,370.1918559073948
A6HGR34W,Aesthetics by Allyson,75662,"Kilgore, TX 75662, USA",32.375477,-94.87281,aestheticsbyallyson@gmail.com,aestheticsbyallyson@gmail.com,9039830081,9039830081,1261 County Road 174 E,Overton,TX,75662,US,401 E Lantrip St,,Kilgore,TX,US,75662,https://www.abamedspa.com/,no,partner,1,6,no,no,379.0657260569245
J7U929YX,ARISE Aesthetics and Wellness,77511,"Alvin, TX 77511, USA",29.384571,-95.247551,sarah@arise-aw.com,sarah@arise-aw.com,2816885290,2816885290,1516 S. Gordon St.,Alvin,TX,77511,US,1516 S. Gordon St.,Suite 2,Alvin,TX,US,77511,,no,partner,1,6,yes,no,380.5356289501761
A34KQDAB,Soothe Medical Aesthetics,04330,"Augusta, ME 04330, USA",44.352001,-69.692375,angela@soothemed.com,angela@soothemed.com,2078774090,2078774090,3 St Catherine Street,Augusta,ME,04330,US,3 St Catherine Street,,Augusta,ME,US,04330,https://soothemed.com/,no,bronze,3,5,yes,no,102.14785441107088
VHPUTADM,Peraza Dermatology Group,03766,"Lebanon, NH 03766, USA",43.621777,-72.249237,brittanyb@perazaderm.com,info@perazaderm.com,6035426455,6035426455,"367 Route 120, Suite B1",Lebanon,NH,03766,US,367 NH-120,Unit B1,Lebanon,NH,US,03766,http://www.perazaderm.com,no,silver,3,4,no,no,287.1685548395217
FQ32M5U9,Adirondack Elite Aesthetics,12972,"Peru, NY 12972, USA",44.573147,-73.545235,adirondackeliteaesthetics@yahoo.com,adirondackeliteaesthetics@yahoo.com,5185244608,5185244608,49 Winding Brook Road,Peru,NY,12972,US,3085 State Route 22,,Peru,NY,US,12972,http://www.adirondackeliteaesthetics.com/,no,partner,1,6,no,no,331.5485902399
NFZKJKTJ,RSA Optical,01824,"Chelmsford, MA 01824, USA",42.600441,-71.346809,anu9873@gmail.com,anu9873@gmail.com,9782565731,9782565731,9 Red Gate Lane,Southborough,MA,01772,US,11 Summer St,,Chelmsford,MA,US,01824,,no,partner,1,6,no,no,331.98827709374285
4CE7G8V4,Skin Sync Clinical Spa,01880,"Wakefield, MA 01880, USA",42.501011,-71.067604,penny@skinsync.com,penny@skinsync.com,7815871562,7815871562,107 Audubon Rd #2-210,Wakefield,MA,01880,US,107 Audubon Road,#2-210,Wakefield,MA,US,01880,https://www.skinsync.com/products,no,partner,1,6,yes,no,332.5431533476822
DC2CT79W,EMB Aesthetics,02180,"Stoneham, MA 02180, USA",42.476631,-71.091377,erinaestheticrn@gmail.com,erinaestheticrn@gmail.com,5082126722,5082126722,471 Main St,Stoneham,MA,02180,US,471 Main St,Suite 102,Stoneham,MA,US,02180,,no,partner,1,6,yes,no,335.7938280202989
7NR2L8L6,House of Kels,02114,"Boston, MA 02114, USA",42.365292,-71.064636,kelsey@houseofkels.com,kelsey@houseofkels.com,6176403672,6176403672,39 Salutation Street,Boston,MA,02109,US,"35 Lomasney Way, Lomasney Way",Apt 3906,Boston,MA,US,02114,https://www.houseofkels.com/,no,partner,1,6,yes,no,346.4487913281233
V68H9YUF,"Allure Aesthetics, LLC",02478,"Belmont, MA 02478, USA",42.395885,-71.174561,araxi@allureaestheticsbyaraxi.com,Araxi@AllureAestheticsByAraxi.com,6178409684,6178409684,126 Crestview Rd,Belmont,MA,02478,US,2 Brighton St,Suite 201,Belmont,MA,US,02478,https://www.allureaestheticsbyaraxi.com/,no,partner,1,6,yes,no,346.7151185466829
Z3JYVGBC,The Botox Barista,02127,"Boston, MA 02127, USA",42.336456,-71.03492,pwaters6425@gmail.com,pwaters6425@gmail.com,5187299842,5187299842,15 Water Street,Dorchester,MA,02122,US,182 w eighth street,,Boston,MA,US,02127,https://thebotoxbarista.square.site/,no,partner,1,6,yes,no,348.55540934835113
662WVNMV,Sarra,02127,"South Boston, MA 02127, USA",42.336456,-71.03492,Sarrastudios@gmail.com,Sarrastudios@gmail.com,6172698999,6172698999,1 Canal St Suite 905,Boston,MA,02114,US,840 Summer Street,,Boston,MA,US,02127,http://www.sarraboston.com/,no,partner,1,6,no,no,348.55540934835113
A4R8P9JP,"Nove Medical Aesthetics, LLC",02215,"Boston, MA 02215, USA",42.347618,-71.100288,meagan@novemedicalaesthetics.com,meagan@novemedicalaesthetics.com,8579988714,8579988714,12 Somerset Dr,Andover,MA,01810,US,500 Commonwealth Avenue,Suite 526,Boston,MA,US,02215,https://www.novemedicalaesthetics.com,no,partner,1,6,yes,no,349.3551137243209
462SEQTV,KayLiany Aesthetics LLC,02215,"Boston, MA 02215, USA",42.347618,-71.100288,admin@kayliany.com,ADMIN@KAYLIANY.COM,6179718931,6179718931,500 Commonwealth Ave,Boston,MA,02215,US,500 Commonwealth Ave,,Boston,MA,US,02215,https://kayliany.com/,no,partner,1,6,yes,no,349.3551137243209
QDSLDM59,MD Beauty,02453,"Waltham, MA 02453, USA",42.36245,-71.257721,mdbeautyboston@gmail.com,mdbeautyboston@gmail.com,6179304117,6179304117,17 Dennison St,Waltham,MA,02453,US,17 Dennison Street,,Waltham,MA,US,02453,https://www.mdbeautyboston.com/,no,partner,1,6,no,no,352.8360619190002
HLUA33QM,The Tox Nurse LLC,01420,"Fitchburg, MA 01420, USA",42.57687,-71.833412,thetoxnurse@gmail.com,thetoxnurse@gmail.com,9783201585,9783201585,76 Summer St,Fitchburg,MA,01420,US,76 Summer St,Suite 200 B,Fitchburg,MA,US,01420,,no,partner,1,6,no,no,353.77882575782144
S2PAKWYN,Sophia Face And Body LLC,01776,"Sudbury, MA 01776, USA",42.384659,-71.41806,thesophiamedspa@gmail.com,thesophiamedspa@gmail.com,5088200088,5088200088,410 Boston Post Rd Suite 22,Sudbury,MA,01776,US,410 Boston Post Road,Suite 22,Sudbury,MA,US,01776,https://sophiafaceandbody.com/,no,partner,1,6,no,no,356.0993068594846
L5PU3GMG,South Shore Plastic Surgery DBA Boston Plastic Surgery,02169,"Quincy, MA 02169, USA",42.251369,-70.996284,jacqueline@bostonplastic.com,jacqueline@bostonplastic.com,6177867600,6177867600,2300 Crown Colony Dr Suite 101,Quincy,MA,02169,US,2300 Crown Colony Drive,Suite 101,Quincy,MA,US,02169,https://www.bostonplastic.com/,no,partner,1,6,no,no,356.3131672179284
RG7PCD7J,Krauss Dermatology,02481,"Wellesley, MA 02481, USA",42.30938,-71.281479,coordinator@kraussderm.com,Coordinator@kraussderm.com,7814163500,7814163500,1 Washington St,Wellesley,MA,02481,US,1 Washington St,#401,Wellesley,MA,US,02481,https://www.kraussdermatology.com/,no,bronze,2,5,yes,no,359.02481663646734
S9P2SHWG,Infinite Beauty Lounge,02186,"Milton, MA 02186, USA",42.233284,-71.085434,infinitebeautylounge@gmail.com,infinitebeautylounge@gmail.com,6173199404,6173199404,"75 Adams Street, # F",Milton,MA,02186,US,"75 Adams Street, # F",,Milton,MA,US,02186,https://www.infinitebeautyloungema.com/,no,partner,1,6,yes,no,360.7552495799908
ZPZRMZXY,"Elite Aesthetics LLC, DBA Elite Medspa + Wellness Center",02492,"Needham, MA 02492, USA",42.274803,-71.245842,nbillings@myelitemedspa.com,nbillings@myelitemedspa.com,7815593433,7815593433,1 Chapel St,Needham,MA,02492,US,1 Chapel St,,Needham,MA,US,02492,https://myelitemedspa.com/,no,partner,1,6,yes,no,361.3977999457518
MZ9Z7CEC,Skinscapes New England LLC,02482,"Wellesley, MA 02482, USA",42.290462,-71.296333,hello@skinscapes.com,hello@skinscapes.com,7818984878,7818984878,"31 Central Street,",Wellesley,MA,02482,US,"31 Central Street,",Lower Level,Wellesley,MA,US,02482,https://www.skinscapes.com/,no,partner,1,6,yes,no,361.4415741212607
9XEBGGBF,"Fred Bloem, MD, LLC",20895,"Kensington, MD 20895, USA",39.018291,-77.073715,drbloem@drbloem.com,drbloem@drbloem.com,3012602601,3012602601,10400 Connecticut Avenue,Kensington,MD,20895,US,10400 Connecticut Avenue,Suite 215,Kensington,MD,US,20895,https://drbloemaesthetics.com/,no,no_tier,0,99,yes,no,37.47710154193777
5H8JKZZB,Capital Laser & Skin Care,20815,"Martin's Additions, MD 20815, USA",38.987514,-77.073715,hbryan@capitalskinlaser.com,hbryan@capitalskinlaser.com,3013491583,3013491583,5471 Wisconsin Ave ,Chevy Chase,MD,20815,US,5471 Wisconsin Ave,Suite 200,Chevy Chase,MD,US,20815,https://www.capitalskinlaser.com/,no,partner,1,6,no,no,37.91772247169681
R1IPSFIT,Cosmedica Dermatology,20037,"Washington, DC 20037, USA",38.899422,-77.055008,shogan@cosmedicadermatology.com,shogan@cosmedicadermatology.com,2027968886,2027968886,1250 23rd St NW,Washington,DC,20037,US,"1250 23rd Street Northwest, Suite 410",Suite 410,Washington,DC,US,20037,,no,partner,1,6,yes,no,39.29393628023829
V8AB97TX,Plastic Surgery Institute of Washington,20852,"Rockville, MD 20852, USA",39.054211,-77.119751,natalie@plasticsurgerynow.com,natalie@plasticsurgerynow.com,3018817770,3018817770,11210 Old Georgetown Rd,North Bethesda,MD,20852,US,11210 Old Georgetown Rd,,North Bethesda,MD,US,20852,https://www.plasticsurgerynow.com/,no,partner,1,6,no,no,41.32901387827183
8ZCXB343,Skin Lab Med Spa,22046,"Falls Church, VA 22046, USA",38.886112,-77.177277,ago2080@msn.com,ago2080@msn.com,7034887546,7034887546,1140 W. Broad Street,Falls Church,VA,22046,US,1140 W. Broad Street,,Falls Church,VA,US,22046,https://www.skinlabmed.com/,no,partner,1,6,yes,no,49.62443432569829
GHdubFyM,En Sante Clinic and Medical Spa,22102,"West McLean, VA 22102, USA",38.958641,-77.229019,adelinemcoleman@gmail.com,adelinemcoleman@gmail.com,7038888589,7038888589,1200 Claude Court,Great Falls,VA,22102,US,1420 Spring Hill Rd,Suite 160,McLean,VA,US,22102,https://ensantemed.com/,no,partner,1,6,no,no,51.70375241235235
SVTZ2KRY,Crystal Clarity Medical Spa,22030,"Fairfax, VA 22030, USA",38.845432,-77.320953,patricia@crystalclaritymedspa.com,patricia@crystalclaritymedspa.com,5717776500,5717776500,10520 Warwick Ave,Fairfax,VA,22030,US,10520 Warwick Ave,Suite B5,Fairfax,VA,US,22030,https://www.crystalclaritymedspa.com/,no,partner,1,7,no,no,62.85836439179428
ZGADAM7D,Spirited Aesthetics and Wellness,21074,"Hampstead, MD 21074, USA",39.620354,-76.84903,heatherspeertrn@gmail.com,Heatherspeertrn@gmail.com,4108040519,4108040519,814 North Houcksville Road,Hapstead,MD,21074,US,814 North Houcksville Road,,Hapstead,MD,US,21074,https://spiritedaestheticsandwellness.com/,no,bronze,2,5,yes,no,66.34384487266833
ARTJN59Y,Harmony Hub Health,21102,"Millers, MD 21102, USA",39.69006,-76.837502,mpostolnp@gmail.com,mpostolnp@gmail.com,4109821739,4109821739,405 N CENTER ST,WESTMINSTER,MD,21157-5119,US,4175 Hanover Pike,3B,Manchester,MD,US,21102,http://www.harmonyhubhealth.com/,no,partner,1,6,yes,no,73.60229917344611
VUKFGHYY,bare MedSpa & Wellness,17331,"Hanover, PA 17331, USA",39.752621,-76.941261,admin@bodiesbybare.com,admin@bodiesbybare.com,7176370267,7176370267,17 Carlisle St.,Hanover,PA,17331,US,17 Carlisle St.,,Hanover,PA,US,17331,https://bodiesbybare.com/,no,partner,1,6,yes,no,82.71833564097267
N0UD7OL2,Eye Services Consultants,02368,"Randolph, MA 02368, USA",42.191113,-71.061661,charlesjb@mac.com,charlesjb@mac.com,6172961828,6172961828,1137 N. Main Street,Randolph,MA,02368,US,1137 N. Main Street,,Randolph ,MA,US,02368,,no,no_tier,0,99,no,no,35.6846951496933
SRCAK3LB,Spa by Nancy,02184,"Braintree, MA 02184, USA",42.202045,-71.014114,lenka@lenkaskin.com,lenka@lenkaskin.com,7813804082,7813804082,17 Wilson Street,Randolph,MA,02368,US,341 Washington Street,,Braintree,MA,US,02184,http://www.spabynancy.com/,no,partner,1,6,no,no,37.91980929518178
R6SDMV8K,Ashley NP Aesthetics PLLC (Vital Beauty Aesthetics),02072,"Stoughton, MA 02072, USA",42.12291,-71.1092,ashley@vitalbeautyma.com,ashley@vitalbeautyma.com,6176109606,6176109606,72 Taxiera Rd,Stoughton,MA,02072,US,72 Taxiera Rd,,Stoughton,MA,US,02072,https://vitalbeautyma.com/,no,partner,1,6,yes,no,38.7931816914302
73AEP49H,Magically Lifted Med Spa,02072,"Stoughton, MA 02072, USA",42.12291,-71.1092,mmjeannite@roxbury.edu,mmjeannite@roxbury.edu,8572512283,8572512283,1 Eagle Rock Road ,Stoughton,MA,02072,US,255 Park Street,,Stoughton,MA,US,02072,,no,partner,1,7,no,no,38.7931816914302
G8K6QQP4,Rejuvenation Dry Eye Center,49401,"Allendale, MI 49401, USA",42.967495,-85.95089,allendalevision@gmail.com,allendalevision@gmail.com,6168952020,6168952020,11145 68th AVE,Allendale,MI,49401,US,11145 68th AVE,SUITE C,Allendale,MI,US,49401,https://familyvisionoptical.com/,no,partner,1,6,no,no,152.42004143219992
65UT3BCT,Ravive Wellness Studio,48603,"Saginaw, MI 48603, USA",43.453003,-84.027313,info@ravivewellnessstudio.com,info@ravivewellnessstudio.com,9899282932,9899282932,6137 Tittabawassee Rd,Saginaw,MI,48603,US,6137 Tittabawassee Rd,Suite 3,Saginaw,MI,US,48603,https://ravivewellnessstudio.com/,no,partner,1,6,no,no,158.48048268077264
ED6QB2WN,Wagner Integrative Health,54115,"Ashwaubenon, WI 54115, USA",44.401936,-88.070534,kstankevich@lynnkwagner.com,kstankevich@lynnkwagner.com,9203277056,9203277056,320 N Wisconsin StWisconsin,De Pere,WI,54115,US,106 N Wisconsin St,,De Pere,WI,US,54115,https://lynnkwagner.com/,no,bronze,3,5,yes,no,196.45584957104057
CF2QWSQZ,Advanced Eyecare,53073,"Plymouth, WI 53073, USA",43.754131,-87.992271,tjziegler2001@yahoo.com,tjziegler2001@yahoo.com,9208938474,9208938474,300 E Mill Street,Plymouth,WI,53073,US,300 East Mill Street,,Plymouth,WI,US,53073,http://www.advancedeyecareplymouth.com/,no,partner,1,6,no,no,200.9568684275222
07UsjEao,WishLane,54911,"Little Chute, WI 54911, USA",44.283707,-88.37249,contact@wishlanemedical.com,contact@wishlanemedical.com,9205128822,9205128822,2807 N Ballard Rd,Appleton,WI,54911,US,2807 N Ballard Rd,,Appleton,WI,US,54911,http://www.wishlaneaesthetics.com/,no,partner,1,6,yes,no,220.46941849241853
GWZYQ2TS,Flawless Med Spa & IV Lounge,48446,"Lapeer, MI 48446, USA",43.022156,-83.378937,Flawlessbyerin@gmail.com,Flawlessbyerin@gmail.com,3137575172,3137575172,3622 Woodland Dr,Metamora,MI,48455,US,608 S. Main St.,,Lapeer,MI,US,48446,https://flawlessmeds9699.clinicsites.co/,no,no_tier,0,99,yes,no,229.42613582750076
CUVTDHPY,"Aesthetics Ink, LLC",53126,"Franksville, WI 53126, USA",42.778149,-88.00206,becky.p76@yahoo.com,becky.p76@yahoo.com,2629304560,2629304560,9356 Old Spring St,Mt Pleasant,WI,53406,US,"10502 Northwestern Avenue,",,Franksville,WI,US,53126,http://www.aestheticsink.com/,no,partner,1,6,yes,no,258.0541507895319
YYK9LAZH,Active Nursing LLC dba Bellas Medispa,53177,"Sturtevant, WI 53177, USA",42.698982,-87.943283,juan@bellasmedispa.org,juan@bellasmedispa.org,2622358022,2622358022,8322 Dora Lane,Mount Pleasant,WI,53406,US,13200 Globe Drive,(Suite 101) Studio 14,Mount Pleasant,WI,US,53177,http://bellasmedispa.org,no,partner,1,6,yes,no,260.6039146911129
DT694NM8,Aesthetic Wellness Center,53142,"Kenosha, WI 53142, USA",42.573524,-87.855202,angelalutes@ymail.com,angelalutes@ymail.com,2489214938,2489214938,101 Waukegan Road,Lake Bluf,IL,60044,US,7401  104th ave,#110,Kenosha,WI,US,53142,,no,no_tier,0,99,no,no,265.62863525819023
8TEEL2ZZ,Studio E Aesthetics,48375,"Novi, MI 48375, USA",42.471989,-83.453682,studioepac@gmail.com,Studioepac@gmail.com,2486755394,2486755394,43227 Crescent Blvd,Novi,MI,48375,US,43227 Crescent Blvd,Suite 7,Novi,MI,US,48375,https://www.studioepac.com/,no,partner,1,6,yes,no,268.55334831409453
RZQFTLUB,Skyline Plastic Surgery,48034,"Southfield, MI 48034, USA",42.49662,-83.288055,skylineplasticsurgery@gmail.com,skylineplasticsurgery@gmail.com,5865826145,5865826145,29201 Telegraph Road,Southfield,MI,48034,US,29201 Telegraph Rd,,Southfield,MI,US,48034,https://www.skylineplasticsurgery.com/,no,partner,1,6,yes,no,275.3466821880955
8BBTCSV3,Forefront Dermatology - Marquette,49855,"Harvey, MI 49855, USA",46.547771,-87.395622,tomi.dale-starkey@forefrontderm.com,tomi.dale-starkey@forefrontderm.com,9062010309,9062010309,1007 Harbor Hills Drive,Marquette ,MI,49855,US,1007 Harbor Hills Drive,Suite C,Marquette,MI,US,49855,https://forefrontdermatology.com/location/marquette-mi-49855-2/,no,rose_gold,6,2,no,no,284.9873994660332
ESA6FIIT,Superior Eye Health Center,49855,"Marquette, MI 49855, USA",46.547771,-87.395622,hjohnson@superioreye.com,Shannonc@superioreye.com,9062284401,9062284401,2822 Venture Drive,Marquette,MI,49855,US,2822 Venture Drive,,Marquette,MI,US,49855,,no,no_tier,0,99,no,no,284.9873994660332
2XoW7Bve,The Skin Care Center Lake Forest,60045,"Mettawa, IL 60045, USA",42.239052,-87.871132,jdzemenaite@docsdermgroup.com,jdzemenaite@docsdermgroup.com,7606967885,8472346121,9987 Carver Rd,Cincinnati,OH,45242,US,225 E Deerpath Rd,Suite 50,Lake Forest,IL,US,60045,https://skincarectr.com/locations/lake-forest-office,no,partner,1,6,no,no,294.9491941716855
00J5P50N,Lake Forest Family Eyecare ,60045,"Mettawa, IL 60045, USA",42.239052,-87.871132,drdrey@lffamilyeyecare.com,drdrey@lffamilyeyecare.com,2247066835,2247066835,825 S Waukegan Rd,Lake Forest,IL,60045,US,825 S Waukegan Rd,C1,Lake Forest,IL,US,60045,http://www.lakeforestfamilyeyecare.com/,no,no_tier,0,99,no,no,294.9491941716855
Z56HWZPL,Ross Highland Park/Dr Brent Edelcup,60035,"Highland Park, IL 60035, USA",42.18573,-87.80584,cosmeticsgal64@gmail.com,Cosmeticsgal64@gmail.com,8474334340,84743343408474334340,625 Central Ave,Highland Park,IL,60035,US,625 Central Ave,,Highland Park,IL,US,60035,http://www.rosshighlandpark.com,no,partner,1,6,no,no,296.4485927686425
CXYC9JYQ,Family Eye Care of Woodstock,53147,"Lake Geneva, WI 53147, USA",42.57959,-88.440392,dr.heinke@eyecarewoodstock.com,dr.heinke@eyecarewoodstock.com,8478480232,8478480232,12420 Grandview Dr,Huntley,IL,60142,US,835 Geneva Parkway N,Unit 3,Lake Geneva ,WI,US,53147,ww.eyecaarewoodstock.com,no,no_tier,0,99,no,no,299.5015011311285
VVXEY7R5,"Pinch Med, Inc",60201,"Evanston, IL 60201, USA",42.060013,-87.692627,david@pinchmed.com,david@pinchmed.com,8477383936,8477383936,909 Davis st.,Evanston,IL,60201,US,909 Davis Street,Suite 500,Evanston,IL,US,60201,,no,partner,1,6,no,no,302.60034551827954
R9S2ZVM3,Timeless Beauty Aesthetics & Medspa,56464,"Menahga, MN 56464, USA",46.751148,-95.088394,timelessbeauty024@gmail.com,timelessbeauty024@gmail.com,2186396294,2186396294,14407 Co Rd,Menahga,MN,56464,US,14407 Co Rd 13,,Menahga,MN,US,56464,https://www.timeless-beauties.com/,no,partner,1,6,yes,no,30.76483570379793
PC8VCENG,Lakes Area Cosmetic Bar,56401,"Baxter, MN 56401, USA",46.325951,-94.144257,lakesareacosmeticbar@gmail.com,Lakesareacosmeticbar@gmail.com,2183410037,2183410037,424 James St ,Brainerd,MN,56401,US,424 James St,Suite 1,Brainerd,MN,US,56401,https://www.lakesareacosmeticbar.com/,no,partner,1,6,no,no,61.08238076500765
28CXTFXZ,Bare Skin Beauty and Aesthetics,56573,"Perham, MN 56573, USA",46.572811,-95.590538,bareskinbeautyandaesthetic@gmail.com,Bareskinbeautyandaesthetic@gmail.com,17013674126,7013674126,221 1/2 Jefferson St N,Wadena,MN,56482,US,101 Coney Street W,,Perham,MN,US,56573,https://bareskinmn.com/,no,partner,1,6,no,no,71.21467627460885
CHXUZ9CS,Edit Aesthetics & Wellness,56308,"Alexandria, MN 56308, USA",45.816658,-95.357285,edit.aesthetics.wellness@gmail.com,edit.aesthetics.wellness@gmail.com,6129403238,6129403238,700 cedar street,Alexandria,MN,56308,US,700 Cedar Street #115,,Alexandria,MN,US,56308,https://www.editbyashley.com/services-2,no,partner,1,6,yes,no,113.87132037147562
RAT85DUZ,BEE Well Clinic,56308,"Alexandria, MN 56308, USA",45.816658,-95.357285,beewellclinic.medspa@gmail.com,beewellclinic.medspa@gmail.com,3202197511,3202197511,410 30th Ave E,Alexandria,MN,56308,US,410 30th Ave E,STE 105,Alexandria,MN,US,56308,http://www.beewellclinic-medspa.com/,no,partner,1,6,no,no,113.87132037147562
SL7FtKCf,Oolala Chic Aesthetics,56387,"Waite Park, MN 56387, USA",45.512466,-94.248093,oolalachicaesthetics@gmail.com,oolalachicaesthetics@gmail.com,3202824910,3202824910,19844 Edgeton Rd,Richmond,MN,56368,US,303 Fourth Ave NE,Suite 1,Waite Park ,MN,US,56387,,no,partner,1,6,no,no,139.47612729627286
RW8YEZ9D,Care Esthetics Fargo,58104,"Prairie Rose, ND 58104, USA",46.786602,-96.830673,care.esthetics.fargo@gmail.com,Care.esthetics.fargo@gmail.com,3203042386,3203042386,3306 Sheyenne st,West Fargo,ND,58078,US,5675 26th Ave S,116,Fargo,ND,US,58104,https://linktr.ee/careestheticsfargo,no,partner,1,6,no,no,163.50103176451148
FA5JRBGN,Aura Aesthetics + Hydration,58078,"Riverside, ND 58078, USA",46.86673,-96.954308,aura.aesthetics.nd@gmail.com,aura.aesthetics.nd@gmail.com,7013070890,7013070890,7014 2nd St NE ,Carrington,ND,58421,US,740 4th ave south,,carrington,ND,US,58078,,no,partner,1,6,no,no,173.33887583472188
7RWBR3Q9,Evergreen Aesthetics ,55723,"Cook, MN 55723, USA",47.842434,-93.027992,info@evergreenaestheticsmn.com,info@evergreenaestheticsmn.com,2186668670,2186668670,1817 Hwy 53,Cook,MN,55723,US,1817 us 53,,Cook,MN,US,55723,https://evergreenaestheticsmn.com/,no,partner,1,6,yes,no,175.92163446746645
VXAC2ASU,"Med Aesthetics, LLC",55301,"Albertville, MN 55301, USA",45.249928,-93.671165,medaestheticsmn@gmail.com,medaestheticsmn@gmail.com,3207613461,3207613461,8255 173rd Ave SE,Becker,MN,55308,US,6597 laketowne pl,unit c,albertville,MN,US,55301,https://linktr.ee/medaestheticsmn,no,partner,1,6,no,no,182.24492294677395
H9G1XINK,Luminesque Aesthetics,55811,"Hermantown, MN 55811, USA",46.822094,-92.186569,chad@luminesque.net,chad@luminesque.net,2183414186,2183414186,5008 Matterhorn Dr.,Duluth,MN,55811,US,5008 Matterhorn Dr.,,Duluth,MN,US,55811,,no,no_tier,0,99,no,no,190.59937620234484
IKQMI6D9,Alluma Aesthetics PLLC,55340,"Hamel, MN 55340, USA",45.074871,-93.577271,clinic@allumaderm.com,clinic@allumaderm.com,7634459040,7634459040,922 Highway 55,Medina,MN,55340,US,922 Highway 55,Suite 300,Medina,MN,US,55340,,no,no_tier,0,99,no,no,203.0016720580472
4SZU9Y3H,Skin Savvy Advanced Aesthetics,55305,"Minnetonka, MN 55305, USA",44.957939,-93.430756,jill@skinsavvymn.com,jill@skinsavvymn.com,7632203737,7632203737,12450 wayzata Blvd,Minnetonka,MN,55305,US,12450 wayzta Blvd,Suite 223,Minnetonka,MN,US,55305,https://www.skinsavvymn.com/,no,partner,1,6,yes,no,219.6719152593424
RX7UK9AZ,St. Croix Falls Eye Associates,54024,"St Croix Falls, WI 54024, USA",45.402424,-92.557938,mhaaf2530@gmail.com,mhaaf2530@gmail.com,7154833259,7154833259,135 S Washington St,St. Croix Falls,WI,54024,US,135 South Washington,135 South Washington,St. Croix Falls,WI,US,54024,https://stcroixfalleyes.com/,no,partner,1,6,no,no,220.73230267262045
C8DU4GP9,The Luxen Collective		,55401,"Minneapolis, MN 55401, USA",44.983654,-93.269356,theluxencollective@gmail.com,theluxencollective@gmail.com,7013887162,7013887162,90 2nd Ave N ,Minneapolis,MN,55401,US,90 2nd Ave N,Suite 10,Minneapolis,MN,US,55401,https://theluxencollective.com/,no,partner,1,6,yes,no,222.97585897900245
75PWRT8M,The Dermatory,55110,"Vadnais Heights, MN 55110, USA",45.09116,-93.011246,ad.thedermatory@gmail.com,ad.thedermatory@gmail.com,6512007162,6512007162,4701 Clark Ave ,White Bear Lake,MN,55110,US,4701 Clark Ave,1B,White Bear Lake,MN,US,55110,https://thedermatory.com/,no,partner,1,6,no,no,223.54211552615837
EKYRHBS8,Laura Seaboy Aesthetics,55408,"Minneapolis, MN 55408, USA",44.947979,-93.293579,laurasgotmail@yahoo.com,laurasgotmail@yahoo.com,7632193151,6125455255,4000 Overlook Drive,Minneapolis,MN,55437,US,614 W Lake St #4,,Minneapolis,MN,US,55408,http://www.lauraduvallmakeupartistry.com/,no,partner,1,6,no,no,225.55173902384772
LTY4ZKE7,"Minnesota Women's Care, P.A.",55109,"North St Paul, MN 55109, USA",45.015553,-93.043526,msamuelenas@mnwcare.com,astevens@mnwcare.com,6514614770,6516003035,2603 White Bear Avenue North,Maplewood,MN,55109,US,2603 White Bear Avenue,,Maplewood,MN,US,55109,https://mnwcare.com/,no,silver,3,4,no,no,229.09794654306089
V3GF88BG,Skin Artisans at Edina Plastic Surgery,55435,"Minneapolis, MN 55435, USA",44.872143,-93.333855,michele@skinartisans.com,michele@skinartisans.com,9527673163,9527673163,6525 France Ave S #305,Edina,MN,55435,US,6525 France Ave S #305,,Minneapolis,MN,US,55435,https://skinartisans.com/,no,bronze,2,5,no,no,231.5972505048728
BTPQC9Q9,Innovative Directions in Health,55435,"Bloomington, MN 55435, USA",44.872143,-93.333855,lisa@idinhealth.com,lisa@idinhealth.com,9529222345,9529222345,7550 France  Avenue South,Edina,MN,55435,US,7550 France  Avenue South,Suite 215,Edina,MN,US,55435,https://idinhealth.com/,no,bronze,2,5,yes,no,231.5972505048728
rQcwmKvq,Skin Remedy,65018,"California, MO 65018, USA",38.604122,-92.559418,skinremedyllc@gmail.com,skinremedyllc@gmail.com,5738211836,5738211836,200 N Marshall St.,California,MO,65018,US,1116 S Oak St,Suite 300,California,MO,US,65018,http://skinremedy.co/,no,partner,1,6,yes,no,95.36810016775236
FTJMGH8D,Dellay Aging,63025,"Crescent, MO 63025, USA",38.504379,-90.620415,dellayaging@gmail.com,dellayaging@gmail.com,6365794800,6365794800,300 West 4th Street,Eureka,MO,63025,US,300 West 4th Street,Suite F,Eureka,MO,US,63025,http://www.dellayaging.com,no,partner,1,6,no,no,121.66330541218706
NYF74GSK,"Simply Bella Aesthetics, Skin Deep, LLC.",63367,"Lake St Louis, MO 63367, USA",38.786556,-90.781807,luvablekris@gmail.com,simplybellamanager@gmail.com,6363995266,6363995266,21 Meadows Circle Dr Suite 324,Lake St Louis,MO,63367,US,21 Meadow Circle Drive,Suite 324,Lake St. Louis,MO,US,63367,https://www.simplybellaaesthetics.com/,no,partner,1,6,no,no,129.3765896333549
ETW3L3XE,"Polished Glow Aesthetics with Kili, LLC",63385,"Wentzville, MO 63385, USA",38.83839,-90.84845,polishedgloaesthetics@gmail.com,polishedgloaesthetics@gmail.com,6366558224,6366558224,516 W Pearce Blvd,Wentzville,MO,63385,US,516 W Pearce Blvd,1343,Wentzville,MO,US,63385,https://justglostl.com/,no,partner,1,7,no,no,129.57831075290616
NT5JEVEV,Glo With Ashley,63019,"Crystal City, MO 63019, USA",38.226315,-90.379547,glowithashleynp@gmail.com,glowithashleynp@gmail.com,3146078781,3146078781,13560 Saddle Creek Rd,De Soto,MO,63020,US,508 N Truman Blvd,F,Crystal City,MO,US,63019,https://glowithashleynp.wixsite.com/glowithashley,no,partner,1,6,no,no,130.38396608809114
X6SV62MQ,Illume Aesthetics,63304,"St Peters, MO 63304, USA",38.703602,-90.648849,illume.rebecca@gmail.com,illume.rebecca@gmail.com,6366757991,6366757991,5344 Highway N,Cottleville,MO,63304,US,5230 Highway N,,Cottleville,MO,US,63304,https://www.prettyfaces.org/,no,partner,1,6,yes,no,131.92722455001797
VC8QKDAH,Ali's LLC,63304,"St Peters, MO 63304, USA",38.703602,-90.648849,alison.ball@mercy.net,alison.ball@mercy.net,6367554400,6367554400,4310 Towers Rd,St Charles,MO,63304,US,4310 Towers Rd,,St Charles,MO,US,63304,,no,partner,1,6,no,no,131.92722455001797
WPGFFAZZ,Salon Meraki,63010,"Arnold, MO 63010, USA",38.431717,-90.403091,salonmerakistl@gmail.com,salonmerakistl@gmail.com,3144025114,3144025114,862 Arnold Commons Drive,Arnold,MO,63010,US,862 Arnold Commons Drive,,Arnold,MO,US,63010,https://kubiti.blog/hairstyles/?q=salon+meraki,no,partner,1,7,no,no,135.2374874404045
FBJ6CLYV,"Evora, LLC",63141,"Creve Coeur, MO 63141, USA",38.662495,-90.478546,chloe@evorawomen.com,chloe@evorawomen.com,3149340551,3149340551,1208 S. McKnight Road,St. Louis,MO,63117,US,845 New Ballas Ct.,STE 310,Creve Coeur,MO,US,63141,http://evorawoman.com,no,partner,1,6,no,no,141.30777714054872
WH7F55TN,So Natural & Osiris Medical Spa,63141,"Creve Coeur, MO 63141, USA",38.662495,-90.478546,accountsreceivable@sonaturalinstitute.com,accountsreceivable@sonaturalinstitute.com,3147865434,3147865434,664 N New Ballas Rd,Saint Louis,MO,63141,US,664 N New Ballas Rd,,Creve Coeur,MO,US,63141,https://www.sonaturalinstitute.com/,no,partner,1,6,yes,no,141.30777714054872
PMH43VHS,Elemental Esthetics,63141,"Creve Coeur, MO 63141, USA",38.662495,-90.478546,frontdesk@elementalesthetics.com,frontdesk@elementalesthetics.com,3142796069,3142796069,2811 Park Valley ,St. Peters,MO,63376,US,11605 Studt Ave.,Suite 120,St. Louis,MO,US,63141,http://elementalesthetics.com,no,partner,1,6,no,no,141.30777714054872
9XQWMHUD,Elysian Aesthetics and Wellness,63144,"St. Louis, MO 63144, USA",38.615746,-90.351303,info@elysianaestheticsstl.com,info@elysianaestheticsstl.com,3146954925,3146954925,9012 Manchester Rd,St. Louis,MO,63144,US,9012 Manchester Rd,,St Louis,MO,US,63144,https://www.elysianaestheticsstl.com/,no,partner,1,6,yes,no,148.1320782685452
ZNFCCUSR,St. Louis Dermatology,63105,"Clayton, MO 63105, USA",38.644653,-90.330132,admin@stlouisdermcenter.com,admin@stlouisdermcenter.com,3144740114,3144740114,8000 Maryland Ave,St Louis,MO,63105,US,8000 Maryland Ave,Suite 760,Clayton,MT,US,63105,https://www.stlouisdermcenter.com/,no,partner,1,7,no,no,151.3048480464481
4B6PK6WJ,"Pretty Please Aesthetics, LLC",82609,"Bar Nunn, WY 82609, USA",42.768574,-106.181618,prettypleaseaesthetics@gmail.com,prettypleaseaesthetics@gmail.com,3072598409,3072598409,6000 E 2nd St,Casper,WY,82609,US,6000 E 2nd St,Suite N,Casper,WY,US,82609,http://prettypleaseaestheticswyo.com,no,bronze,3,5,no,no,563.4634604516841
2X3R6DPV,Mosaic Medicine,57702,"Silver City, SD 57702, USA",44.021984,-103.404945,alexia.gillen@gmail.com,alexia.gillen@gmail.com,6055037020,6055037020,3401 Wonderland Drive,Rapid City,SD,57702,US,2800 Jackson Blvd suite 2,,Rapid City,SD,US,57702,https://www.mymosaicmedicine.com/,no,partner,1,6,yes,no,628.5666125722965
NM2K79VE,Chadron Aesthetics,69337,"Chadron, NE 69337, USA",42.830132,-102.897507,chadronaesthetics@gmail.com,Chadronaesthetics@gmail.com,3084324441,3084324441,825 Centennial Dr,Chadron,NE,69337,US,825 Centennial Dr,,Chadron,NE,US,69337,https://www.chadronaesthetics.com/,no,bronze,3,5,yes,no,288.2250516129964
KEWW9YAG,Studio 52 Beauty Bar,80642,"Hudson, CO 80642, USA",40.04554,-104.63546,hairbykkay@gmail.com,hairbykkay@gmail.com,7207648052,7207648052,PO Box 812,Hudson,CO,80642,US,614 cedar st.,,Hudson,CO,US,80642,http://studio52beautybar.com/,no,partner,1,6,no,no,429.80494309231005
7RCEWX6W,Watertown Family Eyecare,57201,"Waverly, SD 57201, USA",44.966648,-97.09552,jillpownell@gmail.com,jillpownell@gmail.com,6057533937,6057533937,25 19th Street NE,Watertown,SD,57201,US,25 19th Street NE,,Watertown,SD,US,57201,http://www.watertownfamilyeyecare.net/,no,partner,1,6,no,no,448.1739242115436
8DVQGYQT,Tailored Aesthetics and Wellness,84770,"St. George, UT 84770, USA",37.196339,-113.596657,contactus@tailoredtox.com,contactus@tailoredtox.com,4356685643,4356685643,640 E 700 ,Saint George,UT,84770,US,640 E 700,Suite 10c,Saint George,UT,US,84770,http://tailoredtox.com/,no,partner,1,6,yes,no,305.0583907047387
L9D58KZP,"Woo Me, LLC",89523,"Reno, NV 89523, USA",39.544483,-119.950928,swarnett5@gmail.com,swarnett5@gmail.com,7758462218,7758462218,7230 Silver King Drive,Sparks,NV,89436,US,9710 S McCarren Blvd,,Reno,NV,US,89523,,no,no_tier,0,99,no,no,315.3802941633712
LCZOODAY,Richland Aesthetics Las Vegas,89118,"Las Vegas, NV 89118, USA",36.080967,-115.224487,A.Copenhaver@RichlandAesthetics.com,A.Copenhaver@RichlandAesthetics.com,7029919473,7029919473,914 Chesnut Place,Newport Beach,CA,92660,US,"6345 South Rainbow Boulevard, South Rainbow Boulevard",Suite 104,Spring Valley,NV,US,89118,https://richlandaesthetics.com/,no,partner,1,6,no,no,320.4823972794228
CWU9VY4J,Perspectives Plastic Surgery,89113,"Las Vegas, NV 89113, USA",36.056377,-115.265976,karah@perspectivesplasticsurgery.com,karah@perspectivesplasticsurgery.com,7023595462,7023595462,5864 S Durgano Dr,Las Vegas,NV,89113,US,5770 S Durango Dr #100,,Las Vegas,NV,US,89113,https://www.perspectivesplasticsurgery.com/,no,partner,1,6,no,no,321.89394200487106
ZHWDHWMD,Paul Deramo Plastic Surgery,84604,"Provo, UT 84604, USA",40.258034,-111.667931,pjderamo@gmail.com,pjderamo@gmail.com,8013749625,8013749625,3550 N University Ave,Provo,UT,84604,US,3550 N. University Avenue,Ste 250,Provo,UT,US,84604,https://www.deramoplasticsurgery.com/,no,bronze,3,5,yes,no,438.38462820450405
D6JVQSXA,Pure Bliss Aesthetics,01602,"Worcester, MA 01602, USA",42.270458,-71.851204,jvasil91@gmail.com,jvasil91@gmail.com,7742624265,7812624265,1100A Pleasant Street,Worcester,MA,01602,US,"1100A Pleasant Street,",,Worcester,MA,US,01602,https://botoxbliss.com/,no,partner,1,6,yes,no,105.17117291023104
3ZFFEPDR,LG Aesthetica (Dr. Leila Grayson),07719,"Lake Como, NJ 07719, USA",40.164223,-74.08876,lgaesthetica@gmail.com,lgaesthetica@gmail.com,7326810001,7326810001,3350 State Highway 138,Wall Township,NJ,07719,US,3350 State Highway 138,Suite 118,Wall Township,NJ,US,07719,https://lgaesthetica.com/,no,partner,1,6,no,no,29.409848171914533
KYJYEQFY,Medical Aesthetics Of Monroe,08831,"Jamesburg, NJ 08831, USA",40.336288,-74.432983,sophia_rizvi@yahoo.com,SOPHIA_RIZVI@YAHOO.COM,7326724482,7326724482,111 Union Valley Rd #202,Monroe Township,NJ,08831,US,111 Union Valley Road,#202,Monroe Township,NJ,US,08831,http://www.medicalaestheticsofmonroe.com/,no,partner,1,6,no,no,30.995181646033704
SCZZ63M9,Cristina Ignacio,08831,"Monroe Township, NJ 08831, USA",40.336288,-74.432983,tinignaciomd@yahoo.com,tinignaciomd@yahoo.com,6168089644,6168089644,3 Emily Ct,Monroe,NJ,08831,US,3 Emily Ct,,Monroe,NJ,US,08831,,no,bronze,3,5,yes,no,30.995181646033704
2L5BFT24,Monroe Eye Care,08831,"Jamesburg, NJ 08831, USA",40.336288,-74.432983,jess@monroeeyecarenj.com,monroeeyecarenj@gmail.com,6092359770,6092359770,1600 Perrineville Rd,Monroe Township,NJ,08831,US,1600 Perrineville Rd,Suite 55,Monroe TWNSHP,NJ,US,08831,https://monroeeyecarenj.com/,no,partner,1,6,no,no,30.995181646033704
fkChQvGX,Radiant by MD,07751,"Morganville, NJ 07751, USA",40.366638,-74.253143,admin@radiantbymd.com,admin@radiantbymd.com,7323130831,7323130831,25 Kilmer Drive,Morganville,NJ,07751,US,25 Kilmer Dr,Building 3 Suite 211,Morganville,NJ,US,07751,https://www.radiantbymd.com/,no,partner,1,6,yes,no,36.64757648470817
ULfpE6Mk,Dr. G Anti-Aging Practice,08857,"Old Bridge, NJ 08857, USA",40.387989,-74.335289,admin@drgantiaging.com,admin@drgantiaging.com,7327614870,7327614870,130 Round Hill Drive,Freehold,NJ,07728,US,3813 US-9 North,,Oldbridge,NJ,US,08857,https://drgantiaging.com/,no,partner,1,6,yes,no,37.140727982501126
9ZFRV84H,SOULMEDICA,08648,"Trenton, NJ 08648, USA",40.291298,-74.722,info@soulmedicaspa.com,info@soulmedicaspa.com,6096354917,6096354917,26 Winnipeg ln,Lawrenceville,NJ,08648,US,25 Texas Ave,,Lawrenceville,NJ,US,08648,https://www.soulmedicaspa.com/,no,partner,1,6,yes,no,37.32887710121241
4EFEQB6V,An Eye to the Future,07747,"Matawan, NJ 07747, USA",40.403172,-74.229668,matawaneyecare@gmail.com,matawaneyecare@gmail.com,7325839797,7325839797,935 Highway 34,Matawan,NJ,07747,US,935 Highway 34,Suite 1A,Matwan,NJ,US,07747,https://www.aneyetothefuture.com/,no,partner,1,6,yes,no,41.15299752615363
aJTzjMBO,The Aesthetic Bar,07747,"Aberdeen Township, NJ 07747, USA",40.403172,-74.229668,aestheticbarnj@gmail.com,aestheticbarnj@gmail.com,7323789353,7323789353,9 Cloverhill Lane,Freehold,NJ,07728,US,259 Broad Street,Suite 107,Matawan,NJ,US,07747,https://www.aestheticbarnj.com/,no,partner,1,6,yes,no,41.15299752615363
38MUTGEQ,Princeton Eye Group,08540,"Princeton, NJ 08540, USA",40.381531,-74.651756,dvigilotti@princetoneyegroup.com,dvigilotti@princetoneyegroup.com,6099219437,6099219437,419 N Harrison Street,Princeton,NJ,08540,US,419 N Harrison Street,,Princeton,NJ,US,08540,http://princetoneyegroup.com/,no,partner,1,6,no,no,41.57150265498715
V5UY4A6W,"Bella Mobile Aesthetics, LLC",19067,"Morrisville, PA 19067, USA",40.218658,-74.850716,bellamobileaesthetics@gmail.com,BELLAMOBILEAESTHETICS@GMAIL.COM,2158280040,2158280040,301 N Oxford Valley Road,Yardley,PA,19067,US,301 Oxford Valley Road,Suite 801b,Yardley,PA,US,19067,https://www.bellamobileaesthetics.com/,no,partner,1,6,yes,no,41.8229940290423
YT97TBZT,SKINREMEDY,07701,"Tinton Falls, NJ 07701, USA",40.363541,-74.08876,melissacaporalele@gmail.com,SKINREMEDYNJ@gmail.com,7327847922,9739064048,130 Maple Ave,Red Bank,NJ,07701,US,130 Maple Ave,3C-A,Red Bank,NJ,US,07701,https://linktr.ee/SKINREMEDY,no,bronze,2,5,yes,no,43.31242981415439
Z9E5NSWH,Plastic Surgery Associates of NJ,08534,"Pennington, NJ 08534, USA",40.320694,-74.792221,tlubelli-lucash@capitalhealth.org,tlubelli-lucash@capitalhealth.org,6095375023,6095375023,2 capital way,pennington,NJ,08534,US,2 capital way,Suite 505,pennington,NJ,US,08534,,no,partner,1,6,no,no,43.923833056561286
6JyUVf0I,Serenity Medical Spa ,08534,"Pennington, NJ 08534, USA",40.320694,-74.792221,info@serenitynj.com,info@serenitynj.com,6097377737,6097377737,2425 Pennington Road,Pennington,NJ,08534,US,2425 Pennington Road,Suite 100,Pennington,NJ,US,08534,https://www.serenitynj.com/,no,partner,1,6,yes,no,43.923833056561286
C79J5TQZ,Sony Wellness clinic LLC,08840,"Metuchen, NJ 08840, USA",40.546116,-74.364609,sonywellnessclinic@gmail.com,sonywellnessclinic@gmail.com,7323186005,7323186005,11 Pavlocak Ct,Edison,NJ,08820-4426,US,328 Amboy Ave,Suite C,Metuchen,NJ,US,08840,https://www.sonywellnessclinic.com/,no,no_tier,0,99,no,no,54.35149021914525
GWHFVBZQ,La Bella Vita On Main,18938,"New Hope, PA 18938, USA",40.357155,-74.991013,labellavita23@yahoo.com,labellavita23@yahoo.com,2672216317,2672216317,42 N Main St,New Hope,PA,18938,US,42 N Main Street,,New Hope,PA,US,18938,https://www.labellavitanewhope.com/,no,partner,1,6,no,no,59.791401356809736
2VK2R4FD,"Time Undone Medspa, PC",18976,"Warrington, PA 18976, USA",40.247269,-75.14286,timeundonemedspa@gmail.com,Timeundonemedspa@gmail.com,4844080840,4844080840,1109 North Main St,Warrington ,PA,18976,US,1109 North Main St,2nd Fl Suite 307,Warrington,PA,US,18976,https://timeundonemedspa.com/,no,partner,1,6,no,no,66.08243777657307
LJU8AL8S,Seamless Skin M.D.,87501,"Pojoaque, NM 87501, USA",35.713543,-105.840775,debora@seamlessskinmd.com,contact@seamlessskinmd.com,5057720185,5057720185,308 N Guadalupe St,Sante Fe,NM,87501,US,8323880508,,Santa Fe,NM,US,87501,https://seamlessskinmd.com/,no,partner,1,6,yes,no,110.28045141182734
D2XZBMWU,Look Rejuvenated Med Spa,87102,"Albuquerque, NM 87102, USA",35.084888,-106.646812,lookrejuvenatedmedspa@gmail.com,lookrejuvenatedmedspa@gmail.com,9154941278,9154941278,717 Encino Pl NE,Albuquerque,NM,87102,US,717 Encino Pl NE,Suite 2,Albuquerque,NM,US,87102,https://lookrejuvenatedmedspa.com/,no,partner,1,6,no,no,147.52728083363797
EE3HPJ9W,The Pretty Bus LLC,79754,"Mentone, TX 79754, USA",31.81881,-103.659424,theprettybus@gmail.com,theprettybus@gmail.com,5053305933,5053305933,1507 s Gary Ave,Monahans,TX,79756,US,1046 S. Poplar St.,,Kermit,TX,US,79754,https://theprettybus.wixsite.com/the-pretty-bus,no,partner,1,6,yes,no,373.1294374343507
L5reZy8g,"Subtle Solutions, LLC ",79707,"Midland, TX 79707, USA",32.05558,-102.231903,angie.the.np@gmail.com,angie.the.np@gmail.com,4694268058,4694268058,5028 Mira Vista Circle,Midland,TX,79705,US,4400 N Midland Dr,Suite 2800,Midland,TX,US,79707,https://www.instagram.com/angie_the_np/,no,partner,1,6,yes,no,415.43355796276205
NWPUVHAL,Quality Medical Clinic LLC,80909,"Colorado Springs, CO 80909, USA",38.856091,-104.781265,quality.medicalcos@gmail.com,quality.medicalcos@gmail.com,7196384548,7196384548,3604 Galley Rd ,Colorado Springs,CO,80909,US,3604 Galley Road,Ste 201,Colorado Springs,CO,US,80909,https://qualitymedicalcos.com/,no,partner,1,6,no,no,432.38504856258
NZ2HB9RN,Tribeca Park Dermatology,10013,"Canal Street, NY 10013, USA",40.721786,-74.009445,allison@triparkderm.com,allison@triparkderm.com,5747033973,5747033973,30-32 Ericsson Place,New York,NY,10013,US,30-32 Ericsson Place,,New York,NY,US,10013,http://www.triparkderm.com/,no,partner,1,7,no,no,1.0438591154995374
Q6HRFMGP,Park Avenue Optometry PLLC,10010,"New York, NY 10010, USA",40.738831,-73.981537,kdodaj21@gmail.com,kdodaj21@gmail.com,3323452363,3323452363,287 Park Avenue South,New York,NY,10010,US,287 Park Avenue South,,New York,NY,US,10010,https://www.eyesonparkave.com/,no,partner,1,6,no,no,3.5544286433458705
JF4KKFRQ,"Nicole Y Lee, MD, MPH, PLLC",10010,"New York, NY 10010, USA",40.738831,-73.981537,thanda83@gmail.com,thanda83@gmail.com,5168290050,5168290050,77 W 24th Street ,New York,NY,10010,US,77 W 24th Street,,New York,BDS,US,10010,https://wessondermatology.com/,no,partner,1,6,no,no,3.5544286433458705
V5NFOI86,Skinn by Kjo,07030,"Hoboken, NJ 07030, USA",40.744053,-74.027077,skinnbykjo@gmail.com,skinnbykjo@gmail.com,2019054256,2019054256,148 union ave,Rutherford,NJ,07070,US,720 Monroe Street,E520,Hoboken,NJ,US,07030,https://www.skinnbykjo.com/,no,no_tier,0,99,no,no,3.906173525726395
54T7P4HH,Eviaesthetics,10018,"New York, NY 10018, USA",40.755322,-73.993286,eviananomd@gmail.com,eviananomd@gmail.com,6465153703,6465153703,65W 36th Street,New York,NY,10018,US,65W 36th Street,10th Floor,New York,NY,US,10018,https://www.eviaesthetics.com/,no,bronze,2,5,yes,no,4.850171966164546
F25GKCKT,Hudson Dermatology and Laser Surgery,10018,"New York, NY 10018, USA",40.755322,-73.993286,tamara.lazic@gmail.com,admin@hudsondermlaser.com,9179709100,9179709100,483 10th Ave ,New York,NY,10018,US,483 10th Ave,Suite 310,New York,NY,US,10018,https://linkr.bio/drlazic,no,partner,1,6,no,no,4.850171966164546
X23V5RVQ,Sunrx Optical Inc,11222,"Brooklyn, NY 11222, USA",40.728271,-73.950676,vlad5873@aol.com,vlad5873@aol.com,7183498313,7183498313,764 Manhattan ave,Brooklyn,NY,11222,US,764 Manhattan ave,,Brooklyn,NY,US,11222,,no,no_tier,0,99,no,no,4.968472470386973
LTAVYU5V,Berry Blonde Spa,10065,"New York, NY 10065, USA",40.764523,-73.962433,admberryblondespa@gmail.com,hello@berryblondespa.com,9174467720,91744677209174467720,767 Lexington Ave,New York,NY,10065,US,767 Lexington Ave,Suite 402,New York,NY,US,10065,,no,partner,1,6,no,no,6.823871462821866
UTM7Z2X4,Karina Miller Aesthetics,10023,"New York, NY 10023, USA",40.776905,-73.980064,karinamilleraesthetics@gmail.com,karinamilleraesthetics@gmail.com,6467842041,6467842041,201 W 92nd St,New York,NY,10025,US,133 W 72nd St,# 604,New York,NY,US,10023,https://www.karinamilleraesthetics.com/,no,partner,1,6,no,no,7.457439265007057
NCVUQ7PV,DDSKINCARE LLC,10021,"New York, NY 10021, USA",40.770069,-73.958023,PATIENTCOORDINATOR@DRDORISDAY.COM,PATIENTCOORDINATOR@DRDORISDAY.COM,2127720740,2127720740,10 E 70th St,New York,NY,10021,US,10 E 70th St,1C,New York,NY,US,10021,https://dorisdaymd.com/,no,rose_gold,6,2,no,no,7.543582234452621
8FTPJ74P,NY Laser & Skin Care,10028,"New York, NY 10028, USA",40.776642,-73.952148,info@nylaserskincare.com,info@nylaserskincare.com,2122499440,2122499440,1044 Fifth Avenue,New York,NY,10028,US,1044 Fifth Avenue,,New York,NY,US,10028,https://nylaserskincare.com/,no,partner,1,6,no,no,8.425767182719682
MFJZGFUZ,Skinfluence,10028,"New York, NY 10028, USA",40.776642,-73.952148,peredomd@gmail.com,Christinacconti@gmail.com,6318380094,6318380094,1047 Park Ave,New York,NY,10028,US,1047 Park Ave,,New York,NY,US,10028,https://www.skinfluencenyc.com/,no,partner,1,6,no,no,8.425767182719682
DLXXGMG8,Fabi Medical Aesthetics,11372,"Jackson Heights, NY 11372, USA",40.752792,-73.880127,mfabisevich@yahoo.com,MFABISEVICH@YAHOO.COM,3478026162,3478026162,79-09 Northern Blvd,Jackson Heights,NY,11372,US,79-9 Northern Blvd,,Jackson Heights,NY,US,11372,https://fabiaesthetics.com/,no,partner,1,7,no,no,11.499432869247652
9H7QHX55,Monique NP Family Health PLLC,10304,"Staten Island, NY 10304, USA",40.604736,-74.091698,moniquedatnova@gmail.com,moniquedatnova@gmail.com,7185027953,7185027953,1039 Richmond Rd,Staten Island,NY,10304,US,1039 Richmond RD,,Staten Island,NY,US,10304,https://www.manushkaaesthetics.com/,no,partner,1,7,yes,no,14.02176544301457
9C43MARD,Sugar Esthetics By Nims,10033,"New York, NY 10033, USA",40.855778,-73.944801,nims@sugarestheticsbynims.com,nims@sugarestheticsbynims.com,5169047603,5169047603,831 W 181st St,New York,NY,10033,US,831 W 181st St,,New York,NY,US,10033,https://www.sugarestheticsbynims.com/home,no,partner,1,6,yes,no,16.714377667221093
OQsNaXfZ,Herasme Beauty,07631,"Englewood, NJ 07631, USA",40.887489,-73.977127,michelle.herasme@gmail.com,michelle.herasme@gmail.com,5513460204,5513460204,125 Druid Ave,Dumont,NJ,07628,US,20 Nordhoff Pl,Suite 07,Englewood,NJ,US,07631,https://www.herasmebeauty.com/,no,partner,1,6,yes,no,19.578412225774745
HUS8VAND,Angel Skin,07601,"Hackensack, NJ 07601, USA",40.887627,-74.047638,lubal68@hotmail.com,LubaL68@hotmail.com,2018749498,2018749498,628 Omaha Way,Franklin Lakes,NJ,07417,US,277 Prospect Avenue,#2B,Hackensack,NJ,US,07601,http://www.angelskinnyc.com,no,partner,1,6,no,no,19.75631820392868
XGP6NWDK,DELAJ HAIR INC,10463,"Bronx, NY 10463, USA",40.880325,-73.909531,delajhair@gmail.com,Delajhair@gmail.com,9176606027,9176606027,3545 Riverdale Ave,Bronx,NY,10463,US,3545 Riverdale Ave,,Bronx,NY,US,10463,http://www.studiodelaj.com/,no,partner,1,6,no,no,20.322622393991757
HTQA6NWY,Eye Care and Wear,07043,"Upper Montclair, NJ 07043, USA",40.840054,-74.200325,staff@eyecareandwear.com,staff@eyecareandwear.com,9737075255,9737075255,211 Bellevue ave,Montclair,NJ,07043,US,211 Bellevue Ave,,Montclair,NJ,US,07043,http://www.eyecareandwear.com/,no,partner,1,6,yes,no,21.63600260651905
6OWLALD0,Ferrer Garcia Eyecare,07011,"Clifton, NJ 07011, USA",40.881157,-74.141609,ferrergarciaeyecare@gmail.com,ferrergarciaeyecare@gmail.com,9734722828,9734722828,1160 Main Ave,Clifton,NJ,07011,US,1160 Main Ave,,Clifton,NJ,US,07011,,no,no_tier,0,99,no,no,21.929802859617432
D79LKQ6C,Skin Wellness Dermatology Associates,27713,"Durham, NC 27713, USA",35.890232,-78.917511,bajacksonmd@gmail.com,manager@skinwellnessdermatology.com,9192949440,9192949440,5007 Southpark Drive,Durham,NC,27713,US,5007 Southpark Drive,Suite 100,Durham,NC,US,27713,https://skinwellnessdermatology.com/,no,partner,1,6,no,no,17.184227353401294
N6HQC8YN,Skynn MD PLLC,27540,"Holly Springs, NC 27540, USA",35.625134,-78.849586,namirahealth@gmail.com,namirahealth@gmail.com,9193229865,9193229865,1140 Holly Springs Rd,Holly Springs,NC,27540,US,1140 Holly Springs Rd,,Holly Springs,NC,US,27540,https://skynnmd.com/,no,partner,1,6,yes,no,21.409620114309668
A2UE7Z62,La Fleur Aesthetics PLLC,27540,"Holly Springs, NC 27540, USA",35.625134,-78.849586,kirsten.lafleuraesthetics@gmail.com,kirsten.lafleuraesthetics@gmail.com,9192299662,9192299662,314 Raleigh St,Holly Springs,NC,27540,US,314 Raleigh Street,,Holly Springs,NC,US,27540,https://lafleuraesthetics.com/,no,partner,1,6,yes,no,21.409620114309668
HJSQZAS9,Sohi Eye Care  OD PA,27609,"Raleigh, NC 27609, USA",35.840923,-78.622849,Sohieyecare3901@gmail.com,Sohi2020@gmail.com,9198721648,9198721648,4400 Falls of Neuse Rd,Raleigh,NC,27609,US,4400 Falls of Neuse Rd,Suite 100,Raleigh,NC,US,27609,https://www.sohieyecare.com/,no,partner,1,6,no,no,36.88071937751472
X9H3BFH5,"Dove Youthology Aesthetic Institute, PLLC",27302,"Mebane, NC 27302, USA",36.105145,-79.26767,khdove@dyainstitute.com,khdove@dyainstitute.com,7044538232,7044538232,902 Avalon Drive,Mebane,NC,27302,US,902 Avalon Drive,,Mebane,AL,US,27302,http://www.dyainstitute.com/,no,no_tier,0,99,no,no,44.45890724192888
PHCD9HJF,"Pure Allure Aesthetics, PLLC",27587,"Wake Forest, NC 27587, USA",35.998962,-78.588799,Karlin@pureallure.me,Karlin@pureallure.me,9197200467,9197200467,12335 Wake Union Church Road,Wake Forest ,NC,27587,US,12335 Wake Union Church Road,Suite 203,Wake Forest,NC,US,27587,https://www.pureallure.me/home,no,partner,1,7,yes,no,47.04187328397246
TRBMDB5B,Ageless Beauty Med Spa,27012,"Clemmons, NC 27012, USA",35.995396,-80.376999,jennifer.bostick18@gmail.com,Jennifer.Bostick18@gmail.com,3362688673,3362688673,128 Old Dutch Rd,Advance,NC,27006,US,4140 Clemmons Rd,,Clemmons,NC,US,27012,www.agelessbeautync.com,no,partner,1,6,yes,no,125.10369813525648
GZY6JEH7,"Visionary Esthetics, LLC",28144,"Salisbury, NC 28144, USA",35.699997,-80.466026,melaniedenton@gmail.com,melaniedenton@gmail.com,7349450782,7349450782,228 W council Street,Salisbury,NC,28144,US,228 W council Street,,Salisbury,NC,US,28144,https://www.visionaryesthetics.com/,no,partner,1,6,yes,no,130.756403947425
2QVNNU4R,Salon Posh Aesthetics,24055,"Bassett, VA 24055, USA",36.757805,-79.997589,lmichellerakes@gmail.com,lmichellerakes@gmail.com,2762526463,2762526463,1851 Daniels Creek Road,Collinsville,VA,24055,US,1851 Daniels Creek Rd,,Collinsville,VA,US,24055,http://salonposhaesthetics.com/,no,partner,1,6,no,no,141.47102224495012
BZH88G83,S&N Aesthetics,28025,"Concord, NC 28025, USA",35.389843,-80.521622,sadiegrier@gmail.com,contact@snaesthetics.com,7042241942,7042241942,4288 Maybrook Ct SW,Concord,NC,28027,US,241 Church Street NE,,Concord,NC,US,28025,,no,partner,1,6,no,no,141.95338022730974
DXR2XZ39,Fancy Face Skin Clinics,33137,"P.O. Box 998, George Town, FL 33137, US",35.334911,-80.783157,sam@samanthawhittaker.com,sam@samanthawhittaker.com,7866457271,3455473878,2045 Biscayne Blvd,Miami,FL,33137,US,3517 Ballston Court,,Charlotte,NC,US,28269,http://fancyfaceskinclinics.com,no,partner,1,6,no,no,166.41658793508623
TKSSJSTB,Mara Keith NP PLLC,28105,"Matthews, NC 28105, USA",35.110558,-80.71035,mara.e.keith@gmail.com,mara.e.keith@gmail.com,8145660245,8145660245,6134 Waters Edge Drive,Midland ,NC,28017,US,10806 Monroe Road,Unit B,Mathews,NC,US,28105,https://www.marasmedspa.com,no,partner,1,6,no,no,169.34910571530892
ZFXP3XMV,The Maxim Clinic- South End,28203,"Charlotte, NC 28203, USA",35.214661,-80.859917,mkharringtonmd@gmail.com,mkharringtonmd@gmail.com,7045759673,7045759673,128 E Park Avenue,Charlotte,NC,28203,US,128 E Park Avenue,Ste A,Charlotte,NC,US,28203,https://www.reviveactiveandaesthetic.com/,no,partner,1,6,yes,no,177.31869930199986
OImVHF0q,Dilworth Facial Plastic Surgery,28203,"Charlotte, NC 28203, USA",35.214661,-80.859917,morgan@dilworthfacialplastics.com,morgan@dilworthfacialplastics.com,9809496544,9809496544,1819 Lyndhurst Ave,Charlotte,NC,28203,US,1819 Lyndhurst Ave,,Charlotte,NC,US,28203,https://www.instagram.com/dilworthfacialplastics/,no,partner,1,6,yes,no,177.31869930199986
I2R8WH10,Ever & Ever Vitality Studio,28203,"Charlotte, NC 28203, USA",35.214661,-80.859917,dzsmuhammad@gmail.com,dzsmuhammad@gmail.com,9803723837,9803723837,9852 Rea Rd,charlotte,NC,28277,US,"3021 Bank St, Suite 100",,Charlotte,NC,US,28203,,no,partner,1,6,no,no,177.31869930199986
3TZDNMQT,Cobb Dermatology and Aesthetics,24501,"Lynchburg, VA 24501, USA",37.359489,-79.120979,kkuk@cobbderm.com,kkuk@cobbderm.com,4345345577,4345345577,2007 Tate Springs Rd,Lynchburg,VA,24501,US,2007 Tate Springs Road,,Lynchburg,VA,US,24501,https://cobbderm.com/,no,partner,1,6,yes,no,178.1337985188324
Wb8DKUd1,"Surface Medspa + Wellness, Beck Aesthetic Surgery",28277,"Charlotte, NC 28277, USA",35.053551,-80.821167,monica@beckaestheticsurgery.com,monica@beckaestheticsurgery.com,7048004642,7048004642,11210 Golf Links Dr N,Charlotte,NC,28277,US,11210 Golf Links Dr N,,Charlotte,NC,US,28277,https://www.beckaestheticsurgery.com/,no,partner,1,6,yes,no,181.19004985288265
wqNnZ1Tu,Dogwood Face & Body,28173,"Waxhaw, NC 28173, USA",34.927456,-80.743614,dogwood.faceandbody@gmail.com,dogwood.faceandbody@gmail.com,7042567027,7042567027,3808 Providence Road South,Waxhaw,NC,28173,US,3808 Providence Road South,,Waxhaw,NC,US,28173,,no,partner,1,6,no,no,181.71342252420567
zSXFxVi5,Carolina Express and Infusion Care,29526,"Conway, SC 29526, USA",33.879669,-78.974075,carolinaexpressandinfusioncare@gmail.com,carolinaexpressandinfusioncare@gmail.com,8434889355,8434889355,1311 Collins Park St,Conway,SC,29526,US,1321 4th Ave,,Conway,SC,US,29526,https://carolinaexpressandinfusioncare.com/,no,partner,1,6,yes,no,209.0760714197647
JQW6NMAR,Medical Associates of Southwest Virginia,24060,"Blacksburg, VA 24060, USA",37.272484,-80.432655,del11chris@yahoo.com,del11chris@yahoo.com,5409513311,5409513311,810 Hospital Drive,Blacksburg,VA,24060,US,810 Hospital Drive,,Blacksburg,VA,US,24060,http://medicalassociatesswva.com,no,partner,1,7,no,no,210.3592724314906
CJVM0Ezl,Avery’s Medspa,58501,"Bismarck, ND 58501, USA",46.824345,-100.659752,averysmedspa@hotmail.com,averysmedspa@hotmail.com,7014266765,7014266765,425 N 5th St,Bismarck,ND,58501,US,"425 N 5th St, Suite 305",,Bismark,ND,US,58501,https://averysmedspa.org/,no,partner,1,6,yes,no,84.89063254822058
RBBB1HUM,Ultimate Relaxation LLC,58401,"Sydney, ND 58401, USA",46.912083,-98.83728,ultimaterelaxationllc2020@gmail.com,ultimaterelaxationllc2020@gmail.com,7012698022,7012698022,8081 34th St SE,Jamestown,ND,58401,US,613 10th St SE,,Jamestown,ND,US,58401,,no,no_tier,0,99,no,no,178.2340059715528
z3SckbEz,Professional Eye Care at Westar,43082,"Westerville, OH 43082, USA",40.162544,-82.896362,kari@westervilleeyedoctor.com,kari@westervilleeyedoctor.com,6148959955,6148959955,584 N State St,Westerville,OH,43082,US,584 N State St,,Westerville,OH,US,43082,https://www.westervilleeyedoctor.com/,no,no_tier,0,99,no,no,28.34075026902013
ST272XND,Glo MD Aesthetics and Wellness,43065,"Shawnee Hills, OH 43065, USA",40.174267,-83.089821,info@glomd.com,info@glomd.com,6146743020,6146743020,74 Clairedan Dr,Powell,OH,43065,US,74 Clairedan Dr,,Powell,OH,US,43065,https://www.glomd.com/,no,partner,1,6,yes,no,31.149643754524156
YMSM36EA,Chris A. Smiley OD and Associates,43235,"Columbus, OH 43235, USA",40.129642,-83.025398,dr.pjpanda@gmail.com,dr.pjpanda@gmail.com,6148802020,6148802020,730 Mt.Airyshire Blvd,Columbus,OH,43235,US,730 Mt. Airyshire Blvd,Ste A,Columbus,OH,US,43235,https://www.visionprofessionals.com/,no,partner,1,7,no,no,33.521584805651045
4Q8OKD8W,"SMADZ Medical Consulting, LLC",43054,"New Albany, OH 43054, USA",40.075687,-82.810196,farhanahasan@ymail.com,farhanahasan@ymail.com,6145583575,6145583575,7379 Milton Court,New Albany,OH,43054,US,5031 Forest Drive S,Suite B,New Albany,OH,US,43054,,no,no_tier,0,99,no,no,38.86466417739906
67LVYPHM,Simply Sculpt LLC,43062,"Pataskala, OH 43062, USA",40.015873,-82.669945,leeannw@simplysculptohio.com,leeannw@simplysculptohio.com,6144487112,6144487112,101 Mill Street,Gahanna,OH,43062,US,101 Mill Street,#210,Gahanna,OH,US,43062,https://simplysculptohio.com/,no,partner,1,7,no,no,48.967876393892375
M0RY9BWK,Oasis at Professional Eye Care,44001,"South Amherst, OH 44001, USA",41.39835,-82.225052,ericmartinod@peceyes.com,ericmartinod@peceyes.com,4402824418,4402824418,421 Berlin Rd.,Huron,OH,44839,US,2268 Kresge Dr.,,Amherst,OH,US,44001,,no,no_tier,0,99,no,no,123.2299054829177
LWJWL2DQ,Just Browsing Skincare & Makeup Services,44116,"Rocky River, OH 44116, USA",41.476822,-81.849754,w.fitos@gmail.com,w.fitos@gmail.com,4403335114,4403335114,20033 Detroit Rd #400,Rocky River,OH,44116,US,20033 Detroit Road,#400,Rocky River,OH,US,44116,https://www.justbrowsingskincareandmakeup.com/,no,partner,1,6,no,no,147.53250495960927
J83JDRP6,Jennifer Greer MD LLC,44060,"Mentor-On-The-Lake, OH 44060, USA",41.690609,-81.31794,info@greerplastics.com,info@greerplastics.com,4409748577,4409748577,6101 Heisley Road,Mentor,OH,44060,US,6101 Heisley Road,,Mentor,OH,US,44060,https://www.instagram.com/GreerPlastics/,no,partner,1,6,yes,no,194.42392319768533
TB4NROZ7,Radi.8 PrimaCare & Medspa,75078,"Prosper, TX 75078, USA",33.24128,-96.802948,radi.8.primacare.medspa@gmail.com,radi.8.primacare.medspa@gmail.com,6262780346,6262780346,4408 Wonderland Dr,Plano,TX,75093,US,2760 W 1st St,Suite 20, Prosper,TX,US,75078,,no,partner,1,6,no,no,198.2267160142044
6jT8cX3y,NTX Medical Clinic,75071,"McKinney, TX 75071, USA",33.250526,-96.631744,manager@ntxmedical.com,buiej.fnp@gmail.com,9722959000,9722959000,1400 N Coit Rd,McKinney,TX,75071,US,1400 N Coit Rd,Ste 2502,Mckinney,TX,US,75071,http://www.ntxmedical.com/,no,partner,1,6,yes,no,199.95016516660868
0c7BhHJa,A Joy Aesthetics,76259,"Ponder, TX 76259, USA",33.211967,-97.319252,amyjoy@ajoyaesthetics.com,amyjoy@ajoyaesthetics.com,2817770749,2817770749,306 US 377,Argyle,TX,76259,US,306 US 377,Suite D5,Argyle,TX,US,76259,https://ajoyaesthetics.com/,no,partner,1,6,no,no,200.76614838655703
2CRJGVHL,"Radiant Beauty and Wellness, LLC",75036,"Frisco, TX 75036, USA",33.144581,-96.891182,lexie056@gmail.com,lexie056@gmail.com,4698030849,4698030849,400 Stonebrook Parkway,Frisco,TX,75036,US,400 Stonebrook Parkway,Suite 405,Frisco,TX,US,75036,https://radiant-beauty-wellness.com/,no,partner,1,6,yes,no,208.00571044800392
WSKRLV35,Beautiful Aesthetics,75036,"Frisco, TX 75036, USA",33.144581,-96.891182,storm@beautifulaesthetics.com,storm@beautifulaesthetics.com,9722201070,9722201070,400 Stonebrook Pkwy,Frisco,TX,75036,US,400 Stonebrook Pkwy,Suite 104,Frisco,TX,US,75036,,no,partner,1,6,no,no,208.00571044800392
K4ERE9VW,RejuVasante,75070,"McKinney, TX 75070, USA",33.159374,-96.680588,thebernalfamily@yahoo.com,thebernalfamily@yahoo.com,2145788425,2145788425,7900 Henneman Way ,McKinney,TX,75070,US,7900 Henneman Way,Ste 200,McKinney,TX,US,75070,,no,partner,1,7,no,no,209.00682364715496
AT6ZAQG7,"EyeQ Vision, PLLC",75034,"Frisco, TX 75034, USA",33.137653,-96.856544,optical@eyeqfrisco.com,optical@eyeqfrisco.com,2147949080,2147949080,8380 Warren Pkwy,Frisco,TX,75034,US,8380 Warren Pkwy,Suite 605,Frisco,TX,US,75034,https://eyeqfrisco.com/,no,partner,1,6,no,no,209.08097695475016
SGH6GG7H,Reforme Wellness,75056,"Lewisville, TX 75056, USA",33.078712,-96.910179,joliedunham@gmail.com,joliedunham@gmail.com,4699713851,4699713851,6412 Marlar Lane,The Colony,TX,75056,US,6412 Marlar Lane,,The Colony,TX,US,75056,https://reformewellness.com/,no,partner,1,6,yes,no,215.1582856740565
Y4968LAR,TuliaMD,75025,"Plano, TX 75025, USA",33.086937,-96.760109,hharrisdo@gmail.com,erica@tuliamd.com,9722929809,9722929809,9925 Gillespie Dr,Plano,TX,75025,US,9925 Gillespie Dr,Suite 2100,Plano,TX,US,75025,https://tuliamd.com/,no,partner,1,6,yes,no,215.77317357757508
8HL243E9,Uplift MedSpa,75093,"Plano, TX 75093, USA",33.038628,-96.824379,ejdiniz21@gmail.com,ejdiniz21@gmail.com,9729713330,9729713330,5136 village creek drive.,Plano,TX,75093,US,5136 village creek drive.,Suite 503,Plano,TX,US,75093,,no,partner,1,6,no,no,220.34960371223343
37YPCCNP,Lemon and Leigh,76023,"Boyd, TX 76023, USA",33.050377,-97.589737,courtney@lemonandleigh.com,courtney@lemonandleigh.com,8173827561,8173827561,440 West Rock Island,Boyd,TX,76023,US,440 west rock,suite b,Boyd,TX,US,76023,https://www.lemonandleigh.com/,no,partner,1,6,yes,no,222.4125983467754
XVD5XDXU,Lafrance Aesthetics,76092,"Grapevine, TX 76092, USA",32.953346,-97.146706,alexis@lafranceaesthetics.com,alexis@lafranceaesthetics.com,5802639034,5802639034,251 West southlake blvd,Southlake,TX,76092,US,251 West southlake blvd,Suite 15,Southlake,TX,US,76092,https://www.instagram.com/lafranceaesthetics,no,partner,1,6,yes,no,228.4928822634138
RMBJGWNX,Longevity Texas,76092,"Grapevine, TX 76092, USA",32.953346,-97.146706,jennifer@longevitytexas.com,jennifer@longevitytexas.com,8176017773,8176017773,1560 E Southlake Blvd,Southlake,TX,76092,US,1560 E Southlake Blvd,100,Southlake,TX,US,76092,http://longevitytexas.com/,no,partner,1,6,no,no,228.4928822634138
SCP77P68,New Leaf Plastic Surgery,76244,"Keller, TX 76244, USA",32.945877,-97.276077,drlovelace@newleafplasticsurgery.com,drlovelace@newleafplasticsurgery.com,8173801087,8173801087,4400 Heritage Trace Parkway,Fort Worth,TX,76244,US,4400 Heritage Trace Parkway,Suite 200,Fort Worth,TX,US,76244,http://www.newleafplasticsurgery.com,no,partner,1,6,no,no,229.89085763302427
YCFSAZCV,DPC Health,76244,"Keller, TX 76244, USA",32.945877,-97.276077,Lan@dpchealth.com,Lan@dpchealth.com,6824725449,6824725449,4561 Heritage Trace Parkway,Fort Worth,TX,76244,US,4561 Heritage Trace Parkway,#109,Fort Worth,TX,US,76244,https://dpchealth.com/,no,bronze,3,5,no,no,229.89085763302427
H64M2HLT,Skin Care Professionals,75231,"Dallas, TX 75231, USA",32.879807,-96.754753,lynaer@drchoucair.com,lynaer@drchoucair.com,2143899797,2143899797,9301 N Central Expressway,Dallas,TX,75231,US,Skin Care Professionals,Suite 551,Dallas,TX,US,75231,https://theskincareprofessionals.com/,no,partner,1,6,no,no,238.66254150391848
2T5WM5CE,Ravvivare Health & Wellness,97702,"Bend, OR 97702, USA",43.965721,-121.219643,Bmshrout@gmail.com,Bmshrout@gmail.com,5415884252,5415884252,255 SW Bluff Dr ,Bend,OR,97702,US,255 SW Bluff Dr,Suite 200,Bend,OR,US,97702,https://ravvivarehw.com/,no,partner,1,6,yes,no,56.27490600365704
ZNUUJFQZ,Reading Dermatology,19609,"Reading, PA 19609, USA",40.327995,-75.995667,jbraun@readingderm.com,jbraun@readingderm.com,4847091177,4847091177,3317 Penn Ave,West Lawn,PA,19609,US,3317 Penn Ave,,West Lawn,PA,US,19609,https://www.readingderm.com/,no,bronze,2,5,yes,no,140.23734102266718
AS5K9RD8,Cameo Skin and Body Wellness,17601,"Neffsville, PA 17601, USA",40.072094,-76.305832,harperkim559@gmail.com,harperkim559@gmail.com,7178744939,7178744939,600 Eden Rd.,Lancaster,PA,17601,US,600 Eden Rd.,Building E,Lancaster,PA,US,17601,https://cameoskinandbody.com/,no,partner,1,7,no,no,146.44008674479178
O5TFGXIY,Skin Therapy Studios,17403,"York, PA 17403, USA",39.919617,-76.722107,skintherapystudios@yahoo.com,skintherapystudios@yahoo.com,7178141101,7178141101,1406 3rd Ave,York,PA,17403,US,1406 3rd Ave,Suite 201,York,PA,US,17403,https://skintherapystudios.glossgenius.com/,no,no_tier,0,99,no,no,148.21420655716472
TXPKTARH,Aesthetic Surgery Associates,18104,"Allentown, PA 18104, USA",40.597775,-75.539314,jderr@asasurgery.com,jderr@asasurgery.com,6104372378,6104372378,250 Cetronia Rd ,Allentown,PA,18104,US,250 Cetronia Rd,#301,Allentown,PA,US,18104,https://www.asasurgery.com/,no,no_tier,0,99,no,no,154.54900356131063
DKN76WQA,Amazing Skin Laser & Aesthetics,18103,"Allentown, PA 18103, USA",40.571918,-75.492729,amazingskin.frontdesk@gmail.com,amazingskin.frontdesk@gmail.com,6102976249,6102976249,1251 S Cedar Crest Blvd,Allentown,PA,18103,US,1251 S. CEDAR CREST BLVD. SUITE 303,,ALLENTOWN,PA,US,18103,https://youplusaesthetics.com/,no,partner,1,6,yes,no,159.35292235091444
DQULH4T5,Revive Medical Aesthetics,18951,"Quakertown, PA 18951, USA",40.445847,-75.36454,revivemedical3@gmail.com,revivemedical3@gmail.com,2673879033,2673879033,600 West Broad St,Quakertown,PA,18951,US,600 West Broad St,Suite 3,Quakertown,PA,US,18951,https://www.revivemedicalaestheticsllc.care/,no,partner,1,6,yes,no,175.5049873393875
GZW0SXQQ,Aesthetics By Kell LLC,15522,"Bedford, PA 15522, USA",39.923855,-78.543373,kell@aestheticsbykell.com,kell@aestheticsbykell.com,8142042234,8142042234,114 S Juliana St,Bedford,PA,15522,US,114 S Juliana St,,Bedford,PA,US,15522,https://aestheticsbykell.myshopify.com/,no,partner,1,6,yes,no,182.26719083646336
07KHMOJR,Native Wellness + Aesthetics,14480,"Lakeville, NY 14480, USA",42.837566,-77.708008,amy@nativewellnessflx.com,amy@nativewellnessflx.com,5853467040,5853467040,9540 Ace Rd,Hemlock,NY,14466,US,3517 Thomas Drive,Suite 4,Lakeville,NY,US,14480,,no,no_tier,0,99,no,no,186.6031239307184
A4FBM6F3,"Frederick Dermatology Associates, LLC",21702,"Fort Detrick, MD 21702, USA",39.483936,-77.44725,kathleenmoe@gmail.com,KathleenMoe@gmail.com,3016626755,3016626755,45 Thomas Johnson Drive,Frederick,MD,21702,US,45 Thomas Jefferson Dr,Suite 209,Frederick,MD,US,21702,https://frederickdermatology.com/,no,partner,1,7,no,no,192.3822230011017
gH9j9h3v,Eyes on Main. St Optometry,12748,"Jeffersonville, NY 12748, USA",41.755749,-74.909187,lisamariesauer@gmail.com,lisamariesauer@gmail.com,8454822425,8454822425,4895 State Route 52,Jeffersonville,NY,12748,US,4895 State Route 52,,Jeffersonville,NY,US,12748,http://www.eyesonmainst.com/,no,no_tier,0,99,no,no,200.039567788451
Q3S9J6Z8,Posh Clinic Aesthetics & Wellness,02915,"Riverside, RI 02915, USA",41.779861,-71.346809,meleymediaesthetics@gmail.com,meleymediaesthetics@gmail.com,4016128598,4016128598,1445 Wampanoag Trail,Riverside,RI,02915,US,1445 Wampanoag Trail,Suite 108b,Riverside,RI,US,02915,https://poshclinicaesthetics.com/,no,partner,1,6,no,no,24.720250419262253
AE2YWCVY,Luciano Sztulman MD Inc dba Skinsational Laser and Liposculpture Center,02904,"North Providence, RI 02904, USA",41.866829,-71.435875,obgynne@yahoo.com,obgynne@yahoo.com,4015210303,4015210303,1 Randall Square #401,Providence,RI,02904,US,1 Randall Square,#401,Providence,RI,US,02904,https://skinsationallasercenter.com/,no,no_tier,0,99,yes,no,32.069310810686
2WXUCY22,Spa Noor Inc,02720,"Fall River, MA 02720, USA",41.735947,-71.115143,spanoor@aol.com,spanoor@aol.com,5086973711,5086973711,373 New Boston Road,Fall River,MA,02720,US,373 New Boston Road,,Fall River,MA,US,02720,https://spanoor.com/,no,partner,1,6,no,no,34.73008061612339
M8P7FHPC,BIO Medspa,02720,"Fall River, MA 02720, USA",41.735947,-71.115143,steph@thebiomedspa.com,steph@thebiomedspa.com,7744004842,7744004842,4551 N Main St.,Fall River,MA,02720,US,4551 N Main St.,,Fall River,MA,US,02720,https://beacons.ai/biomedspa,no,partner,1,6,yes,no,34.73008061612339
C2YWKXLV,Restore MD LLC,06359,"North Stonington, CT 06359, USA",41.472328,-71.880852,drk@restore-md.com,drk@restore-md.com,8604159360,8604159360,382 Grindstone Hill Road,North Stonington,CT,06359,US,382 Grindstone Hill Road,,North Stonington,CT,US,06359,https://www.restore-md.com/,no,partner,1,6,yes,no,35.65717911496578
IRD2MXNE,Eyes on Plainville,02762,"Plainville, MA 02762, USA",42.010124,-71.346809,Gaan.optometry@gmail.com,Gaan.optometry@gmail.com,5082229912,5082229912,51 Man-Mar Drive,Plainville,MA,02762,US,51 Man-Mar Drive,#2,Plainville,AL,US,02762,,no,no_tier,0,99,yes,no,49.027715337703
MvxVGBCM,Evoke Medical Aesthetics,02301,"Brockton, MA 02301, USA",42.072552,-71.037888,emanuelladepina@gmail.com,emanuelladepina@gmail.com,5088636658,5088636658,247 Ash St,Brockton,MA,02301,US,1132 Main St,Unit 3,Weymouth,MA,US,02301,https://evokemedicalaesthetic.com/,no,partner,1,6,no,no,65.7638783417354
CJ2643W3,"Vanity Beauty Bar, LLC",02302,"Brockton, MA 02302, USA",42.083515,-70.990341,vanitybeautybarllc@gmail.com,vanitybeautybarllc@gmail.com,5086173860,5086173860,28 Burwell St,Brockton,MA,02302,US,28 Burwell St,,Brockton,MA,US,02302,https://vanitybeautybar.llc/,no,partner,1,6,yes,no,69.00781957454987
PW3Q8WCX,White’s Apothecary East Hampton,11937,"East Hampton, NY 11937, USA",41.004158,-72.177155,whitesapothecary@icloud.com,whitesapothecary@icloud.com,6313240082,6313240082,81 Main St,East Hampton,NY,11937,US,81 Main St,,East Hampton,NY,US,11937,https://www.city-chemist.com/,no,partner,1,6,no,no,86.71034914011872
GEKW5RZJ,Precise Medical Solutions,29072,"Lexington, SC 29072, USA",33.998913,-81.273911,kim@precisemedicalsolutions.com,kim@precisemedicalsolutions.com,8035207704,8035207704,1404 West Main St. ,Lexington,SC,29072,US,1404 West Main St. Ste A,,Lexington,SC,US,29072,,no,partner,1,6,no,no,20.76541151728764
K7G3GA5E,Dream Aesthetic,29206,"Columbia, SC 29206, USA",34.025867,-80.959473,dreamaestheticcola@gmail.com,dreamaestheticcola@gmail.com,8033588375,8033588375,5101 Forest Drive,Columbia,SC,29206,US,5101 Forest Drive,,Columbia,SC,US,29206,https://dreamaestheticcola.com/,no,bronze,2,5,no,no,28.292194279749687
JNJ7Z38L,Vivid Aesthetics,29063,"Irmo, SC 29063, USA",34.12521,-81.185776,shelley@vividaesthetics.com,shelley@vividaesthetics.com,8035005070,8035005070,120 Hunter Village Dr.,Irmo,SC,29063,US,120 Hunter Village Dr.,,Irmo,SC,US,29063,https://vividaesthetics.com/,no,partner,2,6,no,no,32.21381626884893
JWCHVMB8,Sophisticated Wellness & Aesthetics,29223,"Columbia, SC 29223, USA",34.105839,-80.920776,verlisha@sophisticatedskinbeauty.com,Info@mysophisticatedwellness.com,8036837377,8036837377,428 McNulty Street,Blythewood,SC,29016,US,9330 Two Notch Road,Suite C,Columbia,SC,US,29223,https://www.sophisticatedskinbeauty.com/,no,partner,1,6,no,no,37.43877931249119
NEGPGTGA,Bare Essentials Medical Spa LLC,29115,"1180 Blvd Street, Suite C, Orangeburg, 29115, SC, US",33.506985,-80.861244,kaylasanders@bareessentialsmedspa.com,kaylasanders@bareessentialsmedspa.com,8038783030,,1180 Blvd Street,Orangeburg,SC,29115,US,1180 Blvd Street,Suite C,Orangeburg,SC,US,29115,,no,partner,1,7,no,no,46.07184469459218
cQiplJ7D,Flourish Health and Wellness,29646,"Greenwood, SC 29646, USA",34.14658,-82.149605,flourishgreenwood@gmail.com,flourishgreenwood@gmail.com,8649920992,8649920992,211 Waller Ave,Greenwood,SC,29646,US,211 Waller Ave,,Greenwood,SC,US,29646,https://www.flourishgreenwood.com/,no,partner,1,6,no,no,97.22816789225232
WZC6TR4L,ReNu & Revive Wellness MedSpa,29379,"Union, SC 29379, USA",34.702164,-81.559647,mjfloodmd@outlook.com,mjfloodmd@outlook.com,8644260888,8644260888,801 West Main St,Union,SC,29379,US,801 West Main St,,Union,SC,US,29379,https://renuandrevivewellness.com/,no,partner,1,6,no,no,102.94658208670717
BY8XPPVT,Baldoni Aesthetic,29483,"CARNES CROSSROADS, SC 29483, USA",33.075264,-80.209824,sarah@baldoniaesthetic.com,sarah@baldoniaesthetic.com,8432145993,8432145993,118 W Richardson ave,Summerville,SC,29483,US,118 W Richardson ave,Ste 100,Summerville,SC,US,29483,https://sarahbaldoni-aestheticmed.com/,no,bronze,2,5,no,no,122.42510472026004
J5YW96RP,The Vitality Co.,29302,"Spartanburg, SC 29302, USA",34.875187,-81.844292,tlgregory22@gmail.com,tlgregory22@gmail.com,8643576454,8643576454,753 East Main St,Spartanburg,SC,29302,US,753 East Main Street,,Spartanburg,SC,US,29302,https://thevitalitycospartanburg.com/,no,partner,1,6,yes,no,131.35035848649636
W0H05BR4,Studio Spa by Madeline LLC,29405,"North Charleston, SC 29405, USA",32.866955,-79.97522,mcgeemaddy16@gmail.com,mcgeemaddy16@gmail.com,5186690549,5186690549,2154 Noisette Blvd 423,North Charleston,SC,29405,US,2154 Noisette Blvd 227,,North Charleston,SC,US,29405,https://fish-copper-sl24.squarespace.com/,no,no_tier,0,99,yes,no,154.2659787689484
FEDN3MCL,Bare N Beautiful,29621,"Anderson, SC 29621, USA",34.529495,-82.626732,info@barenbeautiful.com,info@barenbeautiful.com,8643670810,8643670810,1530 N Fant St,Anderson,SC,29621,US,1530 N Fant St,Suite B,Anderson,SC,US,29621,https://barenbeautiful.com/,no,partner,1,6,yes,no,155.0962055939
86BPCXGH,Butterfly Beauty Spa LLC,29650,"Greer, SC 29650, USA",34.892036,-82.269196,butterflyspaaz@gmail.com,butterflyspaaz@gmail.com,7409738445,7409738445,1515 Loblolly Ln,Cumming,GA,30041-7606,US,420 The Parkway Suite c,Suite c,Greer,SC,US,29650,https://butterflybeautyaz.com/,no,partner,1,6,yes,no,155.18289722304146
AiQlmtyJ,Serenity MedSpa,29673,"Powdersville, SC 29673, USA",34.738968,-82.453613,melissahsimpson@yahoo.com,melissahsimpson@yahoo.com,8643563762,8643563762,118 Taxiway Ave,Easley,SC,29640,US,208 Wall St,,Powdersville,SC,US,29673,https://serenitynj.com/,no,partner,1,6,yes,no,155.3115650080782
AICJSIRS,Michelle Grignani,29673,"Powdersville, SC 29673, USA",34.738968,-82.453613,Michellegrignani@gmail.com,Michellegrignani@gmail.com,8646346819,8646346819,226 Whittlin Way,Taylors,SC,29687,US,208 WLl St,,Peidmont,SC,US,29673,,no,no_tier,0,99,no,no,155.3115650080782
27CEP8EP,Speakeasy Aesthetics,37128,"Murfreesboro, TN 37128, USA",35.797256,-86.438972,Speakeasyaesthetics@gmail.com,Speakeasyaesthetics@gmail.com,9512901583,9512901583,804 N Thompson Avenue ,Murfreesboro,TN,37128,US,804 N Thompson Avenue,2b,Murfreesboro,TN,US,37128,https://linktr.ee/speakeasy.rn,no,partner,1,6,yes,no,33.631963385854306
3lO6lva0,Shrinking Violets,37388,"Tullahoma, TN 37388, USA",35.35276,-86.195518,alimedeana@gmail.com,alimedeana@gmail.com,9316340424,9316340424,131 Elise Circle,Tullahoma,TN,37388,US,1956 N Jackson St,,Tullahoma,TN,US,37388,https://www.shrinkingviolets.net/,no,no_tier,0,99,yes,no,39.39171215965673
2W8VFYZZ,Illuminations,38401,"Columbia, TN 38401, USA",35.660328,-87.022446,awsisk1@hotmail.com,awsisk1@hotmail.com,9317972611,9317972611,107 Berrywood Drive,Columbia,TN,38401,US,107 Berrywood Drive,,Columbia,TN,US,38401,,no,partner,1,7,no,no,43.00781422427895
ibrh6r4h,Giatras Family Dentistry,37129,"Murfreesboro, TN 37129, USA",35.917343,-86.449097,Giatrasfamilydentistry@yahoo.com,Giatrasfamilydentistry@yahoo.com,6158480010,6158480010,214 MTCS Rd,Murfreesboro,TN,37129,US,214 MTCS Rd,,Murfreesboro,TN,US,37129,https://www.giatrasfamilydentistry.com/facial-aesthetics/,no,partner,1,6,no,no,46.01557808204387
DVX45FJY,"Anew Aesthetics, LLC",37067,"Franklin, TN 37067, USA",35.904655,-86.771805,nataliewaddell@anew-aesthetics.com,nataliewaddell@anew-aesthetics.com,6155822195,6155822195,1896 General George Patton Dr # 600,Franklin,TN,37067,US,1896 General George Patton Drive,# 600,Franklin,TN,US,37067,https://www.anew-aesthetics.com/,no,bronze,2,5,yes,no,46.38801202694177
PbYWksyT,The Aesthetic Nurse,37135,"Nolensville, TN 37135, USA",35.934841,-86.681252,shelbykardosh@gmail.com,shelbykardosh@gmail.com,6159266486,6159266486,1855 Erlinger Drive,Nolensville,TN,37135,US,7180 Nolensville Rd,,Nolensville,TN,US,37135,https://aestheticnurseshelby.com/,no,partner,1,6,yes,no,47.29078914387026
VOSNEFFU,Nolo Eyecare + Eyewear Gallery,37135,"Nolensville, TN 37135, USA",35.934841,-86.681252,drjessica@noloeyecare.com,drjessica@noloeyecare.com,6152837321,6152837321,7180 Nolensville Rd Ste. 1E,Nolensville,TN,37135,US,7180 Nolensville Rd Ste. 1E,,Nolensville,TN,US,37135,,no,no_tier,0,99,no,no,47.29078914387026
2JPX9R75,Sunday Skin,37027,"Brentwood, TN 37027, USA",35.980545,-86.761749,sundayskinnash@gmail.com,info@sundayskinaesthetics.com,6157496367,6157496367,9007 Overlook Blvd ,Brentwood,TN,37027,US,9007 Overlook Blvd,,Brentwood,TN,US,37027,https://www.sundayskinnash.com/,no,no_tier,0,99,no,no,54.02610394203784
957SXHEH,"Binhlam Aesthetics, LLC",37027,"Brentwood, TN 37027, USA",35.980545,-86.761749,jbinhlam@advancedskinlaser.com,jbinhlam@advancedskinlaser.com,6154253223,6154253223,1649 Westgate Circle,Brentwood,TN,37027,US,1649 Westgate Circle,Suite 200,Brentwood,TN,US,37027,https://www.binhlamaesthetics.com/,no,partner,1,6,yes,no,54.02610394203784
76MAXE6D,Cool Springs Plastic Surgery,37027,"Brentwood, TN 37027, USA",35.980545,-86.761749,kayla@csps.me,reagan@csps.me,6157717718,6157717718,620 Church St E,Brentwood,TN,37027,US,620 Church Street E,,Brentwood,TN,US,37027,https://www.coolspringsplasticsurgery.net/,no,bronze,2,5,yes,no,54.02610394203784
UELHTEK5,NurseZan Medspa,37027,"Brentwood, TN 37027, USA",35.980545,-86.761749,zanphillips.zp@gmail.com,123nursezan@gmail.com,6159456213,6159456213,134 Franklin Road,Brentwood,TN,37027,US,134 Franklin Road,# 2,Brentwood,TN,US,37027,https://www.nursezan.com/,no,rose_gold,5,2,yes,no,54.02610394203784
MXCPZQ6H,SkinTheoryRX,37064,"Franklin, TN 37064, USA",35.898724,-86.96241,tisha@southern71.com,tisha@southern71.com,6157470071,6157470071,504 W Main St,Franklin,TN,37064,US,504 W Main Street,,Franklin,TN,US,37064,https://www.skintheoryrx.com/,no,partner,1,6,no,no,54.64769856641864
D2U8RFX3,Raydiant Skin,37324,"Decherd, TN 37324, USA",35.258507,-85.991745,raydiantskinmedspa@gmail.com,raydiantskinmedspa@gmail.com,9312034251,9312034251,58 East Heikens Drive,Decherd,TN,37324,US,"58 East Heikens Drive, East Heikens Drive",,Decherd,TN,US,37324,https://www.raydiantskinmedspa.com/,no,partner,1,6,yes,no,60.64064900459844
3KRM3EGG,EB Skin,37215,"Nashville, TN 37215, USA",36.080235,-86.832077,erin@ebskinnashville.com,erin@ebskinnashville.com,6155064760,6155064760,2405 Crestmoor Rd Suite C,Nashville,TN,37215,US,2405 Crestmoor Road,Suite C,Nashville,TN,US,37215,https://www.ebskinnashville.com/,no,silver,4,4,yes,no,66.56207571985485
G77XAKNK,Melrose Aesthetics LLC,37204,"Nashville, TN 37204, USA",36.105911,-86.776825,lindseyhfelts@gmail.com,lindseyhfelts@gmail.com,6157152066,6157152066,805A Bradford Ave,Nashville,TN,37204,US,780 Blevins Drive,,Nashville,TN,US,37204,https://www.melroseaesthetics.com/,no,partner,1,6,yes,no,67.78302833248325
HV6V4Y2U,Vickers Aesthetics LLC,37214,"Nashville, TN 37214, USA",36.140465,-86.651031,vickersrninjector@gmail.com,vickersrninjector@gmail.com,5129257350,5129257350,2725 Nodyne Drive,Nashville,TN,37214,US,2725 Nodyne Drive,,Nashville,TN,US,37214,,no,partner,1,6,no,no,69.5629926352875
JFYKJ7VW,Image Surgical Arts,37212,"Nashville, TN 37212, USA",36.128162,-86.796921,drharris@imagesurgicalarts.com,drharris@imagesurgicalarts.com,6159135817,6159135817,2416 21st Ave S #301,Nashville,TN,37212,US,2416 21st Avenue S,#301,Nashville,TN,US,37212,https://www.imagesurgicalarts.com/,no,partner,1,6,yes,no,70.65254955101511
64SWP8NC,NSI Wellness & Aesthetics,37203,"Nashville, TN 37203, USA",36.152382,-86.789391,info@tolmanmedical.com,info@tolmanmedical.com,5026124540,5026124540,2968 Summitop Ct Ne,Marietta,GA,30066,US,"321 29th Ave N,",,Nashville,TN,US,37203,https://www.nashmedspa.com/,no,partner,1,6,no,no,73.065895934455
UG5UYUUE,The Plastic Surgery Center of Nashville,37203,"Nashville, TN 37203, USA",36.152382,-86.789391,kayla@nashvillesurgery.com,kayla@nashvillesurgery.com,6154676777,6154676777,1915 State St,Nashville,TN,37203,US,1915 State Street,,Nashville,TN,US,37203,http://www.theplasticsurgerycenterofnashville.com,no,partner,1,7,no,no,73.065895934455
ZPNSVCD9,Radiante LLC,37203,"Nashville, TN 37203, USA",36.152382,-86.789391,doylene@radiantespa.com,doylene@radiantespa.com,6154179678,6154179678,210 25th Ave N,Nashville,TN,37203,US,210 25th Ave N,Suite 100 Room 33,Nashville,TN,US,37203,https://www.radiantespa.com/,no,partner,1,6,no,no,73.065895934455
WWQV4V96,Big Country Medical Spa,79605,"Abilene, TX 79605, USA",32.438923,-99.779022,bigcountrymedspa@gmail.com,bigcountrymedspa@gmail.com,3254006830,3254006830,2301 Industrial BLVD,Abilene,TX,79605,US,2301 Industrial BLVD,,Abilene,TX,US,79605,https://linktr.ee/bigcountrymedspa,no,partner,1,6,yes,no,53.55844262263746
JADENJLE,Professional Aesthetics & Virtual SkinCare Concierge,76450,"Graham, TX 76450, USA",33.095345,-98.616066,professional.aesthetics@outlook.com,professional.aesthetics@outlook.com,9405505140,9405505140,461 Oak st. ,Graham,TX,76450,US,461 Oak st.,Suite B,Graham,TX,US,76450,,no,partner,1,6,no,no,173.85241302448205
DAGE3DV7,VitaLuxe Wellness & Aesthetics,76462,"Lipan, TX 76462, USA",32.526939,-98.068344,vitaluxewellnessllc@gmail.com,vitaluxewellnessllc@gmail.com,8176087999,8176087999,104 S Kickapoo St,Lipan,TX,76462,US,104 S Lockapoo St,Ste 202,Lipan,TX,US,76462,,no,partner,1,6,no,no,183.25785464364088
I0830S59,Hydration Station,78624,"Fredericksburg, TX 78624, USA",30.314993,-98.924538,awalter1008@gmail.com,awalter1008@gmail.com,9792297745,9792297745,705 Northern Red Oak Lane,Fredericksberg,TX,78624,US,710 East Main St,,Fredericksberg,TX,US,78624,,no,no_tier,0,99,no,no,206.05363521167564
OCM5AS6Z,KT Aesthetics,76008,"Aledo, TX 76008, USA",32.688999,-97.63311,Ktripplehorn@gmail.com,Ktripplehorn@gmail.com,8176001910,8176001910,11633 pine creek ct,Aledo,TX,76008,US,11633 pine creek ct,,Aledo ,TX,US,76008,,no,partner,1,6,no,no,227.71219761166157
AS344M6R,Urban Chic Aesthetix LLC,78641,"Leander, TX 78641, USA",30.539015,-97.937492,urbanchicaesthetix@gmail.com,urbanchicaesthetix@gmail.com,5128251748,5128251748,PO Box 96,Leander,TX,78646,US,"10824 E Crystal Falls Pkwy,",Unit 505,Leander,TX,US,78641,https://www.urbanchicaesthetix.com/,no,partner,1,6,yes,no,245.21440427025436
TN8M7LVH,The Aesthetic Lab LLC,78641,"Leander, TX 78641, USA",30.539015,-97.937492,theaestheticlabatx@gmail.com,theaestheticlabatx@gmail.com,4326613935,4326613935,"11620 Hero Way W #230, ",Leander,TX,78641,US,"11620 Hero Way W #230,",Suite 24,Leander,TX,US,78641,https://linktr.ee/theaestheticlabatx,no,partner,1,6,yes,no,245.21440427025436
2S6FZ9DQ,Bass Eye Care,76109,"Fort Worth, TX 76109, USA",32.698624,-97.37867,drbassod@gmail.com,drbassod@gmail.com,8176159290,8176159290,2792 S Hulen,Ft Worth,TX,76109,US,2792 S Hulen,,Fort Worth,TX,US,76109,http://www.basseyecare.com/,no,partner,1,6,yes,no,250.56327240254475
DYP3SJWY,H2 Wellness & Medspa,76114,"Westworth Village, TX 76114, USA",32.775951,-97.400284,kefreehauf@h2medspa.com,kefreehauf@h2medspa.com,8172412485,8172412485,4900 White Settlement Rd,Fort Worth,TX,76114,US,4900 White Settlement Rd,,Fort Worth,TX,US,76114,https://h2medspa.com/,no,partner,1,7,yes,no,251.4869807121297
42ONSF8E,Attract Aesthetics LLC,78736,"Bee Cave, TX 78736, USA",30.252087,-97.948387,Attractaestheticsllc@gmail.com,Attractaestheticsllc@gmail.com,5129069631,5129069631,4422 Packsaddle Pass,Austin,TX,78745,US,6810 Halesboro Dr,,Austin,TX,US,78736,,no,no_tier,0,99,no,no,266.47468700385133
BNY7N9JT,Hidden Gemz Aesthetics,76063,"Mansfield, TX 76063, USA",32.563183,-97.141693,jerricabrooks20@gmail.com,jerricabrooks20@gmail.com,8179529920,8179529920,1408 Beckwith Drive,Arlington,TX,76018,US,1071 Country Club Dr,Ste 101,Mansfield,TX,US,76063,https://www.hiddengemzaesthetics.com/,no,partner,1,6,yes,no,267.7973272674333
UJXSPS38,Elysian Plastic Surgery,78759,"Austin, TX 78759, USA",30.401356,-97.752533,nickydellinger@gmail.com,nickydellinger@gmail.com,5122291978,5122291978,11623 Angus Rd,Austin,TX,78759,US,11623 Angus Rd Ste,Ste C15,Austin,TX,US,78759,https://www.elysianplasticsurgery.com/,no,partner,1,6,no,no,268.6347955933218
CT93RJML,Beyond Healthy MD,78746,"Rollingwood, TX 78746, USA",30.296221,-97.829941,gianna@beyondhealthymd.com,gianna@beyondhealthymd.com,5128861490,5128861490,2808 Bee Cave,Austin,TX,78746,US,2808 Bee Cave, Suite D,Austin,TX,US,78746,,no,no_tier,0,99,no,no,271.038861573956
426K4752,Oak Hill Eye Care,78749,"Austin, TX 78749, USA",30.217545,-97.855835,ohecdrjt@gmail.com,ohecdrjt@gmail.com,+15122880444,+15122880444,6000 W William Cannon Dr,Austin,TX,78749,US,6000 W William Cannon Dr,Ste 100A,Austin,TX,US,78749,https://oakhilleyecare.com/,no,partner,1,6,no,no,275.4222644214327
BV9V2AL4,Austin Plastic and Reconstructive Surgery,78705,"Austin, TX 78705, USA",30.296171,-97.738953,haley.bunting@gmail.com,Haley.Bunting@gmail.com,8882638503,8882638503,2905 San Gabriel St,Austin,TX,78705,US,2905 San Gabriel St,Suite 100,Austin,TX,US,78705,,no,partner,1,7,no,no,277.4058609617767
QUZVIOMB,Skin Elite Group LLC,76021,"Bedford, TX 76021, USA",32.847729,-97.130554,ianherrod@gmail.com,customerservices@skinelite.com,8884004472,8884004472,1264 Harwood Road,Bedford,TX,76021,US,1264 Harwood Road,,Bedford,TX,US,76021,www.skinelite.com,no,no_tier,0,99,no,no,277.90306231077403
S9TMJEBC,Magnolia Dermatology PLLC,12110,"Latham, NY 12110, USA",42.753944,-73.783089,vatracey1@gmail.com,vatracey1@gmail.com,5188753376,5188753376,582 New Loudon Rd,Latham,NY,12110,US,582 New Loudon Rd,,Latham,NY,US,12110,https://magnoliadermny.com/,no,partner,1,6,yes,no,222.8788817197781
EHW7QK5H,"Graceful You Aesthetics, LLC",01201,"Pittsfield, MA 01201, USA",42.463451,-73.300125,gracefulyouaesthetics@gmail.com,gracefulyouaesthetics@gmail.com,4134411405,4134411405,58 Dalton Ave.,Pitsfield,MA,02101,US,58 Dalton Ave,,Pittsfield,MA,US,01201,https://www.gracefulyouaesthetics.com/,no,partner,1,6,yes,no,240.1594027429668
NF8FT669,Eye Care Center of Rome,13440,"Rome, NY 13440, USA",43.221241,-75.457779,romeoptometry@gmail.com,romeoptometry@gmail.com,3153373277,3153373277,1320 Floyd Ave,Rome,NY,13440,US,1320 Floyd Ave,Suite 1,Rome,NY,US,13440,https://eyecarecenterofrome.com/,no,partner,1,6,yes,no,274.5305280623356
3MGQVGYK,Plastic Surgery at Sentava Martha Jefferson,22911,"Charlottesville, VA 22911, USA",38.057411,-78.406975,blgregor@sentara.com,blgregor@sentara.com,4346548920,4346548920,595 Martha Jefferson Drive,Charlottesville ,VA,22911,US,595 Martha Jefferson Drive,Suite 280,Charlottesville,VA,US,22911,https://mjhplasticsurgery.org/,no,partner,1,6,no,no,72.97682802339352
M9UXVLPE,Patterson Eye Clinic Optometrists,23226,"Richmond, VA 23226, USA",37.573559,-77.521812,lillylile@pattersoneyeclinic.com,lillylile@pattersoneyeclinic.com,8042857638,8042857638,5419 Patterson Ave,Richmond,VA,23226,US,5419 Patterson Ave,,Richmond,VA,US,23226,https://linktr.ee/pattersoneye,no,partner,1,6,yes,no,101.36607765236776
S78GVZB5,APlus Lifestyle Wellness & Med Spa,23834,"South Chesterfield, VA 23834, USA",37.291393,-77.389862,info@apluslifestylewellness.com,info@apluslifestylewellness.com,8048058704,8048058704,3660 Boulevard,Colonial Heights,VA,23834,US,3660 Boulevard,Suite E,Colonial Heights,VA,US,23834,https://www.apluslifestylewellness.com/,no,partner,1,6,yes,no,113.059115056022
9I2PE168,Waldron Eyecare,23185,"Williamsburg, VA 23185, USA",37.24242,-76.664375,drwaldron@waldroneyecare.com,drwaldron@waldroneyecare.com,7578823937,7578823937,PO Box 6653,Williamsburg,VA,23188,US,230 Monticello Ave,,Williamsburg,VA,US,23185,,no,no_tier,0,99,no,no,177.40413018733406
UPKQDJJE,Dogwood Primary Care + Medical Aesthetics,28604,"Beech Mountain, NC 28604, USA",36.180134,-81.844292,dr.crawford@dogwoodprimarycare.com,dr.crawford@dogwoodprimarycare.com,8288984585,8288984585,3990 NC Highway 105 South,Sugar Mountain,NC,28604,US,3990 NC highway 105 South,Suite 1,Sugar Mountain,NC,US,28604,,no,partner,1,7,yes,no,295.5013602005177
LSL9D9BQ,Corner Stone Spa Salon LLC,53589,"Stoughton, WI 53589, USA",42.919636,-89.227699,cornerstonespasalon@gmail.com,cornerstonespasalon@gmail.com,6088735542,6088735542,213 S Division St,Stoughton,WI,53589,US,213 S Division St,,Stoughton,WI,US,53589,https://cornerstonespa.com/,no,partner,1,6,yes,no,102.5264047558243
7WmnFcP6,Ageless Beauty,53545,"Janesville, WI 53545, USA",42.732815,-89.027489,agelessbeautyms@gmail.com,agelessbeautyms@gmail.com,6088989995,6088989995,944 bedford dr,Janesville,WI,53546,US,1511 Newport Ave,,Janesville,WI,US,53545,,no,partner,1,6,no,no,118.5339963051644
63eO7rIz,"Huntley Eye Care, L.L.C.",60142,"Huntley, IL 60142, USA",42.176468,-88.450081,huntleyeyecare@gmail.com,huntleyeyecare@gmail.com,8475152030,8475152030,11809 Main St,Huntley,IL,60142,US,11809 Main St,,Huntley,IL,US,60142,https://www.huntley-eyecare.com/,no,no_tier,0,99,yes,no,180.89660100792088
96VNPDJY,"ReEnvision Eye Care, S.C.",60089,"Buffalo Grove, IL 60089, USA",42.168877,-87.962883,kristispier@hotmail.com,kristispier@hotmail.com,3127712007,3127712007,355 W Dundee Rd,Buffalo Grove,IL,60089,US,355 W Dundee Rd,Suite 110,Buffalo Grove,IL,US,60089,http://reenvisioneyecare.com/,no,partner,1,6,no,no,191.767108540166
DG5MYA4N,Center for Applied Aesthetics Inc,60026,"Glenview, IL 60026, USA",42.092171,-87.820587,agakwiat@me.com,agakwiat@me.com,8778340434,8472075107,3633 W Lake Ave,Glenview,IL,60026,US,3633 W Lake Ave,Suite 102,Glenview,IL,US,60026,https://applied-aesthetics.com/,no,partner,1,6,yes,no,203.97759599248477
YcYupyAl,The Skin Care Center Glenview,60026,"Glenview, IL 60026, USA",42.092171,-87.820587,lbalogh@docsdermgroup.com,lbalogh@docsdermgroup.com,17606967885,8479010252,9987 Carver Rd,Cincinnati,OH,45242,US,2251 Compass Road,Suite 105,Glenview,IL,US,60026,http://skincarectr.com/,no,partner,1,6,no,no,203.97759599248477
5AHADCW3,Aesthetics & Longevity Solutions,60016,"Des Plaines, IL 60016, USA",42.048855,-87.88443,jmbapn@gmail.com,jmbapn@gmail.com,7737756105,7737756105,1555 Ellinwood Ave,Des Plaines,IL,60016,US,"1555 Ellinwood Ave, Suite 102",,Des Plaines,IL,US,60016,https://www.medicalaestheticsltd.com/,no,partner,1,6,yes,no,206.53143358077864
U4Z01BB5,"Jeffrey A. Halpern, LTD",60016,"Des Plaines, IL 60016, USA",42.048855,-87.88443,gladis@drjhalpern.com,gladis@drjhalpern.com,8478276300,8478276300,701 Lee S,Des Plaines,IL,60016,US,701 Lee S,Suite 640,Des Plaines ,IL,US,60016,,no,no_tier,0,99,yes,no,206.53143358077864
8M4YJKB6,Bradley Ashpole MD LLC,60143,"Itasca, IL 60143, USA",41.972076,-88.021629,belags@gmail.com,belags@gmail.com,8478848346,8478848346,1333 W Estate Ln ,Lake Forest,IL,60045,US,1107 N Prospect Ave,,Itasca,IL,US,60143,,no,partner,1,6,yes,no,210.9725909131476
Z23JG7DX,RenewMe Med Spa Inc,90015,"Los Angeles, CA 90015, USA",34.039009,-118.267281,laila@renewmespa.com,laila@renewmespa.com,2138663747,2138663747,939 S Hill St #102,Los Angeles,CA,90015,US,939 S Hill Street,#102,Los Angeles,CA,US,90015,https://renewmespa.com/,no,partner,1,6,yes,no,2.877131461953895
WDJGNRQ6,The Aesthetic Collection,91205,"Glendale, CA 91205, USA",34.133736,-118.246819,jordonionp@gmail.com,jordonionp@gmail.com,8182419611,8182419611,240 S Jackson St,Glendale,CA,91205,US,240 S Jackson,Ste 109,Glendale,CA,US,91205,http://www.peterashjian.com,no,partner,1,6,no,no,8.77368965288532
LNUBZU3H,Beauty Religion,90069,"West Hollywood, CA 90069, USA",34.093159,-118.378334,maui@beautyreligion.com,maui@beautyreligion.com,3102996416,3102996416,8701 Santa Monica Blvd,West Hollywood,CA,90069,US,8701 Santa Monica Blvd,,West Hollywood,CA,US,90069,https://beautyreligion.com/,no,partner,1,7,yes,no,13.201644548559118
7R3X28FZ,Dr. Doris,90210,"Beverly Hills, CA 90210, USA",34.077847,-118.397438,info@drdoris.com,info@drdoris.com,3102729988,3102729988,9721 Santa Monica Blvd,Beverly Hills,CA,90210,US,9721 Santa Monica Boulevard,,Beverly Hills,CA,US,90210,https://drdoris.com/,no,partner,1,6,no,no,14.484900508114912
PVUNBH93,"Andrew S. Frankel, M.D.",90212,"Beverly Hills, CA 90212, USA",34.06171,-118.401703,afrankelmd@laskyclinic.com,afrankelmd@laskyclinic.com,3105522173,3105522173,201 S Lasky Dr,Beverly Hills,CA,90212,US,201 S Lasky Drive,,Beverly Hills,CA,US,90212,http://www.laskyclinic.com/,no,partner,1,7,no,no,14.672304285486224
CRLMDNY4,Redox Medical Group (2nd),90212,"Beverly Hills, CA 90212, USA",34.06171,-118.401703,erin@redoxmedicalgroup.com,erin@redoxmedicalgroup.com,3104212707,3104212707,416 W 27th ,Ashtabula,OH,44004,US,9100 Wilshire Blvd,Ste 700W,Beverly Hills,CA,US,90212,,no,partner,1,7,no,no,14.672304285486224
ACWE6QX6,Ava MD Beverly Hills,90212,"Beverly Hills, CA 90212, USA",34.06171,-118.401703,liz@avamd.com,liz@avamd.com,3108282282,3108282282,9915 South Santa Monica Blvd,Beverly Hills,CA,90212,US,9915 South Santa Monica Blvd,,Beverly Hills,CA,US,90212,https://avamd.com/,no,custom,6,2,yes,no,14.672304285486224
CDHPJP63,Assil Gaur Eye Institute,90210,"Beverly Hills, CA 90210, USA",34.103004,-118.410469,accounting@assileye.com,accounting@assileye.com,4246664334,4246664334,"450 N ROXBURY DR,",BEVERLY HILLS,CA,90210,US,"450 N ROXBURY DR,",Fl 3,Beverly Hills,CA,US,90210,https://assileye.com/,no,partner,1,6,yes,no,16.355672893727647
PKB4955U,"Marc Mani, MD",90210,"Beverly Hills, CA 90210, USA",34.103004,-118.410469,reid@marcmani.com,reid@marcmani.com,13102030511,13102030511,9675 Brighton Way #340,Beverly Hills,CA,90210,US,9675 Brighton Way,#340,Beverly Hills,CA,US,90210,http://marcmani.com/,no,partner,1,6,yes,no,16.355672893727647
CFNQSQSF,Beverly Hills Vision Group ,90210,"Beverly Hills, CA 90210, USA",34.103004,-118.410469,drlau@beverlyhillsvisiongroup.com,drlau@beverlyhillsvisiongroup.com,3105702508,3105702508,435 N Roxbury Dr,Beverly Hills,CA,90210,US,435 N Roxbury Dr,Ste 310,Beverly Hills,CA,US,90210,https://www.beverlyhillsvisiongroup.com/,no,partner,1,6,yes,no,16.355672893727647
2GBD7936,Gr8Skin Medspa,90064,"Los Angeles, CA 90064, USA",34.038666,-118.42215,staff@gr8skinmedspa.com,staff@gr8skinmedspa.com,3102682288,3102682288,11613 W Pico Blvd,Los Angeles,CA,90064,US,11613 W Pico Blvd,,Los Angeles,CA,US,90064,https://www.gr8skinmedspa.com/,no,partner,1,6,yes,no,16.636936852249438
3ZP9TA9S,Clarity Advanced Optometry,91007,"Arcadia, CA 91007, USA",34.121696,-118.047882,tinachiouod@gmail.com,tinachiouOD@gmail.com,6264452717,6264452717,400 S Baldwin Ave,Arcadia,CA,91007,US,400 S Baldwin Ave,Spc A2,Arcadia,CA,US,91007,https://www.clarityadvancedoptometry.com/?noamp,no,partner,1,6,yes,no,19.412045466881644
LHLGSLPR,Ava MD SM,90404,"Santa Monica, CA 90404, USA",34.028751,-118.471794,melissa@avamd.com,melissa@avamd.com,3108282282,3108282282,2021 Santa Monica Blvd,Santa Monica,CA,90404,US,2021 Santa Monica Blvd,Unit 600,Santa Monica,CA,US,90404,https://avamd.com/,no,partner,1,6,yes,no,21.313163021445398
43RW5K93,LA Skincare Center,90245,"El Segundo, CA 90245, USA",33.915009,-118.404625,raisahoward@gmail.com,raisahoward@gmail.com,3104149761,3104149761,2284 E Maple Ave,El Segundo,CA,90245,US,2284 E Maple Ave,,El Segundo,CA,US,90245,https://www.laskincarecenter.com/,no,partner,1,6,no,no,21.564795431552582
JT295NGW,"Soleil Services, Inc.",90291,"Venice, CA 90291, USA",33.996216,-118.46888,john@thejungle.biz,john@thejungle.biz,3104023263,3104023263,3014 Pacific Ave,Venice,CA,90291,US,3014 Pacific Ave,,Venice,CA,US,90291,,no,partner,1,6,no,no,21.846798965122005
BSXAHAUY,Advance Dermatology and Laser,90292,"Marina Del Rey, CA 90292, USA",33.96843,-118.457199,info@drpatellaser.com,info@drpatellaser.com,9542377090,2064024797,4000 HOLLYWOOD BLVD,Hollywood,FL,33021,US,4560 Admiralty Way,Suite 101,Marina del Rey,CA,US,90292,http://drpatellaser.com,no,no_tier,0,99,no,no,21.98993145884509
BWUUVLES,Skin Lab,90266,"Manhattan Beach, CA 90266, USA",33.890839,-118.398781,joshua@skinlabusa.com,joshua@skinlabusa.com,3109944669,3109944669,500 S Sepulveda Blvd Suite 207,Manhattan Beach,CA,90266,US,500 S Sepulveda Blvd Suite 207,,Manhattan Beach,CA,US,90266,https://skinlabusa.com/collections/all?sort_by=title-ascending,no,bronze,2,5,no,no,23.24077373890165
TBJ4EXDJ,Glow Haus,90278,"Redondo Beach, CA 90278, USA",33.865913,-118.375412,cindym80@sbcglobal.net,Cindym80@sbcglobal.net,3109469318,3109469318,1426 Aviation Blvd. Suite 103B,Redondo Beach,CA,90278,US,1426 Aviation Blvd. Suite 103B,,Redondo Beach,CA,US,90278,https://glowhausla.com/,no,bronze,2,5,no,no,24.322317139992503
PJBSMRM7,Airia Comprehensive Dermatology,60661,"Chicago, IL 60661, USA",41.881927,-87.644547,lisa@drkiracofe.com,lisa@drkiracofe.com,8477660829,8477660829,618 W Fulton,"Chicago,",IL,60661,US,618 W Fulton St,,Chicago,IL,US,60661,https://airiadermatology.com/,no,partner,1,6,no,no,1.0172486941454084
VYYUW575,BIAN,60654,"Chicago, IL 60654, USA",41.892914,-87.63591,leah@livebian.com,samantha@livebian.com,3122596627,3122596627,600 W Chicago Ave,Chicago,IL,60654,US,600 W Chicago Ave,,Chicago,IL,US,60654,,no,bronze,2,5,no,no,1.1134167030197089
68PZWTD4,Shot Bar Chicago LLC,60614,"Chicago, IL 60614, USA",41.920345,-87.643311,Lindsey@shotbar.net,Lindsey@shotbar.net,7739489222,7739489222,2444 n clark st,Chicago,IL,60614,US,2444 N Clark Street,,Chicago,IL,US,60614,https://shotbar.net/,no,partner,1,6,no,no,4.222694042290458
44A5EB2P,Illari Aesthetics,60622,"Chicago, IL 60622, USA",41.90131,-87.68277,info@illariaesthetics.com,info@illariaesthetics.com,7732273303,7732273303,1509 W Western Ave,Chicago,IL,60622,US,1509 N Western Avenue,Unit A,Chicago,IL,US,60622,https://illariaesthetics.com/about,no,partner,1,6,yes,no,4.628608985433295
4XVW5RHP,"Family Medical Care, LTD",60301,"Oak Park, IL 60301, USA",41.888062,-87.797852,tracy.briones@familymedicalcareltd.com,tracy.briones@familymedicalcareltd.com,7083830400,7083830400,965 Lake Street,Oak Park,IL,60301,US,965 Lake St,,Oak Park,IL,US,60301,,no,partner,1,6,yes,no,13.707867866056372
T8YRSBVG,Ivory Wellness,60305,"River Forest, IL 60305, USA",41.894077,-87.820587,ivorywellnesspllc@gmail.com,ivorywellnesspllc@gmail.com,+17087249255,+17087249255,7329 North Ave,River Forest,IL,60305,US,400 Lathrop Ave,,River Forest,IL,US,60305,https://ivorywellness.com/,no,partner,1,7,no,no,15.62523960056273
YSL5LQ45,FadeAway Medical Esthetics,60631,"Chicago, IL 60631, USA",41.993031,-87.810753,fadeawaymedical@gmail.com,fadeawaymedical@gmail.com,7735802590,7735802590,7227 N Oleander,Chicago,IL,60631,US,6549 N Northwest Hwy,,Chicago,IL,US,60631,,no,partner,1,6,no,no,19.14863754669781
37T000Y7,Midwest Center for Dentistry and Implants,60106,"Bensenville, IL 60106, USA",41.950882,-87.943283,drpatel@midwestoralcare.com,drpatel@midwestoralcare.com,6307660115,6307660115,545 S. York Road,Bensenville,IL,60106,US,545 S. York Road,Suite 200,Bensenville,IL,US,60106,www.midwestoralcare.com,no,no_tier,0,99,no,no,26.800610341330994
8W92T58Q,The Skin Renewal Center,77006,"Houston, TX 77006, USA",29.743151,-95.388718,doc@theskinrenewalcenter.com,doc@theskinrenewalcenter.com,7135330800,7135330800,1512 W Alabama St,Houston,TX,77006,US,1512 W Alabama Street,,Houston,TX,US,77006,https://www.theskinrenewalcenter.com/,no,partner,1,6,no,no,2.601718839958043
RLQKEJMM,Max Results MedSpa,77007,"195 Yale, Houston, 77007, TX, US",29.774969,-95.400337,labountylisa@yahoo.com,labountylisa@yahoo.com,,,195 Yale,Houston,TX,77007,US,195 Yale,,Houston,TX,US,77007,https://www.maxresultsmed.com/,no,partner,1,6,yes,no,3.354693726118673
2U5X3GQK,Mederna Aesthetic Medicine,77007,"Houston, TX 77007, USA",29.776506,-95.420135,mdhealthllc@outlook.com,mdhealthllc@outlook.com,8322720401,8322720401,5225 katy freeway,Houston,TX,77007,US,5225 katy freeway,Suite 245,Houston,TX,US,77007,,no,partner,1,6,no,no,5.162498836738085
QPBYGJH8,Kai Spa,77027,"Houston, TX 77027, USA",29.740582,-95.451569,Skinbyjahan@gmail.com,Skinbyjahan@gmail.com,7138771074,7138771074,6577 Bayou Glen Rd,Houston,TX,77057,US,3601 Westheimer Rd,Unit E,Houston,TX,US,77027,https://www.kai-spa.com/,no,gold,4,3,yes,no,8.157162630573167
PUN28WYQ,Therapy Hair Studio,77027,"Houston, TX 77027, USA",29.740582,-95.451569,therapyhairstudio@live.com,TherapyHairStudio@live.com,7133554247,7133554247,2727 Saint St,Houston,TX,77027,US,2727 Saint St,,Huston,TX,US,77027,https://www.therapyhairstudio.com/,no,bronze,2,5,yes,no,8.157162630573167
7KW5DMTM,"Queen Aesthetics, LLC",77024,"Houston, TX 77024, USA",29.772614,-95.514496,info@queenaesthetics.net,info@queenaesthetics.net,8324264489,8324264489,333 W loop N,Houston,TX,77024,US,333 W loop N,440,Houston,TX,US,77024,https://www.queenaesthetics.net/,no,partner,1,7,no,no,14.006069477718336
FGPVQCG2,Carolina Pintos Therapy,77079,"Houston, TX 77079, USA",29.78019,-95.609001,mirandahomero@gmail.com,mirandahomero@gmail.com,7134744774,7134744774,11777 katy freeway,Houston,TX,77079,US,11777A Katy Fwy,Suite 260,Houston,TX,US,77079,https://carolinapintos.com/,no,partner,1,6,yes,no,23.165822432230343
YMTMUP8E,Sweet Magnolias Med Spa,77084,"Houston, TX 77084, USA",29.829651,-95.666832,Sweetmagnoliasmedspa@gmail.com,Sweetmagnoliasmedspa@gmail.com,9563071334,9563071334,6810 Strathmore Place Ct,Katy,TX,77449,US,4654 Hwy 6 N,Suite 207,Houston,TX,US,77084,,no,partner,1,6,no,no,29.65907813438617
8CYEXYAK,Illume Aesthetics,77095,"Houston, TX 77095, USA",29.910831,-95.656311,kala@illume-aesthetics.com,Kala@illume-aesthetics.com,5414105289,3462760209,18626 Courteous Way,Cypress,TX,77433,US,12251 Queenston Blvd,Suite 2,Houston,TX,US,77095,https://illume-aesthetics.com/,no,partner,1,6,no,no,32.296855734640886
4YK22RWV,B&B Laser Spa,77433,"18420 FM 529 Rd, Suite 300, Cypress, 77433, TX, US",29.880196,-95.689934,bblaserspa99@gmail.com,bblaserspa99@gmail.com,,,18420 FM 529 Rd,Cypress,TX,77433,US,18420 FM 529 Rd,Suite 300,Cypress,TX,US,77433,,no,partner,1,6,no,no,33.62071573160726
ZFCXNE7Q,Refine Skin Spa,77379,"Klein, TX 77379, USA",30.031427,-95.530235,stephanie.mouser@refineskinspatx.com,stephanie.mouser@refineskinspatx.com,2818387509,2818387509,20003 Lobelia Manor Ct,Spring,TX,77379,US,20003 Lobelia Manor Ct,,Spring,TX,US,77379,https://www.refineskinspatx.com/,no,bronze,3,5,yes,no,33.89179425324955
IcIn9rmm,Ayur Aesthetics PLLC,77459,"Missouri City, TX 77459, USA",29.477308,-95.530235,ayuraesthetics@outlook.com,ayuraesthetics@outlook.com,8325206816,8325206816,7022 Baitland Drive,Missouri City,TX,77459,US,7070 Knight Ct,Suite 1702,Missouri City,TX,US,77459,,no,partner,1,6,no,no,35.0457733367641
RZCUCTJC,"Medspa At Villagio, LLC",77450,"Park Row, TX 77450, USA",29.745703,-95.740517,medspaatvillagio@gmail.com,medspaatvillagio@gmail.com,2813472566,2813472566,22764 Westheimer Pkwy,Katy,TX,77450,US,22764 Westheimer Pkwy,Suite 690,Katy,TX,US,77450,https://medspaatvillagio.com/,no,partner,1,6,yes,no,35.79330404436009
FeRZbvsb,Eyesthetics,77433,"Cypress, TX 77433, USA",29.964373,-95.751045,drc@cypressoptique.com,drc@cypressoptique.com,2819428520,2819428520,10920 Fry Rd,Cypress,TX,77433,US,10920 Fry Rd,Ste 550,Cypress,TX,US,77433,http://www.cypressoptique.com/,no,partner,1,6,yes,no,43.19042265277895
B4SD8X5V,Arhez Wellness,77494,"Park Row, TX 77494, USA",29.742025,-95.824837,arhezwellness@gmail.com,arhezwellness@gmail.com,8323723161,8323723161,23960 Katy Freeway,Katy,TX,77494,US,23960 Katy Fwy,Suite 320,Katy,TX,US,77494,http://www.arhezwellness.com/,no,partner,1,6,no,no,43.94420612557586
U3TG6DAZ,Glowing Expressions,85014,"Phoenix, AZ 85014, USA",33.508331,-112.05658,janlg2000@hotmail.com,janlg2000@hotmail.com,4808610568,4808610568,1530 E Maryland Ave #8,Phoenix,AZ,85014,US,1530 E Maryland Ave #8,,Phoenix,AZ,US,85014,,no,partner,1,6,no,no,6.838065333962714
H8WMA5EH,"Rise Aesthetics, LLC.",85014,"Phoenix, AZ 85014, USA",33.508331,-112.05658,jamie.thenp@gmail.com,jamie.thenp@gmail.com,8053410917,8053410917,18309 N 28th PL,Phoenix,AZ,85032,US,5333 N 7th St,c-223,Phoenix,AZ,US,85014,https://riseaesthetics.co/,no,partner,1,6,yes,no,6.838065333962714
GY88QPS2,Eye Love Smiles Eye & Dental Care,85301,"Glendale, AZ 85301, USA",33.534924,-112.184753,kathyvuod@gmail.com,kathyvuod@gmail.com,6234146476,6234146476,11851 N 51st Ave,Glendale,AZ,85304,US,11851 N 51st Ave,Ste 120A,Glendale,AZ,US,85301,http://www.eyelovesmiles.com/,no,partner,1,6,no,no,14.179305798218463
DETRB7P4,Suzanne Morris PLLC,85044,"Phoenix, AZ 85044, USA",33.321114,-111.988022,suzannem.np@gmail.com,suzannem.np@gmail.com,5202529576,5202529576,3941 E Chandler Blvd 105,Phoenix,AZ,85048,US,4802 E Ray Rd,Suite 23-264,Phoenix,AZ,US,85044,https://rewindaz.com/,no,partner,1,6,yes,no,16.173583126767237
RCCEB999,Touch and Glow Med Spa,85306,"Glendale, AZ 85306, USA",33.62228,-112.172829,wendybeltran@touchandglowskincare.com,wendybeltran@touchandglowskincare.com,6025629800,6025629800,5620 West Thunderbird Rd,Glendale,AZ,85306,US,5620 West Thunderbird Rd,Suite D3,Glendale,AZ,US,85306,http://touchandglowskincare.com,no,partner,1,6,no,no,21.46311127607037
XKXVDCQ7,Phoenix Natural Family Medicine,85224,"Chandler, AZ 85224, USA",33.326031,-111.874748,sarahprestonhesler@gmail.com,sarahprestonhesler@gmail.com,4806489710,4806489710,312 N Alma School Rd,Chandler,AZ,85224,US,312 N Alma School Rd,Suite 17,Chancler,AZ,US,85224,,no,partner,1,7,no,no,22.84923862352429
Q9ZXC36S,Desert Reign Medspa,85340,"Litchfield Park, AZ 85340, USA",33.509907,-112.345695,dr.b@desertreignmedspa.com,dr.b@desertreignmedspa.com,6232328052,6232328052,13000 W Indian School Rd,Litchfield Park,AZ,85340,US,13000 W Indian School Road,Suite A2,Litchfield Park,AZ,US,85340,,no,partner,1,6,yes,no,26.24327633715709
SMFSE44W,You're Beautiful Aesthetics,85308,"Glendale, AZ 85308, USA",33.664516,-112.202637,yourebeautifulaesthetics@gmail.com,jentilton79@gmail.com,6233636563,4808091070,6524 W Honeysuckle Dr,Phoenix,AZ,85083-1806,US,6320 W Union Hills,B1500,Glendale,AZ,US,85308,http://yourebeautifulaesthetics.com,no,partner,1,6,yes,no,26.895326109139816
ZJPBXTKX,Palo Aesthetics & Wellness,85308,"Glendale, AZ 85308, USA",33.664516,-112.202637,haleigh@paloaesthetics.com,haleigh@paloaesthetics.com,6026176578,6026176578,3138 W Waltann Ln,Phoenix,AZ,85053,US,19805 N 51st Ave,Suite 43,Glendale,AZ,US,85308,https://paloaesthetics.com/,no,partner,1,6,yes,no,26.895326109139816
XRX9HR58,"Serenity Aesthetics & Wellness, PLLC",19118,"Philadelphia, PA 19118, USA",40.070332,-75.207062,serenityawmedspa@gmail.com,serenityawmedspa@gmail.com,2152786638,2152786638,937 Sunny Hill Ln,Harrisburg,PA,17111,US,8133 Germantown Ave,,Philadelphia,PA,US,19118,https://serenityawmedspa.com/,no,partner,1,6,yes,no,13.569153933477732
wVq7Vr7I,Smooth Lines by Audrey PLLC,78201,"San Antonio, TX 78201, USA",29.46357,-98.522675,smoothlinesrn@gmail.com,smoothlinesrn@gmail.com,2108638918,2108638918,117 N Josephine Tobin Dr,San Antonio,TX,78201,US,117 N Josephine Tobin Dr,,San Antonio,TX,US,78201,http://www.smoothlinesbyaudrey.com/,no,no_tier,0,99,yes,no,5.060284340334746
AK93XBWW,Refined Eye Care & Eyewear Gallery,78132,"Canyon Lake, TX 78132, USA",29.788925,-98.199425,info@refinedeyecare.com,info@refinedeyecare.com,8303023357,8303023357,2188 State Hwy 46 W,New Braunfels,TX,78132,US,2188 State Hwy 46 W,Ste 102,"New Braunfels,",TX,US,78132,https://refinedeyecare.com/,no,partner,1,6,yes,no,49.49858495691222
1OM3P35S,Siren Beauty + Wellness,78610,"Hays, TX 78610, USA",30.081736,-97.842957,Sirenbeautyandwellness@gmail.com,Sirenbeautyandwellness@gmail.com,5123610016,5123610016,569 Main St,Buda,TX,78610,US,569 Main St,,Buda,TX,US,78610,https://sirenbeautyandwellness.com/,no,partner,1,6,no,no,96.36761793352731
VUTXEH2C,Skin Envy Austin,78745,"Sunset Valley, TX 78745, USA",30.215387,-97.796013,agnes@skinenvyaustin.com,agnes@skinenvyaustin.com,5124433000,5124433000,2500 W. William Cannon Dr. ,Austin,TX,78745,US,2500 W. William Cannon Drive,#601,Austin,TX,US,78745,http://skinenvyaustin.com,no,partner,1,6,yes,no,110.73401387776502
FJPMFYEK,Santai body spa,78041,"Laredo, TX 78041, USA",27.567663,-99.445045,santaibodyspa@gmail.com,santaibodyspa@gmail.com,9569529543,9569529543,3712 josefina Dr,Laredo,TX,78041,US,2715East Del Mar Blvd,Suite A6 ,Laredo,TX,US,78041,,no,no_tier,0,99,no,no,226.46674030836604
SiRB0JUY,RenewedYou LLC,78414,"Corpus Christi, TX 78414, USA",27.64743,-97.362457,lsanchezfnp@outlook.com,lsanchezfnp@outlook.com,3616928736,3616928736,7922 Rancho Vista Blvd E,Corpus Christi,TX,78414,US,7922 Rancho Vista Blvd E,,Corpus Christi,TX,US,78414,,no,partner,1,6,no,no,226.50706060494505
KD6QO7L0,Aura of Eden Med Spa,78363,"Kingsville, TX 78363, USA",27.445683,-97.850395,auraofeden78@gmail.com,auraofeden78@gmail.com,3617205800,3617205800,5343 S. Hwy 77,Kingsville,TX,78363,US,5343 S. Hwy 77,,Kingsville,TX,US,78363,,no,no_tier,0,99,no,no,228.94463001161196
X928DCH4,Exquisite MD Spa,92101,"San Diego, CA 92101, USA",32.726967,-117.164711,alicjasteinermd@hotmail.com,alicjasteinermd@hotmail.com,6196422557,6196422557,2100 5th Ave,San Diego,CA,92101,US,2100 5th Ave,Suite 100,San Diego,CA,US,92101,https://www.exquisitemdspa.com/,no,partner,1,7,no,no,1.2938756249503809
IZE8MU59,Skyn Alchemy,92120,"San Diego, CA 92120, USA",32.792625,-117.073524,Hello@skynalchemy.co,Hello@skynalchemy.co,6193231721,6193231721,5442 Waring Rd,San Diego,CA,92120,US,10330 Friars Rd,,San Diego,CA,US,92120,,no,no_tier,0,99,no,no,11.837995910842286
BK9CLYQ5,Brow Lounge Beauty,92037,"La Jolla, CA 92037, USA",32.828327,-117.255852,info@browlounge.net,Kristl@browlounge.net,8584599800,8584599800,933 Silverado Street,La Jolla,CA,92037,US,933 Silverado Street,,La Jolla,CA,US,92037,http://browlounge.net,no,partner,1,6,yes,no,15.337543795576044
4Z5QZLN8,Scott R Miller MD,92037,"La Jolla, CA 92037, USA",32.828327,-117.255852,betsi@millercosmeticsurgery.com,betsi@millercosmeticsurgery.com,8584533133,8584533133,9834 Genesee Avenue,La Jolla,CA,92037,US,9834 Genesee Avenue,Ste 210,La Jolla,CA,US,92037,https://www.millercosmeticsurgery.com/,no,partner,1,6,no,no,15.337543795576044
RESTORESD858,Restore SD Plastic Surgery,92122,"San Diego, CA 92122, USA",32.856384,-117.202934,drgallus@restoresdplasticsurgery.com,Info@restoresdplasticsurgery.com,8582242281,8582242281,8899 University Center Lane,San Diego,CA,92122,US,8899 University Center Lane,Suite 200,San Diego,CA,US,92122,https://restoresdplasticsurgery.com/,no,partner,1,6,yes,no,16.121028227795303
DKP8L5LC,Faces+,92121,"San Diego, CA 92121, USA",32.898113,-117.202934,facesskingym@gmail.com,facesskingym@gmail.com,+8584537224,+8584537224,4510 Executive Dr,San Diego,CA,92121,US,4510 Executive Drive,Suite 200,San Diego,CA,US,92121,https://www.facesplus.com/,no,partner,1,7,yes,no,20.65290764515675
FACESPLUS858,"FacesPlus Plastic Surgery, Skin and Laser Center",92121,"San Diego, CA 92121, USA",32.898113,-117.202934,khorton@facesplus.com,khorton@facesplus.com,8584537224,8584537224,4510 Executive Dr,San Diego,CA,92121,US,4510 Executive Drive,Suite 200,San Diego,CA,US,92121,https://www.facesplus.com/,no,bronze,2,5,yes,no,20.65290764515675
YD4XBUL3,LeFlame Aesthetics (WellCulture MedSpa),92121,"San Diego, CA 92121, USA",32.898113,-117.202934,kohl.jamie@gmail.com,kohl.jamie@gmail.com,8587887823,8587887823,5703 Oberlin Drive ,San Diego,CA,92121,US,5703 Oberlin Drive,Suite 301,San Diego,CA,US,92121,https://wellculturemed.com/,no,no_tier,0,99,yes,no,20.65290764515675
MYHWGY6L,Alexus Surgery Center & Medspa,92121,"San Diego, CA 92121, USA",32.898113,-117.202934,melissa@alexusmd.com,melissa@alexusmd.com,8584557557,8584557557,"5720 Oberlin Drive,",San Diego,CA,92121,US,"5720 Oberlin Drive,",,San Diego,CA,US,92121,https://alexusmd.com/,no,partner,1,6,no,no,20.65290764515675
2SUHYVVW,M Beauty Clinic,92126,"San Diego, CA 92126, USA",32.918476,-117.138237,mauriciotess@yahoo.com,cpmauricio@hotmail.com,8586894990,8586894990,9888 Carroll Centre Road,San Diego,CA,92126,US,"9888 Carroll Centre Rd, Suite 101",,San Diego,CA,US,92126,https://mbeautyclinic.com/about%20us.htm,no,gold,4,3,yes,no,22.644272139466192
DF3P28HU,"Bridget Briggs MD, Inc",92592,"Temecula, CA 92592, USA",33.438061,-117.008789,jaclynmfisk@gmail.com,jaclynmfisk@gmail.com,9512978624,9512978624,25470 Medical Center Dr,Murrieta,CA,92563,US,31170 Temecula Parkway,Suite 100,Temecula,CA,US,92592,,no,partner,1,6,no,no,81.56226034292708
JLSQFM8M,The Art of Skin,92672,"San Clemente, CA 92672, USA",33.415474,-117.584801,lilah@theartofskinoc.com,lilah@theartofskinoc.com,9493100331,9493100331,2340 South El Camino Real  13,San Clemente,CA,92672,US,2340 South El Camino Real  13,, San Clemente,CA,US,92672,,no,no_tier,0,99,no,no,87.2519603054919
2XZQDGGG,Newport Beach Dermatology and Plastic Surgery SJ,92675,"Mission Viejo, CA 92675, USA",33.503922,-117.561325,kerry@mcneillderm.com,kerry@newportbeachdps.com,9497067886,9497067886,27512 Calle Arroyo,San Juan Capistrano,CA,92675,US,27512 Calle Arroyo,,San Juan Capistrano,CA,US,92675,https://www.newportbeachdps.com/,no,bronze,2,5,yes,no,95.24024436136064
BKP5TCD2,OC Dermatology / West Dermatology,92677,"Laguna Beach, CA 92677, USA",33.532028,-117.702148,atejnani@ocdermatology.com,atejnani@ocdermatology.com,9495652562,9495652562,30201 Golden Lantern,Laguna Niguel,CA,92677,US,30201 Golden Lantern,,Laguna Niguel,CA,US,92677,https://www.westdermatology.com/san-clemente?gclid=CjwKCAiAgc-ABhA7EiwAjev-j8kUSUnub35oT1wN9IF7umdp7qOHAp67qBAV2SjfaQa9qNItfW80ORoCdRQQAvD_BwE,no,custom,6,2,no,no,103.81405267239664
DX23AX3H,La Paz Optometric Center,92653,"Aliso Viejo, CA 92653, USA",33.590279,-117.696281,aaronsako@yahoo.com,aaronsako@yahoo.com,9497761802,9497761802,25260 La Paz Road,Laguna Hills,CA,92653,US,25260 La Paz Road,Suite G,Laguna Hills,CA,US,92653,,no,partner,1,6,yes,no,109.26441912358916
WETMCA3P,Soul & Beauty MEDX,92691,"Mission Viejo, CA 92691, USA",33.606281,-117.672821,rank@soulandbeautymedx.com,rank@soulandbeautymedx.com,9494818881,9494818881,27529 Puerta Real,Mission Viejo,CA,92691,US,27529 Puerta Real,#9,Mission Viejo,CA,US,92691,https://soulandbeautymedx.com/,no,partner,1,6,no,no,109.88487848754556
XWES9SMB,Facial Aesthetic Concepts,92688,"Rancho Santa Margarita, CA 92688, USA",33.63736,-117.608276,kimberly@newbeautymd.com,kimberly@newbeautymd.com,9492974141,9492974141,22411 Antonio Pkwy #C-120,Rancho Santa Margarita,CA,92688,US,22411 Antonio Pkwy,,Rancho Santa Margarita,CA,US,92688,https://www.newbeautymd.com/,no,partner,1,6,no,no,110.60802993483496
J7KLSTC4,Saddleback Dermatology & Laser Center,92630,"Lake Forest, CA 92630, USA",33.644753,-117.684547,c.rock@sbderm.com,c.rock@sbderm.com,9492816373,9497708115,23832 Rockfield Blvd,Lake Forest,CA,92630,US,23832 Rockfield Blvd,Suite 210,Lake Forest,CA,US,92630,https://www.saddlebackdermatology.com/,no,partner,1,6,yes,no,114.21172999703806
5Y6J8GQL,Saddleback Dermatology Laser + Cosmetic Center,92630,"Lake Forest, CA 92630, USA",33.644753,-117.684547,c.rock+5Y6J8GQL@sbderm.com,c.rock+5Y6J8GQL@sbderm.com,+19497708115,+19497708115,23832 Rockfield Bl Ste 210,Lake Forest,CA,92630,US,23832 Rockfield Bl,Ste 210,Lake Forest,CA,US,92630,https://www.saddlebackdermatology.com,no,partner,1,6,no,no,114.21172999703806
7Q2V5RHR,Concierge Aesthetics,92618,"Irvine, CA 92618, USA",33.665241,-117.749069,info@conciergeaesthetics.com,info@conciergeaesthetics.com,9499101609,9499101609,113 Waterworks Way,Irvine,CA,92618,US,113 Waterworks Way,#340,Irvine,CA,US,92618,http://www.ca-oc.com,no,partner,1,6,yes,no,118.91411287347724
F4H2AQFQ,Lemmon Avenue Age Management,75204,"Dallas, TX 75204, USA",32.799477,-96.78688,shannon@drdeuber.com,shannon@drdeuber.com,2142202712,2142202712,2801 Lemmon Avenue West,Dallas,TX,75204,US,2801 Lemmon Avenue West,Suite 300,Dallas,TX,US,75204,http://www.drdeuber.com,no,partner,1,6,no,no,2.7068704557588688
956PH3NJ,The Aesthetic Link,75219,"Dallas, TX 75219, USA",32.812206,-96.810982,info@theskincarelink.com,info@theskincarelink.com,9403688992,9403688992,5219 Mission Ave ,Dallas,TX,75206,US,4525 Lemmon Ave,Suite 380,Dallas,TX,US,75219,https://theskincarelink.com/,no,partner,1,7,yes,no,4.162928327974199
4T5XHFDZ,Sanctum Wellness PLLC,75209,"Dallas, TX 75209, USA",32.853287,-96.829742,angelica@sanctumwell.com,angelica@sanctumwell.com,2157296299,2157296299,5600 W Lovers Ln,Dallas,TX,75209,US,5600 W Lovers Ln,STE 100,Dallas,TX,US,75209,https://www.sanctumwell.com/,no,partner,1,6,yes,no,9.053179593956113
UVFB2ZNQ,Eleven Wellness LLC,75225,"Dallas, TX 75225, USA",32.866844,-96.78688,Ckelly@findyour11.com,Ckelly@findyour11.com,8334837471,8334837471,6117 Berkshire Lane,Dallas,TX,75225,US,6117 Berkshire Lane,,Dallas,TX,US,75225,http://www.elevenwellness.com,no,bronze,2,5,no,no,10.07191468875378
A9A3L2O4,Skin Health Concierge,75231,"Dallas, TX 75231, USA",32.879807,-96.754753,Skinhealthconcierge@gmail.com,Skinhealthconcierge@gmail.com,2145860878,2145860878,10457 Coleridge St,Dallas,TX,75218,US,10300 N Central Expressway,Suite 320,Dallas,TX,US,75231,,no,no_tier,0,99,no,no,12.128821212069449
GR27ZJRH,God Given Healing,75149,"Mesquite, TX 75149, USA",32.75835,-96.610374,godgivenhealing@gmail.com,godgivenhealing@gmail.com,4694726209,4694726209,342 Ash Brook Ln,Sunnyvale,TX,75182,US,700 US-80,,Mesquite,TX,US,75149,http://www.godgivenhealing.com/,no,partner,1,7,no,no,17.566913671998666
XFRUC5AQ,Viva Dermatology,76040,"Euless, TX 76040, USA",32.821201,-97.103638,jolazagasti@vivadermatology.com,jolazagasti@vivadermatology.com,8177548884,8177548884,601 Westpark Way,Euless,TX,76040,US,"601 Westpark Way,",,Euless,TX,US,76040,https://www.vivadermatology.com/,no,partner,1,6,yes,no,29.08651745239465
49TP6269,The Esthetic Collective,77318,"Willis, TX 77318, USA",30.433613,-95.540733,mallory@waxprostudio.com,Mallory@waxprostudio.com,+12816597926,+12816597926,10653 FM 1097,Willis,TX,77318,US,10653 FM 1097 W,Unit C,Willis,TX,US,77318,https://www.waxprostudio.com/,no,bronze,2,5,yes,no,212.13129567930207
YRCXZAQD,FamWell MD,32207,"Jacksonville, FL 32207, USA",30.294918,-81.636391,mmoore@rcobgyn.com,mmoore@rcobgyn.com,9042076094,9042076094,836 Prudential Drive,Jacksonville,FL,32207,US,836 Prudential Dr,#1103,Jacksonville,FL,US,32207,https://famwellmd.com/,no,partner,1,6,no,no,4.447591218557614
C8CYWZDN,Jax Medi Spa LLC,32216,"Jacksonville, FL 32216, USA",30.290691,-81.57061,lcarey@orlespain.com,lcarey@orlespain.com,9042335055,9042335055,3100 University Blvd S ,Jacksonville,FL,32216,US,3100 University Blvd S,Suite 100,Jacksonville,FL,US,32216,,no,partner,1,6,no,no,9.545332119580715
AWK49FBG,New Reflections JAX LLC,32223,"Jacksonville, FL 32223, USA",30.160852,-81.632675,nanz1127@yahoo.com,Nanz1127@yahoo.com,3214469300,3214469300,11111 San Jose,Jacksonville,FL,32223,US,"11111 San Jose Blvd, #72, Studio 111",,Jacksonville,FL,US,32223,https://www.newreflectionsjax.com/,no,partner,1,6,no,no,18.952680663756784
HLUU3ZL3,Beauty by Moonia,32250,"Jacksonville, FL 32250, USA",30.274593,-81.411415,beautybymoonia@gmail.com,beautybymoonia@gmail.com,9045711829,9045711829,2370 3rd St S,Jacksonville Beach,FL,32250,US,2370 3rd St S,,Jacksonville Beach,FL,US,32250,https://beautybymoonia.com/,no,partner,1,6,yes,no,24.561771509209745
X7UH29ST,PONTE VEDRA CORPORATION PONTE VEDRA CLUB,32082,"Ponte Vedra Beach, FL 32082, USA",30.16326,-81.37294,mdeese@pvresorts.com,mdeese@pvresorts.com,9042737700,9042737700,302 Ponte Vedra Blvd,Ponte Vedra Beach,FL,32082,US,302 Ponte Vedra Blvd,,Ponte Vedra Beach,FL,US,32082,https://www.pvspa.com/,no,silver,3,4,no,no,33.145254105867885
YLB4SBVC,Contoura Facial Plastic Surgery,32082,"Ponte Vedra Beach, FL 32082, USA",30.16326,-81.37294,cynthia@contoura.com,CYNTHIA@CONTOURA.COM,9046868020,9046868020,230 A1A North,Ponte Vedra Beach,FL,32082,US,230 SR-A1A,,Ponte Vedra Beach,FL,US,32082,https://contoura.com/,no,bronze,2,5,no,no,33.145254105867885
5MH84B5J,"Dermagnify: Mark Cappel, MD",32082,"Ponte Vedra Beach, FL 32082, USA",30.16326,-81.37294,derm@magnifydx.com,derm@magnifydx.com,9046867771,9046867771,100 Executive Way,Ponte Vedra Beach,FL,32082,US,100 Executive Way,#114,Ponte Vedra Beach,AL,US,32082,,no,no_tier,0,99,no,no,33.145254105867885
PFU8ATZH,I Am Tula Health,32084,"St Augustine Beach, FL 32084, USA",29.910963,-81.37294,katherine@iamtulahealth.com,katherine@iamtulahealth.com,9494321744,9494321744,112 Marshside Dr,Augustine,FL,32080,US,24 Cathedral Place,Suite 411,St Augustine,FL,US,32084,https://www.iamtulahealth.com/,no,partner,1,7,yes,no,54.0955652511013
K6FHHD25,St Augustine Spa,32084,"St. Augustine, FL 32084, USA",29.910963,-81.37294,claudine.aguilera@gmail.com,claudine.aguilera@gmail.com,9048004772,9048004772,665 SR 207,St Augustine,FL,32084,US,665 SR 207,,St Augustine,GA,US,32084,https://www.staugspa.com/,no,partner,1,6,no,no,54.0955652511013
DU8BYM8U,"Solangel Med Spa, LLC",32080,"St Augustine Beach, FL 32080, USA",29.836283,-81.28492,soli@solangelmedspa.com,soli@solangelmedspa.com,9042177736,9042177736,6899 A1A South,St Augustine,FL,32080,US,6899 A1A South,,St Augustine,FL,US,32080,https://solangelmedspa.com/,no,partner,1,6,yes,no,65.63096192742135
FQ8UH9NU,Spa Life Skin & Laser,32086,"ST AUG BEACH, FL 32086, USA",29.758057,-81.31794,spalifeskinlaser@att.net,spalifeskinlaser@att.net,9048066999,9048066999,105 Southpark Blvd,Saint Augustine,FL,32086,US,105 South Park Blvd Suite 203,,St Augustine,FL,US,32086,https://www.spalifeskinlaser.com/,no,bronze,2,5,yes,no,71.55287816134626
3PWWK9WB,A New U,32175,"Ormond Beach, FL 32175, USA",29.28957,-81.046143,Bauderllc@gmail.com,bauderllc@gmail.com,3868723488,3868723488,444 Chelsea Place Avenue,Ormond Beach,FL,32174,US,175 South Nova Rd.,#3,Ormond Beach,FL,US,32175,,no,bronze,2,5,no,no,129.9069744561101
K3ZVGU77,Balanced Body Wellness and Aesthetics,34471,"Ocala, FL 34471, USA",29.157192,-82.122398,botoxbybrandi@gmail.com,botoxbybrandi@gmail.com,3524542304,3524542304,419 SW 15th St,Ocala,FL,34471,US,419 SW 15th St,Suite 201,Ocala,FL,US,34471,https://www.curatedaesthetics.com/,no,partner,1,6,yes,no,137.8398361219651
QH4SWNBU,Transform Aesthetic Center,32168,"New Smyrna Beach, FL 32168, USA",29.003426,-81.053383,transformaestheticcenter@gmail.com,hnbt43@gmail.com,3868827830,3868827830,"1405 Dalbora Rd,",Merritt Island,FL,32168,US,821 Canal St.,,New Smyrna Beach,FL,US,32168,https://www.transformfl.com/,no,partner,1,6,yes,no,158.66939164271142
FE848SYP,Theo Medical Dermatology,32703,"Apopka, FL 32703, USA",28.653915,-81.548676,drtheo@theomedicaldermatology.com,drtheo@theomedicaldermatology.com,4076713634,4076713634,3030 East Semoran Blvd,Apopka,FL,32703,US,3030 East Semoran Blvd,Suite 258,Apopka,FL,US,32703,http://theomedicaldermatology.com/,no,partner,1,7,no,no,186.65111732133795
18HJZ9OS,Skin and Body By Milly,32707,"Casselberry, FL 32707, USA",28.667875,-81.312431,facetimebymc@gmail.com,facetimebymc@gmail.com,4075918880,4075918880,5401 Leighton Lane,Oviedo,FL,32765,US,1750 Sun Shadow Drive, Suite 134,Casselberry,FL,US,32707,,no,no_tier,0,99,no,no,187.8138693301454
VXMDGF3T,Soluma Aesthetics,32765,"Oviedo, FL 32765, USA",28.677744,-81.196793,bianca.g.moon@gmail.com,bianca.g.moon@gmail.com,7867977005,7867977005,3838 Landlubber Street,Orlando,FL,32812,US,1954 FL-426,Suite 1124 Studio 14,Oviedo,FL,US,32765,https://solumaaesthetics.com/,no,partner,1,6,yes,no,189.065358464893
F22UAC6M,Palmetto Aesthetics Medical Spa,29323,"Chesnee, SC 29323, USA",35.140781,-81.887985,palmetto.aesthetics@gmail.com,palmetto.aesthetics@gmail.com,8649784710,8649784710,109 Union St,Chesnee,SC,29323,US,109 Union St,Unit A,Chesnee,SC,US,29323,https://www.palmettoaestheticsmedicalspa.com/,no,bronze,3,5,yes,no,95.6419729587472
MP9RW5P5,The Skin Boutique,29601,"Greenville, SC 29601, USA",34.850555,-82.393997,courtneyhickman@outlook.com,courtneyhickman@outlook.com,8644197212,8643457546,2530 E North Street Unit 5F,Greenville,SC,29615,US,205 N Laurens St,Suite B,Greenville,SC,US,29601,,no,silver,4,4,yes,no,147.4640215992378
A7FHHU2U,Black Cactus Skin Studio,37138,"Lakewood, TN 37138, USA",36.226665,-86.630875,simplyskinandbrows@gmail.com,simplyskinandbrows@gmail.com,6159275808,6159275808,914 Nonaville Rd,Mount Juliet,TN,37122,US,14310 Lebanon Rd,,Old Hickory,TN,US,37138,https://msha.ke/blackcactusskinstudio,no,partner,1,6,no,no,15.283606508333376
SV2R3XT6,Selene Skin Medspa LLC,37138,"Lakewood, TN 37138, USA",36.226665,-86.630875,admin@seleneskinmedspa.com,admin@seleneskinmedspa.com,5856899422,5856899422,2221 Old Hickory Blvd,Old Hickory,TN,37138,US,2221 Old Hickory Blvd,,Old Hickory,TN,US,37138,https://seleneskinmedspa.com/,no,partner,2,6,yes,no,15.283606508333376
VHf2rGuW,Wisdom Wellness and Aesthetics,37209,"Nashville, TN 37209, USA",36.148487,-86.952393,madison.wisdom@wisdomwellnessgroup.com,madison.wisdom@wisdomwellnessgroup.com,3172819038,3172819038,1257 Oaklawn Rd,Chapmansboro,TN,37035,US,6339 Charlotte Pike #1268,,Nashville,TN,US,37209,https://wisdomwellnessgroup.com/,no,partner,1,6,yes,no,15.414528566196172
TGW8GX52,Southern Aesthetics,37075,"Hendersonville, TN 37075, USA",36.323307,-86.600624,customerservice@southernaesthetics.com,customerservice@southernaesthetics.com,6157672830,6157672830,132 Maple Row Blvd #570,Hendersonville,TN,37075,US,132 Maple Row Blvd,#570,Hendersonville,TN,US,37075,https://www.southernaesthetics.com/,no,no_tier,0,99,no,no,24.1348690326906
HCQXCXTX,Salt Haven MedSpa,37075,"Hendersonville, TN 37075, USA",36.323307,-86.600624,sarah@saltmedspa.com,sarah@saltmedspa.com,6158247258,6158247258,393 East Main Street,Hendersonville,TN,37075,US,393 East Main Street,Suite V,Hendersonville,TN,US,37075,,no,partner,1,6,no,no,24.1348690326906
WKCNUNY9,Skinworks Wellness & Aesthetics LLC,37075,"Hendersonville, TN 37075, USA",36.323307,-86.600624,kristen@skinworkswellness.com,Kristen@skinworkswellness.com,7654377090,7654377090,300 Indian Lake Blvd,Hendersonville,TN,37075,US,300 Indian Lake Blvd,Suite T200,Hendersonville,TN,US,37075,https://www.skinworkswellness.com/,no,partner,1,6,no,no,24.1348690326906
V4BG63TB,Aspire Aesthetics,37075,"Hendersonville, TN 37075, USA",36.323307,-86.600624,aspireaesthetics91@gmail.com,Aspireaesthetics91@gmail.com,6158427576,6158427576,109 Hazel Path,Nashville,TN,37075,US,109 Hazel Path,Suite 1,Nashville,TN,US,37075,https://www.aspireaestheticstn.com/,no,silver,3,4,yes,no,24.1348690326906
UE7QCA8G,Pretty & Co Aesthetics,86403,"Lake Havasu City, AZ 86403, USA",34.47884,-114.346031,honey.lexie@gmail.com,honey.lexie@gmail.com,9282089959,9282089959,4125 Trimaran Dr,Lake Havasu City,AZ,86406,US,2035 Mesquite Ave C,,Lake Havasu City,AZ,US,86403,,no,partner,1,6,yes,no,201.50212296585232
VYZPXGHW,Desert Medical Rejuvenation Inc,92270,"Rancho Mirage, CA 92270, USA",33.769447,-116.43119,dmrejuv@outlook.com,dmrejuv@outlook.com,7603154443,7603154443,35-900 Bob Hope Drive,Rancho Mirage,CA,92270,US,35-900 Bob Hope Drive,Suite 130,Rancho Mirage,CA,US,92270,https://dmrejuv.com/,no,partner,1,6,yes,no,291.889633180877
H8WD6QCP,Senza Medical,92373,"Redlands, CA 92373, USA",34.012749,-117.161766,staff@senzamedical.com,staff@senzamedical.com,9097933563,9097933563,226 Nordina Street,Redland,CA,92373,US,226 Nordina Street,,Redland,CA,US,92373,https://www.senzamedical.com/,no,partner,1,7,yes,no,302.453892357333
G9W7PVVP,Visionaire Optometry Spa,92508,"Riverside, CA 92508, USA",33.890926,-117.326385,drsanashakil@gmail.com,drsanashakil@gmail.com,9514983937,9514983937,18876 Van Buren Blvd,Riverside,CA,92508,US,18876 Van Buren Blvd,Suite 203,Riverside,CA,US,92508,http://www.visionaireoptometryspa.com/,no,partner,1,6,yes,no,322.4249040232704
9JPAGLPV,True Essence Aesthetics,91710,"Ontario, CA 91710, USA",34.012024,-117.678688,sbrooks1818@yahoo.com,sbrooks1818@yahoo.com,9092706009,9092706009,4085 Grand Ave,Chino,CA,91710,US,4085 Grand Ave,Studio 20,Chino,CA,US,91710,https://www.trueessenceaesthetics.com/,no,partner,1,7,yes,no,333.2145493315706
EU2GNDVD,Imperial Dermatology,92821,"Brea, CA 92821, USA",33.931671,-117.860451,jessie.hou@imperialderm.com,jessie.hou@imperialderm.com,7149871818,7149871818,330 E Lambert Rd,Brea,CA,92821,US,3000 E Imperial Hwy,STE 150,Brea,CA,US,92821,https://imperialderm.com/,no,partner,1,6,yes,no,351.24673966079314
QCRL348M,OC Medical Tustin,92780,"Tustin, CA 92780, USA",33.737217,-117.81356,dr.portales@ocmedicaltustin.com,dr.portales@ocmedicaltustin.com,7144426642,7144426642,113 Waterworks Way,Irvine,CA,92618,US,14642 Newport Ave,Suite 270,Tustin,CA,US,92780,https://ocmedicalaesthetics.com/,no,partner,1,6,yes,no,364.2177917745731
4iapbima,Skin Unlimited,37101,"McEwen, TN 37101, USA",36.04443,-87.638382,pvaughnrn@yahoo.com,pvaughnrn@yahoo.com,9316220253,9316220253,1997 Ogden Rd,McEwen,TN,37101,US,1997 Ogden Rd,,McEwen,TN,US,37101,,no,partner,1,6,no,no,239.87193678424708
JFYUXKZK,Derma Dickson A Medspa,37055,"Dickson, TN 37055, USA",36.10516,-87.420753,heather.dermadickson@gmail.com,heather.dermadickson@gmail.com,6153751293,6153751293,118 N Main Street,Dickson,TN,37055,US,118 N Main Street,,Dickson,TN,US,37055,http://www.dermadickson.com,no,bronze,2,5,yes,no,260.49921549052715
8XUIqZnZ,BeauTifful Aesthetics LLC,62959,"Marion, IL 62959, USA",37.697598,-88.922226,Tiffanygardner1@beautiffulaesthetics.com,Tiffanygardner1@beautiffulaesthetics.com,6184992307,6184992307,14580 Pittsburg Road,Marion,IL,62959,US,805 West Deyoung St,Suite E,Marion,IL,US,62959,https://beautiffulaesthetics.com/,no,partner,1,6,yes,no,300.91231718337286
F6K4S8V3,"Bellisima Laser Aesthetics and Wellness Clinic, Inc.",62948,"Herrin, IL 62948, USA",37.815388,-89.027489,victoriaz1976@yahoo.com,victoriaz1976@yahoo.com,7136284987,7136284987,1604 S 22nd St,Herrin,IL,62948,US,1604 S 22nd St,,Herrin,IL,US,62948,http://www.bellisimaskincenter.com,no,bronze,2,5,yes,no,310.3498394695164
S2P7M73B,Keen Eyecare Consultants,47715,"Evansville, IN 47715, USA",37.961952,-87.470306,hanishods@gmail.com,hanishods@gmail.com,8122008112,8122008112,6436 E Florida St,Evansville,IN,47715,US,6436 E. Florida Street,Suite 102,Evansville,IN,US,47715,http://www.keen-eyecare.com/,no,partner,1,6,yes,no,152.41660327753578
3LJ8YGMX,Added Touch LLC,37172,"Springfield, TN 37172, USA",36.525066,-86.862183,anjeewilson@yahoo.com,anjeewilson@yahoo.com,6152684025,6152684025,502 S Main St #304,Springfield,TN,37172,US,502 S Main Street,#304,Springfield,TN,US,37172,https://addedtouchllc.com/,no,partner,1,7,yes,no,214.53705634299536
5D9UB3NR,Eighth Element,37172,"Springfield, TN 37172, USA",36.525066,-86.862183,eighthelementspa@gmail.com,eighthelementspa@gmail.com,4062105108,4062105108,3712 Baggett Rd ,Springfield,TN,37172,US,500a S Main St,suite 303,Springfield,TN,US,37172,https://www.eighthelementspa.com/,no,partner,1,6,yes,no,214.53705634299536
3CLD9G3H,Tucson Plastic Surgery,85718,"Tucson, AZ 85718, USA",32.308559,-110.914902,business@glowskinandwellness.com,business@glowskinandwellness.com,5204489490,5204152420,5780 N Swan Rd,Tucson,AZ,85718,US,5780 N Swan Rd,,Tucson,AZ,US,85718,https://tucsonplasticsurgery.com/,no,bronze,2,5,yes,no,500.82014940683456
YNMXV64K,DMC Aesthetics,85712,"Tucson, AZ 85712, USA",32.254093,-110.885094,admin1@aestheticsatdmc.com,admin1@aestheticsatdmc.com,5202402634,5202402634,10042 E Old Vail Road,Tucson,AZ,85747,US,4715 E Camp Lowell,,Tucson,AZ,US,85712,www.aestheticsatdmc.com,no,partner,1,6,yes,no,502.5177280872742
L2TNZRFL,Beauty Collective,85704,"Oro Valley, AZ 85704, USA",32.339504,-110.986427,beautycollectiveaz@gmail.com,beautycollectiveaz@gmail.com,5203318887,5203318887,6076 N Oracle Rd,Tuscon,AZ,85704,US,6076 N. Oracle Rd.,,Tucson,AZ,US,85704,https://www.beautycollective.vip/,no,partner,1,6,no,no,503.8979228714669
TSN2PHRQ,Breeze Med Spa,85249,"Chandler, AZ 85249, USA",33.223667,-111.821091,breezemedspaaz@gmail.com,breezemedspaaz@gmail.com,4802629218,4807917029,23590 S 202nd St,Queen Creek,AZ,85142,US,4205 S Gilbert Rd #27,,Chandler,AZ,US,85249,https://breezemedspaaz.com/,no,partner,1,6,yes,no,133.7920506206138
VKQMZ93N,FitLife MedSpa,85248,"Chandler, AZ 85248, USA",33.234444,-111.863388,info@fitlifemedspa.com,info@fitlifemedspa.com,4803007350,4803007350,4981 S. Arizona Ave #2,Chandler ,AZ,85248,US,4981 S. Arizona Ave #2,,Chandler,AZ,US,85248,https://fitlifemedspa.com/,no,partner,1,6,no,no,137.11917852399208
7Q6CKEBR,LaVida MedSpa,85286,"Chandler, AZ 85286, USA",33.266441,-111.821091,ericmorga@gmail.com,ericmorga@gmail.com,4804063456,4804063456,3020 South Gilbert Rd,Chandler,AZ,85286,US,3020 South Gilbert Rd,Suite 4,Chandler,AZ,US,85286,https://lavidamedspa.com/,no,bronze,3,5,yes,no,137.64291761055637
G6KJ5DJC,Pure Approach Skincare,30312,"Atlanta, GA 30312, USA",33.744095,-84.377861,kathryn@pureapproachskin.com,kathryn@pureapproachskin.com,4049445358,4049445358,215 Carroll St SE ,Atlanta,GA,30316,US,215 Carroll St SE,Unit A,Atlanta,GA,US,30312,http://pureapproachskin.com/,no,partner,1,6,no,no,1.1922092119225154
ETUZAV7T,Beaty Facial Plastic Surgery,30309,"Atlanta, GA 30309, USA",33.797115,-84.380486,drlaurabeaty@beatymd.com,drlaurabeaty@beatymd.com,7707530053,7707530053,1100 Peachtree Street NW ,Atlanta,GA,30309,US,1100 Peachtree Street NW,Suite 850,Atlanta,GA,US,30309,https://beatymd.com/,no,partner,1,6,no,no,5.277320133358861
GYWbHv0t,Truffles Aesthetics - Atlanta,30309,"Atlanta, GA 30309, USA",33.797115,-84.380486,ted@trufflesaesthetics.com,ted@trufflesaesthetics.com,7704602001,7704602001,874 W Lanier Ave,Fayetteville,GA,30214,US,2233 Peachtree Rd,Suite K,Atlanta,GA,US,30309,https://www.trufflesaesthetics.com/,no,partner,1,6,yes,no,5.277320133358861
G2P2XFP8,"Poppy Aesthetics, LLC",30324,"Atlanta, GA 30324, USA",33.81842,-84.359467,poppy@poppydays.com,poppy@poppydays.com,4046555244,4046555244,1265 Lavista Rd NE,Atlanta,GA,30324,US,1159 Lavista Rd NE,,Atlanta,GA,US,30324,https://www.poppydays.com/,no,partner,1,6,yes,no,8.054559642339026
PSW88APJ,Wohlers Dentistry,30305,"Atlanta, GA 30305, USA",33.836311,-84.385742,Jdhwohlers@gmail.com,Jdhwohlers@gmail.com,4049944471,4049944471,3333 Piedmont Rd NE,Atlanta,GA,30305,US,3333 Piedmont Rd NE,#130,Atlanta,GA,US,30305,,no,partner,1,6,no,no,9.586624218007923
7M7HDJQN,Skintherapy,30305,"Atlanta, GA 30305, USA",33.836311,-84.385742,skintherapybuckhead@gmail.com,skintherapybuckhead@gmail.com,4046447140,4046447140,5970 Long Island Drive,Atlanta,GA,30328,US,110 E Andrews Dr. NW,#304,Atlanta,GA,US,30305,http://www.skintherapybuckhead.com/,no,partner,1,6,no,no,9.586624218007923
APFRSLIV,Slim Studio Face & Body,30305,"Atlanta, GA 30305, USA",33.836311,-84.385742,Robbie@slimstudioatlanta.com,Robbie@slimstudioatlanta.com,4044107777,4044107777,56 E Andrews Dr NW,Atlanta,GA,30305,US,56 E Andrews Dr NW,,Atlanta,GA,US,30305,,no,no_tier,0,99,no,no,9.586624218007923
UB5EBBWW,Altered Skin Lab,30326,"Atlanta, GA 30326, USA",33.849144,-84.362091,facesbyshae@gmail.com,facesbyshae@gmail.com,9165952038,9165952038,3535 Peachtree Rd NE,Atlanta,GA,30326,US,3535 Peachtree Rd NE,,Atlanta,GA,US,30326,,no,no_tier,0,99,no,no,11.277701781171116
UXUpTMaS,Sulis Skincare and Spa LLC,30326,"Atlanta, GA 30326, USA",33.849144,-84.362091,quellyn.kennedy@gmail.com,quellyn.kennedy@gmail.com,4046832152,4046832152,4640 Vinings Canyon Bend,Atlanta,GA,30339,US,3535 Peachtree Rd NE,"Ste 310, Loft 3",Atlanta,GA,US,30326,http://sulisskinspa.com/,no,no_tier,0,99,no,no,11.277701781171116
JamgKAmC,Dermatology Specialist of Atlanta,30033,"Decatur, GA 30033, USA",33.809223,-84.280548,vwhite@dermspecialistsatl.com,vwhite@dermspecialistsatl.com,6789074932,6789074932,1670 Scott Blvd,Decatur,GA,30033,US,1670 Scott Blvd,Suite 202,Decatur,GA,US,30033,https://dermpathatlanta.com/,no,partner,1,6,no,no,11.948367073383814
5PCWXGJN,Skin of Culture and Hair Center,30345,"Atlanta, GA 30345, USA",33.848419,-84.285812,hr@socahcenter.com,hr@socahcenter.com,4044742301,4044742301,2296 Henderson Mill Rd,Atlanta,GA,30345,US,2296 Henderson Mill Rd,Unit 300,Atlanta,GA,US,30345,https://socahcenter.com/,no,partner,1,6,yes,no,14.47490792463839
GNFB5Z76,"JM Barber Consulting, LLC",30339,"Atlanta, GA 30339, USA",33.867687,-84.464516,jmboyles722@gmail.com,jmboyles722@gmail.com,4047548188,4047548188,1827 Powers Ferry Rd,Atlanta,GA,30339,US,1827 Powers Ferry Rd,,Atlanta,GA,US,30339,,no,bronze,2,5,no,no,14.838320799779217
D8378FSK,Gentle Giant Care,30342,"Atlanta, GA 30342, USA",33.885662,-84.36998,gentlegiantcarellc@gmail.com,gentlegiantcarellc@gmail.com,6789747410,6789747410,5445 Peachtree Dunwoody road,Sandy Springs,GA,30342,US,5445 Peachtree Dunwoody roa,,Atlanta,GA,US,30342,https://gentlegiantcarellc.com/,no,partner,1,6,no,no,15.167748644489864
G2PCG998,The Atlanta Center for Restorative Dentistry,30342,"Atlanta, GA 30342, USA",33.885662,-84.36998,info@acfrd.com,info@acfrd.com,4042522125,4042522125,5685 Lake Placid Dr,Atlanta,GA,30342,US,5685 Lake Placid Dr,,Atlanta,GA,US,30342,http://acfrd.com/,no,partner,1,6,no,no,15.167748644489864
VKK4CP9C,Skin Therapy Bar,30342,"Atlanta, GA 30342, USA",33.885662,-84.36998,info@skintherapybar.com,info@skintherapybar.com,4047772970,4047772970,164 W Wieuca,Atlanta,GA,30342,US,164 W Wieuca,Suite 5,Atlanta,GA,US,30342,https://www.skintherapybar.com/,no,partner,1,6,yes,no,15.167748644489864
YJSWCLEP,Longstreet Clinic - Dahlonega,30342,"Sandy Springs, GA 30342, USA",33.885662,-84.36998,deidra.brewer@nghs.com,deidra.brewer@nghs.com,7063442569,7063442569,23 Tipton Drive,Dahlonega,GA,30533,US,23 Tiption Dr.,,Dahlonega,GA,US,30342,https://www.longstreetclinic.com/,no,bronze,3,5,no,no,15.167748644489864
626RVBH5,"Metro Derm, PC - Atlanta",30342,"Sandy Springs, GA 30342, USA",33.885662,-84.36998,rayhall711@gmail.com,mnufrio@metroderm.org,6783633343,6783633343,875 Johnson Ferry Rd NE,Atlanta,GA,30342,US,875 Johnson Ferry Road NE,,Atlanta,GA,US,30342,https://metroderm.org/,no,partner,1,6,no,no,15.167748644489864
JZIZO8Q2,Atlanta Institute for Advanced Education,30342,"Sandy Springs, GA 30342, USA",33.885662,-84.36998,deb2993@aol.com,deb2993@aol.com,4042522126,4042522126,5685 Lake Placid Dr Ne,Atlanta,GA,30342,US,5685 Lake Placid Dr Ne,,Atlanta,GA,US,30342,,no,no_tier,0,99,no,no,15.167748644489864
D71D3DFU,Breast Body Beauty Plastic & Reconstructive Surgery,30080,"Smyrna, GA 30080, USA",33.880692,-84.506485,gina@breastbodybeauty.com,gina@breastbodybeauty.com,6785401144,6785401144,6205 Riverside Drive,Sandy Springs,GA,30328,US,1300 Hawthorne Avenue Southeast,, Smyrna,GA,US,30080,,no,no_tier,0,99,no,no,18.153244209313247
8YA4LLA3,SHAPE & SKIN Medical Spa & Weight Loss,92649,"Huntington Beach, CA 92649, USA",33.72105,-118.047882,vrinkley@gmail.com,info@shapeandskinmedical.com,7143777546,7025332303,5911 Warner Ave,Huntington Beach,CA,92649,US,5911 Warner Ave,,Huntington Beach,CA,US,92649,https://www.shapeandskinmedical.com/,no,partner,1,7,yes,no,14.545015285445444
XVLRDWHB,Coastal Anti-Aging Medical Group,90505,"Torrance, CA 90505, USA",33.810177,-118.352036,Luellah2@gmail.com,info@drchongkim.com,14243280203,14243280203,23560 Madison St #204,Torrance,CA,90505,US,23560 Madison St #204,,Torrance,CA,US,90505,https://www.drchongkim.com/?utm_source=gmb_auth,no,partner,1,6,no,no,15.293736083164095
9G4QSMYX,Calabloom Medspa,90505,"Torrance, CA 90505, USA",33.810177,-118.352036,julie@calabloom.com,Info@calabloom.com,3103166700,3103166700,3730 CA-1 #201,Torrance,CA,90505,US,3730 CA-1 #201,,Torrance,CA,US,90505,https://calabloom.com/,no,partner,1,6,yes,no,15.293736083164095
NMWJ4E75,"Brandon Richland, MD",92708,"Fountain Valley, CA 92708, USA",33.716877,-117.960045,k.hall@richlandaesthetics.com,k.hall@richlandaesthetics.com,7142410646,7142410646,914 Chestnut Pl,Newport Beach,CA,92660,US,9900 Talbert Ave,Suite 101,Fountain Valley,CA,US,92708,http://www.richlandmd.com/,no,partner,1,6,yes,no,22.40221525014681
R9AGMAYS,Beauty with a Mission,92627,"Costa Mesa, CA 92627, USA",33.649624,-117.919044,heather@beautywithamission.com,heather@beautywithamission.com,9498772720,9498772720,234 E. 17th Street,Costa Mesa,CA,92627,US,234 E. 17th Street,Suite 110,Costa Mesa,CA,US,92627,https://beautywithamission.com/,no,partner,1,6,no,no,28.72142445600236
JQ6R28YM,Dr Monica Kieu DO,92663,"Newport Beach, CA 92663, USA",33.615829,-117.930756,concierge@drmonicakieu.com,concierge@drmonicakieu.com,9496455179,9496455179,361 Hospital Rd,Newport Beach,CA,92663,US,361 Hospital Rd,Ste 522,Newport Beach,CA,US,92663,https://drmonicakieu.com/,no,partner,1,6,yes,no,29.766375025162255
TYBP7MNG,"Hung V-Ong MD, Inc DBA Bella Cara Dermatology",92663,"Newport Beach, CA 92663, USA",33.615829,-117.930756,bellacaraderm.tina@gmail.com,bellacaraderm.tina@gmail.com,9496467546,9496467546,495 Old Newport Road,Newport Beach,CA,92663,US,495 Old Newport Road,Suite 200,Newport Beach,CA,US,92663,http://www.bellacaradermatology.com/,no,partner,1,6,yes,no,29.766375025162255
QQ5G62NN,Skin Truth,92663,"Newport Beach, CA 92663, USA",33.615829,-117.930756,bristanko@gmail.com,christie@skintruth.com,7705108959,4166566166,361 Hospital Rd,Newport Beach,CA,92663,US,361 Hospital Rd,Ste 522,Newport Beach,CA,US,92663,https://skintruth.com/,no,partner,1,6,no,no,29.766375025162255
425KRGTF,"Bita Bagheri, MD",92663,"Newport Beach, CA 92663, USA",33.615829,-117.930756,info@bitabagherimd.com,info@bitabagherimd.com,9492367900,9492367900,520 Superior Ave #335,Newport Beach,CA,92663,US,520 Superior Ave #335,,Newport Beach,CA,US,92663,https://bitabagherimd.com/,no,bronze,2,5,no,no,29.766375025162255
TGZXS2UT,California Vein Specialists,92660,"Newport Beach, CA 92660, USA",33.630135,-117.872169,sarahu@calveins.com,sarahu@calveins.com,9493391032,9493391032,180 Newport Center Drive,Newport Beach,CA,92660,US,180 Newport Center Drive,#120,Newport Beach,CA,US,92660,https://www.ezveinsoc.com/,no,partner,1,6,yes,no,33.570711373092
ZKGRKPYZ,Dr. Lavinia Chong,92660,"Newport Beach, CA 92660, USA",33.630135,-117.872169,erika@chongmd.com,erika@chongmd.com,9496441400,9496441400,1401 Avocado Ave #803,Newport Beach,CA,92660,US,1401 Avocado Ave #803,,Newport Beach,CA,US,92660,https://www.chongmd.com/,no,partner,1,6,yes,no,33.570711373092
HN769Y6S,"Boris Ackerman, MD",92660,"Newport Beach, CA 92660, USA",33.630135,-117.872169,ashley.drackerman@gmail.com,kimberly.drackerman@gmail.com,9497593284,9497593284,3720 Blue Key Drive,Corona del Mar,CA,92625,US,360 San Miguel Drive,607,Newport Beach,CA,US,92660,http://www.doctorackerman.com,no,partner,1,6,no,no,33.570711373092
DEYBZVG7,Aloha Bliss Skin Care,92660,"Newport Beach, CA 92660, USA",33.630135,-117.872169,alohablissskincare@gmail.com,alohablissskincare@gmail.com,9497012818,9497012818,1645 Iowa St,Costa Mesa,CA,92626,US,4001 Birch Street #C,,Newport Beach,CA,US,92660,https://alohablissskincare.com/,no,partner,1,6,yes,no,33.570711373092
MKMYGENV,Beaute Laser Aesthetics,92660,"Newport Beach, CA 92660, USA",33.630135,-117.872169,khoa@beautelaseraesthetics.com,LinhKNgoMD@gmail.com,9498778987,9498778987,250 Newport Center Drive,Newport Beach,CA,92660,US,250 Newport Center Drive,#100,Newport Beach,CA,US,92660,https://beautelaseraesthetics.com/,no,partner,1,6,no,no,33.570711373092
E57W6XL7,Silverberg Surgical & Medical Group,92660,"Newport Beach, CA 92660, USA",33.630135,-117.872169,lvertheim@westderm.com,lvertheim@westderm.com,9493345023,9493345023,680 Newport Center Dr,Newport Beach,CA,92660,US,1401 Avocado Ave,Suite 703,Newport Beach,CA,US,92660,https://www.westdermatology.com/providers/nancy-silverberg,no,no_tier,0,99,no,no,33.570711373092
GL6IXX59,Ageless Skin Rejuvenation,23456,"Virginia Beach, VA 23456, USA",36.735821,-76.027588,AgelessSkinRejuvenation1@gmail.com,AgelessSkinRejuvenation1@gmail.com,7577071231,7577071231,3865 Border Way,Virginia Beach,VA,23456,US,3388 Princess Anne Road Second floor,,Virginia Beach ,VA,US,23456,https://agelessskinrejuvenation.com/,no,no_tier,0,99,yes,no,13.57997171938573
4NHX7C79,"Carrie Labert, PA-C",23456,"Virginia Beach, VA 23456, USA",36.735821,-76.027588,Clabert.cvh@gmail.com,Clabert.cvh@gmail.com,7575728376,7575728376,1036 Ranchero Rd,Virginia Beach,VA,23456,US,1036 Ranchero Road,,Virginia Beach,VA,US,23456,https://dermacarehr.com/carrie-labert/,no,partner,1,6,no,no,13.57997171938573
M5XJ945K,Renew Skin & Laser Clinic dba Dermacare Skin & Laser Clinic,23320,"Chesapeake, VA 23320, USA",36.757801,-76.21315,beth@dermacarehr.com,beth@dermacarehr.com,7577547546,7577547546,747 Volvo Pkwy # 102,Chesapeake,VA,23320,US,747 Volvo Pkwy,#102,Chesapeake,VA,US,23320,,no,partner,1,6,no,no,23.295009009902586
I8KC0TD1,Luminosa By Francisca,33139,"Miami Beach, FL 33139, USA",25.783312,-80.148438,luminosabyfrancisca@gmail.com,luminosabyfrancisca@gmail.com,7865177227,7865177227,1670 Bay Road,Miami,FL,33139,US,1670 Bay Road,Apt 6E,Miami,FL,US,33139,,no,partner,1,6,no,no,4.962934594186077
GMF92SYL,E-Z Health Medical Center,33010,"Hialeah, FL 33010, USA",25.839203,-80.282303,iliana.diaz@ezhealthmc.com,Iliana.diaz@ezhealthmc.com,3058887378,3058887378,737 East 10 Street,Hialeah,FL,33010,US,737 East 10 Street,,Hialeah,FL,US,33010,https://www.ezhealthmc.com/,no,partner,1,6,no,no,12.506528372802048
UUX2DWDK,Manhattan Laser Spa LLC,33160,"Sunny Isles Beach, FL 33160, USA",25.934738,-80.137276,mila@manhattanlaserspa.com,mila@manhattanlaserspa.com,6468841774,6468841774,16850 Collins Ave,Sunny Isles,FL,33160,US,16850 Collins Ave,Unit 105,Sunny Isles,FL,US,33160,https://manhattanlaserspa.com/,no,partner,1,6,yes,no,20.001484929537398
SL1W07Z5,Glow Up Health and Wellness,33175,"Olympia Heights, FL 33175, USA",25.735712,-80.399261,glowupbodyandbeauty@gmail.com,glowupbodyandbeauty@gmail.com,3057985925,3057985925,16533 sw 50 terr,Miami,FL,33185,US,14255 sw 42 st,suite 103,Miami,FL,US,33175,https://glowupbb.janeapp.com/,no,no_tier,0,99,no,no,20.978729737653712
HXKK6FT2,Getskin LLC DBA: GetSkin Medical aesthetic Center,33009,"HALNDLE BCH, FL 33009, USA",25.982311,-80.148438,getskin.us@gmail.com,getskin.us@gmail.com,3059259660,3059259660,1001 N Federal Hwy #202,Hallandale Beach,FL,33009,US,1001 N Federal Hwy,#202,Hallandale Beach,FL,US,33009,https://www.getskin.us/,no,partner,1,6,no,no,24.91352000862839
YZSSB4FJ,Deanna Tomski Esthetics,33004,"604 Northeast 2nd Street, Dania Beach, FL 33004, US",25.985182,-80.13559,deanna4medarts@gmail.com,deanna4medarts@gmail.com,8473452117,8473452117,604 Northeast 2nd Street,Dania Beach,FL,33004,US,1250 E hallandale Beach Blvd,300,Hallandale Beach,FL,US,33009,,no,partner,1,6,no,no,25.480370103161093
H36LAAB3,"Bena Integrative Beauty, LLC",33029,"Hollywood, FL 33029, USA",25.983906,-80.432655,benabeauty@icloud.com,benabeauty@icloud.com,9549992278,9549992278,3800 SW 147th Avenue,Miramar,FL,33027,US,18503 Pines Blvd.,Suite 309,Pembroke Pines,FL,US,33029,https://www.benabeautyspa.com/,no,partner,1,6,yes,no,34.51564630648801
OBXIG8Gk,Sunrise Eye Care Specialty Lens and Dry Eye Institute,33323,"Sunrise, FL 33323, USA",26.151251,-80.310165,drb@2020visionplace.com,drb@2020visionplace.com,9548450665,9548450665,135 Weston Rd,Weston,FL,33326,US,12555 W Sunrise Blvd,,Sunrise,FL,US,33323,,no,partner,1,6,no,no,44.905829662289015
VZYM896N,"Turn Back Time, LLC",33030,"Homestead, FL 33030, USA",25.480274,-80.527176,rdunn011@bellsouth.net,rdunn011@bellsouth.net,7862550952,7862550952,1239 NE 8th Street,Homestead,FL,33033,US,1239 NE 8th St,,Homestead,FL,US,33030,https://turnbacktimefacials.com/,no,partner,1,6,yes,no,45.93292697326997
CKSMFHZ5,Atlantic Eyecare & Spa,33062,"Pompano Beach, FL 33062, USA",26.247448,-80.092598,nkalf@me.com,nkalf@me.com,9549463939,9549463939,2641 E. Atlantic Blvd,Pompano Beach,FL,33062,US,2641 E. Atlantic Blvd,Ste 102,Pompano Beach,FL,US,33062,http://www.atlanticeyecarectr.com/,no,partner,1,6,yes,no,54.91692944929565
G58D77VA,Boca Laser & Medical Spa,33432,"Boca Raton, FL 33432, USA",26.340158,-80.081429,bocalasermedicalspa@gmail.com,bocalasermedicalspa@gmail.com,5616749222,5616749222,950 Peninsula Corporate Circle,Boca Raton,FL,33487,US,190 Glades Rd,Suite D,Boca Raton,FL,US,33432,https://www.bocalasermedicalspa.com/,no,partner,1,7,yes,no,65.2617134103096
5ZQ3ZCJK,Dr. Giancarlo Plastic Surgery,33445,"Delray Beach, FL 33445, USA",26.464748,-80.10936,jm@doctorgiancarlo.com,jm@doctorgiancarlo.com,5615249672,5615249672,4600 Linton Blvd STE 310,Delray Beach,FL,33445,US,4600 Linton Blvd Suite 310,,Delray Beach,FL,US,33445,https://drgiancarlo.com/,no,partner,1,7,no,no,78.60950903035796
Y84GT9W7,Pure Youth Wellness & Aesthetics,33426,"Boynton Beach, FL 33426, USA",26.538694,-80.081429,nic.m.cap@gmail.com,Nic.m.cap@gmail.com,5615289038,5615289038,"398 N. Congress Avenue,",Boynton Beach,FL,33426,US,"398 N. Congress Avenue,",Suite 385 #20,Boynton Beach,FL,US,33426,https://youthfullypure.com/,no,partner,1,6,yes,no,87.09925144835809
82LVZYHT,"JuvAllure Med Spa & Wellness Center, LLC",33411,"West Palm Beach, FL 33411, USA",26.704414,-80.198662,juvallure@gmail.com,juvallure@gmail.com,5616767271,5619688462,10655 Oak Bend Way,Wellington,FL,33414,US,1241 N State Rd 7 #118,,Royal Palm Beach,FL,US,33411,https://juvallure.com/,no,partner,1,6,yes,no,104.82931125831074
49GD9LLT,"John Fasano, MD",34994,"Stuart, FL 34994, USA",27.191628,-80.248863,info@johnfasanomd.com,info@johnfasanomd.com,7722219111,7722219111,2572 NW Eventide Place,Stuart,FL,34994,US,509 SE Riverside Drive,#206,Stuart,FL,US,34994,https://johnfasanomd.com/,no,partner,1,6,no,no,159.10401282577362
TPRJMEDS,SkinCo,34102,"Naples, FL 34102, USA",26.132433,-81.795105,jessicajyoung90@gmail.com,jessicajyoung90@gmail.com,4844020444,4844020444, 501 Goodlette-Frank Rd ,Naples,FL,34102,US,501 Goodlette-Frank Rd,B106,Naples,FL,US,34102,https://jesthevaaesthetics.com/,no,partner,1,6,no,no,165.5238243011795
FYQD3S9B,"Gulf Coast Aesthetics, LLC",34109,"Naples, FL 34109, USA",26.242298,-81.767761,lauren@gcanaples.com,lauren@gcanaples.com,2395950209,2395950209,10621 Airport-Pulling Rd Suite 5,Naples,FL,34109,US,10621 Airport-Pulling Road,Suite 5,Naples,FL,US,34109,http://www.gcanaples.com,no,partner,1,6,no,no,166.31982997726567
HJTHJVQ8,Tribe Med Spa,34110,"Naples, FL 34110, USA",26.290455,-81.789635,ahone@tribemedspa.com,ahone@tribemedspa.com,2129259500,2129259500,1412 Hemingway Place,Naples,FL,34103,US,1201 Piper Blvd,,Naples,FL,US,34110,https://linktr.ee/tribemedspa?fbclid=IwZXh0bgNhZW0CMTAAAR3yj2YhybJVtuhPInwidXgtIZXUT8k9ehg5uFdOapG3tlPa_Kc4yLd5Gvs_aem_ZmFrZWR1bW15MTZieXRlcw,no,bronze,3,5,yes,no,170.1356747991847
7WNFMM8Y,Alissa's Skin Care of Naples,34108,"Naples, FL 34108, USA",26.250353,-81.806038,alissamaine123@aol.com,alissamaine123@aol.com,2395148777,2395148777,803 Vanderbilt Beach Rd,Naples,FL,34108,US,803 Vanderbilt Beach Rd,,Naples,FL,US,34108,,no,bronze,2,5,no,no,170.22518249299313
N51PL59K,PSL Laser and Aesthetics,34952,"Port St. Lucie, FL 34952, USA",27.293297,-80.28788,psllaserandaesthetics@gmail.com,psllaserandaesthetics@gmail.com,7723353110,7723353110,1967 SE Port St Lucie Blvd,Port St Lucie,FL,34952,US,1967 SE Port St Lucie Blvd,,Port St Lucie,FL,US,34952,https://pslhealthcenter.com/laser-and-aesthetics/?fbclid=PAZXh0bgNhZW0CMTEAAaZTO803-sLFgYgJ21Tzt-AWA2wx3_KB_px6zvR3PFEMokhO6SFokeVVev0_aem_KqVwUb42VrKbWbHQNDdejQ,no,partner,1,6,no,no,170.5757356002756
3BVJDVNP,Glo Skin Studio,55120,"Eagan, MN 55120, USA",44.872738,-93.14785,dianampost@gmail.com,dianampost@gmail.com,6515001613,6515001613,2361 Field Stone Ct,Mendota Heights,MN,55120,US,1720 Livingston Ave,Studio 23,West St Paul,MN,US,55120,https://gloskinandbrow.com/,no,partner,1,6,yes,no,14.880739089194872
Y5YLWT3H,Beyond Smiles Denta Spa,55118,"Sunfish Lake, MN 55118, USA",44.89732,-93.102715,spa@beyondsmilesdentaspa.com,maiyax@beyondsmilesdentaspa.com,6514576231,6514576231,1246 Gorman Ave,West St,MN,55118,US,34 Moreland Ave E,,West St Paul,MN,US,55118,https://www.cherokeedental.net/,no,bronze,2,5,yes,no,15.594332372695964
NMJ8TMVL,Nostalgia Aesthetics,55431,"Bloomington, MN 55431, USA",44.830814,-93.308678,chelstheinjector@gmail.com,chelstheinjector@gmail.com,9522227448,6122708641,6600 Lyndale Ave S,Richfield,MN,55423,US,2616 W 102nd Street,,Bloomington,MN,US,55431,https://www.nostalgiaaesthetics.com/,no,partner,1,6,yes,no,16.696815433091388
WC9JTXFV,Mary Page Skincare,55437,"Bloomington, MN 55437, USA",44.825115,-93.343925,maryepage59@gmail.com,maryepage59@gmail.com,9522886935,9522886935,5515 Sanibel Dr,Hopkins,MN,55343,US,5601 American Blvd W,suite 428,Bloomington,MN,US,55437,,no,partner,1,6,no,no,18.07478554482749
HU9HEK3F,"Pure Skin Aesthetics and Permanent Makeup, LLC",55337,"Burnsville, MN 55337, USA",44.775837,-93.268425,jaime@pureskinmn.com,Jaime@PureSkinMN.com,6124406016,6124406016,3000 County Rd 42w,Burnsville,MN,55337,US,3000 County Rd 42,W #104,Burnsville,MN,US,55337,https://pureskinmn.com/,no,partner,1,6,no,no,22.45360329682296
sHtZyMHM,New Beauty Esthetics LLP,55337 ,"Burnsville, MN 55337, USA",44.775837,-93.268425,kelli@newbeautyesthetics.com,kelli@newbeautyesthetics.com,6125946408,6125946408,13754 Frontier Ct,Burnsville,MN,55337,US,13754 Frontier Ct,#107 ,Burnsville ,MN,US,55337 ,https://newbeautyesthetics.com/,no,partner,1,6,yes,no,22.45360329682296
LH6JW8LM,Arijai Aesthetic And Wellness,55337,"Burnsville, MN 55337, USA",44.775837,-93.268425,drb@arijai.com,DrB@arijai.com,9524350605,9524350605,200 East Travelers Trail ,Burnsville,MN,55337,US,200 E Travelers Trail,UNIT 210,Burnsville,MN,US,55337,,no,partner,1,7,no,no,22.45360329682296
NKUEX2QX,Peters Orthodontics and Peters Aesthetics,55125,"Woodbury, MN 55125, USA",44.915424,-92.947563,petersmedicalaesthetics@gmail.com,petersmedicalaesthetics@gmail.com,6515788401,6515788401,707 Commerce Drive,Woodbury,MN,55125,US,707 Commerce Drive,,Woodbury,MN,US,55125,https://www.petersmedicalaesthetics.com/,no,partner,1,6,yes,no,25.926540900932803
VNWUZK35,Esthetique Injection Arts,55125,"Woodbury, MN 55125, USA",44.915424,-92.947563,kelley@esthetiqueinjectionarts.com,kelley@esthetiqueinjectionarts.com,6124751964,6124751964,"1386 Towerview Road, Towerview Road",Eagan,MN,55121,US,8160 Coller Way,Suite 17,Woodbury,MN,US,55125,https://www.esthetiqueinjectionarts.com/,no,partner,1,6,yes,no,25.926540900932803
ELRS4HRJ,La Vie MedSpa,55042,"Lake Elmo, MN 55042, USA",44.991516,-92.890465,vmparkermn@gmail.com,vmparkermn@gmail.com,6514425814,6514425814,320 Wedgewood Drive,St. Paul ,MN,55115,US,8925 33rd st,,St Paul Park,MN,US,55042,https://laviemedspamn.com/,no,partner,1,6,yes,no,29.49684494440289
QHYPX8AE,"Aesthetic Remedies Med Spa, LLC",55016,"Cottage Grove, MN 55016, USA",44.8321,-92.917595,aestheticremediesmedspa@gmail.com,aestheticremediesmedspa@gmail.com,6514347680,6514347680,8222 60th St S,Cottage Grove,MN,55016,US,7240 E. Point Douglas Rd. S,,Cottage Grove,MN,US,55016,,no,partner,1,6,yes,no,31.795414796054786
YNLC39MP,Re-Wellness & IV Bar,33618,"Carrollwood, FL 33618, USA",28.077108,-82.502342,info@re-wellnessandivbar.com,info@re-wellnessandivbar.com,8133744619,8133744619,13711 N Dale Mabry Hwy,Tampa,FL,33618,US,13711 North Dale,Mabry Highway,Tampa,FL,US,33618,,no,partner,1,6,no,no,14.587599700717544
WU4SZM7M,Zoleil Aesthetics,33635,"Tampa, FL 33635, USA",28.025354,-82.62133,zoleilmedicalaesthetics@gmail.com,zoleilmedicalaesthetics@gmail.com,7274735833,7274735833,8915 N River Rd,Tampa,FL,33635,US,13608 W Hillsborough Ave,,Tampa,FL,US,33635,https://zoleilaesthetics.com/,no,partner,1,6,no,no,17.942272966715844
RkoCQANa,Haus of Giving Face,34677,"Oldsmar, FL 34677, USA",28.045998,-82.680748,injectorkimmy@gmail.com,injectorkimmy@gmail.com,7272443878,7272443878,3028 Northfield Dr,Tarpon Springs,FL,34688,US,301 Woodlands Parkway,,Oldsmar,FL,US,34677,,no,partner,1,6,no,no,24.187028931857245
b0QY2HcI,Lux Injectables,33765,"Clearwater, FL 33765, USA",27.976503,-82.742805,contact@luxinjectables.com,contact@luxinjectables.com,7276988225,7276988225,2500 Sunset Point Road,Clearwater,FL,33765,US,2500 Sunset Point Road,,Clearwater,FL,US,33765,http://luxinjectables.com/,no,partner,1,6,no,no,28.03343370801857
ADC09IUZ,Natural Health Essentials,33765,"Clearwater, FL 33765, USA",27.976503,-82.742805,admin@ivessentials.net,admin@ivessentials.net,7274766339,7274766339,1541 Belleair Rdg,Clearwater,FL,33764,US,1825 Sunset Point Rd,Suite 2,Clearwater,FL,US,33765,,no,no_tier,0,99,no,no,28.03343370801857
5NQBEGBG,McGee's Health LLC,33765,"Clearwater, FL 33765, USA",27.976503,-82.742805,admin@mcgeeshealth.com,admin@mcgeeshealth.com,8138330994,8138330994,3852 Star Island Dr,Holiday,FL,34691,US,1825 Sunset Point,Suite 2, Clearwater,FL,US,33765,,no,partner,1,6,no,no,28.03343370801857
1N8P86I1,Gral Estetics,33755,"Clearwater, FL 33755, USA",27.981827,-82.788643,yana.gralnik@gmail.com,yana.gralnik@gmail.com,7867847763,7867847763,1020 Sunset Point RD,Clearwater,FL,33755,US,1020 Sunset Point RD,UNIT 411,Clearwater,FL,US,33755,,no,no_tier,0,99,no,no,32.571137086113495
GTPMMM9H,Better Life Clinics,34683,"Palm Harbor, FL 34683, USA",28.091036,-82.761681,k.ibrahim99@yahoo.com,k.ibrahim99@yahoo.com,7272504148,1234567891,2835 Alt 19,Palm Harbor,FL,34683,US,2835 Alt 19,,Palm Harbor,FL,US,34683,,no,bronze,3,5,no,no,33.530094929123564
3FD2QAVY,Neuvo Spa,33544,"Zephyrhills, FL 33544, USA",28.262119,-82.377731,aniediubani@hotmail.com,neuvohealthmd@gmail.com,8135599790,8135599790,11434  North 53rd Street,Temple Terrance,FL,33617,US,2653 Bruce B Downs Blvd,Suite 119,Wesley Chapel,FL,US,33544,https://www.theneuvospa.com/,no,partner,1,6,no,no,35.42105453089964
PP0XEDCH,Zoe Medical Spa By Wiregrass DPC,33544,"Zephyrhills, FL 33544, USA",28.262119,-82.377731,erin@wiregrassdpc.com,erin@wiregrassdpc.com,8137018092,8137018092,2236 Green Hedges Way,Wesley Chapel,FL,33544,US,2236 Green Hedges Way,Suite 101,Wesley Chapel ,FL,US,33544,,no,no_tier,0,99,no,no,35.42105453089964
7DEHC2BF,RMD Skincare,34689,"Tarpon Springs, FL 34689, USA",28.143698,-82.767075,rdamic13@yahoo.com,Rdamic13@yahoo.com,7275109739,7275109739,30 N Ring Ave,Palm Harbor,FL,34689,US,30 N ring Ave,suite 100,tarpon springs,FL,US,34689,https://salonnadora.com/about-us/rose-d-amico-6358264,no,partner,1,6,yes,no,37.03160494704391
y4b2gcY7,Slimplify,14305,"Niagara Falls, NY 14305, USA",43.119709,-79.030602,slimplifywny@gmail.com,slimplifywny@gmail.com,7164534700,7164534700,98 Old Carriage House Rd,Grand Island,NY,14072,US,1 Columbia Dr,Suite 2,Niagra Falls,NY,US,14305,http://www.slimplifywny.com/,no,partner,1,6,yes,no,283.5999221134775
YM3Z5CC5,Atwal Eye Care,14227,"Cheektowaga, NY 14227, USA",42.879559,-78.736282,debbied@atwalec.com,debbied@atwalec.com,7162181206,7162181206,3095 Harlem Road,Cheektowaga,NY,14225,US,3095 Harlem Road,,Buffalo,NY,US,14227,,no,partner,1,6,no,no,287.9797762238279
L65GK8G7,Newport Beach Dermatology and Plastic Surgery,92660,"Newport Beach, CA 92660, USA",33.630135,-117.872169,kerry@newportbeachdps.com,natalie@newportbeachdps.com,9497067886,9497067886,1441 Avocado Avenue,Newport Beach,CA,92660,US,1441 Avocado Avenue,Suite 702,Newport Beach,CA,US,92660,https://www.newportbeachdps.com/,no,bronze,2,5,yes,no,23.28535087083342
D2SXSLVK,AC Aesthetics,62002,"Alton, IL 62002, USA",38.93541,-90.140137,acaesthetics618@gmail.com,acaesthetics618@gmail.com,6189773926,6189773926,2411 Seminary Road,Brighton,IL,62012,US,4051 Humbert rd,,Alton,IL,US,62002,https://ac-aesthetics618.square.site/,no,partner,1,6,yes,no,34.61432247888661
NB7ZXJRT,Skin by Oksana,85396,"Buckeye, AZ 85396, USA",33.518337,-112.691376,skinbyoksanaaz@gmail.com,oksana.scott@gmail.com,6233408462,6233408462,4236 N Verrado Way,Buckeye,AZ,85396,US,4236 N Verrado Way,Ste 104,Buckeye,AZ,US,85396,https://skincarebyoksana.com/,no,partner,1,6,yes,no,349.7551581823911
VZDVHDF2,Majestic Beauty Spa PLLC,85396,"Buckeye, AZ 85396, USA",33.518337,-112.691376,majesticbeautyspa@gmail.com,majesticbeautyspa@gmail.com,6239865790,6239865790,4236 N Verrado Way a104,Buckeye,AZ,85396,US,4236 N Verrado Way a104,,Buckeye,AZ,US,85396,https://majesticbeautyspa.com/,no,bronze,3,5,yes,no,349.7551581823911
TSR2ZW3Y,Desert Derma MedSpa,85383,"Peoria, AZ 85383, USA",33.786816,-112.286087,lindabeymer1@gmail.com,linda@desertdermamedspa.com,6024780480,6024780480,29228 North 120th Lane,Peoria,AZ,85383,US,"24650 N. Lake Pleasant Pkwy Ste 101 Peoria, AZ 85383",Ste 101,Peoria,AZ,US,85383,https://www.desertdermamedspa.com/,no,partner,1,6,yes,no,350.9078099736449
Q9YLJTSS,Injx Bar,85383,"Peoria, AZ 85383, USA",33.786816,-112.286087,alyshacole0426@gmail.com,Alyshacole0426@gmail.com,4807375076,4807375076,10200 W Happy Valley Rd,Peoria,AZ,85383,US,10200 W Happy Valley Rd,125,Peoria,AZ,US,85383,https://www.injxbar.com/,no,partner,1,7,yes,no,350.9078099736449
FWCHGPEN,Arch & Crown Aesthetics,07044,"Verona, NJ 07044, USA",40.836742,-74.247276,aacaesthetics@gmail.com,aacaesthetics@gmail.com,2012493128,2012493128,886 Pompton Ave,Cedar Grove,NJ,07009,US,"110 Fairview Ave , suite 3",,Verona,NJ,US,07044,,no,partner,1,6,no,no,13.207869969285753
GBHKJ73B,"David Daniels, MD",07901,"Summit, NJ 07901, USA",40.714638,-74.364609,daviddanielsmd@gmail.com,daviddanielsmd@gmail.com,9085988222,9085988222,33 Overlook Road,Summit,NJ,07901,US,33 Overlook Road,Suite 403,Summit,NJ,US,07901,http://danielsgroupnj.com/,no,partner,1,6,no,no,16.133186776279945
WDT9KU2G,Beyouth Medspa & Wellness,07006,"North Caldwell, NJ 07006, USA",40.851524,-74.282486,info@beyouthmedspa.com,kim@beyouthmedspa.com,9735827500,9735827500,555 Passaic Ave,West Caldwell,NJ,07006,US,555 Passaic Ave,,West Caldwell,NJ,US,07006,,no,partner,1,6,no,no,16.14690831249743
NPGW7XAG,Skin Confidence By Kathy,07006 ,"North Caldwell, NJ 07006, USA",40.851524,-74.282486,skinconfidencebykathy@gmail.com,skinconfidencebykathy@gmail.com,2019210135,2019210135,10 kinglet ave,Marlboro,NJ,07746,US,307 Bloomfield Ave,suite 105 ,Caldwell ,NJ,US,07006 ,https://www.skinconfidencebykathy.com/,no,partner,1,6,yes,no,16.14690831249743
2AYNV48W,Northeastern Plastic Surgery,07932,"Florham Park, NJ 07932, USA",40.777245,-74.388069,dignory@drfodero.com,dignory@drfodero.com,9732956565,9732956565,83 Hanover Rd. suite 200,Florham Park,NJ,07932,US,220 Ridgedale Avenue,Suite C1,Florham Park,NJ,US,07932,https://www.northeasternplasticsurgery.com/,no,partner,1,6,no,no,18.6963519734728
it9ljP5v,The Peer Group for Plastic Surgery,07932,"Florham Park, NJ 07932, USA",40.777245,-74.388069,mdcandela@peergroupnj.com,mdcandela@peergroupnj.com,9738223000,9738223000,124 Columbia Turnpike,Florham Park,NJ,07932,US,124 Columbia Turnpike,,Florham Park,NJ,US,07932,https://www.peergroupnj.com/,no,partner,1,6,yes,no,18.6963519734728
DDU1U02P,Skin Theory Aesthetics,32751,"Maitland, FL 32751, USA",28.636675,-81.367439,info@ourskintheory.com,info@ourskintheory.com,5616351162,5616351162,2031 Dixie Belle,Orlando,FL,32812,US,171 S Orlando Ave,Suite B & C, Maitland,FL,US,32751,,no,no_tier,0,99,no,no,10.986915186403667
AI010AUU,Derrow Dermatology,32751,"Maitland, FL 32751, USA",28.636675,-81.367439,Awitt@derrowdermatology.com,Awitt@derrowdermatology.com,4073892020,4073892020,146 Orange Place,Maitland,FL,32751,US,146 Orange Place,,Maitland,FL,US,32751,https://www.derrowdermatology.com/,no,no_tier,0,99,no,no,10.986915186403667
R6PDLBPS,SJ Aesthetics,33513,"Bushnell, FL 33513, USA",28.657898,-82.193115,stacyljones@icloud.com,Stacyljones@icloud.com,3524270265,3524270265,109 E Joe P Strickland Jr Ave,Bushnell,FL,33513,US,109 E Joe P Strickland Jr Ave,,Bushnell,FL,US,33513,https://www.sjaestheticsmed.com/,no,partner,1,6,yes,no,80.59127629951999
A4EFAGLQ,Self Care Studio LLC,37874,"Sweetwater, TN 37874, USA",35.601334,-84.461739,daneledford@msn.com,daneledford@msn.com,4237122270,4237122270,712 N. Main St.,Sweetwater,TN,37874,US,712 N. Main St.,,Sweetwater,TN,US,37874,https://www.selfcare-studio.com/,no,partner,1,6,yes,no,98.63955442149754
QUPWX69K,Kare Aesthetics LLC,38583,"Sparta, TN 38583, USA",35.957794,-85.396278,kareaestheticstn@gmail.com,kareaestheticstn@gmail.com,9313163334,9317030127,383 W Bockman Way,Sparta,TN,38583,US,383 West Bockman Way,,Sparta,TN,US,38583,www.kareaestheticstn.com,no,partner,1,6,yes,no,101.7135682336108
534NUJGQ,"Salt MedSpa of Dawsonville, LLC",30534,"Dawsonville, GA 30534, USA",34.41291,-84.143517,sue@saltmedspa.com,sue@saltmedspa.com,6788357258,2134567089,78 Dawson Village Way N,Dawsonville,GA,30534,US,78 Dawson Village Way N,,Dawsonville,GA,US,30534,https://www.saltmedspadawsonville.com/,no,partner,1,6,yes,no,127.68664093930823
bpWpMjPu,"Tru U Medical & Weight Loss, LLC",30188,"Holly Springs, GA 30188, USA",34.128075,-84.448769,mosely@tru-umedicalweightloss.com,mosely@tru-umedicalweightloss.com,4703904598,7702248604,153 Prominence Court,Canton,GA,30114,US,233 Arnold Mill Rd,Suite 300,Woodstock,GA,US,30188,https://tru-umedicalweightloss.com/,no,partner,1,6,yes,no,128.91870006351866
KNOMA0PD,Coal Mountain Eye Care,30028,"Cumming, GA 30028, USA",34.271584,-84.196259,info@coalmountaineyecare.com,info@coalmountaineyecare.com,7707653195,7707653195,205 highland gate circle,suwanee,GA,30024,US,5310 Matt Highway,Suite 301,Cumming,GA,US,30028,coalmountaineyecare.com,no,no_tier,0,99,no,no,133.32826224379744
UZG05WUW,K. Mack Beauty,30028,"Cumming, GA 30028, USA",34.271584,-84.196259,kimberly@kmackbeauty.com,kimberly@kmackbeauty.com,4046631495,4046631495,3777 PEACHTREE RD NE,BROOKHAVEN,GA,30319,US,5685 Ga Hwy 400,Ste 200,CUMMING,GA,US,30028,,no,no_tier,0,99,no,no,133.32826224379744
K1SbwFLK,Youth Enhancements Systems Inc,30066,"Marietta, GA 30066, USA",34.019882,-84.511734,rashelleknott@yesmdatlanta.com,rashelleknott@yesmdatlanta.com,7704218094,7704218094,1455 Bells Ferry Rd,Marietta,GA,30066,US,1455 Bells Ferry Rd,Ste 100,Marietta,AL,US,30066,https://yesmdatlanta.com/about/,no,partner,1,6,no,no,135.46953067097817
RRY6Q7PE,Ageless Medical Spa,37934,"Concord, TN 37934, USA",35.872257,-84.175163,juliet@agelessmedicalspa.com,juliet@agelessmedicalspa.com,8655661900,8655661900,11673 Parkside Drive,Knoxville,TN,37934,US,11673 Parkside Drive,,Knoxville,TN,US,37934,https://agelessmedicalspa.com/,no,partner,1,6,yes,no,137.83312805186438
3B9MLTE4,"Slim Lab, LLC",30075,"Roswell, GA 30075, USA",34.058624,-84.385742,Slimlabga@gmail.com,Slimlabga@gmail.com,7135030093,7135030093,240 park bridge lane,Roswell,GA,30075,US,408 s Atlanta st,Unit 170,Roswell,GA,US,30075,,no,no_tier,0,99,no,no,138.5785979539204
P9AV4GC5,Elysion Health and Wellness LLC,30064,"Marietta, GA 30064, USA",33.934677,-84.595573,tgibsonmd@elysionhealth.com,info@elysionhealth.com,4703002259,4703002259,965 Geneva Walk NW,Kennesaw,GA,30152,US,3698 Largent Way,Suite 102,Marietta,GA,US,30064,https://www.elysionhealth.com/,no,partner,1,6,yes,no,139.8014129857076
rxgvZSHB,Natural Glow Aesthetics and Wellness,30064,"Marietta, GA 30064, USA",33.934677,-84.595573,criswellmedical@gmail.com,criswellmedical@gmail.com,4783659681,4783659681,36 Trammell St,Marietta,GA,30064,US,36 Trammell St,Suite 101,Marietta,GA,US,30064,https://www.naturalglowga.com/,no,partner,1,6,yes,no,139.8014129857076
K8J9SYRM,Misty Med Spa & Skin Rx,30062,"Marietta, GA 30062, USA",33.995789,-84.469765,mnbh20@gmail.com,mnbh20@gmail.com,4789556677,4789556677,1505 Johnson Ferry Rd,Marietta,GA,30062,US,1505 Johnson Ferry Rd,Ste 175,Marietta,GA,US,30062,https://mistymedspa.com/,no,partner,1,6,no,no,139.8165215094962
Lp0BgTI0,Opal Aesthetics - Charleston,29455,"Johns Island, SC 29455, USA",32.703869,-80.031136,audrey@opalcharleston.com,audrey@opalcharleston.com,8432261884,8432261884,508 Hayes Park Blvd,Johns Island,SC,29455,US,508 Hayes Park Blvd,,Johns Island,SC,US,29455,https://www.opalcharleston.com/,no,partner,1,6,yes,no,121.26377758484018
5V4WF21K,Skin Clique LLC,29412,"Charleston, SC 29412, USA",32.708767,-79.952843,sbullock@skinclique.com,nchang@skinclique.com,8332253558,8332253558,218 Howle Ave,Charleston,SC,29412,US,218 Howle Ave,Ste A,Charleston,SC,US,29412,,no,no_tier,0,99,no,no,127.66113264982096
Z85MQNYA,Coastal Ketamine & Aesthetics,29407,"1700 Ashley River Rd, Suite B, Charleston, 29407, SC, US",32.80032,-80.012657,coastalketaminechs@gmail.com,coastalketaminechs@gmail.com,,,1948 Long Grove Drive,Mount Pleasant,SC,29464,US,1700 Ashley River Rd,Suite B,Charleston,SC,US,29407,,no,partner,1,6,no,no,129.00814865158725
9HEXMD3R,Anew You Aesthetics and Med Spa,29407,"Charleston, SC 29407, USA",32.801762,-79.997589,info@anewyoucharleston.com,info@anewyoucharleston.com,8438006503,8438006503,742 Saint Andrews Boulevard West Ashley,Charleston,SC,29407,US,903 St Andrews Blvd,Ste C,Charleston,SC,US,29407,https://www.anewyoucharleston.com/,no,partner,1,6,yes,no,130.2184080387375
Z5VBU5QP,Shoreline Aesthetics,29407,"Charleston, SC 29407, USA",32.801762,-79.997589,shorelineaesthetics@gmail.com,shorelineaesthetics@gmail.com,8645205041,8645205041,815 Savannah Hwy,Charleston,SC,29407,US,815 Savannah Hwy,Suite 101,Charleston,SC,US,29407,https://www.shorelineaestheticschs.com/,no,partner,1,7,yes,no,130.2184080387375
UVRBQ78G,Stick Fix,29403,"Charleston, SC 29403, USA",32.800724,-79.95005,stickfixchs@gmail.com,stickfixchs@gmail.com,8888888888,8888888888,125 Simons St,Charleston,SC,29403,US,125 Simons St,,Charleston,SC,US,29403,https://www.stickfixcharleston.com/,no,partner,1,6,yes,no,133.69368430796226
2NNB2DWK,Portico Longevity,29401,"Charleston, SC 29401, USA",32.779144,-79.924866,porticolongevity@gmail.com,porticolongevity@gmail.com,8437798570,8437798570,21 George Street,Charleston,SC,29401,US,21 Burns Lane,,Charleston,SC,US,29401,https://www.porticolongevity.com/,no,bronze,2,5,no,no,134.20233363816556
NFBP5YFT,Charleston Oculoplastics LLC,29464,"Mt Pleasant, SC 29464, USA",32.823486,-79.852081,navjot@charlestonoculofacial.com,navjot@charlestonoculofacial.com,8437907582,8437907582,302 Wingo Way,Mt Pleasant,SC,29464,US,302 Wingo Way,suite 202,Mount Pleasant,SC,US,29464,https://charlestonoculofacial.com/,no,partner,1,6,yes,no,142.60303870763877
HBMLY2HA,Lavender & Lace Aesthetics and Wellness,29464,"Mt Pleasant, SC 29464, USA",32.823486,-79.852081,mckenzie@lavenderandlacechs.com,mckenzie@lavenderandlacechs.com,8439622999,8432351060,1707 Cultivation Ln,Mount Pleasant,SC,29466,US,1037 Chuck Dawley Blvd,D-210b,Mount Pleasant,SC,US,29464,https://www.lavenderandlacechs.com/,no,partner,1,6,no,no,142.60303870763877
HZB5BAUF,Soulshine Aesthetics,29464,"Mt Pleasant, SC 29464, USA",32.823486,-79.852081,soulshineaesthetics.chs@gmail.com,soulshineaesthetics.chs@gmail.com,8436969954,8436969954,982 Scotland Dr,Mt. Pleasant,SC,29464,US,664 Long Point Rd,Unit D,Mt. Pleasant,SC,US,29464,https://Www.soulshineaesthetics.com,no,partner,1,6,yes,no,142.60303870763877
HJJWF8FZ,Island Park Dermatology,29492,"Cainhoy, SC 29492, USA",32.926647,-79.885681,cynthia@islandparkderm.com,cynthia@islandparkderm.com,8439904511,8439904511,109 River Landing Drive,Daniel Island,SC,29492,US,109 River Landing Drive,Suite 400,Daniel Island,SC,US,29492,https://islandparkderm.com/,no,partner,1,6,no,no,147.0498363825746
A9UJAYMT,The Look and Co,29492,"Cainhoy, SC 29492, USA",32.926647,-79.885681,thelookandco@gmail.com,thelookandco@gmail.com,8435445710,8435445710,1031 Chuck Dawley Bvld,Mount Pleasant,SC,29492,US,1031 Chuck Dawley Bvld,#4,Mount Pleasant,SC,US,29492,https://www.thelookandco.com/,no,partner,1,6,yes,no,147.0498363825746
5TM6F9HJ,Southern Grace Precision & Aesthetics,29466,"Mt Pleasant, SC 29466, USA",32.874702,-79.796051,help@southerngracepa.com,help@southerngracepa.com,8549998300,8549998300,3520 Park Avenue Blvd.,Mt Pleasant,SC,29466,US,3520 Park Avenue Blvd.,Suite 105,Mt Pleasant,SC,US,29466,https://southerngracepa.com/,no,partner,1,6,no,no,150.16714148729102
BRCNJ7FD,MD4VITALITY,29576,"Murrells Inlet, SC 29576, USA",33.566559,-79.053207,Services@mdforvitality.com,Services@mdforvitality.com,8439570742,8439570742,109 Eden Ct,Murrells Inlet,SC,29576,US,109 Eden Ct,,Murrells Inlet,SC,US,29576,http://www.mdforvitality.com/,no,no_tier,0,99,no,no,119.47313031954354
36TNJB8N,Dunes Medical Solutions Spa,29577,"Myrtle Beach, SC 29577, USA",33.707039,-78.894875,dunesmedspa@gmail.com,dunesmedspa@gmail.com,8434504429,8434504429,4710 Oleander Dr,Myrtle Beach,SC,29577,US,4710 Oleander Drive,,Myrtle Beach,SC,US,29577,http://dunesmedspa.com/,no,partner,1,6,no,no,140.89387938402692
YHUXWTMR,Cosmo MD PC,11747,"1 Arrow Wood Lane, Melville, 11747, NY, US",40.8027,-73.411369,mrspatilz@gmail.com,MRSPATILZ@GMAIL.COM,,,1 Arrowwood Ln,Melville,NY,11747,US,1 Arrow Wood Lane,,Melville,NY,US,11747,https://cosmomdspa.com/,no,partner,1,7,no,no,45.79374784686373
FBF44ZP5,Mariwalla Dermatology,11795,"West Islip, NY 11795, USA",40.711159,-73.306023,kavita.mariwalla@gmail.com,kavita.mariwalla@gmail.com,6316653376,6316653376,1253 Montauk Highway,West Islip,NY,11795,US,1253 Montauk Highway,,West Islip,NY,US,11795,http://www.mariwalladermatology.com,no,bronze,2,5,yes,no,52.98793205133212
NM3N7MW6,Isavela Pace Medical Aesthetics,10709,"Eastchester, NY 10709, USA",40.954639,-73.809555,isavela@isavelapacednp.com,isavela@isavelapacednp.com,9142271371,9142271371,440 White Plains Rd,Eastchester,NY,10709,US,440 White Plains Rd,2nd Floor,Eastchester,NY,US,10709,https://www.isavelapacednp.com/,no,partner,1,6,no,no,57.487487976709545
J6Q4JVBQ,GC Glam Inc,11554,"East Meadow, NY 11554, USA",40.71796,-73.55352,glambygee1@gmail.com,glambygee1@gmail.com,5162800990,5162800990,591 E Meadow Ave,East Meadow ,NY,11554,US,591 E Meadows Ave,,East Meadows,NY,US,11554,https://www.gcglamny.com/,no,partner,1,7,yes,no,59.65266570763059
37T9FCGD,Smooth Aesthetics By Maria Dovale,11501,"Mineola, NY 11501, USA",40.747665,-73.638901,dovale24@gmail.com,Dovale24@gmail.com,5163986970,5163986970,173 Mineola Blvd,Mineola,NY,11501,US,173 Mineola Blvd,,Mineola,NY,US,11501,https://www.instagram.com/smoothaestheticsmd,no,bronze,3,5,yes,no,60.95777709793553
UPHMVY9Y,"Epoch Dermatology, PLLC",11530,"Garden City, NY 11530, USA",40.721798,-73.647736,nlee@epochdermatology.com,nlee@epochdermatology.com,5165060800,8143975121,520 Franklin Ave,Garden City,NY,11530,US,520 Franklin Ave,Suite 211,Garden City,NY,US,11530,https://www.instagram.com/epoch.derm/,no,bronze,3,5,yes,no,63.69736140214853
D922WZBK,"Mara Weinstein Velez, MD",14620,"Brighton, NY 14620, USA",43.130196,-77.602058,drmaraderm@gmail.com,drmaraderm@gmail.com,5852757546,5852757546,40 Celebration Drive,Rochester,NY,14620,US,40 Celebration Drive,,Rochester,NY,US,14620,https://linktr.ee/drmaraweinstein,no,partner,1,7,no,no,2.9848181622802907
Q4P0TE9L,Thrive 4 Health and Beauty Center,14086,"Lancaster, NY 14086, USA",42.898235,-78.634201,thrive4healthcenter@gmail.com,thrive4healthcenter@gmail.com,7163833309,7163833309,5300 Broadway St,LANCASTER,NY,14086,US,5300 Broadway St,,LANCASTER,NY,US,14086,https://thrivehealthwny.com/,no,no_tier,0,99,no,no,88.15810450724348
WHBEBNAW,"Vision Source of Mt Olive, LLC",07828,"Budd Lake, NJ 07828, USA",40.890297,-74.745415,drsiegel@visionsourcemtolive.com,drsiegel@visionsourcemtolive.com,8559482020,8559482020,135 Route 46,Budd Lake,NJ,07828,US,135 Route 46,Unit E,Budd Lake,NJ,US,07828,https://visionsourcemtolive.com/,no,partner,1,6,no,no,345.57031863109023
xJBlRPv9,Revive Medical Group,29582,"North Myrtle Beach, SC 29582, USA",33.856388,-78.600151,info@revivemedgroup.com,info@revivemedgroup.com,8432999000,8432999000,PO Box 1493,Loris,SC,29569,US,1016 Second Ave North,Suite 203F,North Myrtle Beach,SC,US,29582,https://www.revivemedgroup.com/?utm_source=google&utm_medium=wix_google_business_profile&utm_campaign=18352715662475210151,no,partner,1,6,no,no,135.41096067583285
4RZ8S72K,Vitainfuse Therapy & Spa,30083,"Stone Mountain, GA 30083, USA",33.79948,-84.190987,apindling@gmail.com,apindling@gmail.com,6784883902,6784883902,1376 greenridge avenue,Lithonia,GA,30058,US,6254 Memorial Drive,Suite F,Stone Mountain,GA,US,30083,https://www.vitainfusetherapy.com/,no,partner,1,7,no,no,119.03538151050184
5BLHM6A8,"Jeffrey B. Wise, M.D., LLC",07470,"Wayne, NJ 07470, USA",40.941151,-74.253143,anthony@drwise.com,anthony@drwise.com,9733051400,9733051400,1680 State Route 23,Wayne,NJ,07470,US,1680 Route 23,Suite 120,Wayne,NJ,US,07470,https://www.drwise.com/procedures/medical-spa/alumiermd-facial/,no,partner,1,6,no,no,7.168225168848228
GKPVT5H8,Aesthetic Center of New Jersey,07417,"Franklin Lakes, NJ 07417, USA",41.013382,-74.206192,accounts@aestheticcenternj.com,accounts@aestheticcenternj.com,2014250825,2014250825,794 Franklin Ave,Franklin Lakes,NJ,07417,US,794 Franklin Ave,,Franklin Lakes,NJ,US,07417,,no,no_tier,0,99,no,no,10.852384967785076
J7Z8KK2D,Pompton Eye and Vision Care,07045,"Montville, NJ 07045, USA",40.913898,-74.376343,PEVCJF@OUTLOOK.COM,PEVCJF@OUTLOOK.COM,9738357000,9738357000,170 CHANGEBRIDGE ROAD,Montville,NJ,07045,US,170 CHANGEBRIDGE ROAD,b5,Montville,NJ,US,07045,http://www.pomptoneye.com/,no,partner,1,6,no,no,17.09721465956437
P9RX99H6,theMEDibar,10954,"Bardonia, NY 10954, USA",41.099125,-74.012383,yoni.themedibar@gmail.com,Yoni.themedibar@gmail.com,8458257756,8458257756,786 Washburn St,Teaneck,NJ,07666,US,78 S Middletown Rd,,Naunet,NY,US,10954,https://themedibar.com/,no,partner,1,6,no,no,24.134621407600065
EY3IBSZD,PeakSight Family Eyecare,37863,"Sevierville, TN 37863, USA",35.797443,-83.56031,darionhornerod@gmail.com,darionhornerod@gmail.com,8654280959,8654280959,2541 Sand Pike Boulevard,Pigeon Forge,TN,37863,US,2541 Sand Pike Boulevard,,Pigeon Forge,TN,US,37863,,no,no_tier,0,99,no,no,37.652890048749946
2BUBRUZZ,"Advanced Dermatology & Skin Surgery, PA",28803,"Biltmore Forest, NC 28803, USA",35.567142,-82.543762,chensley@adssnc.com,Chensley@adssnc.com,8282744880,8282744880,16 Medical Park Dr,Asheville,NC,28803,US,16 Medical Park Dr,,Asheville,NC,US,28803,,no,partner,1,6,yes,no,132.10484947453276
9GLPXZX9,"Blue Rose Eye Care, PA",29617,"Greenville, SC 29617, USA",34.92625,-82.464447,wrgillen@gmail.com,wrgillen@gmail.com,8642460964,8642460964,2304 W Parker Rd,Greenville,SC,29617,US,2304 W Parker Rd,,Greenville ,SC,US,29617,https://www.blueroseeyecare.com/,no,no_tier,0,99,no,no,175.5296652872154
MR4YF6NB,Key Optique,30506,"Gainesville, GA 30506, USA",34.33522,-83.910896,keyoptique@gmail.com,keyoptique@gmail.com,7064302020,7064302020,3296 Thompson Bridge Road,Gainseville,GA,30506,US,3296 Thompson Bridge Road,,Gainseville,GA,US,30506,https://key-optique.com/,no,partner,1,6,yes,no,181.2559194957513
ZXQY8BKZ,Longstreet Clinic,30566,"Oakwood, GA 30566, USA",34.229279,-83.895004,susan.hebert@longstreetclinic.com,susan.hebert@longstreetclinic.com,7707181122,7707181122,4222 Fairbanks Dr,Oakwood,GA,30566,US,4222 Fairbanks Drive,,Oakwood,GA,US,30566,http://longstreetclinic.com/,no,bronze,2,5,no,no,193.0497371999803
EQF8F4CC,DRIPBaR Brooksville,34613,"Brooksville, FL 34613, USA",28.576038,-82.594307,christi.west@thedripbar.com,christi.west@thedripbar.com,3527223442,3527223442,9307 Merlot Cir,Seffner,FL,33584,US,13136 Cortez Blvd,,Brooksville,FL,US,34613,,no,partner,1,6,no,no,263.62754051840733
GYZU8M8P,Bibiana's Medical Concierge & IV Lounge,32960,"Vero Beach, FL 32960, USA",27.644508,-80.404831,bibianasmedical@outlook.com,bibianasmedical@outlook.com,7725843873,7725843873,1414 16th Street,Vero Beach,FL,32960,US,1414 16th Street,,Vero Beach,FL,US,32960,https://bibianas.com/,no,partner,1,7,no,no,46.97740258958429
F4EUBYTM,Spa Sydell Integrative Aesthetics,30076,"Roswell, GA 30076, USA",34.056702,-84.343689,ldavis@spasydell.com,ldavis@spasydell.com,4042557727,4042557727,4000 Northfield Way,Roswell,GA,30076,US,4000 Northfield Way,Suite 400,Roswell,GA,US,30076,https://www.spasydell.com/,no,partner,1,6,yes,no,88.02246552067842
qDrilzfo,Peonies Aesthetics & Wellness Solutions,30076,"Roswell, GA 30076, USA",34.056702,-84.343689,peoniesaesthetics@gmail.com,peoniesaesthetics@gmail.com,4049046451,4049046451,980 Birmingham Rd,Roswell,GA,30004,US,500 Sun Valley Drive,Suite E1,Roswell,GA,US,30076,https://peoniesaesthetics.com/,no,no_tier,0,99,no,no,88.02246552067842
OXBkYmmH,Alex Schuetz Aesthetics,30009 ,"Alpharetta, GA 30009, USA",34.071655,-84.306862,alex@alexschuetzaesthetics.com,alex@alexschuetzaesthetics.com,7706349993,7706349993,6860 Lullwater Rd,Cumming,GA,30040,US,282 S Main Street,Suite D,Alpharetta,GA,US,30009 ,https://alexschuetzaesthetics.com/,no,partner,1,6,yes,no,88.11216502670919
npZmWgGw,B.Spectacled ,30009,"Milton, GA 30009, USA",34.071655,-84.306862,derreckn@gmail.com,brittanynassar@gmail.com,6788941650,6788941650,745 Lake Mist Cove,Milton,GA,30004,US,50 Canton St,Suite 112,Alpharetta,GA,US,30009,https://b-spectacled.com/,no,no_tier,0,99,yes,no,88.11216502670919
HMPAF7LW,Buket Aesthetics & Wellness,30009,"501 south main street, suite 202, alpharetta, 30009, GA, US",34.06657,-84.307602,btinocofnp@gmail.com,btinocofnp@gmail.com,,,4795 Allison drive,sugar hill,GA,30518,US,501 south main street,suite 202,alpharetta,GA,US,30009,,no,partner,1,6,no,no,88.57606288558628
K9SPXB62,Lotus Vision,30005,"3400 Old Milton Pkwy, Unit 520, Alpharetta, 30005, GA, US",34.070133,-84.262939,paula@lotusvision.com,paula@lotusvision.com,,,3400A Old Milton Parkway,Alpharetta,GA,30005,US,3400 Old Milton Pkwy,Unit 520,Alpharetta,GA,US,30005,https://www.lotusvision.com/,no,partner,1,6,yes,no,90.26872545201252
T4D9JQT4,Danna Lux Medspa,30022,"Johns Creek, GA 30022, USA",34.029613,-84.238419,dannaluxmedspa@gmail.com,dannaluxmedspa@gmail.com,6785787389,6785787389,5755 Northpoint Parkway,Alpharetta,GA,30022,US,"5755 Northpoint Parkway, Suite 82 office 3",,Alpharetta,GA,US,30022,,no,no_tier,0,99,no,no,95.2959349335708
DRYKK7Y9,Christus Trinity Clinic,75701,"Tyler, TX 75701, USA",32.324387,-95.299797,sedina.bunch@christushealth.org,sedina.bunch@christushealth.org,9036068888,9036068888,909 E Southeast Loop 323,Tyler,TX,75701,US,3200 Troup Hwy Suite 240,,Tyler,TX,US,75701,https://www.cosmeticsurgerytyler.com/,no,partner,1,6,no,no,2.9905543703492103
ATwPQnFl,Riverside Family Eye Care,33905,"Tice, FL 33905, USA",26.663792,-81.818039,drbrittany@riversidefamilyeyecare.com,drbrittany@riversidefamilyeyecare.com,2395002020,2395002020,11841 Palm Beach Blvd,Fort Myers,FL,33905,US,11841 Palm Beach Blvd,Unit 117,Fort Myers,FL,US,33905,www.RiversideFamilyEyeCare.com,no,partner,1,6,yes,no,4.931523217946131
VRCHHBVA,Perfect10 Aesthetic,33990,"Cape Coral, FL 33990, USA",26.627279,-81.942574,armeros0429@gmail.com,armeros0429@gmail.com,2394622766,2394622766,2019 Nw 41st place,Cape Coral,FL,33993,US,2301 Del Prado Blvd S #180,,Cape Coral,FL,US,33990,https://perfect10x.com/,no,partner,1,6,yes,no,8.292031050502963
6M56YCVC,Hideout Boutique,33907,"Fort Myers, FL 33907, USA",26.558823,-81.871605,hideoutboutique@gmail.com,hideoutboutique@gmail.com,2399360758,2399360758,1342 Colonial Drive,Fort Meyers,FL,33907,US,1342 Colonial Drive,Suite H58,Fort Meyers,FL,US,33907,http://hideoutboutique.com,no,partner,1,6,no,no,9.195152518583964
XB3L5BMT,Honest Aesthetics,33919,"Fort Myers, FL 33919, USA",26.554522,-81.898911,kristin@honestfl.com,kristin@honestfl.com,2398260551,2398260551,6801 Danah Ct,Fort Myers,FL,33908,US,13141 McGregor Boulevard,,Fort Myers,FL,US,33919,https://www.honestfl.com/,no,partner,1,6,yes,no,10.33667718536412
8DLXDN7Y,NewU Wellness,33912,"Fort Myers, FL 33912, USA",26.527349,-81.833366,pharmvp@yahoo.com,pharmvp@yahoo.com,2397892184,2397892184,6846 International Center BLVD,Fort Myers,FL,33912,US,14090 Metropolis Ave,#102,FT Myers,FL,US,33912,https://www.newuwellness-swfl.com/,no,partner,1,7,yes,no,12.91516540777479
Z2FEM95Y,Lulu's Beauty Lounge,34134,"Barefoot Beach, FL 34134, USA",26.339851,-81.833366,lulusbeautylounge@gmail.com,lulusbeautylounge@gmail.com,2394986245,2394986245,26251 South Tamiami Trail,Bonita Springs,FL,34134,US,26251 South Tamiami Trail,Suite 3,Bonita Springs,FL,US,34134,https://my-site-102861.square.site/,no,partner,1,6,no,no,33.58694178684379
S6NWQDJS,Wakefield Face & Body,10466,"Bronx, NY 10466, USA",40.888741,-73.847786,iualozie@yahoo.com,iualozie@yahoo.com,7183255466,7183255466,1825 Nereid Avenue,Bronx,NY,10466,US,1825 Nereid Avenue,,Bronx,NY,US,10466,https://www.instagram.https://www.instagram.com/wakefieldfaceandbody?igshid=YTQwZjQ0NmI0OA%3D%3D&utm_source=qrcom/wakefieldfaceandbody?igshid=YTQwZjQ0NmI0OA%3D%3D&utm_source=qr,no,partner,1,6,no,no,17.50992911760436
CeFfyKlA,European Beauty by B,11572,"Oceanside, NY 11572, USA",40.631145,-73.635963,krutkab@yahoo.com,krutkab@yahoo.com,8562783694,8562783694,8 Wexford Ln,Oceanside,NY,11572,US,3247 Long Beach Rd,,Oceanside,NY,US,11572,http://www.europeanbeautybyb.com/,no,no_tier,0,99,no,no,10.633668636153104
YJRYZLW3,Merrick Avenue Optometry,11566,"North Merrick, NY 11566, USA",40.648811,-73.55352,nroptometry@gmail.com,nroptometry@gmail.com,5162000241,5162000241,30 Merrick Ave,N Merrick,NY,11566,US,30 Merrick Ave,,North Merrick,NY,US,11566,https://www.merrickaveoptometry.com/,no,partner,1,6,yes,no,11.023870445060584
NMG9VCM2,Rejuvenate Laser & MedSpa,11710,"Bellmore, NY 11710, USA",40.665138,-73.529961,redz7629@aol.com,redz7629@aol.com,5168095835,5168095835,2876 Merrick Rd,Bellmore,NY,11710,US,2876 Merrick Rd,,Bellmore,NY,US,11710,https://www.vagaro.com/us03/rejuvenatelasermedspa,no,partner,1,6,no,no,11.150438693406477
Q67EBRJY,Forever Young Skin Studio,07924,"Bernardsville, NJ 07924, USA",40.729576,-74.581474,fysstudio@aol.com,fysstudio@aol.com,9738977122,9738977122,9 Brushwood Dr,Bernardsville,NJ,07924,US,9 Brushwood Drive,,Bernardsville,NJ,US,07924,,no,partner,1,6,yes,no,248.68050653380504
8MELRMJW,Rochelle Aesthetics,30328,"Atlanta, GA 30328, USA",33.925301,-84.385742,info@rochelleaesthetics.com,info@rochelleaesthetics.com,6786533192,6786533192,7305 Cardigan Circle,Atlanta,GA,30328,US,5825 Glendrige Dr,Bld #1 Suite 212,Atlanta,GA,US,30328,,no,partner,1,6,no,no,15.462539268927154
OPPN7K25,URSKIN MED SPA ATL LLC,30328,"Sandy Springs, GA 30328, USA",33.925301,-84.385742,Info@urskinmedspa.com,caisanhai@yahoo.com,4707480515,4707480515,1250 Lake Crest Ter,Roswell,GA,30075,US,6601 Roswell Rd,Suite 6597-F,Sandy springs,GA,US,30328,URSKINMESPA.com,no,no_tier,0,99,no,no,15.462539268927154
YG57RJF3,Skin Beauty By Becca,30328,"Sandy Springs, GA 30328, USA",33.925301,-84.385742,skinbeautybybecca@gmail.com,skinbeautybybecca@gmail.com,8433453953,8433453953,1377 Dresden Dr NE,Brookhaven,GA,30319,US,6690 Roswell Rd,Suite 404 / Salon 7,Sandy Springs,GA,US,30328,https://skinbeautybybecca.com/,no,partner,1,6,yes,no,15.462539268927154
PY9ZK67U,Savvy Skincare,30328,"Atlanta, GA 30328, USA",33.925301,-84.385742,savvyskincare@gmail.com,savvyskincare@gmail.com,7708431632,7708431632,6111 Peachtree Dunwoody Rd,Atlanta,GA,30328,US,6111 Peachtree Dunwoody Rd,building F-201,Atlanta,GA,US,30328,https://www.savvyskincareatl.com/,no,partner,1,6,yes,no,15.462539268927154
DHV9YBWN,Aesthetics of Atlanta,30328,"Sandy Springs, GA 30328, USA",33.925301,-84.385742,atlantaaesthetician@gmail.com,atlantaaesthetician@gmail.com,6787908354,6787908354,6160 Peachtree Dunwoody Rd ,Atlanta,GA,30328,US,6160 Peachtree Dunwoody Rd,Suite A105,Atlanta,GA,US,30328,https://www.atlantaaesthetician.com/,no,partner,1,7,yes,no,15.462539268927154
PFX7JSR5,Modern Family Medicine,30096,"Duluth, GA 30096, USA",33.981213,-84.154068,modernfminc@gmail.com,modernfminc@gmail.com,7707715115,7707715115,3460 Summit Ridge Parkway,Duluth,GA,30096,US,3460 Summit Ridge Pkwy,,Duluth,GA,US,30096,https://www.modernfammed.com/,no,partner,1,7,no,no,16.435312319703957
87TAVWIE,Karols Beauty Spa,30071,"Peachtree Corners, GA 30071, USA",33.939751,-84.217339,karolsbeautyspa@gmail.com,karolsbeautyspa@gmail.com,4043124648,4043124648,1360 mountain lake drive,Auburn,GA,30011,US,5895 Jimmy Carter Blvd, Ste C, Norcross,GA,US,30071,,no,no_tier,0,99,no,no,16.51151952585448
RFZRFTUH,City Pretty LLC,30341,"Chamblee, GA 30341, USA",33.899204,-84.301605,rickmsmith@gmail.com,rickmsmith@gmail.com,9018268337,9018268337,3580 Pierce Dr NE,Atlant,GA,30341,US,3580 Pierce Dr NE,STE 110,Atlanta,GA,US,30341,http://www.citypretty.com/,no,partner,1,6,no,no,19.524257169132483
AP979L7J,"Taylor Leigh Duncan, FNP, PC dba LUM aesthetics & skincare",30517,"Braselton, GA 30517, USA",34.141132,-83.794258,info@lum-aesthetics.com,info@lum-aesthetics.com,7066217133,7066217133,3740 Village Way,Braselton,GA,30517,US,3740 Village Way,Suite C,Braselton,GA,US,30517,https://lum-aesthetics.com/,no,no_tier,0,99,no,no,43.46352972988118
WJVGFBLS,REGEN-U-SPHERE,30542,"Flowery Branch, GA 30542, USA",34.16861,-83.900299,bzavota@gmail.com,bzavota@gmail.com,6788287180,6788287180,4059 Brynhill Lane,Buford,GA,30518,US,7367 Spout Springs Road Duncan,,Flowery Branch ,GA,US,30542,,no,no_tier,0,99,no,no,53.55902427176089
AB5FE52W,360 Med Spa Buford,30519,"Buford, GA 30519, USA",34.082005,-83.942673,360medspabufordga@gmail.com,360medspabufordga@gmail.com,7709322662,7709322662,5459 Hunnington Mill Drive,Flowery Branch,GA,30542,US,2720 Mall of GA Blvd,Suite 107,Buford,GA,US,30519,https://www.360medspabuford.com/,no,partner,1,6,yes,no,53.9311059363264
9DZ7ZYKA,Glō Ups by Bree,30518,"Buford, GA 30518, USA",34.11993,-84.037888,aaratliff99@gmail.com,aaratliff99@gmail.com,7708405999,7708405999,106 Kings Lane,Braselton,GA,30517,US,1605 Buford Hwy,Suite H,Buford ,GA,US,30518,,no,partner,1,6,no,no,63.5005941649445
tHVtTw9M,"Premier Eye Care Cottage Grove, LTD",55016,"Cottage Grove, MN 55016, USA",44.8321,-92.917595,drrogers@bietereyecenter.com,drrogers@bietereyecenter.com,6517691020,6517691020,6936 Pine Arbor Dr S,Cottage Grove,MN,55016,US,6936 Pine Arbor Dr S,Suite 110,Cottage Grove,MN,US,55016,https://www.premiereyecare2020.com/?utm_source=DigitAll&utm_medium=GBP,no,partner,1,6,yes,no,97.4417295284712
PKNHU5M7,Fellowship Senior Living Inc,07920,"Basking Ridge, NJ 07920, USA",40.686756,-74.558044,ahilde82@gmail.com,ahildebrand@fellowshiplifeinc.org,19083403350,4079082841,8000 Fellowship Road,Basking Ridge,NJ,07920,US,8000 Fellowship Road,Suite 1C,Basking Ridge,NJ,US,07920,,no,partner,1,6,no,no,38.32832961342794
58YTJ9AQ,Aesthete Suite,37122,"Mt. Juliet, TN 37122, USA",36.189796,-86.479439,aesthetesuite@gmail.com,aesthetesuite@gmail.com,6154984581,6154984581,1984 Providence Pkwy ,Mt Juliet,TN,37122,US,1984 Providence Parkway,Suite 201-113,Mount Juliet,TN,US,37122,https://www.aesthetesuite.com/,no,partner,1,6,no,no,32.34259850046945
S3GUQTUL,Aliette Aesthetics,02645,"East Harwich, MA 02645, USA",41.70998,-70.062225,brigette@alietteaesthetics.com,brigette@alietteaesthetics.com,5087173595,5087173595,1200 Route 28,South Yarmouth,MA,02664,US,1200 Route 28,unit A,South Yarmouth,MA,US,02645,https://alietteaesthetics.com/,no,partner,1,6,yes,no,13.200913408772916
ND5CBUY4,Medical Aesthetics by Donna,02675,"Yarmouth Port, MA 02675, USA",41.707401,-70.234879,donnapotternp@gmail.com,donnapotternp@gmail.com,5082596634,5082596634,923 Route 6A,Yarmouthport,MA,02675,US,708 Route 6A,,Yarmouthport,MA,US,02675,https://www.medaestheticsbydonna.com/,no,partner,1,6,yes,no,13.70608127056011
DDEEUVIU,"Rosemara Hughart, MD, PC",02601,"Hyannis, MA 02601, USA",41.656719,-70.300354,rosemara.hughart@gmail.com,rosemara.hughart@gmail.com,5088276930,5088276930,6 Main St,Hyannis,MA,02601,US,6 Main St,Ste 1,Hyannis,MA,US,02601,https://rosecenterfordermatology.com/,no,no_tier,0,99,no,no,21.44005203642832
VK76RMNZ,"Seaesthetics, LLC",02648,"Marstons Mills, MA 02648, USA",41.671967,-70.413437,seaestheticscapecod@gmail.com,seaestheticscapecod@gmail.com,5087377437,5087377437,141 Rte 6A,Sandwich,MA,02563,US,79 Industry Rd,#B,Marston Mills,MA,US,02648,https://www.seaestheticscc.com/,no,partner,1,6,yes,no,27.07928245970547
CCCVXSPH,Forefront Dermatology S.C. Parent Account (For Paylution),54220,"Manitowoc, WI 54220, USA",44.092312,-87.717262,ap@forefrontderm.com,AP@forefrontderm.com,,,801 York St,Manitowoc,WI,54220,US,,,,,,,,no,rose_gold,5,2,no,no,
GZQHS3SV,Aesthetics North LLC,54801,"Spooner, WI 54801, USA",45.869057,-91.909393,kayla@aestheticsnorthwi.com,Kayla@aestheticsnorthwi.com,3202374171,3202374171,225 Walnut Street,Spooner,WI,54801,US,225 Walnut Street,,Spooner,WI,US,54801,https://www.aestheticsnorthwi.com/,no,partner,1,6,yes,no,
F3FC3C22,Aneu Beauty LLC,55082,"West Lakeland Township, MN 55082, USA",45.057968,-92.847015,info@aneubeauty.com,info@aneubeauty.com,3203097071,3203097071,226 Myrtle Street East,Stillwater,MN,55082,US,423 Main St South,Ste D2,Stillwater,MN,US,55082,https://www.aneubeauty.com/,no,partner,1,6,yes,no,
GNC7NCR9,Central Park Laser Aesthetics,10019,"New York, NY 10019, USA",40.768696,-73.991821,cplanyc@gmail.com,cplanyc@gmail.com,2126012666,2126012666,200 West 57th Street,New York,NY,10019,US,,,,,,,,no,no_tier,0,99,no,no,
TRY42DPU,Laser Queen DBA,33009,"HALNDLE BCH, FL 33009, USA",25.982311,-80.148438,oxanadenishenko@gmail.com,oxanadenishenko@gmail.com,7865710723,7865710723,19380 Collins Ave,Sunny Isles Beach,FL,33160,US,1920 E Hallendale Beach Blvd,Suite 901 ,Hallendale Beach,FL,US,33009,,no,no_tier,0,99,no,no,
GNU52BYV,Northeast GA Plastic Surgery Associates,30501,"Gainesville, GA 30501, USA",34.319378,-83.815475,carliwakefield@yahoo.com,carliwakefield@yahoo.com,7705341856,7705341856,1296 Sims St # B,Gainesville,GA,30501,US,1296 Sims Street,#B,Gainesville,GA,US,30501,https://www.plasticsurgeryofgainesville.com/,no,no_tier,0,99,no,no,
0159VNR9,Visionary Dry Eye Institute,30067,"Marietta, GA 30067, USA",33.9291,-84.469765,info@dryeyeinstituteofga.com,info@dryeyeinstituteofga.com,6787418961,6787418961,2550 Windy Hill Rd,Marietta,GA,30067,US,2550 Windy Hill Rd,Suite 320,Marietta,GA,US,30067,https://dryeyeinstituteofga.com/,no,no_tier,0,99,no,no,
HGJ5ZZNT,Sculpt Skin Solutions,29577,"Myrtle Beach, SC 29577, USA",33.707039,-78.894875,sculptskinsolutions@gmail.com,sculptskinsolutions@gmail.com,8439052006,8439052006,407 Wildwood Dunes Trail,Myrtle Beach,SC,29572,US,1086 London St,,Myrtle Beach,SC,US,29577,https://www.sculptskinsolutions.com/,no,partner,1,7,no,no,
