id,name,category,address_line_1,address_line_2,city,state,postal_code,country,country_raw,phone,email,website,latitude,longitude,data_flags
loc_2mqrggn9,Aura Clinic (Orchard),Clinics,"145 Tanglin Rd, Singapore 247931",,,Orchard Road and Vicinity,247931,Singapore,Singapore,,,https://epionclinic.com/,1.30512138,103.82170106,name_whitespace
loc_qzmyvq8y,"""ATELIER"" Marzena Tosik",Salons,"Żytnia 11, 05-506 Lesznowola",,,,,Poland,,665930009,marzena9779@o2.pl,,52.09906486,20.92522665,phone_comma_stripped; country_from_tld
loc_69nezm95,(Medical) Aoi-kai Sugimoto Clinic,Clinics,,,Kanagawa,,,Japan,Japan,,,https://sugi-cl.net/,35.41754580,139.33943123,
loc_yzy8jgjv,1 Doc,Salons,"JALAN TPP 1/4. 13-G, NO. 13-1, NO. 13-2&13-3, Taman Perindustrian Puchong",,Puchong,Selangor,47160,Malaysia,Malaysia,012-382 5178,,https://www.onedoc.com.my/,3.02265270,101.61137790,email_placeholder_blanked
loc_n9mz6eg5,11 AM Salon,Salons,837 W MAIN ST,,LANSDALE,PA,19446,United States,,(215) 855-5429,11amsalononmain@gmail.com,,40.24791000,-75.29405300,country_inferred
loc_yzy8jkjv,127 House Salon And Day Spa,Salons,127 W Keetoowah St,,Tahlequah,OK,74464-3819,United States,US,3614636063,hairbyangie.ag@gmail.com,,35.91235700,-94.97233100,country_normalized
loc_k6mzxqmq,2 B Dragonfly Hair Studio,Salons,1565 Main Street ( on Villa Roma Drive),,Tewksbury,MA,1876,United States,US,(978) 808-1684,2bdragonflyhair@gmail.com,,42.59716600,-71.21819900,country_normalized
loc_exy62ppv,"212 Salon, Spa & Barber",Salons,2827 US Hwy 52 West,Suite C,West LaFayette,IN,47906,United States,,765-884-1450,info@212salonspabarber.com,http://Martha Minier,40.45598855,-86.93053346,country_inferred
loc_k6mzxrnq,360 Hair Clinic,Salons,63 Queen Victoria Avenue,360 Hair Clinic,Brighton,,Bn3 6xa,United Kingdom,UK,+447825347232,info@360hairclinic.co.uk,,50.85028954,-0.17838512,country_normalized
loc_wyvn2ekx,360 Podiatry / aesthetics,Clinics,"Office 6, Hurlingham Studios",Ranelagh Gardens,London,Greater London,SW6 3PA,United Kingdom,UK,+447460870218,info@360podiatry.com,https://360podiatry.com/,51.46808030,-0.20850370,country_normalized
loc_xpq2eyw6,412 APOTHECA,Salons,1228 ARCH ST,,PITTSBURGH,PA,15212,United States,,(412) 638-9464,christophermlanglois@gmail.com,,40.45611076,-80.00882311,country_inferred
loc_qzmyv5zy,6 Salon,Salons,180 S Old Woodward Ave,,Birmingham,MI,48009,United States,,248-282-5600,tomy@sixsalon.com,,42.54566971,-83.21361363,country_inferred
loc_jyewmpye,6 Salon,Salons,306 w 6th St,,Royal Oak,MI,48067,United States,,586-206-7766,cdenisa77@gmail.com,,42.48576961,-83.14681362,country_inferred
loc_yzy8jpzv,6 Salon - Boriana,Salons,180 S Old Woodward,,Birmingham,MI,48009,United States,,248-787-7709,borianarexha@yahoo.com,,42.54566971,-83.21361363,country_inferred
loc_vm9wnvwm,6 Salon - Cherie,Salons,1441 Woodward Ave,,Detroit,MI,48336,United States,,248-761-0355,allardcherie1@gmail.com,,42.33469361,-83.04931361,country_inferred
loc_qzmyv5yy,6 Salon LLC - Kristina,Salons,1441 Woodward Ave,,Detroit,MI,48226,United States,,313-486-1966,misajloskikristina@gmail.com,,42.33469361,-83.04931361,country_inferred
loc_qzmyvvky,8 Medical,Clinics,"1 Goldhill Plaza, #01-27",,,Novena,308899,Singapore,Singapore,6354 4892,,,1.31817216,103.84263170,
loc_g2w9jex7,806 BEAUTY,Salons,12111 FRANKFORD AVE,,,TX,79424,United States,79424,8064703227,MEGHANCLARK8899@YAHOO.COM,,33.48423220,-101.93950665,zip_recovered_from_country; country_inferred
loc_k6mzx7rq,832 Penn,Salons,832 Pennsylvania St,,Lawrence,KS,66044-2754,United States,US,7857491460,greenroomsalon@gmail.com,,38.96803638,-95.22856156,country_normalized
loc_2mqrgkx9,971 Salon,Salons,976 Hwy 425,,Monticello,AR,71655,United States,,870-723-7498,maggies.studio.contact@gmail.com,http://Maggie Barnett,33.64723839,-91.80115016,country_inferred
loc_exy62pwv,971 Salon - Tiffany,Salons,976 US-425,,Monticello,AR,71655,United States,,870-460-9718,tiffanymcmahan1986@gmail.com,,33.60455058,-91.80015041,country_inferred
loc_69nezz65,99% Hair Salon,Salons,新北市淡水區學府路51巷6弄14號,,新北市,淡水區,251,Taiwan,,02-26253929,,,25.17004001,121.44759301,country_inferred
loc_57wexgjn,A Clinic,Clinics,"Ginza Sanno Building 9F, 4-10-10 Ginza, Chuo-ku, Tokyo, Japan",,,,,,,03-6264-2877,,https://aclinic-beauty.com/ginza/,35.67002648,139.76702150,
loc_pqm892rk,A Fresh Start,Salons,136 S Main St,,Cheshire,CT,6410,United States,US,(203) 651-0061,janina.nelson@gmail.com,,41.49702325,-72.90226841,country_normalized
loc_69nemv95,A Hair Better,Salons,6 Merrill St.,#12,Salisbury,MA,1952,United States,Us,(978) 465-9824,ahairbetter4u@yahoo.com,,42.84328702,-70.89857116,country_normalized
loc_yzy8j9zv,A Spa Above Dr. Louis Cutolo,Clinics,"Staten Island Medical Spa, 1557 Victory Boulevard, Suite A, Staten Island, NY 10314",,Staten Island,New York,10314,United States,United States,718-556-1200,lynn@aspaabove.com,http://www.aspaabove.com/,40.61386654,-74.11541214,
loc_yzy8j68v,A TOUCH OF STYLE,Salons,222 E FRONT ST,,,MO,65354-1043,United States,65354-1043,6605530929,marcumlori8@gmail.com,,38.66953747,-92.87488236,zip_recovered_from_country; country_inferred
loc_pqm899mk,A-Lon(@),Clinics,南投縣竹山鎮建國二路10號,,,,557,Taiwan,TW,04-92656981,,,23.75338918,120.67719772,country_normalized
loc_yzy8jgwv,A* Aesthetics,Clinics,"53, north road, kirkburton",Huddersfield,,West Yorkshire,Hd80rh,United Kingdom,UK,07539483551,Info@a-staraesthetics.co.uk,http://www.a-staraesthetics.co.uk,53.61302500,-1.70526283,name_whitespace; country_normalized
loc_7g25k7jq,A&A Beauty Bar,Salons,509 W Cordova rd,,Santa Fe,NM,87505,United States,US,+15054906601,aabeautybar505@gmail.com,,35.67235800,-105.94878600,country_normalized
loc_g2w9jze7,Aaqua Blue Salon,Salons,10 Prince Place,,Newburyport,MA,1950,United States,US,(978) 463-2230,aaquablue@comcast.net,,42.80940500,-70.87197300,country_normalized
loc_wyvn2e8x,Aarti's Skin,Clinics,"2 Bayons Ave, Grimsby DN33 3LN",,Grimsby,,DN33 3LN,United Kingdom,United Kingdom,07525 410226,info@aartisskin.co.uk,https://www.aartisskin.co.uk/,53.53244000,-0.10172001,
loc_m7x8kr2v,Aayna Clinic,Clinics,"Ambawatta One, H5/5, First Floor, Kalka Das Marg, Mehrauli, New Delhi – 110030",,,New Delhi,110030,India,India,00-91-7042297304,info@aaynaclinic.com,https://www.aaynaclinic.com/,28.65759000,77.21597999,
loc_57wex85n,Aayna Clinic,Clinics,"47, First floor, Khan Market, New Delhi – 110003",,,New Delhi,110003,India,India,00-91-9870396667,info@aaynaclinic.com,https://www.aaynaclinic.com/,28.65716000,77.21594998,
loc_xpq2ekx6,Abella Grand,Salons,3111 Fall Creek Hwy,,Granbury,TX,76049-7914,United States,,8175590104,amberkcollins@yahoo.com,,32.44576760,-97.68950746,country_inferred
loc_wyvn25vx,About The Look,Salons,832 NW 67th St,,Oklahoma City,OK,73116-7651,United States,US,4052069328,faceforward2@gmail.com,,35.54016300,-97.52581100,country_normalized
loc_k6mzx7jq,Absolute Bombschell Salon,Salons,#2 1416 Central Ave,,Saskatoon,SK,S7N 2H2,Canada,,,info@absolutebombschellsalon.ca,http://absolutebombschellsalon.ca,52.14385432,-106.59917465,country_inferred
loc_yzy8j6jv,Aby Yarde,Salons,3212 Teramo Cove,,Ft Wayne,IN,46814,United States,USA,260-494-4168,atyarde93@gmail.com,,41.05556727,-85.32331398,country_normalized
loc_8ye58xv6,AC Centre of modern cosmetology,Clinics,"Minsk, Belarus, Nezavisimosti Ave. 39, 4n",,,,,Belarus,,375291693030,info@Aclinic.by,https://aclinic.by/,53.91021032,27.57662104,country_from_tld
loc_exy6276v,Accents Cosmetic Surgery,Clinics,"44650 Delco Blvd, Sterling Heights, MI 48313",,Sterling Heights,MI,48313,United States,United States,866-853-5674,,https://www.accentscosmeticsurgery.com,42.62407200,-83.00682300,state_split_from_postal
loc_rkzgqmgq,Accents Hair Salon,Salons,75 S Elk St Suite 101,,Sandusky,MI,48471,United States,,810-404-5260,alexshep97@yahoo.com,,43.41977114,-82.82941357,country_inferred
loc_95rw88wy,Acclaro Clinic,Clinics,"290 Orchard Road, #19-01 Paragon Medical, Singapore 238859",,,Orchard Road and Vicinity,238859,Singapore,Singapore,+65 6883 6978,hello@acclaroclinic.com,https://www.acclaroclinic.com/products/,1.30337214,103.83517012,
loc_g2w9jnv7,Acquario Salon,Salons,13040 US Highway 31,Suite C,Grand Haven,MI,49417,United States,,616-844-6100 Salon,info@acquariossalon.com,,43.00537046,-86.20231412,country_inferred
loc_exy622pv,ACROXHair Fashion(V*)(@),Clinics,台北市萬華區西寧南路96號1樓,,,,108,Taiwan,TW,02-23898988,,,25.04241029,121.50519908,country_normalized
loc_xpq2e5y6,ACTIVESKIN,Clinics,Unit 6 14 Roseberry Street Balgowlah,,,NSW,2093,Australia,Australia,+1300 784 661,,http://www.activeskin.com.au,-33.78872855,151.26807925,
loc_qzmyvq2y,Acu-Synergy Chinese Medicine Centre,Clinics,"18A Welbeck Way, Marylebone, London W1G9YW",,,London,W1G9YW,United Kingdom,United Kingdom,,,https://acusynergy.co.uk/,51.51743001,-0.14875003,
loc_vm9wnxzm,Acupuncture Wellness Services,Clinics,2 Brooksite Drive,Suite 220 Smithtown,New York,,11787,United States,United States,,staff@acupuncturewellnessservices.com,,40.85668792,-73.20380321,name_whitespace
loc_rkzgqqjq,ADF Hair 信義,Clinics,台北市信義區莊敬路391巷3弄15號1樓,,,,116,Taiwan,TW,02-27204091,,,25.02841007,121.56419917,country_normalized
loc_xpq2e626,ADK DESIGNS,Salons,1505 CHAPEL HILL RD STE 105,,,MO,65203-5506,United States,65203-5506,6603515127,Ericahunt82@yahoo.com,,38.93031200,-92.36063600,zip_recovered_from_country; country_inferred
loc_m7x8km8v,ADK DESIGNS,Salons,1505 CHAPEL HILL RD STE 105,,,MO,65203-5506,United States,65203-5506,6603515127,adk.designs.columbia@gmail.com,,38.93031200,-92.36063600,zip_recovered_from_country; country_inferred
loc_vm9wn2ym,Adora Hair by Ash,Salons,20l Whitewood Road,,DUBBO,NSW,2830,Australia,,448462212,ash.banfield21@gmail.com,,-32.24739353,148.67699524,country_inferred
loc_yzy8jk2v,Adore Aesthetix,Clinics,"1221 South Clarkson Street, #300, Denver, CO 80210",,Denver,CO,80210,United States,United States,+1 303-513-0196,,https://adoremedspa.com/,39.69446504,-104.97841720,state_split_from_postal
loc_m7x8k2ev,Adoring Salon DBA Textures Hair Salon,Salons,1801 N Broad Street,Suite 13,Lansdale,PA,19446,United States,,(215) 393-3454,adoringhairsalon@gmail.com,,40.25635022,-75.26827206,country_inferred
loc_n9mz6y75,Adorn Skin & Laser,Clinics,"10006 101 Ave, Unit 204, Grande Prairie, AB T8V 2P9",,Grande Prairie,,T8V 2P9,Canada,Canada,780-814-0034,info@adornskinandlaser.com,https://www.adornskinandlaser.com/,55.17189039,-118.79551946,
loc_2mqrggy9,Adraneda Dermatology And Cosmetic Surgery,Clinics,"2nd flr. il centro building, sta. lucia east grand mall marcos highway corner felix avenue",,,,,Philippines,PH,0919 063 8452,adraneda.derm@yahoo.com,https://adranedadermatology.com/?srsltid=AfmBOorE1gmhFP4BXNbBo61c-uEtDMeIZcXZuavsoKI5RkyClv-s_SZP,14.62056829,121.10179852,country_normalized
loc_jyewmpne,Advance Dermaesthetics by Karen,Clinics,"5802 North University Dr, Tamarac, Florida 33321",,Tamarac,FL,33321,United States,United States,954-770-9241,,,26.19724292,-80.25181315,state_split_from_postal
loc_wyvn22yx,Aeon Medical and Aesthetic Centre,Clinics,"9 Scotts Road, #06-02/03 Scotts Medical Centre, Pacific Plaza, Singapore 228210",,,Orchard Road and Vicinity,228210,Singapore,Singapore,+65 67332002,,https://www.aeonmedical.com.sg/,1.30657731,103.83215680,
loc_k6mzxrrq,Aessence Clinic Shah Alam,Salons,"12-1, Jalan Singa D 20/D, Seksyen 20",,Shah Alam,Selangor,40300,Malaysia,Malaysia,012-6273395,,https://aessence.com.my/,3.05518078,101.54201424,email_placeholder_blanked
loc_xpq2ee96,Aesteem Aesthetic Clinic,Clinics,"10 Sinaran Dr, #11-23 Novena Medical Centre, Singapore 307506",,,Novena,307506,Singapore,Singapore,68505050,contact@aesteemclinic.sg,https://aesteemclinic.sg/,1.32058000,103.84448000,
loc_qzmyvvny,Aesthetic Culture Ortigas,Clinics,"ETON Emerald Lofts, Emerald Avenue, Ortigas",,,,,Philippines,PH,0977 214 4012,aestheticculture.ortigas@gmail.com,,14.58750000,121.06204000,country_normalized
loc_69nez5n5,Aesthetic Eye Ltd.,Clinics,"15 Dashwood Road, Gravesend, DA11 7LY",,Gravesend,,DA11 7LY,United Kingdom,United Kingdom,7599345689,maneeshdhillon@hotmail.com,,51.43252843,0.36102591,
loc_69nezzw5,Aesthetic Science Cosmetic,Clinics,"Kennedy Center, Muntinlupa City, Philippines",,,,,Philippines,PH,9178082921,info@aestheticscienceclinic.com,https://aestheticscienceclinic.com/,14.42089480,121.03655480,country_normalized
loc_pqm8929k,Aesthetic Spirit,Clinics,"30 Canmore Street, Dunfermline, Fife. KY12 7NT",,,Fife,KY12 7NT,United Kingdom,United Kingdom,01383 621499,,https://www.aestheticspirit.co.uk/,56.07035919,-3.45906567,
loc_57wex89n,AestheticLea You,Clinics,3 Wolverhampton Street,,Willenhall,West Midlands,WV13 2NF,United Kingdom,UK,+447515487478,lea@aestheticleayou.co.uk,https://www.aestheticleayou.co.uk/,52.58445400,-2.05636391,country_normalized
loc_jyewmrxe,Aesthetics 101,Clinics,47 Westbourne Grove,Flat 61,London,Greater London,W2 4UA,United Kingdom,UK,+447785551571,ellen@aesthetics101.co.uk,,51.51552346,-0.19022995,country_normalized
loc_rkzgqyeq,Aesthetics by Soniya Behrens,Clinics,21 Thurloe Place,,London,Greater London,SW7 2SP,United Kingdom,UK,+447490112149,info@soniyabehrens.com,https://soniyabehrens.com/,51.49512844,-0.17322284,country_normalized
loc_m7x8kpkv,Aesthetics of Liverpool,Clinics,"6 Castle Street, Liverpool, L2 0NB",,,Liverpool,L2 0NB,United Kingdom,United Kingdom,,,https://www.aestheticsofliverpool.co.uk/,53.37571527,-2.87481424,
loc_pqm899kk,Aesthetics Plus Medical Clinic,Clinics,"57 Circular Road (Boat Quay), #02-01, Singapore 049412",,,Central Business District,49412,Singapore,Singapore,+65 6221 1322,enquiries@aestheticsplusclinic.com,http://www.aestheticsplusclinic.com,1.28625211,103.84917015,
loc_8ye587y6,Aesthetics21,Clinics,800 6th Avenue,Apt# 30B,New York,New York,10001,United States,USA,+19148065332,jjmbabuike@gmail.com,https://aesthetics21.com/about-us/,40.74535000,-73.99048800,country_normalized
loc_7g25kznq,Agape Hair,Salons,148 a collins st,,Hobart,TAS,7000,Australia,Australia,,,,-42.88331592,147.32770578,
loc_k6mzxwpq,Agape Hair Collective,Salons,873 West Butler Pike,,Ambler,PA,19002,United States,,(215) 582-4453,agapehairlove@gmail.com,,40.18553178,-75.18633613,country_inferred
loc_69nezzk5,Agave,Salons,台中市西區精誠五街5號,,台中市,西區,403,Taiwan,,,,,24.15582130,120.65685114,phone_placeholder_blanked; country_inferred
loc_jyewmvqe,Age Reversal Therapies,Clinics,"Meadowbrae, Monymusk, Inverurie AB51 7HA",,Inverurie,,AB51 7HA,United Kingdom,United Kingdom,01467 651991,rhoda@agereversaltherapies.co.uk,https://agereversaltherapies.co.uk/,57.22861002,-2.52361000,
loc_yzy8j6xv,Ageless Aesthetics by Sonia,Clinics,800 Reed Rd SE,,Smyrna,Georgia,30082,United States,USA,+14046906880,sonia@agelessaestheticsbysonia.com,https://agelessaestheticsbysonia.com/,33.85648654,-84.53095787,country_normalized
loc_qzmyvw9y,Ageless Aesthetics LLC,Clinics,1070 Lewis Road,,Moscow,Idaho,83843,United States,USA,+15095954475,rachaljgarrett@gmail.com,https://agelessaestheticsrn.com/,46.80340800,-116.98230900,country_normalized
loc_qzmyvwgy,Aging Younger,Clinics,"408 Coffman St, Longmont, CO 80501",,Longmont,Colorado,80501,United States,United States,970-314-4004,,https://imagingyounger.com/,40.16602500,-105.10357600,
loc_rkzgqjkq,Aglow Dermatology,Clinics,"853 Broadway New York, NY 10003",,New York City,New York,10003,United States,United States,(212) 6271004,KenyattaStokeling@outlook.com,http://www.dinastrachanmd.com/,40.73464400,-73.99106100,
loc_pqm892vk,Ailesbury Clinic,Clinics,"David Lloyd Riverview, Beech Hill Road, Donnybrook, Dublin 4 Dublin",,,,D04 AF10,Ireland,,,office@ailesburyclinic.ie,,53.31483980,-6.23488620,country_from_tld
loc_rkzgqjmq,Ailesbury Clinic Cork,Clinics,"East Village, Douglas, Cork. T12 WF69",,,Ireland,T12 WF69,United Kingdom,United Kingdom,,,https://www.ailesburylite.ie/,51.86721002,-8.45870999,
loc_g2w9jzk7,Ailesbury Clinic Dublin,Clinics,"David Lloyd Riverview, Beech Hill Road, Donnybrook Dublin 4. D04 AF10",,,Ireland,D04 AF10,United Kingdom,United Kingdom,,,https://www.ailesburylite.ie/,53.77975540,-7.30553090,
loc_rkzgqjgq,AIM Center for Personalized Medicine,Clinics,3010 Westchester Avenue,Suite 404,Purchase,New York,10577,United States,USA,+19147307390,info@aimcenterpm.com,https://drtaniadempsey.com/,41.01195418,-73.69698938,country_normalized
loc_jyewmrge,Air Aesthetics & Wellness Clinic,Clinics,Christopher Place,,St Albans,,AL3 5DQ,United Kingdom,United Kingdom,01727 221773,info@airaesthetics.co.uk,,51.75194000,-0.34045000,
loc_95rw8zyy,Air Aesthetics & Wellness Clinics,Clinics,Russell House,Doctors lane,Henley in Arden,Warwickshire,B95 5AW,United Kingdom,UK,+447727115334,admin@airaesthetics.co.uk,https://www.airaesthetics.co.uk/?utm_source=google&utm_medium=organic&utm_campaign=gmb&utm_content=Henley-Website,52.29443529,-1.77966588,country_normalized
loc_yzy8j69v,AKA Salon,Salons,305 Main St,,Coopersville,MI,49404,United States,US,616-837-8031 sal,akadowntown@gmail.com,,43.06370556,-85.93414080,country_normalized
loc_rkzgqqqq,Akaike Clinic,Clinics,"Avenue Motomachi Building 4F, 1-7 Motomachi, Tokushima-shi",,Tokushima,,,Japan,Japan,088-602-0022,,https://www.akaikeskincare.com/,34.07301230,134.55049080,
loc_pqm8928k,Akane Salon,Salons,2024 Center Avenue,,Fort Lee,NJ,7024,United States,,(201) 461-3645,akanehairsalon@gmail.com,,40.85275617,-73.97153104,country_inferred
loc_zzpngkxw,Akashi Clinic,Clinics,"1-106 Babakamimitsumachi, Mizuho-shi, Gifu, Japan",,,,,,,058-201-1311,,https://akashi.amebaownd.com/,35.41583014,136.68191971,
loc_69nezme5,Akihabara skin clinic,Clinics,,,Tokyo,,,Japan,Japan,,,https://www.akihabara-skin.com/,35.68955258,139.69181823,
loc_jyewmmme,Akiko Dermatology Clinic,Clinics,,,Oita,,,Japan,Japan,,,https://akikosc.jp/,33.23938545,131.60965216,
loc_95rw89zy,Akina Beauty and Laser Clinic,Clinics,"50 Leeson Street Lower, Saint Kevin's, Dublin",,,Ireland,D02 XK26,United Kingdom,United Kingdom,0151 203 1393,,,53.33266999,-6.25379001,
loc_qzmyv6ky,Akiyo Masumura,Clinics,,,Tokyo,,,Japan,Japan,,,,35.68955258,139.69181823,
loc_7g25kmkq,Alainn Clinic,Salons,"G-6, Infinity Tower, 28, Jalan SS 6/3, SS 6",,Petaling Jaya,Selangor,47301,Malaysia,Malaysia,03-7802 8099,,https://alainnclinic.com/,3.10681170,101.60009280,email_placeholder_blanked
loc_m7x8kkqv,Alala hair salon(@),Clinics,桃園市中壢區九和五街12號,,,,320,Taiwan,TW,03-4227857,,,24.96440901,121.22198613,country_normalized
loc_yzy8jjwv,Alaxis Medical & Aesthetic Surgery,Clinics,"15 Scotts Rd, #06-03",,,Orchard Road and Vicinity,228218,Singapore,Singapore,,,https://alaxis.com.sg/,1.30788493,103.83273062,
loc_xpq2ej86,ALBA Skin & Beauty Clinic,Clinics,22 Market Place,"Cirencester, Gloucestershire",,,GL7 2NW,United Kingdom,United Kingdom,01285 238 070,info@albaskinclinic.co.uk,http://www.albaskinclinic.co.uk,51.71703847,-1.96709322,
loc_n9mz67z5,Alchemy Aesthetics Skin Clinic,Clinics,"5 School Hill, North Marston, Buckingham MK18 3PE",,,Buckinghamshire,MK18 3PE,United Kingdom,United Kingdom,,,https://www.alchemyskinclinic.co.uk/,51.89754732,-0.87355094,
loc_m7x8kpjv,Alchemy the Salon,Salons,1851 post road,2nd floor,Fairfield,CT,6824,United States,US,+12036503496,alchemythesalonct@gmail.com,,41.14086500,-73.26425900,country_normalized
loc_zzpng87w,Aldo Cotesta,Salons,11150 142th St,,Edmonton,AB,T5M 4G5,Canada,,,ferio87@live.ca,,53.56087753,-113.56618607,country_inferred
loc_rkzgq7xq,Aleki Hair,Salons,2/41 Mortimer Street,,Kurralta Park,SA,5037,Australia,AU,401359845,aleki.hnb@outlook.com,,-34.95657858,138.56333662,country_normalized
loc_jyewm7me,Alena Skin and Body Care,Clinics,"7130 Pacific Blvd, Huntington Park, CA 90255",,Los Angeles,California,90255,United States,United States,,,http://www.alenaskinandbodycare.com/contact.html,33.97468020,-118.22695000,
loc_wyvn255x,Alessio Modern Salon,Salons,6959 Lebanon Rd,,Frisco,TX,75034-6737,United States,US,4692687365,katherineteat@gmail.com,,33.12178543,-96.82500159,country_normalized
loc_k6mzxwkq,Alex King,Salons,277 N Glenn Ave,,Washington Court House,OH,43160,United States,,740-505-7549,hairbyandra22@gmail.com,,39.55264802,-83.42511367,country_inferred
loc_8ye58v96,Alex Yarber Salon - SHOP,Salons,1623 Veterans Memorial Pkwy,,Tuscaloosa,AL,35404,United States,United States,205 554 4300,alexyarber@gmail.com,,33.19758951,-87.51435609,
loc_m7x8kqev,Alexander Surgery,Clinics,"5720 Oberlin Drive, San Diego, CA 92121",,San Diego,California,92121,United States,United States,(888) 463-9532,info@alexandersurgery.com,https://alexandersurgery.com/,32.89285389,-117.19551920,
loc_jyewmvke,Alfred Stephens Salon,Salons,16 S Broadway,,Pitman,NJ,08071,United States,,(856) 218-2700,mariapriegel@gmail.com,,39.73269651,-75.13121123,country_inferred
loc_8ye58vk6,Ali Vei Salon,Salons,1245 Old Jolly Bay Rd Suite A106,,Freeport,FL,32439,United States,United States,850 262 9330,myla@avhairstudio.com,,30.47012804,-86.12539463,
loc_jyewmmpe,Alice Hair Salon,Salons,台北市士林區中山北路六段764號2樓,,台北市,士林區,111,Taiwan,,02-28772208,,,25.11595599,121.52847603,country_inferred
loc_vm9wnxpm,Alison Santor,Salons,85 Bank Street,Apt A,Lebanon,NH,03766,United States,US,(603) 306-1653,behindalischair@gmail.com,,43.64490200,-72.24288000,country_normalized
loc_zzpngwqw,All About Skin,Clinics,"4617 West Sunset Blvd, Tampa FL 33629",,Tampa,FL,33629,United States,United States,,,,27.92231399,-82.52156201,state_split_from_postal
loc_wyvn25mx,All About Skin Inc.,Clinics,S. Ft. Apache Rd. Las Vegas NV 89148,,Las Vegas,NV,89148,United States,United States,+1 7025241530 5568,allaboutskinlasvegas@gmail.com,,36.06364557,-115.29669679,state_split_from_postal
loc_wyvn26xx,ALLEE,Salons,326 80TH STREET CT,,,IA,52228-9540,United States,52228-9540,3198990684,DELANEYOVENSHIRE@GMAIL.COM,,41.65778364,-90.58801516,zip_recovered_from_country; country_inferred
loc_vm9wng8m,Allen Parkway Barbershop,Salons,2777 Allen Pkwy,,Houston,TX,77019-2141,United States,,8324475569,buffaloheightsbarbershop@gmail.com,,29.76149173,-95.39595074,country_inferred
loc_wyvnjmnx,Allie Green,Salons,10 Forest Falls Dr,Suite 4,Yarmouth,ME,4039,United States,Us,(207) 632-3809,hairbyallieg@gmail.com,,43.80348288,-70.18314558,country_normalized
loc_qzmy69zy,Allure Boutique and Spa,Salons,5942 S Lewis Ave,,Tulsa,OK,74105-7112,United States,Us,9183273459,cdsalons@outlook.com,,36.07749900,-95.95861400,country_normalized
loc_g2w9jkn7,Allure Hair Couture,Salons,"Shop 1/144 Blues Point Rd,",,Mcmahons Point,NSW,2060,Australia,Australia,,,,-33.84420309,151.20413526,
loc_g2w9jzm7,Allure Med Spa,Salons,15 Quincy Ave,,Quincy,MA,02169,United States,US,(617) 471-4464,reception@allurespa.com,,42.24482245,-70.99945146,country_normalized
loc_k6mzxgyq,Allure Salon,Salons,"340 North Neil Street, STE 2",,Champagne,IL,61820,United States,,217-355-3900,embraceyourallure@gmail.com,http://Whitney Adamson,40.11924700,-88.24282500,country_inferred
loc_7g25k96q,ALLURE SALON AND SPA,Salons,1007 SOUTHWEST BLVD,,,MO,65109-2573,United States,65109-2573,5736344147,mkraus96@gmail.com,,38.57324244,-92.19964011,zip_recovered_from_country; country_inferred
loc_7g25kxkq,Allure Salon and Spa,Salons,4614 Broadway Allentown,,PA,,18104,,,+1 610-391-9281,info@alluresalonspa.net,,40.58615007,-75.55921335,name_whitespace
loc_zzpng82w,Ally Best Beauty,Salons,"Forth Worth, TX",,,,,,,,allyson.best@yahoo.com,,32.78023100,-97.27449900,
loc_g2w9kq27,Almost Blonde,Salons,102 E Elm St,,El Dorado,AR,71730-6102,United States,Us,8708145003,heathergilmore101@gmail.com,,33.21274700,-92.66364600,country_normalized
loc_exy62mmv,Alora Rejuvenation Ltd,Clinics,10 Russell Street,,Armagh,Northern Ireland,BT61 9AA,United Kingdom,UK,+447922409498,ciara@alorarejuvenation.com,https://alorarejuvenation.com/contact/,54.34899890,-6.65266109,country_normalized
loc_69nez585,Alshifa Multispeciality Hospital,Clinics,"D-305, Abul Fazal Enclave, Jamia Nagar, Okhla, New Delhi 110025, P.O.Box No. 9734",,,New Delhi,110025,India,India,"00-91-9555163363, 00-91-9818844498",info@alshifahospital.net,http://www.alshifahospital.net/,28.55689020,77.29313090,
loc_exy62ngv,Alta Moda,Salons,"17503 La Cantera Pkwy # 128, San Antonio, TX 78257",,,,,,,(210) 561-8824,,,29.60824851,-98.59831615,
loc_wyvn25gx,Alter Ego S Hair Co.,Salons,#104 950 Queensland Dr SE,,Calgary,AB,T2J 6E7,Canada,,,Alteregoshairco@gmail.com,http://Www.alteregoshairco.ca,50.93283448,-114.01186806,country_inferred
loc_xpq2ey96,Altered Image,Clinics,4236 Augustine Road,,Spring Hill,FL,34609,United States,US,(203) 315-6281,denisetreusch@gmail.com,,28.48983467,-82.53141135,country_normalized
loc_g2w9jzj7,Aluminate Clinic Ltd,Clinics,12A Salop road,,Oswestry,Shropshire,SY11 2NU,United Kingdom,UK,+447951902146,amanda@aluminateclinic.com,https://www.aluminateclinic.com/about,52.85744866,-3.05144500,country_normalized
loc_wyvn2zzx,Always Aesthetics,Clinics,"37 James Connolly Street, Cavan Cavan",,,,H12FX37,Ireland,Ireland,,Aoifeashfaqraja@gmail.com,,53.98767759,-7.36049258,
loc_pqm89zpk,AM Rich Hair and Beauty,Salons,487 Hume highway,,Yagoona,NSW,2199,Australia,,402454784,info@amrichhairandbeauty.com.au,,-33.90748556,151.02292247,country_inferred
loc_wyvn2eex,Amalante Clinic,Clinics,"Central Plaza Bangna 5th Floor, Bang NA, khet Bang Na, Bangkok, 10260, Thailand",,,Bangkok,10260,Thailand,Thailand,"080 – 556 – 5294, 098 – 554 – 6658",,https://amaranteclinic.com/contact/,13.67332240,100.64011649,
loc_7g25k8zq,Amanda Azzopardi Aesthetics,Clinics,"23 Lanfranc Way, Childwall, Liverpool L16 1JU",,Liverpool,,L16 1JU,United Kingdom,United Kingdom,0151 558 0742,Amanda@AmandaAzzopardi.co.uk,https://amandaazzopardi.co.uk/,53.40166875,-2.88541473,
loc_exy625pv,Amanda Kyranis,Salons,13 Hastings st,,Botany,NSW,2019,Australia,Australia,,,,-33.94722556,151.19992248,
loc_57wexgrn,Amasora Clinic,Clinics,,,Tokyo,,,Japan,Japan,,,https://amasora.jp/,35.68955258,139.69181823,
loc_m7x8kevv,Amazing Grace Beauty Group,Clinics,29A The Boulevarde Strathfield,,,,NSW 2135,Australia,,(02)9763 7760,yvonne@agbg.com.au,http://www.agbg.com.au,-33.87334655,151.09385225,name_whitespace; country_from_tld
loc_zzpngw7w,Amber Cottrill,Salons,275 N Glenn Ave,,Washington Court House,OH,43160,United States,,740-572-1860,acottrill82@gmail.com,,39.55206480,-83.42511367,country_inferred
loc_95rw8qgy,Amber Waves Salon,Salons,144 W Jefferson Ave,,Naperville,IL,60540,United States,,630-696-5727,sdrexler68@gmail.com,http://Shannon Drexler,41.77286000,-88.15078900,country_inferred
loc_7g25kkxq,Amber台北(@),Clinics,台北市大同區赤峰街44巷18號,,,,103,Taiwan,TW,02-25593466,,,25.05741053,121.51919910,country_normalized
loc_69nez5g5,AMBRA Aesthetic Clinic,Clinics,"898 High Rd, London N12 9RH",,London,,N12 9RH,United Kingdom,United Kingdom,020 8446 2761,info@ambraclinic.com,https://www.ambraclinic.com/,51.61956986,-0.17657927,
loc_69nez255,Âme,Salons,734 17th Street,Suite B,Santa Monica,CA,90402,United States,US,+17144227344,info@amesalonla.com,,34.03486200,-118.49301300,country_normalized
loc_yzy8jknv,Amee Lind Studio,Salons,5838 W 21st St N,,,KS,67205-1794,United States,,3165735668,ameelindstudio@gmail.com,,37.72367700,-97.41182100,country_inferred
loc_zzpng6jw,Amenities,Salons,121 West Main Cross,,Taylorville,IL,62568,United States,,217-824-6772,lauren10ma@yahoo.com,,39.54964798,-89.29514630,country_inferred
loc_g2w9jvj7,American Male,Salons,"10 Waterloo Avenue, Berwyn, PA 19312",,,,,,,610-296-9474,jessica@americanmale.com,http://americanmale.com,40.04708204,-75.44324138,
loc_wyvn2qex,AMERICAN MALE (READING),Salons,320 MORGANTOWN ROAD,,READING PA 19611,PA,19611,United States,,(610) 376-1300,angelag@americanmale.com,,40.31912300,-75.92629800,country_inferred
loc_95rw89py,American Mortals,Salons,724 Chestnut Street,,Philadelphia,PA,19106,United States,,(215) 574-1234,Info@americanmortals.com,,39.94937954,-75.15274238,country_inferred
loc_rkzgq62q,Amethyst Skye Salon,Salons,200 W Northwest Hwy #116,,Mt. Prospect,IL,60056,United States,,847-322-4124,amethysthairsalon@gmail.com,,42.06568920,-87.94001441,country_inferred
loc_7g25zq5q,Amilia's Haircare,Salons,574 Pleasant Street,,Worcester,MA,1602,United States,Us,(774) 230-8093,amiliaw@icloud.com,,42.26473692,-71.82214118,country_normalized
loc_m7x8keyv,Amos Hair Pty Ltd,Salons,Shop 18 / 18-34 Station Street,,Sandringham,VIC,3191,Australia,Australia,,,,-37.94896952,145.00431230,
loc_qzmyvewy,Amour Twenty-Four,Salons,,22 Interstate Drive,Somersworth,NH,3878,United States,US,(603) 842-4172,amour24dover@gmail.com,,43.26024709,-70.90894116,country_normalized
loc_exy627yv,AMV Beauty,Salons,9500 W Bay Harbor Dr,3G,Bay Harbor Islands,FL,33154,United States,US,+14247775979,aydemirova1985@icloud.com,,25.88557900,-80.13349000,country_normalized
loc_qzmyvvpy,Amy Salon (@),Clinics,高雄市三民區昭良街2號,,,,807,Taiwan,TW,07-3956704,,,22.65337115,120.33319715,country_normalized
loc_pqm89vrk,Anara aesthetics,Salons,159 KINGS ROAD,,CHELSEA,,SW3 5 TX,United Kingdom,UK,+447510711071,anara.aesthetics@gmail.com,,51.48777228,-0.16754922,country_normalized
loc_qzmyvqvy,Andrea Bariatric Surgery,Salons,"47, Jalan PJS 11/28b, Bandar Sunway",,Petaling Jaya,Selangor,46150,Malaysia,Malaysia,019-588 8788,,https://www.andreabariatricsurgery.com/,3.07253652,101.61037277,email_placeholder_blanked
loc_vm9w2rqm,Andrea Clark,Salons,Salon North 3a North street,,Ascot Vale,VIC,3032,Australia,Au,0435981250,andreaclark.trichologist@gmail.com,,-37.77654610,144.92827058,country_normalized
loc_xpq2ej66,Andreas Coiffure,Salons,"Kifisias Av.375, 14671 , Nea Erithrea, Athens",,,,,Greece,Greece,0030 2106207201,vicmin1972@yahoo.gr,http://www.andreascoiffure.gr/andreas-coiffures-ss-2020,38.08764124,23.81710738,
loc_exy62rpv,Andreas Coiffure,Salons,"Irodotou Str. 19, 10674, Kolonaki, Athens",,,,,Greece,Greece,0030 2107246911 -13,vicmin1972@yahoo.gr,http://www.andreascoiffure.gr/andreas-coiffures-ss-2020,37.97695955,23.74244960,
loc_k6mzxwzq,Andrew Marke Salon,Salons,21493 21 Mile Rd,,Macomb,MI,48044,United States,,586-948-8200,orders@andrewmarkesalon.com,,42.64496987,-82.90001358,country_inferred
loc_k6mzxrzq,Anfacialaesthetics,Clinics,"51 Hill Avenue, Amersham, Buckinghamshire",,,Milton Keynes,HP6 5BX,United Kingdom,United Kingdom,+44 7984 122326,anfacialaesthetics@gmail.com,https://anfacialaesthetics.co.uk,51.67616558,-0.60754666,
loc_exy62r6v,Anfacialaesthetics,Clinics,"Aspects Dental & Referral, 38 Benbow Court, Shenley Church End, Milton Keynes",,,Milton Keynes,MK5 6JG,United Kingdom,United Kingdom,+44 7984 122326,anfacialaesthetics@gmail.com,https://anfacialaesthetics.co.uk,52.02587000,-0.78852000,
loc_pqm89vyk,Anfacialaesthetics,Clinics,"7 Ludgate Broadway, London",,,London,EC4V 6DX,United Kingdom,United Kingdom,+44 7984 122326,anfacialaesthetics@gmail.com,https://anfacialaesthetics.co.uk,51.51327844,-0.10274168,
loc_pqm89vjk,Anfacialaesthetics - Evolve Salon & Spa,Clinics,"77 Vicarage Road, Watford WD18 0EJ",,,Watford,WD18 0EJ,United Kingdom,United Kingdom,,,http://www.evolve-salon.com/,51.65191963,-0.40042744,
loc_vm9wnvjm,Angel Hair,Salons,1348 Ashley Square,,WinstonSale,NC,27103,United States,US,,mmjdraughon@aol.com,,36.07471215,-80.31232210,country_normalized
loc_8ye58xy6,Angel Trichology,,Main Street,,Kilby Wigston,,LE18 3TD,United Kingdom,United Kingdome,07817222235,angeltrichology@gmail.com,http://www.angeltrichology.co.uk,52.55302199,-1.08609818,country_normalized
loc_k6mzxwjq,Angelas Pure Salon And Spa-Fl,Salons,3510 N Lockwood Ridge Rd,,Sarasota,FL,34234,United States,US,(941) 545-2691,a.puresalonspa@gmail.com,,27.36610600,-82.50520600,country_normalized
loc_k6mzxx6q,Angeline Yong Dermatology,Clinics,"Ngee Ann City Podium, 391 Orchard Rd, #05-23",,,Orchard Road and Vicinity,238872,Singapore,Singapore,6252 0026,info@ayd.com.sg,https://ayd.com.sg/,1.30284500,103.83465180,
loc_exy6252v,Animus Hair,Salons,3b/28 metroplex Ave,,Murarrie,QLD,4172,Australia,,419020191,tonesbeautybar@gmail.com,,-27.45244979,153.09925084,country_inferred
loc_g2w9kq97,Anjoli,Salons,135 Carriage Depot Rd,Rt 101 A,Amherst,NH,3031,United States,Us,(603) 880-3855,cahillgyung@gmail.com,,42.96651700,-71.63569900,country_normalized
loc_zzpngvzw,Ankit Sharma,Clinics,"83 71st Street, Guttenberg, New Jersey 07093, United States",,Guttenberg,NJ,07093,United States,United States,201 805 8512,sankit962@yahoo.com,,40.79279000,-74.00245500,state_split_from_postal
loc_7g25kzmq,Anna's Hair,Salons,Shop 4 2A Church Street,,Boonah,QLD,4310,Australia,Australia,,,,-27.99910538,152.68217290,
loc_zzpngv6w,Annette Papanikolaou,Salons,800 Technology Way Studio 1 Scarborough,,ME,,04074,,,(207) 890-8304,Chroma2023@gmail.com,http://www.chroma-llc.com,43.59241776,-70.35439111,
loc_n9mz6gx5,Anri Clinic Nagoya-in,Clinics,,,Aichi,,,Japan,Japan,,,https://seijinkai.info/,34.99916573,137.25457225,
loc_95rw87xy,Anthony Nitson Hair,Salons,130 Ayr Street,,Doncaster,VIC,3108,Australia,Australia,,,,-37.77667619,145.10380238,
loc_69nezxg5,Anthony Scott Salon,Clinics,275 Rt 25A Suite #9,,Miller Place,NY,11764,United States,US,(631) 821-3344,gprestes69@gmail.com,,40.94289600,-72.99115700,country_normalized
loc_vm9wn2pm,Anthony's For Hair - Moonee Ponds,Salons,53 Puckle Street,,Moonee Ponds,VIC,3039,Australia,Australia,,,,-37.76732619,144.92270237,
loc_7g25k7qq,Antthony chrystopher hair,Salons,3970 Florida St,Apt. C,San Diego,CA,92104,United States,US,+18312104455,anttme@gmail.com,,32.74985600,-117.14404300,country_normalized
loc_exy62nzv,AO hair,Salons,319 coldwell road,,Regina,Saskatchewan,S4R4L4,Canada,Canada,+13062165192,ashley_o@live.ca,,50.48142100,-104.64270900,
loc_2mqrgg79,Apex Dermatology Institute,Clinics,"Room 1103-6, 11/F Hong Kong Pacific Centre, 28 Hankow Road, Tsim Sha Tsui",,,Kowloon,,Hong Kong,Hong Kong & Macau,+852 3703 3580,info@apexdermhk.com,http://www.apexdermhk.com/,22.29710527,114.17125800,country_normalized
loc_95rw89gy,Apothecary,Salons,56 Wareham St.,Studio 201,Boston,MA,02118,United States,US,(815) 219-9531,apothecaryboston@gmail.com,,42.33909600,-71.06701000,country_normalized
loc_wyvn2q2x,Apothecary Hair Lounge,Salons,316 West Ridge Pike,,Royersford,PA,19468,United States,,,apothecaryhair@gmail.com,,40.22961600,-75.51922300,country_inferred
loc_vm9wn6jm,Appearances (Springfield IL),Salons,3240 Pleasant Run,,Springfield,IL,62711,United States,USA,217-546-3777,appearances1@comcast.net,,39.75346513,-89.73141470,country_normalized
loc_k6mzx9qq,April Cross Skin Care,Clinics,120 Finnians Way,,Nipomo,California,93444,United States,USA,+18053051917,amma1080@gmail.com,,35.03209600,-120.49148500,country_normalized
loc_m7x8kmgv,Apryl Does Hair,Salons,1573 154th Ave NW,Ste 106,Andover,MN,55303,United States,US,+16125816295,aprylriebe@gmail.com,,45.24994700,-93.30511100,country_normalized
loc_yzy8jpmv,Aquarius Spa,Salons,"113 Virginia St, Chapin,",,,SC,29036,United States,,(803) 345-1920,relax@theaquariusspa.com,,34.16655978,-81.35561333,country_inferred
loc_n9mz6ry5,Arabella Spa and Salon,Salons,2140 Holmgren Way,,Green Bay,WI,54304,United States,US,+19206552333,arabellaspaandsalon@gmail.com,,44.49248600,-88.05813300,country_normalized
loc_k6mzxpyq,Ardor Hair Studio,Salons,18 Freycinet Drive,,Sunshine Bay,NSW,2536,Australia,Australia,,,,-35.74831706,150.20290167,
loc_zzpng89w,Arianna Cook - The Salon off Main,Salons,"203 Railroad St1A, Buda, TX, United States, Texas",,,TX,,United States,,(512) 644-7716,glamartistrybyarianna@gmail.com,,30.08149286,-97.84216030,country_inferred
loc_jyewm5qe,Arkansas medical weight loss,Clinics,3017 S. 70th St.,Suite I,Fort Smith,Arkansas,72903,United States,USA,+14798837055,jennyannpittman@me.com,https://www.arkansasmedicalweightloss.com/,35.35308200,-94.35483900,country_normalized
loc_vm9wn26m,Armandi Hair,Salons,1 A Hampstead Road,,Dulwich Hill,NSW,2203,Australia,Australia,,,,-33.89793555,151.13746248,
loc_wyvn29ex,Art & Soul Hair (R),Salons,9802 102 St.,,Grande Prairie,AB,T8V 2V2,Canada,,,weartheartis@hotmail.com,http://artandsoulhairstudio.com,55.16990389,-118.80119464,country_inferred
loc_57wexgnn,Art Hair Extension,Salons,12A Daisy Street,,Fairy Meadow,NSW,2519,Australia,Australia,,,,-34.39282563,150.89540247,
loc_rkzgqy8q,Arta Beauty GmbH,Clinics,Uraniastrasse 32,,Zürich,Zurich,8001,Switzerland,Switzerland,+41787759998,hironimusa@gmail.com,https://arta-beauty.ch/,47.37349776,8.53551140,
loc_wyvn2zvx,Arte Salon,Salons,16 Boston Post,,Wayland,MA,01778,United States,US,(508) 317-3927,jess.helgeson@gmail.com,,42.36199694,-71.33292117,country_normalized
loc_pqm892mk,Arte Salon - Jess,Salons,16 Boston Post,,Wayland,MA,01778,United States,US,(508) 317-3927,jess.helgeson@gmail.com,,42.36199694,-71.33292117,country_normalized
loc_yzy8jq9v,Artful Aesthetics,Clinics,"1950 Mountain Blvd Ste. 7, Oakland, CA 94611",,Oakland,CA,94611,United States,United States,,,https://artful-aesthetics.com/,37.82821800,-122.21071400,state_split_from_postal
loc_rkzg7vkq,Artiste Salon,Salons,195 East Main St,,Milford,MA,1757,United States,Us,(508) 473-3700,arniepj@gmail.com,,42.15062691,-71.50156117,country_normalized
loc_57wexkyn,Artistic Hair Salon,Salons,303 S. Main St.,,Red Bud,IL,62278,United States,,618-282-3737,laravoss24@gmail.com,,38.20976260,-89.99431474,country_inferred
loc_rkzgqqgq,Artistique Aesthetic Clinic,Clinics,"260 Orchard Rd, #05-04 The Heeren",,,Orchard Road and Vicinity,238855,Singapore,Singapore,97777488,,https://www.artistique.com.sg/,1.30267460,103.83745010,
loc_rkzgqnyq,Arturos Hair Designs,Salons,1850 W Lake Houston Pkwy,,Kingwood,TX,77339-5237,United States,,2813592887,arturos104@yahoo.com,,30.03503847,-95.17403050,country_inferred
loc_exy625wv,Asakusa Station General Clinic,Clinics,,,Tokyo,,,Japan,Japan,,,https://asakusabashi-clinic.com/,35.68955258,139.69181823,
loc_2mqrgkm9,Ash and Honey - Kandace,Salons,848 University Drive Ste. B,,Lake Charles,LA,70605,United States,United States,337 396 9136,ashandhoneylc@gmail.com,,30.16892759,-93.23056945,
loc_wyvn2qgx,Ashka Salon + Wellness Lounge,Salons,242 N Canton Center Rd. Canton,,,MI,48187,United States,,,,,42.30574400,-83.48724200,country_inferred
loc_vm9wnv5m,Ashka Salon Plus,Salons,21190 Pontiac Trail,,South Lyon,MI,48178,United States,,734-255-6227,jozie.ashka@gmail.com,,42.43586953,-83.64881371,country_inferred
loc_g2w9jrp7,Ashling Donnelly Aesthetic Clinic,Clinics,"29 Harrogate Road, Leeds LS7 3PD",,,Leeds,LS7 3PD,United Kingdom,United Kingdom,,,https://www.ashlingdonnelly.com/,53.82749704,-1.53738625,
loc_vm9wnn7m,Asian Hair Restoration / Dr. Mariel Arambulo-Cordero,Salons,"Level 5 Main Wing, Shangri-La Plaza, EDSA corner Shaw Boulevard",,Mandaluyong,Metro Manila,,Philippines,Philippines,0917 580 1684,info@asianhair.com.ph,,14.58122758,121.05345732,
loc_rkzg7vxq,ASPEN SALON SHOAL CREEK,Salons,8250 N BOOTH AVE,,KANSAS CITY,MO,64158-7201,United States,US,8168076861,kasseymlane@gmail.com,,39.24280400,-94.47831000,country_normalized
loc_rkzgqj7q,Aspire Aesthetics,Clinics,"67 High Street, Inverurie AB51 3QJ",,,Scotland,AB51 3QJ,United Kingdom,United Kingdom,+44 01467 620863,info@aspireaesthetics.co.uk,http://www.aspireaesthetics.co.uk/,57.27988938,-2.37224389,
loc_rkzgqmpq,Aspire Boutique Salon,Clinics,3897 West Homosassa Trail,,Lecanto,FL,34461,United States,US,(352) 489-4477,aspiresalonandspa@gmail.com,,28.84989800,-82.49885900,country_normalized
loc_vm9wnx2m,Astral Aesthetics,Clinics,"The Slimming Pod & Spa, 308 Leyland Lane, Leyland",,,,PR25 1UL,United Kingdom,,07513 648841,astralaesthetics00@gmail.com,https://www.fresha.com/book-now/astral-aesthetics-wtav4zi0/all-offer?share=true&pId=2588768,53.69113630,-2.71722140,country_inferred
loc_vm9wnnem,Astute Clinic,Clinics,"137 East Coast Road, Tembeling Centre #01-08, Singapore 428827",,,East Coast Road,428827,Singapore,Singapore,,,https://www.astutecentre.sg/,1.30621480,103.90516800,
loc_exy62mgv,Asymmetry Salon,Salons,378 Kelly rd Suite 6,,Vernon,CT,06066,United States,US,(860) 512-0221,asymmetrysalon@gmail.com,,41.82449800,-72.50459200,country_normalized
loc_qzmyvvmy,AT6,Clinics,台中市南區美村南路68-5號2樓,,,,402,Taiwan,TW,04-22639911,,,24.11739514,120.66619770,country_normalized
loc_8ye587g6,Atelier 22 Beauty Bar,Salons,92 Blauvelt Way,419,Suffern,NY,10901,United States,US,+17326822812,kho@atelier22usa.com,,41.11500400,-74.15370800,country_normalized
loc_wyvn2e9x,Atelier Aesthetics Clinic,Clinics,"Mosonmagyaróvár, Deák Ferenc tér 3.",,,HU,9200,,Europe,,hello@atelierclinic.hu,,47.87877844,17.27202830,country_not_a_country
loc_7g25km9q,Atelier Bella Donna Dominika Bielecka,Salons,"Księdza Piotra Ściegiennego 87, 25-114 Kielce",,,,,,,796258256,atelierbelladonna20@gmail.com,,50.85189408,20.62423192,phone_comma_stripped
loc_n9mz6gq5,Atelier41,Salons,Unit 10408 2A Figtree Dr,,Sydney Olympic Park,NSW,2127,Australia,AU,0426176618,yspark6424@gmail.com,,-33.84892955,151.07262625,country_normalized
loc_8ye58v66,Atlanta Hair Color Studio,Salons,1123 Zonolite Rd,,Atlanta,GA,30306,United States,US,(404) 759-8042,emily@atlantahaircolorstudio.com,,33.80651554,-84.34344138,country_normalized
loc_95rw875y,Atlas,Clinics,"7 Dudley Ave, Prospect",,,,SA 5082,Australia,AU,0416 22 5956,camillemny@yahoo.com.au,,-34.89289257,138.58854423,country_normalized
loc_zzpngkww,Atsi Hair,Salons,8a/42-46 Wattle rd,,Brookvale,NSW,2100,Australia,Australia,,,,-33.76733719,151.27443486,
loc_exy6255v,August Hair Co Pty Ltd,Salons,Shop 3 280 Olsen Ave,University Square Building,Parkwood,QLD,4214,Australia,Australia,,,,-27.95559270,153.38196250,
loc_57wexk5n,Aundrea Inman,Salons,1239 Hartland Drive,,Westfield,IN,46074,United States,USA,317-750-2403,hairbyaundie@gmail.com,,40.05427656,-86.18119141,country_normalized
loc_8ye58ke6,Aura Hair Co/ Domenique,Salons,3525 W. Boynton Beach Blvd.,,Boyton Beach,FL,33436,United States,US,(561) 281-6232,dmdartistry@gmail.com,,26.52750816,-80.09880924,country_normalized
loc_rkzgqq8q,Auralis Aesthetic & Wellness Clinic,Clinics,"Unit 1 Wilson Square Building No.199 Wilson St. Cor. P.Guevarra, San Juan, Philippines, 1500",,,,,Philippines,PH,0917 155 3081,auralis.ph@gmail.com,,14.59739920,121.03796390,country_normalized
loc_vm9wngqm,Aurora Boutique (R),Salons,1011 103 St,,North Battleford,SK,S9A 1K3,Canada,,,olivia@auroraboutique.net,http://auroraboutique.com,52.77286462,-108.29417743,country_inferred
loc_8ye58v76,Austin Bell,Salons,429 Harris Place,,Louisville,KY,40222,United States,USA,864-607-3403,abellstylee@gmail.com,,38.25376267,-85.61765140,country_normalized
loc_wyvn26ex,Austin Bell - Pelo Collective,Salons,"11421 Main St, Louisville",,Louisville,KY,40243,United States,USA,864-607-3403,abellstylee@gmail.com,,38.24426266,-85.54451402,country_normalized
loc_exy62njv,Austin Curls,Salons,"4300 N Quinlan Park Rd #200, Austin,",,,TX,78732,United States,,512-222-7044,,,30.38182498,-97.88495160,state_split_from_postal; country_inferred
loc_7g25kekq,Ava MD,Clinics,"2021 Santa Monica Blvd #600E, Santa Monica, CA 90404",,Santa Monica,California,90404,United States,United States,(310) 828-2282,,https://avamd.com/,34.02995575,-118.48021941,
loc_vm9wn7nm,Ava MD,Clinics,"9915 South Santa Monica Boulevard, Beverly Hills, CA 90212",,Beverly Hills,California,90212,United States,United States,(310) 843-9915,,https://avamd.com/,34.06535581,-118.41221940,
loc_k6mzxwwq,Avalon Plastic Surgery,Clinics,"516 N Rolling Rd STE 107, Catonsville, MD 21228",,Catonsville,Maryland,21228,United States,United States,410-747-2020,info@avalonplasticsurgery.com,https://www.avalonplasticsurgery.com/,39.28066436,-76.75491258,
loc_n9mz6q25,Avalos Aesthetics PLLC,Clinics,602 Donald Preston Dr,Suite 102,Wolfforth,Texas,79382,United States,USA,+18069559727,krystal@luxuryloungelbk.com,,33.52049600,-102.00697100,country_normalized
loc_rkzgq6pq,Avenson Salon & Spa,Salons,159 Highway 1 W,,Iowa City,IA,52246-4201,United States,US,3195309648,jjdublin2@gmail.com,,41.64660000,-91.54258500,country_normalized
loc_8ye58vm6,Avenson Salon & Spa,Salons,159 Highway 1 W,,Iowa City,IA,52246-4201,United States,US,3194406735,avensonsalon159@gmail.com,,41.64660000,-91.54258500,country_normalized
loc_rkzgqqeq,Avenue + Co Medical Aesthetics,Clinics,"3 Temasek Boulevard #02-319/320 Suntec City Mall, Singapore 038983",,,Central Business District,38983,Singapore,Singapore,+65 8787 4999,,https://avecomedical.com/,1.29593188,103.85901443,
loc_57wexmjn,Aviara,Salons,1655 Straitis Turnpike,,Middlebury,CT,06762,United States,US,(203) 598-7800,asijem81@gmail.com,,41.55432500,-73.09211400,country_normalized
loc_57wex88n,Avisena Healthcare,Salons,"No. 3, Jalan Perdagangan 14/4, Seksyen 14",,Shah Alam,Selangor,40000,Malaysia,Malaysia,603-5515 1888,careline@avisena.com.my,https://avisena.com.my/,3.07173980,101.52113980,
loc_m7x8krrv,Avisena Specialist Hospital,Clinics,"No. 4, Jalan Ikhtisas, Seksyen 14, 40000 Shah Alam, Selangor Darul Ehsan",,,Selangor,40000,Malaysia,Malaysia,+603 5515 1966,careline@avisena.com.my,http://avisena.com.my/home/,3.07175033,101.52411663,
loc_pqm896gk,Avon Beauty Salon,Salons,7485 East US Hwy 36,Suite D,Avon,IN,46123,United States,USA,317-292-1227,billiejostaten@yahoo.com,,39.76236515,-86.39014154,country_normalized
loc_pqm89gyk,Axelle Salon,Salons,9629 Sea Turtle Dr,,Plantation,FL,33324,United States,US,(916) 215-2645,nikki@axellesalon.com,,26.11440098,-80.27740454,country_normalized
loc_jyewmq8e,Axis Hairdressing,Salons,"Shop 142, 7 Donaldson Street",,Braddon,ACT,2612,Australia,Australia,,,,-35.27580492,149.13478225,
loc_zzpngwpw,Ayana Dermatology,Clinics,"2140 NE 26th St, Fort Lauderdale, FL 33305",,Fort Lauderdale,FL,33305,United States,United States,954 727 5700,,https://www.ayanaderm.com/,26.15954286,-80.11871313,state_split_from_postal
loc_95rw8qzy,Ayla Salon,Salons,3160 Breton Rd SE,,Grand Rapids,MI,49512,United States,,616-881-6599,lhuttenga@msn.com,,42.90607030,-85.60701403,country_inferred
loc_rkzgqjzq,B Dragonfly Hair Studio,Salons,1565 Main Street ( on Villa Roma Drive),,Tewksbury,MA,01876,United States,US,(978) 808-1684,2bdragonflyhair@gmail.com,,42.59725788,-71.21725285,country_normalized
loc_8ye58vq6,B2B,Salons,5921 SE 14th St Ste 1800,,Des Moines,IA,50320-1748,United States,US,5153603814,sthammaroth@yahoo.com,,41.53147700,-93.59528200,country_normalized
loc_2mqrgep9,BA Salon,Salons,716 South Broad Street,,Lansdale,PA,19446,United States,,,basalon720@gmail.com,,40.23289200,-75.29278100,country_inferred
loc_vm9wn6xm,Bab May,Salons,6136 N. Ewing St,,Indianapolis,IN,46220,United States,USA,317-507-5011,gumby46220@gmail.com,,39.86696653,-86.10596141,country_normalized
loc_wyvn25px,BALAYAGE SALON,Salons,6210 YORKTOWN BLVD,,,TX,78414-5864,United States,78414-5864,3616524595,solistania007@gmail.com,,27.66232045,-97.38723486,zip_recovered_from_country; country_inferred
loc_g2w9jrv7,Ballani Skin Aesthetics,Clinics,"155/1, Basant Lane Railway Colony(near panchkuian road) New Delhi 110055",,,New Delhi,110055,India,India,00-91-9650031223,Ballaniskinaesthetics@gmail.com,http://www.ballaniskinaesthetics.com/,28.63736469,77.21321127,
loc_g2w9jnj7,Banana Tree Organic Salon & Spa,Salons,1809 Panorama Drive,,Chattanooga,TN,37421,United States,,423-553-6773,bananatreesalon@gmail.com,,35.01562083,-85.16953150,country_inferred
loc_8ye58x76,Bangkok Laser Clinic,Clinics,"6/2-3 Soi Suzkhumvit 39 [Promsri 1].Sukhumvit Rd., Klongton-Nua, Wattana",,,Bangkok,10110,Thailand,Thailand,"081-8421001, 02-2602561",,http://www.bangkoklaser.com/,13.73382250,100.57991648,
loc_pqm89gqk,Barbear Company,Salons,515 S Eton Street,,Birmingham,MI,48009,United States,USA,248-731-7095,barbearcompany@gmail.com,,42.54406970,-83.19551363,country_normalized
loc_exy625kv,Bare Beauty Hair,Salons,Shop 9/15 King Street,,Wilberforce,NSW,2756,Australia,Australia,,,,-33.56099392,150.83939598,
loc_8ye58jk6,Bare Boutique,Salons,13483 Avon Allen Rd,,Mount Vernon,WA,98273,United States,US,+13604190777,h.lamay@bare-boutique.com,,48.45038794,-122.37799201,country_normalized
loc_wyvn2qxx,Barefoot beach massage and skincare,Salons,27816 forester drive,,Bonita springs,FL,34134,United States,US,+12399492222,smileykimber@aol.com,,26.33507600,-81.84574500,country_normalized
loc_n9mz6gn5,Bark Hair,Salons,156 Joplin Lane,,Acton,ACT,2601,Australia,Australia,,,,-35.27746470,149.12010390,
loc_vm9wnvym,Bauman Medical,Clinics,"1450 S Dixie Hwy, Boca Raton, FL 33432",,Boca Raton,Florida,33432,United States,United States,561-394-0024,doctorb@baumanmedical.com,https://www.baumanmedical.com/,26.33679400,-80.08953400,
loc_wyvn2zex,Bay Aesthetics Clinic,Clinics,"27/28 Marino Mart, Fairview, Dublin",,,,D03 R8X8,,,,Bayaestheticsclinic@gmail.com,,53.36450660,-6.23017383,
loc_g2w9jj87,Bay Aesthetics Clinic and Medispa,Clinics,"B2-12 Marina Bay Link Mall, 8A Marina Boulevard, Singapore 018984",,Singapore,,18984,Singapore,Singapore,+65 8428 7811,bayclinicsg@gmail.com,http://www.bayclinic.sg,1.28023827,103.85336964,
loc_exy627vv,Bay Pointe Dermatology & Cosmetic Center P.A.,Clinics,3850 Bird Rd,Suite 104,Miami,Florida,33146,United States,USA,+13055864322,baypointederm@hotmail.com,https://baypointedermatology.com/,25.73484100,-80.25690800,country_normalized
loc_qzmyv56y,BB DECHEINE FINE MENS SALON,Salons,1152 MAIN STREET / SUITE 2,,HELLERTOWN,PA,18055,United States,,(484) 955-4848,ttmoyer@ptd.net,,40.58603665,-75.34149123,country_inferred
loc_zzpng67w,BE SPOKE HEAD SPA (CAMPBELL),Salons,1627 S CAMPBELL AVE,,,MO,65807-2001,United States,65807-2001,417-496-4703,jellyfish@bespokeheadspa.com,,37.18563373,-93.29501199,zip_recovered_from_country; country_inferred
loc_95rw8q9y,Be-you-tiful Salon / Jill Schafer,Salons,600 East Carmel Drive,SUITE 230,cARMEL,IN,46032,United States,USA,317-753-4777,jill112980@sbcglobal.net,,39.96376548,-86.11531411,country_normalized
loc_7g25k9eq,Beaird Dermatology,Clinics,"4885 Hoffman Blvd Hoffman Estates, IL 60192",,Chicago,Illinois,60192,United States,United States,+1 (224) 484-0183,SamanthaSkowronski@BeairdDermatology.com,https://www.beairddermatology.com/,42.06774500,-88.19880700,
loc_qzmyv8zy,Beau Monde Salon,Salons,14609 County Road 11,,Burnsville,MN,55337-4734,United States,US,9529534600,heidilemieux@gmail.com,,44.73757945,-93.25816121,country_normalized
loc_pqm89vmk,BEAU Toxicology,Clinics,"83 High Street, March, PE15 9LB",,,Peterborough,PE15 9LB,United Kingdom,United Kingdom,,,https://beautoxicology.co.uk/,52.54666674,0.08721973,
loc_7g25kkgq,Beaute On Aesthetics Clinic,Clinics,"360 Orchard Rd, #02-09/10 International Building",,,Orchard Road and Vicinity,238869,Singapore,Singapore,+65 8830 6238,,https://beauteonaesthetics.com/,1.30596015,103.83090890,
loc_n9mz6qw5,Beautiful Life Hair Salon,Salons,9889 Bellaire Blvd,,Houston,TX,77036-3499,United States,,9175180656,beautifullifehairsalon@ymail.com,,29.70431487,-95.55333157,country_inferred
loc_8ye587p6,Beautiful People,Salons,2 Hammerhead Place,,Cromwell,CT,06416,United States,US,(860) 635-3000,bpsalon20@gmail.com,,41.60167682,-72.68207119,country_normalized
loc_wyvn2zqx,Beautiful Touch Skin Clinic,Clinics,35 Knock Na Lyre Ballina Mayo,,,,F26 E0F5,Ireland,,,beautifultouch@live.ie,,54.11892342,-9.13203057,country_from_tld
loc_g2w9kqq7,BEAUTILASE,Clinics,"34 Target Road, Totara Vale, North Shore, AUCKLAND",,,,0629,New Zealand,NZ,+64 21169 4975,beautilase@gmail.com,http://www.beautilase.co.nz,-36.76222086,174.72691965,country_normalized
loc_k6mzxg6q,BEAUTY BAR HAIR SALON,Salons,105 E PINE ST,,,MO,65757-8204,United States,65757-8204,4178481348,BETH1348@GMAIL.COM,,37.26900772,-93.11729179,zip_recovered_from_country; country_inferred
loc_m7x8ke2v,Beauty By Doctor,Clinics,"197 Old South Head Road, Bondi Junction",,,NSW,2022,Australia,,02 9388 9191,Info@beautybydoctor.com,http://www.beautybydoctor.com,-33.88967412,151.25885467,country_inferred
loc_yzy8jkvv,Beauty by Randie jo,Salons,798 buckeye ct,,Rifle,CO,81650,United States,US,+19702613893,randiemurray2@gmail.com,,39.53766200,-107.77281500,country_normalized
loc_zzpngvkw,Beauty By Sonia/the Clinic within,Clinics,607 Chorley Old Road,,Bolton,Greater Manchester,BL1 6BL,United Kingdom,UK,+447798680808,enquiries@beautybysonia.co.uk,https://www.beautybysonia.co.uk/clinic,53.58801878,-2.46629404,country_normalized
loc_7g25k8kq,Beauty Health Aesthetics,Clinics,"3 Whitehouse Road, Stirling",,,Scotland,FK77SP,United Kingdom,United Kingdom,+44 1786 476787,mailto:julia@beautyhealthaesthetics.co.uk,http://www.beautyhealthaesthetics.co.uk/,56.11414470,-3.91972140,
loc_vm9wn6wm,Beauty in the Brush,Salons,138 Morning Star Lane,,Hot Springs,AR,71901,United States,US,15015386882,lhhs101@yahoo.com,,34.45051700,-92.94775800,country_normalized
loc_exy62k7v,Beauty Nook,Clinics,"14925 60 Ave, #12, Surrey, BC, V3S 1R8",,Surrey,British Columbia,V3S 1R8,Canada,Canada,604-332-7272,hello@beautynook.ca,https://beautynook.ca/,49.11198046,-122.80902012,
loc_vm9wnv9m,Beauty Parlor 102 - Faith Mazell,Salons,Summerville,,,SC,,United States,,,fmmazell@gmail.com,,33.05138400,-80.18854000,country_inferred
loc_qzmyv67y,BeautyWorks,Salons,150 Ferrars Street,,South Melbourne,VIC,3205,Australia,Australia,,,,-37.83048713,144.95352400,
loc_xpq2e776,Beechview Medical,Clinics,"Main Street, Blanchardstown Village, Dublin Co. Dublin, D15 P6WA",,,Ireland,D15 P6WA,United Kingdom,United Kingdom,,,https://www.beechview.ie/,53.38708997,-6.37786898,
loc_n9mz6w85,Beguiling Beauty Salon,Salons,974 Main Street,,Watertown,CT,6795,United States,US,(203) 437-1144,beguilingbeautysalon@gmail.com,,41.59668500,-73.11338700,country_normalized
loc_exy62rqv,Bejma Clinic,Clinics,"23 Buckstone Crescent, West Yorkshire, Leeds, West Yorkshire, LS17 5HB",,,Leeds,LS17 5HB,United Kingdom,United Kingdom,+44 07821 944 328,drbejmaclinic@gmail.com,https://www.drbejmaclinic.com/,53.85369416,-1.56280723,
loc_zzpngv9w,Belerinaz Color Studio,Salons,11 Pearl Street,,Hudson,MA,01749,United States,US,(978) 333-0691,belerinaz@gmail.com,,42.39501695,-71.57043117,country_normalized
loc_57wex65n,Belevana Salon Suites,Salons,25242 Kingsland Blvd,,Katy,TX,77494-3256,United States,,8323389441,yb.okonji@yahoo.com,,29.77113900,-95.81012800,country_inferred
loc_g2w9jzn7,Belight Studio,Clinics,5 Highland Place,,Plymouth,MA,02360,United States,US,(781) 702-0083,bethanyedwardsreiki143@gmail.com,,41.95704687,-70.67294116,country_normalized
loc_qzmyvwpy,Bella,Salons,1221 W 6th St,,Austin,TX,78703-5275,United States,,5124975138,ginnie@bellasalonaustin.com,,30.27352026,-97.75943669,country_inferred
loc_vm9wng9m,Bella Capelli Salon,Salons,10621 S Western Ave,,Oklahoma City,OK,73170-6200,United States,US,4056929378,dsgirl1970.sj@gmail.com,,35.36187900,-97.53051900,country_normalized
loc_g2w9jej7,BELLA DEA SALON AND BOU,Salons,13209 SHAWNEE MISSION PKWY,,,KS,66216-1801,United States,66216-1801,9138085259,belladeasalon.boutique@yahoo.com,,39.01461873,-94.73816162,zip_recovered_from_country; country_inferred
loc_jyewm5me,BELLA DEA SALON AND BOU,Salons,13209 SHAWNEE MISSION PKWY,,,KS,66216-1801,United States,66216-1801,9132204242,TINAEVANS001@ATT.NET,,39.01461873,-94.73816162,zip_recovered_from_country; country_inferred
loc_69nez6k5,Bella Luce Med Spa,Clinics,"3209 Northwest Expy C, Oklahoma City, OK 73112",,Oklahoma City,OK,73112,United States,United States,+1 405-486-7450,,https://www.bellaluceokc.com/,35.53038201,-97.57237004,state_split_from_postal
loc_69nemve5,Bella Salon & Spa-GA,Salons,135 Goshen Rd Ext,#165,Rincon,GA,31326,United States,Us,(912) 656-8302,slucas0216@gmail.com,,32.25202528,-81.21131133,country_normalized
loc_m7x8k2kv,Bella Sirena - Diane Faccenda,Salons,1003 Greenes Way Circle,,Collegeville,PA,19426,United States,,(610) 613-7054,dfaccend@gmail.com,,40.17974037,-75.43466964,country_inferred
loc_m7x8kvkv,Bella Vita Salon,Salons,605 7th St,,Corning,IA,50841-1513,United States,,6413224907,stalcupamy@yahoo.com,,40.98892300,-94.73560600,country_inferred
loc_jyewmp6e,Bellamore,Salons,8015 Crile Road,,Concord Township,OH,44077,United States,USA,440-286-1779,pampered@bellamoresalon.com,,41.65316824,-81.23891331,country_normalized
loc_k6mzxpeq,Bellavida hair and Beauty,Salons,105 Williamson Street,,Bendigo,VIC,3550,Australia,Australia,,,,-36.76262009,144.28511357,
loc_k6mzxgzq,Belle Amis Salon - Lindsey,Salons,100 W Louisiana Ave.,,Rayne,LA,70578,United States,United States,337 356 9974,l_lejeune@yahoo.com,,30.23598722,-92.26881681,
loc_xpq2e6p6,Belle Aura Salon,Salons,97 W Old Mill Rd,,Fair Grove,MO,65648-8432,United States,US,4173450078,annadjohnsen@gmail.com,,37.38436800,-93.15362200,country_normalized
loc_jyewmpge,Belle Vie Hair Spa,Salons,13037 W Linebaugh Ave,,Tampa,FL,33626,United States,US,(813) 765-3184,heathercrolland@gmail.com,,28.05622815,-82.63907633,country_normalized
loc_n9mz6e85,Bellezza Salon & Day Spa,Salons,206 Deo Dr.,,Newark,OH,43055,United States,,740-366-1604,Lwells4spa@yahoo.com; a.sabo@live.com,,40.08656568,-82.42211350,email_multivalue; country_inferred
loc_wyvn2erx,Bellissima Clinic,Clinics,"5 Westbury Parade, London SW12 9DZ",,,London,SW12 9DZ,United Kingdom,United Kingdom,,,https://bellissimatherapies.co.uk/,51.45232999,-0.14797001,
loc_8ye587w6,Bello Salon,Salons,246 Holiday Drive,,White Rver,VT,05001,United States,US,(802) 356-9265,kcosmo25@gmail.com,,43.64221500,-72.33430400,country_normalized
loc_57wexm9n,Ben's Barber Shop,Salons,112 High Street,,Glassboro,NJ,08028,United States,,(856) 285-3166,kristendutch81@yahoo.com,,39.70438651,-75.11760123,country_inferred
loc_jyewmqre,Bent By ZD,Salons,Suite 5/391 Montague Road,Freedom Suites West End,West End,QLD,4101,Australia,,421720345,bentbyzd@gmail.com,,-27.48473095,153.00198258,country_inferred
loc_57wexgqn,Bespoke Hair & Beauty Lancefield,Salons,12 High Street,,Lancefield,VIC,3435,Australia,Australia,,,,-37.27702611,144.73574237,
loc_8ye58626,Bespoke In Hair,Salons,Shop 5 150/158 Argyle Street,,Picton,NSW,2571,Australia,,410333966,bespokeinhair@gmail.com,,-34.16878156,150.61213125,country_inferred
loc_qzmyvvwy,Beta hair & make(全)(@),Clinics,桃園市桃園區園二街159號,,,,330,Taiwan,TW,03-3381996,,,24.99840958,121.31719877,country_normalized
loc_2mqrgkr9,Beth Connelly,Salons,7912 10th st sw,,Byron,MN,55920,United States,US,+15072599501,bethbergithe@gmail.com,,44.00689500,-92.59704000,country_normalized
loc_n9mz6rj5,Better Skin Studio,Salons,209 Jacques Street,,Youngsville,LA,70592,United States,US,+13375347409,cameronpetry@gmail.com,,30.10001100,-91.99114100,country_normalized
loc_95rw89vy,Bevy Hair Studio,Salons,8 Whelden Lane,,Achusnet,MA,02743,United States,US,(508) 742-8239,m11pereira@yahoo.com,,41.70703839,-70.91776406,country_normalized
loc_jyewm57e,Bex Laser Aesthetix,Clinics,"103 S Mesquite St., Arlington, TX, 76010 Suite B",,Arlington,TX,76010,United States,United States,,,https://bexme.net/,32.73626200,-97.10562200,state_split_from_postal
loc_jyewmqye,Beyond The Fringe Haircutters,Salons,"Shop 2, 394 Mount Barker Road",,Bridgewater,SA,5155,Australia,Australia,,,,-35.01011560,138.76028050,
loc_zzpnggqw,BH Medical Aesthetics Clinic,Clinics,"10 Sinaran Drive #11-04 Novena Medical Centre, Singapore 307506",,,Novena,307506,Singapore,Singapore,+6567332555,info@bhmedicalaesthetics.com,https://www.bhmedicalaesthetics.com/,1.32058000,103.84448000,
loc_k6mzxxkq,BH Medical Aesthetics Clinic,Clinics,"390 Orchard Road, #03-12/13 Palais Renaissance",,,Orchard Road and Vicinity,238871,Singapore,Singapore,,info@bhmedicalaesthetics.com,https://www.bhmedicalaesthetics.com/,1.30665484,103.82958808,
loc_95rw878y,Bhava salon,Salons,111/88 Macquarie St,,Teneriffe,QLD,4005,Australia,Australia,,,,-27.45841613,153.04984995,
loc_g2w9jk67,Biba - Richmond,Salons,197 Bridge Road,,Richmond,VIC,3121,Australia,Australia,,,,-37.81810620,144.99604238,
loc_57wexmgn,Biomedical Clinics,Clinics,"Banchory, Aberdeenshire",,,Scotland,AB31 4AA,United Kingdom,United Kingdom,+44 01330 823 937,biomedclinics@gmail.com,https://biomedicalclinics.co.uk/contact-us,57.05459976,-2.51778293,
loc_57wex8gn,Bioscor Clinic,Salons,"L1-27&28, Jalan Persiaran Perdana, Taman Metropolitan Kepong",,Kuala Lumpur,Wilayah Persekutuan Kuala Lumpur,52100,Malaysia,Malaysia,014-368 4139,,,3.10922030,101.74400587,email_placeholder_blanked
loc_exy62r2v,Bioscor International,Clinics,"Unit 807, 8th Floor, Block E, Phileo Damansara 1, Jalan 16/11, 46350 Petaling Jaya, Selangor",,,Selangor,46350,Malaysia,Malaysia,+603 79585770,bioscormalaysia@gmail.com,http://www.bioscor.com.my/,3.12755124,101.64341665,
loc_jyewmrme,Bioscor International,Clinics,"L1-27,28, The Henge Boulevard, Jalan Perdana Metro Barat, Taman Metropolitan, Kepong, 52100 Kuala Lumpur",,,Kuala Lumpur,52100,Malaysia,Malaysia,+60 3-2701 3921,bioscormalaysia@gmail.com,http://www.bioscor.com.my/,3.21765272,101.64391665,
loc_m7x8kexv,Birdsnest Hair Salon,Salons,26 Hollands Street,,Mount Beauty,VIC,3699,Australia,Australia,,,,-36.74360994,147.17058852,
loc_pqm89z6k,Black & White Hair & Beauty Studio,Salons,104 Hampden Road,,Artarmon,NSW,2064,Australia,,294131017,vdomenici@bigpond.com,,-33.80863255,151.18393425,country_inferred
loc_8ye58k96,Black cherry hair co,Salons,5067 macnamara drive,,Fredericksburg,VA,22407,United States,US,+15402124245,info@blackcherryhairco.com,,38.28436273,-77.54811271,country_normalized
loc_pqm89zqk,Blackwood Hair Lab,Salons,7 10-12 Coromandel Parade B,,Blackwood,SA,5051,Australia,Australia,,,,-35.02190797,138.61669690,
loc_xpq2e7z6,Blades - Milford,Clinics,400 Boston post rd,,Milford,CT,06460,United States,US,(203) 876-2595,bladesofmilford@sbcglobal.net,,41.22684675,-73.07101120,country_normalized
loc_g2w9jky7,Blake & Co. Hairdressing,Salons,Shop 2/2 Beaconsfield-Emerald Road,,Beaconsfield,VIC,3807,Australia,Australia,,,,-38.04357154,145.36726413,
loc_69nez7v5,Blend & Bright Salon & Spa,Salons,1315 SW Oralabor Rd Suite 103 Ankeny,,,IA,50023,United States,,515-289-0112,Frontdesk@blendandbright.com,http://www.blendandbright.com,41.70225400,-93.61730000,country_inferred
loc_k6mzxg8q,Blend And Bright,Salons,1315 SW Oralabor Rd,,Ankeny,IA,50023-8066,United States,,5154603721,crouse.naphtali@gmail.com,,41.70236000,-93.61731000,country_inferred
loc_jyewm56e,Blend Color Studio,Salons,5623 Hamilton Wolfe,618,San Antonio,TX,78240,United States,US,+12109047570,amandag299@gmail.com,,29.51458700,-98.59580700,country_normalized
loc_m7x8kmqv,Blend Salon + Skincare,Salons,537 2nd street,,Lemont,IL,60439,United States,US,+18156308522,kellxbeauty@gmail.com,,41.66900200,-87.98477400,country_normalized
loc_jyewmvxe,Blew,Clinics,236 Bridgeport ave,,Milford,CT,06460,United States,US,(203) 874-2360,yourhairblew@yahoo.com,,41.20258675,-73.10160120,country_normalized
loc_57wex6en,Blink Beauty Salon Spa,Clinics,"4429 E. Broadway Boulevard, Tucson, AZ 85711",,Tucson,AZ,85711,United States,United States,,,http://blinkbeautytucson.com/,32.22185279,-110.89751817,state_split_from_postal
loc_95rw7p5y,Blink Skin,Salons,524 N. 19th St,,Allentown,PA,18104,United States,Us,(610) 392-7667,blinksuz@gmail.com,,40.60287695,-75.50009763,country_normalized
loc_7g25k72q,Bliss Boutique And Salon,Salons,10938 N May Ave,,Oklahoma City,OK,73120-6202,United States,US,4056081122,lindsayballard447@gmail.com,,35.58170000,-97.56545600,country_normalized
loc_yzy8jgpv,Bliss Clinic,Clinics,"1104/4 Tagore Nagar, Near Hero DMC Heart Centre, Ludhiana, Punjab 141001",,,Punjab,141001,India,India,"00-91-9356112061, 00-91-9872114442",info@drshikhaaggarwal.com,https://www.drshikhaaggarwal.com/,30.91463000,75.82655000,
loc_jyewmqee,Bliss Hairdressing,Salons,317B Urana Road,,Lavington,NSW,2641,Australia,Australia,,,,-36.05139029,146.93224927,
loc_57wexk2n,Bliss Salon & Blowout Bar - SHOP,Salons,2582 Old Hwy 24,,Hattiesburg,MS,39402,United States,United States,601 297 9898,danielle_hartfield@yahoo.com,,31.28630114,-89.41628469,
loc_7g25k9rq,Bliss Spa And Salon,Salons,254 14th Ave,,Nekoosa,WI,54457-7800,United States,US,7153706370,pow300pow300@aol.com,,44.22008300,-89.83745100,country_normalized
loc_8ye58vn6,Bliss Spa And Salon,Salons,254 14th Ave,,Nekoosa,WI,54457-7800,United States,US,6085479638,nikkizaucha@gmail.com,,44.22008300,-89.83745100,country_normalized
loc_rkzgq6nq,Blonde And Co,Salons,542A Noel Ave,,Hopkinsville,KY,42240-1386,United States,US,2708399750,craftmadelyn@gmail.com,,36.85666600,-87.51646700,country_normalized
loc_69nemvj5,BLONDE AND COMPANY SALON,Salons,4860 W 135TH ST,,OVERLAND PARK,KS,66224-8715,United States,US,9137083995,SUZANNE.AHLSTEDT@GMAIL.COM,,38.88383087,-94.64236403,country_normalized
loc_qzmyv5xy,Blonde Magnolia Hair Co,Salons,960 Lee St.,,Jefferson,GA,30549,United States,US,(706) 768-6087,blondemagnoliahairco@yahoo.com,,34.11188000,-83.58642800,country_normalized
loc_8ye58vv6,Bloom Beauty Bar - Shop,Salons,198 N Main St,,Crestview,FL,32536,United States,United States,(850) 423-0155,durkee2028@gmail.com,,30.75696517,-86.56863370,
loc_69nez5x5,Bloom Clinic,Clinics,"250/826 Supalai Park, Ratchayothin, Ratchadaphisek Road, Khwaeng Lat Yao, Chatuchak, Bangkok, Thailand",,,Bangkok,10900,Thailand,Thailand,087-70-5468,,,13.83086175,100.56182913,
loc_57weg97n,Bloomington,Salons,4401 82nd St Unit 1500,,Lubbock,TX,79424-5305,United States,Us,8069285554,shylagay@msn.com,,33.51900200,-101.90597300,country_normalized
loc_2mqrgpy9,Blossom Hair Body Face and Wig Boutique,Salons,173 George street,,Windsor,NSW,2756,Australia,,245774450,info@blossomhair.net.au,,-33.60761155,150.81926025,country_inferred
loc_pqm89zyk,BLOW - Eltham,Salons,929 MAIN ROAD,,ELTHAM,VIC,3095,Australia,,408583796,Admin@bluerms.com.au,,-37.71461791,145.14723781,country_inferred
loc_k6mzx7kq,Blue Gemini Hair Studio,Salons,14115 23rd Ave.,,Edmonton,AB,T6R 0G4,Canada,,,info@bluegemini.ca,http://bluegemini.ca,53.45387579,-113.56318606,country_inferred
loc_95rw8kpy,Blue Poppy Aesthetics and Wellness,Salons,164 Plaza Drive,,Berea,KY,40403,United States,,859-582-7017,thebluepoppyaesthetics@gmail.com,http://Daisha Crabtree,37.57068744,-84.31283469,country_inferred
loc_7g25k8pq,Blush and Mane Artistry,Salons,131 Middle Road,,Guilford,CT,06437,United States,US,(203) 631-6879,blushandmaneartistry@gmail.com,,41.33519677,-72.67844119,country_normalized
loc_rkzgq7rq,Blush Bar - Torquay,Salons,1B Zeally Bay Road,,Torquay,VIC,3228,Australia,Australia,,,,-38.33097628,144.32577236,
loc_qzmyv8wy,Blush Hair and Spa,Salons,9475 US Hwy 90,,Daphne,AL,36526,United States,United States,251 501 1996,toni@blushhairandspa.com,,30.65567679,-87.85647084,
loc_wyvn257x,Blush Salon Studio (R),Salons,103 123 Ave B South,,Saskatoon,SK,S7M 5X6,Canada,,,blushsalonstudio@sasktel.net,http://blushsalonstudio.ca,52.12885407,-106.67217477,country_inferred
loc_n9mz67w5,BNH Hospital,Clinics,"9/1, Convent Road, Silom Bangkok 10500, Thailand",,,Bangkok,10500,Thailand,Thailand,02-022-0700,info@bnh.co.th,https://www.bnhhospital.com,13.72713225,100.53352165,
loc_g2w9jvz7,Bobbie Norcross Hair,Salons,208 Lakewood Circle,,Yorktown,VA,23692,United States,US,(443) 417-4033,bbmn_2000@yahoo.com,,37.14915000,-76.45688700,country_normalized
loc_qzmyv5jy,Boca Raton Laser Lipo,Clinics,"307 Via De Palmas, Boca Raton, FL 33432",,Boca Raton,Florida,33432,United States,United States,561-750-5495,info@bocaratonlaserlipo.com,https://www.bocaratonlaserlipo.com/,26.34654317,-80.08591312,
loc_95rw87jy,BODA Hair Boutique Moonee Ponds,Salons,115 Puckle St,,Moonee Ponds,VIC,3039,Australia,Australia,,,,-37.76672619,144.92046237,
loc_rkzgqykq,Body Beautiful York,Clinics,"62 Beech Avenue, York, North Yorkshire YO24 4JL",,,North Yorkshire,YO24 4JL,United Kingdom,United Kingdom,,,,53.95271880,-1.10853338,
loc_k6mzxryq,Body Clinic Cannes,Clinics,"4 Rue des États-Unis, Cannes 06400",,,Cannes,6400,France,France,,,https://bodyclinic-cannes.com/,43.55217136,7.02161150,
loc_k6mzxqvq,Body Mind Spirit,Salons,134 Main St Unit B,,Groton,MA,1450,United States,US,(978) 449-0200,mouna@spagroton.com,,42.60687500,-71.56905500,country_normalized
loc_69nezxy5,Body Secrets,Salons,1230 Hartford TPK,,Vernon,CT,06066,United States,US,(860) 432-9088,bodysecretsdayspa@yahoo.com,,41.85722686,-72.43613119,country_normalized
loc_g2w9jzy7,Bohemian Lights,Salons,6 Manchester Street,,Nashua,NH,03064,United States,US,(603) 566-4136,nataliejeanw2000@yahoo.com,,42.76768701,-71.46801117,country_normalized
loc_xpq2eyv6,Bohemy Tone Salon,Salons,1672 Wheeler Drive,,Angier,NC,27501,United States,US,+19194134430,hairbynatasha101@gmail.com,,35.48227700,-78.78575100,country_normalized
loc_wyvn29jx,Bolivar Family Medical Clinic,Clinics,"10327 Hole Ave, Riverside, CA 92505",,Los Angeles,California,92505,United States,United States,+1 (951) 351-1600,dbolivar8@hotmail.com,,33.91571100,-117.46558000,
loc_m7x8e67v,Bombshell Beautibar,Salons,278 Sw Blue Pkwy,,Lees Summit,MO,64063-3964,United States,Us,8166944597,youbeautifulthing@hotmail.com,,38.90423659,-94.37947784,country_normalized
loc_rkzgq27q,Bombshell by Brooke,Salons,2618 Aperture Circle,,San diego,CA,92108,United States,US,+15302270254,bombshellbybrooke@yahoo.com,,32.78184300,-117.14922000,country_normalized
loc_pqm89zek,Bombshell Hair,Salons,Co 3/6 Grazier Lane,,Belconnen,ACT,2617,Australia,Australia,,,,-35.24019117,149.07181815,
loc_wyvn259x,BONCOMB BEAUTY,Salons,203 HANCOCK ST,,,TX,76013-6951,United States,76013-6951,5126195209,boncombbeauty@gmail.com,,32.73574952,-97.11808986,zip_recovered_from_country; country_inferred
loc_57wexgpn,Bond Hair Religion,Salons,"Shop 6, Green Square, 68 Jardine Street",,Kingston,ACT,2604,Australia,Australia,,,,-35.31603512,149.14159213,
loc_vm9wn2km,Bonny Skin,Clinics,95 Yarra Street,Geelong Victoria,,,3224,Australia,Australia,03 5222 6188,,http://www.bonnyskinstudio.com.au,-38.15073625,144.36228237,name_whitespace
loc_zzpng68w,Boss Hair Group,Salons,842 N Orleans St.,,Chicago,IL,60610,United States,,773-344-1192 (cell),john@bosshairgroup.com,,41.89786865,-87.63751436,country_inferred
loc_7g25k8eq,Boston Microneedling,Clinics,Wakefield,,,MA,01880,United States,United States,(978) 335-5464,bostonmicroneedling@gmail.com,https://www.bostonmicroneedling.com/,42.49691060,-71.19500000,state_split_from_postal
loc_jyewmqne,Boutique de cheveux (Lilydale),Salons,32 hardy street,,Lilydale,VIC,3140,Australia,Australia,,,,-37.75878619,145.35165238,
loc_7g25k9zq,Boutique on Maple at 721,Salons,721 E. Maple St.,,Nicholasville,KY,40356,United States,,859-885-5971,kel52165@qx.net,,37.87597906,-84.56164666,country_inferred
loc_vm9w2rrm,Boy Barbershop,Salons,"Shop 1, 2251 Gold Coast Highway",,Mermaid Beach,QLD,4218,Australia,Australia,,,,-28.05773796,153.43850472,
loc_zzpng6ww,Brandon Aguado - BA Designz LLC,Salons,"317 S Delaware St, Unit 12",,Indianapolis,IN,46204,United States,USA,317-762-8550,brandonaguado00@gmail.com,,39.76226515,-86.15431412,country_normalized
loc_n9mz66e5,Bravo(台北),Clinics,台北市士林區中山北路五段517號,,,,111,Taiwan,TW,02-28810122,,,25.09341114,121.52719911,country_normalized
loc_rkzgqjwq,Brian Richards Salon,Salons,456 West Central St,,Franklin,MA,02038,United States,US,(508) 528-7300,brichardsalon@aol.com,,42.08832658,-71.41614583,country_normalized
loc_7g25kkjq,Brilliant Aesthetics,Clinics,"10 Anson Rd, #02-89 International Plaza, Singapore 079903",,,Tanjong Pagar,79903,Singapore,Singapore,+65 8894 3212,cs@brilliantaes.com,http://www.brilliantaes.com/,1.27579000,103.84633000,
loc_xpq2e5q6,Brittany Burnet,Salons,51a Main Rd,,Moonah,TAS,7009,Australia,Australia,,,,-42.84816817,147.29640767,
loc_m7x8k2zv,Brooke Auletta,Salons,"714 Richland Ave E, Aiken,",,,SC,29801,United States,,803-709-1088,,,33.55814718,-81.71048706,state_split_from_postal; country_inferred
loc_yzy8jp9v,Brooke's Hair Looks,Salons,801 Compass Way,Suite 8,Annapolis,MD,21037,United States,US,(443) 995-6533,brookeslooks07@gmail.com,,38.97578000,-76.58890700,country_normalized
loc_qzmyv6jy,Brooklyn Brow Aesthetics,Clinics,"2/115 Shingley Drive, Airlie Beach QLD",,,,4802,,,0422339897,Brooklynbrowaesthetics@outlook.com,http://www.brooklynbrowaesthetics.com,-20.27073777,148.70882290,name_whitespace
loc_95rw87ry,Brosig Nordic Hair Spa,Salons,15 Afton Avenue,,BENALLA,VIC,3672,Australia,,455666425,brosigshairstudio@live.com,,-36.56220960,145.97240124,country_inferred
loc_57wex67n,Brow Artist,Salons,514 E Morrow Dr,,Phoenix,AZ,85024,United States,US,+14802460023,irinanera@yahoo.com,,33.65758900,-112.06751000,country_normalized
loc_qzmyv85y,Brownsburg Beauty Bar,Salons,14 E Main St,,Brownsburg,IN,46112,United States,USA,317-503-5564,lynseytaylorbeauty@gmail.com,,39.84346528,-86.39761416,country_normalized
loc_qzmyv8ry,Brush A Blowdry Bar - Sara,Salons,1220 Canal Blvd,,Thibodaux,LA,70301,United States,United States,985 414 2866,saralindley91@yahoo.com,,29.78557905,-90.82230468,
loc_zzpngvqw,Brush and Blush - Shealeen,Salons,1040 Post Rd,,Fairfield,CT,06824,United States,US,(203) 362-8559,brushandblush@mail.com,,41.14552674,-73.25245120,country_normalized
loc_yzy8jp8v,Brush Salon,Salons,59253 Van Dyke Ave,,Washington Township,MI,48094,United States,,586-781-2500,info@brushsalonspa.com,,42.73007600,-83.03668700,country_inferred
loc_exy62pqv,Butler Barbering,Salons,800 E San Martin St,,Bolivar,MO,65613-2897,United States,US,417-770-2956,butlerbarbering@gmail.com,,37.59352845,-93.41929390,country_normalized
loc_qzmy69ky,By J Creative studio,Salons,1/123 Tudor street,,Hamilton,NSW,2303,Australia,Au,0455168509,hello@byjcreative.com.au,,-32.92366699,151.74471671,country_normalized
loc_2mqrgpk9,By Liz Tieu pty Ltd,Salons,487 Willoughby road,,Willoughby,NSW,2068,Australia,Australia,,,,-33.80804013,151.19976921,
loc_k6mzxgpq,Cabo Salon,Salons,6600 Alastair Dr Ste 200,,Sandy Springs,GA,30328,United States,US,(770) 676-0380,oxanack@yahoo.com,,33.93516000,-84.36508600,country_normalized
loc_8ye586r6,Cairns Cosmetic Clinic,Clinics,"58- 62 Mcleod Street, Cairns,QLD",,,,,Australia,,07 4050 7555,info@ccclinic.com.au,http://www.ccclinic.com.au,-16.92284332,145.77181844,country_from_tld
loc_2mqrgyp9,Caitlin Addonizio.,Salons,33 Briggs ave,,Encinitas,CA,92024,United States,US,+17606816806,caitlinaddonizio@yahoo.com,,33.04007900,-117.29105300,country_normalized
loc_qzmyvvzy,Cambridge Medical Group,Clinics,"391B Orchard Road, #08-05A1, Ngee Ann City Tower B, Singapore 238874",,,Orchard Road and Vicinity,238874,Singapore,Singapore,+65 6733 0777,,http://www.cambridgemedical.com.sg,1.30241213,103.83170123,
loc_57wexm7n,Canvas by Elan LLC,Salons,304 Morris Ave,,Spring Lake,NJ,07762,United States,,(732) 359-8855,canvasbyelan@gmail.com,,40.15247658,-74.02860121,country_inferred
loc_zzpngwzw,Canvas Salon and Skin Bar,Salons,3893 W Powell Rd,,Powell,OH,43065,United States,,614-336-3942,info@thecanvassalon.com,,40.15796579,-83.09261361,country_inferred
loc_jyewmjee,Capellis,Salons,160 East Main St,Suite 400,Decatur,IL,62523,United States,,217-233-4233,capellis08@yahoo.com,,39.84166528,-88.95471457,country_inferred
loc_7g25k7zq,CARMELLE HAIR ARTISTRY,Salons,3703 W 133RD ST,,,KS,66209-3347,United States,66209-3347,8163776531,carmellehairartistry@gmail.com,,38.88618866,-94.62840231,zip_recovered_from_country; country_inferred
loc_pqm8zx8k,Carousel Cuts,Salons,880 Boston Rd.,,Billerica,MA,1821,United States,Us,(978) 670-8100,taranialycia@yahoo.com,,42.52723697,-71.22538117,country_normalized
loc_yzy8j6vv,Carrie Hebert Aesthetics,Clinics,"850 Kaliste Saloom Rd, Toulouse Suite 222, Lafayette LA 70508",,Lafayette,LA,70508,United States,United States,,,,30.18125202,-92.02213402,state_split_from_postal
loc_yzy8jgrv,Carrington house,Salons,Highland Road,34,Purley,,CR8 2hs,United Kingdom,UK,+447714290300,garymperry@sky.com,,51.32387841,-0.11491883,country_normalized
loc_57wexgxn,Cash sale -Lesley Watt - QLD K18,Salons,3 She Oak Street,Neway Hair & Beauty,Logan Central,QLD,4114,Australia,Australia,,,,-27.64991332,153.10471152,
loc_yzy8jprv,Cash studios,Salons,10041 pines blvd.,Suite b,Pembroke pines,FL,33024,United States,US,+19545158601,derekcashstyles@gmail.com,,26.00939100,-80.27884700,country_normalized
loc_yzy8j6pv,Cass and Company (Avon IN),Salons,7374 Business Center Drive,,Avon,IN,46123,United States,USA,317-272-3770,info@cassandcompanysalon.com,,39.76186515,-86.39361415,country_normalized
loc_2mqrgjj9,Castle Aesthetics,Clinics,"25 Hillside, Bellingsfield, Naas Road, Naas, Co Kildare, W91 HYC8",,,,,Ireland,,,info@castleaesthetics.ie,,53.19738716,-6.66712109,country_from_tld
loc_2mqrgpv9,Cataldo's - Canberra City,Salons,28 Ainslie Place,,Canberra,ACT,2601,Australia,Australia,,,,-35.28107578,149.13218244,
loc_wyvn2z5x,Catherine Mills,Salons,1B Hersey Lane,,Stratham,NH,3885,United States,US,(603) 814-7346,cathiemcem@aol.com,,42.99153800,-70.88252600,country_normalized
loc_jyewmpve,Cayenne Beauty Bar,Clinics,"688 J Clyde Morris, Newport News, Virginia 23601",,Newport News,Virginia,23601,United States,United States,+1 (757) 595-0020,beautybar@cayennebeauty.com,http://cayennebeauty.com/,37.07576074,-76.46812529,
loc_8ye587k6,Celeste Medical Clinic,Clinics,"Belvedere Court, Belvedere Lawn, Douglas Road, Cork T12TDW0",,,,,Ireland,,,info@celeste-medical.ie,,51.88185002,-8.44309138,country_from_tld
loc_vm9wn78m,Central Valley Royal Face Spa,Clinics,"Visalia, California",,Visalia,California,,United States,United States,,gonzo26@comcast.net,,36.32954200,-119.28178700,
loc_wyvn26jx,Cha Cha's Salon,Salons,527 S Upper Street,,Lexington,KY,40508,United States,USA,859-710-5657,jason@chachaslexington.com,,38.04362330,-84.50421385,country_normalized
loc_wyvn2j6x,CHAD WIJ CREATIVE PTY LIMITED,Salons,53 king st,C/O Foil Hair,Newtown,NSW,2042,Australia,,450533079,Chad.r.wij@gmail.com,,-33.89237000,151.18597000,country_inferred
loc_xpq2e576,Chaise & Co,Salons,12 PRESCOTT STREET,,TOOWOOMBA CITY,QLD,4350,Australia,,492817525,hello@chaiseandco.com,,-27.56566345,151.94781925,country_inferred
loc_g2w9jeg7,Chalk Salon Company (R),Salons,40 632 1st Ave North,,Saskatoon,SK,S7K 1X8,Canada,,,chalksalon@gmail.com,http://chalksalon.ca,52.13785422,-106.66117475,country_inferred
loc_rkzgq76q,Champagne Blonde,Salons,"134 Darlinghurst rd, Darlinghurst 2010 NSW",,,,2010,Australia,Australia,,,http://missblonde.com.au/,-33.87858156,151.22040625,
loc_69nez7e5,CHAMPU,Salons,601 MAIN ST,,,AR,72114-5331,United States,72114-5331,5014166425,champuasalon@yahoo.com,,34.75905111,-92.26773320,zip_recovered_from_country; country_inferred
loc_n9mz6w55,CHANELROSE SALON - Chantelle,Clinics,200 West Center St,Suite C-1,Manchester,CT,06040,United States,US,(860) 942-1793,chanelrosesalon@yahoo.com,,41.77028000,-72.54413400,country_normalized
loc_57wex8vn,Charterhouse Clinic London,Clinics,98 Crawford Street,,,London,W1H 2HL,United Kingdom,UK,07861772863,info@perpetuaaesthetics.co.uk,https://perpetualaesthetics.co.uk,51.51938790,-0.16111502,name_whitespace; country_normalized
loc_exy622rv,CHC詩藝(@),Clinics,宜蘭縣宜蘭市民族路468號1樓,,,,260,Taiwan,TW,03-9357666,,,24.74840548,121.74119946,country_normalized
loc_57weg9zn,CHELSEA WILSON,Salons,66 N CEDAR LAKE DR W,,COLUMBIA,MO,65203-7187,United States,US,5733566544,15CHELSEARENE@GMAIL.COM,,38.89631300,-92.34365500,country_normalized
loc_exy622wv,Cheongdam Aesthetics Clinic,Clinics,"101 Thomson Rd, B1-56H/56J/56K/56L United Square",,,Novena,307591,Singapore,Singapore,,,https://cheongdamaesthetics.com/,1.31713868,103.84387084,
loc_vm9wnnrm,Cheongdam 청담,Clinics,"1 Jurong West Central 2 #03-25B, Singapore 648886",,,Jurong West,648886,Singapore,Singapore,+65 6560 3686,,https://cheongdamskin.com/,1.33963587,103.70670620,
loc_7g25kmgq,Cherrytree Dental Care,Clinics,"1 Vale Avenue, Oxfordshire OX12 7LU",,,Oxfordshire,OX12 7LU,United Kingdom,United Kingdom,,,,51.60936000,-1.42153100,
loc_wyvn2zjx,Cheshire Skin and Laser Clinic,Clinics,"4 Hefferston Rise, Northwich, CW8 2GD",,,,CW8 2GD,United Kingdom,United Kingdom,7540122461,Info@cheshireskinandlaserclinic.com,http://www.cheshireskinandlaserclinic.com,53.25571518,-2.59563259,
loc_2mqrgkz9,Chesterfield Hair Enhancements,Salons,1695 Clarkson Rd Suite 6,,Chesterfield,MO,63017,United States,,314-277-0972,cindymvoss@yahoo.com,http://Cindy Voss,38.64466332,-90.56681484,country_inferred
loc_jyewmj2e,Chesterfield Hair Enhancements at Metro design Studios,Salons,1662 Clarkson Rd.,"Suite number two,",Chesterfield,MO,63017,United States,,+1 314-277-0972.,cindymvoss@yahoo.com,http://chesterfieldhairenhancements.com,38.64330754,-90.56633739,country_inferred
loc_57wex8kn,Chevi,Salons,"Distomou 25, 17237, Ymmitos, Athens",,,,,Greece,Greece,0030 211 0011199,evistefanidou@gmail.com,,37.94916771,23.75266513,
loc_8ye586z6,Chiba Cosmetic and Plastic Surgery Clinic,Clinics,,,Chiba,,,Japan,Japan,,,,35.54939582,140.26473230,
loc_qzmyv6ey,Chick Chick Bang Hair,Salons,60 Railway Parade North,,Blackalls Park,NSW,2283,Australia,,450750150,chickchickbanghair@gmail.com,,-33.00367954,151.58723725,country_inferred
loc_jyewmmre,CHICOZY Hair,Clinics,宜蘭縣宜蘭市嵐峰路三段86號,,,,260,Taiwan,TW,03-9362636,,,24.74540542,121.74199459,country_normalized
loc_8ye586q6,Chigusa Internal Medicine Clinic Kakuozan,Clinics,"4F, el sol Kakuozan, 1-17 Suemoridori, Chigusa-ku, Nagoya-shi",,Aichi,,,Japan,Japan,052-764-8200,,https://chigusa-cl.com/,35.16687299,136.95439384,
loc_pqm89zjk,Chiharu Dermatology Clinic Hiroo Clinic,Clinics,,,Tokyo,,,Japan,Japan,,,https://chiharu-hifuka.com/hiroo/,35.68955258,139.69181823,
loc_vm9wn2qm,Chiharu Dermatology Clinic Urawa-in,Clinics,,,Tokyo,,,Japan,Japan,,,https://chiharu-hifuka.com/,35.68955258,139.69181823,
loc_57wexxrn,"Children and Adult Skin, Hair and Laser Clinic",Clinics,38 Irrawaddy Road #07-22 Mount Elizabeth Novena Specialist Medical Centre Singapore 329563,,,Novena,329563,Singapore,Singapore,+65 6570 2303,enquiries@childrenadultskin.com.sg,http://www.childrenadultskin.com.sg,1.32212166,103.84431701,
loc_95rw8kgy,Chilled to Perfection Oakmont Aesthetics,Clinics,840 Allegheny River Boulevard,,Oakmont,Pennsylvania,15139,United States,United States,,,,40.52429000,-79.84108600,
loc_vm9wn65m,Chillicothe Beauty Academy,Salons,505 Elm St,,,MO,64601-2612,United States,,6602405135,505cbat@gmail.com,,39.79278652,-93.55109153,country_inferred
loc_pqm8966k,ChillOut Cryo Spa,Salons,341 EDGEWATER DR,,PENSACOLA,FL,32507,United States,US,+18505300724,sonyadukett@gmail.com,,30.40409900,-87.26770200,country_normalized
loc_qzmyv68y,Ching Huang Pan,Salons,402 / 27 Gertrude Street,Building B West,WOLLI CREEK,NSW,2205,Australia,,413281786,leonpurplelove@yahoo.com.tw,,-33.92942056,151.15440825,country_inferred
loc_95rw8g9y,"Chinn GYN, LLC",Clinics,111 S. 12th Street,,Mount Vernon,WA,98274,United States,US,360.824.5278,info@chinngyn.com,http://www.chinngyn.com,48.42080600,-122.32674996,country_normalized
loc_7g25k8wq,Christian Roy,Salons,88 Prospect Street,,White Rver,VT,05001,United States,US,(802) 295-3900,jenniferlyoung70@gmail.com,,43.65230800,-72.31540000,country_normalized
loc_wyvn2zgx,Chromatic Hair studio,Salons,317 Gravel Bend Road,,Egg Harbor Township,NJ,8234,United States,US,+16094423679,chromaticstudio11@gmail.com,,39.43172400,-74.61832500,country_normalized
loc_wyvn22ex,chu chu.com,Salons,花蓮縣花蓮市光復街97號,,花蓮縣,花蓮市,970,Taiwan,,03-8355357,,,23.97973801,121.60522702,country_inferred
loc_yzy8jjev,Chua Medical Centre,Clinics,"248 Simei St 3, #01-134, Singapore 520248",,,Simei,520248,Singapore,Singapore,+65 6785 3825,,https://www.healthhub.sg/directory/14/57350/chua-medical-centre-pte-ltd,1.34354220,103.95317032,
loc_yzy8jjvv,Cienna Aesthetics Medical Clinic,Clinics,"Royal Square Novena 101 Irrawaddy Road, #21-10",,,Novena,329565,Singapore,Singapore,+65 6518 4826,dryb@ciennaaesthetics.com,https://www.ciennaaesthetics.com/,1.32057157,103.84321924,
loc_pqm899nk,circle plus概念沙龍(V+)(@),Clinics,高雄市鼓山區美術東五路126號,,,,804,Taiwan,TW,07-5228885,,,22.65937125,120.29019708,country_normalized
loc_xpq2e656,Citrine,Salons,"1099 Boulevard SE, Suite 2115, Atlanta, GA 30312",,,,,,,(404)731-0619,hello@becitrine.com,,33.72435525,-84.36813823,
loc_95rw882y,Citrine - THT Vietnam,Salons,"6 - 8 Raymondienne, Tân Phú, Quận 7",,Ho Chi Minh City,Ho Chi Minh City,,Vietnam,Vietnam,84902635786,,https://citrinedermaclinic.vn/,10.72928200,106.72700470,email_placeholder_blanked
loc_pqm89p6k,City Salon Suite Rockwall,Salons,2109 Summer Lee Dr Ste 103,,Rockwall,TX,75032-5524,United States,,4697678815,oliflores1@gmail.com,,32.89053700,-96.48065000,country_inferred
loc_rkzgq6mq,CK Designs,Salons,"My Salon Suite, Carmel","800 S Rangeline Rd., Ste 290",Carmel,IN,46032,United States,USA,317-569-9450,ckdesignshairsalon@yahoo.com; info@ckdesignshairsalon.com,,39.96936549,-86.12814111,email_multivalue; country_normalized
loc_7g25kxpq,CK Hair Solution / Trilogy Salon and Suites,Salons,335 S. Legacy Trail,B118,ST. AUGUSTINE,FL,32092,United States,US,,,http://CKhairsolution.com,29.99297000,-81.46788201,state_split_from_postal; country_normalized
loc_qzmyv5vy,CK Skin Spa,Clinics,1601 Concord Pike suite 68 Wilmington DE,,,,19803,,,302-543-5505,,http://www.ckskinspa.com,39.78068234,-75.54510185,
loc_zzpngkmw,Clarke and Co Hair,Salons,45 Wyong St,,Keilor East,VIC,3033,Australia,,416837603,joyceclarkehenry@gmail.com,,-37.73296262,144.86597924,country_inferred
loc_zzpng5nw,Clas Wellbeing,Clinics,14 Summerlin Drive,,Woburn Sands,Bedfordhsire,MK17 8FW,United Kingdom,UK,+447933465855,malinda@claslounge.com,,52.01736230,-0.65395131,country_normalized
loc_yzy8jkyv,Classen Cut,Salons,6700 N Classen Blvd,,Oklahoma City,OK,73116-7312,United States,US,4054014459,yourhairgirl@gmail.com,,35.53965000,-97.52646100,country_normalized
loc_xpq2ekr6,Classic Image,Salons,7203 W I-40,,Amarillo,TX,79106,United States,US,8064331736,chriswilliams.hair@gmail.com,,35.18572100,-101.91875300,country_normalized
loc_qzmyvw5y,Clay's Barber Shop,Salons,6039 S Sheridan Rd,,Tulsa,OK,74145-9211,United States,US,9184097375,claysbarbershop10@gmail.com,,36.07674961,-95.90419578,country_normalized
loc_n9mz6685,Clifford Aesthetics,Clinics,50 Raffles Place #01-01A Singapore Land Tower,,,Central Business District,48623,Singapore,Singapore,+65 6532 2048,cliffordaesthetics@gmail.com,http://www.cliffordaesthetics.com/,1.28433210,103.85132170,
loc_vm9wnn5m,Clinic Example,Clinics,Address line 1,Address line 2,Singapore,,123456,Singapore,Singapore,(555) 6666,email@email.com,https://example.com,1.28943650,103.84998020,
loc_exy62rxv,CMA Medical Ltd,Clinics,Willow Farm,Doncaster Road,Tadcaster,North Yorkshire,LS24 9PA,United Kingdom,UK,+447734963094,ciarstanmcardle@me.com,,53.87708630,-1.26497503,country_normalized
loc_m7x8kv9v,Cnn Hair Team Salon,Salons,7020 Easy Wind Dr,,Austin,TX,78752-2355,United States,,5123000972,cnnhairteam@gmail.com,,30.33878497,-97.71870160,country_inferred
loc_7g25k9nq,Coast Salon,Salons,463 N Washburn St,,Oshkosh,WI,54904-7812,United States,US,9202352121,salonfusion2121@yahoo.com,,44.02461721,-88.58286145,country_normalized
loc_n9mz6q55,Coastal Luxe Salon,Salons,9947 Spotted rose,,San Antonio,TX,78254,United States,US,+13612495628,oliviamegee@ymail.com,,29.53648393,-98.77061618,country_normalized
loc_g2w9je67,Cobalt Blue,Salons,7415 Southwest Pkwy,,Austin,TX,78735-8998,United States,US,5127856551,contact@cobaltbluesalon.com,,30.25530496,-97.86939160,country_normalized
loc_95rw8vjy,Cobalt Blue Salon,Salons,"447 S Seguin Ave, New Braunfels",,,TX,78130,United States,,(512) 453-4140,contact@cobaltbluesalon.com,,29.70002487,-98.11989161,state_split_from_postal; country_inferred
loc_yzy8x5vv,Cobelle Creative,Salons,1/62 high street,,Toowong,QLD,4066,Australia,Au,0733719011,kristie@cobellecreative.com.au,,-27.48731500,152.99125491,country_normalized
loc_qzmyv6vy,Coco and Pastel,Salons,313 Old Cleveland Road,,Coorparoo,QLD,4151,Australia,,400625943,carley@cocoandpastel.com.au,,-27.49517245,153.05808325,country_inferred
loc_rkzgq69q,Coco Bongo,Salons,132 W. Main St.,,Carlinville,IL,62626,United States,,217-854-7995,rockinroots10@hotmail.com,,39.27996436,-89.88281473,country_inferred
loc_k6mzx7yq,Cocos Hair & Beauty (5619590 Manitoba Ltd),Salons,1870 Portage Ave,Unit 3,Winnipeg,MB,R3J 0H2,Canada,,,cocos@mts.net,http://cocoshairandbeautybar.com,49.87881721,-97.21851593,country_inferred
loc_zzpngkgw,Coffs Coast Hair Studio,Salons,Shop 4/13-15 Park Avenue,,Coffs Harbour,NSW,2450,Australia,Australia,,,,-30.29825605,153.11526182,
loc_rkzgqm2q,Colleen’s,Salons,7207 Hunters Creek Rd,lot 11,Holland,NY,14080,United States,US,+17163369573,cmdudek913@gmail.com,,42.68775400,-78.51442800,country_normalized
loc_yzy8jpgv,COLOR CUT AND CURLS,Salons,630 CHROME ROAD,,OXFORD,PA,19363,United States,,(610) 932-7834,tammyramberger1@gmail.com,,39.73129250,-75.96381704,country_inferred
loc_m7x8km7v,COLOR WORKS STUDIO,Salons,103 S 3RD ST,,,MO,65721-9133,United States,65721-9133,4178496735,Emily.worley59@gmail.com,,37.01994829,-93.20649093,zip_recovered_from_country; country_inferred
loc_k6mzxw5q,Colorboxx salon,Salons,5515 waters ave,D,Savannah,GA,31404,United States,US,+19123981044,nikkirfriedhoffer@gmail.com,,32.02673200,-81.09401700,country_normalized
loc_2mqrg2z9,Colour and Care,Salons,"59, Beauchamp Place",1st floor,London,,Sw3 1NZ,United Kingdom,UK,+447793561576,colourandcare@outlook.com,,51.49792918,-0.16583587,country_normalized
loc_m7x8k2rv,Combined Theories,Salons,235 Towyn Court,,Exton,PA,19341,United States,,(610) 637-0875,combinedtheories@gmail.com,,40.05508200,-75.63811800,country_inferred
loc_57wexxwn,Come.in hair salon(@),Clinics,台中市豐原區水源路602號1樓右邊,,,,420,Taiwan,TW,04-25298783,,,24.25539740,120.72819780,country_normalized
loc_g2w9jeq7,Compassionate Beauty,Salons,#26 22 Richard Way SW,,Calgary,AB,T3E 7M9,Canada,,,caring@compassionatebeauty.com,http://www.compassionatebeauty.com,51.00783570,-114.13118699,country_inferred
loc_qzmyvn5y,Connie's Skincare & Boutique,Clinics,"1370 Rogue River Hwy #2, Grants Pass, OR 97527",,Grants Pass,OR,97527,United States,United States,+1 541-660-3205,,https://www.facebook.com/connies.skincare.and.B outique/,42.42268695,-123.31220203,state_split_from_postal
loc_wyvn25wx,Contoured Beauty Boutique,Clinics,"1310 Ranch Road 620 S, Lakeway, Texas 78734, B-199 Inside Jacquelyn’s Spa",,Lakeway,Texas,78734,United States,United States,512-400-6026,krissy@contouredbeautyatx.com,https://contouredbeautyatx.com/,30.34974973,-97.96416051,
loc_xpq2e666,Cool Springs Plastic Surgery,Clinics,"620 Church Street East, Brentwood, TN 37027",,Brentwood,TN,37027,United States,United States,,,https://www.coolspringsplasticsurgery.net/contact-plastic-surgeon-nashville/brentwood-location/,36.03425904,-86.77871422,state_split_from_postal
loc_jyewmqve,Cooper & Co Hairdressing,Salons,16 Moore Street,,Armidale,NSW,2350,Australia,Australia,,,,-30.51304500,151.66653248,
loc_7g25kxmq,Coppertree Salon LLC,Salons,550 North State St,,Ephrata,PA,17522,United States,,(717) 733-9282,coppertreesalon@windstream.net,,40.18571000,-76.16878000,country_inferred
loc_pqm896vk,Core Beauty,Salons,3515 Lake Eastbrook Blvd SE,,Grand Rapids,MI,49456,United States,,317-457-8273,core.beautygr@gmail.com,,42.91817032,-85.58011402,country_inferred
loc_pqm89z5k,Corner Works Hairdressing,Salons,22 Boundary Road,,East Geelong,VIC,3219,Australia,Australia,,,,-38.15932608,144.38594124,
loc_2mqrgew9,Cornerstone Family Medicine,Clinics,"960 Sanders Rd Suite 800, Cumming, Forsyth County 30041",,Cumming,Georgia,30041,United States,United States,678-455-5755,info@renewyoucornerstone.com,https://www.renewyoucornerstone.com/,34.18354641,-84.12520566,
loc_zzpngykw,Coronado Derm,Clinics,"230 Prospect Place, Suite 260 Coronado, CA 92118",,Coronado,California,92118,United States,United States,(619) 437-1146,,http://www.coronadoderm.com/,32.69475357,-117.16791920,
loc_wyvn29qx,Cortes Aesthetics LLC,Clinics,3910 Cherry Ave ne,Suite 104,Keizer,Oregon,97303,United States,USA,+19713756381,cortesaesthetics@gmail.com,https://cortesaesthetics.com/,44.98249400,-123.02378000,country_normalized
loc_95rw8zjy,Cosderm UK,Clinics,"The Hale Clinic, 4 Harley Street, London, W1G 9PB",,,London,W1G 9PB,United Kingdom,United Kingdom,7841356906,drsvaesthetics@gmail.com,https://www.cosderm.co.uk/,51.51719000,-0.14594997,
loc_m7x8kr5v,Cosmesurge Ltd,Clinics,"51 Harley Street, London W1G 8QQ",,,London,W1G 8QQ,United Kingdom,United Kingdom,+44 020 7436 1300,,https://www.cosmesurge.com/,51.51877844,-0.14708241,
loc_vm9wn8em,Cosmetic Beauty London,Clinics,3 Saint John's Wood High Street,Courtenay Chemist,London,Greater London,NW8 7NG,United Kingdom,UK,+447377416468,info@cosmeticbeautyuk.com,https://cosmeticbeautyuk.com/,51.53225890,-0.16952980,country_normalized
loc_7g25kezq,Cosmetic Dermatology of Orange County,Clinics,"500 S. Anaheim Hills Rd., Suite. 210 Anaheim Hills, CA 92807",,Orange County,California,92807,United States,United States,(714) 974-3272,,https://www.laserdermdoc.com/,33.84341300,-117.77676100,
loc_exy625qv,Cosmetic Dermatology Shirayuki Clinic,Clinics,,,Aichi,,,Japan,Japan,,,https://www.shirayuki-c.com/,34.99916573,137.25457225,
loc_xpq2ee56,Cosmetic Dermatology Tokiko Clinic,Clinics,,,Osaka,,,Japan,Japan,,,https://www.tokikoclinic.com/,34.69375568,135.50145222,
loc_g2w9jmk7,Cosmetic Laser Dermatology,Clinics,"9339 Genesee Avenue #300, San Diego, CA 92121",,San Diego,California,92121,United States,United States,858 943-2113,,https://clderm.com/,32.87605386,-117.21311920,
loc_8ye58786,Cosmetology Clinic,Salons,95 woolton Road,,Liverpool,,L15 6TB,United Kingdom,UK,+447931424022,mw1303@icloud.com,,53.39402871,-2.91018211,country_normalized
loc_vm9wngwm,Cosmo Collective,Salons,1208A - 2nd St W.,,Brooks,AB,T1R 0V5,Canada,,,cosmohairstudio@gmail.com,https://www.cosmohairstudio1981.com/,50.58382876,-111.89718333,country_inferred
loc_qzmyv6my,Cosmopolitan Hair Skin and Body,Salons,425 Banna ave,,Griffith,NSW,2680,Australia,AU,0269621883,admin@cosmogriffith.com,,-34.28697856,146.04214224,country_normalized
loc_m7x8keev,Costa & Co Hair Store,Salons,10/12 Lae Drive,Shop GFO 39 Runaway Bay Shopping Center,Runaway Bay,QLD,4216,Australia,Australia,,,,-27.91399440,153.40027470,
loc_rkzgqyxq,Cotswold Hair Clinic Ltd,Salons,44 Market Square,,Witney,,Ox28 6al,United Kingdom,UK,+447516323000,rachel@cotswoldhairclinic.com,,51.78340008,-1.48581807,country_normalized
loc_8ye58966,Country Cutters,Salons,116 W Jefferson St,,Winterset,IA,50273-1547,United States,US,6413440131,ashley_neal_2005@hotmail.com,,41.33531700,-94.01534100,country_normalized
loc_vm9wnvgm,Country Flair Hair Salon,Salons,18704 Crestwood Dr,,Hagerstown,MD,21742,United States,US,(301) 988-5378,lovebug143@hotmail.com,,39.67219026,-77.72154936,country_normalized
loc_g2w9jvn7,Courtney Brooks Salon,Salons,9157 C Atlee Rd,,Mechanicsville,VA,23116,United States,US,(804) 400-5987,courtneybrooks1122@gmail.com,,37.64961900,-77.39938200,country_normalized
loc_k6mzxw7q,Cove Collective,Salons,10813 Kittery Place,,Glen Allen,VA,23060,United States,US,(804) 370-1384,hairbybritney130@gmail.com,,37.65172129,-77.57080719,country_normalized
loc_vm9wngjm,CRAIG MEIS,Salons,5621 ARBOR HILL LN,,,TX,78747-3723,United States,78747-3723,5125410040,CMEIS@SALONSERVICEGROUP.COM,,30.14353163,-97.76759888,zip_recovered_from_country; country_inferred
loc_k6mzxpwq,Cranium Hair,Salons,Cnr Belgrave and Gilbert Streets,Shop 8/54 West Esplanade,Manly,NSW,2095,Australia,Australia,,,,-33.79862017,151.28434814,
loc_7g25kkmq,CRE.a C.M Hair Salon(@),Clinics,台北市信義區基隆路一段147巷52號,,,,110,Taiwan,TW,02-27670686,,,25.04241029,121.56719918,country_normalized
loc_qzmyv5my,Creative Design Hair Studio,Clinics,3180 Stirling Rd,,Hollywood,FL,33021,United States,US,(954) 536-5022,hairfabulous411@gmail.com,,26.04750300,-80.17329700,country_normalized
loc_57wexkzn,Creative Hair Design,Salons,1926 130th Ave,,,MN,55051,United States,,7632345198,tiffsbiz16@gmail.com,,45.77468837,-93.32050075,country_inferred
loc_8ye58j66,Crescent bloom salon,Salons,1901 E Street,,San Diego,CA,92102,United States,US,+16197849115,rikkibrownpro333@gmail.com,,32.71456400,-117.14657800,country_normalized
loc_69nezxm5,Crewe Hair & Skin Clinic,Clinics,"110 Nantwich Road, Crewe, Cheshire, CW2 6AT",,,Cheshire,CW2 6AT,United Kingdom,United Kingdom,,,https://crewehairandskinclinic.uk/,53.08824662,-2.44114723,
loc_jyewm5xe,Crimson Hair Design (P),Salons,#8 4601 Albert St.,,Regina,SK,S4S 6B6,Canada,,,crimsonhairdesign@gmail.com,,50.40682586,-104.61717140,country_inferred
loc_2mqrg6g9,CROWNED BEAUTY,Salons,708 S WOODBINE RD,,,MO,64507-2068,United States,64507-2068,8163832523,AMYJEAN2010@HOTMAIL.COM,,39.76129426,-94.79673086,zip_recovered_from_country; country_inferred
loc_69nez6y5,Crystal In Color,Salons,214 N. 16th St,Ste 118,McAllen,TX,78501,United States,US,+19563583007,crystalincolor@gmail.com,,26.20598600,-98.23624100,country_normalized
loc_wyvn2qqx,Crystal Kochis Hair Art,Salons,1407 Carroll Ct,,Woodbine,MD,21797,United States,US,(443) 472-0099,crystalkochis@gmail.com,,39.41689333,-77.04692991,country_normalized
loc_n9mz6e25,Crystal's Snips & Clips,Salons,5050 Victor Dr,Suite 21,Medina,OH,44256-9816,United States,US,+13304190685,ceeitall7909@yahoo.com,,41.13757800,-81.81952300,country_normalized
loc_2mqrgjw9,Cult Studios,Salons,108 East Girard Ave,,Philadelphia,PA,19125,United States,,(267) 279-2863,cultstudiosphilly@gmail.com,,39.96872655,-75.13405123,country_inferred
loc_69nez2m5,Cultivate wellness med spa,Clinics,2454 3rd ave,,San Diego,California,92101,United States,USA,18587057649,nancy.ngouy@gmail.com,https://cultivatewellnessmedspa.com/contact-us,32.73091178,-117.16221924,country_normalized
loc_57wex6jn,Culture Grooming Lounge,Salons,2419 11th Ave,,Regina,SK,S4P 0K4,Canada,,,info@culturegroominglounge.com,,50.45082658,-104.61517140,country_inferred
loc_7g25kkyq,Curamed Medical and Aesthetic Clinic,Clinics,"23 Serangoon Central, #04-76 (Level 4R) NEX Shopping Mall",,,Serangoon,556083,Singapore,Singapore,65130529,,https://www.curamedaesthetics.com/,1.37046500,103.89512800,
loc_wyvn2jex,Curl Nature,Salons,99 Albany Forest Drive,,Albany Creek,QLD,4035,Australia,Australia,,,,-27.35522711,152.95905265,
loc_yzy8jk5v,Curl Up & Dye Hair,Salons,5026 51 Ave,,Whitecourt,AB,T7S 1P4,Canada,,,,,54.14188706,-115.68618954,country_inferred
loc_7g25k9gq,CURRENT SALON,Salons,2864 S GLENSTONE AVE,,,MO,65804-3716,United States,65804-3716,4173422758,ALIGNHAIRSALON@GMAIL.COM,,37.16178633,-93.26242768,zip_recovered_from_country; country_inferred
loc_7g25kxzq,Cut & Color Creations,Salons,"415 DeKalb Street, Bridgeport, PA",,,,,,,215-767-9412,ccchairsalon@gmail.com,http://cccsalon.com,40.10578553,-75.34668571,
loc_qzmyv66y,Cut Loose Hair and Beauty,Salons,125 Keen Street,,Lismore,NSW,2480,Australia,AU,422622322,cutloose.lismore@gmail.com,,-28.80828047,153.27898225,country_normalized
loc_qzmyv8py,Cut Loose Hair Studio,Salons,2700 W Lawrence,Suite V,Springfield,IL,62704,United States,USA,217-793-2888,kellyann1981@ymail.com,,39.79446520,-89.70551470,country_normalized
loc_rkzgqm8q,Cut Splice - Charlestown,Clinics,197 8th St,,Charleston,MA,02129,United States,US,(617) 286-7921,info@cut-splice.com,,32.66234535,-79.92549131,country_normalized
loc_jyewmrwe,Cutis Aesthetics,Clinics,"26 Thatchers Drive, Maidenhead, Berkshire SL6 3PW",,,Berkshire,SL6 3PW,United Kingdom,United Kingdom,,,https://www.cutisaesthetics.co.uk/,51.51334256,-0.75988605,
loc_pqm89p5k,Cuts Ahead,Salons,11 1 St Ave SW,,Dauphin,MB,R7N 1R9,Canada,,,cutsahead@gmail.com,,51.14883802,-100.05116392,country_inferred
loc_jyewmrne,Cutting hill Clinic,Clinics,Benington,,Stevenage,Hertfordshire,SG2 7DJ,United Kingdom,UK,+447950032591,julian@godlee.com,https://cuttinghillclinic.co.uk/,51.89816850,-0.11232184,country_normalized
loc_rkzgqq7q,CVL Atra Shinmachi Clinic,Clinics,"3F, N・I Building, 1-10-5 Shinmachi",,Hirakata-shi,Osaka,573-1191,Japan,Japan,072-807-7781,,https://at-shinmachi-cl.jp/,34.81651430,135.64657203,
loc_qzmyv55y,Cynthia Santana Hair Studio,Salons,2465 Mandeville Ln Ste 240,,Alexandria,VA,22332,United States,US,(703) 991-9881,cynthiasantanahair@yahoo.com,,38.80305800,-77.07145600,country_normalized
loc_yzy8jppv,Cynthia Santana Hair Studio,Salons,2465 Mandeville Ln Ste 240,,Alexandria,VA,22332,United States,US,(703) 991-9881,cynthiasantanahair@yahoo.com,,38.80305800,-77.07145600,country_normalized
loc_vm9wn6nm,Cypress and Myrtle Hair Co.,Salons,105 Pariton Ave Dothan,,,AL,36303,United States,,(334) 791-9443,cypressandmyrtlehairco@gmail.com,,31.22787900,-85.41210800,country_inferred
loc_57wexkxn,D. Knight Designs,Salons,305 E Michigan Avenue,,Marshall,MI,49068,United States,USA,269-274-0966,dennis@dknightdesigns.com,,42.27226926,-84.95611392,country_normalized
loc_zzpngg8w,D.F Hair,Salons,新北市淡水區英專路116號2樓,,新北市,淡水區,251,Taiwan,,02-86310150,,,25.17226989,121.44592166,country_inferred
loc_m7x8kkjv,D’Skin Specialist Lab,Clinics,"238 Thomson Rd, #03-22, Singapore 307683",,,Novena,307683,Singapore,Singapore,6261 1444,info@dssl.sg,https://www.dssl.sg/,1.31998216,103.84436170,
loc_g2w9jn77,D&A Salon Apothecary,Salons,108 N Benton St,,Woodstock,IL,60098,United States,US,(815) 527-7559,,http://www.dandasalon.com,42.31517200,-88.44665900,country_normalized
loc_g2w9jjm7,D2沙龍(@),Clinics,桃園市大園區和平一街39號,,,,337,Taiwan,TW,03-3840689,,,25.06041060,121.20019858,country_normalized
loc_rkzgqjjq,D6Derma,Clinics,"D6Derma 188 Rathgar Road, Dublin 6 Dublin D06H6P4",,,,,,,,clodagh@d6derma.com,,53.32087361,-6.26745103,
loc_57wexxxn,Daikoku Dermatology & Allergy Clinic,Clinics,"Pink Ribbon 39 Building 3F, 1-20 Mikawacho, Naka-ku, Hiroshima-shi, Hiroshima, Japan",,,,,Japan,,082-241-0811,,https://daikokuhifuka.jp/,34.39069467,132.46284122,country_from_tld
loc_exy62pyv,Dali Bliss,Salons,158 E William Street,,Decatur,IL,62523,United States,,217-420-4360,daliblissboutique@gmail.com,,39.84376528,-88.95531457,country_inferred
loc_n9mz6rm5,Dali Bliss - JENNIFER,Salons,159 W. Main Street,,Decatur,IL,62523,United States,,217-330-9968,gallowayjennifer16@gmail.com,http://Jennifer Galloway,39.84130866,-88.95669135,country_inferred
loc_pqm896mk,Dali Bliss - RACHEL,Salons,159 W Main St,,Decatur,IL,62523,United States,,217-330-9968,Rachelthoyt@gmail.com,,39.84126528,-88.95691457,country_inferred
loc_yzy8j6yv,Dali Bliss -JODY,Salons,159 W. Main St,,Decautur,IL,62523,United States,USA,217-420-4360,daliblissboutique@gmail.com,,39.84126528,-88.95691457,country_normalized
loc_qzmyv5ry,Danae's on 4th,Salons,234 E Fourth Street,,Minster,OH,45865,United States,,419-628-6010,danaeson4th@gmail.com,http://Breanna,40.33722875,-82.00349549,country_inferred
loc_69nezx75,Danielle Farrell,Salons,800 Technology Way Unit 20,,Scarborough,ME,04074,United States,US,(207) 699-9799,far.danielle28@gmail.com,,43.59241800,-70.35439100,country_normalized
loc_zzpngk2w,Danielle's In Vogue Hair Studio,Salons,16 Abbey Road,,Goulburn,NSW,2580,Australia,,248211123,daniellesinvogue@hotmail.com,,-34.76756963,149.69024525,country_inferred
loc_vm9wn2vm,Danni Deane,Salons,3 / 51-57 Bayswater Rd,,Potts Point,NSW,2011,Australia,Australia,,,,-33.87552325,151.22467880,
loc_k6mzx75q,DanthonySalon Spa,Salons,9020 Longhorn park,,Converse,TX,78109,United States,US,+12103253200,johanaza@ymail.com,,29.46457200,-98.30944800,country_normalized
loc_57wexmqn,Darlene @ Silhouettes Salon,Clinics,717 Boston Post Road,,Old Saybrook,CT,06475,United States,US,,mariocarmine7@yahoo.com,,41.27903400,-72.46263300,country_normalized
loc_exy6222v,Darwin Helmet Hair Studio - NT,Salons,2/8 Knuckey Street,,Darwin City,NT,800,Australia,AU,0889418922,helmethairstudio@westnet.com.au,,-12.46438807,130.84056678,country_normalized
loc_7g25k7gq,Daughters Salon,Salons,8104 102 St NW,,Edmonton,AB,T6E 3A3,Canada,,,daughterssalon@gmail.com,,53.51787682,-113.49318595,country_inferred
loc_jyewmqme,David Stewart at Animus Hair,Salons,3B/28 Metroplex Avenue,,Murarrie,QLD,4172,Australia,AU,432561149,david_s554@hotmail.co.uk,,-27.45248082,153.09963259,country_normalized
loc_k6mzxgkq,David Wenzel Salon,Salons,210 W Republic Rd Ste 116,,,MO,65807-6063,United States,,4176195202,david@davidwenzelsalon.com,,37.13785100,-93.29376900,country_inferred
loc_7g25k7pq,Davidson Taylor Salon,Salons,8201 Quaker Ave Unit 152,,Lubbock,TX,79424-4298,United States,US,8067814975,leahksides@gmail.com,,33.51792500,-101.90417600,country_normalized
loc_n9mz6wj5,Dawn's Pizzazz West,Salons,81 West St,,Danibry,CT,06810,United States,US,(203) 794-1113,manage.dpz@gmail.com,,41.39244200,-73.45797600,country_normalized
loc_wyvn2znx,Day Dermatology & Aesthetics,Clinics,"10 East 70th St, 1C New York, NY 10021",,New York City,New York,10021,United States,United States,212 772-0740,info@DrDorisDay.com,http://www.myclearskin.com/,40.77046680,-73.96691212,
loc_vm9wnv2m,DBA LANGMORE SALON,Salons,122 OLD SALEM RD,,PILESGROVE,NJ,08098,United States,,(856) 223-0805,thelangmore@gmail.com,,39.63783200,-75.34149400,country_inferred
loc_vm9wnvmm,DBA Mosaic Hair Co,Salons,400 W Clarkston Rd,,Lake Orion,MI,48362,United States,,810-965-5646,Mosaic.hair.lo@gmail.com,,42.76767007,-83.24821364,country_inferred
loc_7g25k7eq,Debra Barratt,Salons,872 Westminster Avenue,,Winnipeg,MB,R3G 1B2,Canada,,,westminsterheadspace@gmail.com,,49.88148173,-97.17015920,country_inferred
loc_k6mzxw2q,Dedicated Dental Laser & Esthetic,Clinics,7321 North State Rd 7,,Parkland,Florida,33083,United States,USA,+19547969900,tatyananudeldmd@gmail.com,https://www.dedicateddentist.com/,26.32164947,-80.20367191,country_normalized
loc_95rw877y,Deeluxe Hair and Beauty,Salons,"188 Bounday Rd,",,Thornlands,QLD,4164,Australia,Australia,,,,-27.56911660,153.25482436,
loc_qzmyv89y,Deer Creek Suites,Salons,2501 128th St,,Urbandale,IA,50323-1800,United States,US,5154915098,tappsmith91199@msn.com,,41.61710682,-93.78954154,country_normalized
loc_zzpngvvw,Deidre Power Ltd,Clinics,Drogheda medical clinic Dublin Road Drogheda Louth A92k525,,,,,,,,,,53.70787995,-6.32868104,
loc_n9mz6wy5,Deidre Ventura Salon,Salons,1 Central St,Suite 101,Middleton,MA,01949,United States,US,(978) 767-9525,deidreventurasalon@gmail.com,,42.59532500,-71.01479800,country_normalized
loc_yzy8j99v,Deirdre Burns Aesthetic and Skin Clinic,Clinics,"Level 2, No 12 New Street, Enniskillen, Fermanagh BT74 6AH",,,,,,,,deirdreburnsaesthetics@gmail.com,,54.34389037,-7.63371251,
loc_xpq2ey76,Deja Vu Hair Design,Salons,12032 Bel Air Road,,Kingsville,MD,21087,United States,US,(410) 592-5543,nyett@earthlink.net,,39.45493400,-76.41628200,country_normalized
loc_zzpng8ew,DELIJAH SALON,Salons,5137 69TH ST,,,TX,79424,United States,79424,8065777694,LORRIECABALLERO@YAHOO.COM,,33.53108389,-101.91860263,zip_recovered_from_country; country_inferred
loc_n9mz6gp5,Delilah Hair Studio,Salons,414 Lygon Street,Shop 2,Brunswick East,VIC,3057,Australia,Australia,,,,-37.76497749,144.97306976,
loc_jyewmp8e,Delray Dermatology,Clinics,907 NE 7th Street Boynton Beach FL 33435,,Boynton Beach,FL,33435,United States,United States,,,,26.53460501,-80.05446901,state_split_from_postal
loc_k6mzx9pq,Denaro Integrative Medicine,Clinics,"3320 3rd Ave B, San Diego, CA 92103",,San Diego,California,92103,United States,United States,619-293-3354,acu_carrie_122@yahoo.com,,32.74005364,-117.16241920,
loc_k6mzxr6q,Denbigh House Dental Practice,Clinics,62 George Street,,,Isle of Wight,PO33 2EN,United Kingdom,United Kingdom,+44 019 8356 8700,,https://dentistetc.co.uk/dentist-denbigh-house-dental-surgery-7731,50.73005910,-1.16119690,
loc_95rw8kky,Denise Sharpe Style,Salons,4711 Montgomery Lane,Suite 11,Bethesda,MD,20814,United States,US,(301) 237-2179,denisesharpestylist@gmail.com,,38.98366000,-77.09480700,country_normalized
loc_m7x8kmkv,Dennis E Oosterhart,Salons,305 E Michigan Avenue,,Marshall,MI,49068,United States,US,269-274-0966,dennis@dknightdesigns.com,,42.27269259,-84.95613919,country_normalized
loc_exy622ev,Derm HQ / Dr. Irene Gaile Robredo-Vitas,Salons,"Salcedo Village, BelAir",,Makati,Metro Manila,,Philippines,Philippines,0957 896 4688,,,14.55823300,121.02220800,
loc_n9mz6795,Derma Advanced Aesthetics,Clinics,27 Glevum avenue,Ingleby Barwick,Stockron On Tees,Durham,TS17 5JB,United Kingdom,UK,+447496656610,sofiep90@gmail.com,https://dermaadvancedaesthetics.co.uk/,54.52297941,-1.33056963,country_normalized
loc_n9mz67n5,Derma Clinic Clare,Clinics,"9 High Street, Clare, Sudbury, Suffolk,",,,,CO10 8NY,United Kingdom,UK,07464 992830,hello@dermaclinicclare.com,http://www.dermaclinicclare.com,52.07803853,0.58055951,country_normalized
loc_qzmyveqy,Derma Skulpt,Clinics,"26, Clare Street, Dublin 2, D02VX59",,,,,Ireland,,,info@dermaskulpt.ie,,53.34187395,-6.25221102,country_from_tld
loc_69nez5e5,Derma7 Aesthetics,Clinics,"Grubbins Farmhouse, Dunsfold Road, Godalming, Surrey GU84BL",,Godalming,Surrey,GU84BL,United Kingdom,United Kingdom,07834 453139,info@derma7.co.uk,https://derma7.co.uk/,51.13420838,-0.55153904,
loc_yzy8j9jv,DermaCare Medical,Clinics,1A Main Road,,Charlestown,Scotland,KY11 3ED,United Kingdom,UK,+44 7810 482286,info@dermacaremedical.co.uk,https://dermacaremedical.co.uk/,56.03579240,-3.49985764,country_normalized
loc_qzmyvevy,DermaCare Medical,Clinics,"1A Main Road, Charlestown, Dunfermline, Fife",,,Fife,KY11 3ED,United Kingdom,United Kingdom,07912 509 195,info@dermacaremedical.co.uk,https://dermacaremedical.co.uk/,56.03562315,-3.49510908,
loc_m7x8krgv,DermaGlo Ltd,Clinics,"Blyth NE24 2EB, United Kingdom",,,,,,,,,,55.12494290,-1.50684625,
loc_8ye58766,DermaGuru,Clinics,11 Bladud Buildings,Flat 3,Bath,Somerset,BA1 5LS,United Kingdom,UK,+447817390901,rob@dermaguru.co.uk,https://www.dermaguru.co.uk/,51.38538038,-2.36028258,country_normalized
loc_95rw8zwy,Dermamuse,Clinics,5 Cartmel Close,,Towcester,Northamptonshire,NN12 6UA,United Kingdom,UK,+447920744347,monicadematos@live.com,https://www.dermamuse.co.uk/,52.12062854,-0.97603160,country_normalized
loc_m7x8krpv,Dermaster Clinic (Chidlom),Clinics,"1025 Ploenchit Rd Lumpini, Patumwan, Bangkok, Thailand 10330",,,Bangkok,10330,Thailand,Thailand,"02-253-9269, 089-421-4444",info@dermaster-thailand.com,https://dermaster-thailand.com/en/,13.74422252,100.54456165,
loc_7g25kmmq,Dermaster Clinic (Ekamai),Clinics,"342 Ekamai Road Klongton Nua, Wattana, Bangkok, Thailand 10110",,,Bangkok,10110,Thailand,Thailand,02-714-4471,info@dermaster-thailand.com,https://dermaster-thailand.com/en/,13.73472770,100.58797790,
loc_rkzgqyjq,Dermaster Clinic (rama 9),Clinics,"44/1 Asoke-Din Deang Rd, Huaikwang, Bangkok 10310",,,Bangkok,10310,Thailand,Thailand,"02-246-0024, 091-189-4444",info@dermaster-thailand.com,https://dermaster-thailand.com/en/,13.75137225,100.56418165,
loc_exy62r9v,Dermatec Aesthetics,Clinics,"Dunston Business Village, Stafford Rd, Dunston, Stafford",,,Staffordshire,ST18 9AB,United Kingdom,United Kingdom,,,https://www.glowday.com/clinic/dermatec-aesthetics/,52.74655864,-2.10843345,
loc_rkzgqqkq,Dermatology Associates,Clinics,"290 Orchard Road, #15-05/06 Paragon, Singapore 238859",,,Orchard Road and Vicinity,238859,Singapore,Singapore,+ 65 6333 8108,appt@dermassoc.com.sg,http://dermassoc.com.sg/wp/,1.30337214,103.83517012,
loc_g2w9jkp7,Dermatology Chieko Clinic,Clinics,,,Toyama,,,Japan,Japan,,,https://chieko-clinic.jp/,36.64680600,137.21835225,
loc_yzy8jjjv,Dermatology/Allergy Department Shiori Clinic,Clinics,,,Fukuoka,,,Japan,Japan,,,http://www.shiori-clinic.net/blog/cl/2022/04/,33.62512551,130.61800214,
loc_m7x8kk8v,DermClear Aesthetic & Laser Clinic,Clinics,"1 Grange Road #10-03 Orchard Building, Singapore 239693",,,Orchard Road and Vicinity,239693,Singapore,Singapore,+65 6356 5005,enquiry@dermclear.com.sg,https://www.dermclear.com.sg/,1.30142132,103.83717013,
loc_69nez5v5,Dermoperfection medical,Clinics,1709 The Cube East,,Birmingham,West Midlands,B1 1PR,United Kingdom,UK,+447590565159,accounts@dermoperfection.co.uk,https://dermoperfection.co.uk/meet-the-team/,52.47499942,-1.90699873,country_normalized
loc_g2w9jjp7,Dermstetiq Clinic,Clinics,"1 Orchard Boulevard, #11-09, Camden Centre, Singapore 248649",,,Orchard Road and Vicinity,248649,Singapore,Singapore,+65 6887 3210,,https://www.camden.com.sg/specialisations/specialisations-aesthetics,1.30320070,103.82419064,
loc_69nezz55,Dermstrata Clinic,Clinics,"Quezon City, Philippines",,,,,Philippines,PH,,corporate@dermstrata.com,https://www.dermstrata.com/,8.65941142,123.42194202,country_normalized
loc_7g25kxgq,Designing Line,Salons,100 Chase Court & Garrett Way,,Milledgeville,GA,31061,United States,US,(478) 452-3338,pierceamy01@gmail.com,,33.09738600,-83.25657400,country_normalized
loc_k6mzxqeq,Designs by Clyde St. Amand,Salons,218 North Main Street,,West Hartford,CT,06107,United States,US,(860) 674-8400,clydest.amand@gmail.com,,41.77669684,-72.74499119,country_normalized
loc_rkzgq67q,Desiree Baker - Ritual Mane Collective,Salons,Ritual Mane Collective 104 Mansell Circle Roswell GA 30075,,,,,,,,desireealys.hair@gmail.com,,34.03385576,-84.34661382,
loc_wyvn2qrx,DESIREE DRAGON SHORES SALON,Salons,10393 FORD AVE,,,GA,31324-8811,United States,31324-8811,9126672658,desistylist@gmail.com,,31.94250807,-81.30670866,zip_recovered_from_country; country_inferred
loc_2mqrg2e9,Desmoderm Skin and Laser Clinic,Clinics,"LGF, Local Shopping Complex Sector B1, Jal Board Road, Near HDFC bank And Safel outlet, Pocket 1, Sector B, Vasant Kunj, New Delhi, Delhi-110070",,,New Delhi,110070,India,India,"00-91-9540766888, 00-91-9654190076, 00-91-9999754533",desmoderm@gmail.com,http://www.desmoderm.in/,28.50892000,77.16716000,
loc_k6mzxg7q,Details,Salons,2122 Hall Ave,,Marinette,WI,54143-1721,United States,,7159232125,larmbrust18@gmail.com,,45.09982300,-87.63579800,country_inferred
loc_2mqrg659,Details Hair Salon,Salons,5336 Rochdale Blvd,,Regina,SK,S4X 4N1,Canada,,,wendy@detailsstudio.ca,,50.49628273,-104.65717147,country_inferred
loc_wyvn2qzx,Details Salon & Spa,Salons,1001 W. Main Street,,Mount Joy,PA,17552,United States,,(717) 928-4021,detailsofmountjoy@gmail.com,,40.11635657,-76.52817125,country_inferred
loc_jyewmp7e,Devoted Hair & Healing Arts,Salons,"121 N Churton St Suite 106, Hillsborough, NC 27278",,,,,,,(919) 813-0616,,,36.07615911,-79.09971296,
loc_g2w9jvm7,Devoted Hair and Healing Arts,Salons,1109 Valley Park Drive,,Chapel Hill,NC,27514,United States,US,(919) 813-0616,devotednc@gmail.com,,35.92333589,-79.03539129,country_normalized
loc_exy627zv,Di Vini Essence Skincare & Spa,Clinics,2716 130th Ave. E.,,Parrish,Florida,34219,United States,USA,+19417185772,contact@diviniessenceskincare.com,https://www.diviniessenceskincare.com/,27.53811500,-82.41130500,country_normalized
loc_xpq2ejv6,Diamond Beauty Szalon,Clinics,"Törökbálint, Kastély u. 88",,,HU,2045,,Europe,,info@diamondbeauty.com,,47.43992777,18.92026310,country_not_a_country
loc_pqm89gxk,Diana Salons @ The Greene II Suite M,Salons,329 Laurel Glen Dr,,Springboro,OH,45066,United States,,937-572-0712,healthierfamilydiet@gmail.com,,39.57986485,-84.19713795,country_inferred
loc_qzmyvq9y,Diane Nivern Advanced Skincare & Medical Aesthetics,Clinics,"406 Bury New Road, Whitefield, Manchester, M45 7SX",,,Manchester,M45 7SX,United Kingdom,United Kingdom,+44 0161 796 1169,therapy@dianenivern.com,https://dianenivern.com/contact/,53.55689877,-2.29471376,
loc_qzmyv8jy,Dimensions Salon,Salons,105 N Keller Dr,Suite B,Effingham,IL,62401,United States,,217-347-6651,wilsont4@yahoo.com,,39.12276410,-88.55721451,country_inferred
loc_rkzgq2mq,Disappearing Act Laser & Skin Rejuvenation,Clinics,"2143 Airpark Dr, Redding, CA 96001",,Redding,CA,96001,United States,United States,+1 530-241-8722,,https://www.disappearingactlaser.com/,40.57448000,-122.40436200,state_split_from_postal
loc_zzpng6kw,Disco Salon,Salons,"638 Glenwood Ave SE Apt B, Atlanta, GA 30312",,,,,,,(470) 748-0202,discosalonatl@gmail.com,,33.74255284,-84.36661382,
loc_jyewm5ze,Diversion Salon Inc.,Salons,#205 100 Rainbow Road,,Chestermere,AB,T1X 0V3,Canada,,,diversionsalon@outlook.com,https://www.diversionsalon.ca/,51.02583600,-113.84018652,country_inferred
loc_xpq2e7k6,Diyablo Hair and Body Spa LLC,Clinics,20 Evans Drive,,Dover,NH,03820,United States,US,(603) 609-8249,diyablos1@gmail.com,,43.15415707,-70.84153116,country_normalized
loc_rkzgq68q,DMH Salon And Boutique,Salons,901 Clock Tower,Suite 5,Springfield,IL,62704,United States,,217-679-0568,dmhsalonandboutique@gmail.com,http://Kirsten McLane-Reed,42.42997384,-88.21436071,country_inferred
loc_g2w9jny7,DMR Salon,Salons,"1801 W Jackson Ave., Suite D113 Oxford",,,MS,38655,United States,,(662) 638-3310,dmrsalonandextensionbar@gmail.com,,34.36386800,-89.55694000,country_inferred
loc_rkzgqqyq,DMV Dermatology Clinic,Clinics,"3rd Floor of The Greenery, Pope John Paul II Avenue, Cebu City, Philippines, 6000",,,,,Philippines,PH,0927 086 6869,,,10.32477120,123.90856110,country_normalized
loc_69nez575,Doctor beauty,Clinics,"Minsk, Belarus, Ul. Griboedova 1 - 207",,,,,Belarus,,375447755151,infodoс.beauty@gmail.com,https://doctor-beauty.by/,53.91184131,27.52741382,country_from_tld
loc_57wexx9n,Doctors Clinic and Surgery,Clinics,305 Woodlands Street 31 #01-91 Singapore 730305,,,Woodlands,730305,Singapore,Singapore,+65 6269 1017,lowcheewahmark@gmail.com,http://www.doctorsclinicandsurgery.net,1.43046234,103.77411700,
loc_vm9wngmm,Dollhouse Hair Boutique,Salons,9851 70 Ave NW,,Edmonton,AB,T6E 0V6,Canada,,,info@dollhousehair.ca,http://dollhousehair.ca,53.50687665,-113.48518593,country_inferred
loc_jyewmrqe,Double F Healthcare,Salons,Desa Pandan,,Kuala Lumpur,Federal Territory of Kuala Lumpur,,Malaysia,Malaysia,,,,3.14826516,101.73807167,email_placeholder_blanked
loc_7g25k8jq,DPZ North,Salons,469 Bantam Rd,,Litchfield,CT,06759,United States,US,(860) 567-3111,dpznorth@gmail.com,,41.73459684,-73.21436120,country_normalized
loc_xpq2eje6,Dr Abby Clinic,Clinics,"A1-01-07 (Publika), Jalan Dutamas 1, Solaris Dutamas, 50480 Kuala Lumpur",,,Kuala Lumpur,50480,Malaysia,Malaysia,014-669 6772,,https://drabbyclinic.business.site/,3.17096520,101.66456167,
loc_57wex8zn,Dr Alison Lee Aesthetics,Clinics,"Suite 3, Cybor House, 1 Tapton House Road,",,South Yorkshire,,S10 5BY,United Kingdom,UK,+44 7549 052969‬,dralisonlee.aesthetics@gmail.com,http://www.dralisonleeaesthetics.com,53.37699978,-1.50912847,country_normalized
loc_pqm89v5k,Dr Ame Ng,Clinics,"Floor M, First, 107 Harley Street",,,London,W1G 6AL,United Kingdom,United Kingdom,0208 168 1688,myface@drameng.co.uk,http://www.drameng.co.uk/,51.52122999,-0.14820001,
loc_xpq2ej26,Dr Aqsa Aslam,Clinics,Grantham NG31 8SY,,,Lincolnshire,NG31 8SY,United Kingdom,United Kingdom,07909 480785,draqsa@hotmail.com,,52.91925001,-0.65903996,
loc_exy62m5v,Dr Brad’s Laser & Cosmetic Clinic,Clinics,"583 Fishponds Road, Fishponds, Bristol, BS16 3AA",,,Bristol,BS16 3AA,United Kingdom,United Kingdom,07588 971425,,https://www.doctorbrad.co.uk/,51.47691364,-2.53801864,
loc_pqm89p8k,Dr Carmel Ferreira PLLC / DBA: Empowered Healing Center,Clinics,42 N 200 E,Ste 1,American Fork,Utah,84003,United States,USA,+13104350877,dr.carmel.ferreira@gmail.com,https://empoweredhealingcenter.com/,40.37765600,-111.79269100,country_normalized
loc_exy62rgv,Dr Catharine Denning Aesthetic Medicine,Clinics,"Clinic 1.6, Lister House, 11-12 Wimpole Street London W1G 9ST",,,London,W1G 9ST,United Kingdom,United Kingdom,,info@cliniconepointsix.com,https://www.drdenning.co.uk/,51.51743999,-0.14764999,
loc_xpq2eem6,Dr Charles Aesthetic Plastic Surgery & Medical Spa,Clinics,"Gleneagles Kota Kinabalu, Suite 11-1, Level 1, Riverson@Sembulan, Block A-1, Lorong Riverson@Sembulan, 88100 Kota Kinabalu, Sabah",,,Sabah,88100,Malaysia,Malaysia,-512804,,https://drcharleslee.com.my/,5.96801978,116.06407190,
loc_k6mzxrmq,Dr Charlotte Gribbin,Clinics,"16 Gimble Way, Gimble Grove",Pembury,Tunbridge Wells,Kent,TN2 4BX,United Kingdom,UK,+447766145005,charlottegribbin@hotmail.com,https://drcharlottegribbin.com/,51.15423498,0.32568161,country_normalized
loc_vm9wnnym,Dr Christina Javier,Clinics,"Unit 2 Star Arcade Building, C.V. Starr Avenue Philamlife Village, Las Piñas, Philippines, 1740",,,,,Philippines,PH,0917 510 1324,novelskinandbodyclinic@gmail.com,http://novelskinandbody.com,14.45032070,120.97880640,country_normalized
loc_n9mz6w75,Dr Clodagh Hughes,Clinics,"The Monterey Knockrabo Court Goatstown, Dublin 14",Apt 11,Dublin,Dublin,D14 H3C5,Ireland,Ireland,+353863863545,drclodaghhughes@gmail.com,,53.29467718,-6.22337297,
loc_g2w9jr57,Dr David Jack,Clinics,"96 Harley St, London W1G 7HY",,London,,W1G 7HY,United Kingdom,United Kingdom,020 7589 6309,clinic@drdavidjack.com,https://drdavidjack.com/,51.52099844,-0.14765242,
loc_n9mz67p5,Dr Farah Clinic,Clinics,"4 Devonshire Street, London W1W 5DT",,London,,W1W 5DT,United Kingdom,United Kingdom,7568426885,Info@drfarah.co.uk,https://drfarah.co.uk/,51.52246844,-0.14488237,
loc_qzmyvq7y,Dr Gabassi Aesthetics,Clinics,4 Harley Street,,London,Greater London,W1G 9PB,United Kingdom,UK,+447956185738,raffaella.gabassi@gmail.com,https://www.drgabassiaesthetics.com/,51.51718844,-0.14592239,country_normalized
loc_7g25kmwq,Dr Joshua Harley Street Aesthetics,Clinics,10 Harley Street,,London,Greater London,W1G 9PF,United Kingdom,UK,+447368240306,drjvanderaa@gmail.com,https://drjoshua.co.uk/,51.51741844,-0.14591239,country_normalized
loc_zzpngvgw,Dr K’s Clinic,Clinics,"Kinross, Rosemary Lane, Burton, Wrexham,",,,,LL12 0LA,United Kingdom,,07711190079,,http://info@drkenningham.co.uk,53.11081141,-2.96861001,email_was_url; country_inferred
loc_69nezxz5,Dr K’s Clinic,Clinics,Rosemary Lane,,Burton,Wrexham,LL12 0LA,United Kingdom,UK,+447726352488,info@drkenningham.co.uk,https://www.drkenningham.co.uk/,53.10994870,-2.96588486,country_normalized
loc_n9mz6755,Dr Kate Aesthetics,Clinics,"108 Cockfosters Rd, Cockfosters,",,,EN4 0DP,EN4 0DP,United Kingdom,UK,02084198919,hello@drkateaesthetics.co.uk,http://www.drkateaesthetics.co.uk,51.64957348,-0.14765770,country_normalized
loc_zzpng5qw,Dr Kathryn Taylor-Barnes,Clinics,"16 Bridle Lane St Margarets, Twickenham",,,London,TW1 3EG,United Kingdom,United Kingdom,+44 020 8901 6444,ktaylorbarnes@gmail.com,https://realyouclinic.com/,51.45434002,-0.32020002,
loc_vm9wnnmm,Dr Kevin Chua Medical & Aesthetics,Clinics,"360 Orchard Road, International Building #03-05, Singapore 238869",,,Orchard Road and Vicinity,238869,Singapore,Singapore,+65 6694 6700,dr@kevinchua.com.sg,https://kevinchua.com.sg/contact/,1.30607515,103.83100328,
loc_pqm89vkk,Dr KG Aesthetics,Clinics,Brondesbury Park,56A,London,Greater London,NW6 7AT,United Kingdom,UK,+447733234963,drkghodsi@hotmail.co.uk,,51.54538140,-0.22067187,country_normalized
loc_qzmyvvyy,Dr Leo Aesthetic Plastic & Reconstructive Surgery,Clinics,"3 Mount Elizabeth, Mount Elizabeth Medical Centre #06-10, Singapore 228510",,,Orchard Road and Vicinity,228510,Singapore,Singapore,+65 6733 3895,,http://www.drleoplasticsurgery.com/surgeon.html,1.30458259,103.83556522,
loc_wyvn22nx,Dr LL Cheong Skin & Laser Clinic,Clinics,"3 Mount Elizabeth #09-09, Mount Elizabeth Medical Centre, Singapore 228510",,,Orchard Road and Vicinity,228510,Singapore,Singapore,+65 6836 1480,,http://www.llcheongskin.com,1.30458259,103.83556522,
loc_jyewmrje,Dr Maria Kotrotsiou,Clinics,"Ploutarxou 18, 10676, Kolonaki, Athens",,,,,Greece,Greece,0030 210 7252422,markotro@otenet.gr,https://kotrotsiou.gr/,37.97743451,23.74534002,
loc_7g25kkeq,Dr Monique Lianne Ang,Clinics,Quezon City,,,,,Philippines,PH,9108985415,monique.dermatology@gmail.com,,14.65105240,121.04862198,country_normalized
loc_exy62m2v,Dr Nestor's Medical & Cosmetic Center,Clinics,"53 Dundas Street, Edinburgh, EH3 6RS",,,Scotland,EH3 6RS,United Kingdom,United Kingdom,+44 01314 671 450,nestor@drnestor.co.uk,https://www.drnestor.co.uk/,55.95827917,-3.19941524,
loc_57wex8qn,DR OLSON CLINIC,Clinics,86 Harley Street,,London,Greater London,W1G7HP,United Kingdom,UK,+447462450721,drannamarieolsen@gmail.com,https://drolsenclinic.com/,51.52033912,-0.14728563,country_normalized
loc_7g25kmnq,Dr Raquel Skin and Medical Cosmetics,Clinics,"Unit 16, 80 Churchill Square",Kings Hill,West Malling,Kent,ME19 4YU,United Kingdom,UK,+447854624521,drraquel@skinandmedicalcosmetics.co.uk,https://skinandmedicalcosmetics.co.uk/?utm_source=google%20maps&utm_medium=organic&utm_campaign=GMB,51.27318341,0.39635656,country_normalized
loc_jyewmrye,Dr Rashpal Singh Cosmetic and Skincare Specialist,Clinics,"2 Oxford Rd, Middlesbrough, TS5 5DT",,,Middlesbrough,TS5 5DT,United Kingdom,United Kingdom,077 9977 8683,info@drrashpalsingh.com,http://drrashpalsingh.co.uk/,54.55696643,-1.24756836,
loc_57wexmxn,Dr Rose Club,Clinics,"32 Hamilton Street, Hamilton Square, Wirral",,,Liverpool,CH41 5AD,United Kingdom,United Kingdom,,info@drrose.co.uk,http://www.drrose.co.uk/,53.39248748,-3.01576494,
loc_k6mzxr5q,Dr Sharon Wong LTD,Clinics,9 Harley Street,,London,Greater London,W1G 9QW,United Kingdom,UK,447974788850,sharon.wong@hotmail.co.uk,https://www.drsharonwong.com/,51.51705844,-0.14645240,country_normalized
loc_zzpng59w,Dr Sister LTD,Clinics,"20 Rochester Row, London SW1P 1BT",,,London,SW1P 1BT,United Kingdom,United Kingdom,+44 020 3744 0919,info@drdanielsister.com,https://drdanielsister.com/,51.49568437,-0.13586223,
loc_n9mz66z5,"Dr SN Wong Skin, Hair, Nails & Laser Specialist Clinic",Clinics,"3 Mt Elizabeth #07-09, Mt Elizabeth Medical Centre, Singapore 228510",,,Orchard Road and Vicinity,228510,Singapore,Singapore,+65 6733 3629,info@drwongsuni.com.sg,http://www.drwongsuni.com.sg/,1.30458259,103.83556522,
loc_wyvn22gx,Dr Steven Ang Aesthetics & Laser Clinic,Clinics,Block 75D Redhill Road Unit #01-112,,,Bukit Merah,154075,Singapore,Singapore,+65 6476 7333,enquiry@stevenaesthetics.com,http://www.stevenaesthetics.com/,1.28846477,103.81571159,
loc_wyvn2exx,Dr Toro Aesthetics,Clinics,"7 Newcourt St, St Johns Wood",,London,,NW8 7AA,United Kingdom,UK,02034421235.,info@drtoro.co.uk,http://www.drtoro.co.uk,51.53297442,-0.16750412,country_normalized
loc_rkzgqyrq,Dr Toro Aesthetics,Clinics,"1 Orchard st, Marylebone",,London,,W1H 6HJ,United Kingdom,UK,02034421235,info@drtoro.co.uk,http://www.drtoro.co.uk,51.51527420,-0.15422310,country_normalized
loc_57wex87n,Dr Wass Skin Clinic,Clinics,"70 Gresham Rd, Middlesbrough TS1 4LN",,,Middlesbrough,TS1 4LN,United Kingdom,United Kingdom,01642 344458,,https://cosmetic-skinclinic.co.uk/,54.56877894,-1.24356204,
loc_wyvn2eyx,Dr Wass Skin Clinic,Clinics,20 amerston close,Wynyard,Billingham,Durham,TS22 5QX,United Kingdom,UK,+447966285669,was702@hotmail.com,,54.63860919,-1.35576529,country_normalized
loc_n9mz6655,Dr YH Chan Skin Specialty Clinic,Clinics,"18/F The Harvest, 591 Nathan Road, Kowloon",,,Kowloon,,Hong Kong,Hong Kong & Macau,2391 5818,asc_0207@yahoo.com.hk,http://www.drchanyiuhoi.hk/,22.31592491,114.16977307,country_normalized
loc_vm9wn87m,Dr Zenker,Clinics,"Maximilianstraße 16, 80539 Munich",,,Munich,D-80539,Germany,Germany,49895527690,,http://www.dr-zenker.de/en/,48.13867887,11.58081897,
loc_qzmyveyy,"Dr. Adam W. Maurer, Human Artist MD",Clinics,"6 E. 39th St. Suite 804a, New York, New York 10016",,New York City,New York,10016,United States,United States,(212) 537-6836,dr.mauerha@gmail.com,https://www.humanartistmd.com/,40.75111700,-73.98174000,
loc_exy622gv,Dr. Alson W. K. Wong Skin & Laser Center,Clinics,"Rm 1401A, Grand Centre, No 8 Humphreys Ave., Tsimshatsui, Kowloon",,,Kowloon,,Hong Kong,Hong Kong & Macau,+852 2367-5866,,,22.29856213,114.17337695,country_normalized
loc_2mqrg259,Dr. Alvin Penalosa,Clinics,"Cloud Twelve, 2-5 Colville Mews, London W11 2DA",,,London,W11 2DA,United Kingdom,United Kingdom,,alvin.penalosa@doctors.org.uk,https://www.dralvin.co.uk/,51.51520844,-0.20151330,
loc_jyewmm6e,"Dr. Chan Kin Yip, John",Clinics,"24B, Hang Seng Causeway Bay Bldg, 28 Yee Wo St., Causeway Bay, HK",,,Hong Kong,,Hong Kong,Hong Kong & Macau,+852 2561-0300,ckyjohn@hotmail.com,,22.27966245,114.18541269,country_normalized
loc_jyewm7qe,Dr. Giovanna Casola,Clinics,"Jacobs Medical Center, UC San Diego Health - La Jolla, 9300 Campus Point Drive, La Jolla, CA 92037",,San Diego,California,92037,United States,United States,(800) 926-8273,,,32.87801200,-117.22564200,
loc_69nez565,Dr. Hajagos Fogászati és Esztétikai Központ,Clinics,"Kecskemét, Erzsébet krt. 64.",,,HU,6000,,Europe,,info@drhajagos.hu,,46.90269768,19.70246323,country_not_a_country
loc_jyewmmye,Dr. Jon Yong Aesthetic Clinic,Clinics,"9 Scotts Road, #06-07 Scotts Medical Center, Singapore 228210",,,Orchard Road and Vicinity,228210,Singapore,Singapore,+65 851 851 00,clinic@drjonyong.com,http://www.drjonyong.com/,1.30641800,103.83225700,
loc_7g25km8q,Dr. Kasana's Elegant Aesthetics,Clinics,"6/165,Sector 2 Rajinder Nagar, Sahibabad, Ghaziabad, Uttar Pradesh 201005",,,New Delhi,201005,India,India,,,http://kasanahealthcare.com/,28.68444700,77.35611267,
loc_2mqrg289,Dr. Kate Aesthetics,Clinics,"54 Vicars Moor Lane, Winchmore Hill, London N21 2QH",,,London,N21 2QH,United Kingdom,United Kingdom,,,,51.63583001,-0.09805997,
loc_zzpng52w,Dr. Katia Galetic,Clinics,"68 Rue du Dix Octobre, 7243 Bereldange Walferdange",,,Bereldange,7243,Luxembourg,Luxembourg,,,,49.65059795,6.12514867,
loc_n9mz6625,Dr. La Ha,Salons,"40 Ng. 91 Đ. Trần Duy Hưng, Trung Hoà, Cầu Giấy",,Hà Nội,Hà Nội,,Vietnam,Vietnam,84862511699,,,21.01112221,105.80062849,email_placeholder_blanked
loc_2mqrge89,"Dr. Lima, Baypointe Dermatology",Clinics,"3850 Bird Road, Suite 104, Miami, FL 33146",,Miami,Florida,33146,United States,United States,1 (305) 669-8337,,https://baypointedermatology.com/,25.73442164,-80.25681315,
loc_k6mzxwmq,Dr. Lisa J. Learn,Clinics,"3536 N Federal Hwy #100 Fort Lauderdale, FL 33308",,Fort Lauderdale,Florida,33308,United States,United States,(954) 380-8411,langnick92+drlearn@gmail.com,https://drlisalearn.com/,26.17094500,-80.11882400,
loc_yzy8j98v,"Dr. Louis N. Vogel, M.D. Dermatology",Clinics,"16 Park Avenue, Suite 1C",,New York City,New York,10016,United States,United States,+1 (212) 447-5443,,http://www.louisvogelmd.com/,40.74766761,-73.98112121,
loc_k6mzxreq,Dr. MediSpa,Clinics,"59 Chiltern St, London W1U 6NF",,,London,W1U 6NF,United Kingdom,United Kingdom,020 8038 9063,,,51.52024882,-0.15560933,
loc_qzmyvqmy,Dr. MediSpa,Clinics,"8 Forest Road, Loughton IG10 1DX",,,Essex,IG10 1DX,United Kingdom,United Kingdom,020 8038 9063,,,51.64643002,0.05363999,
loc_g2w9jrx7,Dr. MediSpa,Clinics,"18 Beauchamp Place, Knightsbridge, London SW3 1NQ",,,London,SW3 1NQ,United Kingdom,United Kingdom,020 8038 9063,,,51.49762999,-0.16461999,
loc_jyewmrpe,Dr. Monisha Kapoor Aesthetics,Clinics,"18, Block J, Saket, New Delhi, 110017",,,New Delhi,110017,India,India,+91 9811 43 9395,plasticsurgeonmonisha@gmail.com,https://www.plasticsurgeonmonisha.com,28.52314673,77.21221265,
loc_zzpng5ew,Dr. Preema London Clinic,Clinics,"Avenfield House, 118-127 Park Lane, London W1K 7AF",,,London,W1K 7A,United Kingdom,United Kingdom,,,https://drpreema.com/,51.51190999,-0.15723998,
loc_yzy8jgev,Dr. Richard Sibthorpe,Clinics,"Brompton Cross, 13 Crescent Place, Kensington, London SW3 2EA",,,London,SW3 2EA,United Kingdom,United Kingdom,+44 20 3131 3041,office@drrichardsibthorpe.com,http://doctorsib.com/,51.49405844,-0.16819276,
loc_8ye58xj6,Dr. Szőcs Hajnal,Clinics,"Budapest, Rózsakert u. 3-11.",,,HU,1223,,Europe,,borgyogyasz22@gmail.com,,47.40347777,19.00885311,country_not_a_country
loc_k6mzxrkq,Dr. Tiru Matla,Clinics,"Bewicke Medical Centre, 52 Tynemouth Road, Newcastle NE28 0AD",,,Newcastle,NE28 0AD,United Kingdom,,,,https://drmatla.com/,54.99685674,-1.49979892,country_inferred
loc_2mqrgjg9,Dr. Victoria Clinic,Clinics,"32 Alva Street, Edinburgh EH2 4PY",,,Scotland,EH2 4PY,United Kingdom,United Kingdom,,,https://drvictoria.co.uk/,55.94992762,-3.21129444,
loc_jyewmr2e,Dr. Vincent Wong,Clinics,"First Floor, Sentinel House London, 193-197 Old Marylebone Road London",,,London,NW1 5QR,United Kingdom,United Kingdom,,,,51.51998844,-0.16538271,
loc_exy622mv,Dr.Sitem絲展健髮中心,Salons,台北市大安區仁愛路四段300巷26弄35號1樓,,,,,,,02-27015998,,,25.03617121,121.55308412,
loc_yzy8jjnv,Drevan Clinic,Clinics,"Alexandria, Spring Ville Ave. Sampaguita, Molino 3, Bacoor, Philippines, 4102",,,,,Philippines,PH,+63 969 353 9115,thedrevanclinic@gmail.com,https://thedrevanclinic.com/,14.38878361,120.98448591,country_normalized
loc_xpq2e7n6,Drihfor/KateLynn,Salons,135 Pulaski Rd,,Harrisville,RI,02830,United States,US,(401) 787-3611,katelynn1002@yahoo.com,,41.97436400,-71.60182000,country_normalized
loc_7g25kk8q,Driven.By(@),Clinics,台北市大安區大安路一段101巷6號1樓,,,,106,Taiwan,TW,02-87730555,,,25.04041026,121.54619914,country_normalized
loc_pqm89pjk,Drop Dead Gorgeous,Salons,Bay F 2410 Richardson Rd,,Saskatoon,SK,S7L 4C3,Canada,,,contact@dropdeadgorgeousdayspa.com,http://dropdeadgorgeousdayspa.com,52.14785438,-106.70174830,country_inferred
loc_g2w9jr27,DRS Clinic,Clinics,2 Oxford Road,,Middlesbrough,England,TS5 5DT,United Kingdom,UK,07921 815545,enquiries@drsclinic.co.uk,http://www.drsclinic.co.uk,54.55601894,-1.25459206,name_whitespace; country_normalized
loc_8ye58xp6,Drs Tatiana + Rishi Advanced Aesthetics,Clinics,2 Devonshire Place,,London,Greater London,W1G 6JP,United Kingdom,UK,+447787401136,tatiana@drtatiana.co.uk,https://www.drtatiana.co.uk/?utm_source=Google&utm_medium=Organic&utm_campaign=GBP-listing,51.52164844,-0.14948245,country_normalized
loc_2mqrgg59,Drs Thompson & Thomson (Radlink Medicare),Clinics,"30 Raffles Place, #02-05, CIMB Plaza",,,Central Business District,48622,Singapore,Singapore,65320054,,,1.28413000,103.85136000,
loc_pqm89v7k,Drzahedadentistry,Clinics,1 Oastler rd,Calverley,Leeds,West Yorkshire,LS28 5FD,United Kingdom,UK,+447949064023,drzahedadentistry@gmail.com,,53.82619882,-1.68789277,country_normalized
loc_zzpnggjw,DT Dream Team,Clinics,台中市西屯區四川路129號,,,,407,Taiwan,TW,04-23266698,,,24.16039585,120.65197682,country_normalized
loc_wyvn2jjx,Dune Studio GC,Salons,142 Eastlake Street,C/- Lox On Att: Ben Ferrif,Carrara,QLD,4211,Australia,AU,438178358,dunestudiogc@yahoo.com,,-28.03948042,153.35399233,country_normalized
loc_k6mzxp2q,Dunn Hair Design,Salons,28 Bank St,,Cobram,VIC,3644,Australia,Australia,,,,-35.91975589,145.64977239,
loc_2mqrg2n9,Durham Private Doctors Ltd.,Clinics,"55A Old Elvet Road, Durham DH1 3HN",,,Durham,DH1 3HN,United Kingdom,United Kingdom,,,,54.77549039,-1.57115432,
loc_8ye58vw6,Dutch Hollow Medical Day Spa,Clinics,3042 Godfrey Road Godfrey MO 62035,,Madison,Illinois,62035,United States,United States,(618) 466-9496,info@dutchhollowmedispa.com,https://www.dutchhollowmedispa.com/,38.93036378,-90.19281478,
loc_57wexxvn,DW De Beaute,Salons,"117 P. Nguyễn Đình Chiểu, Lê Đại Hành, Hai Bà Trưng",,Hà Nội,Hà Nội,,Vietnam,Vietnam,84984798854,,https://dwdebeaute.vn/,21.01067030,105.84586850,email_placeholder_blanked
loc_57wexgkn,Dyl Hair Pty Limited,Salons,"LG Shop 9.10, 644, George Street",World Square Shopping Centre,Sydney,NSW,2000,Australia,AU,0282888089,yld888@hotmail.com,,-33.87775656,151.20628925,country_normalized
loc_69nezmv5,e-skin & e-clinic Toyama,Clinics,,,Ishikawa,,,Japan,Japan,,,https://eclinic-toyama.jp/,36.98905606,136.81628224,
loc_k6mzxp8q,e-skin&e-clinic Kanazawa,Clinics,,,Ishikawa,,,Japan,Japan,,,https://www.eskinclinic-kanazawa.co.jp/,36.98905606,136.81628224,
loc_wyvn26qx,E.B. & Company Salon - Erika Banich,Salons,7257 Fox Hollow Ln,,Brownsburg,IN,46112,United States,,317-938-0322,Erika.banich@outlook.com,,39.86946532,-86.32851414,country_inferred
loc_xpq2eex6,E.L(@),Clinics,台中市南屯區五權西路二段803號,,,,408,Taiwan,TW,04-24732365,,,24.14339556,120.63519765,country_normalized
loc_n9mzgkk5,E’Clips Hair by Emily,Salons,Shop3 95-101 River Street,,BALLINA,NSW,2478,Australia,,412871241,emilymckinnon81@gmail.com,,-28.87062447,153.56173725,country_inferred
loc_8ye58kq6,East Main Salon,Salons,114 East Main Street,,Brighton,MI,48116,United States,,810-360-0881,e.mainsalon114@gmail.com,,42.52946968,-83.77861373,country_inferred
loc_vm9wnx8m,Eavanna Breen Skin And Laser Clinic,Clinics,50 Lower Leeson Street,Dublin 2,Dublin,Dublin,D02XK26,Ireland,Ireland,#ERROR!,eavanna@eavannabreen.ie,https://www.eavannabreen.ie/,53.33267874,-6.25376102,
loc_2mqrgp59,Ebisu Internal Medicine Clinic,Clinics,"4F Humax Building, 1‑1‑1 Ebisu Minami, Shibuya‑ku, Tokyo 150‑0022",,,,,Japan,Japan,03‑3719‑2266,,https://ebisu‑naika.jp,35.64676025,139.70895159,
loc_zzpnkxxw,EC Clinic,Salons,"No. 9, Ground & First Floor, Jalan Todak 6, Pusat Komersial Sunway Perdana, 13700 Perai, Penang, Malaysia",,,,,Malaysia,MY,+60 10 210 6899,,https://ecskinlaserclinic.com/,5.38335470,100.41077980,country_normalized
loc_k6mzxqzq,Eclectic,Salons,960 Troy-Schenectady Rd,,Latham,NY,12110,United States,US,(518) 268-0633,heather.contois@gmail.com,,42.74266597,-73.74372030,country_normalized
loc_m7x8kp8v,Eclectic Hair Studio,Salons,960 Troy Schenectady Road,,Latham,NY,12110,United States,US,(518) 785-7850,claireshair@yahoo.com,,42.76297701,-73.79916121,country_normalized
loc_exy62mev,Eclips Hair & Nail Salon,Salons,302 Main St,,Woburn,MA,01801,United States,US,(781) 729-9884,obrien103099@yahoo.com,,42.47791696,-71.15138117,country_normalized
loc_zzpngvyw,Eclipx Salon,Clinics,72-A Haverhill Road,,Amesbury,MA,01913,United States,US,(978) 255-4483,hair@eclipxsalon.com,,42.84174000,-70.94896000,country_normalized
loc_yzy8jg7v,ECM Aesthetics,Clinics,"13 Queen Anne St, London W1G 9JH",,,London,W1G 9JH,United Kingdom,United Kingdom,7910451461,info@ecmaesthetic.co.uk,https://ecmaesthetic.co.uk/index.html,51.51812999,-0.14590002,
loc_8ye586k6,Ecru Hair Studio (NEW),Salons,Shop 2 8-10 waratah street,,Mona Vale,NSW,2103,Australia,Australia,,,,-33.67756776,151.30318588,
loc_7g25k8mq,Eden Clinic Adelaide,Clinics,"13 Adelaide Rd, Saint Kevin's, Dublin",,,,D02 P950,Ireland,,,patientrelations@eden-medical.ie,,53.33259874,-6.25962103,country_from_tld
loc_g2w9jk77,Eden Hair Energy,Salons,106/19 Challis Street,,Dickson,ACT,2602,Australia,Australia,,,,-35.25080886,149.13516396,
loc_m7x8kprv,Eden Medical Clinic Belfast,Clinics,"713 Lisburn Rd, Belfast BT9 7GU, United Kingdom",,,,,Ireland,,,patientrelations@eden-medical.ie,,54.57224894,-5.96083977,country_from_tld
loc_k6mzxqwq,Eden Medical Clinic Cork,Clinics,"Orchard Gardens, 5, Dennehys Cross, Cork",,,,T12 YPV4,Ireland,,,patientrelations@eden-medical.ie,,51.89144629,-8.50491766,country_from_tld
loc_69nezxx5,Eden Medical Clinic Drogheda,Clinics,"Unit 101, South Gate Shopping Centre, Colp Cross, Drogheda, Co. Meath",,,,A92 AP98,Ireland,,,patientrelations@eden-medical.ie,,53.70179732,-6.30999763,country_from_tld
loc_n9mz6ww5,Eden Medical Clinic Kilkenny,Clinics,"1E Macdonagh Junction, Co. Kilkenny",,,,R95 YY5A,Ireland,,,patientrelations@eden-medical.ie,,52.65536251,-7.24422670,country_from_tld
loc_m7x8kp2v,Eden Medical Clinic Limerick,Clinics,"Unit 4 Crescent Ct, St Nessan's Rd, Dooradoyle, Limerick",,,,V94 CV6K,Ireland,,,patientrelations@eden-medical.ie,,52.64057289,-8.64987773,country_from_tld
loc_jyewmvve,Eden Medical Clinic Maynooth,Clinics,"Main St, Maynooth, Co. Kildare",,,,W23 C3X8,Ireland,,,patientrelations@eden-medical.ie,,53.38143687,-6.59147311,country_from_tld
loc_vm9wnx6m,Eden Salon,Salons,115 Center St,,Pembroke,MA,02359,United States,US,(781) 924-3289,info@eden-salon.com,,42.06993689,-70.81021116,country_normalized
loc_95rw899y,Eden Skin and Laser Clinic,Clinics,Rosmed Centre Golf Links Road Roscommon,,,,F42 HY97,Ireland,,,info@edenskinandlaser.ie,,53.62736454,-8.18816045,country_from_tld
loc_g2w9jnp7,EDEN STUDIOS,Salons,7550 FRANCE AVE S,,,MN,55435-5624,United States,55435-5624,9529054978,holly@hollystrack.com,,44.86684495,-93.32911070,zip_recovered_from_country; country_inferred
loc_69nezmz5,Edens Landing Hair Design,Salons,125/127 Castle Cres,,Edens Landing,QLD,4207,Australia,Australia,,,,-27.70007067,153.16879301,
loc_zzpngvxw,Edge and Elegance llc,Salons,75 fomalhaut ave,,Sewell,NJ,8080,United States,US,+16092250862,mlaws124@gmail.com,,39.72793500,-75.06543300,country_normalized
loc_xpq258p6,Edison Salon,Salons,140 Carnaby Dr Ne,,Cedar Rapids,IA,52402-1508,United States,Us,5632606658,balexandra170@gmail.com,,42.04823300,-91.62620800,country_normalized
loc_m7x8krnv,Edition Clinic,Clinics,"Flat 92, Doulton House","11 Park Street, Chelsea Creek",London,Greater London,SW6 2FT,United Kingdom,UK,+447968068749,unnatidesai@hotmail.com,https://www.editionclinic.com/,51.47525550,-0.18388177,country_normalized
loc_8ye586n6,Edward Beale Hawthorn,Salons,1011 Burke rd,,Camberwell,VIC,3124,Australia,Australia,,,,-37.82201620,145.05825238,
loc_k6mzp88q,EE Clinic,Salons,"No. 12A Jalan Radin Bagus 8, Bandar Baru Sri Petaling, 57000 Kuala Lumpur.",,,,,Malaysia,MY,+60 18 908 1800,,https://eeclinic.com/,3.06909256,101.69498254,country_normalized
loc_pqm899qk,EHA Clinic,Clinics,"1 Scotts Road #15-01, Shaw Centre, Singapore 228208",,,Orchard Road and Vicinity,228208,Singapore,Singapore,+65 6235 3325,info@eha.com.sg,http://www.ehaclinic.sg,1.30611333,103.83197055,
loc_pqm8965k,ELAN SALON,Salons,9803 CLAYTON RD,,,MO,63124-1603,United States,63124-1603,3145175398,christina@elan.salon,,38.63814937,-90.39065459,zip_recovered_from_country; country_inferred
loc_exy62nxv,Elate Salon,Salons,1514 9th Ave S,,Lethbridge,AB,T1J 1V8,Canada,,,Elatesalonspa@gmail.com,http://Elatesalonspa.ca,49.68681406,-112.82018484,country_inferred
loc_yzy8j9qv,Elation,Salons,43 Church St,,Kingston,NH,3848,United States,US,(864) 554-1407,elationsalonnh@gmail.com,,42.94552704,-71.05731116,country_normalized
loc_qzmyveny,Elation - Lindsay,Salons,43 Church St,,Kingston,NH,03848,United States,US,(864) 554-1407,elationsalonnh@gmail.com,,42.94552704,-71.05731116,country_normalized
loc_57wex8jn,Elena Von Hair and Beauty,Clinics,"107 Lots Rd, London SW10 0RN",,,London,SW10 0RN,United Kingdom,United Kingdom,+44 20 7352 9415,,https://elenavon.com/,51.47942999,-0.18536998,
loc_wyvn26nx,ELEVATE SALON AND WELLNESS,Salons,140 COUNTY ROAD 412,,,MO,65248-9719,United States,65248-9719,5738649887,mdurenllc@gmail.com,,39.08973300,-92.64132700,zip_recovered_from_country; country_inferred
loc_m7x8k25v,Elevated Hair Studio & Beauty Bar,Salons,"135 Goshen Road Ext, Ste 165",,Rincon,GA,31326,United States,US,(360) 770-6647,tawny@elevatedhairstudioandbeautybar.com,,32.24937900,-81.21455800,country_normalized
loc_vm9wn6vm,Elisha Anderson,Salons,4771 Roxbury Drive,,Pittsboro,IN,46167,United States,,317-626-6596,eastylist@yahoo.com,http://Elisha Anderson,39.84808847,-86.44438099,country_inferred
loc_zzpng5pw,Elite Aesthetics,Clinics,"32 Grove House, Greenhithe, Kent, DA9 9XN",,,Kent,DA9 9XN,United Kingdom,United Kingdom,+44 01332 561 763,info@elite-aesthetics.co.uk,https://www.elite-aesthetics.co.uk/,51.45527843,0.29445482,
loc_vm9wn6ym,Elite Hair Studio - Retail,Salons,1301 W. Evergreen Ave,,Effingham,IL,62401,United States,,217-690-4233,Elitehairstudio19@gmail.com,,39.13446412,-88.55891451,country_inferred
loc_95rw8qey,Elite Hair Studio -Katie,Salons,1301 W Evergreen Ave,,Effingham,IL,62401,United States,USA,217-690-4233,Katiejdust@gmail.com,,39.13453000,-88.55894900,country_normalized
loc_n9mz6em5,Elite Medical Spa,Clinics,"6288 Northwest 24th Street, Boca Raton, FL 33434",,Boca Raton,FL,33434,United States,United States,,,,26.37164300,-80.14304100,state_split_from_postal
loc_57wex6zn,Elixir Hair Studio,Salons,880 St Albert Trail,Unit 1060,St. Albert,AB,T8N 7V2,Canada,,,Info@elixirhairstudio.com,http://Www.elixirhairstudio.com,53.66487925,-113.63418618,country_inferred
loc_vm9wn68m,Elizabeth Marie Salon,Salons,2516 Burton St SE,,Grand Rapids,MI,49546,United States,,616-780-2255,elizabethmariesalon@gmail.com,http://Elizabeth Ackert,42.92701734,-85.60657005,country_inferred
loc_exy62k2v,Ell Beaute Salon,Salons,1217 N Central Ave.,,Glendale,CA,91202,United States,US,+18186404772,ellbeautesalon@gmail.com,,34.16443800,-118.25738000,country_normalized
loc_n9mz6gm5,Ella Speed Hair,Salons,1B 419 Townsend St,,Albury,NSW,2640,Australia,Australia,,,,-36.08965591,146.91138241,
loc_vm9wnv7m,Elowen Head Spa,Salons,"2915 Battleground Ave, Greensboro, NC 27408",,,,,,,(336) 608-7195,,,36.11245917,-79.83321308,
loc_vm9wn2nm,Eltajada,Salons,68Hamilton Road,,Wavell Heights,QLD,4012,Australia,Australia,,,,-27.39174777,153.05520632,
loc_wyvn2z8x,Elvi GG Hair & Makeup Studio,Salons,2 Floralisa Ct,,Coventry,RI,02816,United States,US,(401) 617-5583,elvigg.artist@gmail.com,,41.80986178,-71.49590132,country_normalized
loc_n9mz66n5,Elysian Aesthetic Clinic,Clinics,"Suite 1814, Medical Plaza Makati, Amorsolo corner dela Rosa Street, Makati, Philippines, 1229",,,,,Philippines,PH,0917 625 0967,elysianaestheticclinic@gmail.com,,14.55854646,121.01405889,country_normalized
loc_g2w9jzr7,Elysian Beauty,Clinics,"10 Meridian Point shopping centre, Greystones, co.wicklow",,,,a63y766,,,,libby.elysian@gmail.com,,53.14413960,-6.06282800,
loc_g2w9jzp7,EMB SALON LLC,Salons,190 SOUTH STREET,,MORRISTOWN,NJ,07960,United States,,(973) 323-1698,theelysiumsalon@gmail.com,,40.79090123,-74.47451909,country_inferred
loc_qzmyvwmy,Embellish,Salons,6602 N Western Ave,,Oklahoma City,OK,73116-7326,United States,US,4058434242,embellish.salononwestern@yahoo.com,,35.53919582,-97.52937160,country_normalized
loc_wyvn292x,Embody Esthetics,Clinics,"11934 Allegheny St., Sun Valley, CA 91352",,Sun Valley,California,91352,United States,United States,,embodyesthetics@gmail.com,https://www.dannemking.com/store/embody-esthetics-michelle-de-leon/,34.23703100,-118.39297900,
loc_2mqrgjp9,Embrace Aesthetics Hair and Beauty,Clinics,"83 East Dundry Road, Whitchurch, Bristol BS14 0LN",,,Bristol,BS14 0LN,United Kingdom,United Kingdom,01275 891732,wendy@wendyhurn-embrace.com,https://www.wendyhurn-embrace.com/,51.40570057,-2.57106118,
loc_n9mz6e95,Emily Hoffa,Salons,6229 Barley Oaks Rd,,Hilliard,OH,43026,United States,USA,614-746-0236,emilyhoffa@columbus.rr.com,,40.01758656,-83.18235136,country_normalized
loc_2mqrgp29,Emma McCabe,Salons,66 Kennedy Terrace,Nut Salon,Paddington,QLD,4064,Australia,Australia,,,,-27.45591270,152.99776420,
loc_n9mz6wg5,Emma Rose Aesthetics & Laser Clinic,Clinics,1 Siddeley Close,Brentry,Bristol,Bristol,BS10 6FG,United Kingdom,UK,+447711588081,emmarose2501@outlook.com,https://www.facebook.com/coaaesthetics/,51.51630202,-2.59514962,country_normalized
loc_7g25kmqq,Emmaline Tsui Skin Health Clinic,Clinics,"182a Ashley Road, Hale, Cheshire WA15 9SF",,,Cheshire,WA15 9SF,United Kingdom,United Kingdom,+44 7904 989191,,https://www.tsui.life/,53.37711726,-2.34601532,
loc_m7x8kvyv,Empire Salon,Salons,10301 Scull Creek Dr,,Austin,TX,78730-3556,United States,,5125654447,nicolesicola@me.com,,30.37615498,-97.84803160,country_inferred
loc_m7x8kmwv,EmpowHer Salon,Salons,9809 Creekside Dr.,,Wonder Lake,IL,60097,United States,US,+18152766342,amyburrafato@gmail.com,,42.37121100,-88.39258800,country_normalized
loc_69nezzn5,Encabo Skin And Hair Clinic,Clinics,"Aguinaldo High way, Ground floor Volet’s Commercial Bldg., Dasmariñas, Philippines, 4114",,,,,Philippines,PH,0927 286 9775,encaboskinclinic@gmail.com,https://www.encaboclinic.com/,14.32588380,120.94036860,country_normalized
loc_2mqrg2g9,Enhanze Medical Aesthetics & Laser Clinic,Salons,"Phileo Damansara 1, Suite 206, Level 2, Block D",,Petaling Jaya,Selangor,46350,Malaysia,Malaysia,03-7960 1788,,https://enhanzeclinic.com/,3.12743200,101.64331900,email_placeholder_blanked
loc_n9mz6765,Enhanze Medical Aesthetics & Medispa Centre,Clinics,"Suite 206, Level 2, Block D, Phileo Damansara 1, No. 9, Jalan 16/11, Off Jalan Damansara, 46350 Petaling Jaya",,,Selangor,46350,Malaysia,Malaysia,+603-7960 1788,enquiry@enhanzeclinic.com,https://enhanzeclinic.com/,3.12515120,101.64211665,
loc_2mqrg669,Enlighten Salon c/o Christopher Gorden Hair,Salons,5232 Forest Lane,Suite 100,Dallas,TX,75244,United States,US,+12146095326,gordenchristopher@gmail.com,,32.90910300,-96.81710800,country_normalized
loc_rkzgq2jq,Enlightened aesthetics by Lexx,Salons,1712 Howard rd,9,Madera,CA,93637,United States,US,+15597064733,achenot11@gmail.com,,36.95259800,-120.07842000,country_normalized
loc_m7x8kpnv,ENV Hair Lounge,Clinics,225 West St,,Seymour,CT,06483,United States,US,(203) 463-8187,envhairlounge@gmail.com,,41.39784678,-73.08796120,country_normalized
loc_69nez6j5,Envy Hair & Nail Design,Salons,13303 127th St NW,,Edmonton,AB,T5L 1B5,Canada,,,envyhairandnail@gmail.com no,,53.59358781,-113.54018603,email_malformed; country_inferred
loc_g2w9jv87,Envy Salon and Spa,Salons,704 Maple Dr,Suite A,Vidalia,GA,30474,United States,US,(912) 537-9550,envysalonvidalia@gmail.com,,32.20089700,-82.39113600,country_normalized
loc_8ye587v6,Epic Image,Salons,10 forest Falls Road Unit 4,,Yarmouth,ME,04096,United States,US,(207) 899-8677,mrsjellie@hotmail.com,,43.80369800,-70.18394000,country_normalized
loc_pqm8925k,Epic Salon,Salons,1678 Ellington Rd,,Windsor,CT,6074,United States,US,(860) 432-3742,info@epicsalonsw.com,,41.82750800,-72.55752800,country_normalized
loc_n9mz6qz5,Era Extensions Salon,Salons,25415 S. 154th St,,Gilbert,AZ,85298,United States,US,+16022957274,eraextensions@gmail.com,,33.21673300,-111.75074600,country_normalized
loc_7g25kz7q,Eric's Hair Studio,Salons,shop 12/299 old northern rd,,Castle Hill,NSW,2154,Australia,,447744419,ericshairstudio@gmail.com,,-33.73244663,151.00657925,country_inferred
loc_zzpngwww,Erica Joy Hair Artist,Salons,3580 Laurel View Ct,,Laurel,MD,20724,United States,US,(267) 259-5034,erica.ritchie@yahoo.com,,39.10335292,-76.81727214,country_normalized
loc_exy62mpv,Erica Pearl Atelier,Salons,14 Kennedy Road,,Kingston,MA,02364,United States,US,(508) 972-2321,ericam.pearl@gmail.com,,41.98102688,-70.70073116,country_normalized
loc_95rw8qjy,Escape Salon,Salons,123 W Mill St,,Waterloo,IL,62298-1206,United States,US,6189203063,susankohlmeier@gmail.com,,38.33609100,-90.15190400,country_normalized
loc_wyvn2epx,Essence of Aesthetics,Clinics,"1 Cohen Close, Braintree, Essex CM77 8FJ",,,Essex,CM77 8FJ,United Kingdom,United Kingdom,,,,51.85114410,0.56332800,
loc_zzpngg2w,Essencia Skin,Clinics,"2/F SM North Towers, SM North EDSA, QC, Quezon City, Philippines, 1105",,,,,Philippines,PH,,essenciaskincarespa@gmail.com,,14.65635580,121.03329270,country_normalized
loc_jyewmr8e,Essex Body Sculpture,Clinics,Unit B2 East Gores Farm,,Colchester,Essex,CO6 1RZ,United Kingdom,United Kingdom,01206 240555,info@essexbodysculpture.co.uk,http://www.essexbodysculpture.co.uk,51.88316552,0.72892542,
loc_pqm89gnk,Established Hair Studio,Salons,"1210 E 36th St Unit B, Charlotte, NC 28205",,,,,,,(980) 237-4021,,,35.24155774,-80.79801324,
loc_vm9wn27m,Esteem Hair Beauty Spa,Salons,518 High Street,Shop 15 Tattersalls Centre,Penrith,NSW,2750,Australia,AU,0247223250,nikoleta@oratrust.au,,-33.75326162,150.69424062,country_normalized
loc_qzmyvqzy,ESTÉTICO limited,Clinics,123 chesterfield road,,North wingfield,Derbyshire,S42 5LB,United Kingdom,UK,+447554501573,yasmin.woolley@hotmail.co.uk,,53.18915871,-1.38777227,country_normalized
loc_8ye58x26,Estetiese,Clinics,Norderoog 1,,Bremen,Bremen,28259,Germany,Germany,+4916090623273,info@estetiese.de,https://estetiese.de/impressum.html,53.05357869,8.74239143,
loc_69nez5r5,Esthe Clinic,Clinics,"7 Hill Rise, Richmond, TW10 6UQ",,,Richmond,TW10 6UQ,United Kingdom,United Kingdom,,,https://estheclinic.co.uk/,51.45758000,-0.30504998,
loc_57wex8xn,Estique Clinic,Clinics,"No 37, Jalan 5/38D, Taman Sri Sinar, Segambut, 51200 Kuala Lumpur",,,Kuala Lumpur,51200,Malaysia,Malaysia,-7811262,estiqueclinic@gmail.com,https://www.estiqueclinic.net/,3.18888999,101.65281001,
loc_wyvn227x,Eternelle V Aesthetic Clinic & Medispa,Clinics,"101 Irrawaddy Road, Royal Square @ Novena, #13-10/11",,,Novena,329565,Singapore,Singapore,+6567323839,enquire@eternelle-v.com,https://www.eternelle-v.com/,1.32057157,103.84321924,
loc_zzpng6xw,Ethereal Beauty Lounge,Salons,3200 Ingersoll Ave,,Des Moines,IA,50312-3917,United States,US,5152145690,lanebeautybar@outlook.com,,41.58596681,-93.66074153,country_normalized
loc_n9mz6675,Etoile Hair Salon(@),Clinics,台北市內湖區民權東路六段296巷34號1樓,,,,114,Taiwan,TW,02-26305770,,,25.07141078,121.60719924,country_normalized
loc_rkzgqngq,Euphoria Salon,Salons,649 Main St,,Billings,MT,59105-3223,United States,US,4066905113,sam-whitmore@hotmail.com,,45.81092900,-108.47153100,country_normalized
loc_8ye58956,Euphoria Salon,Salons,649 Main St,,Billings,MT,59105-3223,United States,US,4066905113,sam-whitmore@hotmail.com,,45.81092900,-108.47153100,country_normalized
loc_7g25k76q,Euphoria Salon,Salons,649 Main St,,Billings,MT,59105-3223,United States,US,4066905113,sam-whitmore@hotmail.com,,45.81092900,-108.47153100,country_normalized
loc_n9mz67x5,Euphoria Skin Clinic,Clinics,"570A Durham Rd, Low Fell, Gateshead NE9 6HX",,,Gateshead,NE9 6HX,United Kingdom,United Kingdom,7872606231,info@euphoria-skinclinic.co.uk,https://euphoria-skinclinic.co.uk/,54.93515900,-1.59979262,
loc_8ye58756,European Beauty by B,Clinics,3247 Long Beach rd. Oceanside NY 11572,,Oceanside,New York,11572,United States,United States,856-278-3694,,https://europeanbeautybyb.com/,40.63194700,-73.64065300,
loc_jyewmvwe,Evelina Beauty Salon,Salons,5507 Metropolitan Ave,,Ridgewood,NY,11385,United States,US,+13477992329,evelinabeautysalon11@gmail.com,,40.71315200,-73.90855100,country_normalized
loc_n9mz67q5,EverDerm Laser & Beauty Clinic,Clinics,"Budapest, Cserhalom u. 6/E",,,HU,1138,,Europe,,info@everdermlaser.hu,,47.54357001,19.06748602,country_not_a_country
loc_rkzgqj8q,Evergreen Beauty & Wellness,Salons,127 Drew Drive,,Middleton,NH,03887,United States,US,(603) 817-7604,jenniferlyn@me.com,,43.46677200,-71.09904000,country_normalized
loc_g2w9jn97,Everlasting Beauty,Salons,780 Main St,,Baldwin,WI,54002-4535,United States,US,7159280812,jenniferwinger@ymail.com,,44.96655900,-92.37243300,country_normalized
loc_exy6277v,Evolve Salon,Salons,4444 Carlisle Pike Suite D,,Camp Hill,PA,17011,United States,,(717) 458-5508,evolve.dana@gmail.com,,40.23824300,-76.96081200,country_inferred
loc_8ye587e6,Evolve Salon Systems - Chrissy Pike,Clinics,12 Pinehurst Ave,,Methuen,MA,01844,United States,US,(978) 372-3511,chrissyp@evolvesalonsystems.com,,42.72991700,-71.21718117,country_normalized
loc_95rw89xy,Evolve Salon Systems - Christine Nazaka,Clinics,9 Danforth Rd,,Merrimack,NH,03054,United States,US,(603) 930-5910,christinec@evolvesalonsystems.com,,42.84303702,-71.52220117,country_normalized
loc_qzmyve7y,Evolve Salon Systems - Heather M,Clinics,3 Meadow Lane,,Dudley,MA,01571,United States,US,(774) 289-8276,heatherm@evolvesalonsystems.com,,42.05033600,-71.90683100,country_normalized
loc_n9mz6wx5,Evolve Salon Systems - Meredith,Clinics,83106 Butterfly Dr,,Wharton,NJ,07885,United States,US,(551) 286-5156,meredithc@evolvesalonsystems.com,,40.91072110,-74.59081680,country_normalized
loc_n9mz6g75,Evolve.By Kylee,Salons,Shop 7 328 Gympie Road,,Strathpine,QLD,4500,Australia,Australia,,,,-27.30615102,152.98884696,
loc_jyewmj8e,Exalt Salon,Salons,4780 W Integrity Way #23,,Appleton,WI,54913,United States,,920-851-3257,lbentley0723@gmail.com,,44.27207254,-88.47801450,country_inferred
loc_qzmyvw2y,Exclusively Rose,Salons,2748 Duniven Cir,,Amarillo,TX,79109-1621,United States,,8066740542,bovy5659@hotmail.com,,35.19020500,-101.86851400,country_inferred
loc_xpq2e6x6,Experience Beauty Bar,Salons,180 Churchill Lane,,Lincoln,IL,62656,United States,,217-314-0989,ajackson9@hotmail.com,,40.16031658,-89.34338146,country_inferred
loc_57wex5zn,Express Yourself Beauty,Salons,225 Riverdale Circle,,Washington Court House,OH,43160,United States,US,+17406061885,nmallow14@gmail.com,,39.52248300,-83.45229700,country_normalized
loc_69nezxw5,Expressions Hair Studio,Salons,565 Main St,,Reading,MA,01867,United States,US,(857) 998-8372,expressionshairstudio21@gmail.com,,42.52296286,-71.10296206,country_normalized
loc_n9mzgkz5,Extensions of You,Salons,6 Wheeler Place,,Northport,NY,11768,United States,Us,(631) 433-8664,dorian@extensionsofyouny.com,,40.89579364,-73.33425075,country_normalized
loc_57wexxyn,f fashion(@) 關,Clinics,高雄市新興區中山一路6-15號,,,,800,Taiwan,TW,07-2820703,,,22.62437068,120.30197102,country_normalized
loc_m7x8kr7v,Fab Clinics,Clinics,"199 Park Road, Loughborough LE11 2HE",,,Leicester,LE11 2HE,United Kingdom,United Kingdom,01509 400 444,info@fabclinics.com,https://www.fabclinics.com/,52.75860864,-1.20741198,
loc_jyewmree,Face 2 Face Clinic,Clinics,"Face 2 Face Clinic, Greensted green, Ongar, Essex, CM5 9LF",,,Essex,CM5 9LF,United Kingdom,United Kingdom,7368636704,admin@face2faceclinic.co.uk,http://face2faceclinic.co.uk,51.70811001,0.20567003,
loc_7g25kmxq,Face and body,Clinics,"Minsk, Belarus, Ul. Platonova 1B",,,,,Belarus,,375296332121,,https://facebody.by/cosmetology,53.90441302,27.58878989,website_recovered_from_email; email_was_url; country_from_tld
loc_8ye58xg6,Face The Future,Clinics,"141 Newmarket Lane, Wakefield, West Yorkshire, WF3 4BY",,,Wakefield,WF3 4BY,United Kingdom,United Kingdom,+44 0113 282 3300,info@facethefuture.co.uk,https://www.facethefuture.co.uk/contact/,53.72447880,-1.45390238,
loc_m7x8krxv,Facial Plastic Surgery (UK) Ltd,Clinics,8 Chilston Road,,Tunbridge Wells,Kent,TN4 9LT,United Kingdom,UK,+442034179980,jo@dominicbray.com,https://www.dominicbray.com/about/our-team/,51.14062838,0.26362432,country_normalized
loc_xpq2evj6,Facialogy Medical Inc.,Clinics,"17609 Ventura Blvd, Encino, CA 91316",,Encino,CA,91316,United States,United States,,,http://www.facialogy.com/,34.16225597,-118.51661942,state_split_from_postal
loc_xpq2e6n6,Faith & Fellows Hair Salon,Salons,2921 North Center #4,,Maryville,IL,62062,United States,USA,618-205-3775,info@faithandfellows.com,,38.73676347,-89.95721474,country_normalized
loc_g2w9jkx7,Falt,Salons,"Shop 1, 12 Templeton Street",,Castlemaine,VIC,3450,Australia,Australia,,,,-37.06333210,144.21591325,
loc_qzmyvvry,Famicare Bedok Clinic,Clinics,"Blk 158 Bedok South Avenue 3 #01-581, Singapore 460158",,,Bedok,460158,Singapore,Singapore,+65 6442 8373,,http://www.famicare.com.sg/,1.31875216,103.94517030,
loc_qzmyvn6y,Family and Aesthetic Clinic,Clinics,"2791 Green River Road, Suite 103, Corona, CA 92817",,Corona,California,92817,United States,United States,(951) 735-5570,info@famedicalclinic.com,https://www.familyaestheticclinic.com/,33.87185550,-117.62371927,
loc_wyvn2j9x,Faux Hair,Salons,1 McCoy Pl,,Albion Park,NSW,2527,Australia,Australia,,,,-34.57988567,150.77989247,
loc_2mqrgpj9,Feathers on Main Street,Salons,580 Pacific Highway,,Belmont,NSW,2280,Australia,Australia,,,,-33.03651997,151.66027415,
loc_zzpngvrw,Fedora Lounge,Clinics,404 Main St,,Port Jefferson,NY,11777,United States,US,(631) 374-9583,fedoralounge@yahoo.com,,40.94396708,-73.06751197,country_normalized
loc_pqm89gjk,Feral Salon & Social - Diana,Clinics,1419 49th St S,,Gulfport,FL,33707,United States,US,(727) 647-2505,diana@feralsalon.com,,27.75642100,-82.69998000,country_normalized
loc_m7x8k2vv,Fetia Beauty,Salons,1064 Farnsworth Road S,,Rochester,NY,14623-5447,United States,US,+15856902013,harlee823@yahoo.com,,43.06658800,-77.59934500,country_normalized
loc_7g25zqvq,FFINT Clinic,Salons,"Unit 3, Level 2 , Menara FELDA,Platinum Park, No 11, Persiaran KLCC,50088 Kuala Lumpur Malaysia.",,,,,Malaysia,MY,+603 2181 8325,,,3.15547160,101.71858480,country_normalized
loc_yzy8jk8v,Fibroblast Treatment Utah,Clinics,75 Fort Union Blvd,Unit 122,Midvale,Utah,84047,United States,USA,+18018546470,fibroblasttreatmentutah@gmail.com,https://www.facebook.com/fibroblasslc/,40.62105200,-111.88887400,country_normalized
loc_xpq2eyg6,Finding Beauty,Salons,2611 Gilliam Circle,,Talbott,TN,37877,United States,,865-654-2402,findingbeautystudio@gmail.com,,36.15311200,-83.43428800,country_inferred
loc_exy62rvv,Finishing Touches Group,Clinics,"Bridge Road Business Park, Unit 6, Bridge Road, Haywards Heath RH16 1RJ",,Haywards Heath,,RH16 1RJ,United Kingdom,United Kingdom,01444 414744,contact@ftgclinics.com,https://www.finishingtouchesgroup.com/,51.00749836,-0.09597157,
loc_n9mz67v5,Finishing Touches Group (FTG),Clinics,"Unit 6 Bridge Road Business Park, Bridge Road, Haywards Heath, West Sussex, RH16 1TX",,,Sussex,RH16 1TX,United Kingdom,United Kingdom,,2,https://www.ftgclinics.com/,51.00921116,-0.09905092,email_malformed
loc_rkzgqy9q,Finishing Touches Group (FTG),Clinics,,,,London,,United Kingdom,United Kingdom,,,https://www.ftgclinics.com/,51.50740836,-0.12769869,
loc_qzmyv62y,Finn.thesalon,Salons,4 Ormond Road,,East Geelong,VIC,3219,Australia,Australia,,,,-38.15534625,144.37150237,
loc_rkzgqjeq,First Impressions,Salons,208 North Street,,Bristol,CT,06010,United States,US,(860) 583-3221,firstimpressionsalonllc@gmail.com,,41.68163500,-72.94294800,country_normalized
loc_8ye587z6,First Impressions,Salons,10 Main Street,,Bristol,CT,06010,United States,US,(860) 261-5350,firstimpressiononmain@gmail.com,,41.66845683,-72.94288120,country_normalized
loc_7g25k8yq,First Impressions On Main,Salons,10 Main Street,,Bristol,CT,06010,United States,US,(860) 261-5350,firstimpressiononmain@gmail.com,,41.66845683,-72.94288120,country_normalized
loc_pqm899xk,First Light Family Clinic,Clinics,"272 Bukit Batok East Avenue 4, #01-72, Singapore 650272",,,Bukit Batok,650272,Singapore,Singapore,+65 6560 3930,,,1.34872221,103.75817000,
loc_vm9wn86m,Fit'n Shape & Aesthetic Clinic,Clinics,"Miskolc, Kis- Hunyadi u. 52.",,,HU,3525,,Europe,,info@fitnshape.hu,,48.10471789,20.77099477,country_not_a_country
loc_vm9wnxxm,Fitzgerald Private Clinic,Clinics,"Ballsbridge House, Mountain Top, Letterkenny, Co. Donegal",,,Ireland,F92 V8N2,United Kingdom,United Kingdom,+353 74 970 7004,donegal@fitzgeraldprivateclinic.com,https://www.fitzgeraldprivateclinic.com/,55.00312999,-7.72683003,
loc_8ye58776,Fitzgerald Private Clinic,Clinics,"3 Anne’s Lane, Dublin 2, D02 RP76",,,Ireland,D02 RP76,United Kingdom,United Kingdom,+353 1 679 9025,dublin@fitzgeraldprivateclinic.com,https://www.fitzgeraldprivateclinic.com/,53.34074998,-6.25973001,
loc_95rw8vny,Fixr's Salon & Studio (P),Salons,1112 5th St,,Estevan,SK,S4A 0Z4,Canada,,,hairbymarsha2020@gmail.com,,49.14068051,-102.99216874,country_inferred
loc_rkzgqnjq,FLAIR SALON AND SPA,Salons,26011 OAK RIDGE DR,,,TX,77380-1956,United States,77380-1956,2814191900,FLAIRSALONANDSPA@YAHOO.COM,,30.13979940,-95.44811839,zip_recovered_from_country; country_inferred
loc_69nez6x5,Flair Salon and Spa,Salons,"26011 Oak Ridge Dr, The Woodlands, TX 77380",,,,,,,(281) 419-1900,,,30.13964938,-95.44831564,
loc_pqm89gpk,Flawless Aesthetics & Wellness,Salons,"14830 Hull Street Rd N, Chesterfield, VA 23832",,,,,,,,,,37.40336128,-77.68891273,
loc_yzy8jpkv,Flawless Head Spa LLC,Salons,"14830 Hull Street Rd N, Chesterfield, VA 23832",,,,,,,(804) 575-8227,,,37.40336128,-77.68891273,
loc_n9mzgkx5,FLAXEN SALON SUITES,Salons,8242 S HARVARD AVE,,TULSA,OK,74137-1626,United States,US,9186380205,,,36.04369591,-95.94077157,country_normalized
loc_57wex5jn,Flourish Trichology and hair solutions,Salons,875 Bayshore Dr,,Englewood,FL,34223,United States,US,(941) 268-8242,kasie@flourishtricology.com,,26.98480100,-82.37318700,country_normalized
loc_95rw8kjy,Flow Head Spa,Salons,"20830 Torrence Chapel Rd #104, Cornelius, NC 28031",,,,,,,(980) 383-0709,flowheadspanc@gmail.com,,35.48705814,-80.87511325,
loc_8ye58726,FM Studio,Salons,56 Ballou Ave,,Dorchester,MA,02124,United States,US,(617) 818-5405,fabmstyles@gmail.com,,42.28611227,-71.08163196,country_normalized
loc_7g25k8xq,Foiled,Salons,"59 Marina Road, Yarmouth",C/O Tove,Yarmouth,ME,04096,United States,US,(207) 869-5384,foiledmaine@gmail.com,,43.79685500,-70.17911200,country_normalized
loc_69nezze5,Follicle Hair Loss and Scalp Treatment Centre,Clinics,"111 Somerset Rd, #02-38/39, Singapore 238164",,,Orchard Road and Vicinity,238164,Singapore,Singapore,6235 9298,,https://www.follicle.com.sg/,1.30016025,103.83744863,
loc_pqm89grk,Fonda Davis Salon,Salons,256 S Brunswick Street,,Jesup,GA,31546,United States,US,+19123212072,fondadavissalon@gmail.com,,31.60228700,-81.88332700,country_normalized
loc_pqm89v8k,Forever Ageless Aesthetics,Clinics,118 Asfordby Road,,Melton Mowbray,Leicestershire,LE13 0HS,United Kingdom,UK,+447896897446,lesley-williams@live.co.uk,https://foreveragelessaesthetics.com/,52.76681865,-0.89398146,country_normalized
loc_pqm89zmk,Forever You Hair Lounge,Salons,7/21 Reid street,,Wangaratta,VIC,3677,Australia,AU,0402098005,brittbaker89@live.com,,-36.35618618,146.32694938,country_normalized
loc_exy6258v,Formation Hairstylists,Salons,145 Creswick Rd,,Ballarat,VIC,3350,Australia,Australia,,,,-37.55369615,143.85230236,
loc_95rw8vqy,FORTE SALON,Salons,5800 HIDCOTE DR STE 104,,,NE,68516-5536,United States,68516-5536,4022394311,erikastall@outlook.com,,40.73992800,-96.64156000,zip_recovered_from_country; country_inferred
loc_69nez785,Fountain Square Barber Shop,Salons,1115 E. Prospect,,Indianapolis,IN,46203,United States,USA,317-231-0138,matthewthebarber@icloud.com,,39.75218500,-86.13915200,country_normalized
loc_g2w9jz67,Fournier's Barbershop,Salons,410 Central Street,,Franklin,NH,03235,United States,US,(603) 724-5825,jfbarber17@gmail.com,,43.44474600,-71.64505100,country_normalized
loc_zzpngk7w,Frankie,Salons,2A Gordon St,,Glenelg,SA,5045,Australia,Australia,,,,-34.97741573,138.51752227,
loc_wyvn25yx,Frankie Salon,Salons,220 Lakeland Dr,Unit# 570,Sherwood Park,AB,T8H 0N6,Canada,,,niela@frankiesalon.com,http://frankiesalon.com,53.55687747,-113.31918566,country_inferred
loc_zzpng5gw,Freia Aesthetics,Salons,"Suite C-2-3A, Aras 2, Block C, The Five @ KPD, 49, Jalan Dungun",,Kuala Lumpur,Wilayah Persekutuan Kuala Lumpur,50490,Malaysia,Malaysia,03-2011 0596,info@freiaaesthetics.my,https://freiaaesthetics.my/,3.15337403,101.66509188,
loc_57wexxjn,Freia Aesthetics Pte Ltd,Clinics,"252 North Bridge Road, #B2-26, Raffles City Shopping Centre, Singapore 179103",,,Central Business District,179103,Singapore,Singapore,,,https://freiaaesthetics.sg/,1.30382050,103.83094000,
loc_57wexx7n,Freia Aesthetics Pte Ltd,Clinics,435 Orchard Road #19-02 Wisma Atria Office Tower Singapore 238877,,,Orchard Road and Vicinity,238877,Singapore,Singapore,,,https://freiaaesthetics.sg/,1.30382050,103.83094000,
loc_n9mz66j5,Freia Medical,Clinics,"101 Irrawaddy Road, #14-12/13, Royal Square Novena, Singapore 329565",,,Novena,329565,Singapore,Singapore,67358180,,https://freia.sg/,1.32057157,103.84321924,
loc_jyewm52e,Fremont Salon,Salons,6309 66th St,,Lubbock,TX,79424,United States,,8065775054,jennybrogers83@gmail.com,,33.53384500,-101.95443400,country_inferred
loc_2mqrpwr9,Fresh Hair Studio,Salons,7708 Hudson Dr,,Henrico,VA,23229,United States,Us,(804) 647-5607,ssnrvls@yahoo.com,,37.61516437,-77.54242462,country_normalized
loc_zzpng8kw,Freshair Rogers,Salons,4305 S Pleasant Crossing Blvd,,,AR,72758-1347,United States,,479-200-0100,slambidonis@yahoo.com,,36.27920400,-94.14877400,country_inferred
loc_vm9wnxjm,Freshmen Barbershop,Salons,1500 Atwood Ave,,Johnston,RI,2919,United States,US,(401) 212-1690,freshmenbarbershop401@gmail.com,,41.82585711,-71.49973247,country_normalized
loc_8ye586p6,Friday Co Salon,Salons,3 Corio Street,,Belmont,VIC,3216,Australia,Australia,,,,-38.17621625,144.34354236,
loc_xpq2ey26,Friends Hair and Nails,Salons,19877 Mack Ave,,Grosse Pointe Woods,MI,48236,United States,,313-886-2503,merry@friendssalongp.com,,42.43056952,-82.90921358,country_inferred
loc_g2w9jvw7,Fringe Cosmetics,Salons,13677 Artisan circle,,PBG,FL,33418,United States,US,+15613094477,mlis2@aol.com,,26.86903500,-80.12412600,country_normalized
loc_57wexmwn,Fringe Hair & Spa,Clinics,885 Main St Unit 6,,Tewksbury,MA,01876,United States,US,(978) 430-1061,tim.pyrcz@gmail.com,,42.61366000,-71.24003700,country_normalized
loc_rkzgq6vq,Fringe Salon,Salons,311 Topaz Court,,Ames,IA,50010,United States,US,+15152901241,kirkpatrickrebecca7@gmail.com,,41.99723200,-93.60723600,country_normalized
loc_k6mzxgrq,Fringe Salon,Salons,12689 Shelbyville Rd,Suite 15,Louisville,KY,40243,United States,US,+15027582011,fringesalonky@yahoo.com,,38.24505500,-85.51920500,country_normalized
loc_yzy8jp5v,Frost Salon,Salons,"5075 Peachtree Pkwy Ste 103, Peachtree Corners,",,,GA,30092,United States,,770-680-4549,frostsalon@gmail.com,,33.98495532,-84.21446053,state_split_from_postal; country_inferred
loc_8ye587x6,FTT Skin Clinics,Clinics,"25 Bothwell Road, Hamilton, Lanarkshire, ML3 0AS",,,Scotland,ML3 0AS,United Kingdom,United Kingdom,+44 01698 458954,info@francesturnertraill.co.uk,https://www.francesturnertraill.co.uk/,55.78053914,-4.04546663,
loc_wyvnjmmx,Fuego Studio,Salons,7 Griffith Street,,Coolangatta,QLD,4225,Australia,,466673599,hello.fuegostudio@gmail.com,,-28.16866462,153.53937252,country_inferred
loc_57wex5qn,Full Bloom,Salons,181 Pittman dr,,Rincon,GA,31326,United States,US,(773) 766-8202,meq528@icloud.com,,32.24643800,-81.23274800,country_normalized
loc_2mqrge79,Full Bloom Salon & Dry Bar,Salons,105 Grand Central Blvd,,Pooler,GA,31322,United States,US,(912) 346-6021,hannah.sikes@fullbloomsalonanddrybar.com,,32.13424300,-81.25609600,country_normalized
loc_exy6596v,Full Circle Salon,Salons,1240 Victory Hwy,,N. Smithsfield,RI,2896,United States,Us,(401) 767-0083,kaitryanx88@gmail.com,,41.99887100,-71.59498000,country_normalized
loc_8ye58jx6,Functional Health Coach,Clinics,"1421 16th St.,",#6,SANTA MONICA,California,90404,United States,USA,#ERROR!,tely@earthlink.net,,34.02546400,-118.48336300,country_normalized
loc_pqm8997k,Fundamental Aesthetic,Clinics,"Block 11 Jalan Bukit Merah, #03-4460",,,Bukit Merah,150011,Singapore,Singapore,83685739,,,1.28662189,103.80896332,
loc_95rw879y,Fuse Gallery Hair.Skin.Body,Salons,176 Vincent St,,Cessnock,NSW,2325,Australia,AU,249914247,admin@fusegallery.com.au,,-32.83838254,151.35596325,country_normalized
loc_95rw89ey,Fusion Hair & Co,Salons,385 south broadway,,Salem,NH,03079,United States,US,(978) 372-3511,hello@fusionsalonexperience.com,,42.75145741,-71.20583799,country_normalized
loc_k6mzxpmq,Fusion Hairdressing,Salons,325 Elizabeth Street,,North Hobart,TAS,7000,Australia,Australia,,,,-42.87360971,147.31649700,
loc_8ye588g6,Fusion Medical,Clinics,"501 Orchard Rd #04-11, Wheelock Place, Singapore 238880",,,Orchard Road and Vicinity,238880,Singapore,Singapore,+65 6235 1512,wheelock@fusionmedical.com.sg,https://www.fusionmedical.com.sg/,1.30453636,103.83071419,
loc_rkzgqqvq,Fusion Medical,Clinics,"1 Fusionopolis Link, #01-05 Nexus @ One-North, Singapore 138542",,,Fusionopolis,138542,Singapore,Singapore,+65 6250 6548,nexus@fusionmedical.com.sg,https://www.fusionmedical.com.sg/,1.29916213,103.78917005,
loc_7g25k9mq,Fusion Salon,Salons,1301 Herr Lane,,Louisville,KY,40222,United States,,502-429-9476,fusionsalon150@gmail.com,,38.26846270,-85.61331403,country_inferred
loc_2mqrgkj9,Fusion Salon,Salons,77 West State Rd,,Newaygo,MI,49337,United States,,231-225-6028 Cell,jamie_deboer@yahoo.com,,43.41917114,-85.80121406,country_inferred
loc_jyewqkke,Fuz,Salons,Fuz,,Byron Bay,NSW,2481,Australia,Australia,,,,-28.64433470,153.61470760,
loc_rkzgqq5q,G-ME,Clinics,台南市北區西門路3段197號,,,,704,Taiwan,TW,06-2222363,,,23.00437691,120.20419694,country_normalized
loc_yzy8jgkv,G1 Intézet,Clinics,"Budapest, Lajos u. 74-76, III emelet",,,HU,1036,,Europe,,info@g1intezet.hu,,47.53109779,19.03966312,country_not_a_country
loc_g2w9jk57,Gaia Studio Pty Ltd,Salons,"Shop 103, 5 Main Street",,Point Cook,VIC,3030,Australia,AU,370645273,info@gaiastudio.com.au,,-37.88151562,144.73504724,country_normalized
loc_k6mzxw8q,Gail Grantham,Salons,5817 Brier Cliff Rd,,Knoxville,TN,37918,United States,US,856-387-6791,Moorestyles4u@gmail.com,,36.05336071,-83.91931444,country_normalized
loc_jyewm5ne,Garbo A Salon,Salons,"7739 Northcross Drive Suite K, Austin TX 78757",,,,,,,512-458-4162,,,30.35604974,-97.73601601,
loc_qzmyv6qy,Gaye's Hair Fashions,Salons,1 Ferguson Street,,North Ipswich,QLD,4305,Australia,Australia,,,,-27.59959452,152.76234250,
loc_vm9w2rmm,Gemelle Salon,Salons,875 Mantua Pike,,Woodbury,NJ,8096,United States,Us,609-238-3570,gemellesalon@yahoo.com,,39.81953600,-75.16393200,country_normalized
loc_57wex58n,Gemini Salon and Spa,Salons,"545 Wellington Square, Exton, PA",,,,,,,610-458-8809,geminisalonspaeagle@gmail.com,http://geminihairdesignstudiospa.com,40.06198298,-75.68352099,
loc_8ye586e6,Gen.re Hair - TAS,Salons,125 Collins Street,,Hobart,TAS,7000,Australia,Australia,,,,-42.88386703,147.32642241,
loc_rkzgqnpq,Gene MarieZ Salon,Salons,9729 Menaul Blvd NE,,Albuquerque,NM,87112,United States,,505-261-1472,Martenjcmm@aol.com,http://Www.GeneMarieZSalon.com,35.10935075,-106.53198491,state_split_from_postal; country_inferred
loc_95rw8q7y,Generations,Salons,721 East Maple Street,,Nicholasville,KY,40356,United States,,859-227-0871,ridesalot48@qx.net,,37.87624300,-84.56132000,country_inferred
loc_57wex69n,Genesis Salon (P),Salons,Bay 7 3109 Palliser Drive SW,,Calgary,AB,T2V 4W5,Canada,,,kerriwinsor2@shaw.ca,https://genesissalon.ca/,50.97835092,-114.13018699,country_inferred
loc_rkzgqmzq,George Ryan Salon,Salons,10800 N Military Trail Unit 212,,Palm Beach Gardens,FL,33410,United States,US,(561) 644-7770,dawnh@evolvesalonsystems.com,,26.83606300,-80.10490200,country_normalized
loc_57wexg2n,Georgina Long Hairstylist,Salons,40 Birmingham road,,Mount Evelyn,VIC,3796,Australia,Australia,,,,-37.78468619,145.37720238,
loc_pqm8zx7k,GINA PAAR,Salons,6984 MEADOW CIR,,HUGO,MN,55038-8799,United States,US,6127472941,gpaar4@gmail.com,,45.15965369,-93.05403604,country_normalized
loc_k6mzxprq,Ginger & Spice Hair.Body.Fashion PTY LTD,Salons,Unit 11C 13 Norman Street,,Wooloowin,QLD,4030,Australia,AU,452138865,melinda@gingerandspicehair.com,,-27.41835745,153.03656925,country_normalized
loc_qzmyv87y,Ginger Vine,Salons,"4605 Freret St, New Orleans",,,LA,70605,United States,,(337) 497-9499,allison_everage@yahoo.com,,29.93519490,-90.10553148,country_inferred
loc_yzy8j95v,Giovanni & Pileggi Salon - PR,Salons,815 Darien St,,Philadelphia,PA,19147,United States,,(215) 568-3040,gm.1701@yahoo.com; joec1204@yahoo.com,,40.00753655,-75.14238123,email_multivalue; country_inferred
loc_vm9wn69m,Girl Friday,Salons,412 E Front St,,Bloomington,IL,61701,United States,USA,(309) 319-0143,girlfridaybloomington@gmail.com,,40.47906632,-88.98891458,country_normalized
loc_k6mzxq7q,Glace - Toni,Clinics,269 Twin Fawn Drive,,Hanover,MA,02339,United States,US,(781) 635-3131,tldewitt2@verizon.net,,42.11972690,-70.83670116,country_normalized
loc_2mqrg6z9,Glam Extension,Salons,6535 82nd St,,Lubbock,TX,79424,United States,US,8064015460,kristalbhill@gmail.com,,33.51934200,-101.96042800,country_normalized
loc_k6mzx7wq,GLAM HAIR SPA,Salons,1806 S MAIN ST,,,OK,74012-6503,United States,74012-6503,9189286607,chappell1906@icloud.com,,36.03415305,-95.79094291,zip_recovered_from_country; country_inferred
loc_57wex86n,Glam Room Hair Spa,Salons,"Ignacego Paderewskiego 8, 43-600 Jaworzno",,,,,Poland,https://salonfryzjerskiglamroom.pl/,799961633,justynawilgucka@poczta.fm,https://salonfryzjerskiglamroom.pl/,50.20494782,19.27060041,website_recovered_from_country; phone_comma_stripped; country_from_tld
loc_95rw87gy,Glamorous Hair,Salons,23 Sheppard Road,,Emu Plains,NSW,2750,Australia,Australia,,,,-33.75184553,150.66930247,
loc_xpq2eyn6,Glamour Grace Salon,Salons,1415 W Ave A,,Belle Glade,FL,33430,United States,US,(561) 914-6546,glamourgracehairsalon@gmail.com,,26.68622500,-80.68222500,country_normalized
loc_qzmyvqky,Global vision Ltd,Clinics,"14, kings college road",,Ruislip,Greater London,HA4 8BH,United Kingdom,UK,#ERROR!,info@globalvisionhealth.co.uk,,51.57943099,-0.41706867,country_normalized
loc_95rw896y,GLOW AESTHETICS MEDICAL SPA,Clinics,41 IDX Drive,Suite 230,South Burlington,Vermont,5403,United States,USA,+18023385603,alekseyj@glowmedspavt.com,https://glowmedspavt.com/,44.43372600,-73.20968100,country_normalized
loc_2mqrg6r9,Glow Me Esthetics By Amy,Salons,4602 E. Fairbrook Cir,,Mesa,AZ,85205,United States,US,+14804407285,glowmeesthetics@gmail.com,,33.43692500,-111.73171000,country_normalized
loc_k6mzxrwq,GnR skin and Heart clinic,Clinics,"A 107 (Basement), Amar Colony, Lajpat Nagar IV, New Delhi - 110024",,,New Delhi,110024,India,India,00-91-9971134560,,http://everyoungskinandheartclinic.in/,28.56114679,77.24171266,
loc_yzy8jj9v,Go_on,Salons,台北市大安區敦化南路一段177巷20號1樓,,台北市,大安區,106,Taiwan,,02-27799595,,,25.04299098,121.55016898,country_inferred
loc_k6mzxqxq,Goddess hair and skin clinic,Salons,32 hampden street,32,Liverpool,,L4 5tz,United Kingdom,UK,+447841475198,leeannesmith3@icloud.com,,53.44439510,-2.96702877,country_normalized
loc_57wexkkn,Gold Skin Care Center,Clinics,"Gold Skin Care Center, 2000 Richard Jones Rd #220, Nashville TN 37215",,Nashville,Tennessee,37215,United States,United States,615-383-2400,,https://goldskincare.com/,36.10489898,-86.80970604,
loc_m7x8k2nv,Golden and Green Hair Co,Salons,"District Midtown, 500 Congaree Rd Unit 2103, Greenville, SC 29607",,,,,,,(864) 807-1838,goldengreenhair@yahoo.com,,34.84857095,-82.32921349,
loc_95rw87zy,Golden Collective Hair,Salons,48 Waghorn St,,Ipswich,QLD,4305,Australia,Australia,,,,-27.61824452,152.75386250,
loc_k6mzxggq,Golden Girl Salon - Kristie,Salons,3036 Healthy Way Suite 119,,Vestavia,AL,35243,United States,United States,205 790 7867,kmn0471@gmail.com,,33.42993514,-86.73557547,
loc_2mqrg2y9,Golden Rose Esztétikai és Orvosi Központ,Clinics,"Tatabánya, Magyary Zoltán II/C.",,,HU,2800,,Europe,,goldenrosekft@gmail.com,,-33.26896655,149.08666924,country_not_a_country
loc_jyewmr7e,Golden Rose Medical Center,Clinics,Antall József street 20,,Tatabánya,Tatabánya,2800,Hungary,Hungary,+36209510743,nosekzita@yahoo.com,https://goldenrose-aesthetics.hu/,47.57055299,18.41918001,
loc_yzy8jk6v,Goldenrod,Salons,141 E 6th St,,,NE,68025-5029,United States,,4027190092,kaylaj.stylist@gmail.com,,41.43465986,-96.49680074,country_inferred
loc_xpq2eyz6,Goldenrod Parlor,Salons,"220 NW 8th Ave Suite 50, Gainesville, FL 32601",,,,,,,(352) 309-1527,,,29.66004859,-82.32741349,
loc_xpq2e7q6,Goode Hair Studio,Salons,1215 Main St unit 116 Tewksbury,,,MA,01876,United States,US,978.710.5864,goodehairstudio@gmail.com,,42.60681100,-71.22759900,country_normalized
loc_rkzgq6kq,Gospel and Beauty- Tori,Salons,234 Keyser Ave #C,,Natchitoches,LA,71457,United States,United States,318 228 7229,tori.thomas03@yahoo.com,,31.75391325,-93.08411588,
loc_rkzgqjyq,Gower Skin Aesthetics,Clinics,24 Pennard Road,Kittle,Swansea,Wales,SA3 3JG,United Kingdom,UK,#ERROR!,info@gowerskinaesthetics.com,https://www.gowerskinaesthetics.com/,51.58416845,-4.06024665,country_normalized
loc_n9mz6rx5,Gr8Skin MedSpa,Clinics,"2805 Campus Drive, Suite 475, Plymouth MN 55441",,Plymouth,MN,55441,United States,United States,,,https://www.mygr8skin.com/,45.01082500,-93.45404597,state_split_from_postal
loc_exy62pjv,Gracie's Salon - SHOP,Salons,701 E Boston St.,,Covington,LA,70433,United States,United States,985 400 5504,ecangi@graciesla.com,,30.47611617,-90.09176427,
loc_pqm899zk,Grand Socie Mikage,Salons,Mikage Classe 3F,3-2-1 Mikage Nakamachi,Kobe-shi,Hyogo,658-0054,Japan,JP,078-858-6136,,https://hair.socie.jp/shop/gs_mikage/,34.71557628,135.25514997,country_normalized
loc_57wexgen,Grand Socie Shin-Yokohama,Salons,Cubic Plaza Shin-Yokohama 7F,2-100-45 Shin-Yokohama,Yokohama-shi,Kanagawa,222-0033,Japan,JP,045-478-6136,,https://hair.socie.jp/shop/gs_shinyokohama/,35.50760557,139.61724703,country_normalized
loc_xpq2e7x6,Green Goddess Beauty Bar,Clinics,200 Manville Hill Rd Apt 81,,Cumberland,RI,02864,United States,US,(401) 636-8707,ashleystyles4994@gmail.com,,41.97657000,-71.46077600,country_normalized
loc_g2w9jer7,GREEN ROOM SALON,Salons,924 1/2 MASSACHUSETTS ST,,,KS,66044-2868,United States,66044-2868,7857491460,greenroomsalon@gmail.com,,38.96705789,-95.23579389,zip_recovered_from_country; country_inferred
loc_2mqrg2j9,Grich Clinic,Clinics,"942 / 137.1 and. 6 Charn Issara Tower 1, 5th Floor, Suriyawong",,,Bangkok,10500,Thailand,Thailand,"026524235 ,0942544944 , 0942544959",,http://www.doctorgrichclinic.com,13.73043225,100.53365165,
loc_rkzgq75q,Grindstone Barbers - Williamstown,Salons,Shop 83/83-85 Ferguson Street,,Williamstown,VIC,3016,Australia,Australia,,,,-37.85910198,144.89739400,
loc_69nezmq5,Grindstone Barbers Waurn Ponds Pty. Ltd,Salons,"Shop 937, 173 Pioneer Road",,Waurn Ponds,VIC,3216,Australia,Australia,,,,-38.19877857,144.31590684,
loc_pqm896xk,Growth Hair Studio,Salons,"314 Henrietta St, West Orange,",,,TX,77630,United States,,(409) 920-2259,thatmadiisongirl@gmail.com,,30.09278493,-93.75957154,state_split_from_postal; country_inferred
loc_exy62p2v,Guys and Gals,Salons,22 Saratoga Dr,,Batesville,IN,47006,United States,USA,812-934-2544,Ggqsalon@gmail.com,,39.31276441,-85.21251396,country_normalized
loc_k6mzxq2q,Gypsy Roots,Salons,289 Arah St,,Manchester,NH,3104,United States,US,(603) 674-2356,gypsyrootsnh@gmail.com,,43.02139379,-71.45553669,country_normalized
loc_57wexmrn,H Salon,Salons,75 Hillside Road,,Fairfield,CT,6824,United States,US,(203) 255-0798,hsalon@hsalonfairfield.com,,41.16153000,-73.28387600,country_normalized
loc_g2w9jzg7,H Salon/Fairfield,Salons,75 Hillside Road,,Fairfield,CT,06824,United States,US,(203) 255-0798,hsalon@hsalonfairfield.com,,41.17363675,-73.28669120,country_normalized
loc_g2w9jjy7,H.h髮 彰化(V+)(@),Clinics,彰化縣員林市新興街97號,,,,510,Taiwan,TW,04-8366526,,,23.96039257,120.57197545,country_normalized
loc_jyewmq5e,H&L Salon - Kareela,Salons,"Shop 1, 1 Freya Street Kareela Village",,Kareela,NSW,2232,Australia,AU,0295283125,leon@hlsalon.com.au,,-34.01749919,151.08069312,country_normalized
loc_7g25k9jq,HABA SALON,Salons,212 E MARKET ST,,,IA,52245-2163,United States,52245-2163,3196315227,CASABOOGA@YAHOO.COM,,41.66366220,-91.53287973,zip_recovered_from_country; country_inferred
loc_2mqrg2v9,HADA Aesthetics,Clinics,"76 Leigh Rd, Leigh-On-Sea SS9 1BZ",,Leigh-On-Sea,,SS9 1BZ,United Kingdom,United Kingdom,7484845982,jason@microscalpessex.co.uk,https://www.microscalpessex.co.uk/,51.54332844,0.66781094,
loc_m7x8kkev,Hadairoha Clinic,Clinics,,,Osaka,,,Japan,Japan,,,https://hadairoha.com/,34.69375568,135.50145222,
loc_wyvn25rx,Hair @ 360 (R),Salons,208 Main St N,,Dauphin,MB,R7N 1C4,Canada,,,mstoke@goinet.ca,,51.15083805,-100.04816392,country_inferred
loc_7g25kz2q,Hair @ Twentyone,Salons,70 B Bair Street,,Leongatha,VIC,3953,Australia,Australia,,,,-38.47961630,145.94723239,
loc_57wexgvn,Hair & Halo Studio,Salons,161 View Street,,BENDIGO,VIC,3550,Australia,,473731789,hairandhalo.studio@gmail.com,,-36.75662060,144.27488224,country_inferred
loc_57wexg5n,Hair & Soul,Salons,313 Malabar Road,,Maroubra,NSW,2035,Australia,,406811692,vaniki2035@gmail.com,,-33.93874099,151.25756905,country_inferred
loc_rkzgqmjq,Hair 2 Dye For,Salons,113 byron street,Abracadabra Salon,Chesapeake,VA,23323,United States,US,+17577772564,cheyenne_rahne@yahoo.com,,36.76151000,-76.25197500,country_normalized
loc_pqm89wgk,Hair and lashes Kayla Morrison,Salons,873 Liberty st ne,Essence hair studio,Salem,OR,97301,United States,US,+13303235249,knmorrison15@gmail.com,,44.94850900,-123.03480100,country_normalized
loc_xpq2e7m6,Hair Appointments,Salons,1547 Vermont Route 105,,Jay,VT,5859,United States,US,(802) 988-9816,hairappttracey@yahoo.com,,44.97040737,-72.45196119,country_normalized
loc_g2w9jve7,Hair Architecture,Salons,12107 Erika Marie Court,,Midlothian,VA,23112,United States,US,(804) 437-1020,hairarchitecture@gmail.com,,37.40270100,-77.61424400,country_normalized
loc_jyewmp9e,Hair Architecture,Salons,"200 Central Ave Unit A, Hilton Head Island",,,SC,29926,United States,,(804) 437-1020,hairarchitecture@gmail.com,,32.21305278,-80.72551323,state_split_from_postal; country_inferred
loc_69nezzz5,Hair At The Memo,Salons,119 Todd Street,,Alice Springs,NT,870,Canada,,409763835,sal_gordon@yahoo.com.au,,-23.70399217,133.88100275,country_inferred
loc_95rw8qwy,Hair Bar - SHOP,Salons,123 South Drive,,Natchitoches,LA,71457,United States,United States,13183521735,lesha@hairbar.net,,31.72926012,-93.07248486,
loc_pqm89p7k,Hair Benders (Retail),Salons,#106 120-2nd Ave NE,,Airdrie,AB,T4B 2N2,Canada,,,Hairbenders@shaw.ca,http://Www.hairbenders.ca,51.29384040,-114.01218680,country_inferred
loc_95rw892y,Hair by Alicia,Salons,Alicia Russo,573 Newfield Street,Middletown,CT,06457,United States,US,(203) 443-3568,aliciarusso03@gmail.com,,41.57458700,-72.67241600,country_normalized
loc_69nezxj5,HAIR BY AMBAR MARTE LLC,Salons,122 Greenwood Ave,1fl,East Orange,NJ,7017,United States,US,+12016809352,amber2727@icloud.com,,40.76101600,-74.20005800,country_normalized
loc_pqm89pqk,Hair By Barbara,Salons,14429 Miller Blvd,,Edmonton,AB,T5Y 0L4,Canada,,,bchristen@shaw.ca,,53.60787831,-113.41418582,country_inferred
loc_pqm89gek,Hair by Becky Beckman,Salons,444 NE 27th Circle,,Boca Raton,FL,33431,United States,US,+15617614605,bellahairboca2@gmail.com,,26.37416100,-80.07850100,country_normalized
loc_qzmyv6ny,Hair by Caitlin Annalise,Salons,8 Huntingdon Pde,,Cambridge Gardens,NSW,2747,Australia,Australia,,,,-33.73718553,150.72420247,
loc_xpq2e7w6,Hair by Christine & Co.,Clinics,290 Highland Ave,,Somerville,MA,02144,United States,US,(617) 776-6470,christine@hairbychristineandco.com,,42.39214695,-71.11270117,country_normalized
loc_69nez895,Hair By Crystal,Salons,6666 Sawmill Road,Suite 31,Columbus,OH,43235,United States,,314-506-5660,crystalbstylin@yahoo.com,,40.10306570,-83.08931361,country_inferred
loc_qzmyv6py,Hair By I,Salons,Unit 6/2-8 Newstead Drive,,Doreen,VIC,3754,Australia,Australia,,,,-37.58758016,145.12611392,
loc_m7x8kvgv,Hair By Ivana,Salons,9370 Simpson Drive,,Edmonton,AB,T6R0T8,Canada,,,hairbyivana3@gmail.com,https://www.hairbyivana.net/,53.43687551,-113.58418610,country_inferred
loc_7g25ke8q,Hair by J. Berg,Salons,5034 Delridge Way SW,Unit C,Seattle,WA,98106,United States,US,+17739361391,jberg180@gmail.com,,47.55630700,-122.36242700,country_normalized
loc_jyewmpke,Hair By Jessica,Salons,"1659 Walden Pond Road Suwanee,",,Suwanee,GA,30024,United States,,(404) 234-4000,hairgirljessrice@gmail.com,,34.01700904,-84.09366922,state_split_from_postal; country_inferred
loc_yzy8j9yv,Hair by Jilly Doo,Salons,18 Rye St.,,Seekonk,MA,02771,United States,US,(774) 766-1246,jill@hairbyjillydoo.com,,41.84438562,-71.33539556,country_normalized
loc_zzpngw9w,Hair by Jordan M,Salons,"6601 Old Monroe Rd ste.2, Indian Trail, NC 28079",,,,,,,(704) 247-7502,jordan@hairbyjordanm.com,,35.04885742,-80.64681321,
loc_pqm89zwk,Hair by Lea,Salons,5 Upfield lane,,Catherine Field,NSW,2557,Australia,,448949943,smith.leanne73@gmail.com,,-33.99420456,150.75944425,country_inferred
loc_wyvn2qwx,Hair by Lisa,Salons,3446 Ballard-Red Sulphur Pkwy,,Peterstown,WV,24963,United States,US,+15405995223,griffithwvmom@yahoo.com,,37.43854900,-80.78022900,country_normalized
loc_k6mzx76q,Hair By Manda Kay,Salons,2816 North Fairfield Road,Suite 2,Layton,UT,84041,United States,US,+18019417894,hairbymandakay@gmail.com,,41.10071700,-111.94958100,country_normalized
loc_n9mz6qx5,Hair By Maxine King,Salons,2112 Milne Dr NE,,Calgary,AB,T2E 6B8,Canada,,,Hairbymaxine_arbonne@gmail.com,http://Www.hairbymaxine.ca,51.06083658,-114.01018680,country_inferred
loc_zzpngwyw,Hair by Mendy,Salons,342 Mountain View drive,,Cumberland,MD,21502,United States,US,+13018763593,mendyh@live.com,,39.65559800,-78.77308600,country_normalized
loc_yzy8jxpv,Hair By Natalee,Salons,114/2 Delma Drive,,Eastgardens,NSW,2036,Australia,Australia,,,,-33.94104153,151.22553845,
loc_wyvn268x,"Hair By Riley Craig, LLC",Salons,1248 South Grand Ave W,Unit 2,Springfield,IL,62704,United States,,217-565-0415,riley@hairbyrileycraig.com,,39.78651652,-89.67364147,country_inferred
loc_pqm896qk,HAIR BY SHAI,Salons,4114 S LONE PINE AVE,,,MO,65804-6646,United States,65804-6646,4172240386,SHAIDAWN@YAHOO.COM,,37.13825465,-93.23774756,zip_recovered_from_country; country_inferred
loc_8ye58k86,Hair by Sharlene,Salons,1991 Sproul Road,Suite 102A,Broomall,PA,19008,United States,,(610) 635-8796,sharlene@hairbysharlene.com,,39.96491393,-75.35806095,country_inferred
loc_wyvn2zxx,Hair by Tricia @ Sage on Whitney,Salons,3208 Whitney Avenue,Unit 1A,Hamden,CT,06518,United States,US,(203) 915-6413,triciav.sage@gmail.com,,41.41149500,-72.90182000,country_normalized
loc_k6mzxwqq,Hair by Tyler,Salons,432 las gaviotas blvd,,Chesapeake,VA,23322,United States,US,+13214468538,hairbytylergerick@yahoo.com,,36.71050300,-76.28919000,country_normalized
loc_8ye58696,Hair By Vizual,Salons,373 Port Hacking Road,,Caringbah,NSW,2229,Australia,,295403199,hairbyvizual.caringbah@gmail.com,,-34.04436656,151.12308325,country_inferred
loc_xpq2e5k6,Hair by Yezee,Salons,6/282 princes hwy,,Sylvania,NSW,2224,Australia,Australia,,,,-34.01452077,151.09461647,
loc_2mqrgem9,Hair Camistry LLC,Salons,5889 Morganwood Square,,Hilliard,OH,43026,United States,,614-230-8146,cami.r.rice@gmail.com,http://Camryn Rice,40.01878208,-83.17651276,country_inferred
loc_69nez8x5,Hair Chair,Salons,565 Cedar Rd Sola Salon Ste 24,,Chesapeake,VA,23322,United States,US,(252) 548-0426,kehairchair@gmail.com,,36.71121500,-76.25663900,country_normalized
loc_pqm89zxk,Hair Cutting Garden Jacques Moisant Kintetsu Nara,Salons,Kintetsu Department Store Nara 6F,2-4-1 Saidaiji Higashi-machi,Nara-shi,Nara,631-0821,Japan,JP,0742-36-3447,,https://hair.socie.jp/shop/jm_nara/,34.69510461,135.78507434,country_normalized
loc_zzpngggw,Hair Cutting Garden Jacques Moisant Matsuyama,Salons,Iyotetsu Takashimaya 7F,5-1-1 Minato-machi,Matsuyama-shi,Ehime,790-8587,Japan,JP,089-986-3215,,https://hair.socie.jp/shop/jm_matsuyama/,33.83568406,132.76278562,country_normalized
loc_m7x8ke8v,Hair Cutting Garden Jacques Moisant Omiya,Salons,Sogo Omiya 11F,1-6-2 Sakuragi-cho,Saitama-shi,Saitama,330-0854,Japan,JP,048-645-7024,,https://hair.socie.jp/shop/jm_omiya/,35.90470330,139.62208557,country_normalized
loc_n9mz6g85,Hair Cutting Garden Jacques Moisant Shinjuku Takashimaya,Salons,Shinjuku Takashimaya Times Square 12F,5-24-2 Sendagaya,Shibuya-ku,Tokyo,151-8580,Japan,JP,03-5361-3373,,https://hair.socie.jp/shop/jm_shinjuku/,35.68762910,139.70254810,country_normalized
loc_wyvn22jx,Hair Cutting Garden Jacques Moisant Umeda,Salons,TAG Chayamachi 3F,13-6 Chayamachi,Osaka-shi,Osaka,530-0013,Japan,JP,06-6147-4136,,https://hair.socie.jp/shop/jm_umeda/,34.70744885,135.49840362,country_normalized
loc_zzpngknw,Hair Cutting Garden Jacques Moisant Yokohama,Salons,Yokohama East Square 1F,1-4 Kinko-cho,Yokohama-shi,Kanagawa,221-0056,Japan,JP,045-465-2374,,https://hair.socie.jp/shop/jm_yokohama/,35.46746095,139.62592557,country_normalized
loc_57wexnxn,Hair Dreams Boutique Salon,Salons,1147 S Fair Oaks Ave,A,Pasadena,CA,91105,United States,US,+16263534765,helenhairdreams@gmail.com,,34.12610000,-118.15052000,country_normalized
loc_jyewm58e,Hair Embers,Salons,2409 11th St,,Columbus,NE,68601-5721,United States,US,4029201493,katie_ann_10@hotmail.com,,41.42706300,-97.35752300,country_normalized
loc_pqm89g2k,Hair Envisions by Alexander,Salons,Symmetry Salon Studios,2603 Housley RD,Annapolis,MD,21401,United States,US,(443) 336-0871,awesty49@gmail.com,,38.98923285,-76.55681899,country_normalized
loc_vm9wnxmm,Hair Expressions by Robyn,Salons,701 Millbrook Rd,,Brick,NJ,08724,United States,,(732) 375-1444,hairexpressionsbyrobyn@gmail.com,,40.11231657,-74.11922121,country_inferred
loc_exy62mxv,Hair Expressions by Robyn,Salons,2007 rt 35,Suite 8,Wall,NJ,07719,United States,,,,,40.15266013,-74.05717730,state_split_from_postal; country_inferred
loc_95rw8v7y,HAIR EXTENSION LAB AND SALON,Salons,9225 WARD PKWY,,,MO,64114-3336,United States,64114-3336,8163086570,aje.hair22@gmail.com,,38.96071446,-94.60014708,zip_recovered_from_country; country_inferred
loc_57wex6mn,Hair Extensions Of Houston,Salons,5513 Louetta Rd Ste A,,Spring,TX,77379-7875,United States,,8327173626,mcleod.brendajoan@gmail.com,,30.03435900,-95.49804800,country_inferred
loc_2mqrggj9,Hair Garden安和,Salons,台北市大安區安和路一段21巷14號1樓,,台北市,大安區,106,Taiwan,,02-27739913,,,25.03937029,121.55111580,country_inferred
loc_wyvn2qvx,Hair House,Salons,6588 W. Atlantic Ave,,Delray Beach,FL,33446,United States,US,(561) 332-3987,hlobasso3030@gmail.com,,26.45369317,-80.14841615,country_normalized
loc_vm9wnxem,Hair I Am,Clinics,864 Farmington Ave,,Bristol,CT,06010,United States,US,(860) 584-9641,lkriwitsky@gmail.com,,41.69336200,-72.91445700,country_normalized
loc_zzpng56w,Hair Id,Salons,"Leoforos Dimokratias 8, 15127, Melissia, Athens",,,,,Greece,Greece,0030 2108046227,hairidvangelis@gmail.com,https://hairidbyvangeliskorkidis.com,38.05102041,23.83391896,
loc_pqm8967k,Hair Illusions,Salons,259 Us Highway 60 W,,Republic,MO,65738-1432,United States,US,4177322140,dbwoolhiser@live.com,,37.11463557,-93.47722557,country_normalized
loc_yzy8j6wv,Hair Illusions,Salons,259 Us Highway 60 W,,Republic,MO,65738-1432,United States,US,4177322140,dbwoolhiser@live.com,,37.11463557,-93.47722557,country_normalized
loc_wyvn26gx,Hair Illusions,Salons,259 Us Highway 60 W,,Republic,MO,65738-1432,United States,US,4177322140,dbwoolhiser@live.com,,37.11463557,-93.47722557,country_normalized
loc_69nezxk5,Hair In Harmony,Salons,15 Digital Way,,Maynard,MA,01754,United States,US,(978) 897-7500,hairinharmony1@gmail.com,,42.42007695,-71.45115117,country_normalized
loc_qzmyvepy,Hair in the City,Salons,303 Amherst st Suite 2,,Nashua,NH,3063,United States,US,(603) 493-2735,bmmaem@hotmail.com,,42.78053800,-71.49919100,country_normalized
loc_k6mzx7qq,Hair Industry Salon,Salons,105 N Parking Pl,,Lake Jackson,TX,77566-5204,United States,,9792972887,lorenagrubb@yahoo.com,,29.04217800,-95.44867100,country_inferred
loc_exy627nv,"Hair Innovations, LLC",Salons,13030 Rose Glen Dr.,,Midlothian,VA,23112,United States,US,(804) 306-5028,gethairnow@mail.com,,37.43247846,-77.64013443,country_normalized
loc_k6mzxgmq,Hair It Is,Salons,105 E 3rd St,,St Peter,IL,62880,United States,USA,217-254-6480,barb.schaal72@outlook.com,,38.86808637,-88.85296146,country_normalized
loc_xpq2e7g6,Hair Loss Associates of New Jersey,Clinics,"212 Riverview Rd, Pompton Lakes NJ 07442",,Pompton Lakes,NJ,07442,United States,United States,,,,40.99107198,-74.28399202,state_split_from_postal
loc_yzy8j6mv,HAIR LOSS SOLUTIONS,Salons,10801 BIG BEND RD,,,MO,63122-6069,United States,63122-6069,6367518180,HAIRDOC10@GMAIL.COM,,38.56661600,-90.40991900,zip_recovered_from_country; country_inferred
loc_n9mz6q95,Hair Mantra,Salons,9827 104 Street,,Fort Saskatchewan,AB,T8L2E5,Canada,,,,,53.71088800,-113.20818548,country_inferred
loc_wyvn2qyx,Hair mechanix,Salons,"13730, Nadine",,Oak park,MI,48237,United States,US,+12486221636,guttentaglisa@gmail.com,,42.48408300,-83.18577400,country_normalized
loc_wyvn22zx,Hair Molt(V+)(@),Clinics,台北市大安區敦化南路一段187巷15號2樓,,,,106,Taiwan,TW,02-87730355,,,25.04241030,121.55019915,country_normalized
loc_qzmyv8yy,HAIR NAILS AND BEYOND,Salons,447 W MAIN ST,,,MO,65652-9100,United States,65652-9100,4178303703,smithliz79@gmail.com,,37.15677494,-92.94355976,zip_recovered_from_country; country_inferred
loc_g2w9jkr7,Hair Nest Pty Ltd,Salons,70 Charlotte Street,,Paddington,QLD,4064,Australia,,730615723,enquiries@littlehairnest.com.au,,-27.46006545,153.00703125,country_inferred
loc_57wexkjn,Hair Now,Salons,5354 Jones Creek Road STE 1 Baton Rouge,,,LA,70817,United States,,(225) 752-8060,jennifershantelle@gmail.com,,30.40503961,-91.01648203,country_inferred
loc_m7x8kmnv,Hair Now,Salons,5353 Jones Creek Road STE 1 Baton Rouge,,,LA,70817,United States,,(225) 752-8059,pbchairnow@gmail.com,,30.40541170,-91.01623244,country_inferred
loc_pqm89w2k,Hair Oh Yeah LLC,Salons,606 120th Ave NE,Suite D104,Bellevue,WA,98005,United States,US,+14256478393,mandy@hairohyeah.com,,47.61489900,-122.17955700,country_normalized
loc_57wexmnn,Hair Place 1,Clinics,85 Quincy Ave,,Quincy,MA,02169,United States,US,(617) 472-1060,hairplaceone@hotmail.com,,42.24304200,-70.99714500,country_normalized
loc_yzy8j9wv,Hair Restoration by Melz,Salons,131 partridge ave,,Hamilton,NJ,8610,United States,US,+16094689161,stylesbykyle@comcast.net,,40.21706000,-74.72690300,country_normalized
loc_g2w9jj77,Hair speak(@),Clinics,新竹縣竹北市莊敬五街227號,,,,302,Taiwan,TW,03-6587860,,,24.82740678,121.02819829,country_normalized
loc_2mqrgj59,Hair Thairapy,Salons,1125 Main St,Unit 1B,Watertown,CT,06795,United States,US,(203) 558-3694,marissa.brophy@yahoo.com,,41.59408700,-73.11001000,country_normalized
loc_exy625mv,Hair Truss Co,Salons,71 Nelson Street,,Wallsend,NSW,2287,Australia,Australia,,,,-32.89788539,151.66356248,
loc_95rw8qqy,Hair Untamed - Morgan,Salons,9701 W 134th Pl,,Cedar Lake,IN,46303,United States,,219-765-0371,morgan.withgoodhair@yahoo.com,,41.37399678,-87.45198143,country_inferred
loc_pqm8zxjk,Hair Valley,Salons,Cnr Cross Street & Park Road,Westfield Hurstville,Hurstville,NSW,2220,Australia,Au,0280846922,hairvalleyau@gmail.com,,-33.96550000,151.10491473,country_normalized
loc_69nez7r5,Hair Venue,Salons,4700 Tama St SE Ste 400,,Cedar Rapids,IA,52403-4537,United States,US,3193892742,samanthamarkt@gmail.com,,42.02514400,-91.61834200,country_normalized
loc_qzmyv58y,Hair Vibes,Salons,20937 Ashburn Rd.,,Ashburn,VA,20147,United States,US,(571) 420-6194,hairvibesashburn@gmail.com,,39.03900640,-77.48699127,country_normalized
loc_g2w9jrn7,Hair Way Gr Official,Salons,"El Alamein 20, 14231, Nea Ionia, Athens",,,,,Greece,Greece,0030 2102724079,info@hairway.gr,https://hairway.gr/,38.04089557,23.75037402,
loc_yzy8x58v,Hair Wizards by Carmel Bellarosa,Salons,418 Main St,,Pittsfield,ME,4967,United States,Us,(207) 275-9134,carmelbellarosahair@gmail.com,,44.77519734,-69.39004114,country_normalized
loc_2mqrgg89,HAIR·HALO(@),Clinics,雲林縣斗南鎮南昌西路50號,,,,630,Taiwan,TW,05-5979999,,,23.67238784,120.47197386,country_normalized
loc_7g25k8qq,Hairapy Studio,Salons,1503 Walnut Street,,Philadelphia,PA,19102,United States,,(609) 233-7367,rxygrmn@gmail.com,,39.94982655,-75.16617123,country_inferred
loc_wyvn2zkx,Hairbanger Salon LLC,Salons,698 Main St,,Watertown,CT,06795,United States,US,(203) 509-1503,vkhairbanger@gmail.com,,41.60089682,-73.11556120,country_normalized
loc_yzy8jxgv,Haircorp Hervey Bay,Salons,Shop 10/30 MAIN STREET,PIALBA SHOPPING CENTRE,PIALBA,QLD,4655,Australia,,447651602,admin@haircorp.au,,-25.28334230,152.84005024,country_inferred
loc_wyvnjm7x,Hairdressers At Work,Salons,42 b Mcleod street,,Cairns,QLD,4870,Australia,Au,0740514968,hairdressers_at_work@bigpond.com,,-16.92372820,145.77258430,country_normalized
loc_n9mzgkj5,Hairhouse - Bayside,Salons,Shop 163 Bayside Shopping Centre,,Frankston,VIC,3199,Australia,Au,0397706140,debra.doran@hhwh.com.au,,-38.14009550,145.12531420,country_normalized
loc_xpq2e5w6,Hairhouse - Caneland,Salons,Crn Victoria St and Mangrove Road,Shop GD 2221 Caneland Central,Mackay,QLD,4740,Australia,,400350507,tamie.scott@hhwh.com.au,,-21.14014565,149.17869823,country_inferred
loc_k6mzxp7q,Hairhouse - Miranda,Salons,600 Kingsway,Shop 1075 Westfield Miranda,Miranda,NSW,2228,Australia,AU,0295253100,nada.antoon@hhwh.com.au,,-34.03510956,151.10007225,country_normalized
loc_xpq2e5n6,Hairhouse - Northland,Salons,2-50 Murray Rd,"Shop C-18, Northland Shopping Centre",Preston,VIC,3072,Australia,,,ueet@me.com,,-37.74071062,145.03020724,country_inferred
loc_jyewmq7e,Hairhouse - Shellharbour,Salons,Cen Lake entrance rd,Shop 1016 stockland Shellharbour,Shellharbour,NSW,2529,Australia,,242951749,sam.antoon@gmail.com,,-34.56163900,150.84082000,country_inferred
loc_2mqrgp79,Hairhouse - Werribee,Salons,250 Heaths Road,"Shop T006, Pacific Werribee",Hoppers Crossing,VIC,3029,Australia,AU,0397490200,invoices@cocoonbusinesssolutions.com.au,,-37.87697162,144.68004024,country_normalized
loc_g2w9jkm7,Hairhouse - Wollongong,Salons,200 crown St,Shop N106 Wollongong central,Wollongong,NSW,2500,Australia,,242253800,sam.antoon@gmail.com,,-34.42466970,150.89296820,country_inferred
loc_k6mzxp9q,Hairhouse Erina Fair,Salons,48 Mapleton Ave,,North Kellyville,NSW,2155,Australia,AU,0243654427,accounts.erinafair@hairhouse.com.au,,-33.68200740,150.94117458,country_normalized
loc_n9mz6gy5,Hairhouse MacArthur Square,Salons,200 Gilchrist Drive,"Shop L03 U027, Macarthur Square",Campbelltown,NSW,2560,Australia,AU,0246270919,sarahp@hhwh.com.au,,-34.07613440,150.79965090,country_normalized
loc_wyvn2jwx,Hairhouse Warehouse - Highpoint,Salons,10/240 Sydney Road,,Coburg,VIC,3058,Australia,AU,393175499,joekmaid@gmail.com,,-37.74884685,144.96592586,country_normalized
loc_vm9wn2xm,Hairhouse Warehouse - Tuggerah,Salons,50 Wyong Road,"Shop 1069, Westfield Tuggerah",Tuggerah,NSW,2259,Australia,AU,243511292,arshad.ali@hhwh.com.au,,-33.30855855,151.41191325,country_normalized
loc_m7x8keqv,Hairhouse Warehouse - Wetherill Park,Salons,"Shop 108, 561-583 Polding Street",,Wetherill Park,NSW,2164,Australia,AU,0296041110,alok.chugh@hairhouse.com.au,,-33.85869038,150.89874489,country_normalized
loc_2mqrg6n9,Hairitage Studio,Salons,20 Douglas Woods Dr SE,,Calgary,AB,T2Z 1K2,Canada,,,info@hairitagestudio.ca,https://hairitagestudio.ca/,50.94383466,-114.00118678,country_inferred
loc_yzy8jqjv,Hairology,Salons,324 S Beverly Dr,#423,BEVERLY Hills,CA,90212,United States,US,+13108775635,camif25@mac.com,,34.06122300,-118.39883800,country_normalized
loc_zzpng8gw,HAIRS TO YOU,Salons,112 MAIN ST,,,MO,64152-3732,United States,64152-3732,8166749995,jenns624@hotmail.com,,39.18998235,-94.68382525,zip_recovered_from_country; country_inferred
loc_69nezxe5,Hairvine Salon,Salons,480 Main St.,,Armonk,NY,10504,United States,US,(914) 406-2441,cindal@hairvinesalon.com,,41.12860674,-73.71310121,country_normalized
loc_57wex57n,Hairwaves,Salons,2026 E Main St.,,Royston,GA,30662,United States,US,(706) 245-5025,hairwavessalon93@gmail.com,,34.28523959,-83.14387721,country_normalized
loc_69nezmj5,Half Cut McLaren Vale,Salons,150A Main Road,,Mclaren Vale,SA,5171,Australia,Australia,,,,-35.21714488,138.54114276,
loc_yzy8jpxv,Halo Hair and Beauty,Salons,"648 Main Street, Unit 1",,Hellertown,PA,18055,United States,,(610) 838-6000,kquiles53@gmail.com,,40.57880600,-75.34103700,country_inferred
loc_g2w9je97,Halo Hair Studio,Salons,12152 N. Rancho Vistoso Blvd,Suite 100,Oro Valley,AZ,85755,United States,US,+15207424433,halo_hairstudio@aol.com,,32.42697800,-110.96072400,country_normalized
loc_vm9wn6gm,HALO SALON LLC,Salons,1221 E BRADY ST,,,WI,53202-1602,United States,53202-1602,4142724247,leroy@halosalonmke.com,,43.05285994,-87.89654471,zip_recovered_from_country; country_inferred
loc_vm9wn8jm,Hampstead facial aesthetics,Clinics,48 Conway road,,London,Greater London,N14 7BE,United Kingdom,UK,+447941893439,sheridanfrance@icloud.com,,51.62231846,-0.11872195,country_normalized
loc_m7x8krzv,Hannah Gaboardi,Clinics,Nobu Hotel,22 Portman Square,London,Greater London,W1H 7BG,United Kingdom,UK,+447716388248,info@hannahgaboardi.com,https://www.hannahgaboardi.com/,51.51610300,-0.15766140,country_normalized
loc_2mqrg6j9,Hanson And Mane Salon,Salons,504 S Main St,,Holstein,IA,51025-5028,United States,,7122615210,hansonandmane@gmail.com,,42.48343700,-95.54466600,country_inferred
loc_wyvn2j7x,Hao Dermatology Clinic,Clinics,,,Tokyo,,,Japan,Japan,,,https://hao2016.clinic/,35.68955258,139.69181823,
loc_yzy8jxrv,Hare517 Pty Ltd trading as The Brown Hare,Salons,517 Middleborough Road,,Box Hill North,VIC,3129,Australia,AU,398999495,wrushan@yahoo.com,,-37.80887862,145.14018724,country_normalized
loc_xpq2ejm6,Harley Street Skin Clinic,Clinics,"48 Harley Street, London W1G 9PU",,,London,W1G 9PU,United Kingdom,United Kingdom,+44 020 7436 4441,,https://www.harleystreetskinclinic.com/en/,51.51891844,-0.14668240,
loc_k6mzxpxq,Harlow and Co,Salons,Suite 3/ 34 Park Avenue,,Coffs Harbour,NSW,2450,Australia,Australia,,,,-30.29939239,153.11571536,
loc_57wexgwn,Harmony Hairdressing,Salons,149 St John Street,,Launceston,TAS,7250,Australia,Australia,,,,-41.43935360,147.14069463,
loc_wyvn2ewx,Hart Medical,Clinics,13 Lancashire Court,Hart Medical,London,Greater London,W1S 1EZ,United Kingdom,UK,#ERROR!,eleanor@hartmedical.co.uk,https://www.hartmedical.co.uk/,51.51256986,-0.14538152,country_normalized
loc_vm9wn8qm,Harvey-Smith Skin Clinic,Clinics,"Unit 11 Vicarage Farm, Halliford Road, Sunbury on Thames",,,Surrey,TW16 6DW,United Kingdom,United Kingdom,,,https://www.theharveysmithclinic.co.uk/,51.40177999,-0.42134997,
loc_zzpnggvw,HAS hair academy store(@),Clinics,台北市大安區光復南路180巷4號2樓,,,,106,Taiwan,TW,02-27755722,,,25.04264103,121.55719916,country_normalized
loc_69nez5p5,Haus of Skin,Clinics,22 Page St,Westminster,London,Greater London,SW1P 4EN,United Kingdom,UK,+447769154738,medical@hausofskin.co.uk,https://hausofskin.co.uk/,51.49403844,-0.12725208,country_normalized
loc_rkzgq6gq,HAUTE SALON,Salons,3237 W TRUMAN BLVD,,,MO,65109-6944,United States,65109-6944,5736347476,CONTACT@HAUTESALONJC.COM,,38.59229698,-92.24090617,zip_recovered_from_country; country_inferred
loc_8ye58676,Havana Hair and Beauty,Salons,"Shop 1, 27 Red Hill Rd",,Gympie,QLD,4570,Australia,Australia,,,,-26.19480227,152.67324936,
loc_95rw8kzy,Haven Beauty Lounge,Salons,613 N Lynnhaven Road,,Virginia Beach,VA,23452,United States,US,(757) 752-4006,havenbeautyloungevb@gmail.com,,36.85332661,-76.08707506,country_normalized
loc_pqm89g8k,Haven Head Spa,Salons,58177 Van Dyke Ave,,Washington Township,MI,48094,United States,USA,248-840-8978,alissa.healthyhair@gmail.com,,42.72265300,-83.03616200,country_normalized
loc_exy62nrv,Hayden Wash,Salons,2401 W 25th St,,Lawrence,KS,66047-2941,United States,US,6207551660,eclipsesalonlawrence@gmail.com,,38.93838638,-95.26421156,country_normalized
loc_m7x8kpyv,Hazen Hair Studio,Clinics,153 Turnpike Road,,Westborough,MA,01581,United States,US,(508) 843-2864,amy@hazenhairstudio.com,,42.28554693,-71.61157117,country_normalized
loc_zzpng57w,HD Aesthetic Company,Clinics,"122 Chelsea Road, Sheffield, South Yorkshire, S11 9BR",,,Sheffield,S11 9BR,United Kingdom,United Kingdom,+44 07909 660 249,alz010@aol.com,,53.36077954,-1.50231737,
loc_jyewmjqe,Head and Heart Salon,Salons,263 N Limestone,,Lexington,KY,40507,United States,,859-585-2483,jkemmer18@gmail.com,,38.04956234,-84.49291384,country_inferred
loc_yzy8jxmv,Head First Hair Design,Salons,13 Ormond Road,,East Geelong,VIC,3219,Australia,Australia,,,,-38.15573625,144.37261237,
loc_69nezmx5,Head Office & Co,Salons,2/257 Soldiers point road,,Salamander Bay,NSW,2317,Australia,Australia,,,,-32.72150315,152.07713419,
loc_vm9wnxrm,Headhouse Salon,Salons,"141 League Street, Philadelphia, Pa",,,,,,,215-271-0403,headhouse141@yahoo.com,http://hhphilly.com,39.93408136,-75.14623892,
loc_m7x8km9v,Headlines Salon,Salons,602 1/2 Keokuk St.,,Lincoln,IL,62656,United States,,217-737-5222,lfisher08@frontiernet.net,,40.15367400,-89.35879200,country_inferred
loc_8ye58vj6,Headquarters Design Studio,Salons,637 W Golf Rd,,Des Plaines,IL,60016,United States,US,847-640-0141,jlerdman@sbcglobal.net,,42.04768890,-87.93614408,country_normalized
loc_2mqrgye9,Headquarters Studio,Salons,6422 Walina Ct. Se,,Salem,OR,97317,United States,US,,bririesterer@gmail.com,,44.86291200,-122.90654400,country_normalized
loc_vm9wnvxm,Heads Up Hair,Salons,1620 York Rd.,,Timonium,MD,21093,United States,US,(410) 790-5856,cbutlerhair@yahoo.com,,39.42485200,-76.61972900,country_normalized
loc_2mqrg629,Headwaves Hair And Spa,Salons,3706 E Walnut St,,Pearland,TX,77581-4722,United States,,2814982357,josselynperez1@yahoo.com,,29.55966100,-95.28260700,country_inferred
loc_2mqrgkk9,Healing Strands Hair,Salons,"103 Sunset Dr, Hueytown",,,AL,35023,United States,,(205) 946-4923,brittney@healingstrandshair.com,,33.45093767,-86.99906117,country_inferred
loc_95rw8zry,Health & Aesthetic Clinic,Clinics,"374 Shooters Hill Road, London SE18 4LS",,,London,SE18 4LS,United Kingdom,United Kingdom,2083190074,,https://www.haclinic.co.uk/,51.47287001,0.04529002,
loc_7g25km6q,Healthy Hair Studio,Clinics,"419 Staines Road West, Ashford TW15 1RB",,,Ashford,TW15 1RB,United Kingdom,United Kingdom,,,https://www.healthyhairstudio.co.uk/,51.42287344,-0.44672032,
loc_57wex56n,Healthydermis,Clinics,"7230 Heritage Village Plz #201 Gainesville, VA 20155",,Gainesville,VA,20155,United States,United States,877-822-9281,gainesville@staging-healthydermis.kinsta.cloud,https://myhealthydermis.com/,38.80346358,-77.60371271,state_split_from_postal
loc_yzy8jj6v,Hearty Hair Design黃欽瑜,Salons,新北市板橋區文化路二段182巷7弄13之1號2樓,,新北市,板橋區,220,Taiwan,,,,,25.02762800,121.47233396,phone_placeholder_blanked; country_inferred
loc_jyewmvee,Heather's Hair Design,Salons,638 Rogers St,,Lowell,MA,01852,United States,US,(978) 458-5596,hdjv30021@aol.com,,42.63122637,-71.28242496,country_normalized
loc_n9mz6qg5,Heir Haus,Salons,861 SW Lemans Ln,,Lees Summit,MO,64082-4618,United States,US,8163772566,ashlynpresnell@icloud.com,,38.85210750,-94.39637135,country_normalized
loc_jyewmr9e,Helena Grace Beauty & Aesthetics,Clinics,"Fairclough Hall Farm, Hitchin SG4 7DP",,,Hertfordshire,SG4 7DP,United Kingdom,United Kingdom,,,https://linktr.ee/helenagracebeauty_,51.94473998,-0.14368996,
loc_95rw886y,Helix Aesthetics and Medical Clinic,Clinics,"160 Robinson Road, #03-04 SBF Center, Singapore 068914",,,Central Business District,68914,Singapore,Singapore,+65 88119131,HelixMedicalClinic@gmail.com,https://www.helixmedicalclinic.com/,1.27811209,103.84717014,
loc_69nez7k5,Hello Beautiful,Salons,602 E Park St,,Taylorsville,IL,62568,United States,,217-820-6420,Kspeagle@llcc.edu,,39.55206480,-89.28891463,country_inferred
loc_rkzgqnrq,Hello Gorgeous,Salons,4418 74th St,,Lubbock,TX,79424-2321,United States,,8064702250,lisaglenn643@gmail.com,,33.52724100,-101.90870100,country_inferred
loc_7g25k87q,Hello Gorgeous,Clinics,8 Albion Street,,Amesbury,MA,01913,United States,US,(978) 560-7730,hellogorgeous01923@gmail.com,,42.86029702,-70.92349116,country_normalized
loc_57wex6wn,HELLO LOVE SALON AND BOUTIQUE,Salons,130 N BROADWAY,,,OK,73034-3703,United States,73034-3703,4199667418,HELLOLOVEEDMONDOK@GMAIL.COM,,35.65642566,-97.48097329,zip_recovered_from_country; country_inferred
loc_2mqrggp9,Henri Clinic Osaka,Clinics,"Urban BD Shinsaibashi 5F, 1-5-5 Nishishinsaibashi, Chuo-ku, Osaka-shi, Osaka, Japan",,,,,Japan,,070-8497-0745,,https://henriclinic.jp/osaka-lp/01/,34.67217051,135.49993088,country_from_tld
loc_7g25k9xq,Heritage Hair Studio,Salons,722 West 2nd St,,Bloomington,IN,47403,United States,USA,812-606-6506,gwynne@heritagehairstudio.com,,39.16166416,-86.54191418,country_normalized
loc_2mqrpwx9,HeyLou Hair,Salons,SHOP 1 10-16 Bream Street,,Coogee,NSW,2034,Australia,Au,0296645360,heylouhair@gmail.com,,-33.91721356,151.24927925,country_normalized
loc_2mqrggw9,HG Health Enterprise,Salons,JB,,Johor Bahru,Johor,,Malaysia,Malaysia,,,,1.45819239,103.76490170,email_placeholder_blanked
loc_8ye58x96,Híd Klinika,Clinics,"Szeged, Deák Ferenc u. 28-30.",,,HU,6720,,Europe,,info@drekaterinepaschali.hu,,46.25184758,20.15006330,country_not_a_country
loc_8ye588v6,HIER HAIR(@),Clinics,台北市大同區承德路二段1巷32號1樓,,,,103,Taiwan,TW,02-25626488,,,25.05354105,121.51919910,country_normalized
loc_vm9wn67m,High Volume Hair Salon / Kristen,Salons,5061 Shoreline Road,,Lake Barrington,IL,60010,United States,,815-322-2410,klindberg8@yahoo.com,http://Kristen Lindberg,42.22744267,-88.14619565,country_inferred
loc_rkzgqq2q,Hii hair Salon@,Clinics,桃園市蘆竹區南順四街6號,,,,338,Taiwan,TW,03-3127676,,,25.04041026,121.28719872,country_normalized
loc_m7x8ke7v,Hills Grace Clinic,Clinics,,,Kanagawa,,,Japan,Japan,,,https://hillsgrace.or.jp/,35.41754580,139.33943123,
loc_8ye58656,Himeno Tomomi Clinic,Clinics,,,Tokyo,,,Japan,Japan,,,http://www.himeno-clinic.com/,35.68955258,139.69181823,
loc_exy659wv,HIP BROADWAY PTY LTD (Glebe),Salons,Shop G8 1 Bay Street,Broadway Shopping Centre,Glebe,NSW,2037,Australia,Au,0280765505,vincenzo.dibono@yahoo.com.au,,-33.88369749,151.19387623,country_normalized
loc_g2w9jjj7,Hiroshima Premier Clinic,Clinics,"Ivy Building 4F, 7-29 Hondori, Naka-ku, Hiroshima-shi, Hiroshima, Japan",,,,,,,082-207-2586,,https://hiroshima-biyou.com/,34.39307794,132.45793538,
loc_8ye58k66,Hk Hair Studio,Salons,"625 S. 23rd Street, Philadlephia, PA",,,,,,,401-744-8424,katiecutsyourhair@gmail.com,http://hkhairstudiophilly.com,39.94532247,-75.17963629,
loc_rkzgqm7q,HK Hair Studio,Salons,625 South 23rd Street,,Philadelphia,PA,19146,United States,,(401) 744-8424,katiecutsyourhair@gmail.com,,39.94532247,-75.17963629,country_inferred
loc_8ye58856,HK Ho Women & Fertility Clinic,Clinics,"820 Thomson Road Mount Alvernia Hospital Medical Centre Block A, #02-06/07 Singapore 574623",,,Thomson Road,574623,Singapore,Singapore,+65 6353 8833,,https://www.practo.com/singapore/clinic/h-k-ho-women-fertility-clinic-thomson,1.34178220,103.83761701,
loc_pqm89prk,Hola Bonita,Salons,713 W Indiana Ave,,,TX,79701-5007,United States,,4328947411,holabonitatx@gmail.com,,31.99518315,-102.08165686,country_inferred
loc_k6mzx9xq,Holiday salon,Salons,369 East 17th Street,Suite 5,Costa Mesa,CA,92627,United States,US,+19493758292,bascotia@icloud.com,,33.63115510,-117.91361932,country_normalized
loc_69nez8y5,Holistic Hair Therapy Salon,Salons,124 OCEAN AIRE TER N,,ORMOND BEACH,FL,32176,United States,US,+13863345636,holisticsalonormond@gmail.com,,29.37654800,-81.08303000,country_normalized
loc_2mqrgen9,HOLLIBEAUTY Salon Studio,Salons,43227 Crescent Blvd,Suite 37,Novi,MI,48375,United States,,248-880-9632,megan@hollibeauty.com,,42.48326960,-83.47213676,country_inferred
loc_95rw8q5y,HONEY AND HIVE,Salons,2744 S GLENSTONE AVE,,,MO,65804-3714,United States,65804-3714,4178898889,honeyandhivesalon@gmail.com,,37.16527695,-93.26238253,zip_recovered_from_country; country_inferred
loc_pqm89pek,Honeycomb Salon,Salons,4902 Holly Rd,,,TX,78411-4766,United States,,3615497887,amberfetters03@yahoo.com,,27.70409888,-97.38744336,country_inferred
loc_yzy8x5zv,Honeycomb Salon Collective,Salons,929 S Park St,,Madison,WI,53715-1833,United States,Us,6084438710,honeycombsaloncollective@gmail.com,,43.05806738,-89.39964645,country_normalized
loc_n9mz6qk5,Honi and hive,Salons,217 n Stephanie st,,Henderson,NV,89074,United States,US,+17022455793,mickeywagner78@gmail.com,,36.04324600,-115.04817400,country_normalized
loc_qzmyve6y,Hooga T/A The Skin Specialist,Salons,"The White House,Hobb Lane",,Warrington,,WA4 5LS,United Kingdom,UK,+447714164959,raecarruk@gmail.com,,53.35222719,-2.62675091,country_normalized
loc_g2w9jr97,House of Beauty Aesthetics,Clinics,"99 Frimley Rd, Camberley, GU15 2PP",,,Surrey,GU15 2PP,United Kingdom,United Kingdom,01276 20200,,https://hob-aesthetics.com/,51.32815070,-0.75508886,
loc_jyewqkwe,House of Colour Salon,Salons,118 Milk Street,,Boston,MA,2110,United States,Us,(857) 317-2400,che.jacqueline@yahoo.com,,42.35790100,-71.05430500,country_normalized
loc_k6mzx7eq,House Of Cuts And Curls,Salons,6605 I-40,,Amarillo,TX,79109,United States,US,8066709668,pfvalenzuela2018@gmail.com,,35.18612900,-101.91385100,country_normalized
loc_rkzgqjqq,House of Henshaw,Clinics,"303 Aigburth Rd, Liverpool L17 0BJ",,Liverpool,,L17 0BJ,United Kingdom,United Kingdom,07734 712235,,https://www.instagram.com/houseofhenshaw1/?hl=en,53.37316874,-2.93380481,
loc_pqm892pk,House of Melville - Amanda,Clinics,22 North St.,,Hingham,MA,02043,United States,US,(781) 875-3482,amandaway.hairstylist@gmail.com,,42.24427692,-70.88504116,country_normalized
loc_57wex6nn,Hq Style Lounge,Salons,483 St. Annes Rd,,winnipeg,MB,R2M 3E2,Canada,,,hqstyleloungesalon@gmail.com,https://www.hqstylelounge.com/,49.84381664,-97.09515908,country_inferred
loc_rkzgqypq,HSA Dermal clinic,Clinics,3 Paradise Road,,Richmond upon thames,Greater London,TW9 1RX,United Kingdom,UK,+447904218668,info@hsadermalclinic.co.uk,https://www.hsadermalclinic.co.uk/,51.46041843,-0.30356497,country_normalized
loc_k6mzx79q,Humphrey's Salon,Salons,4000 N Macarthur Blvd,,Irving,TX,75038-6418,United States,,9725236938,savanahking@gmail.com,,32.86007900,-96.95749000,country_inferred
loc_69nezmn5,Hustle Hobart,Salons,108 Harrington street,,Hobart,TAS,7000,Australia,,407628013,Info@hustlehobart.com.au,,-42.88366770,147.32349924,country_inferred
loc_pqm8zxxk,Hyde Hair Care,Salons,Shop 21 2-14 Henry Lawson drive,The pavillions marketplace,Terranora,NSW,2486,Australia,AU,472638498,admin@hydehc.com,,-28.23985946,153.50169325,country_normalized
loc_8ye58986,Hyde Salon,Salons,4601 W 90th St,,,KS,66207-2304,United States,,8168065652,jess.huska@gmail.com,,38.96573638,-94.63861155,country_inferred
loc_69nemvv5,Hygieia Clinic,Salons,"22G,Jalan Rimbayu 1/3, Bandar Rimbayu, Telok Panglima Garang, Selangor, Malaysia 42500",,,,,Malaysia,MY,+60 12 587 7831,hygieia.clinics@gmail.com,https://www.facebook.com/hygieiaclinic.com.my/,2.94998910,101.54914610,country_normalized
loc_95rw88ky,I.G Hair Design,Salons,台北市中山區撫順街23號,,台北市,中山區,104,Taiwan,,02-25987657,,,25.06362500,121.52039001,country_inferred
loc_vm9wn88m,IAM Clinic,Clinics,"110/19, Ekamai soi 10 yeak 6, Prakanong-Nua, Wattana, Bangkok, Thailand 10110",,,Bangkok,10110,Thailand,Thailand,"02-048-6989, 095-247-5989",manager@iammedical.com,https://www.iammedicalbkk.com/,13.72581225,100.59150165,
loc_95rw89wy,Icon Aesthetics,Clinics,43 w 33rd Street,Rm 200,New York,New York,10001,United States,USA,+18622245128,admin@iconaesthetics.com,https://www.instagram.com/iconmicroblading_/,40.74878000,-73.98718400,country_normalized
loc_2mqrgpq9,Icon Gallery Hair and Beauty,Salons,487 Kiewa Street,Shop 15b Westend Plaza,Albury,NSW,2640,Australia,Australia,,,,-36.08179322,146.91352963,
loc_wyvn2qnx,Identity Atelier,Salons,7820 Olentangy River Rd,,Columbus,OH,43235,United States,,614-974-7277,identityatelier@gmail.com,,40.12466574,-83.03513604,country_inferred
loc_rkzgqqmq,ID髮藝文化(@),Clinics,台北市大安區忠孝東路四段57-1號2樓,,,,106,Taiwan,TW,02-27218877,,,25.04141029,121.54519914,country_normalized
loc_7g25kz6q,Iidabashi Tomojiri Dermatology Clinic,Clinics,,,Tokyo,,,Japan,Japan,,,https://tomojiri-skin.com/,35.68955258,139.69181823,
loc_8ye58xe6,Illuminate Skin Clinic,Clinics,"Suite 14, 50 Churchill Square, Kings Hill, Kent ME19 4YU",,,Kent,ME19 4YU,United Kingdom,United Kingdom,0330 1331 272,hello@illuminateskinclinic.co.uk,https://illuminateskinclinic.co.uk/,51.27241840,0.39458646,
loc_2mqrgk79,Image Studios,Salons,9993 Manchester Rd,,Saint Louis,MO,63122-1927,United States,US,3144566428,minndo@hotmail.com,,38.60411600,-90.38381200,country_normalized
loc_n9mz6r55,Image Studios,Salons,9993 Manchester Rd,,Saint Louis,MO,63122-1927,United States,US,3147957080,chelsdavis8@gmail.com,,38.60411600,-90.38381200,country_normalized
loc_wyvn26rx,Image Studios,Salons,9993 Manchester Rd,,Saint Louis,MO,63122-1927,United States,US,3149746948,kristindollens@gmail.com,,38.60411600,-90.38381200,country_normalized
loc_2mqrpwn9,IMAGE STUDIOS,Salons,9433 MISSION RD,,LEAWOOD,KS,66206-2045,United States,US,9139827237,LENAKAYYHAIR21@GMAIL.COM,,38.95796500,-94.62978800,country_normalized
loc_7g25k79q,Image Studios 360,Salons,1415 State St Ste 900,,Richardson,TX,75082-2306,United States,,4694419808,smdiego05@gmail.com,,33.00130246,-96.69911025,country_inferred
loc_exy62m8v,Imagine Hair Studio,Salons,207 North Colony Road,,Wallingford,CT,06492,United States,US,(203) 294-1567,elisa.signore@gmail.com,,41.46012679,-72.82184119,country_normalized
loc_rkzgqnnq,Imagique,Salons,1821 N Greenville Ave Apt 100,,Richardson,TX,75081-2011,United States,,2149245744,tiffschmidth@gmail.com,,32.97244600,-96.71429500,country_inferred
loc_jyewm55e,Imagique Hair And Spa,Salons,8308 Preston Rd Ste 200,,Plano,TX,75024-3340,United States,,9728779240,berry.brent@yahoo.com,,33.09154500,-96.80459900,country_inferred
loc_k6mzxxyq,Imaii今井,Salons,新竹縣竹北市十興二街100號,,新竹縣,竹北市,302,Taiwan,,03-6582615,,,24.82356512,121.03420576,country_inferred
loc_exy625zv,Imaizumi Skin Clinic,Clinics,"7-18-8, Chapter 3 Daiei Building 6th Floor, Roppongi, Minato-ku",,,Tokyo,106-0032,Japan,Japan,0120-006-762,,https://imaizumisc.or.jp/,35.66216258,139.72921723,
loc_g2w9jrz7,Immagini Clinic,Clinics,"Immer's clinic CentralWorld floor. 3 and 5, 25 Alma Link Building, 2nd Floor, Soi Chidlom, Ploenchit Road, Lumpini, Pathumwan",,,Bangkok,10330,Thailand,Thailand,02 613 1334-5 / 02 251 7451-2,,http://www.immaginiclinic.com/home/index.php/th,13.74518050,100.54442300,
loc_69nez525,Implant Központ Buda,Clinics,"Budapest, Ördögszikla köz 1.",,,HU,1121,,Europe,,info@implantkozpont.hu,,47.47877789,18.99231117,country_not_a_country
loc_yzy8jpev,Impressions Hair Salon,Salons,5225 Cleveland Rd,Suite G,Wooster,OH,44691,United States,USA,3303458824,impressionshairsalon694@gmail.com,,40.86296695,-81.92271342,country_normalized
loc_rkzgqq6q,In space hair salon,Salons,台北市大同區南京西路64巷26之1號1樓,,台北市,大同區,103,Taiwan,,02-25508883,,,25.05113500,121.51831398,country_inferred
loc_qzmyvvey,in%仁愛店,Clinics,台北市大安區仁愛路四段110號B1,,,,106,Taiwan,TW,02-27080633,,,25.03741021,121.54919915,country_normalized
loc_exy62rjv,Inanch London Ltd,Salons,220 Great Portland Street,Fitzrovia,London,,W1W 5QP,United Kingdom,UK,+447956125062,joe@inanch.com,,51.52263652,-0.14362467,country_normalized
loc_vm9wn6zm,Inde Salon - Shop,Salons,106 S Jefferson Ave,,Port Allen,LA,70767,United States,United States,(225) 978-8907,,,30.45246470,-91.20526492,
loc_exy62mkv,Inde Salon &Skin Care,Salons,46 Independence Ave,,Quincy,MA,02169,United States,US,(617) 302-3421,indesalonandskincare@gmail.com,,42.23717692,-71.00410116,country_normalized
loc_zzpngkvw,Indie Hair Co,Salons,275 Ruthven street,C/O Tenancy 1D,TOOWOOMBA,QLD,4350,Australia,,400965781,indiehairco@outlook.com,,-27.55555371,151.95361361,country_inferred
loc_wyvn2qpx,Indigo,Salons,208 West Home Avenue,,Hartsville,SC,29550,United States,US,(843) 858-9054,orders@indigobeauty.com,,34.37559600,-80.07711200,country_normalized
loc_g2w9jng7,Indigo Salon,Salons,1450 Boyson Rd Ste A,,Hiawatha,IA,52233-2327,United States,,3197752651,hollyw989@gmail.com,,42.04463100,-91.69241600,country_inferred
loc_8ye58xk6,Indraprastha Apollo Hospital,Clinics,"Sarita Vihar, Delhi Mathura Road, New Delhi - 110076",,,New Delhi,110076,India,India,00-91-11-29871067/1068,infodelhi@apollohospitals.com,https://delhi.apollohospitals.com/team-of-doctors/dermatology/dr-anju-mangla,28.53669850,77.28479489,
loc_rkzgqn7q,Indulge Salon,Salons,1713 Commerce Drive,,North Mankato,MN,56003,United States,,507-380-8803,indulgesalonandtanning@gmail.com,,44.17872382,-94.03515407,country_inferred
loc_wyvn2e5x,Infinity & Investment (Zsu Atelier),Clinics,"Szentendre, Barackos út 119.",,,HU,2000,,Europe,,info@zsuatelier.com,,47.69133781,19.06591312,country_not_a_country
loc_2mqrg6x9,Infinity Salon & Spa (P),Salons,1 4th St S Bay 4,,Martensville,SK,S0K 2T0,Canada,,,infinity@sasktel.net,http://infinitysalonandspa.ca,52.28585665,-106.66917477,country_inferred
loc_jyewmrve,Infiniz clinic,Clinics,"The Mercury Ville 4th Floor, Ploenchit Road, Lumpini, Pathumwan, Bangkok 10330",,,Bangkok,10330,Thailand,Thailand,"0-2658-5944, 098-828-5444",infinizclinic@gmail.com,http://www.infinizclinic.com/contactus,13.74378000,100.54421000,
loc_xpq2ev56,"Ingrid E. Trenkle, M.D.Inc",Clinics,"124 E. Olive Ave, Redlands, CA 92373",,San Bernardino,California,92373,United States,United States,(909) 798-9403,,http://www.drtrenkle.com/,34.05418200,-117.17924000,
loc_57wex52n,Ingrid Perez,Salons,2092 Reston Circle,,Royal Palm Beach,FL,33441,United States,US,(561) 670-5707,ingridvperez@gmail.com,,26.71222278,-80.23373475,country_normalized
loc_n9mz67m5,INJCT Skin Clinic,Clinics,"82 St James Way, Sidcup, Kent DA145HF",,,Kent,DA145HF,United Kingdom,United Kingdom,,,https://www.injctskinclinic.com/,51.42024453,0.13239882,
loc_exy62pkv,Injoy Salon,Salons,124 W. Colfax St Unit 308,,Palatine,IL,60067,United States,,847-778-4978,injoysuite@gmail.com,,42.11516900,-88.04721443,country_inferred
loc_g2w9jke7,Innis 9 Hair Salon,Salons,15/249-251 queen st,,Concord West,NSW,2138,Australia,AU,0780843399,innis9hairsalon@hotmail.com,,-33.84726685,151.08619517,country_normalized
loc_7g25k8rq,Innovations,Salons,228 Naticook Rd,,Merrimack,NH,03054,United States,US,(603) 880-7499,cshaw@innovationsnh.com,,42.80703701,-71.54462117,country_normalized
loc_yzy8jgnv,Inside Aesthetics Ltd,Clinics,"5 Magazine B,","Ordnance Yard, Upnor Rd",Lower Upnor,Kent,ME2 4UY,United Kingdom,UK,+447495895295,info@inside-aesthetics.co.uk,https://insideaesthetics.co.uk/,51.41172411,0.53010928,country_normalized
loc_95rw8vzy,inSPAration Studio,Clinics,"1711 Westheimer Rd., Houston, TX 77098",,Houston,Texas,77098,United States,United States,713-474-3004,insparationstudio@gmail.com,http://insparationstudio.com/,29.74264873,-95.40251563,
loc_wyvn2j8x,Inspire Hair Style,Salons,Cnr. Springvale and Ferntree Gully Rd,"Shop 22B, Brandon Park SC",Wheelers Hill,VIC,3150,Australia,Australia,,,,-37.90359111,145.16148354,
loc_jyewmqje,Instyle Hair Artistry,Salons,"Shop R1.19, 9-13 hay st",,Haymarket,NSW,2000,Australia,AU,0292819088,leehotin112233@gmail.com,,-33.87993956,151.20344025,country_normalized
loc_2mqrgpw9,Instyle Hair Port Lincoln,Salons,10 Lincoln Highway,,Port Lincoln,SA,5606,Australia,Australia,,,,-34.71707521,135.85370520,
loc_rkzgqmeq,Integrative Healthcare,Clinics,"3256 S Pine Ave Suite 301/302, Ocala, FL 34471",,Ocala,Florida,34471,United States,United States,352-369-6325,barecenter@gmail.com,https://www.livepainfreeocala.com/,29.15531900,-82.12770400,
loc_k6mzxrqq,Intellihealth Clinic,Clinics,"2nd & 7th floor Ubris Building, Aetas Bangkok, Soi Ruamrudee, Phloenchit Road, Bangkok 10330",,,Bangkok,10330,Thailand,Thailand,02-650-7709,,http://ihplus.com/,13.73815060,100.54924630,
loc_exy6278v,Internal Medicine Partners,Clinics,"1726 Medical Blvd, Suite 201, Naples, FL 34110",,Naples,Florida,34110,United States,United States,239-596-8804,,https://www.impnaples.com/,26.27284305,-81.78461340,
loc_k6mzxq9q,INV Eclipx Salon,Salons,72-A Haverhill Road,,Amesbury,MA,01913,United States,US,(978) 255-4483,,,42.84174000,-70.94896000,country_normalized
loc_8ye58vg6,Inviktus Salon,Salons,2037 S Waverly Ave,,Springfield,MO,65804,United States,USA,417-830-3044,inviktuseuforasalons@gmail.com,,37.17676091,-93.26411528,country_normalized
loc_69nezmm5,Ioanna Panou,Salons,19 Warehouse Rd,C/O Botanica,Southport,QLD,4215,Australia,Australia,,,,-27.97982763,153.40889388,
loc_2mqrg6q9,Irina minina md pplc,Clinics,1201 east Alton Gloor Blvd,,Brownsville,Texas,78526,United States,USA,+19565422325,iraminina@aol.com,https://skinperfectionsrgv.com/about-us/,25.98049100,-97.49729500,country_normalized
loc_rkzgqymq,ISAAC Luxe,Clinics,"Elle Spa , Level 3, Crowne Plaza Hotel Mayur Vihar Phase-1, New Delhi, Delhi - 110091",,,New Delhi,110091,India,India,00-91-9717898808,jharna@isaac-wellness.com,http://isaac-wellness.com/,28.58982000,77.29807000,
loc_n9mz67e5,ISAAC Luxe,Clinics,"26 Poorvi Marg, Vasant Vihar, Near Modern School, New Delhi, Delhi - 110057",,,New Delhi,110057,India,India,00-91-987038560,jharna@isaac-wellness.com,http://isaac-wellness.com/,28.56095930,77.15848980,
loc_zzpng5ww,ISAAC Luxe,Clinics,"Magnifique Salon, D-19 Ground Floor, Defence Colony, New Delhi, Delhi - 110024",,,New Delhi,110024,India,India,00-91-9873309567,jharna@isaac-wellness.com,http://isaac-wellness.com/,28.57414682,77.23761265,
loc_wyvn2eqx,ISAAC Luxe,Clinics,"Levo Spalon, Ground Floor, Pegasus One, beside ibis hotel DLF Golf Course Road, Sector - 53, Gurugram, Haryana - 122001",,,New Delhi,122001,India,India,00-91-9958127051,jharna@isaac-wellness.com,http://isaac-wellness.com/,28.44648466,77.09963126,
loc_pqm899wk,Isolde Medical Aesthetics,Clinics,"327 Katipunan Ave., Loyola Heights, QC",,,,,Philippines,PH,0918 901 0173,isoldemedicalaesthetics@gmail.com,,14.64075300,121.07429870,country_normalized
loc_69nezzm5,Isonokami Dermatology Clinic,Clinics,"Laplace Suminodo 2F, 1-5 Akai, Daito-shi, Osaka, Japan",,,,,Japan,,072-803-7783,,http://www.melab.jp/,34.70792230,135.62076150,country_from_tld
loc_rkzgqy6q,Iteira Clinic,Clinics,"Minsk, Belarus, Ul. Aviacionaya, 12",,,,,,,375296080912,,,53.89768730,27.54942180,
loc_95rw8k2y,IV Rejuvenate and Wellness Center,Clinics,5592 Berwood Dr Orlando FL 32810,,Orlando,FL,32810,United States,United States,,,,28.63363100,-81.44553896,state_split_from_postal
loc_n9mzgk95,Ivy and Sage Hair Co.,Salons,2524 Golf Rd Ste 4,,Eau Claire,WI,54701-8053,United States,Us,7159446600,mrsdjohnson20@gmail.com,,44.77212200,-91.46450300,country_normalized
loc_8ye58xn6,Ivy Cosmetic Clinic,Clinics,"2 Carlton Avenue, Oakwood, London N14 4UA",,,London,N14 4UA,United Kingdom,United Kingdom,,,,51.64679002,-0.12543996,
loc_zzpngw2w,Izzazu,Salons,301 5TH AV,,Pittsburgh,PA,15222,United States,,(412) 325-1600,pat@izzazu.com,,40.44082085,-80.00033901,country_inferred
loc_8ye58k76,J & CO. HAIR SALON AND SPA,Salons,15 SOUTH STATE STREET,SUITE 107,BROWNSTOWN,PA,17508,United States,,(717) 661-1066,info@jandcosalonandspa.com,,40.12464400,-76.21391100,country_inferred
loc_g2w9jz77,J Christopher,Salons,65 Park St.,,Andover,MA,01810,United States,US,(978) 475-4884,09ice@comcast.net,,42.65711699,-71.13717117,country_normalized
loc_57wexmyn,J Hill Hair Studio,Salons,153 Turnpike Road Suite 302,,"Westborough,",MA,01581,United States,US,(508) 397-6744,jaimie@jhillhair.com,,42.28494897,-71.61331152,country_normalized
loc_g2w9jev7,J L Art Salon,Salons,9920 Gaston Rd,,Katy,TX,77494-7649,United States,,8325123814,jl.art@yahoo.com,,29.73484888,-95.81119217,country_inferred
loc_rkzgq6jq,J Michaels Spa and Salon,Salons,4121 Shelbyville Rd,Suite 1,Louisville,KY,40207,United States,,502-742-8790,jill@jmichaelsspaandsalon.com,,38.25336267,-85.64514032,country_inferred
loc_g2w9jkj7,J Society,Salons,"Shop 8, First Ave",,Sawtell,NSW,2452,Australia,Australia,,,,-30.36961669,153.10019593,
loc_rkzgqmkq,J. Bentley Hair Studio & Day Spa,Salons,8882 Moreland St,,Powell,OH,43065,United States,USA,614-790-8828,tbenner@jbentley.com,,40.17046582,-83.08901361,country_normalized
loc_57wexkwn,J. Christopher and Co.,Salons,1806 W Warren,,Marion,IL,62959,United States,,618-364-5944,juliemcalpin13@gmail.com,,37.72095618,-88.94811146,country_inferred
loc_k6mzxgnq,J. Lene Salon and Spa- Madalyn,Salons,13475 Vera McGowan Suite A,,Walker,LA,70785,United States,United States,(225) 523-7674,m10.cummings1@gmail.com,,30.53413842,-90.93043822,
loc_xpq2e6r6,J. Michael's Salon,Salons,3727 Blackhawk Rd Suite 104,,Rock Island,IL,61201,United States,US,319-798-4214,jmichaelssalon@yahoo.com,,41.46726794,-90.54814835,country_normalized
loc_rkzgqyqq,J.I.A Clinic,Clinics,"No.12, Ground Floor, Jalan Telawi 3, Bangsar Baru, 59100 Kuala Lumpur, Malaysia",,,Kuala Lumpur,59100,Malaysia,Malaysia,+603 2202 0888,jiaclinic@gmail.com,http://jiaclinic.my/,3.13214513,101.67116658,
loc_69nez285,J.Moore Salon,Salons,576 Kelly Ave,,Half moon bay,CA,94019,United States,US,+16505762166,jenmoorehair@me.com,,37.46356600,-122.43088800,country_normalized
loc_qzmyvv8y,J&C造型沙龍,Clinics,新北市板橋區仁化街11號1樓,,,,220,Taiwan,TW,02-22500318,,,25.03141012,121.47199024,country_normalized
loc_pqm892nk,J&S salon,Salons,4 Lakeview Road,,Webster,MA,01570,United States,US,(978) 413-9820,cherylaseymour@gmail.com,,42.05090689,-71.83800118,country_normalized
loc_57wexken,Jackson Salon,Salons,2311 Biscayne Dr Ste A,,Little Rock,AR,72227-3337,United States,,5012170303,j4jacksons@gmail.com,,34.77380200,-92.36204800,country_inferred
loc_n9mz6gg5,Jacobs Well Hair & Beauty,Salons,142 Eastlake Street,C- Lox On Att: Ben Ferrif,Carrara,QLD,4211,Australia,AU,755461601,jacobswellhairandbeauty@gmail.com,,-28.03948042,153.35399233,country_normalized
loc_wyvn25xx,Jade Collins Aesthetics,Clinics,"112 S Lorraine St Suite 104, Midland, TX 79701",,Midland,Texas,79701,United States,United States,575-420-9163,priscillabittler@jadecollinsbeauty.com,https://jadecollinsbeauty.glossgenius.com/,31.99735600,-102.07574600,
loc_95rw8q2y,Jade Salon- Laurel,Salons,103 S. Magnolia St.,,Hammond,LA,70403,United States,United States,985 662 4818,ltallia47098@gmail.com,,30.50353906,-90.46335117,
loc_jyewqkge,Jagged Edge,Salons,375 Argent street,,Broken Hill,NSW,2880,Australia,Au,0780877606,jaggededgeptyltd@icloud.com,,-31.95764352,141.46738823,country_normalized
loc_g2w9kqg7,Jaggered Edge Hair,Salons,"Shop 3, 57-61 Andrew Smith Drive",,Parafield Gardens,SA,5107,Australia,Au,0882815266,jillhickey@me.com,,-34.77199057,138.60534023,country_normalized
loc_pqm8zxqk,Jake Braatz,Salons,1110 N High Point Rd,,Madison,WI,53717-2272,United States,Us,7156301867,jakobbraat16@gmail.com,,43.08191266,-89.51961888,country_normalized
loc_69nez7w5,Jakob Dozen,Salons,18163 Wright Blvd,,Fairhope,AL,36532,United States,United States,251 423 6871,jakob@jakobdozen.com,,30.44860279,-88.23946405,
loc_exy62nkv,James Ashby Salon,Salons,1900 Country Club Dr Ste 15,,Mansfield,TX,76063-3490,United States,,8178008764,myhairstylistjenna@gmail.com,,32.59347100,-97.10788200,country_inferred
loc_qzmyvqjy,James Kelly,Salons,155 Fort Pitt Street,,Chatham,,ME4 6SS,United Kingdom,UK,+447918021794,jmedway85@gmail.com,,51.37877309,0.51767992,country_normalized
loc_yzy8jg2v,James Pryce,Salons,11 Peter Avenue NW10 2DD,,London,,NW10 2DD,United Kingdom,UK,+447810253898,james.pryce@hotmail.co.uk,,51.54452858,-0.23159224,country_normalized
loc_95rw8kwy,James Reed,Salons,4163 Kelnor Dr,,Grove City,OH,43123,United States,,614-633-7371,juliakudder2022@gmail.com,,39.87865336,-83.06713610,country_inferred
loc_yzy8j6rv,Jamie Kauffman,Salons,518 N Amos Ave,,Springfield,IL,62702,United States,,217-836-0437,kauffman.jamie@gmail.com,,39.80762652,-89.67747147,country_inferred
loc_qzmyv8ey,Jamie Yde,Salons,8250 Bash St,Suite 25,Indianapolis,IN,46250,United States,,317-552-9814,jamie.aker@gmail.com,http://Jamie Yde,39.90666400,-86.05006500,country_inferred
loc_yzy8jpnv,Janel Brown Vickers,Salons,2820 Oak Drive,,West Palm Beach,FL,33406,United States,US,(561) 543-4214,jb.hair86@gmail.com,,26.65726000,-80.08517700,country_normalized
loc_8ye58vy6,Janet White,Salons,9710 E Farm Road 116,,Strafford,MO,65757-7804,United States,,4177362226,janet@reedsplumbing.com,,37.23433700,-93.08044800,country_inferred
loc_yzy8jkmv,Jasmine Beauty,Clinics,"404 West Foltz Court, Garden City KS 67846",,Garden City,KS,67846,United States,United States,,,,37.98673599,-100.87382702,state_split_from_postal
loc_m7x8kr8v,Javaani Aesthetics Clinic,Clinics,"11A Penn Road, Hazlemere, Buckinghamshire, HP15 7LN",,Hazlemere,Buckinghamshire,HP15 7LN,United Kingdom,United Kingdom,01494 977935,consultation@javaani.com,https://javaani.com/,51.65127846,-0.71215117,
loc_7g25k99q,Jay Marie Salon,Salons,808 Cedar Pkwy,,Schererville,IN,46375,United States,USA,219-227-8437,jaymarie14125@gmail.com,,41.51416802,-87.47191433,country_normalized
loc_zzpngk5w,Jayne & Company,Salons,'4' 32 Boothby Street,,Kedron,QLD,4031,Australia,AU,411846266,info@baciamihairextensions.com.au,,-27.39739545,153.03303025,country_normalized
loc_k6mzx7nq,Jc Hair Studio,Salons,9 Cannington Bay,,White City,SK,S4L 0B3,Canada,,,jchairstudio01@hotmail.com,,50.43782636,-104.36317099,country_inferred
loc_zzpngkyw,Jc's Hair Artistry,Salons,Shop 2/231 Canley vale rd,,Canley heights,NSW,2166,Australia,Australia,,,,-33.88356317,150.92541619,
loc_2mqrggr9,Jean Ho Skin & Laser Clinic,Clinics,3 Mount Elizabeth #09-09 Mount Elizabeth Medical Centre Singapore 228510,,,Orchard Road and Vicinity,228510,Singapore,Singapore,+65 6737 6996,,https://drjeanho.com/,1.30458259,103.83556522,
loc_xpq2e5m6,Jelita Hair,Salons,74 Warwick rd,,SUNSHINE NORTH,VIC,3020,Australia,,377061080,jelitahair@hotmail.com,,-37.76848462,144.83697424,country_inferred
loc_vm9w2rwm,Jenn Shinn Studios,Salons,1099 Rockville Pike,,Rockville,MD,20852,United States,Us,(240) 246-5945,jennshinnstudios@gmail.com,,39.07080400,-77.13290100,country_normalized
loc_69nezxn5,Jennerations,Clinics,112 North Main Street,,Mansfield,MA,02048,United States,US,(508) 339-2020,jennerationssalon112@gmail.com,,42.02727689,-71.21777117,country_normalized
loc_xpq2ekn6,Jennifer Reed - The Salon Off Main,Salons,"203 Railroad St. Suite 1A, Buda TX 78610",,,,,,,,,,30.08144929,-97.84216030,
loc_pqm892wk,Jessica Lynn Salon,Clinics,283 New State Hwy,Unit 4,Raynham,MA,02767,United States,US,(774) 353-8607,jessicalyn721@icloud.com,,41.90560000,-71.05583700,country_normalized
loc_g2w9jv97,Jessica Oram Salon Inc.,Salons,15364 Evergreen Ave,,East Point,MI,48021,United States,USA,586-745-4268,jessicaoram75@gmail.com,,42.47040696,-82.96190136,country_normalized
loc_8ye58x86,Jia Clinic,Salons,"12, Ground Floor, Jln Telawi 3, Bangsar",,Kuala Lumpur,Wilayah Persekutuan Kuala Lumpur,59100,Malaysia,Malaysia,012-976 1113,,,3.13211052,101.67126888,
loc_wyvn22qx,JJ hair salon,Salons,台北市士林區天玉街2號,,台北市,士林區,111,Taiwan,,02-28739807,,,25.11981502,121.52666898,country_inferred
loc_qzmyvqyy,JK Skin Aesthetics,Clinics,"16 Sheep Cottage, Off Swan Street, Petersfield",,,Petersfield,GU32 3AG,United Kingdom,United Kingdom,01730 300403,jkaesthetics1@outlook.com,https://www.jkskinaesthetics.com/,51.00326836,-0.93841154,
loc_8ye587m6,Jo Davi Salon,Clinics,140 Monroe turnpike,,Trumbull,CT,06611,United States,US,(203) 374-7111,reception@jodavisalon.com,,41.29538000,-73.22881800,country_normalized
loc_8ye588q6,Jo Medical Clinic,Clinics,"1 Fifth Avenue #02-08, Level 2 Guthrie House",,,Bukit Timah,268802,Singapore,Singapore,+65 6980 0321,Info@joaestheticclinic.sg,https://jomedicalclinic.sg/,1.33065885,103.79572435,
loc_qzmyv8gy,Joanie Ragusa,Salons,12500 Old Hammond Hwy J2,,Baton Rouge,LA,70816,United States,United States,225 939 5683,jcanv123@yahoo.com,,30.53881752,-91.19910853,
loc_7g25kz9q,Joanna Fotiadis Hair Artistry,Salons,188 homer st,,EARLWOOD,NSW,2206,Australia,,416110860,Jfhairartistry@gmail.com,,-33.92709756,151.12950625,country_inferred
loc_wyvn2q5x,Joanne's Aesthetics,Clinics,"64 Sycolin Rd SE B,",,Leesburg,VA,20175,United States,United States,,,,39.10568901,-77.55288204,state_split_from_postal
loc_2mqrgkv9,Jody Henderson REP,Salons,1623 CR 725 N,,Sullivan,IL,61951,United States,USA,217-246-4539,jodydhenderson@aol.com,,39.50925647,-88.49659145,country_normalized
loc_69nez7g5,John Hardy,Salons,P.O. Box 765,,Prairieville,LA,70769,United States,United States,225 978 4002,jhardybr@gmail.com,,30.22711184,-90.92255086,
loc_95rw8vwy,John Patterson DMD PLC,Clinics,3245 W Ray Rd,Ste 6,Chandler,Arizona,85286,United States,USA,+14802806170,johnpattersondmd@gmail.com,https://drjohnpatterson.com/contact/,33.32018971,-111.89750076,country_normalized
loc_pqm89ppk,Johnny Rodriguez Legacy W,Salons,7500 Windrose Ave Ste B193,,Plano,TX,75024-0163,United States,,2149149989,p2149149989@gmail.com,,33.08008000,-96.82591900,country_inferred
loc_69nez6m5,Joiaesthetics,Clinics,814 W Cypress St,,St Rogers,Arkansas,72756,United States,USA,+14798880308,joiesthetics7@gmail.com,https://www.instagram.com/joiesthetics/,36.32976903,-94.12586289,country_normalized
loc_qzmyv6zy,Joint Hair,Salons,Unit 2/79 Unley Rd,,Parkside,SA,5063,Australia,,872266201,admin@jointhair.com.au,,-34.94657256,138.60722709,country_from_tld
loc_xpq2e7v6,Jolan's Hair Design,Clinics,1175 Main Street,,S Weymouth,MA,02190,United States,US,(781) 331-1075,motomom377@hotmail.com,,42.16497200,-70.95512800,country_normalized
loc_vm9wnvnm,Jolley Beauty Co,Salons,21 E. Main St,,Macungie,PA,18062,United States,,(484) 264-0614,jolleybeautyco@yahoo.com,,40.51605000,-75.55507400,country_inferred
loc_m7x8kewv,Jones & Me,Salons,6 Provan Street,Shop G25,Campbell,ACT,2612,Australia,,261693999,accounts@jonesandme.com.au,,-35.28878458,149.14387424,country_inferred
loc_7g25kzxq,JONNY + JUNE Hair,Salons,104 Glenmore Road,,Paddington,NSW,2021,Australia,Australia,,,,-33.88147398,151.22400070,
loc_m7x8krwv,Joolia Gilvey Aesthetics,Clinics,"15 Plumstead Rd, Thorpe End, Norwich NR13 5BS",,,Norfolk,NR13 5BS,United Kingdom,United Kingdom,,,https://jooliagilvey.co.uk/,52.64848841,1.36651375,
loc_vm9wnxwm,Jordan Jacobs Medical Artistry,Clinics,"322 W 57th St #24h, New York, NY 10019",,New York,New York,10019,United States,United States,212-517-1855,info@JordanJacobsNYC.com,https://jordanjacobsnyc.com/,40.76676679,-73.98401212,
loc_vm9wng5m,Jordan Mabey,Salons,560 6 Ave SE,,Calgary,AB,T2G 0H1,Canada,,,j.mabey@outlook.com,,51.04783636,-114.05018686,country_inferred
loc_95rw87qy,Joselyn Bancs,Salons,9/206 Kingsway,,Woolooware,NSW,2230,Australia,Australia,,,,-34.04612067,151.13310785,
loc_n9mz6rk5,Joseph Guin Barber - SHOP,Salons,6018 Line Avenue,,Shreveport,LA,71106,United States,United States,318 865 2525,josephguin1@gmail.com,,32.45363200,-93.74613429,
loc_qzmyv65y,JOW PROJECTS PTY LTD trading as Joel Wallbank Hair,Salons,3 51 Bayswater Rd,C/O Danni Deane,Potts Point,NSW,2011,Australia,Australia,,,,-33.87552325,151.22467880,
loc_exy62n6v,Joyful Hair Studio Inc.,Salons,793 Timberline Dr,,Fort Mcmurray,AB,T9K 1B1,Canada,,,joyfulhairstudio@gmail.com,https://joyfulhairstudio.com/,56.74392969,-111.41182544,country_inferred
loc_7g25kkqq,Joyre Medical & Aesthetic Clinic,Clinics,"#B1-41 Jurong Point, Singapore 648886",,,Jurong West,648886,Singapore,Singapore,69085971,,https://joyremedicalaesthetic.com/,1.33974430,103.70672970,
loc_exy62rev,JR Medical,Clinics,"42 Highfield Gardens, Westcliff on sea, Essex SS00SX",,,Essex,SS00SX,United Kingdom,United Kingdom,,,https://www.jrmedical.co.uk/,51.55248531,0.69375613,
loc_69nez755,JRK Studios - Scott Kotrch Jr.,Salons,6810 Old 28th Street SE,Suite #1,Grand Rapids,MI,49546,United States,,616-340-5786,jr.jrk.studios@gmail.com,http://Scott Kotrch Jr.,42.91339124,-85.50342880,country_inferred
loc_7g25k7nq,Jstyles Salon,Salons,5425 Kostoryz Rd,,Corpus Christi,TX,78415-1907,United States,,3617798273,jbjacuna@gmail.com,,27.72338500,-97.41601100,country_inferred
loc_yzy8jjkv,Js髮型工作室,Salons,新北市鶯歌區建國路210巷6號1樓,,新北市,鶯歌區,239,Taiwan,,02-86780659,,,24.95389499,121.34916399,country_inferred
loc_2mqrgyj9,Jubilee Clinic and Aesthetics,Clinics,"2330 San Ramon Valley Blvd., San Ramon, CA 94583",,San Ramon,CA,94583,United States,United States,,,https://www.jubileeclinicandaesthetics.com/,37.87815500,-122.18053000,state_split_from_postal
loc_exy62nqv,Juliet Rose C/O Andrea Mejia,Salons,44 Ashton Gate,,Spruce Grove,AB,T7X 0H9,Canada,,,julietrosesalon@gmail.com,https://www.julietrosesalon.com/,53.56587762,-113.91118663,country_inferred
loc_jyewmvze,Julz,Salons,4 Phyllis Court,,Warren,NJ,07059,United States,US,+19732167555,julieyusko@gmail.com,,40.61054000,-74.50539500,country_normalized
loc_pqm892jk,June j. Beauty,Salons,29 Charcoal Ridge Road,,New Fairfield,CT,06812,United States,US,(475) 279-3567,julm1010@icloud.com,,41.45458800,-73.48694202,country_normalized
loc_95rw7pwy,Just Hair,Salons,15 Olney Sandy Spring Rd,,Ashton,MD,20861,United States,Us,(301) 774-6928,bub4224@aol.com,,39.14942023,-77.01261402,country_normalized
loc_g2w9jjw7,JU捷筑髮型設計,Salons,台中市北屯區軍和街126號,,台中市,北屯區,406,Taiwan,,04-24391979,,,24.17663499,120.71999000,country_inferred
loc_69nez2z5,JY,Salons,744 E Valencia St,,Anaheim,CA,92805,United States,US,+12135054264,jaymiyoon@gmail.com,,33.82855200,-117.90394300,country_normalized
loc_jyewmj5e,K Marie Salon - Krista Hertzel,Salons,Bleach Salon,1816 W. Belmont Avenue,Chicago,IL,60657,United States,US,(708) 642-0698,kmariehairstudio@gmail.com,,41.93988000,-87.67463500,country_normalized
loc_pqm896wk,K&B Renaissance,Salons,97 E Harbor Drive,,Lake Zurich,IL,60047,United States,US,+19083773029,anoli1708@gmail.com,,42.16938800,-88.07681300,country_normalized
loc_jyewmq6e,K18 Salon - COD Account,Salons,(blank),,Truganina,VIC,3029,Australia,Australia,,,,-37.83100000,144.72800000,
loc_jyewm5pe,KA J SALON SUITES,Salons,2498 W NEW ORLEANS ST,,,OK,74011-1590,United States,74011-1590,9186055815,BECKYBABYY@GMAIL.COM,,36.01753502,-95.81919842,zip_recovered_from_country; country_inferred
loc_2mqrggg9,Kabuki Haircutters,Salons,Shop 3-55 Cavenagh St,,Darwin City,NT,800,Australia,Australia,,,,-12.45966248,130.83989254,
loc_n9mz67y5,Kacper Szymonik Studio,Salons,"Miła 7/1U, 55-200 Oława",,,,,,,736661715,kj.szymonik13@gmail.com,,50.94988846,17.27357258,phone_comma_stripped
loc_exy62n8v,Kadiza,Salons,7604 Milwaukee Ave,,Lubbock,TX,79424,United States,US,8067923909,kadizahairstudio2010@yahoo.com,,33.52572300,-101.95760700,country_normalized
loc_jyewmj9e,Kait Jones Beauty,Salons,4781 E Golike LN,,Bethalto,IL,62010,United States,US,+16362212775,kaitajones@yahoo.com,,38.95338500,-90.04266400,country_normalized
loc_rkzgqj9q,Kaitlan Wilson Hair & Makeup,Salons,18 Church St,,Hudson,MA,01749,United States,US,(978) 333-9229,fabulous@kaitlanwilson.com,,42.39270748,-71.56711522,country_normalized
loc_n9mz6ez5,Kaitlyn,Salons,12414 Frank Dr.,,Romeo,MI,48065,United States,,586-453-1076,Kaitlynsherman02@gmail.com,,42.81614701,-83.01420136,country_inferred
loc_xpq2ejx6,KALA MedSpa,Clinics,67 Mendip House,Edmonton Green,London,Greater London,N9 0TA,United Kingdom,UK,447446691185,kalamedicalspa@gmail.com,https://www.kalamedspa.com/,51.62455019,-0.05844131,country_normalized
loc_exy62pzv,Kaleidoscope,Salons,"6251 Perkins Road Ste. B Baton Rouge,",,LA,,70808,,,225-324-4748,kaleidoscope.br@gmail.com,http://www.kaleidoscopebr.com,30.40581322,-91.12341605,
loc_qzmyvney,Kan Esthetics,Clinics,1660 S Amphlett Blvd,UNIT 308,San Mateo,California,94402,United States,USA,+14159830199,vivkan9@gmail.com,,37.55912900,-122.30338900,country_normalized
loc_exy62rwv,Karen Brown,Salons,Little orchard,Raleigh Drive,Claygate,,KT109DE,United Kingdom,UK,+447840484905,surreyelectrolysis@yahoo.co.uk,,51.36458471,-0.35209106,country_normalized
loc_69nez6r5,Karen Dunlop Hair Design (P),Salons,70 Leddy Cres,,Saskatoon,SK,S7H 3Y8,Canada,,,karendunlop.hairdesign@gmail.com,http://karendunlophairdesign.com,52.11785389,-106.59817465,country_inferred
loc_7g25k95q,Karizma Salon,Salons,193 S Marshall St,,,MO,65742-8829,United States,,4176899173,stacychick32@gmail.com,,37.11631700,-93.07465900,country_inferred
loc_2mqrg2r9,Karma House Clinic,Clinics,"32 Bishopstone Road Stone, Aylesbury HP17 8QX",,,Buckinghamshire,HP17 8QX,United Kingdom,United Kingdom,01296 614 441,info@karmahouse.co.uk,https://karmahouse.co.uk/,51.80164849,-0.86036141,
loc_k6mzxg2q,Karma Salon,Salons,101 West Main Cross,,Taylorville,IL,62568,United States,,217-824-2099,lizh.karma@gmail.com,,39.54946480,-89.29511463,country_inferred
loc_k6mzxqnq,Kashmire LLC,Clinics,221 Boston Post Rd,,Orange,CT,06477,United States,US,(203) 795-0500,kashmirebeauty@gmail.com,,41.27002676,-72.99806120,country_normalized
loc_jyewm5ge,Kassandra Froehliech C/O The Guild,Salons,230 22nd St E,Unit 300,Saskatoon,SK,S7K 0E9,Canada,,,Kassy@atelierluxuryextensionlounge.com,http://atelierluxuryextensionlounge.com,52.12885408,-106.66217476,country_inferred
loc_rkzgq2yq,Kat Motlagh's Health Clinics Encino Surgical Medical Center,Clinics,"16250 Ventura Blvd, Suite 435 Encino CA 91316",,Los Angeles,California,91316,United States,United States,+1 818-382-6400,,https://www.kmhcs.com/,34.15654870,-118.48945000,
loc_xpq2ekq6,Kat's Beauty Bar,Salons,1288 Janet ln,,Brownsville,TX,78526,United States,US,+19568019333,katscolorcreations@gmail.com,,25.95622300,-97.47098900,country_normalized
loc_vm9wnvrm,Kate Thompson Hair LLC,Salons,10360 Ash Rill Dr,,Alpharetta,GA,30022,United States,US,+17065800160,katesadams18@me.com,,34.03216900,-84.27028000,country_normalized
loc_qzmyve8y,Kathryn Blaisdel Studio,Salons,611 Breakfast Hill Rd,,Greenland,NH,03842,United States,US,(603) 205-6605,kb83251@gmail.com,,43.00742705,-70.80715116,country_normalized
loc_7g25kzpq,Kathryn White Hairstylist,Salons,362 Pakington Street,,Newtown,VIC,3220,Australia,Australia,,,,-38.15844625,144.34514236,
loc_69nez695,Katie Prince Larsen,Salons,2104 Loveland Lane,,Farmington,UT,84025,United States,US,+18016186351,katieplarsen88@gmail.com,,40.98999100,-111.93308600,country_normalized
loc_8ye58vr6,Katie Womack,Salons,1574 north 1600 east rd,,Taylorville,IL,62568,United States,,217-827-9620,Katie.stephens91@gmail.com,,39.57864845,-89.23114620,country_inferred
loc_57wexgmn,Katie’s Hair Co,Salons,100 brunker road,,Adamstown,NSW,2289,Australia,,49694333,katieshairco@hotmail.com,,-32.92865540,151.73152249,country_inferred
loc_qzmyv6xy,Kato Dermatology Clinic,Clinics,,,Aichi,,,Japan,Japan,,,http://www.katohifuka.jp/,34.99916573,137.25457225,
loc_vm9wngym,KATOURS,Salons,5924 CONVAIR DR,,,TX,76109-1272,United States,76109-1272,8174554536,stylesbysw@gmail.com,,32.69944810,-97.41326240,zip_recovered_from_country; country_inferred
loc_qzmyvwjy,Katours Salon,Salons,5924 Convair Dr Ste 444,,Fort Worth,TX,76109-1274,United States,,2145519997,kristinamed10@yahoo.com,,32.70024800,-97.41322700,country_inferred
loc_n9mz66r5,Kawa Hair 1店(@),Clinics,新北市三重區重安街82號,,,,241,Taiwan,TW,02-29742223,,,25.05641053,121.49219905,country_normalized
loc_xpq25886,Kazemi Skin Face Body Center,Salons,"Level 3, Glorietta 3 , Makati City",,,,,Philippines,PH,09178529364 (8-KAZEMI),,,14.55248238,121.02517198,country_normalized
loc_8ye588z6,KBL Healthcare,Clinics,"L1-88, The Shoppes at Marina Bay Sands, 2 Bayfront Avenue",,,Central Business District,18972,Singapore,Singapore,+65 6688 7018,info@kblhealthcare.com.sg,https://www.kblhealthcare.com.sg/,1.28395330,103.85885115,
loc_7g25kx9q,KC Mac Beauty,Salons,421 Silverbell Terr NE,,Leesburg,VA,20176,United States,US,(703) 463-0065,kcmacbeauty@gmail.com,,39.10519641,-77.53004127,country_normalized
loc_xpq2e756,KD Wellness Retreat,Salons,The Stables at Mounds Court Farm,Siston Hill,Bristol,,BS305LU,United Kingdom,UK,+447766541318,contact@kdwellnessretreat.com,,51.46694661,-2.46869219,country_normalized
loc_xpq2e5z6,kei clinic,Clinics,,,Tochigi,,,Japan,Japan,,,https://kei.clinic/,36.67821601,139.80965229,
loc_n9mz6wn5,Keldara Salon,Salons,650 Washington St,,Dedham,MA,02026,United States,US,(781) 251-6600,lynae@keldara.com,,42.24030800,-71.17894500,country_normalized
loc_xpq2eyk6,Kelly James Salon,Salons,26 S. Goodman Street,,Rochester,NY,14607,United States,US,+15854516267,jaimelyn5486@yahoo.com,,43.15118600,-77.58870700,country_normalized
loc_g2w9jkw7,Kelsey Mae Hair,Salons,U6/346 Griffith Rd,,Lavington,NSW,2641,Australia,Australia,,,,-36.04969447,146.93527698,
loc_yzy8j6qv,Kelsie Inskeep Sterchi,Salons,1708 Linda Lane,,Olney,IL,62450,United States,,618-780-7377,skeep84@hotmail.com,http://Kelsie Sterchi,38.74680000,-88.08365000,country_inferred
loc_xpq2e5p6,Kenjin Orthopedics/Internal Medicine,Clinics,,,Kanagawa,,,Japan,Japan,,,,35.41754580,139.33943123,
loc_pqm89zvk,Kerrie Di Mattia Hairstylist,Salons,Upstairs @57 Prince Street,,Grafton,NSW,2460,Australia,Australia,,,,-29.69023992,152.93361592,
loc_95rw89my,KES @ the Summit,Salons,100 Reserve Rd,,Danbury,CT,06810,United States,US,(203) 312-0577,kate@katemilies.com,,41.38241678,-73.53094120,country_normalized
loc_zzpng88w,Kevin Charles Salon,Salons,6565 Hillcrest Ave,,Dallas,TX,75205-1840,United States,,2145161234,alinasedden@icloud.com,,32.84632538,-96.78792159,country_inferred
loc_zzpngv2w,Key To Beauty,Salons,63 Tremont St.,,Tauton,MA,02780,United States,US,(774) 372-1612,amy@ktbsalon.com,,41.90552500,-71.10655300,country_normalized
loc_jyewmqze,Keyakihifudae,Clinics,,,Toyama,,,Japan,Japan,,,https://keyaki-hihuka.com/,36.64680600,137.21835225,
loc_g2w9jvx7,Keysfacials,Clinics,5450 MacDonald Ave,Suite 12,Key West,Florida,33040,United States,USA,+13053049747,keysfacials@gmail.com,https://www.keysmedspa.com/,24.57275948,-81.74003349,country_normalized
loc_69nez685,kfllc,Clinics,23920 katy freeway,st 440,Houston,Texas,77494,United States,USA,+13462574299,kfarheen@myhras.com,https://www.drfarheen.com/?utm_source=gmb_auth,29.78488800,-95.78731700,country_normalized
loc_vm9wnxym,KG Hair Artistry,Clinics,80 Langley Rd,,Newton,MA,02459,United States,US,(857) 404-6970,kelliew61904@gmail.com,,42.33013600,-71.19101000,country_normalized
loc_jyewm5we,KH Hair Salon,Salons,7484 W Mission View Pl,,Tucson,AZ,85743,United States,,520-490-7744,jen@kandhsalon.com,,32.38085305,-111.12418207,country_inferred
loc_xpq2ek26,Kickass Hair (R),Salons,#6 5601 31st Street,,Lloydminster,AB,T9V 2H3,Canada,,,Kickasshair.ltd@gmail.com,http://Www.kickasshair.com,53.26687272,-110.02118026,country_inferred
loc_m7x8kvqv,Kim at Coco Dean,Salons,2200 Crestline Dr,,Winfield,KS,67156-8505,United States,US,+13162002122,kimmifb@yahoo.com,,37.23814900,-97.02081900,country_normalized
loc_m7x8kmxv,Kim Schilawski,Salons,3555 W. Center,,Decatur,IL,62526,United States,,217-855-7184,kim.schilawski@gmail.com,http://Kim Schilawski,39.88545218,-88.89793337,country_inferred
loc_57wexkgn,Kimberly Renee Studio 1,Salons,"10 East Andrews Drive, STE 1",,Atlanta,GA,30305,United States,US,(404) 549-3452,1krkowal@gmail.com,,33.84353289,-84.37949482,country_normalized
loc_2mqrger9,Kind Beauty Company,Salons,106 S Main Street,,Romeo,MI,48065,United States,USA,810-683-4757,Allyssahalbert@gmail.com,,42.80227013,-83.01313601,country_normalized
loc_2mqrgp69,King Man Luk,Salons,Shop 23 183-185 Rowe st,,Eastwood,NSW,2122,Australia,,452388866,luk.kingman@yahoo.com.hk,,-33.79160655,151.07965725,country_inferred
loc_95rw87ey,Kinn Collective,Salons,233 Esplanade,,Lakes Entrance,VIC,3909,Australia,AU,413555923,kinncollective@gmail.com,,-37.88133621,147.98127242,country_normalized
loc_7g25kzvq,Kinsan Clinic,Clinics,,,Aichi,,,Japan,Japan,,,https://kinsanclinic.jp/,34.99916573,137.25457225,
loc_pqm89vek,Kiri Gardner Beautician,Clinics,"High St, Staplehurst, Tonbridge TN12 0AD",,Tonbridge,,TN12 0AD,United Kingdom,United Kingdom,01580 388338,enquiries@kirigardner.co.uk,https://kirigardner.co.uk/,51.16051680,0.55265207,
loc_jyewmvne,Kismet,Clinics,250 Commercial St.,,Manchester,NH,03101,United States,US,(603) 668-4123,nancyroll@comcast.net,,42.98996704,-71.46895117,country_normalized
loc_yzy8jx5v,Kitayama Olive Dermatology,Clinics,,,Kyoto,,,Japan,Japan,,,https://olive-hifuka.com/,35.01175574,135.76821822,
loc_exy62p6v,Kj And Kompany,Salons,912 Viking Rd Ste 105,,Cedar Falls,IA,50613-9536,United States,,,kjandkompany@yahoo.com,,42.48368300,-92.45614300,country_inferred
loc_xpq2e5x6,KK Barber,Salons,30 Nightingale Way,,Shepparton,VIC,3630,Australia,,411401290,kk.barber@yahoo.com,,-36.36035060,145.41491824,country_inferred
loc_n9mz6ep5,KKutz Official Barbershop,Salons,3011 State Rd,,Ashtabula,OH,44004,United States,,440-661-2221,kalebmckinney10@yahoo.com,,41.87946862,-80.77281323,country_inferred
loc_jyewmv9e,Klever Klippers,Salons,"18 Main Street, Box 16",,"Townsend,",MA,01469,United States,US,(978) 597-5267,margaret.basinas@gmail.com,,42.66124353,-71.69422511,country_normalized
loc_m7x8krev,Klinik Dia Raissa,Clinics,"Lot 37, Jalan S2 B16, Pusat Dagangan, Seremban 2, 70300 Seremban, Negeri Sembilan",,,Negeri Sembilan,70300,Malaysia,Malaysia,+60 18-322 4295,drnadia@klinikdiaraissa.com,http://klinikdiaraissa.com/,2.69816442,101.91227167,
loc_g2w9jrr7,Klinik Dia Raissa - Setia Alam,Salons,"62A, Jalan Eco Ardence C U12/36C",,Shah Alam,Selangor,40170,Malaysia,Malaysia,010-262 4295,,https://klinikdiaraissa.com/,3.08684300,101.47649900,email_placeholder_blanked
loc_pqm89v9k,Klinik Dr Lau,Salons,"No. 1, 17A, Jalan Desa 1/5, Desa Aman Puri",,Kuala Lumpur,Selangor,52100,Malaysia,Malaysia,019-426 1899,,,3.21191990,101.61646356,email_placeholder_blanked
loc_qzmyvvxy,Klinik Foo,Salons,"64, Jalan Dedap 13, Taman Johor Jaya",,Johor Bahru,Johor,81100,Malaysia,Malaysia,07-362 4357,,https://www.clinicfoo.com/,1.54123439,103.80292022,email_placeholder_blanked
loc_rkzgqyyq,Klinik Health Sense,Salons,"37, Jalan USJ 10/1d, Taipan Business Centre",,Subang Jaya,Selangor,47620,Malaysia,Malaysia,03-8081 1521,,,3.04927359,101.58418527,
loc_qzmyvq6y,Klinik Kok Kai Yan,Clinics,"99, Jalan Sultan Azlan Shah, Titiwangsa Sentral, 51200 Kuala Lumpur",,,Kuala Lumpur,51200,Malaysia,Malaysia,03-4042 5352,,,3.16985194,101.69531666,
loc_xpq2ej56,Klinik Kota Laksamana,Clinics,"17, Jalan KL 3/15, Taman Kota Laksamana, 75200 Melaka",,,Melaka,75200,Malaysia,Malaysia,06-283 0850,,,2.19501360,102.23616750,
loc_8ye58xx6,Klinik Kulit & Keluarga Dr. Farhat Ayaz,Clinics,"The Strand, 31-G, Jalan PJU 5/20a, Kota Damansara, 47810 Petaling Jaya, Selangor",,,Selangor,47810,Malaysia,Malaysia,03-6142 8505,,,3.15539000,101.59145003,
loc_rkzgqy7q,Klinik Suzana,Salons,"36, 38, 38A, Jalan Indah 1, Taman Bukit Indah",,Iskandar Puteri,Johor,79100,Malaysia,Malaysia,010-290 6248,klinik_suzana@yahoo.com,https://kliniksuzana.com/,1.48655018,103.66339263,
loc_n9mz6775,Klinik Terry Lee,Clinics,"32, Jalan Kamaruddin Isa, Fair Park, 31400 Ipoh, Perak",,,Perak,31400,Malaysia,Malaysia,175237428,,https://www.terryleeclinic.com/,4.60638755,101.09316563,
loc_2mqrg229,Klinik YK Thong,Clinics,"45-1-2 Jalan Setia Prima (A) U13/A, Setia Alam Seksyen U13, 40170 Shah Alam, Selangor",,,Selangor,40170,Malaysia,Malaysia,6016 348 2348,,https://drykthong.com/,3.09545072,101.44431662,
loc_m7x8kr6v,KM Aesthetics,Clinics,"Blush, Getliffes Yard, Leek, ST13 6HU",,Leek,,ST13 6HU,United Kingdom,United Kingdom,07788 851440,kelly-may-@hotmail.co.uk,https://km-aesthetics.co.uk/,53.10598970,-2.02218780,
loc_rkzgq7kq,Ko Clinic,Clinics,,,Kanagawa,,,Japan,Japan,,,https://ko-clinic.jp/,35.41754580,139.33943123,
loc_yzy8jjxv,Kobe Yamate Clinic,Clinics,"5F, Kiguchi Building, 1-4-4 Sannomiya-cho, Chuo-ku, Kobe-shi",,Hyogo,,,Japan,Japan,078-391-5822,,https://www.webyamate.com/,34.69084983,135.19295240,
loc_57wex6qn,Koi Salon - Casey,Salons,"6706 N New Braunfels Ave, San Antonio, Texas",,,TX,78209,United States,,(210)-320-1196,salonkoi@gmail.com,,29.49248320,-98.45816131,country_inferred
loc_m7x8k22v,Koiled and Coiffed,Salons,7602 Bay Way,,District Heights,MD,20747,United States,US,(240) 601-3034,nakomis.quinzell@gmail.com,,38.85931700,-76.87450100,country_normalized
loc_zzpng6gw,Konfident Hair Clinic & Salon,Salons,3220 Hwy 5,,Douglasville,GA,30135,United States,US,,monroe_4@msn.com,,33.71732800,-84.76405900,country_normalized
loc_g2w9jrg7,Koop Aesthetics,Clinics,"Battlers Green Farm, Radlett WD7 8PH",,Radlett,,WD7 8PH,United Kingdom,United Kingdom,07563 332540,info@koopandco.co.uk,https://phorest.com/book/salons/koopaestheticsandbeauty,51.67397030,-0.33074410,
loc_wyvn22wx,Kooza果勒藝術髮沙龍,Salons,高雄市鼓山區美術東三路70號,,高雄市,鼓山區,804,Taiwan,,07-5539218,,,22.65754299,120.29118299,country_inferred
loc_k6mzp8kq,KORTNI CARR,Salons,15234 HORTON ST,,OVERLAND PARK,KS,66223-3232,United States,US,9138329039,KORTNI.CARR@GMAIL.COM,,38.85119700,-94.65928500,country_normalized
loc_vm9wn8km,Kosmesis Skin Clinic,Clinics,"129 Harley Street, London W1G 6BA",,,London,W1G 6BA,United Kingdom,United Kingdom,+44 20 7486 9040,,http://cosmetic-solutions.co.uk,51.52216200,-0.14870300,
loc_8ye586y6,Kosugi Ladies Clinic,Clinics,,,Kanagawa,,,Japan,Japan,,,https://kosugi-ladies.jp/,35.41754580,139.33943123,
loc_n9mz6gw5,Kouture Hair Artistry,Salons,2/468 Pacific Highway,,Belmont,NSW,2280,Australia,Australia,,,,-33.03109290,151.66013627,
loc_zzpnggrw,Kowayo Aesthetic,Clinics,"1 Raffles Link, #01-03, Singapore 039393",,,Central Business District,39393,Singapore,Singapore,+65 6884 4297,enquiries@kowayo.com,http://kowayoaesthetic.com/contact-us/,1.29238369,103.85501433,
loc_8ye58996,Krista Nicole Beauty,Salons,3409 Premier Dr,,Plano,TX,75023-7031,United States,,2147807950,kristanicolebeauty@gmail.com,,33.04432000,-96.70467800,country_inferred
loc_exy62p9v,Kristen Lee Artistry LLC,Salons,1206 Kimmy Ln,,Warrensburg,MO,64093,United States,US,+16604417202,kristenleeartistryllc@gmail.com,,38.77918002,-93.71426400,country_normalized
loc_m7x8kezv,Kristie Hedington,Salons,11 Forest Street,,Bendigo,VIC,3550,Australia,Australia,,,,-36.75990602,144.27651236,
loc_69nez8j5,Kristin Hubbell,Salons,37485 Fountain Park Circle,,Westland,MI,48185,United States,,734-250-0866,mrs.khubbell@gmail.com,,42.34166937,-83.41131367,country_inferred
loc_pqm89vvk,Kritthada clinic,Clinics,"A4 Room, 769 Little Walk Building, Bangna-Trad Road, Bangna, Bangkok.",,,Bangkok,10260,Thailand,Thailand,02-024-8994,kritthadaclinic@gmail.com,https://www.kritthadaclinic.com/,13.66802239,100.63916489,
loc_g2w9jjz7,Kuan Salon,Salons,台北市大安區安和路一段127巷12號,,台北市,大安區,106,Taiwan,,02-27047999,,,25.03458800,121.55324397,country_inferred
loc_exy62r7v,Kubba Skin Clinic,Clinics,"10, Aradhana Enclave RK Puram, Sector 13, Ring Road, New Delhi 110006",,,New Delhi,110006,India,India,"00-91-9871665744, 00-91-8800788655",info@kubbaskinclinic.com,http://www.kubbaskinclinic.com/,28.57452468,77.18012126,
loc_wyvn222x,Kuhara Dermatology/Kuhara Cardiology,Clinics,,,Kumamoto,,,Japan,Japan,,,https://kuhara-hifuka.com/,32.64504535,130.63413214,
loc_n9mz6665,Kumamoto Kayoko Clinic,Clinics,,,Kumamoto,,,Japan,Japan,,,https://www.nakamura-biyou.com/,32.64504535,130.63413214,
loc_7g25k89q,Kyla Salon,Clinics,"721 Hale St, Beverly, MA 01915",,Boston,MA,01915,United States,United States,,,https://www.kylasalon.com/,42.56243697,-70.81441160,state_split_from_postal
loc_rkzgq77q,Kynd Hair Collective,Salons,8/190 Varsity Pde,,Varsity Lakes,QLD,4227,Australia,Australia,,,,-28.07960153,153.41049692,
loc_69nez625,L Label hair company,Salons,850 leora lane,3113,Lewisville,TX,75056,United States,US,+16184351340,hbb.managed@gmail.com,,33.06110000,-96.91640000,country_normalized
loc_pqm89z9k,L'Artiste Coiffeur,Salons,7 Lindsay St,,Hawthorne,QLD,4171,Australia,AU,733581214,kaitlyn.wagner@gmail.com,,-27.46175945,153.05992425,country_normalized
loc_yzy8j9ev,L'Elegance,Salons,166 South Main St,Unit A,Cheshire,CT,06410,United States,US,(203) 248-9687,lelegancesalonhamden@gmail.com,,41.49664300,-72.90241400,country_normalized
loc_yzy8jk9v,La Bella Hair Salon,Salons,11715 Spring Cypress Rd,,Tomball,TX,77377-8930,United States,,2815433239,labellaretreat07@gmail.com,,30.01238492,-95.60276157,country_inferred
loc_57wex5xn,La Bella Nina,Salons,1117 West Baltimore Pike,,Media,PA,19063,United States,,(610) 256-3700,albagirls22@gmail.com,,39.91264500,-75.43938800,country_inferred
loc_yzy8jkzv,La Coupe Hair Studio,Salons,7723 85th Street NW,,Edmonton,AB,T6C 3B4,Canada,,,lacoupehairstudio@gmail.com,http://lacoupehairstudio.ca,53.51487678,-113.45718589,country_inferred
loc_n9mz67g5,La Jung Clinic,Clinics,"L4A-1 Level 4A, Shoppes at Four Seasons Place-KL, No. 145, Jalan Ampang, 50450 Kuala Lumpur",,,Kuala Lumpur,50450,Malaysia,Malaysia,(603) 2856 7616,concierge@lajung.com.my,https://lajung.com.my/,3.15845175,101.71361666,
loc_m7x8krqv,La Passione Angelika KoŁAcz,Salons,"Opolska 6, 42-600 Tarnowskie Góry",,,,,,,784412884,lapassione.ak@gmail.com,,50.43493702,18.84382348,phone_comma_stripped
loc_qzmyvqgy,la Perla Medical Aesthetics Ltd,Clinics,212 Kings Street,,London,,W6 0RA,United Kingdom,UK,0203 370 6656,letstalk@myaesthetics.com,https://www.laperlamedicalaestheticsltd.co.uk/contact,51.49308260,-0.23607321,name_whitespace; country_normalized
loc_57wexggn,La Sorella,Salons,5/2 Acacia Court,,Robina,QLD,4226,Australia,Australia,,,,-28.09065460,153.39538251,
loc_pqm89ggk,La Veronique Georgetown Beauty Salon,Salons,"1208 31st St NW, Washington, DC 20007",,,,,,,(202) 717-2581,,,38.90556374,-77.06131263,
loc_95rw8zky,La Visage Aesthetic Clinic,Clinics,"142 J.B. Marks Road, Berea, Durban, South Africa 4083",,,Durban,4083,South Africa,South Africa,+27 031 201 1384 / 074 611 4240,info@lavisage.co.za,https://lavisage.co.za/,-29.85593489,30.98965508,
loc_n9mz6qj5,Label Hair Co (R),Salons,120 Sonnenschein Way,Unit #112,Saskatoon,SK,S7M 1M8,Canada,,,labelhairco@outlook.com,http://label-hair-co.square.site,52.12485400,-106.67117477,country_inferred
loc_8ye58vz6,Labella Salon - SHOP,Salons,9436 Florida Blvd.,,Walker,LA,70785,United States,United States,225 791 5100,awarr.cooks@gmail.com,,30.48570068,-90.88502557,
loc_k6mzxppq,Lace Hair Styling,Salons,1/199 Ron penhaligon way,Robina Village,Robina,QLD,4226,Australia,Australia,,,,-28.06348996,153.40522353,
loc_8ye58v56,Lacey Henry,Salons,18645 Highway 9,,Cresco,IA,52136-8255,United States,US,5157776860,lace.hair.studio@gmail.com,,43.37104400,-92.20618600,country_normalized
loc_wyvn2ezx,Lagenda Clinic,Salons,"56, Jalan Lagenda 3, Lagenda Heights",,Sungai Petani,Kedah,8000,Malaysia,Malaysia,04-446 5755,,,5.65719062,100.49992449,email_placeholder_blanked
loc_95rw8g7y,Laguna Beach Aesthetics,Clinics,"S., 32392 Coast Hwy #240, Laguna Beach, CA 92651",,Laguna Beach,California,92651,United States,United States,(949) 415-4310,,http://lagunabeachaesthetics.com/,33.49215487,-117.73351929,
loc_n9mz6r25,Lalo Salon LLC,Salons,16223 Baxter RD,,Chesterfield,MO,63017,United States,,636-733-6997,info@lalosalon.com,http://Angie Lorenz,38.64295003,-90.57159385,country_inferred
loc_qzmyvnvy,Lancer Dermatology,Clinics,440 North Rodeo Drive Beverly Hills CA 90210,,Beverly Hills,California,90210,United States,United States,+1 (310) 278-8444,info@lancerskincare.com,https://www.lancerskincare.com/dermatology/about-the-clinic,34.07031040,-118.40579000,
loc_zzpng86w,Lani And Stone,Salons,1335 E 11th St,,Tulsa,OK,74120-4602,United States,,9182606936,laniandstone@gmail.com,,36.14819300,-95.97414400,country_inferred
loc_57weg9rn,Lanyon Hair Centre and Beauty Bar,Salons,Sidney Nolan Street,Shop 19B/4 Lanyon Market Place,Conder,ACT,2906,Australia,Au,0431550030,jaime.hage@icloud.com,,-35.45697938,149.09316141,country_normalized
loc_zzpngk8w,Larissa Daher Hair,Salons,"Shop 103, 548 - 568 Canterbury Road",Closed Mon & Tues,Campsie,NSW,2194,Australia,Australia,,,,-33.92128945,151.09794006,
loc_exy625rv,Lasalla Hair & Beauty,Salons,Suite 1 / 391 Montague Road,Freedom Suites Hairstylist Megan Lyons,West End,QLD,4101,Australia,Australia,,,,-27.48487900,153.00198060,
loc_57wex8rn,Laser Care Skin Clinic,Clinics,"121 Broadway, Ealing, W13 9BE",,Ealing,,W13 9BE,United Kingdom,United Kingdom,2088405835,info@lcscclinic.com,https://lcscclinic.com/,51.50944844,-0.32700536,
loc_qzmyv82y,Laser Lounge STL,Clinics,24 Forest Glen Ln,,Kirkwood,Missouri,63122,United States,USA,+13143940285,katiesaner@gmail.com,https://laserloungestl.com/,38.56339632,-90.41404148,country_normalized
loc_69nez8m5,Lather Hair Studio,Salons,2736 West Girard AVe,,Philadelphia,PA,19130,United States,,(215) 765-2202,latherphilly@gmail.com,,39.97413655,-75.18179123,country_inferred
loc_95rw8qny,Lauren Barber,Salons,9949 Florida Boulevard Suite B,,Walker,LA,70785,United States,United States,(225) 243-6486,lmbarber35@yahoo.com,,30.48759200,-90.86792227,
loc_yzy8j6nv,Lauren Foran,Salons,601 Weldon Springs Road,,Monticello,IL,61856,United States,,217-722-2483,thrivesalonandspa@gmail.com,,40.06375200,-88.55647800,country_inferred
loc_7g25k9qq,Lavie Salon,Salons,3314 Highway 365,,Nederland,TX,77627-7832,United States,,4097294247,salonlavie@yahoo.com,,29.95006500,-93.99185100,country_inferred
loc_8ye58xz6,LÀVIÉL Clinic,Clinics,12A York Road,,,London,SW113QA,United Kingdom,United Kingdom,+447943514449,,https://laviel.gettimely.com/#home,51.47015843,-0.17252827,
loc_zzpng8qw,Lavish District (R),Salons,#7 3130 8th Street E,,Saskatoon,SK,S7H 0W2,Canada,,,Reception@lavishdistrict.ca,http://lavishdistrict.com,52.11485384,-106.60617466,country_inferred
loc_69nezm25,Lavish Hair and Beauty bar,Salons,shop 5/4 Beaton Rd,,North Kellyville,NSW,2155,Australia,Australia,,,,-33.69853199,150.95784753,
loc_8ye589m6,Lavish Med Spa,Clinics,"7826 Bois D Arc Drive, Suite B, El Paso, TX 79925",,El Paso,TX,79925,United States,United States,,lavishmespa@gmail.com,,31.75821000,-106.35097796,state_split_from_postal
loc_57wexgyn,Layla & Audrey,Salons,68 mollison street,,ABBOTSFORD,VIC,3067,Australia,,448834113,Zaskia.hair@gmail.com,,-37.80761943,144.99823757,country_inferred
loc_yzy8jggv,Layla Beauty Medical,Clinics,"71 Soi Nak Niwat 2Khwaeng Lat Phrao, Khet Lat Phrao, Krung Thep Maha Nakhon 10230, Thailand",,,Bangkok,110230,Thailand,Thailand,"094-947-999, 02-062-4624",,https://laylabeauty.com/index.php?lang=en,13.81794226,100.60755165,
loc_7g25k85q,LAZ Skincare,Clinics,"32 Union Square East, #912,",,New York,NY,10003,United States,US,,shop@lazskincare.com,https://www.lazskincare.com/,40.73556667,-73.98938121,country_normalized
loc_7g25kx2q,LC Beauty Lounge,Salons,147 Valleycrest Drive,,Cecil,PA,15321,United States,US,+17248094552,lexi.coleman@hotmail.com,,40.32011600,-80.18787400,country_normalized
loc_n9mz66k5,LC Clinic,Clinics,449 Clementi Avenue 3 #01-219,,,Bukit Timah,120449,Singapore,Singapore,,,http://lcclinicmsa.com/,1.31252951,103.76494140,
loc_7g25k97q,Le Court Salons,Salons,1424 W Mequon Rd,,Mequon,WI,53092-3226,United States,US,2622414177,sbirnsch@gmail.com,,43.22147000,-87.92537500,country_normalized
loc_yzy8jg6v,Le Desir,Salons,"Jasna 19, 00-058 Warszawa",,,,,,,508124254,artur.misztal@gmail.com,,52.23655959,21.01012418,phone_comma_stripped
loc_95rw8qvy,Lecheveux Salon,Salons,1404 W Mequon Rd,,,WI,53092-3268,United States,,2627075309,jillmg10@yahoo.com,,43.22146800,-87.92518600,country_inferred
loc_m7x8kv6v,Leela Jacobs Studio,Salons,232 - 2031 33 Ave SW,Studio 15 (Citizen Salon Studios),Calgary,AB,T2T 1Z5,Canada,,,leela@leelajacobs.com,http://leelajacobsstudio.com,51.02387120,-114.10861317,country_inferred
loc_95rw8vey,Legacy Salon Ft Worth,Salons,6115 Camp Bowie Blvd Ste 100,,Fort Worth,TX,76116-5590,United States,,8172231294,rscosmo1@gmail.com,,32.72780000,-97.41523700,country_inferred
loc_rkzgqnmq,Legends,Salons,1112 E Cherokee Ave,,Mcalester,OK,74501-5614,United States,US,9184299985 C,be4est@yahoo.com,,34.92582900,-95.75315400,country_normalized
loc_69nez8z5,Lehigh Valley Dermatology Associates,Clinics,"940 N. New Street, Bethlehem, PA 18018",,Bethlehem,Pennsylvania,18018,United States,United States,610-866-2010,,http://lehighvalleyderm.com/,40.62746656,-75.37771235,
loc_qzmyvwxy,Lemon Salon,Salons,1020 Prairie Springs Hill SW,,Airdrie,AB,T4B 0E9,Canada,,,amanda@lemonsalon.ca,http://lemonsalon.ca,51.26583993,-114.02618682,country_inferred
loc_57wexmmn,Leonora Murphy Hair,Clinics,FAUGHART UPPER MOUNTPLEASANT CO. LOUTH A91 EC3F,,,,,,,,halodundalk@gmail.com,,54.05488564,-6.39141047,
loc_m7x8kknv,Leslie Kuek Plastic Surgery,Clinics,"1 Farrer Park Station Road #14-18/19 Farrer Park Medical Centre, Connexion",,,Farrer Park,217562,Singapore,Singapore,+65 6472 2972,enquiry@lesliekuek.com.sg,http://www.lesliekuek.com.sg,1.32180530,103.84231700,
loc_vm9w2r5m,Lestar Clinic,Salons,"Số 3, Phố Mai Hắc Đế, Phường Bùi Thị Xuân, Quận Hai Bà Trưng, Hanoi",,,,,Vietnam,VN,+84 83 800 6996,,,21.01665171,105.85100004,country_normalized
loc_57wexkqn,Level Ii Salon,Salons,2901 Union Rd,,Saint Louis,MO,63125-3985,United States,US,5732910683,samanthabogler@gmail.com,,38.52210877,-90.32018196,country_normalized
loc_jyewm7ve,Levu beauty bar,Salons,1087 Meridian ave,Suite 20,San jose,CA,95125,United States,US,+14084498005,lvbeautybarllc@gmail.com,,37.30437300,-121.91421200,country_normalized
loc_wyvn2jrx,Leyla d Skin Body Brows,Clinics,26 watton street Werribee,,,,3030,Australia,,0400903755,Info@leylad.com.au,http://www.leylad.com.au,-37.90140621,144.66071237,name_whitespace; country_from_tld
loc_exy62mwv,LG Salon - Larry,Clinics,40 Merrick Rd.,,Amityville,NY,11701,United States,US,(631) 608-3426,lgsalon19@gmail.com,,40.67173666,-73.42194120,country_normalized
loc_pqm8995k,LifeClinic,Clinics,"2-3/F, The Loop, 33 Wellington Street, Central, Hong Kong",,,Hong Kong,,Hong Kong,Hong Kong & Macau,+852 2881 8131,reception@lifeclinic.com.hk,https://antiaging.lifeclinic.com.hk/,22.28194000,114.15556000,country_normalized
loc_vm9wn28m,Lily Me Red Hair,Salons,Shop 1A/11 Pine Mountain Rd,,North Ipswich,QLD,4305,Australia,Australia,,,,-27.59502095,152.76153721,
loc_2mqrg6y9,Lindsey Kellett,Salons,1589 St. Mary's Rd,,Winnipeg,MB,R2M 3W3,Canada,,,lindseykellet@gmail.com,,49.82281630,-97.11351591,country_inferred
loc_exy625gv,Linear- Werribee - Shop 107,Salons,Corner Heaths & Derrimt Roads,"Shop 107, Werribee Plaza",Werribee,VIC,3030,Australia,Australia,,,,-37.87761170,144.68274670,
loc_m7x8e6jv,Lisa B Hair PL,Salons,371 Clarendon Street,,South Melbourne,VIC,3205,Australia,Au,0399082819,whara1012@gmail.com,,-37.83597162,144.96223424,country_normalized
loc_exy62pgv,Lisa Bird - Personal,Salons,"9570 Watson Rd, Unit A",,St Louis,MO,63126,United States,,314-221-7319,Lisared09@gmail.com,,38.55646317,-90.38014808,country_inferred
loc_pqm892yk,Lisa Ken Studio,Salons,42 Turnpike Rd,,Southborough,MA,01772,United States,US,(508) 879-6202,lisakenstudio@live.com,,42.29567693,-71.49869117,country_normalized
loc_exy6279v,Lisa Lofthouse Salon @ The Greene II,Salons,82 Magnolia Ln,Ste C,Beavercreek,OH,45440,United States,USA,(937) 901-6429,lisajlofty@gmail.com,,39.69356503,-84.09981378,country_normalized
loc_2mqrg2w9,Live and let dye,Salons,74 Galsworthy Road,Longton,Stoke-on-Trent,,ST3 5UB,United Kingdom,GB,+447939805253,gavinnixon098@yahoo.com,,52.99797779,-2.13712731,country_normalized
loc_yzy8jpqv,Live Salon,Salons,4000 Hempfield plaza blvd,920,Greensburg,PA,15601,United States,US,+17249535168,liveandempoweramandabossi@gmail.com,,40.31039400,-79.58214100,country_normalized
loc_k6mzp86q,Livfull Salon,Salons,5975 Roswell Road,C-343 Suite#3,Sandy springs,GA,30328,United States,Us,(678) 508-9885,adamfaddis@gmail.com,,33.91799300,-84.37717700,country_normalized
loc_95rw8zzy,Livity Clinic,Clinics,"1036/1 Soi Sukhumvit 42/1, Phra Khanong, Khlong Toei, Bangkok, Thailand",,,Bangkok,10110,Thailand,Thailand,"02 381 5000, 096 550 3600",,https://livityclinic.com/pages/locations,13.71651225,100.58887165,
loc_2mqrg2m9,LK Aesthetics Ltd.,Clinics,"7 Brook Lane, Warsash, Southampton, Hampshire, SO319FH",,,Southampton,SO319FH,United Kingdom,United Kingdom,+44 02394 002742,lucinda@lkaesthetics.co.uk,https://lkaesthetics.co.uk/,50.85351460,-1.30023809,
loc_xpq2eep6,Lloyds Medical Group,Clinics,"435 Orchard Rd, #19-04 Wisma Atria, Singapore 238877",,,Orchard Road and Vicinity,238877,Singapore,Singapore,+65 6996 4999,enquiry@lloydsmedical.com,https://lloydsmedical.com/,1.30385097,103.83318031,
loc_xpq2ekp6,Loc and Leaf,Salons,722 east broadway st,,Helena,MT,59601,United States,US,+14064314142,info@locandleaf.com,,46.58468500,-112.02849500,country_normalized
loc_m7x8k2yv,Local Roots Hair Co,Salons,5305 Newbern Rd,,Dublin,VA,24084,United States,US,(540) 505-8064,ashtreetolbert@yahoo.com,,37.09131100,-80.68665300,country_normalized
loc_2mqrg6k9,LOELLI BEAUTY STUDIO,Salons,1314 N 205TH ST,,,NE,68022-4751,United States,68022-4751,4025154785,rickynewhouse2020@gmail.com,,41.28688063,-96.23564584,zip_recovered_from_country; country_inferred
loc_exy62npv,Loelli Beauty Studio,Salons,1314 N 205th St,,,NE,68022-4751,United States,,4027704317,cjmurray1983@yahoo.com,,41.28688063,-96.23564584,country_inferred
loc_7g25kmpq,London Plastic Surgery Clinic,Clinics,"4 Upper Wimpole Street, London W1G 6LF",,,London,W1G 6LF,United Kingdom,United Kingdom,+44 0207 403 8694,enquiry@markhoasjoe.co.uk,https://markhoasjoe.co.uk/contact-us/,51.52070844,-0.14912244,
loc_qzmyv6wy,LOTUS ARTISTRY STUDIO PTY LTD,Salons,UNIT 3 7 WARD PLACE,,DURAL,NSW,2158,Australia,,284150300,A.azarfar@yahoo.com,,-33.69295355,151.01963525,country_inferred
loc_57weg99n,Lotus Medicine health ＆ beauty clinic,Clinics,"Cherry View Ashiyagawa A-II, 3-14 Matsunouchicho, Ashiya-shi,",,,,Hyogo 659-0094,Japan,Japan,0797-78-8733,,https://kosyu-kobe.com/,34.73395574,135.30216507,
loc_pqm89g5k,Love & Vanity,Salons,"310 E King St, Kings Mountain, NC 28086",,,,,,,(704) 577-8143,loveandvanitysalon@gmail.com,,35.24065774,-81.33691333,
loc_57wex62n,Love and Roots,Salons,"1317 Rosewood Ave, Austin,",,,TX,78702,United States,,(512) 751-5812,receptionist@loveandrootsatx.com,,30.26864959,-97.72416011,country_inferred
loc_57wex6kn,LOVE IS IN THE HAIR,Salons,2819 S 125TH AVE STE 362,,,NE,68144-3873,United States,68144-3873,4026162476,cldred81@gmail.com,,41.23266800,-96.10760600,zip_recovered_from_country; country_inferred
loc_8ye58kw6,Love Your Hair,Salons,732 Chicago Ave,,South Daytona,FL,32119,United States,US,(207) 272-2664,siannegendron@gmail.com,,29.17713478,-81.01964133,country_normalized
loc_rkzgqm5q,Love Your Hair-Sianne,Salons,732 Chicago Ave,,South Dyton,FL,32119,United States,US,(207) 272-2664,siannegendron@gmail.com,,29.17710800,-81.01970800,country_normalized
loc_2mqrgje9,Love Yourself Beauty Room,Clinics,"Unit 6 Doughiska Road, Galway",,,,H91VK66,Ukraine,,,yanachumak@meta.ua,,53.28670439,-8.98545452,country_from_tld
loc_m7x8k2xv,Loveland Medical Spa,Clinics,18206 Collins Ave,,Sunny Isles Beach,Florida,33160,United States,USA,+17866295683,lovelandmedspa@gmail.com,https://www.lovelandmedspa.com/,25.94457425,-80.12211131,country_normalized
loc_wyvn2zwx,Lovely Day With Lisa,Salons,13 Hindle Drive,,Bradford,RI,2808,United States,US,,lovelydaywithlisa@yahoo.com,,41.41328700,-71.74687700,country_normalized
loc_57wexg6n,Loxx Salon - Gymea Bay,Salons,15 Casuarina Road,,GYMEA BAY,NSW,2227,Australia,,(blank),andrea@handleybusiness.com.au,,-34.05220558,151.08760248,country_inferred
loc_jyewm7pe,LSDolan Hair,Salons,2210 SW 77th Pl,,Portland,OR,97225,United States,US,+19712778686,lsdolan@comcast.net,,45.50368500,-122.75580100,country_normalized
loc_rkzgqjnq,LuLu Posh Salon,Clinics,7 Lafayette Rd,,North Hampton,NH,03862,United States,US,(603) 379-2053,luluposhsalon@gmail.com,,42.96082704,-70.83380116,country_normalized
loc_2mqrg2x9,Lumi Labs,Clinics,"176 The Ridgeway, North Harrow, Middlesex",,,,HA27DD,United Kingdom,,07969668602,,,51.57954708,-0.36284471,country_inferred
loc_7g25km5q,Lumiere Medi Spa,Clinics,"Aleta, Old London Road, Milton Common, OX9 2JR",,,Oxfordshire,OX9 2JR,United Kingdom,United Kingdom,+44 018 4427 8362,info@lumieremedispa.co.uk,https://www.lumieremedispa.co.uk/,51.76246600,-1.19432100,
loc_exy62ryv,Lumley Aesthetics,Clinics,"5 Pound Lane, Sevenoaks, Kent TN13 3TB",,,Kent,TN13 3TB,United Kingdom,United Kingdom,+44 800 316 2627,cheralyn@lumleyaesthetics.co.uk,http://lumleyaesthetics.co.uk,51.27696400,0.19264600,
loc_zzpngy5w,Luna Body and Mind Acupuncture,Clinics,1014 9th Street,#6,Santa Monica,California,90403,United States,USA,+13014041455,lolafox@yahoo.com,https://lunabodymind.com/,34.02542364,-118.49659574,country_normalized
loc_m7x8kvxv,Lunatic Fringe Social Club,Salons,1265 S Eastern Ave,,Moore,OK,73160-6169,United States,US,4059218394,tamedhair@yahoo.com,,35.32834600,-97.47665300,country_normalized
loc_g2w9jz87,Luscious and Co,Salons,469 Howe Ave Unit 2,,Shelton,CT,06484,United States,US,(203) 513-2446,shordering@gmail.com,,41.31764508,-73.09371651,country_normalized
loc_xpq2e5r6,Lush Culture,Salons,50 Wills St,,Bendigo,VIC,3550,Australia,Australia,,,,-36.76408602,144.27881236,
loc_57wexg8n,Lusso Salone,Salons,97 Boundary Street,C/O Salon Lane Factory 2 Level 1 West Village,West End,QLD,4101,Australia,,733986945,trish@fluidsalons.com,,-27.47792700,153.01256398,country_inferred
loc_qzmy69xy,Lux Beauty Center,Salons,"33C1 Tú Xương, Quận 3, Hồ Chí Minh",,,,,Vietnam,VN,+84 1900 252689,,https://luxclinic.vn/,10.83917010,106.77216090,country_normalized
loc_vm9wnnzm,Lux Medical Aesthetic Clinic,Clinics,"The Cathay, 2 Handy Road #02-09, Singapore 229233",,,Orchard Road and Vicinity,229233,Singapore,Singapore,+65 68159922,consult@luxaestheticclinic.com,https://luxaestheticclinic.com/contact-us/,1.29919213,103.84717014,
loc_n9mz6wq5,Lux Salon,Salons,232 Cabot St.,,Beverly,MA,01915,United States,US,(978) 998-1656,luxhairsalonandspa@gmail.com,,42.55228720,-70.87886646,country_normalized
loc_2mqrgk59,LUX Salon - SHOP,Salons,7337 Highland Road,,Baton Rouge,LA,70808,United States,United States,225 766 0299,luxbatonrouge@gmail.com,,30.37872566,-91.13915899,
loc_k6mzx77q,Lux Salon Suites,Salons,2281 E University Dr,,Prosper,TX,75078-9942,United States,,4692095487,naturesveil@gmail.com,,33.22005800,-96.76985400,country_inferred
loc_pqm89p2k,Luxe Avenue Salons & Spas,Salons,11619 Spring Cypress Rd,,Tomball,TX,77377-8922,United States,,7135307533,candybextensions@gmail.com,,30.01170300,-95.59985300,country_inferred
loc_xpq25896,Luxe Ayr,Salons,134 Queen Street,,Ayr,QLD,4807,Australia,Au,0747835790,kazzandra@luxeayr.com.au,,-19.57540732,147.40622824,country_normalized
loc_exy627ev,Luxe Hair Lounge LLC,Salons,2101 Greentree Rd.,,Pittsburgh,PA,15220,United States,,(724) 705-3850,luxehairloungepittsburgh@gmail.com,,40.39119662,-80.06907131,country_inferred
loc_zzpngw6w,Luxe Hair Studio,Salons,6509 Mechanisville Turnpike,,Mechanicsville,VA,23111,United States,US,(804) 789-1388,natalie@luxehairstudiorva.com,,37.61318743,-77.33204743,country_normalized
loc_57wex5mn,Luxury Tress,Salons,1850 Quivers Keep,,Chesapeake,VA,23321,United States,US,(757) 870-6300,luxurytress@gmail.com,,36.80879603,-76.43515125,country_normalized
loc_2mqrgy29,Luxus Hair Extensions Ltd,Salons,Unit 201 9702 100 Street,,Grande Prairie,AB,T8V 6N6,Canada,,,luxushair@outlook.com,http://luxushairsalon.com,55.16890388,-118.79519463,country_inferred
loc_n9mz67r5,Lv Luxury Hair Salon,Salons,"Dimosthenous 123, 17672, Kalithea, Athens",,,,,Greece,Greece,0030 210 9590002,contact@lvluxury.gr,,37.95287193,23.70565439,
loc_69nezm55,Lyla Clare,Salons,65 James Street,Unit 20,Fortitude Valley,QLD,4006,Australia,Australia,,,,-27.45759106,153.04058250,
loc_zzpngk9w,LYLA Clinic,Clinics,"260 Burwood Road, Hawthorn",,,,VIC 3122,Australia,AU,03 9996 7555,info@lylaclinic.com.au,http://lylaclinic.com.au,-37.82237862,145.03243524,country_normalized
loc_g2w9jen7,LYNN'S HAIR LOUNGE,Salons,4817 S 136TH ST,,,NE,68137-1617,United States,68137-1617,4026147144,LEONARD.LYNN.NE@GMAIL.COM,,41.21021983,-96.12699394,zip_recovered_from_country; country_inferred
loc_zzpng8zw,Lynn's Skincare,Clinics,"523 S Main St., Sawmill Village, Cottonwood, AZ 86326",,Cottonwood,Arizona,86326,United States,United States,928-862-5056,,https://lynnsskin.com/,34.72985690,-112.00901835,
loc_8ye58x66,Lyvin Clinic (Formerly Known As Revival Medical Clinic),Salons,"8, 8a, 8b, Jalan Sutera Tanjung 8/3, Taman Sutera Utama",,Skudai,Johor,81300,Malaysia,Malaysia,016-772 3833,info@lyvin.com.my,https://www.lyvin.com.my/,1.51667077,103.66745342,
loc_g2w9jr77,M & M Aesthetics,Clinics,"22 Norwich Street, Dereham NR19 1BX",,,Norfolk,NR19 1BX,United Kingdom,United Kingdom,,,https://mnmaesthetics.co.uk,52.68036728,0.94258453,
loc_yzy8jqgv,M Brace Body & Face,Clinics,28990 Pacific Coast Hwy,"Unit 212, Bldg B",Malibu,California,90265,United States,United States,,,https://mbracebodyface.com/,34.02136501,-118.80352199,
loc_rkzgqmvq,M M Beauty Enterprises,Salons,1829 Hwy 81,Ste 107,Loganville,GA,30052,United States,US,+14044315058,micole@salonfusionga.com,,33.78070900,-83.85287000,country_normalized
loc_yzy8jjqv,M Mariano Medical And Skin Clinic,Clinics,"248 Anahaw St. Barangay Comembo, Makati, Philippines",,,,,Philippines,PH,0939 144 8752,,,14.54878500,121.06473399,country_normalized
loc_exy62rnv,M.I. Beauty Clinic,Clinics,"Dunakeszi, Bagoly u. 12.",,,HU,2120,,Europe,,mibeautyvac@gmail.com,,47.65763781,19.13184313,country_not_a_country
loc_57wex59n,M4 Hair Studio,Salons,190 W Main St,,Buford,GA,30518,United States,,404-784-5521,salon@m4hair.com,,34.11827497,-84.00867329,country_inferred
loc_exy62rmv,Mabel clinic,Clinics,"The Seasons Mall, 899 Phahonyothin Rd, Khet Phaya Thai, Krung Thep Maha Nakhon 10400, Thailand",,,Bangkok,10400,Thailand,Thailand,"02-111-2018, 097-202-8555",,http://www.mabelclinic.com/,13.76866226,100.53973165,
loc_95rw8z7y,MAC Clinic,Clinics,"No 12, Lorong Maarof, Bangsar, 59000 Kuala Lumpur",,,Kuala Lumpur,59000,Malaysia,Malaysia,+603 2283 1212,mac.clinic.my@gmail.com,https://www.mac-clinic.my/,3.12834000,101.67520000,
loc_69nez5z5,MAC Clinic,Clinics,"S117A, 2nd Floor, Bangsar Shopping Centre, 285, Jalan Maarof, Bangsar, 59000 Kuala Lumpur, Malaysia",,,Kuala Lumpur,59000,Malaysia,Malaysia,+603 2093 6136,mac.clinic.my@gmail.com,https://www.mac-clinic.my/,3.14285149,101.66741666,
loc_zzpngwew,Mac Hair Studio,Salons,3831 Hendricks Avenue,,Jacksonville,FL,32207,United States,US,(904) 399-2280,info@machairstudio.com,,30.28360920,-81.65096345,country_normalized
loc_7g25k7yq,Macks Reflections,Salons,1130 4th Street,,Estevan,SK,S4A 0W7,Canada,,,shedamacker@gmail.com,,49.13980511,-102.99416875,country_inferred
loc_m7x8k2pv,Mae Mae's Salon,Salons,734 S. 7th Street,,Lebanon,PA,17042,United States,,(717) 274-9100,maemaes@me.com,,40.32963259,-76.42149033,country_inferred
loc_rkzgqn9q,Magic by Makayla,Salons,"909 Park Rd, Chico TX 76431",,,,,,,,makaylahm@icloud.com,,33.29163545,-97.80929160,
loc_yzy8j92v,Maia Salon Spa and Wellness,Salons,725 Smithtown bypass,,Smithtown,NY,11787,United States,US,(631) 257-5535,spa@maiasalon.com,,40.84878800,-73.16635500,country_normalized
loc_rkzgq78q,Maiden Hair,Salons,"4/164c Princes Highway,",,South Nowra,NSW,2541,Australia,Australia,,,,-34.91176352,150.60586418,
loc_2mqrgpx9,Maiko Holistic Skin Clinic,Clinics,,,Tokyo,,,Japan,Japan,,,https://mhs-cl.com/,35.68955258,139.69181823,
loc_yzy8j9kv,MaJe Salon,Salons,235 Newburyport St,,Danvers,MA,01923,United States,US,(978) 815-1614,marylouc1964@yahoo.com,,42.72669900,-70.90266500,country_normalized
loc_n9mz66y5,Makati Medical Center - Dr Maria Isabel Puno,Clinics,,,,,,Philippines,PH,,,,14.59898024,121.10166220,country_normalized
loc_yzy8j9mv,Mane & Co Hair Lounge,Salons,30 Hebron Ave,,Glastonbury,CT,06033,United States,US,(860) 250-7000,themaneshark@gmail.com,,41.71240141,-72.60808194,country_normalized
loc_yzy8jkrv,Mane 3 Hair Studio,Salons,3447 Northland Dr,,Austin,TX,78731-4926,United States,US,5129870275,wilson8940@gmail.com,,30.33796142,-97.75821904,country_normalized
loc_95rw8v8y,Mane Addiction,Salons,"310 Genesis Blvd Suite A-2, Webster, TX 77598",,,,,,,(832) 240-4591,,,29.52748378,-95.13561559,
loc_7g25kzwq,Mane Hair Salon Melbourne,Salons,1/52a St Leonards road,,Ascot Vale,VIC,3032,Australia,Australia,,,,-37.77334619,144.91091237,
loc_jyewm5ke,Mane House Of Hair,Salons,420-555 Strathcona Bld SW,,Calgary,AB,T3H 2Z9,Canada,,,styled@manehair.ca,https://www.manehouseofhair.com/,51.04883637,-114.18518708,country_inferred
loc_exy627mv,Mane Life Salon INC,Salons,142 Songbird Trail,,Yorktown,VA,23692,United States,US,(757) 813-4969,manelifesalon@gmail.com,,37.15869566,-76.47228966,country_normalized
loc_exy62pvv,Mane Mixx Salon,Salons,133 Illini Blvd,,Sherman,IL,62684,United States,,217-737-1886,jessica.robertson35@yahoo.com,,39.89886537,-89.60261468,country_inferred
loc_qzmyv8ny,Mane Salon,Salons,219 E. Main St.,,Olney,IL,62450,United States,,618-839-0268,aarcmeadows@gmail.com,,38.73096346,-88.08411443,country_inferred
loc_69nez7n5,Mane Stage,Salons,407 S Spring St,,Beaver Dam,WI,53916-2515,United States,,9203191772,candyriege@gmail.com,,43.45309359,-88.83672522,country_inferred
loc_zzpngwkw,Manes on Main Hair & Lash Stud,Salons,123 N Main Street,Suite 112,Dublin,PA,18917,United States,,(215) 249-1741,kim@manesonmain.com,,40.37318600,-75.20434600,country_inferred
loc_n9mz6e65,ManMade Salon,Salons,"31 plank ave., Paoli, PA 19301",,,,,,,484-616-3004,manmadesalon@gmail.com,http://manmadesalon.com,40.04249172,-75.48898551,
loc_69nez7m5,Maria Martinez at Salon Lofts #31,Salons,7185 Beechmont Ave,,Cincinnati,OH,45230,United States,,513-510-0670,riajmartinez@gmail.com,,39.07256402,-84.35911382,country_inferred
loc_xpq2eyy6,Maries Mane Connections,Salons,7287 Calm Sunset,,Columbia,MD,21046,United States,US,(410) 905-7766,hairrazor0166@gmail.com,,39.17646500,-76.82132100,country_normalized
loc_yzy8j9nv,Marisa Salon,Salons,11 Murrayhill Circle,,Wilmington,MA,01887,United States,US,(617) 678-5915,marisa@marisasalon.com,,42.52900900,-71.18478300,country_normalized
loc_vm9wnvpm,Mars Studio,Salons,"1425 Winnifred St #112, Charlotte, NC 28203",,,,,,,,Marsstudioclt@gmail.com,,35.21785770,-80.85641325,
loc_k6mzxqjq,Marsona Horan Salon,Salons,905 Post Road,,Fairfield,CT,06824,United States,US,(203) 556-8516,marsonahoran@gmail.com,,41.14663000,-73.25007500,country_normalized
loc_7g25kzjq,Mast Beauty Clinic,Clinics,,,Tokyo,,,Japan,Japan,,,https://mbcl.co.jp/,35.68955258,139.69181823,
loc_zzpng58w,Masterpiece Karina Witkowska,Salons,"Juliana Tuwima 46/3U-4U, 90-021 Łódź",,,,,Poland,https://karinawitkowska.pl/,695700607,karinawitkowska-studio@o2.pl,https://karinawitkowska.pl/,51.76648829,19.46746348,website_recovered_from_country; phone_comma_stripped; country_from_tld
loc_qzmyvvvy,Matsumoto clinic,Clinics,,,Fukuoka,,,Japan,Japan,,,https://www.matsumotoclinic-ookimachi.com/,33.62512551,130.61800214,
loc_57wexkmn,Matthew's Hair,Salons,733 Northrup Ave NW,,Grand Rapids,MI,49504,United States,US,616-466-2227,matthewsbrosfilm1@gmail.com,,42.97770415,-85.72514045,country_normalized
loc_2mqrgeg9,Matthias Ryan Hair Studio,Salons,1461 N Gravel Pike #A,,Perkiomenville,PA,18074,United States,,(215) 779-8538,matthiasryanhair@gmail.com,,40.30255430,-75.48000337,country_inferred
loc_g2w9jre7,Mátyásföld klinika,Clinics,"Budapest, Prodám u. 18.",,,HU,1165,,Europe,,info@matyasfoldklinika.hu,,47.50685778,19.19909315,country_not_a_country
loc_7g25k82q,Maven Hair Company,Clinics,56 East Central St,,Franklin,MA,02038,United States,US,(508) 528-6286,support@mavenhaircompany.com,,42.08185800,-71.39463300,country_normalized
loc_xpq2ekm6,Maven Hair Studio LLC,Salons,12521 Nacogdoches Rd 106,,San Antonio,TX,78217,United States,US,2105770163,mavenhairstudio@gmail.com,,29.55416200,-98.40407200,country_normalized
loc_8ye58ve6,Maximus Salon,Salons,1053 E Green Bay St,,Shawano,WI,54166-2203,United States,US,7158533579,suevomastic@yahoo.com,,44.78225100,-88.59124300,country_normalized
loc_g2w9jzz7,Maynooth medical skin and laser,Clinics,"152, kingsby, maynooth, co. kildare,",,,,W23C677,Ireland,,,info@medicalskinandlaser.ie,,53.37209101,-6.59039911,country_from_tld
loc_wyvn2jgx,Mayurina clinic Nagoya Sakae,Clinics,,,Aichi,,,Japan,Japan,,,https://mayurina-clinic.com/,34.99916573,137.25457225,
loc_2mqrgyg9,McKitty Dermatology,Clinics,"3440 Lomita Blvd Torrance CA 90505, United States",,Los Angeles,California,90505,United States,United States,562-276-2707,mckittyderm@yahoo.com,https://www.mckittydermatology.com/,33.81263700,-118.34577000,
loc_yzy8jkgv,Mdm Salon,Salons,2001 Calumet St,,Houston,TX,77004-7401,United States,,2812213298,maisondemodele@yahoo.com,,29.72154153,-95.38030282,country_inferred
loc_wyvn2ejx,ME Clinic,Salons,"Lot LG-18, Lower Ground Floor, Berjaya Times Square, 1, Jln Imbi",,Kuala Lumpur,Federal Territory of Kuala Lumpur,55100,Malaysia,Malaysia,03-2143 3866,,https://meclinic.com.my/,3.14247790,101.71037310,email_placeholder_blanked
loc_7g25kz5q,"me Co., Ltd.",Clinics,,,Kanagawa,,,Japan,Japan,,,,35.41754580,139.33943123,
loc_rkzgq7yq,Mecca Hair,Salons,112-114 Lodge Rd,,Wooloowin,QLD,4030,Australia,,738572940,meccahair01@gmail.com,,-27.41005871,153.04501753,country_inferred
loc_n9mz6we5,MedAesthetics,Clinics,"14-16 Mulvoy Park, Sean Mulvoy Road, Galway H91 D585",,,Ireland,H91 D585,United Kingdom,United Kingdom,,,https://medaesthetics.ie/,53.28239999,-9.04157002,
loc_2mqrgp99,Meddlers,Salons,76 Millswyn Street,ATT: Gary and Chris,South Yarra,VIC,3141,Australia,Australia,,,,-37.83561442,144.98056603,
loc_m7x8kryv,Medical & Aesthetic Clinic London,Clinics,"48 Warwick Way, Pimlico, London SW1V 1RY",,,London,SW1V 1RY,United Kingdom,United Kingdom,+44 20 7828 5602,info@mcliniclondon.co.uk,http://mcliniclondon.co.uk,51.49187100,-0.14078300,
loc_rkzgq7vq,Medical Corporation Araki Clinic,Clinics,,,Ishikawa,,,Japan,Japan,,,http://www.arakihospital.com/,36.98905606,136.81628224,
loc_qzmyv6gy,Medical Corporation Bimikai Alicia Clinic,Clinics,,,Tokyo,,,Japan,Japan,,,https://www.aletheia-clinic.com/,35.68955258,139.69181823,
loc_wyvn2jxx,Medical Corporation Grace Dermatology Clinic,Clinics,,,Hokkaido,,,Japan,Japan,,,http://grace-hifuka.com/,43.43197000,142.93467000,
loc_qzmyv6ry,Medical Corporation Hoshigaoka Segawa Dermatology Clinic,Clinics,,,Iwate,,,Japan,Japan,,,http://hifu.littlestar.jp/,39.57137648,141.42535232,
loc_95rw887y,Medical Corporation Ikkaku Dermatology Clinic,Clinics,,,Hyogo,,,Japan,Japan,,,https://ikkaku-clinic.com/,34.91493572,134.86066221,
loc_g2w9jjk7,Medical Corporation Koryokai Takaiwa Clinic,Clinics,,,Osaka,,,Japan,Japan,,,https://www.takaiwa-clinic.com/,34.69375568,135.50145222,
loc_95rw87my,Medical Corporation Medical Clinic Kaki no Kisaka,Clinics,,,Tokyo,,,Japan,Japan,,,https://mckakinoki.jp/,35.68955258,139.69181823,
loc_m7x8kkkv,Medical Corporation Mura Epithelial Clinic,Clinics,,,Ehime,,,Japan,Japan,,,http://saori-cl.com/,33.60136551,132.81852218,
loc_2mqrgpn9,Medical Corporation Oiwa Clinic,Clinics,,,Aichi,,,Japan,Japan,,,https://oiwa-cl.jp/,34.99916573,137.25457225,
loc_n9mz6g25,Medical Corporation Yanbe Dermatology Clinic,Clinics,,,Hokkaido,,,Japan,Japan,,,https://yambeclinic.com/,43.43197000,142.93467000,
loc_vm9wn25m,Medical Corporation Yushinkai Kanayama Beauty Clinic,Clinics,,,Aichi,,,Japan,Japan,,,https://kanayama-biyou.com/,34.99916573,137.25457225,
loc_m7x8ke6v,Medical Corporation Yuwakai Takezawa Clinic,Clinics,,,Mie,,,Japan,Japan,,,http://www.drtakezawa.com/,34.73396569,136.51544224,
loc_95rw876y,Medical) Koreikai Tsukahara Dental Clinic,Clinics,,,Tokyo,,,Japan,Japan,,,https://www.haisha.jp/,35.68955258,139.69181823,
loc_95rw897y,Medikas Ltd,Clinics,"5 Vestry Road, STREET, Somerset, BA16 0HY",,,Somerset,BA16 0HY,United Kingdom,United Kingdom,+44 01458 840555,info@medikas.co.uk,https://medikas.co.uk/,51.12533838,-2.74114449,
loc_yzy8j9xv,Medikas Ltd,Clinics,"20 Whiteladies Rd, Bristol, BS8 2LG",,,Bristol,BS8 2LG,United Kingdom,United Kingdom,+44 01172 050636,info@medikas.co.uk,https://medikas.co.uk/,51.46035843,-2.60899427,
loc_pqm89pvk,Medusa Hair Alchemist,Salons,3114 Houston Avenue Houston,,,TX,77023,United States,,8323777723,sharon@medusahairhtx.com,http://medusahairhtx.com,29.78678503,-95.37200210,name_whitespace; country_inferred
loc_57wexx2n,Megaderm Medical Center Corp.,Clinics,"HMC Arcade, By-Pass Road, Brgy. Nancayasan, Urdaneta City, Pangasinan",,,,,Philippines,PH,0917-876-2403,megadermph@gmail.com,https://megaderm.com.ph/,15.96436530,120.57262490,country_normalized
loc_rkzgqneq,Megan Birdsell,Salons,314 Tisdale Street,,Midale,SK,S0C 1S0,Canada,,,h_meg12@hotmail.com,,49.39580930,-103.40169422,country_inferred
loc_m7x8k27v,Megan Herstol - REP,Salons,5824 Country House Ln,,Dublin,OH,43017,United States,USA,614-937-3773,megan@coolbeautyconsulting.com,,40.08556657,-83.11617136,country_normalized
loc_yzy8jpvv,Megansbeautyinthebay,Salons,2154 pinnacle cir n,,Palm harbor,FL,34684,United States,US,+17274211424,meganfazzini@hotmail.com,,28.08825700,-82.71977800,country_normalized
loc_95rw8qry,Melanie Harvel,Salons,2 Whispering Pines,Unit C,Macon,IL,62544,United States,USA,217-450-1391,melanie1005@live.com,,39.69776504,-89.00141458,country_normalized
loc_95rw8v6y,Menageries L.L.C.,Salons,7003 Daredevil Ave,,Gillette,WY,82718,United States,US,+13072570533,hannahhlynette23@gmail.com,,44.23045500,-105.43041300,country_normalized
loc_57wexxen,Mendis Aesthetic Clinic,Clinics,"333A, #04-17 Orchard Rd, Singapore 238897",,,Orchard Road and Vicinity,238897,Singapore,Singapore,+65 6235 1728,admin@drmendis.com,https://www.drmendis.com/,1.30222970,103.83637460,
loc_8ye58kx6,MENtality,Salons,480 Lancaster Av,,Frazier,PA,19355,United States,,(610) 296-5900,haylee@mentalityfrazier.com,,40.03623600,-75.56373100,country_inferred
loc_2mqrpww9,Mer-a-ki Hair Studio,Salons,19 Banksia Drive,,Byron Bay,NSW,2481,Australia,Australia,,,,-28.63455607,153.58303086,
loc_rkzgq7jq,Meraki Hair Society,Salons,Shop 1/134 Gan Gan Road,,Anna Bay,NSW,2316,Australia,,433514014,merakihairsoc@outlook.com,,-32.77810271,152.08386369,country_inferred
loc_69nez885,Meraki Hair Studio,Salons,2411 Crofton Lane,Suite 5B,Crofton,MD,21054,United States,US,(443) 333-9803,merakihair.am@gmail.com,,39.01446200,-76.69788300,country_normalized
loc_rkzgqn6q,Merit Hair Co,Salons,201 W Main St,,,OK,74037-3938,United States,,9187982396,kambreefarleystylist@gmail.com,,36.02290100,-95.97113100,country_inferred
loc_g2w9jzv7,Mesmereyes Skin Clinic,Clinics,"Unit 5, Tuam Shopping Centre, Abbey Trinity Rd, Townparks (2nd Division), Tuam, Co. Galway",,,,H54 RF83,,,,,,53.51552569,-8.85497779,
loc_7g25k9pq,Metro Ii Design Studio,Salons,2153 Barrett Station Rd,,Saint Louis,MO,63131-1606,United States,,3149521818,karenweindel@gmail.com,,38.59742632,-90.47544148,country_inferred
loc_exy62p8v,METRO IV DESIGN STUDIO,Salons,1662 CLARKSON RD,,,MO,63017-4601,United States,63017-4601,3142770972,CINDYMVOSS@YAHOO.COM,,38.64330754,-90.56633739,zip_recovered_from_country; country_inferred
loc_g2w9jnx7,Metro Iv Design Studio,Salons,1662 Clarkson Rd,,Chesterfield,MO,63017-4601,United States,,3142015109,tab465@gmail.com,,38.64359633,-90.56419148,country_inferred
loc_yzy8jkwv,Mezzanine Hair Studio (R),Salons,#401 401 Coopers Blvd,,Airdrie,AB,T4B 4J3,Canada,,,Mezzaninehair1@gmail.com,http://Www.mezzanine hair.com,51.25783981,-114.02418682,country_inferred
loc_k6mzxx8q,MH Clinic,Salons,"12-02 & 14-02, Jalan Molek 1/43, Taman Molek",,Johor Bahru,Johor,81100,Malaysia,Malaysia,016 713 2714,mh.aestheticclinic@gmail.com,https://www.mhclinic.com.my/,1.52887890,103.78770180,
loc_7g25kk5q,MH Plastic Surgery,Clinics,"290 Orchard Road, #20-01 Paragon, Singapore 238859",,,Orchard Road and Vicinity,238859,Singapore,Singapore,+65 6733 3372,enquiries@mhplasticsurgery.com.sg,http://www.mhplasticsurgery.com.sg/,1.30337214,103.83517012,
loc_n9mz6g95,Miana Studio,Salons,2/58 King William Street,,Kent Town,SA,5067,,,415217132,hello@mianastudio.com,,-34.91923875,138.61858535,
loc_rkzgqjxq,Michael Gatto,Salons,287 Bartlett Ave,,Staten Island,NY,10312,United States,,917-816-0538,michaelrgatto@icloud.com,,40.55526645,-74.16741215,country_inferred
loc_zzpngwgw,Michael Perry Hair Studio,Salons,310 Stoke Park Road,,Bethlehem,PA,18017,United States,,(610) 250-1202,info@michaelperryhairstudio.com,,40.66183100,-75.38890400,country_inferred
loc_2mqrgj89,Michael Thomas Salon,Salons,590 Second St,,"Manchester,",NH,03101,United States,US,(603) 622-1717,keri@michaelthomassalon.net,,42.97369704,-71.47563117,country_normalized
loc_69nez8e5,Michea J Salon,Salons,33814 Lipke Street,,Clinton Township,MI,48035,United States,,586-556-5001,jacobson24@att.net,,42.54556971,-82.88951358,country_inferred
loc_7g25kxqq,Michele Coulter Salon,Salons,"12650 Crabapple Rd, Milton, GA 30004",,,,,,,(404) 261-2212,reception@mcsalon.com,,34.08975585,-84.34171382,
loc_xpq2eye6,Michelle Collins,Clinics,"37 West Avenue, Wayne, PA 19087",,Wayne,Pennsylvania,19087,United States,United States,(267) 476-6145,contact@michellecollinsbeauty.com,https://www.michellecollinsbeauty.com/,40.04576561,-75.38921235,
loc_7g25k98q,Michelle Watson,Salons,600 East Carmel Drive,Ste 274,Carmel,IN,46032,United States,USA,317-358-6119,moonwlk69@comcast.net,,39.96376548,-86.11531411,country_normalized
loc_jyewmrke,Midland Aesthetic Clinic,Clinics,"BHI Parkside, Stourbridge Road, Bromsgrove, Worcestershire, B61 9DF",,,Birmingham,B61 9DF,United Kingdom,United Kingdom,+44 7548964367,hello@drjuliasen.co.uk,http://drjuliasen.co.uk/,52.33769858,-2.05985337,
loc_wyvn2egx,Midlands Trichology,Clinics,"80 Station Street, Burton-on-Trent, Staffordshire DE14 1BT",,,Staffordshire,DE14 1BT,United Kingdom,United Kingdom,,,https://www.midlandstrichology.co.uk/,52.80523279,-1.63732613,
loc_8ye58kk6,Midtown Hair Company,Salons,2200 South Queen Street,,York,PA,17402,United States,,(717) 793-2246,hairmidtown@gmail.com,,39.92800289,-76.68668336,country_inferred
loc_yzy8jj2v,Miiren Aesthetics Clinic,Clinics,"160 Robinson Rd, #04-11 SBF Centre",,,Central Business District,68914,Singapore,Singapore,,ask@miiren.sg,https://www.miiren.sg/,1.27790000,103.84820000,
loc_yzy8jp7v,Mikula Salon & Spa,Salons,"201 N Church St Suite 108, Mooresville,",,,NC,28115,United States,,(704) 709-5155,mikulasalonandspa@gmail.com,,35.58258298,-80.80913240,country_inferred
loc_2mqrgkq9,Milo & Ski,Salons,101 S Main Street,LL4,Decatur,IL,62521,United States,USA,217-521-5668,lmiloser@yahoo.com; Kim.schilawski@gmail.com,,39.84106528,-88.95641457,email_multivalue; country_normalized
loc_95rw88zy,MILOS,Salons,台北市信義區信義路五段150巷411弄16號1樓,,台北市,信義區,110,Taiwan,,02-87861879,,,25.02393900,121.57060398,country_inferred
loc_exy62rzv,Milou & Amber Ltd,Clinics,49 Huntsmore House,35 Pembroke Road,London,Greater London,W86LZ,United Kingdom,UK,+447507602839,tinosolomon@gmail.com,,51.49446532,-0.20005709,country_normalized
loc_g2w9jkq7,Minamikusatsu Dermatology,Clinics,,,Shiga,,,Japan,Japan,,,https://mkhifuka11.com/,35.24715577,136.10938223,
loc_2mqrgj69,Mindi's Midtown Salon,Clinics,159 Merrimac St,,Newburyport,MA,01950,United States,US,(978) 239-3867,heathershairhutt11@gmail.com,,42.81410701,-70.87749116,country_normalized
loc_69nezmy5,Minque Salon,Salons,351 Keilor Road,,Essendon North,VIC,3041,Australia,Australia,,,,-37.73823423,144.89421709,
loc_exy62pev,Mint Chiffon Salon,Salons,1190 N Mayflower Dr,,Appleton,WI,54913-9656,United States,US,6087381099,mintchiffonstudio@gmail.com,,44.27184500,-88.49584800,country_normalized
loc_2mqrgky9,Mint Salon,Salons,201 E 9th St,,Lockport,IL,60441,United States,USA,815-838-266,mintsalon3@gmail.com,,41.58868139,-88.05591443,country_normalized
loc_k6mzxqgq,Mint Salon Block,Salons,800 Technology Way,Suite 17,Scarborough,ME,04074,United States,US,(207) 319-6677,aimeedaniel4@gmail.com,,43.59241800,-70.35439100,country_normalized
loc_g2w9jj57,Miracle Skin Clinic,Clinics,"2/221 Main street, osborne park",,,WA,6017,United States,,0424 498 894,admin@miracleskinclinic.com.au,http://miracleskinclinic.com.au,-31.89676998,115.82784000,country_inferred
loc_zzpngk6w,Miracles For Hair,Salons,568 Crown Street,Closed Mon & Tues,Surry Hills,NSW,2010,Australia,AU,0296982888,maddmiracles@yahoo.com.au,,-33.88911052,151.21351000,country_normalized
loc_57wex5pn,Mirasol - Paula Caruso,Clinics,1035 Lakeshore Dr.,Apt. 104,Lake Park,FL,33403,United States,US,(561) 385-2850,infingirl@aol.com,,26.80267400,-80.05230000,country_normalized
loc_pqm89gmk,Mirasol Salon & Spa,Salons,1160 Mirasol Way,,Palm Beach Gardens,FL,33418,United States,US,(561) 776-4949,esplanade@mirasolcc.com,,26.84762518,-80.15971306,country_normalized
loc_7g25kxnq,Mirasol/ Paula Caruso,Salons,10175 Flag Dr.,,Palm Beach Gardens,FL,33410,United States,US,(561) 385-2850,infingirl@aol.com,,26.82461384,-80.09585618,country_normalized
loc_n9mz6qm5,MIRER MIRER SALON,Salons,15136 TRADITIONS BLVD,,,OK,73013-1193,United States,73013-1193,4054202303,BY_ERIN_OKC@OUTLOOK.COM,,35.62402506,-97.52241093,zip_recovered_from_country; country_inferred
loc_qzmyv59y,Mirror Image,Salons,507 S Saginaw Rd,,Midland,MI,48640,United States,,989-835-8945,jpmstyles4u@yahoo.com,,43.62371472,-84.22313799,country_inferred
loc_95rw8zey,Mirror Mirror,Clinics,787 London Road,,Larkfield,Kent,ME20 6AL,United Kingdom,UK,+447747898741,emma@mirrormirrorkent.co.uk,https://www.mirrormirrorbeautykent.co.uk/,51.29854840,0.44301726,country_normalized
loc_57weg9en,Mirrorz Salon Studio,Salons,3217 Skipwith Rd Ste 19,,Henrico,VA,23294,United States,Us,(804) 314-9598,mirrorzsalonstudio@gmail.com,,37.62976931,-77.53925817,country_normalized
loc_95rw87ny,Misaki Clinic,Clinics,,,Yamagata,,,Japan,Japan,,,https://www.misaki-mc.com/,38.47467630,140.08323230,
loc_jyewmq9e,Miss Jaye Salon,Salons,194 Chapel Street,,Prahran,VIC,3181,Australia,Australia,,,,-37.85144620,144.99361238,
loc_2mqrgpz9,Miss May Hair Studio,Salons,"3/13 Street Cedar Grove, Lake Gardens",,Lake Gardens,VIC,3355,Australia,Australia,,,,-37.54504108,143.81726306,
loc_8ye58vp6,Missouri Dermatology Laser and Vein Center,Clinics,"1011 Bowles Ave #121, Fenton, MO 63026",,St Louis,Missouri,63026,United States,United States,1-314-200-2713,,,38.52838200,-90.47574500,
loc_pqm896kk,Mitchell and Co. LLC - SHOP,Salons,14241 Airline Hwy Ste 103,,Baton Rouge,LA,70817,United States,United States,(225) 571-3134,duplessis.aja@gmail.com,,30.51363390,-91.17395760,
loc_rkzgqj2q,MJ Beauty - Melissa,Clinics,215 Mt. Pleasant St,,New Bedford,MA,02746,United States,US,(774) 202-0116,mjstyle98@yahoo.com,,41.65505800,-70.93883700,country_normalized
loc_rkzgqnkq,MK Maloney Aesthetics,Clinics,"5410 North Scottsdale Road, A-500, Paradise Valley, AZ 85253",,Paradise Valley,Arizona,85253,United States,United States,480-423-1973,info@mkmaesthetics.com,http://mkmaesthetics.com/,33.51586100,-111.92719600,
loc_zzpngwjw,Moda Hair Design,Clinics,10473 Southern Blvd,,Royal Palm Beach,FL,33411,United States,US,(561) 753-7888,modahairdesign@att.net,,26.68193100,-80.20461100,country_normalized
loc_m7x8k29v,Moda Hair Design - Maria,Salons,3549 Miramontes Circle,,Wellington,FL,33414,United States,US,(561) 312-2747,mad364md@aol.com,,26.62710436,-80.23368131,country_normalized
loc_xpq2eyx6,Moda hair design - Rachel,Salons,262 ponce de leon st,,royal palm beach,FL,33411,United States,US,(561) 602-6595,rachell.milman@gmail.com,,26.72769300,-80.22291200,country_normalized
loc_69nez8k5,Moda hair salon - Elna,Salons,9873 Baywinds,apt. 5207,west palm beach,FL,32411,United States,US,(561) 701-5219,elena.ramirez23@yahoo.com,,26.71095463,-80.19991850,country_normalized
loc_7g25kxwq,Modern Salon & Spa - Birkdale Village,Salons,"16710 Birkdale Commons Pkwy #102, Huntersville, NC 28078",,,,,,,(704) 339-0909,,,35.44395807,-80.88151325,
loc_2mqrge99,Modern Salon & Spa - Waverly,Salons,"7315 Waverly Walk Ave Suite F1-6, Charlotte, NC 28277",,,,,,,(704) 339-0909,,,35.05225743,-80.76711323,
loc_8ye56qy6,Modern Salon And Spa,Salons,16710 Birkdale Commons Parkway #102,,Huntersville,NC,28078,United States,Us,(704) 339-0909,paige.harris@modernsalonandspa.com,,35.44381139,-80.88180683,country_normalized
loc_qzmyv57y,Modern Salon and Spa - Phillips Place,Salons,"6908 Phillips Pl Ct #175, Charlotte, NC 28210",,,,,,,(704) 339-0909,,,35.14565758,-80.82513242,
loc_zzpngyww,Moe's beauty co,Salons,8225 Se 68th Ave,Unit A,Portland,OR,97206,United States,US,+15035930885,beautybybeautimoe@gmail.com,,45.46375100,-122.59380600,country_normalized
loc_vm9wnn8m,Molly,Salons,台北市內湖區江南街117巷8弄3號9樓,,台北市,內湖區,114,Taiwan,,,,,25.07584100,121.57659796,phone_placeholder_blanked; country_inferred
loc_k6mzxxxq,Mombasa Day Spa and Hair Lounge,Salons,3/30 Stuart Hwy,,Stuart,NT,870,Australia,Australia,,,,-23.69033009,133.87552056,
loc_exy62nvv,Monarch barber shop,Salons,"3435 Greystone Dr Suite 102, Austin, TX 78731",,,,,,,,contact@monarchatx.com,,30.35749737,-97.74816015,
loc_n9mz6rw5,Monarch Medical Aesthetics,Clinics,738 East 200 North Warsaw IN 46582,,,IN,46582,United States,United States,,,https://mybeautifulchange.com/,41.26338776,-85.82800573,state_split_from_postal
loc_jyewmjge,Monas Salon,Salons,2425 Emerald Rd,,Decorah,IA,52101-7582,United States,,5633795190,monassalon5190@gmail.com,,43.28787900,-91.73773300,country_inferred
loc_69nez675,Mong Tay LLC,Clinics,"1516 E 41st St, Tulsa, OK 74105",,Tulsa,Oklahoma,74105,United States,United States,918-779-6100,mongtayspa@gmail.com,https://mongtaynailsspa.com/?utm_source=gmb&utm_medium=referral,36.10405915,-95.97131572,
loc_k6mzx7gq,Mong Tay Nails & Spa,Clinics,"1516 East 41st Street, Tulsa, Oklahoma 74105",,Tulsa,Oklahoma,74105,United States,United States,,,https://mongtaynailsspa.com/,36.10403598,-95.97135101,
loc_rkzgq6wq,Monica Hartry,Salons,21102 Riverside Rd,,Illiopolis,IL,62539,United States,USA,2176526827,monzee7@hotmail.com,,39.82112652,-89.25470146,country_normalized
loc_m7x8e68v,Monroe Hair Studio,Salons,27 Hancock St,,Rochester,NH,3867,United States,Us,(603) 294-3150,ambaajade32@icloud.com,,43.29505200,-70.97236400,country_normalized
loc_rkzgq7qq,Moo & Co,Salons,"Shop 1, 237 bay terrace",,Wynnum,QLD,4178,Australia,Australia,,,,-27.44760033,153.17698364,
loc_2mqrgkg9,Mood Hair Salon & Spa,Salons,105 S Main St,,Lake City,MI,49651,United States,,231-394-0063,courtneybackus22@gmail.com,,44.33407264,-85.21441396,country_inferred
loc_exy62mvv,Moodz Acton,Clinics,556 Mass Avenue,,Acton,MA,01720,United States,US,(978) 263-3017,moodzsalonspa1@gmail.com,,42.47588100,-71.47276300,country_normalized
loc_8ye586m6,Mori no Miya Dermatology Clinic,Clinics,,,Tokyo,,,Japan,Japan,,,https://morinomiya-cl.jp/,35.68955258,139.69181823,
loc_57wexg9n,Moriyama Sakura Internal Medicine Clinic,Clinics,,,Shiga,,,Japan,Japan,,,https://www.moriyamasakuranaika.com/,35.24715577,136.10938223,
loc_pqm8968k,Morrilton Med Spa,Clinics,"110 E Railroad Ave, Morrilton, AR 72110",,Morrilton,Arizona,72110,United States,United States,501-208-1006,morriltonmedspa@gmail.com,http://www.morriltonmedspa.com/,35.15195759,-92.74461520,
loc_8ye586v6,Moss Hair Artistry,Salons,Shop 1 151 military road,,Neutral Bay,NSW,2089,Australia,Australia,,,,-33.83148226,151.22148026,
loc_g2w9jem7,Mouton's Salon,Salons,"2021 Hall - Johnson Rd, Grapevine, TX 76051",,,,,,,(817) 416-2075,moutonsalon@outlook.com,,32.89253892,-97.09691591,
loc_8ye58kz6,Moving Mountains,Clinics,83 Covert Road,,OLD FORT,North Carolina,28762,United States,USA,+18282841805,dr.lizcovert07@gmail.com,,35.64430700,-82.12518700,country_normalized
loc_exy622xv,Moyem Medical Aesthetics,Clinics,"1 Kim Seng Promenade, Great World City #03-21, Singapore 237994",,,Orchard Road and Vicinity,237994,Singapore,Singapore,+65 6235 0883,enquiry@moyemmedical.com,https://www.moyemmedical.com/,1.29288212,103.83217012,
loc_g2w9jnz7,MSN Hair Salon,Salons,1244 S 4th Street,,Louisville,KY,40203,United States,,502-292-9612,msnhairsalon@gmail.com,,38.23362641,-85.76014051,country_inferred
loc_k6mzxx2q,Mulin沐林美髮美學beauty space(@),Clinics,台中市南區復興北路332號,,,,402,Taiwan,TW,04-22650928,,,24.11939518,120.65419768,country_normalized
loc_xpq2eee6,Murakami Dermatology clinic,Clinics,,,Ehime,,,Japan,Japan,,,http://saori-cl.com/,33.60136551,132.81852218,
loc_7g25kzkq,Murray Lane & Co,Salons,392 Logan Rd,Suite 1,Greenslopes,QLD,4120,Australia,Australia,,,,-27.49988627,153.04561700,
loc_yzy8jg8v,my face co uk ltd,Clinics,Woodbank,Main Street,Skeffington,Leicestershire,LE7 9YB,United Kingdom,UK,+447974686133,cosmetic.plasticsurgeon@gmail.com,,52.61652320,-0.90327739,country_normalized
loc_wyvn26mx,My Friends Place - Rene,Salons,581 E 69th Street,,Shreveport,LA,71106,United States,United States,318 869 3518,mfpsalon@icloud.com,,32.44294446,-93.74637003,
loc_xpq2e6v6,My Girl Collaberative,Salons,1822 N. Arlington Heights Rd.,,Arlington Heights,IL,60004,United States,,847-238-2118,mygirlcollab1822@gmail.com,,42.10906899,-87.98101441,country_inferred
loc_zzpng6yw,My Girl Katie,Salons,1822 North Arlington Heights Rd,,Arlington Heights,IL,60004,United States,,773-458-3967,katielu72@yahoo.com,,42.10906899,-87.98101441,country_inferred
loc_jyewmmxe,MY Medical Aesthetics,Clinics,"108 Middle Road #03-03/04, Bernhard Schulte House, Singapore 188967",,,Rochor,188967,Singapore,Singapore,+65 6873 8238,contact@mymedicalaesthetics.com,https://www.mymedicalaesthetics.com/,1.29875213,103.85317015,
loc_8ye589w6,My Salon Suites,Salons,1928 State Highway 46 W,,New Braunfels,TX,78132-0021,United States,,7135200772,kaciacowan@gmail.com,,29.72106200,-98.16827800,country_inferred
loc_8ye58976,My Salon Suites University,Salons,3901 Bellaire Blvd C,,,TX,77025-1100,United States,,9792366869,marlenydoeshair@gmail.com,,29.70539000,-95.43820100,country_inferred
loc_zzpng8vw,My Salon Suites Woodlands,Salons,19075 Interstate 45 S Ste 250,,Shenandoah,TX,77385-8701,United States,,8322447012,emaleyoxley@gmail.com,,30.18981486,-95.45254342,country_inferred
loc_wyvn2e7x,My Skin Medical,Clinics,"1 Southwood Manor Farm, Burhill Road, Hersham, Surrey",,,Surrey,KT12 4BJ,United Kingdom,United Kingdom,+447973711730,colette@myskinmedical.co.uk,,51.35677970,-0.39859410,
loc_xpq2e556,MY SUPPORT HERO PTY LTD,Salons,Shop 59 151 Morala Avenue,Suite 934,RUNAWAY BAY,QLD,4216,Australia,,427026530,kimberley@mysupporthero.com.au,,-27.91391746,153.40057925,country_inferred
loc_k6mzxqpq,MyFace Aesthetics,Clinics,"449 Bath Road, Saltford",,,Bristol,BS313AZ,United Kingdom,United Kingdom,,,https://www.myfacebristol.co.uk/,51.40384219,-2.46234403,
loc_jyewmqqe,Mylk Pty Ltd,Salons,514 Christine Avenue,Shop 3,Robina,QLD,4226,Australia,,755808823,radke.mikayla@gmail.com,,-28.08527346,153.39174825,country_inferred
loc_wyvn2jyx,Myst Hair,Salons,"Shop 3, 33 Warwick Street",,Walkerville,SA,5081,Australia,Australia,,,,-34.89682601,138.61712907,
loc_7g25kemq,N-A-Hayz,Salons,3421 E Liberty Ave,,Fresno,CA,92702,United States,US,+15592591788,noahr12344@gmail.com,,36.73098101,-119.76711396,country_normalized
loc_wyvn2jvx,NAÍCHA Hair and Beauty,Salons,13a Forbes street,,Devonport,TAS,7310,Australia,Australia,,,,-41.18269218,146.35579234,
loc_n9mz6gj5,Nakamura Dental Clinic,Clinics,,,Tokyo,,,Japan,Japan,,,https://nakamuradent-clinic.com/,35.68955258,139.69181823,
loc_95rw8z6y,Nakedhealth MediSpa,Clinics,"261-262 Coombe Lane, Wimbledon",,London,,SW20 ORH,United Kingdom,United Kingdom,2089445454,team@nakedhealth.co.uk,http:// www.nakedhealth.co.uk,51.41260891,-0.24284419,
loc_wyvnjmgx,NAMASTE,Salons,4519 W 90TH ST,,PRAIRIE VILLAGE,KS,66207-2303,United States,US,9133811117,JAMESMAIN@NAMASTEKC.COM,,38.96610832,-94.63800296,country_normalized
loc_vm9wng7m,Naomi C/O The Loft,Salons,111 Fort Street,,Winnipeg,MB,R3C 1C7,Canada,,,info@theloftwinnipeg.com,https://theloftwinnipeg.com/,49.88981739,-97.13615915,country_inferred
loc_qzmyv86y,Naomi Varela,Salons,,,,MI,,United States,US,231-246-0457,naomineverett@yahoo.com,,44.84417600,-85.66049300,country_normalized
loc_k6mzxrxq,Nara Medispa,Clinics,"Lot 2.01A, Second Floor Menara BRDB, No. 285, Jalan Maarof, Bukit Bandaraya, 59000 Kuala Lumpur",,,Kuala Lumpur,59000,Malaysia,Malaysia,603 2282 9299,info@naramedispa.com,https://www.naramedispa.com/,3.14362515,101.66726167,
loc_57wexxzn,Nassim Plastic Surgery,Clinics,"1 Orchard Blvd, #11-02 Camden Medical Centre, Singapore 248649",,,Orchard Road and Vicinity,248649,Singapore,Singapore,6517 9890,,https://nassimplasticsurgery.com/,1.30320070,103.82419064,
loc_7g25kmjq,Natalia Souza,Clinics,2 Engineers Way,Apartment 1107,Wembley,Greater London,HA9 0QU,United Kingdom,UK,+447525359295,nataliavieira@me.com,,51.55875481,-0.28367981,country_normalized
loc_n9mz6e55,Natalie Hadesh Inc. @ J Scott Studio,Salons,9930 Johnnycake Ridge Rd,Suite 2G,Mentor,OH,44060,United States,,440-669-4005,nathadesh@gmail.com,,41.67966300,-81.28382200,country_inferred
loc_xpq2e586,Natsuko Clinic,Clinics,"SOOL Building 1F, 428-1 Chikaokamachi, Kanazawa-shi",,Ishikawa,,,Japan,Japan,076-255-1798,,https://natsukoclinic.com/,36.61038855,136.63121775,
loc_g2w9jrw7,Natural Aesthetics,Clinics,"14 Landview Gardens, Ongar CM5 9EQ",,,Essex,CM5 9EQ,United Kingdom,United Kingdom,+44 012 7736 5780,info@natural-aesthetics.co.uk,http://natural-aesthestics.dodgersgolf.co.uk/,51.69823800,0.24225500,
loc_xpq2ejw6,Natural Hair Transplant Europe,Clinics,"Les Marches du Palais, 4 Avenue Pierre Sémard, Avignon 84000",,,Avignon,84000,France,France,,,,43.94341000,4.81532500,
loc_k6mzxg9q,Natural Look Salon and Spa,Salons,219 E Ogden Ave,,Westmont,IL,60559,United States,,630-323-3966,naturallooksalonspa@gmail.com,,41.80986850,-87.96911441,country_inferred
loc_zzpng8rw,Natures Crowns,Salons,2800 N. Main St,Suite 3 (inside Pure Essence),Roswell,NM,88201,United States,US,+15754208920,naturescrowns24@gmail.com,,33.42811500,-104.52367300,country_normalized
loc_jyewqkye,Naty Salon and Spa,Salons,1028 Pasadena Blvd,,Pasadena,TX,77506-4700,United States,Us,7134726277,natysalonandspa@aol.com,,29.69472200,-95.20157400,country_normalized
loc_95rw7ppy,Navarna Hairdressing,Salons,GO SHOP 24 Oasis Shopping Centre,,Broadbeach,QLD,4218,Australia,Australia,,,,-28.02932369,153.43228375,
loc_vm9wnvkm,ND Artistry,Salons,322 9th Ave N.,,Jacksonille,FL,32250,United States,US,(904) 372-0303,hnaconcepts@gmail.com,,30.29717900,-81.39419500,country_normalized
loc_yzy8j6gv,Neatbeat Salon,Salons,9200 Taylorsville Road,#105,Louisville,KY,40299,United States,,502-553-1262,danielle@weareneatbeat.com,http://Danielle Loiacano,38.21219844,-85.58745921,country_inferred
loc_exy62p5v,Nectar,Salons,148 West Short Street,,Lexington,KY,40507,United States,,859-585-2483,jkemmer18@gmail.com,,38.04762337,-84.49713844,country_inferred
loc_k6mzxpgq,Neighbourhood Salon,Salons,284 Crown Street,,Darlinghurst,NSW,2010,Australia,Australia,,,,-33.88004554,151.21529090,
loc_2mqrgk99,New and Company,Salons,"1530 Delachaise St, New Orleans",,,LA,70115,United States,,15048627833,james@newandcompany.com,,29.92715490,-90.09237148,country_inferred
loc_yzy8j66v,New Beginnings Hair Design,Salons,880 W 61st Ave,,Merrillville,IN,46410,United States,,219-308-0134,maximillion42@yahoo.com,,41.50816801,-87.34671431,country_inferred
loc_qzmyvnqy,New Image Laser Clinic,Clinics,"445 W. 5th St. (corner of 5th and D Street), Oxnard, CA 93030",,Ventura,California,93030,United States,United States,805 240 5999,info@newimagelaserclinic.com,http://www.newimagelaserclinic.com/,34.19794300,-119.18208000,
loc_zzpngkpw,New Town Skin Cancer and repair Centre,Clinics,"137 New Town Road, New Town, Tasmania",,,,7008,Australia,AU,(03) 6240 4820,newtown@skinrepaircentres.com.au,https://www.skincancercentres.com.au/locations/tas/new-town-skin-cancer-centre,-42.85948906,147.30635104,country_normalized
loc_jyewmpze,New Waves Salon,Salons,1069 North Bagley,,Alpena,MI,49707,United States,,989-354-8307,"epprevo@hotmail.com, ecadarette@chartermi.net",,45.06287383,-83.47121368,email_multivalue; country_inferred
loc_2mqrgjr9,New York Dermatologic Surgery Cosmetic Laser Center,Clinics,"988 5th Ave, New York, NY 10075",,New York City,New York,10075,United States,United States,212-988-2400,,http://monicahalemmd.com/,40.77746681,-73.96312118,
loc_69nezx65,Newbury North Salon,Clinics,18 Lafayette Rd,,North Hampton,NH,03862,United States,US,(603) 964-3313,tawns143@msn.com,,42.96205704,-70.83541116,country_normalized
loc_n9mz66v5,New造型髮藝,Salons,嘉義市東區金龍街286號,,嘉義市,東區,600,Taiwan,,05-2762124,,,23.47879801,120.46725601,country_inferred
loc_7g25kzgq,Nextdoor Barber,Salons,5 Fourth St,,Bowden,SA,5007,Australia,Australia,,,,-34.90576572,138.57863227,
loc_xpq2ee26,Nexus Aesthetic Clinic,Clinics,"111 Somerset Road, #03-19",,,Orchard Road and Vicinity,238164,Singapore,Singapore,8691 8303,,,1.30016025,103.83744863,
loc_exy62r5v,Neya Skin Centre,Salons,"No.15 (GF), Jalan Seri Rejang 1, Taman Sri Rampai",,Kuala Lumpur,Wilayah Persekutuan Kuala Lumpur,53300,Malaysia,Malaysia,60128390071,kuala.lumpur@neya.com.my,https://neya.com.my/,3.19629989,101.72694367,
loc_vm9wnv8m,Niche Salon,Salons,2936 Gunther Place,,Virginia Beach,VA,23453,United States,US,(757) 977-3448,rebekahcalderon@icloud.com,,36.80414580,-76.07289024,country_normalized
loc_exy627wv,Nicole & Co,Salons,216 Mansfield Ave,,Shelby,OH,44875,United States,USA,419-342-4247,nicoleandcosalon@aol.com,,40.86616696,-82.64211354,country_normalized
loc_g2w9jkz7,Nicole Conlan,Salons,3/101 Cowlishaw Street,,Redhead,NSW,2290,Australia,Australia,,,,-33.01138541,151.72256249,
loc_pqm89pwk,Nicole's Hair Studio,Salons,185 Horace Street,,Winnipeg,MB,R2H 0W3,Canada,,,nidimen@gmail.com,,49.88081725,-97.11915912,country_inferred
loc_jyewmvge,Nimia's Beauty Salon,Salons,779 Deer Park Ave,,North Babylon,NY,11703,United States,US,(631) 422-3290,nimiasbeautysalon@gmail.com,,40.72188025,-73.32238115,country_normalized
loc_k6mzxrgq,Nina Dousi Hair Spa,Salons,"Hrakleitou 147 & Grigoriou Labraki , 15238, Athens",,,,,Greece,Greece,0030 2108105777,info@ninadousihair.gr,https://ninadousihair.gr/,38.03318829,23.84774701,
loc_69nez6v5,Nineteen Seventy-Seven,Salons,1331 16th Ave SW,,Calgary,AB,T3C 1E2,Canada,,,hello@1977.salon,http://www.1977.salon,51.03883621,-114.09218693,country_inferred
loc_xpq2eym6,NJS,Clinics,52 ARMAND BEACH DR,,PALM COAST,Florida,32137,United States,USA,+13145402210,nswezy@yahoo.com,,29.62178022,-81.19775878,country_normalized
loc_g2w9jr87,No Filter Clinic London,Clinics,9 Young Street,,London,Greater London,W8 5EH,United Kingdom,UK,+447868389978,info@nofilterclinic.co.uk,https://www.nofilterclinic.com/,51.50173844,-0.18964311,country_normalized
loc_xpq2eyq6,No Name Beauty Salon,Salons,17604 Collins Ave,,Sunny Isles,FL,33160,United States,US,(347) 988-9262,kanelgina@gmail.com,,25.93868747,-80.12157927,country_normalized
loc_7g25kmyq,Noble Medical Aesthetics,Clinics,5b chivalry road,,London,Greater London,SW11 1HT,United Kingdom,UK,+447838937188,noble_aesthetics@outlook.com,https://www.nobleaesthetics.co.uk/,51.45801843,-0.17135281,country_normalized
loc_yzy8j9rv,Noun Hair Studio,Salons,Joelle Michaud,17 Pinard St,Manchester,NH,03102,United States,US,(603) 540-7500,jpportinari@yahoo.com,,42.99139000,-71.49909700,country_normalized
loc_g2w9jne7,Novachis Salon,Salons,1715 W Ohio St,,Chicago,IL,60622,United States,USA,773-540-1178,erika@novachissalon.com,,41.89206864,-87.67021436,country_normalized
loc_m7x8kp6v,Novique Medical Aesthetics,Clinics,,,Ivyland,Pennsylvania,18974,United States,United States,,,https://www.novique.com/,40.20927429,-75.07278442,
loc_k6mzxq8q,NS.Aesthetics,Clinics,"182 Grant Ave, Cherry Hill NJ 08002",,Cherry Hill,New Jersey,8002,United States,United States,856-571-3337,nsaestheticsrn@gmail.com,https://www.nsaestheticsrn.com/,39.91011200,-75.02359900,
loc_exy622nv,Nu hair桃園,Salons,桃園市龜山區文青路221號2樓,,桃園市,龜山區,333,Taiwan,,,,,25.04063512,121.38906553,phone_placeholder_blanked; country_inferred
loc_vm9wnnqm,NU.Reflections Medical Aesthetics,Clinics,"123 Penang Road, #05-12, Singapore 238465",,,Orchard Road and Vicinity,238465,Singapore,Singapore,+65 6235 5333,,http://nu-reflections.com/medical-aesthetics/partner-products/,1.29951213,103.84217013,
loc_m7x8e66v,Nu/Hart Hair Restoration,Salons,"Unit 301, State Condominium 1, 186 Salcedo, Legazpi Village, Makati, 1229 Kalakhang Maynila",,,,,Philippines,PH,0917 710 0556,,https://nuhartclinic.com.ph/contact-us/,14.55596700,121.01568840,country_normalized
loc_rkzgqqzq,Nueva Skinmed,Clinics,"2F, 437 Nagano Blvd. Brgy Rizal, Poblacion, San Leonardo, Nueva Ecija",,,,,Philippines,PH,+63 908 656 6480,,,15.35907000,120.95924000,country_normalized
loc_2mqrggm9,Nuffield Aesthetics Clinic,Clinics,"9 Scotts Road, Pacific Plaza #06-07 Scotts Medical Center",,,Orchard Road and Vicinity,228210,Singapore,Singapore,,,https://www.nuffieldaesthetics.com.sg/,1.30657731,103.83215680,
loc_2mqrg269,Nuovo Clinic,Clinics,"Budapest, Tinódi u. 1-3, B épület",,,HU,1095,,Europe,,nuovoclinic@gmail.com,,47.47899778,19.06986312,country_not_a_country
loc_wyvn2z9x,Nurture South Boston,Salons,127 L Street,,South Boston,MA,02127,United States,US,(617) 269-0638,tarahally4575@gmail.com,,42.33330317,-71.03544696,country_normalized
loc_69nez8r5,Nyokas Salon,Salons,12972 N Dale Mabry Hwy,,Tampa,FL,33618,United States,US,(813) 270-0664,nyokaartistry@gmail.com,,28.06441050,-82.50460888,country_normalized
loc_yzy8jg9v,O2 Clinic,Salons,"29-1-10, Golden Triangle Condominium, Jln Paya Terubung, Relau",,Bayan Lepas,Pulau Pinang,11900,Malaysia,Malaysia,04-637 1345,,https://o2klinik.com/,5.33143180,100.27575730,email_placeholder_blanked
loc_exy627kv,OB coiffure,Salons,185 rue Lachance,,Ste-Germaine,Quebec,J0Z1M0,Canada,Canada,+18193391719,odellebegin@hotmail.com,,48.59931400,-79.12169300,
loc_2mqrgj79,Obsessions Salon,Salons,10 Center Square St.,,East Logmeadow,MA,01116,United States,US,(413) 250-9925,cheryl3roberts@gmail.com,,42.06496925,-72.51255323,country_normalized
loc_xpq2eve6,OC Beauty Box RN,Salons,5342 Horsham Ave,5342,Westminster,CA,92683,United States,US,+17146251143,roberta.rn@icloud.com,,33.75632500,-118.03676200,country_normalized
loc_xpq25826,Off the Fringe,Salons,220 Catoctin cir SE,,Leesburg,VA,20175,United States,Us,(571) 209-0826,jenniferwarmsbecker@gmail.com,,39.10946000,-77.55693600,country_normalized
loc_g2w9jnw7,Oh Baby Hair and Day Spa,Salons,2415 Maloney Drive,,Bloomington,IL,61704,United States,USA,309-662-2229,michelle@ohbabysalon.com,,40.48086632,-88.94851457,country_normalized
loc_yzy8jx2v,Okuyama Orthopedics,Clinics,,,Tokyo,,,Japan,Japan,,,https://www.okuyama-seikei.com/,35.68955258,139.69181823,
loc_jyewmpee,Olena's Skin Esthetics,Clinics,"20191 E Country Club Dr, #2301, Aventura FL 33180",,Aventura,Florida,33180,United States,United States,773-610-1088,olena7501@gmail.com,https://www.instagram.com/olenaskinesthetics/?hl=en,25.96342539,-80.12513128,
loc_57wexnmn,Olga Sabo Skincare Studio,Salons,19627 Long View Terrace,,Salinas,CA,93908,United States,US,,olga.sabo.esthetics@gmail.com,,36.60243600,-121.65007900,country_normalized
loc_2mqrgjv9,Olive And Fig Salon,Salons,40 Dow Ave studio16,,Portsmouth,NH,03820,United States,US,(207) 949-9806,emily@oliveandfig.salon,,42.82948400,-71.15157500,country_normalized
loc_95rw8k8y,Oliver's Salon And Spa,Salons,5202 Hamilton Blvd,,Allentown,PA,18106,United States,,(610) 366-8808,info@oliverssalonspa.com,,40.56409443,-75.55873711,country_inferred
loc_n9mz6qp5,Olivia Presley Hair Co,Salons,1520 Old Ranch Road 12,,San Marcos,TX,78666-2901,United States,,5126189594,lanna@oliviapresley.com,,29.89349900,-97.95846500,country_inferred
loc_n9mz6rr5,Olli + Izzie Style House,Salons,1565 Nantahala Beach Rd.,,Gulf Breeze,FL,32563,United States,United States,901 517 8767,shannonpope@live.com,,30.39269432,-87.01556180,
loc_rkzgq7mq,Ollie Os,Salons,8/18 whistler St,,Manly,NSW,2095,Australia,,420312415,oliverleftley@gmail.com,,-33.79728145,151.28569939,country_inferred
loc_k6mzxpkq,Omakase Hair Collective,Salons,Shop 4/67-87 Oaklands Road,,Somerton Park,SA,5044,Australia,Australia,,,,-34.99709452,138.52974337,
loc_pqm8996k,Omar hair(V*)(@),Clinics,新北市板橋區仁化街7號,,,,220,Taiwan,TW,02-22561105,,,25.03141012,121.47419902,country_normalized
loc_8ye58926,On The Avenue Hair,Salons,1275 St Matthews Ave,,Winnipeg,MB,R3G 0K3,Canada,,,whitepaige@hotmail.com,,49.89081741,-97.19015924,country_inferred
loc_xpq2e6g6,One Agora Integrative Health Center,Clinics,"9220 James Ave S., Bloomington, MN 55431",,Bloomington,Minnesota,55431,United States,United States,(952) 234-5898,,https://www.oneagorahealth.com/,44.83627346,-93.30231529,
loc_exy6259v,Onishi Dermatology and Plastic Surgery Clinic,Clinics,,,Shiga,,,Japan,Japan,,,https://www.onishiskinclinic.com/index.html,35.24715577,136.10938223,
loc_57wex6gn,Onyx And Gold Suite A And B,Salons,1008 NW J St,,Bentonville,AR,72712-4110,United States,US,4796440915,nataliedarlingstylist@yahoo.com,,36.38360596,-94.22275154,country_normalized
loc_57wex5rn,Onyx Salon,Salons,230 Anderson Ave,,Croswell,MI,48422,United States,US,+18104049136,ksn226@gmail.com,,43.28014900,-82.62300100,country_normalized
loc_n9mz6wr5,Oomph LLC,Salons,110 Brewery Lane Suite 110,,Portsmouth,NH,03801,United States,US,(603) 766-2336,info@oomph.salon,,43.07013800,-70.76936700,country_normalized
loc_vm9wnn2m,Ooyama Dermatology and Plastic Surgery,Clinics,,,Hyogo,,,Japan,Japan,,,https://ooyamahifuka.net/wp/,34.91493572,134.86066221,
loc_qzmyve9y,Opal and Boa,Salons,32 N 3rd Street,,Philadelphia,PA,19106,United States,,(610) 554-0967,kaylynwalbornhair@gmail.com,,39.95114655,-75.14556123,country_inferred
loc_vm9wn8rm,Opulence beauty retreat,Salons,Higher Fenny Fold Farm,Hapton,Padiham,,BB12 7LP,United Kingdom,UK,+447748340848,debbieneild@hotmail.com,,53.79170350,-2.32456209,country_normalized
loc_zzpngvww,Ora Skin Clinic Ballincollig,Clinics,Main Street Ballincollig Co Cork,,,,,Ireland,,,dredel@oraskinclinic.ie,,51.88790000,-8.58889000,country_from_tld
loc_2mqrgj29,Ora Skin Ltd,Clinics,"Suite 8 (2nd Floor)The Mall, Beacon Court Sandyford",,,,,Ireland,,,accounts@oraskinclinic.ie,,53.27550369,-6.21904979,country_from_tld
loc_qzmyvqry,Orocum beautician and cosmetics ltd,Salons,26 church street,,London,,Nw88ep,United Kingdom,UK,+447935516589,nandamess@icloud.com,,51.52415180,-0.16950069,country_normalized
loc_8ye589v6,Orr Salon,Salons,2701 E 15th St,,Tulsa,OK,74104-4713,United States,US,9189610992,hope_3775@hotmail.com,,36.14063106,-95.95152713,country_normalized
loc_jyewmqge,Oshiage Narihira Dermatology,Clinics,,,Tokyo,,,Japan,Japan,,,https://www.oshinari-clinic.com/,35.68955258,139.69181823,
loc_vm9wn2mm,Oskars Hair Studio,Salons,16 Ruthven ave,,ADELAIDE,SA,5000,Australia,,414247496,karen@oskarshair.com.au,,-34.92848657,138.59070423,country_from_tld
loc_95rw8zgy,Oslo Hud Og Laserklinikk (Linderud),Clinics,"Linderud Senter, Erich Mogensøns Vei 38, Oslo, 0594",,,Oslo,594,Norway,Norway,+47 406 07 759,post@hudoglaserklinikk.no,https://www.hudoglaserklinikk.no/,59.94324982,10.83547178,
loc_7g25kmeq,Oslo Hud Og Laserklinikk (Majorstuen),Clinics,"Vibes gate 12C, Ole Vigs gate, Oslo, 0356",,,Oslo,356,Norway,Norway,+47 406 07 759,post@hudoglaserklinikk.no,https://www.hudoglaserklinikk.no/,59.92684982,10.72318176,
loc_xpq2ejn6,Ouronyx,Clinics,"20 St James's Street, London SW1A 1ES",,,London,SW1A 1ES,United Kingdom,United Kingdom,,,https://ouronyx.com/,51.50647998,-0.13878998,
loc_pqm89gwk,Outflash,Salons,100 Caledonia Park Road,Unit 3,Toronto,Ontario,M6H 0B1,Canada,Canada,+12045100624,hart.anne20@gmail.com,,43.67408900,-79.45420600,
loc_g2w9jee7,Ovation Salon Suites,Salons,17194 Preston Rd Ste 151,,Dallas,TX,75248-1264,United States,,9154903840,staceydevos@gmail.com,,32.98408900,-96.80105900,country_inferred
loc_n9mz6qq5,Ovation Salon Suites,Salons,5203 Alpha Rd,,Dallas,TX,75240-1126,United States,,4694222010,davidsantamaria90@gmail.com,,32.93348000,-96.81945500,country_inferred
loc_xpq2e566,Oxygene Air De Vie,Salons,525A Crown Street,,SURRY HILLS,NSW,2010,Australia,,Jean 0295184844,johnnyjohnny320@yahoo.com,,-33.88946456,151.21291225,country_inferred
loc_8ye586w6,P&M Salon,Salons,62 Douglas Parade,,WILLIAMSTOWN,VIC,3016,Australia,,391914544,info@pmsalon.com.au,,-37.85723262,144.89794024,country_inferred
loc_jyewmpqe,Pageboy Hair,Salons,12 W Lancaster Ave,,Ardmore,PA,19003,United States,,(610) 645-0600,nikkila88@yahoo.com,,40.00798200,-75.29148500,country_inferred
loc_g2w9jvk7,Pageboy Salon,Salons,"12 W Lancaster Ave, Ardmore, PA 19003",,,,,,,610-645-0600,nikkila88@yahoo.com,http://pageboyhairsociety.com,40.00797741,-75.29142907,
loc_8ye587n6,Painted With Purpose,Salons,213 Main St,,Hudson,MA,01749,United States,US,(774) 670-0101,paintedwpurposeco@gmail.com,,42.39145695,-71.56327117,country_normalized
loc_k6mzx7xq,PAISLEY & STRIPE SALON,Salons,11006 METCALF AVE,,,KS,66210-1834,United States,66210-1834,9135154375,paisleyandstripesalon@gmail.com,,38.92872800,-94.66873200,zip_recovered_from_country; country_inferred
loc_zzpng85w,Paisley & Stripe West,Salons,846 Pennsylvania St,,Lawrence,KS,66044-2754,United States,,7852186387,paisleyandstripewest@gmail.com,,38.96773300,-95.22870700,country_inferred
loc_95rw8key,Palm Beach Dermatology,Clinics,"701 Northpoint Parkway, Suite 300, West Palm Beach, FL 33407",,West Palm Beach,FL,33407,United States,United States,,,https://www.palmbeachskin.com/,26.76154385,-80.09541312,state_split_from_postal
loc_wyvn2jqx,Paloma - NSW,Salons,320 Oxford St,,Paddington,NSW,2021,Australia,Australia,,,,-33.88546555,151.22888248,
loc_vm9wn22m,Palomino Hair,Salons,180 Molesworth Street,,Lismore,NSW,2480,Australia,Australia,,,,-28.80944858,153.27590434,
loc_xpq2ey56,Panache Hair Designers,Salons,22 S 2nd St,,Easton,PA,18042,United States,,(610) 258-9565,panachehaireaston@outlook.com,,40.69074872,-75.20696362,country_inferred
loc_vm9wnnjm,Paragas Medical Aesthetics,Clinics,"Midtown Tower, Calasiao, Philippines, 2418",,,,,Philippines,PH,0917 135 7503,,,15.98141040,120.32735280,country_normalized
loc_exy62nwv,Paramount Day Spa,Salons,345 3rd Ave South,,Saskatoon,SK,S7K 1M6,Canada,,,info@paramountdayspa.com,http://paramountdayspa.com,52.12485401,-106.66417476,country_inferred
loc_g2w9jez7,Park Place Hair,Salons,22632 Kuykendahl Rd,,Spring,TX,77389-5099,United States,,8324449488,bgalloway08@icloud.com,,30.09447600,-95.53357100,country_inferred
loc_95rw8q8y,Parlor 113 Salon,Salons,418 S Gay St,,Auburn,AL,36830,United States,United States,(334) 329-7113,parlor113@outlook.com,,32.59842444,-85.48006426,
loc_n9mz6wk5,Parlour hair and skin,Salons,1339 frankford ave,,Philadelphia,PA,19125,United States,US,+17346732728,jakeyowenhair@gmail.com,,39.97132400,-75.13416000,country_normalized
loc_xpq2ek76,Parlour in the Woods,Salons,"24 Waterway Ave Suite 145, The Woodlands, TX 77380",,,,,,,(832) 702-6154,lookgood@visitparlourinthewoods.com,,30.16074942,-95.45851564,
loc_57wexn8n,PASHA Medical Day Spa,Clinics,"23861 McBean Pkwy UNIT D2, Valencia, CA 91355",,Valencia,CA,91355,United States,United States,,paula@pashamedspa.com,http://www.pashamedspa,34.39635200,-118.55474400,state_split_from_postal
loc_vm9wn8vm,Patel Hospital,Clinics,"Civil Lines, Jalandhar City, Punjab 144001",,,Punjab,144001,India,India,00-91 93176 50541,dermatology@patelhospital.com,http://patelderma.com/,31.32036959,75.58496389,
loc_exy6226v,Patricia Yuen Dermatology,Clinics,"#20-04 Paragon Medical Centre, 290 Orchard Rd",,,Orchard Road and Vicinity,238859,Singapore,Singapore,+65 6235 1200,,https://www.drpatyuen.com/,1.30386000,103.83613000,
loc_95rw7pmy,Paul Albert Salon,Salons,2060A Post Road,,Fairfield,CT,6824,United States,Us,(203) 222-2250,pat063@yahoo.com,,41.14092100,-73.26809400,country_normalized
loc_wyvn2e6x,Paul's Barber Shop & Gentleman's House,Salons,"Ypsilantou 167, 18535, Piraias",,,,,Greece,Greece,0030 210 4120208,info@paulsbarber.gr,https://paulsbarber.gr/,37.93996019,23.64794993,
loc_pqm892gk,Pauline Cawley Skin & Laser Clinic,Clinics,Market Square Castlebar Mayo,,,,F23 WR27,Ireland,Ireland,,,,53.85632882,-9.30040152,
loc_zzpnggxw,Peace Family Clinic,Clinics,"371 Woodlands Ave 1, #01-821, Singapore 730371",,,Woodlands,730371,Singapore,Singapore,+65 6269 0466,,,1.43222347,103.78661700,
loc_k6mzx9wq,Peled Plastic Surgery,Clinics,"2100 Webster Street, Suite #109, San Franciso, CA 94115",,San Francisco,California,94115,United States,United States,+1 415 751 0583,,http://www.peledplasticsurgery.com/,37.79056192,-122.43212006,
loc_n9mz6g55,Percy and Fred Pty Ltd,Salons,Shop 3- 1 Princes Hwy,,Werribee,VIC,3030,Australia,Australia,,,,-37.89995257,144.66619227,
loc_pqm89wzk,Perfect Image Medical Spa,Clinics,"9699 Baseline Road, Rancho Cucamonga, CA 91730",,San Bernardino,California,91730,United States,United States,+1 (909) 453-3222,,http://perfectimagemedicalspa.com/,34.12155400,-117.59355000,
loc_rkzgqy2q,PerfectForm Klinika,Clinics,"Budapest, Szilágyi Erzsébet fasor 107.",,,HU,1026,,Europe,,info@perfectform.hu,,47.51462778,19.00242311,country_not_a_country
loc_jyewmr5e,Perla Estetica,Clinics,"Budapest, Kőszeg u. 10, fsz.1",,,HU,1144,,Europe,,info@perlaestetica.hu,,47.50717784,19.13783136,country_not_a_country
loc_xpq2e786,Perri Skin Care,Clinics,"Atrium One, Suite B & C 474 Hurffville Crosskeys Road",,Gloucester,New Jersey,8080,United States,United States,+1 (856) 5828900,,https://www.perriskincare.com/,39.73701700,-75.07220900,
loc_m7x8kvjv,Personalities Hair Design,Salons,2730 Millar Ave,,Saskatoon,SK,S7K 4J4,Canada,,,personalitieshd@gmail.com,http://personalitieshairdesign.com,52.17285480,-106.64617473,country_inferred
loc_vm9wn2zm,Pessimum Clinic in Koenji,Clinics,,,Tokyo,,,Japan,Japan,,,https://hifuka-jo.jp/,35.68955258,139.69181823,
loc_zzpng55w,Peters Radiant Aesthetic & Hair Transplant Clinic Shah Alam,Salons,"13-1, Jln Anggerik Vanilla BE 31/BE, Kota Kemuning",,Shah Alam,Selangor,40460,Malaysia,Malaysia,03-5131 1909,,https://petersradiant.com/,3.00430230,101.53673532,email_placeholder_blanked
loc_xpq2ejj6,Peters Radiant Clinic,Clinics,"No 13-1 Jalan Anggerik Vanilla BE 31/BE, Kota Kemuning Seksyen 31, 40460 Shah Alam Selangor Darul Ehsan",,,Selangor,40460,Malaysia,Malaysia,+(603) 5131-1909,thina@petersradiant.com,https://www.petersradiant.com/,3.00457492,101.53653166,
loc_qzmyvqqy,Pewdee Clinic,Clinics,"Good Skin Clinic Central Chidlom Central Chidlom Tower, 3A, 22 Soi Somkid, Ploenchit Road, Lumpini, Pathumwan, Bangkok 10310",,,Bangkok,10310,Thailand,Thailand,0-2254-0900-3,pewdee.premier@gmail.com,http://www.pewdeeclinic.com/,13.74534690,100.54524080,
loc_57wex5wn,PGA Salon Suites - Michael Mahon,Salons,5610 PGA Blvd,Suite 114,Palm Beach Gardens,FL,33418,United States,US,(561) 818-9072,fivealley@me.com,,26.83796800,-80.12347800,country_normalized
loc_vm9wngvm,Phenix Salon Suites,Salons,5517 E 41st St,,Tulsa,OK,74135-6008,United States,US,9188510333,wspmomma@gmail.com,,36.10436000,-95.91393800,country_normalized
loc_95rw8vky,Phenix Salon Suites,Salons,5517 E 41st St,,Tulsa,OK,74135-6008,United States,US,9183613477,brettwhitten@ymail.com,,36.10436000,-95.91393800,country_normalized
loc_8ye589e6,Phenix Salon Suites Camp Bowie,Salons,6201 Sunset Dr Ste 650,,Fort Worth,TX,76116-5521,United States,,8179090593,madalynssalon1@gmail.com,,32.72644300,-97.41877100,country_inferred
loc_qzmyvwwy,Phenix Salon Suites-Willow Ben,Salons,5964 W Parker Rd Ste 116,,Plano,TX,75093-7788,United States,,4695830899,s.cav714@gmail.com,,33.04318800,-96.82783600,country_inferred
loc_2mqrg279,PHI Clinic,Clinics,"102 Harley Street, London W1G 7JB",,,London,W1G 7JB,United Kingdom,United Kingdom,,,https://www.phiclinic.com/,51.52122999,-0.14784001,
loc_m7x8krkv,PHI Clinic Malaysia,Clinics,"Damansara Plaza, Level A1, Block B, 45, Jalan Medan Setia 1, Bukit Damansara, 50490 Kuala Lumpur",,,Kuala Lumpur,50490,Malaysia,Malaysia,+60 3 2011 5115,,http://phiclinicmalaysia.com/,3.15035516,101.65316655,
loc_n9mz6r65,Pin Up Curls - Jeni Chandler,Salons,6167 W Jefferson Blvd,Salon Front Door,Ft. Wayne,IN,46804,United States,,260-267-9659,info@pin-upcurls.com,,41.05756727,-85.22031396,country_inferred
loc_xpq2ey66,Pink Magnolias Salon,Salons,8844 Strath Rd,,Richmond,VA,23231,United States,US,(804) 335-1600,tammydsimpkins76@gmail.com,,37.42206298,-77.34847373,country_normalized
loc_exy62n5v,Pink MedSpa,Clinics,"3680 Northeast Akin Drive Suite #114, Lee's Summit, MO 64064",,Lee's Summit,MO,64064,United States,United States,,,https://www.pinkmedspa.com/,38.98066387,-94.36161546,state_split_from_postal
loc_g2w9jkv7,Pixie Hair and Makeup,Salons,Suite 3/202 Coogee Bay Rd,,Coogee,NSW,2034,Australia,Australia,,,,-33.92031300,151.25472197,
loc_k6mzxwxq,Pizazz By Renee,Salons,1010 Valley Forge Rd,,Norristown,PA,19403,United States,,(610) 630-1525,pizazzbyrenee@gmail.com,,40.16221500,-75.37896900,country_inferred
loc_vm9wn72m,Plastic Surgery Associates of Orange County,Clinics,"26732 Crown Valley Pkwy #585, Mission Viejo, CA 92691",,Orange County,California,92691,United States,United States,(949) 364-2277,,https://psaoc.com/,33.56285499,-117.66511928,
loc_pqm8998k,Plastic Surgery by S J Lee,Clinics,3 Mount Elizabeth #16-13 Mount Elizabeth Medical Centre Singapore 228510,,,Orchard Road and Vicinity,228510,Singapore,Singapore,+65 6737 9891,plasticsurgerybysjlee@gmail.com,https://www.mountelizabeth.com.sg/doctor/plastic-surgery/lee-shu-jin/adfe4973-49bf-63ee-ab9a-ff0000dba087,1.30458259,103.83556522,
loc_rkzgq7nq,Platinum Hair By Belle,Salons,361 Pacific Hwy,,Asquith,NSW,2077,Australia,Australia,,,,-33.68868552,151.10733248,
loc_vm9wngem,Platinum Hair Design,Salons,#5 461 King Street,,Estevan,SK,S4A 1K6,Canada,,,Email- mmack27@hotmail.com,,49.14680522,-102.97168721,email_malformed; country_inferred
loc_7g25k9kq,Platinum Salon,Salons,1850 Shug Jordan Parkway Suite 204 Auburn,,,AL,36830,United States,,423-605-8242,,,32.63263616,-85.49480093,state_split_from_postal; country_inferred
loc_8ye58vx6,Platinum- Margaret Phillips,Salons,1850 Shug Jordan Parkway Ste 204 Auburn,,,AL,36830,United States,,423.605.8242,slmaphillips@gmail.com,,32.63225900,-85.49503500,country_inferred
loc_jyewmpwe,Pleij Salon,Salons,8930 Lyra Dr,,Columbus,OH,43240,United States,,614-547-2566,info@pleijsalon.com,,40.14706578,-82.97441359,country_inferred
loc_qzmy69yy,Plume Hair,Salons,553 east elkcam cir,,Marco Island,FL,34145,United States,Us,(239) 494-0319,plumehair239@gmail.com,,25.95926300,-81.72854500,country_normalized
loc_n9mz66p5,PLUS Hair Studio(@),Clinics,高雄市前金區青年二路140號,,,,801,Taiwan,TW,07-2163585,,,22.61863706,120.29197095,country_normalized
loc_m7x8kv8v,Plush Salon & Spa,Salons,4979 Southlands Dr,Unit 208,Medicine Hat,AB,T1B 0T8,Canada,,,appointments@plushsalonandspa.ca,http://www.plushsalonandspa.ca,49.99381909,-110.65218129,country_inferred
loc_xpq2eez6,Plushealth Medical Clinic,Clinics,"89 WHAMPOA DRIVE, #01-841, Singapore 320089",,,Whampoa,320089,Singapore,Singapore,+65 6264 7845,,https://www.healthhub.sg/directory/14/61125/plushealth-medical-clinic-n-surgery,1.32364217,103.85517016,
loc_xpq2ej76,PN Esthetic Clinic,Clinics,"55 Wave Place Building, Room 102, Wireless Road Lumpini, Pathumwan 10330",,,Bangkok,10330,Thailand,Thailand,"02-255-4197, 092-497-4636",info@PNEstheticClinic.com,http://www.pnestheticclinic.com/pn-esthetic-clinic-contact.html,13.74340900,100.54789500,
loc_k6mzxxnq,Polaris Plastic Surgery,Clinics,"3 Mount Elizabeth, #08-05 Mount Elizabeth Medical Centre, Singapore 228510",,,Orchard Road and Vicinity,228510,Singapore,Singapore,+65 6737 4565,clinic@polarisplasticsurgery.com,https://www.polarisplasticsurgery.com,1.30490793,103.83545189,
loc_rkzg7vvq,Poliklinik Kempas Indah,Salons,"858 Taman Kempas Indah 3, Kulim 09000",,,,,Malaysia,MY,+60 4 495 5055,pkempasindah@gmail.com,,5.36039200,100.52947200,country_normalized
loc_69nez5m5,Poliklinik Perdana,Clinics,"8, Jalan Bakri Mulia, Taman Bakri Mulia, 84200 Muar, Johor",,,Johor,84200,Malaysia,Malaysia,+60 6-986 7236,perdanaaesthetic@gmail.com,https://www.facebook.com/perdanaaesthetic/,2.04275335,102.64901682,
loc_57wex55n,Polished Salon & Spa,Salons,1200 Market Street,Suite 14,Lemoyne,PA,17043,United States,,(717) 975-9036,polishedspa@comcast.net,,40.23997100,-76.90771600,country_inferred
loc_g2w9jek7,Poolside Salon,Salons,2508 Stephen St,,Carthage,MO,64836-3626,United States,US,4177939681,kekelley12@gmail.com,,37.14529000,-94.30365000,country_normalized
loc_yzy8jxxv,Poppie hair lounge,Salons,141 Maudsland Road,Shop 4,Oxenford,QLD,4210,Australia,Australia,,,,-27.91330361,153.28325242,
loc_k6mzxqkq,Portray Salon,Salons,551 Valley Rd,Ste C,MONTCLAIR,NJ,07043,United States,,(973) 744-0114,portraysalon@gmail.com,,40.83894700,-74.20734200,country_inferred
loc_g2w9jv77,Posh,Salons,1725 Washington Road,,Pittsburgh,PA,15241,United States,,(412) 833-6636,lcposh@msn.com,,40.34728661,-80.05359131,country_inferred
loc_2mqrgej9,Posh Hair Studio,Salons,9111 Bel Air Road #A,,Nottingham,MD,21236,United States,US,(410) 529-4500,poshhairstudiollc@comcast.net,,39.40071700,-76.47753800,country_normalized
loc_exy62nnv,POSH HAIR STUDIOS,Salons,1320 23RD ST S 1322A,,,ND,58103-3707,United States,58103-3707,7018938728,ERNSTL6586@YAHOO.COM,,46.86108921,-96.81702863,zip_recovered_from_country; country_inferred
loc_69nez655,POSH SALON,Salons,5035 FM 2351 RD,,,TX,77546-2807,United States,77546-2807,4099391808,POSHSALONFRIENDSWOOD@GMAIL.COM,,29.54617442,-95.19258173,zip_recovered_from_country; country_inferred
loc_xpq2e686,Poshe Salon - Samantha,Salons,2151 Airline Dr Suite 1200,,Bossier City,LA,71111,United States,United States,318 572 0197,solson42@gmail.com,,32.52871409,-93.70240264,
loc_zzpngyvw,Posthotel Spa,Salons,590 US Highway 2,,Leavenworth,WA,98826,United States,US,+15093931641,robin@posthotelleavenworth.com,,47.59356300,-120.66703100,country_normalized
loc_pqm899rk,PPP Can Tho,Clinics,"Vincom Plaza Xuan Khanh 209, 30/4 Street, Xuan Khanh District, Can Tho City, Vietnam",,,Can Tho,,Vietnam,Vietnam,0710 389 4456,,https://ppp.com.vn/,10.02475164,105.77447173,
loc_95rw7pyy,PPP Clinic,Salons,"44B Lý Thường Kiệt, Phường Cửa Nam, Hà Nội",,,,,Vietnam,VN,+84 967 070 070,,https://ppp.com.vn/,21.02453344,105.84840173,country_normalized
loc_7g25kkpq,PPP Crescent Mall,Clinics,"2F-04 Crescent Mall, 101 Ton Dat Tien, District 7, Ho Chi Minh City, Vietnam",,,Ho Chi Minh,,Vietnam,Vietnam,028 5413 8154,,https://ppp.com.vn/,10.72761000,106.71906500,
loc_rkzgqqrq,PPP Hung Vuong,Clinics,"Parkson Hung Vuong, 126 Hung Vuong, 12 Ward, District 5, Ho Chi Minh City, Vietnam",,,Ho Chi Minh,,Vietnam,Vietnam,028 2221 9999,,https://ppp.com.vn/,10.75566176,106.66217476,
loc_vm9wnnkm,PPP Masteri,Clinics,"Vincom Mega Mall, 156 Xa Lo Ha Noi, Thao Dien, District 2, Ho Chi Minh City, Vietnam",,,Ho Chi Minh,,Vietnam,Vietnam,028 3519 1511,,https://ppp.com.vn/,10.80291770,106.74791749,
loc_xpq2eer6,PPP Opera,Clinics,"Opera Business Center, 60 Ly Thai To, Hoan Kiem District, Ha Noi City, Vietnam",,,Ha Noi,,Vietnam,Vietnam,,,https://ppp.com.vn/,21.02825345,105.85517343,
loc_jyewmm2e,PPP Pacific,Clinics,"1 Floor Pacific Place, 83B Ly Thuong Kiet, Hoan Kiem District, Ha Noi City, Vietnam",,,Ha Noi,,Vietnam,Vietnam,024 3926 2675,,https://ppp.com.vn/,21.02521999,105.84392999,
loc_69nezzq5,PPP Pico,Clinics,"3 Floor, Pico Plaza, 20 Cong Hoa, Tan Binh District, Ho Chi Minh City, Vietnam",,,Ho Chi Minh,,Vietnam,Vietnam,,,https://ppp.com.vn/,10.80617705,106.63517471,
loc_qzmyvv2y,PPP Riverside Mall,Clinics,"1F-112 Riverside Mall Indochina Tower, 74 Bach Dang, Hai Chau District, Da Nang City, Vietnam",,,Da Nang,,Vietnam,Vietnam,023 6386 5599,,https://ppp.com.vn/,16.06992263,108.22506177,
loc_8ye588p6,PPP Vincom,Clinics,"32B1 Vincom Center B, 78 Le Thanh Ton, District 1 , Ho Chi Minh City, Vietnam",,,Ho Chi Minh,,Vietnam,Vietnam,028 3936 9878,,https://ppp.com.vn/,10.77815957,106.70227995,
loc_m7x8kkzv,PPP West,Clinics,"Udic Complex Building, Trung Hoa Nhan Chinh, Cau Giay District, Ha Noi City, Vietnam",,,Ha Noi,,Vietnam,Vietnam,024 3941 0523,,https://ppp.com.vn/,21.00889370,105.80080750,
loc_rkzgqynq,Pracownia Stylu Aleksandra Siejka,Salons,"Adama Mickiewicza 16, 99-400 Łowicz",,,,,,,503160644,pracownia.stylu.as@gmail.com,,52.10493517,19.92571202,phone_comma_stripped
loc_wyvn2q7x,Practically Frivolous II,Clinics,4140 16th Street N,,St. Petersburg,FL,33703,United States,US,(727) 528-2702,celiasummer@yahoo.com,,27.80966700,-82.65533600,country_normalized
loc_zzpngwmw,Precision Wellness,Clinics,"200 Commercial Court Suite C, Savannah, GA 31406",,Savannah,GA,31406,United States,United States,,,,32.00658901,-81.10840197,state_split_from_postal
loc_vm9wn8zm,PregGen Therapies & Research,Clinics,79B Broadway,,Peterborough,Cambridgeshire,PE1 4DA,United Kingdom,UK,+447713832999,tylerc1987@live.co.uk,https://www.pre-gen.co.uk/,52.57907282,-0.23815158,country_normalized
loc_k6mzxweq,Primp by Rhian Richard,Clinics,47 Box Camp Drive,,St. Johns,FL,32259,United States,US,(904) 914-0353,info@primpbyrhianrichard.com,,30.02329492,-81.63036134,country_normalized
loc_pqm89vzk,Prinz Medical Clinic,Clinics,"A-01-01 St Mary Residences, 50250 Kuala Lumpur",,,Kuala Lumpur,50250,Malaysia,Malaysia,+60 3-2022 3111,,https://www.facebook.com/PrinzMedicalClinic/,3.15175164,101.70841666,
loc_yzy8jgxv,Prinz Medical Clinic,Salons,"A-1-3A, St Mary Residences Tower A, Jalan Tengah",,Kuala Lumpur,Federal Territory of Kuala Lumpur,50250 / 50450,Malaysia,Malaysia,03-2022 1065,,,3.15096000,101.70799000,email_placeholder_blanked
loc_57wex5gn,Pristine Hair Lounge,Salons,200 Ridge Pike,"My Salon Suite, Suite 202",Conshohocken,PA,19428,United States,,(610) 209-0823,christine@pristinehairlounge.com,,40.09505600,-75.28887000,country_inferred
loc_57wexxgn,Private Skin Clinic,Clinics,,,Osaka,,,Japan,Japan,,,https://private-skin.clinic/,34.69375568,135.50145222,
loc_zzpngg7w,Privé Aesthetics,Clinics,"390 Orchard Road, #03-02, Palais Renaissance, Singapore 238871",,,Orchard Road and Vicinity,238871,Singapore,Singapore,+65 965 65 380,contact@priveaesthetics.com,https://www.priveaesthetics.com,1.30670940,103.82735500,
loc_57wex8mn,PRIVÉ by Dr. Toy,Clinics,"2nd Floor Alma Link Building, 25 Soi Chitlom, Bangkok, Thailand 10330",,,Bangkok,10330,Thailand,Thailand,+66 2 655 6146,,http://web.facebook.com/privebydr.toy/?fref=photo,13.74511984,100.54446732,
loc_69nez5k5,Privi Studios,Clinics,350 Lea Bridge Road,,London,,E10 7LD,United Kingdom,United Kingdom,,,http://www.privistudios.com,51.56998782,-0.02568768,
loc_wyvn2q8x,Pro Hair,Salons,7082 Woodmont Way,,Tamarac,FL,33321,United States,US,(954) 324-7328,prohairtextures@gmail.com,,26.21154429,-80.26634132,country_normalized
loc_xpq2ejk6,Profesjonalne UsŁUgi Fryzjerskie Sonia SkrĘT,Salons,"Tadeusza Kościuszki 14, 42-450 Łazy",,,,,,,570106336,soniek2991@poczta.fm,,50.38872243,19.42236373,phone_comma_stripped
loc_69nez2x5,Professional Skin Solutions,Clinics,"Ohme Garden Business Park, 123 Ohme Garden Rd. Suite D – Cedar entrance Wenatchee, WA 98801",,,WA,98801,United States,United States,509 885 4473,,https://professionalskinsolutions.com/,47.47074502,-120.33340699,state_split_from_postal
loc_yzy8jxev,Profile Cosmetic & Skin Clinic,Clinics,"251 Deakin Avenue, Mildura,",,,,VIC 3500,Australia,AU,0458912929,profilebylisa@gmail.com,http://profilecosmeticclinic.gettimely.com/,-34.19458656,142.15055723,name_whitespace; country_normalized
loc_qzmyvq5y,Profile Hair Transplant Centre,Clinics,"#47-B, Tagore Nagar, OPP Rose Garden, Ludhiana 141001",,,Punjab,141001,India,India,"00-91-98144-57148, 00-91-79000 00847",vikas2473@gmail.com,https://profilehaircentre.in/,30.91040506,75.82221242,
loc_k6mzxr7q,PROHAIR Marta Bednarska-Rogusz,Salons,"Pejzażowa 7, 95-030 Konstantyna",,,,,Poland,,510835433,marta.bednarska86@wp.pl,,51.69271334,19.50827732,phone_comma_stripped; country_from_tld
loc_jyewmmke,Providence Clinic @ Hillford,Clinics,"182 Jln Jurong Kechil, #01-65",,,Bukit Timah,596152,Singapore,Singapore,+65 6314 0970,,,1.34374220,103.76976170,
loc_n9mz66x5,Providence Clinic @ Redhill,Clinics,"86 Redhill Close, #01-596, Singapore 150086",,,Bukit Merah,150086,Singapore,Singapore,+65 6471 0301,,,1.28693211,103.81817010,
loc_m7x8krmv,Psarrou Coiffure,Salons,"Erythrou Stavroy 5, 15123, Marousi, Athens",,,,,Greece,Greece,0030 210 6719033,dimipsarr@gmail.com,http://www.treatwell.gr/katasthma/psarrou-hair-salon/,38.02782211,23.78930645,
loc_2mqrg2k9,Psarrou Coiffure,Salons,"Omirou 18, 10672 , Kolonaki, Athens",,,,,Greece,Greece,0030 211 0131440,dimipsarr@gmail.com,http://www.treatwell.gr/katasthma/psarrou-hair-salon/,37.97911575,23.73529129,
loc_57wex8yn,Pulse Laser Skin aesthetics Clinic,Clinics,70 Mortimer Street,,London,Greater London,W1W 7RY,United Kingdom,UK,+442034058483,lauren@pulse-clinic.co.uk,https://www.pulse-clinic.co.uk/,51.51763844,-0.14201233,country_normalized
loc_wyvn25kx,Pur Indulgence,Salons,#14 5875 Rochdale Blvd,,Regina,SK,S4X 2P9,Canada,,,purindulgencesalon@hotmail.com,,50.49582731,-104.66617149,country_inferred
loc_69nez595,Pure Aesthetics,Clinics,"7 Eldon Chambers, Off Wheeler Gate, Nottingham NG1 2NS",,,Nottingham,NG1 2NS,United Kingdom,United Kingdom,0115 950 2020,info@pureaesthetics.co.uk,https://www.pureaesthetics.co.uk/,52.95247001,-1.15005998,
loc_69nezmk5,Pure Colour by Marie,Salons,532 Mulgrave Rd,Barr Street Markets,Earlville,QLD,4870,Australia,AU,0409616843,marie.rosevear@bigpond.com,,-16.94555180,145.73781260,country_normalized
loc_vm9wn8wm,Pure Skin Studio,Salons,5 The Green,Aston Rowant,Oxfordshire,,OX49 5ST,United Kingdom,UK,+447557773870,info@thepureskinstudio.co.uk,,51.68681480,-0.94764080,country_normalized
loc_rkzgqyvq,Pure Souls Therapy,Clinics,"785 Warwick Rd, Tyseley, Birmingham, B11 2EL",,Birmingham,,B11 2EL,United Kingdom,United Kingdom,07538 673 817,puresoulstherapy@hotmail.com,https://www.puresoulstherapy.uk/,52.45272859,-1.83811301,
loc_8ye58j76,Purity Aesthetics,Clinics,"219 Kingsbury Grade, Ste 3C, Stateline, Nevada 89449",,South Lake Tahoe,California,89449,United States,United States,(925) 314-5385,,https://candiceraynor.com/,38.96822100,-119.93384100,
loc_g2w9jj27,Q Aesthetics Clinic,Clinics,"101 Irrawaddy Road, #09-01 Royal Square Medical Centre, Singapore 329565",,,Novena,329565,Singapore,Singapore,62351125,,https://q-aesthetics.com/,1.32076970,103.84317960,
loc_wyvn25nx,Qaudra Health Med Spa,Clinics,1700 E Aspen way,,Gilbert,Arizona,85234,United States,USA,+16025700548,npalakanis@gmail.com,,33.36438547,-111.75315183,country_normalized
loc_exy62kmv,qd pharmacy,Clinics,15 Byron Ct,,Concord,California,94521,United States,USA,+12094230537,k_ohashi@u.pacific.edu,https://qdcompoundrx.com/about-us/,37.93543500,-121.95607700,country_normalized
loc_g2w9jep7,Quartz & Mane,Salons,10006 100th St,,Morinville,AB,T8R 1P7,Canada,,,,,53.80288150,-113.64186196,country_inferred
loc_jyewm59e,R.D Parker Collegiate (Mystery Lake),Salons,408 Thompson Drive N,,Thompson,MB,R8N 0C5,Canada,,,treimer@mysterynet.mb.ca,,55.74691335,-97.87316036,country_inferred
loc_vm9wnvqm,R5 Skinworks,Clinics,"410 S Comet Ave, Clearwater, FL 33765",,Clearwater,FL,33765,United States,United States,(727) 492-1041,martha.ross@r5skinworks.com,https://r5skinworks.com/,27.96124581,-82.75681356,state_split_from_postal
loc_xpq2e6j6,Rachel Carter,Salons,11612 Shelbyville Rd,,Louisville,KY,40243,United States,,930-228-0698,perfectlyradiant@gmail.com,,38.24606266,-85.54041401,country_inferred
loc_qzmyvwqy,Rachel Harper Skincare,Clinics,2200 Edwards Street,Suite 103,Houston,Texas,77007,United States,USA,#ERROR!,rachelharperskin@gmail.com,https://www.rachelharperskincare.com/,29.77069000,-95.38002300,country_normalized
loc_57wexm8n,Radiance,Clinics,"80 Upper Lisburn Road, Belfast, County Antrim, BT10 0AD",,,Ireland,BT10 0AD,United Kingdom,United Kingdom,+44 028 9060 0031,radiancebeautyanddayspa@gmail.com,http://radiancedayspa.co.uk/,54.56394999,-5.97875001,
loc_zzpnkx7w,RADIANT HAIR BY LEINY,Salons,9701 NORTH SAM HOUSTON PARKWAY,,HUMBLE,TX,77396,United States,US,5167283983,NUEVALUNA010674@YAHOO.COM,,29.93522219,-95.24601824,country_normalized
loc_wyvn267x,Radiate with Rosa,Clinics,"511 Braxton Dr, Youngsville, LA 70592",,Youngsville,LA,70592,United States,United States,,,,30.05996299,-91.99649503,state_split_from_postal
loc_yzy8jxkv,Radical Hair Community,Salons,22-24 Kenthurst Rd,'village Green' Shop 6,Round Corner,NSW,2158,Australia,AU,02 96513200,info@radicalhair.com.au,,-33.69242539,151.01966876,country_normalized
loc_xpq2ekg6,Ragged Edge Hair Studio,Salons,205 Carnegie Dr,Unit #108,St. Albert,AB,T8N 5B2,Canada,,,,,53.63687878,-113.57618608,country_inferred
loc_57wexk6n,Ralo Salon,Salons,1640 W Division St,,Chicago,IL,60622,United States,,630-877-5778,Jessica.Iacullo@gmail.com,,41.90366865,-87.66931436,country_inferred
loc_g2w9jkk7,Rapunzels Hairdressing,Salons,4/38 The Esplande,,Paradise Point,QLD,4216,Australia,Australia,,,,-27.88592982,153.39504229,
loc_k6mzxq6q,Raquel New York,Clinics,"86 Walker Street 6th Floor, New York NY 10013",,New York City,NY,10013,United States,United States,,,https://raquelnewyork.com/,40.71821752,-74.00139725,state_split_from_postal
loc_exy62mqv,Rare Bird Hair Studio,Salons,235 Roosevelt Ave,,Northfield,NJ,08225,United States,,(215) 203-4114,rarebirdhair@gmail.com,,39.37513645,-74.54913122,country_inferred
loc_m7x8kpgv,Raritan Bay Oral and Facial Surgery,Clinics,"676 Amboy Ave, Woodbridge, NJ 07095",,Woodbridge,NJ,07095,United States,United States,,,https://fixmyface.org/,40.56356646,-74.28591217,state_split_from_postal
loc_jyewmmge,Ratnam’s Allergy & Skin Clinic,Clinics,"190 Clemenceau Avenue #05-22, Singapore Shopping Centre, Singapore 239924",,,Clemenceau,239924,Singapore,Singapore,+65 6339 3050,,http://www.ratnamskincentre.com/,1.29813217,103.84413839,
loc_95rw895y,Razberri's,Salons,805 Fischer Blvd,,Toms River,NJ,8753,United States,US,+16092762855,kelc117@yahoo.com,,39.96851900,-74.13190100,country_normalized
loc_xpq2ekz6,Rebecca Ralston Hair Studio,Salons,3645 Green Bank Road,,Regina,SK,S4V 1M2,Canada,,,rebeccaralston@sasktel.net,,50.42082609,-104.52417125,country_inferred
loc_exy62nev,Rebel Hair Salon,Salons,2919 W 5th St,,Fort Worth,TX,76107-2205,United States,,6824381070,mandyjom77@gmail.com,,32.75278000,-97.35916800,country_inferred
loc_8ye589p6,REBELLION SALON,Salons,4408 BROWNFIELD DR,,,TX,79410,United States,79410,8065596962,STEPHSHAIRLOVE@YAHOO.COM,,33.57262300,-101.90571500,zip_recovered_from_country; country_inferred
loc_pqm8962k,Red Dahia LLC,Salons,7161 Pine Oak Ln,,Hudsonville,MI,49426,United States,US,616 669-3788,cpoppema@comcast.net,,42.89870286,-85.89814074,country_normalized
loc_exy62p7v,Reds Salon and Day Spa,Salons,41 Washington Ave,Ste 230,Grand Haven,MI,49417,United States,USA,616-847-2122,Levi@reds-salon.com,,43.06570558,-86.23261413,country_normalized
loc_vm9wn8mm,Refined and Radiant Aesthetics,Clinics,7 Barrowby Close,Garforth,Leeds,West Yorkshire,LS25 1AE,United Kingdom,UK,+447428586623,inforandraesthetics@gmail.com,https://randraesthetics.com/,53.79792881,-1.39058228,country_normalized
loc_zzpngvjw,Refined Beauty Medical Spa,Clinics,"353 Main St Suite 2, Nashua, NH 03060",,Nashua,NH,03060,United States,United States,,,https://www.refinedbeautymedspa.com/,42.74807004,-71.46021171,state_split_from_postal
loc_7g25k75q,Refined Radiance,Clinics,330 North 4000 East,,Rigby,Idaho,83442,United States,USA,+12087109115,refined.radiance.id@gmail.com,https://refinedradiance.glossgenius.com/about,43.67467600,-111.90368200,country_normalized
loc_k6mzxgjq,Refinery Salon & Co,Salons,705 3rd Ave SE,,Cedar Rapids,IA,52401-1611,United States,,3193892036,refinerysalonandco@gmail.com,,41.98019688,-91.66099150,country_inferred
loc_jyewm5ye,Reflections,Salons,1612 2nd Ave South,,Lethbridge,AB,T1J 0G2,Canada,,,reflections.salon.spa@shaw.ca,,49.69781424,-112.81818484,country_inferred
loc_vm9wn6rm,Reflections,Salons,200 W Broadway St,,Eagle Grove,IA,50533-1710,United States,US,5156036494,reflectionssaloneg@outlook.com,,42.66387300,-93.90322500,country_normalized
loc_m7x8k2jv,Reflections Salon and Spa,Salons,2151 Stumbo Rd S,,Ontario,OH,44906,United States,,419-529-3535,anna@reflections-salonspa.com,http://Anna Cattone,40.76553293,-82.59327496,country_inferred
loc_m7x8kp9v,Refresh Salon,Salons,370 Union Ave,,Laconia,NH,03246,United States,US,(603) 527-0881,otiskat2000@yahoo.com,,43.53569900,-71.46329100,country_normalized
loc_pqm89v2k,Regen Clinic,Clinics,"27D, Jalan Gottlieb, 10350 George Town, Penang",,,Penang,10350,Malaysia,Malaysia,-9815921,regenklinik@gmail.com,https://www.regenklinik.com/,5.43059890,100.29976164,
loc_g2w9jjq7,Regenic Medical Holding,Salons,"165 & 166, R&F Mall, 1, Jalan Tanjung Puteri",,Johor Bahru,Johor,80300,Malaysia,Malaysia,011-11723388,contact@regenicmedical.com,https://regenicmedical.com/,1.45945920,103.76975020,
loc_jyewmqke,Rei Beauty Dermatology Clinic,Clinics,,,Shiga,,,Japan,Japan,,,https://www.rei-beauty.com/,35.24715577,136.10938223,
loc_exy6225v,Rei Beauty Dermatology Clinic,Clinics,,,Osaka,,,Japan,Japan,,,https://www.rei-beauty.com/,34.69375568,135.50145222,
loc_xpq2ejp6,Rejuven,Clinics,36 High Street,Stokesley,Middlesbrough,North Yorkshire,TS9 5DQ,United Kingdom,UK,447388917503,contact@rejuven.co.uk,https://www.facebook.com/rejuvenuk/,54.47027602,-1.19371394,country_normalized
loc_yzy8jgvv,Rejuvena Laser & Aesthetic Clinic,Clinics,"52 Thor Drive, Bedford,",,,,MK41 0WP,United Kingdom,UK,01234 958891,admin@rejuvena.co.uk,http://www.rejuvena.co.uk,52.15095788,-0.40657704,country_normalized
loc_yzy8jgzv,Rejuvenate Aesthetics Clinic Limited,Clinics,4 Market Buildings,High Road,Southampton,Hampshire,SO16 2HW,United Kingdom,UK,+442380556600,business@rejuvenate-clinics.com,https://rejuvenate-clinics.com/?utm_source=google&utm_medium=organic&utm_campaign=gmbwebsite,50.94055018,-1.37922037,country_normalized
loc_g2w9jvy7,Rejuvenate Your Skin,Clinics,"2228 N University Dr, Coral Springs, FL 33071",,Coral Springs,Florida,33071,United States,United States,954-709-0597,mindi@rejuvenateinc.com,https://rejuvenate-your-skin-inc.myshopify.com/,26.25843022,-80.25091315,
loc_k6mzxr2q,Rejuvence Clinic,Clinics,"797 Commercial Road, Canary Wharf, London E14 7HG",,,London,E14 7HG,United Kingdom,United Kingdom,,,https://www.rejuvenceclinic.co.uk/,51.51227749,-0.02914809,
loc_k6mzxrvq,Remedi London,Clinics,"1 Ace Way, Embassy Gardens, London SW11 7BF",,,London,SW11 7BF,United Kingdom,United Kingdom,,,https://www.remedilondon.com/,51.48127740,-0.13090720,
loc_exy62myv,Remedy Beauty,Salons,84 William St,,Newport,RI,02840,United States,US,(401) 714-6949,remedybeautynewport@gmail.com,,41.48354573,-71.31039926,country_normalized
loc_95rw8z9y,Renaissance Clinic,Clinics,"64-66 LGF Near Spencers Jaipuria Mall Ahinsha Khand II Indirapuram, Ghaziabad U.P 201014",,,New Delhi,201014,India,India,00-91-120-4225557,info@renaissanceclinicindia.com,http://renaissanceclinicindia.com,28.64066410,77.37810980,
loc_k6mzxqqq,Renaissance hair & scalp clinic (renaissance hair & beauty bar),Clinics,unit 17 Southgate shopping center,Dublin Road,Drogheda,Meath,A92V029,Ireland,Ireland,+353868180180,pamelacurran006@gmail.com,https://renaissancehairandbeautybar.com/,53.70179732,-6.30999771,
loc_7g25k8nq,Renee K Hair Studio,Clinics,33 Fourth Ave Suite 17,,Needham,MA,02494,United States,US,(508) 272-7117,reneekhairdesign@gmail.com,,42.30131300,-71.21322100,country_normalized
loc_qzmyvqey,Renew Clinic,Clinics,"1st Floor, 69, Above Red Chief Showroom, Rajpur Road, Dehradun, Uttarakhand - 248001",,,Uttarakhand,248001,India,India,00-91-7078738393,"renewdehradun@gmail.com, drtarunjain@gnail.com",http://www.renewclinic.in/,30.33524970,78.05311279,email_multivalue
loc_vm9wn8xm,Renew Clinic,Clinics,"#55/47, Race Course, Near PNB, Dehradun, Uttarakhand- 248001",,,Uttarakhand,248001,India,India,00-91-9410594964,"renewdehradun@gmail.com, drtarunjain@gnail.com",http://www.renewclinic.in/,30.31054966,78.04477128,email_multivalue
loc_n9mz6yw5,Renew MD,Clinics,"210 Fremont Hub Courtyard, Fremont, CA 94538",,Fremont,California,94538,United States,United States,510-744-1582,,https://renewmdwellness.com/,37.54606152,-121.98681999,
loc_xpq2ev76,Renew MD Vitality,Clinics,"8715 Center Pkwy, Sacramento, CA 97823",,Sacramento,California,97823,United States,United States,(916) 245-3043,info@renewmdvitality.com,http://renewmdvitality.com/,38.43922675,-121.42287537,
loc_69nez8g5,Renew Salon,Salons,"1997 Locust Hill Rd, Greer,",,,SC,29651,United States,,864-334-5208,,,34.95283539,-82.28399675,state_split_from_postal; country_inferred
loc_zzpnggzw,Renewal Aesthetic and Hair,Clinics,"391B Orchard Road, Ngee Ann City Tower B, #08-04 Singapore 238874",,,Orchard Road and Vicinity,238874,Singapore,Singapore,+65 6235 0010,enquiry@aestheticsandhairclinic.com,https://aestheticsandhairclinic.com/,1.30245000,103.83425000,
loc_zzpngkew,Renik Hairdressing,Salons,1/103 Mitchell Street,,Bendigo,VIC,3550,Australia,Australia,,,,-36.76291685,144.28252122,
loc_2mqrgpp9,Rephair,Salons,Suite 23/1 Laver Drive,HQ building,Robina,QLD,4226,Australia,,437778852,contact@rephair.com.au,,-28.07949489,153.38066774,country_inferred
loc_8ye589y6,Restore Hair and Scalp Clinic,Salons,631 S Jubilee Dr,,Saratoga Springs,UT,84045,United States,US,+18014009036,lisa@restorehairandscalp.com,,40.35061800,-111.91570600,country_normalized
loc_57wex8en,Restore Skin and Health Ltd,Clinics,16 Chippendale Close,,High Wycombe,Buckinghamshire,HP13 6BT,United Kingdom,UK,+447737246884,restoreskinandhealth@gmail.com,https://restoreskinandhealth.com/,51.64029846,-0.73396120,country_normalized
loc_zzpngw8w,Restored Beauty Bar and Head Spa,Salons,10960,Three chop Road,Henrico,VA,23233,United States,US,(804) 381-3983,jennifer@rbbheadspa.com,,37.63880400,-77.58591700,country_normalized
loc_rkzgq6yq,Reva,Salons,2842 Thornapple River Dr SE,,Grand Rapids,MI,49546,United States,USA,616-265-5391,Amanda@revagr.com,,42.91236500,-85.49709400,country_normalized
loc_95rw8vxy,Reve Color & Extension Studio,Salons,2708 S Lamar Blvd,,Austin,TX,78704-3964,United States,,5126530068,revehairstudio23@gmail.com,,30.24500496,-97.78089160,country_inferred
loc_vm9wnxqm,Reveal Hair Salon,Salons,332a Hope Street,,Stamford,CT,06906,United States,US,(203) 858-9985,maria@revealhairsalon.com,,41.07126700,-73.52439000,country_normalized
loc_zzpng69w,Reverie Beauty Co,Salons,4571 Benes St,,Glen Carbon,IL,62034,United States,USA,618-977-8452,sreinneck12@gmail.com,,38.75011300,-89.95696800,country_normalized
loc_rkzgq6qq,ReVibe Beauty Lounge,Salons,111 North Walnut Street,,Celina,OH,45822,United States,,567-890-7674,revibebeautylounge.23@gmail.com,,40.54946644,-84.57261386,country_inferred
loc_qzmyvwvy,Revitalize Dermal Solutions,Clinics,506 Rondel Rd,,League City,Texas,77573,United States,USA,+12813370494,maryannnp@revitalizedermalsolutions.com,https://www.revitalizedermalsolutions.com/,29.52034200,-95.08612300,country_normalized
loc_pqm892ek,Revitalize Health and Wellness,Clinics,3 Wight Street,,Raymond,New Hampshire,3077,United States,USA,+16037705937,roxy36@comcast.net,https://revitalizehealthandwellness.net/,43.03604600,-71.18402800,country_normalized
loc_yzy8jkev,Revival Hair Studio,Salons,3954 Starling Cir,,Ropesville,TX,79358,United States,,806-559-2924,katie.don09@gmail.com,,33.43954788,-102.16816739,country_inferred
loc_pqm89g7k,Revive Salon & Company,Salons,1081 Blacksnake Rd,,Mount Airy,GA,30563,United States,US,(706) 778-2060,revivesalonco@gmail.com,,34.59205751,-83.49074952,country_normalized
loc_n9mz6ye5,Revize Health,Clinics,4035 S Stage Rd,,Medford,Oregon,97501,United States,USA,+19492952740,stephanie@revize.health,https://www.revize.health/,42.30122500,-122.93668700,country_normalized
loc_2mqrgkp9,Rewind by Sharicom Health,Clinics,4384 Clearwater Way,Ste 190,Lexington,Kentucky,40515,United States,United States,+1 859-403-3385,rx@rewind.health,,37.96228272,-84.49570775,
loc_m7x8k2mv,Reya Beauty Studio,Salons,8324 Bell Creek Rd.,Ste 900,Mechanicsville,VA,23116,United States,US,(804) 244-6892,reyabeautystudio@gmail.com,,37.63627200,-77.35530900,country_normalized
loc_2mqrgg29,RG髮型,Salons,花蓮縣花蓮市民權九街8-3號,,花蓮縣,花蓮市,970,Taiwan,,03-8222388,,,23.99115299,121.62413199,country_inferred
loc_k6mzxw6q,Rhonda Harris - Salon Lofts,Salons,6666 Sawmill Road,Salon Lofts - Loft 35,Columbus,OH,43235,United States,USA,(614) 738-1505,rhondaharris.hair@gmail.com,,40.10306570,-83.08931361,country_normalized
loc_n9mz66g5,Rin Beauty Clinic,Clinics,"Nanei Shinsaibashi Building 3F, 1-10-16 Nishishinsaibashi, Chuo-ku, Osaka-shi, Osaka, Japan",,,,,,,06-6121-6688,,https://rin-beautyclinic.com/,34.67359505,135.49854200,
loc_wyvnjmyx,Riot Hair Studio,Salons,3912 W 6th Ave,,Stillwater,OK,74074-1745,United States,Us,9182235021,riothairstudio@gmail.com,,36.11674592,-97.10992159,country_normalized
loc_g2w9jn87,Riot Studios,Salons,266 West Parkland Drive,,Baton Rouge,LA,70806,United States,US,+19855195227,gmtheriot17@gmail.com,,30.44908000,-91.10008900,country_normalized
loc_pqm89znk,Riri @ Vuda,Salons,6 Munro Street,,Coburg,VIC,3058,Australia,Australia,,,,-37.74477618,144.96549238,
loc_57wexx6n,Rita Beauty shop,Clinics,新北市淡水區英專路79巷33號1樓,,,,251,Taiwan,TW,02-26202113,,,25.17141241,121.44419897,country_normalized
loc_57wex8nn,RITUALS Rafał Jaworski,Salons,"Świerkowa 32/3, 81-526 Gdynia",,,,,Poland,,790433233,rafal-marcel.gd@wp.pl,,54.47825500,18.54897420,phone_comma_stripped; country_from_tld
loc_m7x8kejv,Ritz Medical Clinic Aoyamain,Clinics,,,Tokyo,,,Japan,Japan,,,https://skin-care-clinic-1827.business.site/,35.68955258,139.69181823,
loc_57wexmkn,Rivers Edge Spa,Salons,83 Portland Road,,Kennebunk,ME,04043,United States,US,(207) 985-6855,reevolvesystems@gmail.com,,43.40034711,-70.52751116,country_normalized
loc_xpq2e5j6,Rixon Hair - Brisbane,Salons,"Level 1, 106 Edward Street",,Brisbane,QLD,4000,Australia,AU,732296755,hello@rixonhair.com.au,,-27.47046845,153.02855625,country_normalized
loc_7g25k8vq,Rizzieri Moorestown,Salons,307 Fellowship Rd Ste 103,,Mount Laurel,NJ,08054,United States,,(856) 985-5500,kgrocott@rizzieri.com,,39.94531600,-74.95284600,country_inferred
loc_95rw8k5y,rjh ventures,Salons,22266 morley ave,,Dearborn,MI,48124,United States,US,+12489218993,rosiehaidar87@gmail.com,,42.30755900,-83.24991400,country_normalized
loc_rkzgqywq,Rock Paper Scissors Buford,Salons,,,,,,,,,Rockpaperscissorsbuford@gmail.com,,0.00000000,0.00000000,
loc_vm9wn62m,Rock Paper Scissors Salon,Salons,114 South Main,,Williamstown,KY,41097,United States,US,+18597433988,paiztol@gmail.com,,38.63632200,-84.56094700,country_normalized
loc_n9mz6qr5,Rockwall Salons,Salons,983 E Interstate 30,,Rockwall,TX,75087-4893,United States,,7143219914,jennmckee89@icloud.com,,32.90300539,-96.45294158,country_inferred
loc_2mqrg679,Rogers Premier Suites,Salons,6626 W Loop 1604 N Ste 105,,,TX,78254-6603,United States,,2103674009,helrws83@gmail.com,,29.50040000,-98.70049700,country_inferred
loc_7g25kexq,"Rogue Valley Natural Medicine, LLC",Clinics,3093 Akahi St,,Lihue,Hawaii,96766,United States,USA,+18084820445,info@drzackallen.com,https://www.drzackallen.com/,21.97704700,-159.36781900,country_normalized
loc_95rw8gky,Ronny@Studio203,Salons,3173 Akahi St,Suite 101,Lihue,HI,96766,United States,US,+18086515746,00nainoa@gmail.com,,21.97918400,-159.36741300,country_normalized
loc_n9mz6en5,Rooster's BarberShop,Salons,3260 DELRAY BAY DR.,UNIT 506,DELRAY BEACH,FL,33483,United States,US,(786) 484-4068,slanesalesre@gmail.com,,26.42405795,-80.07469397,country_normalized
loc_xpq2ekv6,Root 37 Hair Design (R),Salons,225 Regent Ave West,,Winnipeg,MB,R2C 1R3,Canada,,,mestdaghhome@gmail.com,http://root37.com,49.89581749,-97.00715894,country_inferred
loc_m7x8kv5v,Root causes medicine,Clinics,19026 ridgewood parkway,Suite 119,San Antonio,Texas,78259,United States,USA,+12104683042,dg@rootcauses.com,https://rootcauses.com/?utm_source=google&utm_medium=local&utm_campaign=1&utm_content=primary,29.61794600,-98.45802800,country_normalized
loc_vm9wnxvm,Root Solutions Bermuda,Clinics,31 Middle road Smiths FL03 Bermuda,,,,,,,+1 441-504-0966,info@rootsolutionsbda.com,,32.31649710,-64.73997550,
loc_rkzgqnxq,Rootbar Edmonton Inc,Salons,12040 107th Ave NW,Unit 2,Edmonton,AB,T5H 0W7,Canada,,,Edmonton@rootbar.ca,http://Www.rootbar.ca,53.55187738,-113.52918601,country_inferred
loc_rkzgqnvq,Rootbar Salon South,Salons,22 Shawnee Blvd SW,,Calgary,AB,T2Y 0P4,Canada,,,rootbarsalon@gmail.com,https://www.rootbar.ca,50.92383433,-114.07718690,country_inferred
loc_7g25k7wq,Rooted by Kalie Grace,Salons,"447 S Seguin Ave, New Braunfels, TX 78130",,,,,,,(830) 560-6034,,,29.70002487,-98.11989161,
loc_g2w9jmv7,RootRemedy,Clinics,6434 SW Loop Dr,,Portland,Oregon,97221,United States,USA,+12082903188,team@rootremedy.co,https://www.getrootremedy.com/,45.47965745,-122.72082201,country_normalized
loc_57wexn5n,RootRemedy,Clinics,"7741 SW Capitol Hwy, Portland, OR 97219",,Portland,Oregon,97219,United States,United States,971-319-3131,support@getrootremedy.com,https://www.getrootremedy.com/,45.46867450,-122.71142011,
loc_xpq2evy6,RootRemedy,Clinics,"449 B Ave, Lake Oswego, OR 97034",,Lake Oswego,Oregon,97034,United States,United States,971-319-3131,support@getrootremedy.com,https://www.getrootremedy.com/,45.42134000,-122.66842500,
loc_vm9wn7xm,RootRemedy,Clinics,4212 Q St,,Washougal,Washington,98671,United States,USA,#ERROR!,drgillham@getrootremedy.com,https://www.getrootremedy.com/,45.58831800,-122.32446100,country_normalized
loc_zzpng62w,ROOTZ STYLING SALON,Salons,157 RAUGHT ST,,,WI,54130-1247,United States,54130-1247,9204190566,jdecoster@sbcglobal.net,,44.29267193,-88.25349125,zip_recovered_from_country; country_inferred
loc_xpq2e5e6,Rose Gold Hair and Beauty,Salons,29 Little Street,,Coffs Harbour,NSW,2450,Australia,Australia,,,,-30.29855344,153.11338368,
loc_pqm892qk,Rose Gold Local Beauty Salon,Salons,2425 Bridge Avenue,,Point Pleasant,NJ,8742,United States,,(848) 232-3752,rosegoldlocalbeautysalon@yahoo.com,,40.07363067,-74.07651089,country_inferred
loc_2mqrgp89,Ross Caia Hairdressing,Salons,2/1488 Ferntree Gully Road,Level 1,Knoxfield,VIC,3180,Australia,,397640613,rosscaia@bigpond.com.au,,-37.89810562,145.24414746,country_inferred
loc_n9mz6ge5,Roxie Gilbert,Salons,41 B Spofforth St,,Mosman,NSW,2088,Australia,Australia,,,,-33.83347908,151.22951717,
loc_pqm89pnk,Royal B House Of Style,Salons,1005 W Highway 290,,Dripping Springs,TX,78620-3864,United States,,5128942694,theroyalbhouseofstyle@gmail.com,,30.19397859,-98.10127321,country_inferred
loc_2mqrg2p9,⁠Royal Clinique,Salons,"9a, Jalan 6/23e, Taman Danau Kota",,Kuala Lumpur,Wilayah Persekutuan Kuala Lumpur,53300,Malaysia,Malaysia,010-259 7545,,,3.20799801,101.71972198,email_placeholder_blanked
loc_zzpng6ew,Royal T's Beauty Parlor,Salons,1114 Jersey Ridge Rd.,,Davenport,IA,52803,United States,USA,563-322-1313,royaltsbeauty@gmail.com,,41.53140680,-90.54397148,country_normalized
loc_k6mzxgeq,Royal T's Beauty Parlor,Salons,836 State St,,Bettendorf,IA,52722,United States,,563-322-1313,royaltsbeauty@gmail.com,,41.52568035,-90.52014831,country_inferred
loc_2mqrgjk9,Rudolph Adamo Salon,Clinics,114 Front Street,,Scituate,MA,02066,United States,US,(781) 546-2181,rudolphadamo@spasalon.com,,42.19458691,-70.72487116,country_normalized
loc_k6mzx7mq,Rumors Salon,Salons,1110 Kingston Blvd,,Edmond,OK,73034-3225,United States,US,4058239583,sheleemarx@gmail.com,,35.66625300,-97.46360800,country_normalized
loc_2mqrgjz9,Rustic Brush Hair Lounge LLC,Clinics,329 Main Street,unit 101,Wallingford,CT,06492,United States,US,(203) 910-7034,rusticbrushhairlounge@gmail.com,,41.48546600,-72.82365900,country_normalized
loc_yzy8jjzv,S Aesthetics Clinic,Clinics,"1 Scotts Rd, #03-02 Shaw Centre, Singapore 228208",,,Orchard Road and Vicinity,228208,Singapore,Singapore,+65 6235 0338,hello@saestheticsclinic.com,https://saestheticsclinic.com/,1.30604213,103.83185052,
loc_wyvn2jkx,S Beauty Clinic,Clinics,"Dogenzaka 225 Building 7F, 2-23-14 Dogenzaka, Shibuya-ku",,Tokyo,,,Japan,Japan,03-6416-3214,,https://s-beautyclinic.com/,35.66017054,139.69624370,
loc_rkzgq72q,Saba Hair,Salons,57 Garfield Street,,Wentworthville,NSW,2145,Australia,,412053571,sabahair@bigpond.com,,-33.81140255,150.96823725,country_inferred
loc_qzmyvemy,Sacarrha Salon,Salons,856 Central Ave,,Pawtucket,RI,02861,United States,US,(401) 722-7700,sacarrhasalon@gmail.com,,41.88898900,-71.35040900,country_normalized
loc_zzpngg9w,saco高雄文橫(@),Clinics,高雄市新興區文橫二路156號2樓,,,,800,Taiwan,TW,07-2612899,,,22.62237065,120.30319711,country_normalized
loc_wyvn2z7x,Safie Salon,Salons,519 Central Avenue,,Massapequa,NY,11758,United States,US,(516) 818-3504,safiesalon@gmail.com,,40.67808666,-73.47178120,country_normalized
loc_7g25kxxq,Sage and Sunflower,Salons,5801 Fishers Lane,,Rockville,MD,20852,United States,US,(240) 498-7937,nancy@sageandsunflower.com,,39.06298200,-77.11830900,country_normalized
loc_vm9wnvzm,Sage Hair Studio,Salons,9122 Town Center Parkway Suite 106,,Lakewood Ranch,FL,34202,United States,US,1 (941) 962-9676,sagehairstudiolwr@gmail.com,,27.39105530,-82.44113517,country_normalized
loc_g2w9jj97,Sage Medical,Clinics,"333A, Orchard Road Mandarin Gallery, #03-33, Singapore 238897",,,Orchard Road and Vicinity,238897,Singapore,Singapore,+65 8950 5317,contact@sagemedical.sg,https://sagemedical.sg/,1.30205947,103.83636401,
loc_57wex6rn,Sage The Beauty Bar (R),Salons,500 Melville St,,Saskatoon,SK,S7J 0R1,Canada,,,info@sagebeauty.ca,http://sagebeauty.ca,52.08585336,-106.65417474,country_inferred
loc_n9mz6gv5,Saint Rose Salon (new),Salons,295a Springfield Road,,Nunawading,VIC,3131,Australia,Australia,,,,-37.81240301,145.17218396,
loc_xpq2e596,Saito Dermatology,Clinics,,,Tokyo,,,Japan,Japan,,,https://www.bunkyoku-saito-hifuka.com/,35.68955258,139.69181823,
loc_k6mzxp6q,Sakaeda dermatology,Clinics,,,Kanagawa,,,Japan,Japan,,,https://hadanoisehara-med.or.jp/hontyou_sakaeda.html,35.41754580,139.33943123,
loc_69nezmr5,Sakai Dermatology Plastic Surgery,Clinics,,,Tokyo,,,Japan,Japan,,,https://www.sakai-hifuka.com/,35.68955258,139.69181823,
loc_zzpng8yw,Sakura Salon,Salons,817 N Belt Line Rd,,Irving,TX,75061-6317,United States,,9727290281,sakurasalontx@gmail.com,,32.82244600,-96.99430200,country_inferred
loc_m7x8k28v,Salon + Co - Bobbie Ann,Salons,47858 Stephanie Dr,,Macomb,MI,48044,United States,,586-295-2353,basopoliga@gmail.com,,42.64879699,-82.95066136,country_inferred
loc_g2w9jv27,Salon + Co - Sara,Salons,401 S Washington,,Royal Oak,MI,48067,United States,,248-978-8764,sarakchadwick@gmail.com,,42.48706961,-83.14611362,country_inferred
loc_yzy8j9vv,Salon 11.10 (INC),Clinics,1492 Gaston Street,,Wantagh,NY,11793,United States,US,(646) 479-5591,kjdunwell@aol.com,,40.68553667,-73.49904120,country_normalized
loc_g2w9jv67,Salon 131,Salons,131 Matthews Station St,Unit 1D,Matthews,NC,28105,United States,US,(704) 502-6450,info@131salon.com,,35.11824342,-80.71995486,country_normalized
loc_rkzgqmmq,SALON 180,Salons,204 ST CHARLES WAY,,YORK,PA,17402,United States,,(717) 741-2484,katerock3841@gmail.com,,39.92971654,-76.68947126,country_inferred
loc_vm9wnxkm,Salon 180 East,Salons,180 Pleasant St Suite 210,,Easthampton,MA,01027,United States,US,(413) 203-2400,salon180east@gmail.com,,42.27492050,-72.65983911,country_normalized
loc_qzmyvwry,Salon 206 (P),Salons,206 Main St,,Carlyle,SK,S0C 0R0,Canada,,,amy_fleck@hotmail.com,,49.63381320,-102.26167555,country_inferred
loc_xpq2e5v6,SALON 23 PTY LTD,Salons,23 BROCKMAN ST,,WAKELEY,NSW,2176,Australia,,405764172,Reemonyookhana@gmail.com,,-33.86868655,150.91053725,country_inferred
loc_g2w9je57,SALON 308,Salons,450 RANDOLPH ST,,,NE,68622-3063,United States,68622-3063,3082891037,JDHAGAN07@HOTMAIL.COM,,41.88550905,-98.55225838,zip_recovered_from_country; country_inferred
loc_wyvn25jx,Salon 3330,Salons,1304 Main Street,,Grandview,MO,64030,United States,US,816-361-3330,bswalker3330@gmail.com,,38.88922659,-94.53022507,country_normalized
loc_57wex6vn,Salon 36,Salons,3611 S Soncy Rd,,Amarillo,TX,79119,United States,US,8065708400,mikahwild@gmail.com,,35.17421732,-101.93801767,country_normalized
loc_vm9wngkm,Salon 505,Salons,3417 98th St,,Lubbock,TX,79423,United States,US,8065434098,ash.madz91@gmail.com,,33.50481500,-101.88967700,country_normalized
loc_m7x8kqkv,Salon 508,Salons,508 Daroca Ave,,San Gabriel,CA,91775,United States,US,+16266890630,coffeelaura70@gmail.com,,34.11061200,-118.10275800,country_normalized
loc_jyewmj7e,Salon 54,Salons,154 N Broadway,,Green Bay,WI,54303-2728,United States,US,9204320601,rossemarya@salonfiftyfour.com,,44.51728250,-88.02111956,country_normalized
loc_xpq2ek56,SALON 56,Salons,17012 5TH AVE NW,,,MN,56367-9765,United States,56367-9765,3202377669,JENNAKAETER@GMAIL.COM,,45.81794142,-94.17694222,zip_recovered_from_country; country_inferred
loc_k6mzxgwq,Salon 6 - Stephanie Gregoire,Salons,6378 N. College Ave.,,Indianapolis,IN,46220,United States,USA,317-475-0997,salon6indy@gmail.com,,39.87236533,-86.14651411,country_normalized
loc_qzmyvwey,Salon 66,Salons,1801 N Lynn Riggs Blvd,,Claremore,OK,74017-3085,United States,US,9185044100,lookinsofine3@gmail.com,,36.32865000,-95.60682600,country_normalized
loc_rkzgqjvq,Salon 7,Salons,700 Haddonfield-Berlin Rd,Suite 37,Voorhees,NJ,08043,United States,,(856) 258-2072,sara@salon7nj.com,,39.85377200,-74.98242500,country_inferred
loc_vm9wnxgm,Salon 72,Clinics,72 Portsmouth Ave,,Stratham,NH,03885,United States,US,(603) 772-0630,salon72mary@gmail.com,,43.01019705,-70.91672116,country_normalized
loc_57wexk9n,Salon 90210,Salons,"5809 E Kings Hwy, Shreveport,",,,LA,71105,United States,,+1 318 707 2330,nicci90210@gmail.com,,32.45500511,-93.70827689,state_split_from_postal; country_inferred
loc_2mqrgez9,Salon Adrian,Salons,9908 Gulf Coast Main St. Unit 145,,Fort Myers,FL,33913,United States,US,(239) 481-1010,appointment@salonadrian.com,,26.48743585,-81.78792889,country_normalized
loc_wyvn2qmx,Salon AF & Beauty Co,Salons,451 vision drive,H208,Cumming,GA,30040,United States,US,+19043039610,april.fern219@gmail.com,,34.21788300,-84.14529100,country_normalized
loc_7g25k86q,Salon Allure,Salons,259 Glen Cove Ave,,Sea Cliff,NY,11579,United States,US,516 676-1055,,,40.84574445,-73.63576798,country_normalized
loc_wyvn2qjx,Salon Amar,Salons,2 Town Place- suite 105,,Bryn Mawr,PA,19010,United States,,(484) 802-5360,wgb8866@gmail.com,,40.02082600,-75.31436900,country_inferred
loc_95rw8kny,Salon Ambience,Salons,202 Hudson Trace,,Augusta,GA,30907,United States,US,(706) 733-2220,ambienceaugusta@gmail.com,,33.51605842,-82.04299619,country_normalized
loc_vm9wng6m,SALON AMICI,Salons,16815 ROYAL CREST DR STE 180,,,TX,77058-2534,United States,77058-2534,2818270384,Ewtorina@gmail.com,,32.88675689,-96.59844753,zip_recovered_from_country; country_inferred
loc_m7x8k2gv,Salon and Co,Salons,4755 Haggerty Rd,,West Bloomfield,MI,48323,United States,,248-859-5588 Salon,coandsalon@gmail.com,,42.56476974,-83.43791367,country_inferred
loc_m7x8kvmv,SALON AND CO.,Salons,309 S MILL ST,,,MN,56537-2534,United States,56537-2534,2182054904,JENNYSKJERET13@GMAIL.COM,,46.28134916,-96.07408428,zip_recovered_from_country; country_inferred
loc_xpq2e7r6,Salon and Spa House,Salons,275 Route 100,,Stockbridge,VT,05772,United States,US,(802) 770-9058,1464leslie@gmail.com,,43.77667146,-72.77465867,country_normalized
loc_zzpng8jw,Salon And Spas,Salons,105 E Old Settlers Blvd Ste,,Round Rock,TX,78664-2209,United States,,5125656825,fairlightjade@gmail.com,,30.53301300,-97.68727700,country_inferred
loc_8ye587j6,Salon Aniu,Clinics,113 A Main St,,Amesbury,MA,01913,United States,US,(978) 388-7077,salonaniu@gmail.com,,42.85600300,-70.93180400,country_normalized
loc_xpq2e796,Salon Aponte,Clinics,838 Main St,,Monroe,CT,06468,United States,US,(203) 767-7913,salonaponte@gmail.com,,41.34805677,-73.25932120,country_normalized
loc_xpq2ek66,Salon Ash,Salons,1316 E 15th St,,Tulsa,OK,74120-5804,United States,,9188553663,mgmt@salonash.co,,36.14055738,-95.97474919,country_inferred
loc_7g25zq6q,Salon B,Salons,506 Hawthorn St,,Dartmouth,MA,2747,United States,Us,(508) 801-0902,salonbteam@gmail.com,,41.62684800,-70.95779400,country_normalized
loc_wyvn2zpx,Salon Beni,Clinics,555 providence highway unit 4,,Walpole,MA,02087,United States,US,(508) 921-3736,ktob517@yahoo.com,,42.19294600,-71.18379100,country_normalized
loc_rkzgq6eq,Salon Bliss,Salons,14036 Hwy. 44 STE b gonzales,,,LA,70737,United States,,(225) 647-2547,shawnbkk@gmail.com,,30.27042600,-90.92095200,country_inferred
loc_8ye58k26,Salon blue llc,Salons,2010 Noble Street,Store front salon,PGH,PA,15218,United States,US,+14129013093,salonbluepgh@gmail.com,,40.42151000,-79.88650900,country_normalized
loc_7g25k77q,Salon Boutique Trinity Mills,Salons,4485 Trinity Mills Rd Ste 200,,,TX,75287-7045,United States,,4696938081,moxiesalonjulie@gmail.com,,32.99002574,-96.83251509,country_inferred
loc_qzmyvejy,Salon Cabelo,Salons,280 Washington Street,,Westwood,MA,2090,United States,US,+17816037592,jenniferpicanco@yahoo.com,,42.21935300,-71.18782100,country_normalized
loc_exy627jv,Salon Celeste,Salons,"200 Central Ave Unit A, Hilton Head Island, SC 29926",,,,,,,(843) 681-5200,,,32.21305278,-80.72551323,
loc_57wex6yn,Salon Celeste,Salons,"7415 Southwest Pkwy building 3 suite 300, Austin",,,TX,78735,United States,,(843) 681-5200,,,30.25549571,-97.86791603,state_split_from_postal; country_inferred
loc_69nez7x5,Salon Citrene LLC,Salons,946 Fulton St E,,Grand Rapids,MI,49503,United States,,616-451-2000,hello@saloncitrene.com,,42.96269216,-85.64547985,country_inferred
loc_69nez665,Salon Culture,Salons,8185 walnut hill ln,1405,Dallas,TX,75231,United States,US,+18172354341,conner@emchair.com,,32.88162600,-96.76736600,country_normalized
loc_2mqrg6p9,SALON DE CRIST,Salons,200 SW 3RD ST,,,MO,64063-2310,United States,64063-2310,8165259331,salondecrist@gmail.com,,38.91089903,-94.38030161,zip_recovered_from_country; country_inferred
loc_exy62mnv,Salon De Diosa,Salons,590 Central Ave,,Dover,NH,03820,United States,US,(603) 617-2146,hdesigner1@yahoo.com,,43.20283320,-70.87588726,country_normalized
loc_wyvn265x,"Salon Del Lago, inc.",Salons,631 Green Bay Rd.,,Wilmette,IL,60091,United States,,847-256-3191,hairsterry@aol.com,,42.07616894,-87.70901437,country_inferred
loc_57wexmen,Salon Delian,Salons,102 Main St,,Tuckahoe,NY,10707,United States,US,(914) 337-4057,debdragone66@gmail.com,,40.94929300,-73.82546500,country_normalized
loc_zzpngvmw,Salon Dot,Salons,2400 Boston Rd,Unit C,Wilbraham,MA,01095,United States,US,(413) 279-1076,salondot2400@gmail.com,,42.15002000,-72.45097300,country_normalized
loc_m7x8kpqv,Salon Ell,Clinics,1402 Tucker Rd. North,,Dartmouth,MA,02747,United States,US,(508) 717-0495,kellysalonell@yahoo.com,,41.63867600,-70.98379800,country_normalized
loc_jyewmp5e,Salon Envy LLC,Salons,10 N Light St,,Lovettsville,VA,20180,United States,US,(571) 271-4633,sassystilyst@gmail.com,,39.27402643,-77.63584127,country_normalized
loc_69nez8w5,Salon Estilo,Salons,48 Main St S,,Georgetown,Ontario,L7G3G4,Canada,Canada,+19058052885,salonestilo@cogeco.net,,43.64990700,-79.92694300,
loc_8ye58kr6,Salon Ethos,Salons,3301 NE 1st Ave,,Miami,FL,33137,United States,US,(786) 574-9609,info@ethosmiami.com,,25.80678589,-80.19296775,country_normalized
loc_wyvn22mx,Salon Example,Salons,Address line 1,Address line 2,Singapore,,575628,Singapore,Singapore,6456 6431,email@email.com,https://example.com,1.35372523,103.83611949,
loc_qzmyvwyy,Salon Faith,Salons,15745 N Hayden Rd Unit 116,,Scottsdale,AZ,85260,United States,,480-907-7452,azsalonfaith@gmail.com,,33.62855097,-111.89318333,country_inferred
loc_vm9wnx7m,Salon Forty Four,Salons,44 Main St,,Charlestown,MA,02129,United States,US,(617) 242-9745,salonfortyfour@gmail.com,,42.37308449,-71.06220982,country_normalized
loc_k6mzxp5q,Salon Fresh Yarraville,Salons,12 Wembley ave,,YARRAVILLE,VIC,3013,Australia,,437097298,rubiidupont@gmail.com,,-37.81976196,144.87372374,country_inferred
loc_m7x8krvv,"Salon Fryzjerski ""AURORA"" Marlena Białek",Salons,Lutomierska 12 95-050 Konstantynów Łódzki,,,,,Poland,https://aurora-salon.pl/,733558250,salonaurora@onet.pl,https://aurora-salon.pl/,51.75152634,19.30518590,website_recovered_from_country; phone_comma_stripped; country_from_tld
loc_vm9wn8gm,Salon Fryzjerski Angelika Marek,Salons,"Marii Konopnickiej 36, 43-300 Bielsko-Biała",,,,,,,516057371,ma.marek.angelika@gmail.com,,49.81728534,19.02332295,phone_comma_stripped
loc_zzpng5yw,Salon Fryzjerski Karolina Malik,Salons,"Kobiórska 12, 43-210 Kobiór",,,,,,,881505300,karolina.malik@icloud.com,,50.06122882,18.93410144,phone_comma_stripped
loc_7g25kx8q,Salon Gia,Salons,1490 Quarterpath Rd Suite 5B,,Williamsburg,VA,23185,United States,US,(757) 746-5433,emterrito@yahoo.com,,37.24907400,-76.68501300,country_normalized
loc_jyewmjwe,Salon Gloss,Salons,13200 W Markham St,,,AR,72211-3249,United States,,5016909822,kara@thesalongloss.com,,34.75343866,-92.41992363,country_inferred
loc_m7x8kmvv,Salon Glow,Salons,2766 N Lincoln Avenue,,Chicago,IL,60614,United States,USA,773-327-7200,bella@salonglowchicago.com,,41.93206870,-87.65821436,country_normalized
loc_95rw89ry,Salon Grazie,Salons,127 Old Derry Rd,,Londonderry,NH,3053,United States,US,(603) 560-7071,ninastyles999@yahoo.com,,42.93583196,-71.37503061,country_normalized
loc_exy659xv,Salon H,Salons,2914 S Lone Pine Ave,,Springfield,MO,65804-4010,United States,Us,7858195388,heather@salonheather.com,,37.15954800,-93.24088300,country_normalized
loc_yzy8jp6v,Salon Hamlin,Salons,"Ashburn, VA",,,,,,,,salonhamlin@gmail.com,,39.04276520,-77.48581420,
loc_qzmyv52y,Salon Honey & Sage,Clinics,389 Paseo Reyes Drive Suite 204,,St. Augustine,FL,32095,United States,US,(904) 460-7772,salonhoneyandsage@gmail.com,,30.01580400,-81.39405500,country_normalized
loc_8ye58kp6,Salon Honey & Sage,Clinics,150 Fountains Way,Unit 4,St Johns,FL,32259,United States,US,(904) 439-6639,operations@salonhoneyandsage.com,,30.06908500,-81.49543700,country_normalized
loc_yzy8j6ev,Salon Id,Salons,615 N Main St,,O Fallon,MO,63366-1703,United States,US,6366345380,kroberson510@gmail.com,,38.81701209,-90.69996011,country_normalized
loc_95rw8kqy,Salon Industry,Salons,30 S Main Street #B Pittsford NY 14534,,,,,,,(585) 880-8736,holly@salonindustry.co,,43.08967060,-77.51571270,
loc_g2w9jey7,Salon Intrinsic,Salons,5400 N Lamar Blvd,,Austin,TX,78751-5400,United States,,9362038925,salonintrinsic@gmail.com,,30.32214497,-97.72925160,country_inferred
loc_wyvn26zx,Salon J,Salons,130 S Main Street,Suite 2,Goshen,IN,46526,United States,US,+15745361697,salonj.julia@gmail.com,,41.58539200,-85.83382000,country_normalized
loc_57wex6xn,Salon Ji,Salons,8639 Hauser Court,,,KS,66215-4507,United States,,7855778416,em-smith92@hotmail.com,,38.97200300,-94.73797400,country_inferred
loc_jyewmjme,Salon K,Salons,66 East Michigan Ave,,Battle Creek,MI,49017,United States,,269-967-3708 -Cel,KarlaKrizan@yahoo.com,,42.31769332,-85.18013956,country_inferred
loc_zzpngvpw,Salon Karma,Salons,1487 Main Street,,Tewksbury,MA,1876,United States,US,(978) 858-0555,icolorkarma@gmail.com,,42.59877698,-71.22132117,country_normalized
loc_n9mz6gr5,Salon Lane St Leonards Pty Ltd,Salons,488 Pacific Highway,"Shop R2102, St Leonards Square",St Leonards,NSW,2065,Australia,Australia,,,,-33.82434632,151.19699790,
loc_jyewmv2e,Salon Le Rae,Salons,18 South Orchard St.,,Wallingford,CT,06492,United States,US,(203) 265-3310,rachel@salonlerae.com,,41.45504251,-72.82142106,country_normalized
loc_8ye58kv6,Salon Lofts,Salons,1170 Rockville Pike,Suite 21,Rockville,MD,20850,United States,US,(240) 893-9747,cmarsans@aol.com,,39.07075442,-77.13163641,country_normalized
loc_m7x8kmzv,SALON LOFTS BALLWIN,Salons,13952 MANCHESTER RD,,,MO,63011-4506,United States,63011-4506,3142396569,mindy.queen@salonlofts.com,,38.59277261,-90.55312227,zip_recovered_from_country; country_inferred
loc_2mqrg689,Salon Lofts Great Hills,Salons,9828 Great Hills Trl Ste 550,,,TX,78759-5776,United States,,5125508500,mitzi.naiser@salonlofts.com,,30.39433068,-97.74893969,country_inferred
loc_69nez7q5,SALON LOFTS ST CHARLES,Salons,2010 1ST CAPITOL DR,,,MO,63301-1647,United States,63301-1647,3148568126,Kelcie.boyd@salonlofts.com,,38.77265653,-90.51900169,zip_recovered_from_country; country_inferred
loc_69nez7y5,Salon Lofts The Grove,Salons,4001 Chouteau Ave,,Saint Louis,MO,63110-1707,United States,US,3147836054,lena.doan@salonlofts.com,,38.62828277,-90.24764988,country_normalized
loc_pqm89zgk,Salon Loop,Salons,219 Glenmore Rd,,Paddington,NSW,2021,Australia,Australia,,,,-33.88242151,151.22785135,
loc_m7x8kmev,Salon Lor,Salons,2965 Hardman Ct NE,,Atlanta,GA,30305,United States,US,(404) 615-3441,hello@salonlor.com,,33.83592051,-84.37052245,country_normalized
loc_57wex66n,Salon Lume,Salons,4017 Preston Rd,,Plano,TX,75093-7362,United States,US,9295005613,hairbykloe@gmail.com,,33.05194542,-96.79721159,country_normalized
loc_g2w9jrm7,Salon Mademoiselle K&K Katarzyna Nowak-Szarek,Salons,"Jastrzębska 76 (Galeria Cyganek), 44-300 Wodzisław Śląski",,,,,,,531 455 135,s.mademoisellekk@gmail.com,,49.99498202,18.48525723,
loc_rkzgq79q,Salon Mane By Courtney Ryan,Salons,247 Allan Street,,Kyabram,VIC,3620,Australia,,447731439,salonmane.courtney@gmail.com,,-36.31336595,145.04933238,country_inferred
loc_k6mzxwyq,SALON MARIA,Salons,176 BRICKYARD RD,,MARS,PA,16046,United States,,(412) 452-0013,salonmaria13@yahoo.com,,40.69410696,-79.99584207,country_inferred
loc_95rw872y,Salon May,Salons,3/344 Pakington St,,Newtown,VIC,3220,Australia,Australia,,,,-38.15757493,144.34531810,
loc_vm9wngnm,Salon Mia Bella,Salons,2808 Center St,,Deer Park,TX,77536-4945,United States,,2814358965,kimallen.hair@gmail.com,,29.68678400,-95.12387500,country_inferred
loc_vm9wn6em,Salon Moxie - Tiffany,Salons,201 Hickory St.,,Thibodaux,LA,70301,United States,United States,985 448 2826,tiffany@themoxie-co.com,,29.79583355,-90.83286984,
loc_wyvn2zyx,Salon Mulan,Salons,2401 Bridge Av,,Pt Pleasant,NJ,08742,United States,,(732) 899-5277,salonmulan2401@gmail.com,,40.07324657,-74.07429121,country_inferred
loc_jyewmj6e,Salon Nest,Salons,"9570 Watson Rd, Unit A",,St Louis,MO,63126,United States,,314-221-7319,Salonnest22@gmail.com,,38.55646317,-90.38014808,country_inferred
loc_k6mzxwgq,Salon Nordine & Spa LLC,Clinics,8075 Leesburg Pike,Suite R110,Vienna,Virginia,22182,United States,USA,#ERROR!,joanneleehan80@yahoo.com,https://salonnordine.com/about-the-founder/,38.91404938,-77.22453212,country_normalized
loc_57wex5nn,Salon Nouveau,Salons,8200 Effie drive,,Niagara Falls,NY,14304,United States,US,+17164255700,clicatajr@gmail.com,,43.09689600,-78.97062300,country_normalized
loc_pqm89g9k,Salon Nova,Salons,377 W Ridge Pk,,Limerick,PA,19468,United States,,(484) 973-6257,novasalon377@gmail.com,,40.23097800,-75.52235400,country_inferred
loc_rkzgqmnq,Salon Nova VA,Salons,220 Catoctin Circle SE,,Leesburg,VA,20175,United States,US,(703) 926-1664,hairbysabrinagillis@gmail.com,,39.10946000,-77.55693600,country_normalized
loc_jyewmvye,Salon O,Salons,734 Arnold Ave,,Point Pleasant Beach,NJ,08742,United States,,(732) 278-6299,denalobello@yahoo.com,,40.09143025,-74.05245429,country_inferred
loc_2mqrgeq9,Salon Oasis Med Spa Boca,Salons,5550 Coach House Circle,A,Boca,FL,33486,United States,US,+19544157237,michelle@beautifulbrides.us,,26.35430800,-80.13378800,country_normalized
loc_jyewmvje,Salon Omorfi,Salons,306 1/2 Court,,Plymouth,MA,02360,United States,US,(508) 942-8977,mbmalli77@gmail.com,,41.97311688,-70.68400116,country_normalized
loc_n9mz6re5,Salon on Point - Sofia Flood,Salons,7637 E Stonegate dr,Suite 100,Zionsville,IN,46077,United States,USA,317-603-2623,sofiassalononpoint@gmail.com,,39.95496546,-86.32721414,country_normalized
loc_vm9wn6pm,Salon One - Amanda,Salons,2328 Metairie Rd Suite 101,,Metairie,LA,70001,United States,United States,504 533 9399,amandalee_stylist@yahoo.com,,29.98365484,-90.14867962,
loc_57wex6pn,Salon One 21,Salons,1411 Ellis Ave,,Fort Worth,TX,76164,United States,US,+18173190323,salonone21style@gmail.com,,32.77838900,-97.34800300,country_normalized
loc_xpq2eke6,SALON ONE4ZERO,Salons,171 ENGLISH LANDING DR STE 140,,,MO,64152-5030,United States,64152-5030,8163082688,MPAINTERSTYLINYL@GMAIL.COM,,39.18812900,-94.68587900,zip_recovered_from_country; country_inferred
loc_g2w9jn27,Salon Onyx,Salons,17506 Dodd Blvd,,Lakeville,MN,55044-5268,United States,US,9528926613,amy.salononyx@gmail.com,,44.69508600,-93.21507000,country_normalized
loc_g2w9jvr7,Salon Pasca,Salons,4559 New Linden Hill Rd,,Wilmington,DE,19808,United States,,(302) 428-1388,salonpasca@comcast.net,,39.73050000,-75.68994800,country_inferred
loc_vm9wnvem,Salon Perfection,Salons,300 Denham St,,Wildwood,FL,34785,United States,US,+13528010444,salonperfection1@gmail.com,,28.86421200,-82.03829902,country_normalized
loc_8ye58876,Salon Phil,Salons,台北市松山區南京東路五段250巷2弄15號,,台北市,松山區,105,Taiwan,,02-27667412,,,25.05084201,121.56692399,country_inferred
loc_k6mzxgqq,Salon Re,Salons,940 Fulton St E,,Grand Rapids,MI,49503,United States,,616-451-7005,matthewsbrosfilm1@gmail.com,,42.96267039,-85.64561403,country_inferred
loc_jyewmqpe,Salon Renaissance Mosman,Salons,Shop3 914 Military road,,Mosman,NSW,2088,Australia,,451710816,Suze_port@hotmail.com,,-33.83078055,151.24459325,country_inferred
loc_57wexkrn,Salon Renew,Salons,210 S Iowa Ave,,Washington,IA,52353-1736,United States,US,,moll.edga18@gmail.com,,41.29793900,-91.69152000,country_normalized
loc_g2w9jmj7,Salon republic,Salons,43023 21st st west,,Lancaster,CA,93536,United States,US,+16613500319,nicholecosentino@yahoo.com,,34.66472100,-118.16841400,country_normalized
loc_yzy8jqxv,Salon Ro?e,Salons,5 Segada,,Rancho Santa Margarita,CA,92688,United States,US,+17023253929,ryansilva1129@gmail.com,,33.62634800,-117.61916000,country_normalized
loc_pqm89g6k,Salon Root,Salons,2616 Princess Anne St,,Frederickburg,VA,22401,United States,US,(540) 684-9348,salonroot2616@gmail.com,,38.31678777,-77.47146687,country_normalized
loc_95rw8vvy,Salon Shima,Salons,15080 E Beltwood Pkwy,,Addison,TX,75001-3729,United States,,9728163972,salonshima@sbcglobal.net,,32.95325200,-96.83170600,country_inferred
loc_qzmyvw6y,Salon Suites Of Smithville,Salons,14781 N Fairview Dr,,Smithville,MO,64089-9500,United States,US,8168962400,sara.bossert09@gmail.com,,39.36122800,-94.58189500,country_normalized
loc_m7x8kk5v,Salon Supplies Australia,Salons,"Unit 5, 305 Victoria Rd",,Malaga,WA,6090,Australia,Australia,,,,-31.86052123,115.88428457,
loc_95rw8qpy,Salon Tec Vm,Salons,409 Wilson St,,Van Meter,IA,50261,United States,US,5153605111,hairsalontec@gmail.com,,41.53249300,-93.95451700,country_normalized
loc_95rw8vmy,Salon Ten,Salons,213 W Main St,,Riverton,WY,82501,United States,US,+13078510706,salontenwyo@gmail.com,,43.02422900,-108.39294000,country_normalized
loc_g2w9jz97,Salon Topaz,Clinics,79 Main Street,,Dobbs Ferry,NY,10522,United States,US,(914) 231-6212,contact@salontopaz.com,,41.01437672,-73.87610121,country_normalized
loc_n9mz6ex5,Salon Tre Bella V,Salons,105 N. Center St,,Northville,MI,48167,United States,,248-305-9850,jsimcheck@hotmail.com,,42.43126952,-83.48341368,country_inferred
loc_zzpngw5w,SALON TWENTY-TWO,Salons,2135 EAST HIGH STREET,,POTTSTOWN,PA,19464,United States,,(610) 326-2205,salontwenty-two@comcast.net,,40.24442188,-75.60175797,country_inferred
loc_rkzgqjpq,Salon V,Salons,1877 Black Rock Turnpike,,Fairfield,CT,6825,United States,US,(203) 330-8966,salon_v@hotmail.com,,41.18009700,-73.24758900,country_normalized
loc_69nezxr5,Salon V - Michelle,Clinics,1877 Black Rock Turnpike,,Fairfield,CT,06825,United States,US,(203) 330-8966,salon_v@hotmail.com,,41.17972675,-73.24781120,country_normalized
loc_yzy8j67v,Salon Vous - SHOP,Salons,4605 Freret St,,New Orleans,LA,70115,United States,United States,504 481 1099,kieuvu86@yahoo.com,,29.93516825,-90.10538294,
loc_wyvn26wx,Salon Vous - Trang,Salons,"4605 Freret St, New Orleans",,,LA,70115,United States,,(504) 481-1099,hairbyqtrang@gmail.com,,29.93516825,-90.10538294,country_inferred
loc_pqm896nk,Salon Vous- Vladlena,Salons,4605 Freret St,,New Orleans,LA,70115,United States,United States,(504) 481-1099,vlada.arthair@yahoo.com,,29.93516825,-90.10538294,
loc_g2w9jvg7,Salon West Of Bradenton,Clinics,5917 Manatee Ave West,Suite 409,Bradenton,FL,34209,United States,US,(941) 713-3134,melaniewstylist@gmail.com,,27.49541100,-82.62305200,country_normalized
loc_jyewm5je,SALON Z,Salons,16950 WRIGHT PLZ,,,NE,68130-4679,United States,68130-4679,4026897903,STAC2114@LIVE.COM,,41.23361100,-96.17898000,zip_recovered_from_country; country_inferred
loc_2mqrge29,Salon Zeal,Salons,983 E. Lancaster Ave.,,Downingtown,PA,19335,United States,,(610) 563-8733,zealsalon.amber@gmail.com,,39.99887096,-75.72696423,country_inferred
loc_g2w9jzq7,Salon Zen,Salons,24 Bridge Street,,Doylestown,PA,18901,United States,,(215) 343-9011,alinclauss@hotmail.com,,40.30661156,-75.12878155,country_inferred
loc_xpq258g6,SALONS BY JC LEGACY SHOPPING C,Salons,2106 E SONTERRA BLVD,,SAN ANTONIO,TX,78259-7603,United States,US,2105447000,AMANDA@FLORASATX.COM,,29.60834485,-98.45934161,country_normalized
loc_rkzgq65q,Salons By Jc Saint Louis Galle,Salons,1194 Saint Louis Galleria,,Saint Louis,MO,63117-1150,United States,,3149149653,trector.573@gmail.com,,38.65214600,-90.19528300,country_inferred
loc_g2w9jn57,SALONS BY JC SAINT LOUIS GALLE,Salons,1194 SAINT LOUIS GALLERIA,,,MO,63117-1150,United States,63117-1150,3145659468,HAIRBYGOGA@GMAIL.COM,,38.63359639,-90.34632031,zip_recovered_from_country; country_inferred
loc_rkzgq6rq,Salons By Jc Town And Country,Salons,13949 Manchester Rd,,,MO,63011-4505,United States,,6362542451,artandhearthair@gmail.com,,38.59847632,-90.48792148,country_inferred
loc_rkzgqmwq,Salonz Beauty & Suites-FL-Katrina,Salons,4921 Sheridan ST Suite 25 C,,Hollywood,FL,33021,United States,US,(954) 849-2657,katrinamarrero1@gmail.com,,26.03281001,-80.19357641,country_normalized
loc_k6mzxq5q,Salty Babes,Salons,1587 Boston Post Rd B4,,Westbrook,CT,06498,United States,US,(860) 399-0101,saltybabessalon@gmail.com,,41.28122900,-72.43631600,country_normalized
loc_jyewmpre,Salty Salon & Goods,Salons,"3810 N. Croatan Highway M.P. 4.5 Kitty Hawk, NC",,,,,,,252-255-5100,saltyhairsalonobx@gmail.com,,36.06285909,-75.69201240,
loc_69nez8q5,Salty Waves Hair Salon,Salons,"102 Marsh Harbour Pkwy suite 101, Kingsland, GA 31548",,,,,,,(912) 540-5741,,,30.81355048,-81.62711337,
loc_k6mzxw9q,Sam and Bills,Salons,109 oberlin rd.,,Raleigh,NC,27605,United States,US,+19198108203,ashleygeel@hotmail.com,,35.78635863,-78.66151289,country_normalized
loc_exy62mjv,Samantha Davolio Barbering,Clinics,589 Grafton Street,,Shrewsbury,MA,01545,United States,US,(508) 498-4111,samdavolio@gmail.com,,42.25755692,-71.71691118,country_normalized
loc_yzy8jkqv,Samantha James Hair(P),Salons,103 300 Tache Ave,,Winnipeg,MB,R2H 2A2,Canada,,,info@sjhairdesign.ca,https://www.sjhairdesign.ca/,49.88181725,-97.12315913,country_inferred
loc_m7x8kpxv,Samantha Kelly,Salons,163 Manning Street,,Needham,MA,02494,United States,US,(617) 816-6214,samantha.l.tonti@gmail.com,,42.28846693,-71.22837117,country_normalized
loc_m7x8k2qv,Samel's Beauty Lounge,Salons,"314 Hay Street, Fayetteville, NC 28301",,,,,,,(910) 491-1264,samelsbeautylounge@gmail.com,,35.05375743,-78.88112924,
loc_k6mzxgxq,Sami Osborne,Salons,281 University Drive,,Walton,KY,41094,United States,US,+17082885161,sbaldridge2@gmail.com,,38.88021637,-84.61571139,country_normalized
loc_yzy8jpyv,Sammy Paipa,Salons,239 Golden River Dr.,,West Palm Beach,FL,33411,United States,US,(561) 255-0622,sammito.sp@gmail.com,,26.69988500,-80.16301400,country_normalized
loc_xpq2ee76,SAMURAI SALON Cicada 2店(V*),Clinics,台北市大安區光復南路346巷23號,,,,106,Taiwan,TW,02-27755582,,,25.03841023,121.55619916,country_normalized
loc_jyewmpme,Sanctuary MedSpa and Salon,Clinics,"1616 E Lancaster Ave Paoli, PA 19301, Inside The Van Cleve Pavilion",,Wayne,Pennsylvania,19301,United States,United States,484-318-7252,,https://www.sanctuarymedspa.com/,40.04225700,-75.46825000,
loc_xpq2ejg6,Sandalwoods Laser & Aesthetic Skin Clinic,Clinics,"Wishing Well House, Bull Lane, Aston, Oxfordshire, OX18 2DT",,,Oxfordshire,OX18 2DT,United Kingdom,United Kingdom,01993 851551,barbara@sandalwoods.co.uk,https://sandalwoods.co.uk/,51.72313998,-1.50351998,
loc_n9mz6ey5,Sandhills Functional Medicine,Clinics,334 Mill Creek Rd Suite B,Sandhills Functional Medicine,Carthage,North Carolina,28327,United States,USA,+19109866397,pam@sandhillsfm.com,https://sandhillsfunctionalmedicine.com/,35.22779384,-79.39585795,country_normalized
loc_69nezmw5,Sandra Pinkney,Salons,23 Loralyan ave,,St Georges Basin,NSW,2540,Australia,AU,411968226,sandrapinkney0782@gmail.com,,-35.09818954,150.59891063,country_normalized
loc_jyewmv8e,Sanela Salon,Salons,1706 Beacon Street,,Brookline,MA,02445,United States,US,(617) 608-3774,sanela@sanelasalon.com,,42.33875694,-71.13903117,country_normalized
loc_57wexm5n,Sarah Gleenson Aesthetics,Clinics,Bridesland Cork Cork,,,,P14 PW13,Ireland,,,sarahgleeson31@yahoo.ie,,51.85207159,-8.82431813,country_from_tld
loc_jyewmjve,Sarah Padgett,Salons,1786 Melody Lane,,Greenfield,IN,46140,United States,USA,317-498-3878,spadgett81@yahoo.com,,39.80996522,-85.76851405,country_normalized
loc_exy625jv,Sas Hairdressing St Kilda,Salons,179 B Barkly Street,,St Kilda,VIC,3182,Australia,Australia,,,,-37.86803620,144.98084238,
loc_zzpngkrw,Sasaki ENT Clinic,Clinics,,,Tochigi,,,Japan,Japan,,,https://sasakiclinic-warabi.com/,36.67821601,139.80965229,
loc_69nezm65,Sass Hair & Body,Salons,23 Majors Bay Road,,Concord,NSW,2137,Australia,Australia,,,,-33.85753555,151.10384248,
loc_exy62pmv,Satori Salon & Spa,Salons,11920 McKinley St #154,,Jones,MI,49061,United States,USA,269-244-5510,satorisalonspa@gmail.com; buffymallo@gmail.com,,41.90366865,-85.79741406,email_multivalue; country_normalized
loc_m7x8kvnv,Saving Grace Hair Studio,Salons,234 11th Avenue East Unit 5,,Regina,SK,S4N 6G8,Canada,,,savinggracehair@myaccess.ca,https://aadm08.wixsite.com/wwwsavinggracesalonc,50.45082658,-104.57917134,country_inferred
loc_rkzgq7wq,Savvy,Salons,1/105 Mulgrave Road,,Parramatta Park,QLD,4870,Australia,,740311040,info@savvyhair.com.au,,-16.92523330,145.76488057,country_inferred
loc_95rw8zmy,SAZIN Eyecare,Clinics,"32 New Street, Elsham, Brigg, North Lincolnshire, DN20 0RP",,,Lincolnshire,DN20 0RP,United Kingdom,United Kingdom,+447738555132,shaziaahmed13@aol.com,,53.59824878,-0.44120723,
loc_rkzgqygq,SC Official Aesthetics,Clinics,496 london road,,Slough,Berkshire,SL3 8QX,United Kingdom,UK,+447775670428,soniachohan_sc@hotmail.com,https://scofficial.co.uk/,51.49015911,-0.53936549,country_normalized
loc_vm9wn89m,Scalp Confidential,Clinics,"374 Shooters Hill Rd, London SE18 4LS",,,London,SE18 4LS,United Kingdom,United Kingdom,07712 464860,hello@scalpconfidential.co.uk,https://www.scalpconfidential.co.uk/,51.47287001,0.04529002,
loc_jyewmv6e,Scalp Synergy,Salons,112 Main St,Suite 110,Somers,CT,6071,United States,,860-539-8814,styledbystaceyp@gmail.com,,41.98568788,-72.48961188,country_inferred
loc_exy62m6v,Schweiger Dermatology Group - Altamont,Clinics,"2508 Western Ave, Altamont, NY 12009",,Altamont,New York,12009,United States,United States,518-690-0177,,https://www.schweigerderm.com/location/new-york/altamont/,42.71096998,-73.92711211,
loc_n9mz6w95,Schweiger Dermatology Group - Paramus,Clinics,"30 W Century Rd #320, Paramus, NJ 07652",,Paramus,New Jersey,7652,United States,United States,201-460-0280,,https://www.schweigerderm.com/location/new-jersey/paramus/,40.93006706,-74.07371214,
loc_pqm8927k,Schweiger Dermatology Group - Princeton,Clinics,"800 Bunn Dr, #201, Princeton, NJ 08540",,Princeton,New Jersey,8540,United States,United States,609-924-1033,,https://www.schweigerderm.com/location/new-jersey/princeton/,40.38126616,-74.65161223,
loc_zzpngv7w,Schweiger Dermatology Group - Verona,Clinics,"60 Pompton Ave, Verona, NJ 07044",,Verona,New Jersey,7044,United States,United States,973-434-1400,,https://www.schweigerderm.com/location/new-jersey/verona/,40.82776689,-74.23021216,
loc_n9mz67k5,Sci-U Clinic,Clinics,"Harefield South Lodge, Alderley Road, Wilmslow, Cheshire SK9 1RA",,,Chesire,SK9 1RA,United Kingdom,United Kingdom,,,https://sci-u-clinic.co.uk/,53.31529670,-2.23461050,
loc_n9mz6rq5,Scissor Shack - Lori Bell,Salons,601 S Main St,,Paris,IL,61944,United States,USA,217-465-8084,dlbell1986@gmail.com,,39.60606489,-87.69511437,country_normalized
loc_2mqrgk69,Scissor Shack - Taylor Dunn,Salons,601 S Main St,,Paris,IL,61944,United States,,217-465-8083,Taybell_88@hotmail.com,,39.60606489,-87.69511437,country_inferred
loc_yzy8jx6v,Scissorhands Newtown,Salons,"Shop 1, 418 King Street",,Newtown,NSW,2042,Australia,,295577394,scissorhandsnewtown@icloud.com,,-33.90013555,151.17824769,country_inferred
loc_95rw8vry,Scissors And Scotch,Salons,13230 Pawnee Dr Ste 202,,Oklahoma City,OK,73114-1418,United States,,4053146761,carolina.castillo@scissorsscotch.com,,35.60419200,-97.53382100,country_inferred
loc_8ye586g6,Scissors by Janine,Salons,16 Kimber Terrace,,Kurralta Park,SA,5037,Australia,Australia,,,,-34.94761573,138.56718227,
loc_exy62k5v,Scripps Health,Clinics,"Scripps Clinic Carmel Valley, 3811 Valley Centre Dr., San Diego, CA 92130",,San Diego,California,92130,United States,United States,858-764-3000,,https://www.scripps.org/,32.93665396,-117.23201921,
loc_rkzgqyzq,Sculpture Aesthetics,Clinics,19 Windmill Street,,Gravesand,,DA12 1AS,United Kingdom,United Kingdom,01474 534234,clinic@sculptureaesthetics.co.uk,https://www.sculptureaesthetics.co.uk/,51.44081670,0.36935980,
loc_m7x8kppv,SD Skincare,Clinics,"38, Foughilletra road, dromintee, newry, bt358je",,,,,,,,info@sdskincarecosmetics.com,,54.10488645,-6.38572105,
loc_yzy8jkxv,SE FAIRE BELLE,Salons,510 NE 107TH ST,,,MO,64155-1574,United States,64155-1574,8164365400,RLCEGELIS@GMAIL.COM,,39.28713439,-94.57366201,zip_recovered_from_country; country_inferred
loc_exy62m7v,SeaBreeze Aesthetics Beauty & Skin Clinic,Clinics,"Oran Town Centre Station Road, Carrowmoneash Oranmore Galway",,,,H91X0V1,Ireland,,,info@seabreezebeautyclinic.ie,,53.27311091,-8.92939258,country_from_tld
loc_vm9wn7vm,Seacloud Hair,Salons,2065 Midora Road,,Nanaimo,British Columbia,V9X 1E8,Canada,Canada,+12507143083,seacloudhomes@gmail.com,,49.10358100,-123.95546400,
loc_n9mz6wz5,Seamless Mane,Salons,800 park ave,1009,Fortlee,NJ,7024,United States,US,+14079234093,info@seamlessmane.com,,40.85243100,-73.96635200,country_normalized
loc_pqm89pzk,Sefaire Belle,Salons,510 NE 107th St,,,MO,64155-1574,United States,,8168962400,sara.bossert09@gmail.com,,39.28713439,-94.57366201,country_inferred
loc_vm9wn2em,Seiaikai Medical Corporation,Clinics,,,Ibaraki,,,Japan,Japan,,,http://www.seiaikai.jp/,36.28695595,140.47033230,
loc_exy625xv,Selena Jean Hair,Salons,359b Magill Road,,St Morris,SA,5068,Australia,Australia,,,,-34.91420572,138.65062227,
loc_zzpngvnw,Semblance MedSpa,Clinics,"59 North Pearl Street, Suite #2, Albany, NY 12207",,New York City,New York,12207,United States,United States,,hello@semblancemedspa.com,https://semblancemedspa.com/,42.65136988,-73.75081208,
loc_95rw8kmy,Semper Decoris Hair and Lashes,Clinics,820 Alt 19,,Palm Harbor,FL,34683,United States,US,(727) 741-0263,semperdecoris@gmail.com,,28.07598000,-82.76697300,country_normalized
loc_2mqrg299,Semper Luvenis Aesthetics,Clinics,Bond Street,,,London,,United Kingdom,United Kingdom,07976 049 310,cri.golfo@hotmail.com,https://semperiuvenisaesthetics.com/,51.55021360,0.00396920,
loc_xpq2ey86,Serendipity Hair Studios - Krysti,Salons,5034 North Broadway #220,,Knoxville,TN,37918,United States,,865-318-1186,serendipityhairknox@gmail.com,,36.03047461,-83.92906735,country_inferred
loc_zzpnkxnw,Serene-Scape Day Spa,Salons,87 Davis Street,,Northborough,MA,1532,United States,Us,(508) 357-2200,dayspa@serene-scape.com,,42.30230693,-71.66053117,country_normalized
loc_57wex5yn,Serenity Hair,Salons,200 Walden Ave,,Tiltonsville,OH,43963,United States,,740-859-2490,hairbyrebeccalynn@gmail.com,,40.17270900,-80.69656700,country_inferred
loc_wyvn266x,Serenity Salon,Clinics,527 Brent Lane,,Pensacola,FL,32503,United States,US,(850) 292-4322,griceldashairstudio@gmail.com,,30.54391700,-87.25183900,country_normalized
loc_n9mz6rn5,Serenity Salon,Salons,306 East Jefferson Ave,,Effingham,IL,62401,United States,USA,217-342-6245,1serenitysalon@gmail.com,,39.12166410,-88.53861451,country_normalized
loc_8ye588x6,Sessions Aesthetic and Wellness,Salons,"Velez Medical Arts #710, V. Ranudo St.",,Cebu City,Cebu,,Philippines,Philippines,0917 300 0262,,,10.30733630,123.89737830,
loc_exy62pxv,SHADED BLOSSOM,Salons,530 BRANSON LANDING BLVD,,,MO,65616-2373,United States,65616-2373,7708626376,Halihenleystylist@gmail.com,,36.64866227,-93.21787490,zip_recovered_from_country; country_inferred
loc_qzmyve5y,Shane MacPhail,Salons,201 Arklow Dr.,,Dartmouth,Nova Scotia,B2W 4R7,Canada,Canada,+19028305109,shane_mac2@hotmail.com,,44.67896200,-63.48808500,
loc_57wexkvn,Shape of You,Clinics,"15332 Manchester Road, Suite 201, Ballwin, Missouri 63021",,Ballwin,MO,63021,United States,United States,(314) 717-0575,,https://shapeofyoustl.com/,38.59259632,-90.55902148,state_split_from_postal
loc_g2w9jv57,Sharon Davis Beauty,Clinics,89 Hartwood St,,Deltona,Florida,32725,United States,USA,+13868014459,7777free@gmail.com,,28.86389473,-81.23615133,country_normalized
loc_wyvn2jpx,Shaun Downey Hair,Salons,3/182 Anson Street,,ORANGE,NSW,2800,Australia,,488570813,Shaundowneyhair@outlook.com.au,,-33.29617355,149.09415324,country_inferred
loc_2mqrgek9,Shawnda Meyer,Salons,12148 Warfield Estates Dr,,Chester,VA,23831,United States,US,(804) 651-4140,shawnda.meyer@gmail.com,,37.36144612,-77.42681127,country_normalized
loc_95rw8k9y,Shay’s Hair Loft,Salons,1617 Riedel Rd,,Crofton,MD,21114,United States,US,(301) 653-0660,shayshairloft@gmail.com,,39.01676430,-76.67607138,country_normalized
loc_k6mzx7pq,Shaylaz Skin Care Salon,Salons,405 N 14th St,,Beaumont,TX,77702-1806,United States,,4099269499,shaylazuzukin@yahoo.com,,30.08464800,-94.13333200,country_inferred
loc_n9mz6e75,Shea Studio,Salons,100 S. Kemp St,c/o Ramsi Ross,Lyon Station,PA,19536,United States,,(610) 334-5444,sheastudiollc@gmail.com,,40.48046800,-75.75848300,country_inferred
loc_95rw89ny,Shear Delite,Salons,87 Pine St,,Bristol,CT,06010,United States,US,(860) 913-1413,gloria.mel@me.com,,41.66746938,-72.91924839,country_normalized
loc_n9mz6rz5,Shear Heaven - Cindy,Salons,929 North Trenton,,Ruston,LA,71270,United States,United States,318 251 8259,shearheaven@ymail.com,,32.53719899,-92.63896686,
loc_7g25k92q,Shear illusions,Salons,210 CR 471,,Vardaman,MS,38878,United States,US,+16624146550,lindsey@topashaw.com,,33.77889659,-89.19876296,country_normalized
loc_g2w9jz57,Shear Performance,Salons,300 West Ave,,Ludlow,MA,01056,United States,US,(413) 426-8483,sara17651@yahoo.com,,42.16571300,-72.48627700,country_normalized
loc_wyvn2zrx,Shear Savage - Jessica,Clinics,8 West Forest Drive,,Enfield,CT,06083,United States,US,(860) 394-9573,hairbyjessieshaw@gmail.com,,42.02518700,-72.55286400,country_normalized
loc_jyewm5re,SHEAR SAVVY,Salons,2201 W 25TH ST STE T,,,KS,66047-2957,United States,66047-2957,7858561446,ASALBERTSON@GMAIL.COM,,38.93855870,-95.26213080,zip_recovered_from_country; country_inferred
loc_xpq2eyr6,Shearly Polished,Salons,1436 alwynne dr n,,Lehigh acres,FL,33936,United States,US,+17863870413,shearlypolishedbychris@gmail.com,,26.60624359,-81.65701338,country_normalized
loc_95rw8z8y,Sheen Clinic,Salons,"G-02-02, Level 2, Block G, Sunway Geo Avenue, Jalan Lagoon Selatan",,Subang Jaya,Selangor,47500,Malaysia,Malaysia,012-282 8493,mysheenclinic@gmail.com,https://www.sheenclinic.com.my/,3.06483300,101.60895200,
loc_95rw88gy,Sheena Beauty & Aesthetics,Clinics,"O Square 2 Greenhills, San Juan, Philippines",,,,,Philippines,PH,0908 812 6436,info@sheenaclinic.com,https://sheenaclinic.com/,14.60103150,121.04902470,country_normalized
loc_yzy8jx9v,Sheik Hair & Beauty,Salons,"Shop 2B, 309 George booth Drive",,Cameron Park,NSW,2285,Australia,Australia,,,,-32.91644217,151.59721139,
loc_7g25k7vq,Shelby Campbell C/O Xo Treatment Room,Salons,1306 1 St S.W.,,Calgary,AB,T2R 0V7,Canada,,,shadesbyshelby@gmail.com,https://xotreatmentroom.com/,51.04083624,-114.06518689,country_inferred
loc_95rw87vy,Shelley and Co,Salons,129 Kennedy street,,Picnic point,NSW,2213,Australia,,407439122,shelley@shelleyandco.com.au,,-33.97053656,151.00809925,country_inferred
loc_7g25k78q,Shelly Parsons,Salons,12521 Dover Dr,,Montgomery,TX,77356-8071,United States,,9362179838,shes.shear.love@gmail.com,,30.39505700,-95.61630500,country_inferred
loc_jyewmq2e,Shemika Hair and Beauty,Salons,Corner of Norman and Doveton street,,Ballarat,VIC,3350,Australia,,488027799,peartys@bigpond.com,,-37.53640418,143.85965357,country_inferred
loc_g2w9jew7,SHERRI AND COMPANY,Salons,109 S BROADWAY,,,OK,73034-3843,United States,73034-3843,4053406135,CVAUGHN009@GMAIL.COM,,35.65388442,-97.48154645,zip_recovered_from_country; country_inferred
loc_m7x8kk6v,Sherwood Aesthetics Pte Ltd,Clinics,1 Jalan Anak Bukit Bukit Timah Plaza #01-08 (S)588996,,,Bukit Timah,588996,Singapore,Singapore,67373770,clinic@sherwoodaesthetics.com.sg,https://sherwoodaesthetics.com.sg/,1.33859186,103.77854212,
loc_xpq2e6z6,Sheryl Blaylock,Salons,18513 Manchac Lake drive,,Prairieville,LA,70769,United States,United States,225 931 0022,sherylblaylock@gmail.com,,30.32835233,-91.00421000,
loc_yzy8jxvv,Shibuya Skin Clinic,Clinics,,,Tokyo,,,Japan,Japan,,,https://shibuya-skin.com/,35.68955258,139.69181823,
loc_g2w9jk87,Shiho Hibiya Dermatology Clinic,Clinics,"Japan Press Center Building B1, 2-2-1 Uchisaiwaicho, Chiyoda-ku, Tokyo, Japan",,,,,,,03-3580-6655,,https://www.s-hihuka.com/,35.67098790,139.75426720,
loc_k6mzxpvq,Shikan Hair and Beauty,Salons,3 Hale Street,,Kew East,VIC,3102,Australia,,398416388,andyatshikan@gmail.com,,-37.79446362,145.04861224,country_inferred
loc_n9mz6gk5,Shimmyo Clinic,Clinics,,,Nara,,,Japan,Japan,,,http://www.shimmyo.dr-clinic.jp/,34.68454568,135.80483223,
loc_rkzgq7gq,Shinbashi Beauty Clinic,Clinics,,,Tokyo,,,Japan,Japan,,,https://www.oneday.or.jp/,35.68955258,139.69181823,
loc_m7x8kkwv,Ship Clinic,Clinics,"566 Shaw Blvd.,, Mandaluyong, Philippines",,,,,Philippines,PH,0919 059 9915,info@ship.ph,http://ship.ph,14.59163988,121.03136703,country_normalized
loc_yzy8x55v,Shipwreck Barbers,Salons,10 Carlyle Drive,,Currumbin,QLD,4223,Australia,Australia,,,,-28.14180461,153.48491251,
loc_7g25k88q,Shirley’s Beauty Clinic,Clinics,Unit 4BG Crestfield Shopping Centre Glanmire Co Cork,,,,T45 EF24,,,,info@shirleysbeautyclinic.com,,51.93047138,-8.39475213,
loc_jyewmmwe,Shiro Aesthetic Clinic,Clinics,333A Orchard Road #03-35 Mandarin Gallery Singapore 238897,,,Orchard Road and Vicinity,238897,Singapore,Singapore,+65 6235 5655,enquiry@shiroaestheticclinic.com.sg,http://www.shiroaestheticclinic.com.sg,1.30216213,103.83617013,
loc_pqm89zrk,Shiroishi Garden Place Dermatology Clinic,Clinics,,,Hokkaido,,,Japan,Japan,,,https://shiroishi-skin.jp/,43.43197000,142.93467000,
loc_zzpngkzw,Shonan Fujisawa Plastic Surgery Clinic R,Clinics,,,Kanagawa,,,Japan,Japan,,,https://clinic-r.jp/,35.41754580,139.33943123,
loc_xpq2e7p6,Shore Point Aesthetics,Clinics,"16 W River Road, Rumson,",,,NJ,07760,United States,,732-639-3654,info@shorepointrumson.com,http://shorepointrumson.com,40.37572906,-74.01152292,state_split_from_postal; country_inferred
loc_vm9wn2rm,Shosuikai Medical Corporation Matsuki Dermatology Clinic,Clinics,,,Kyoto,,,Japan,Japan,,,http://www.msc-kyoto.jp/,35.01175574,135.76821822,
loc_zzpng6vw,Show Salon,Salons,40 Monroe Center,Suite 102,Grand Rapids,MI,49503,United States,US,616-459-8025,kelly.showsalon@gmail.com,,42.96370391,-85.66714036,country_normalized
loc_xpq2ejr6,Sian Aesthetics,Clinics,128 Regent's Park Road,Aesthetics Lab,London,Greater London,NW1 8XL,United Kingdom,UK,+447881228672,info@sianaesthetics.co.uk,https://www.sianaesthetics.co.uk,51.54064000,-0.15728000,country_normalized
loc_95rw8zxy,Sian Aesthetics,Clinics,63 Ashridge Gardens,,London,Greater London,N13 4JY,United Kingdom,UK,+447881228672,info@sianaesthetics.co.uk,https://www.sianaesthetics.co.uk,51.61563846,-0.12253201,country_normalized
loc_vm9wnxnm,Sian Aesthetics,Clinics,30-32 Middle Street,Glow Holistic Hair and Beauty,Brixham,Devon,TQ5 8ER,United Kingdom,UK,+447881228672,info@sianaesthetics.co.uk,https://www.sianaesthetics.co.uk,50.39541210,-3.51498290,country_normalized
loc_69nez5w5,Sidhamohair,Salons,Werdstrasse 56,,,,8004 Zürich,Switzerland,Switzerland,043/322 09 20,sidhamo.p@gmail.com,,47.37267776,8.52799140,
loc_2mqrgjn9,Signature Hair,Salons,40 Lakeview Drive,,Hamburg,NJ,7419,United States,US,+19732621466,lisalukacsko@gmail.com,,41.14104400,-74.56547800,country_normalized
loc_zzpng6pw,Signature Salon,Salons,3747 E US Route 36,,Decatur,IL,62521,United States,,217-864-5641,info@signaturesalon.us,,39.82416525,-88.89531456,country_inferred
loc_xpq2e6q6,Signature Salon - Maggie Potempa,Salons,3747 E US Route 36,,Decatur,IL,62521,United States,USA,708-256-4667,mcpotempa@gmail.com,,39.82416525,-88.89531456,country_normalized
loc_m7x8kp5v,Silhouettes Hair salon,Clinics,717 Boston post Road,,Old Saybrook,CT,06475,United States,US,(860) 388-3699,silhouetteshairct@gmail.com,,41.27903400,-72.46263300,country_normalized
loc_k6mzx9rq,Silk A Medical Spa,Clinics,"16633 Ventura Blvd. Suite #902, Encino, California 91436",,Encino,California,91436,United States,United States,(818) 981-8888,,https://silkamedicalspa.com/,34.15845597,-118.49541941,
loc_yzy8jxnv,Silk Hair Airlie Beach,Salons,1 Erromango Drive,Shop 7,Jubilee Pocket,QLD,4802,Australia,Australia,,,,-20.28183947,148.73310016,
loc_pqm89w9k,Silk Skin Salon Moda,Clinics,"5322 1/2 Laurel Canyon Blvd, Valley Village, CA 91607",,Valley Village,CA,91607,United States,United States,,yanasilkskin@gmail.com,,34.16735098,-118.39604096,state_split_from_postal
loc_yzy8jp2v,Silver Salon,Salons,"102 Woodson St, Greenville,",,,SC,29611,United States,,(864) 220-4979,frontdesk@silversalononline.com,,34.85757110,-82.43631351,country_inferred
loc_n9mz6r85,Sinclair Hair Studio,Salons,"4378 Government St, Baton Rouge",,,LA,70806,United States,,225 505 9200,sinclairhairstudio@gmail.com,,30.44429074,-91.14477856,country_inferred
loc_69nezzr5,Singapore Aesthetic Centre,Clinics,10 Sinaran Drive #08-12/13 Novena Medical Centre Singapore 307506,,,Novena,307506,Singapore,Singapore,+65 6837 1000,doctor@sgac.com.sg,http://sgac.com.sg,1.32090216,103.84445170,
loc_xpq2eeg6,Singapore O&G Ltd - SOG Clinic For Children (Central),Clinics,"11A Boon Tiong Road, #01-11, Singapore 161011",,,Tiong Bahru,161011,Singapore,Singapore,+65 6250 0600,,https://www.irenechildrenclinic.com.sg/,1.28636578,103.82878987,
loc_2mqrgpg9,Siobhan Hair Artistry,Salons,10 Lakeview Promenade,Newport Marketplace-KLIF Newpo,Newport,QLD,4020,Australia,Australia,,,,-27.21385000,153.08650000,
loc_69nez8v5,SisCo Salon,Salons,116 E Main St,,Flushing,MI,48433,United States,,810-515-0837,kaciesisco@gmail.com,,43.06270554,-83.85541374,country_inferred
loc_wyvn2qkx,Sixpence Salon and Spa,Salons,"1241 Pendleton St, Greenville, SC 29611",,,,,,,(864) 603-1633,info@sixpencesalon.com,,34.84715709,-82.42881351,
loc_exy627qv,Skin + Halo,Salons,43227 Crescent Blvd,,Novi,MI,48375,United States,,248-499-0712,glow@skinandhalo.com,,42.48326960,-83.47213676,country_inferred
loc_yzy8jg5v,Skin Address,Clinics,"New Hall Hey Road, Skin Address at Thrive Gym, Rawtenstall BB4 6AJ",,Rawtenstall,,BB4 6AJ,United Kingdom,United Kingdom,1706211110,skinaddress01@outlook.com,https://www.instagram.com/skinaddress/,53.69813920,-2.29224370,
loc_n9mz6ev5,Skin Associates of South Florida,Clinics,"4425 Ponce de Leon Blvd, Suite 200, Coral Gables, FL 33146",,Miami,Florida,33146,United States,United States,305-443-6606,,https://www.skinassociatesfl.com/,25.73124216,-80.25791315,
loc_xpq2ejq6,Skin Atelier,Clinics,"17 Crescent Road, Royal Tunbridge Wells, Kent TN1 2LU",,,Kent,TN1 2LU,United Kingdom,United Kingdom,+44 01892 538 202,cinfo@tbcskinatelier.co.uk,http://tbcskinatelier.co.uk/,51.13210838,0.26611436,
loc_7g25kk7q,Skin BonBon,Clinics,桃園市桃園區大興西路一段218號3樓,,,,330,Taiwan,TW,03-3589809,,,25.01344098,121.30219874,country_normalized
loc_xpq2ejz6,Skin by Eden,Clinics,1 Cromwell Place,,London,,SW7 2JE,United Kingdom,United Kingdom,07927 310988,,https://skin-by-eden.square.site/,51.49488844,-0.17458286,
loc_pqm8922k,Skin by Zena,Clinics,"Skin by Zena 33 Drumhirk RoadTully, InishmoreLisbellaw Co Fermanagh BT94 5LF United Kingdom",,,,,,,,zena440@msn.com,,54.28387280,-7.58368600,
loc_jyewmjze,Skin Care & More by Nicolle / North Iowa Family Health Care PLC,Clinics,"314 N 7th St, Clear Lake, IA 50428",,Clear Lake,IA,50428,United States,United States,,,https://www.northiowafamilyhealthcare.com/,43.14077068,-93.37981530,state_split_from_postal
loc_wyvn22rx,"Skin Central, Dermatology, Aesthetics & Lasers",Clinics,"Rm 1220, 12th Floor, Central Building, 1 Pedder St., HK",,,Hong Kong,,Hong Kong,Hong Kong & Macau,+852 2901-1281,pharmacy@skincentral.com,https://www.skincentral.com/,22.28125000,114.15731000,country_normalized
loc_pqm89vpk,Skin City,Clinics,"Budapest, Károly krt. 7.",,,HU,1075,,Europe,,hello@skincity.hu,,47.49642778,19.05826312,country_not_a_country
loc_57wexxqn,Skin Collective,Clinics,"28/784 Canning Highway, Applecross 6153 WA",,,,6153,Australia,AU,+61 402 704 612,info@skincollective.com.au,http://skincollective.com.au,-32.01923139,115.83529201,country_normalized
loc_95rw8z5y,Skin Essential Clinic,Clinics,"14 Steeple Grange, Chesterfield S41 0HU",,,Derbyshire,S41 0HU,United Kingdom,United Kingdom,,,https://www.seclinic.co.uk/,53.22808130,-1.40785570,
loc_pqm892zk,Skin Excellence Clinics,Clinics,"Cheese Yard, West Horrington, Wells BA5 3ED",,,Somerset,BA5 3ED,United Kingdom,United Kingdom,,,https://www.skinexcellenceclinics.co.uk/,51.22619002,-2.61377002,
loc_69nezx55,Skin Excellence Clinics,Clinics,"Skin Excellence Clinics, First Floor, 4 The Crescent, Plymouth, Devon PL1 3AB",,,,PL1 3AB,United Kingdom,United Kingdom,0800 298 2391,,http://skinexcellenceclinics.co.uk,50.36833802,-4.14663432,
loc_jyewmv5e,Skin Health,Clinics,784 Central Ave,,Dover,NH,03820,United States,US,(603) 742-1980,briannaklein@doverskinhealth.com,,43.21195708,-70.87497116,country_normalized
loc_k6mzxxmq,Skin Index Facial Center,Clinics,"Brgy. Luciano, Trece Martires-Indang Rd, Trece Martires, Philippines",,,,,Philippines,PH,0977 391 4967,skinindex@gmail.com,,14.27542000,120.87092720,country_normalized
loc_pqm89vgk,Skin Laser India,Clinics,"#13-B, Civil Lines, Jail Road, Ambala City Haryana",,,Punjab,,India,India,00-91-98960-05599,skinlaser13@gmail.com,http://www.skinlaserindia.com/,30.37213000,76.78548997,
loc_qzmyvqny,Skin look jena,Salons,Fritz-Ritter-Straße 38,,Jena,,7747,Germany,Germany,+4915738841801,look.vivien@gmail.com,,50.88437802,11.61306197,
loc_2mqrgjx9,Skin M Aesthetics,Clinics,1233 melville road,Suite 36,farmingdale,New York,11735,United States,USA,16233085033,skinmaesthetics@gmail.com,https://www.skinmaesthetics.com/,40.74715385,-73.43098544,country_normalized
loc_pqm899ek,Skin MDC Laser Dermatology and Slimming Center / Dr. Diane Chan,Salons,99 Maria Clara Street Brgy Sto Domingo,,Quezon City,Metro Manila,,Philippines,Philippines,0915 213 6111,,,14.62799269,121.00526942,
loc_yzy8jj8v,Skin Physicians,Clinics,"Mount Elizabeth Medical Centre, #11-08, 3 Mount Elizabeth Singapore 228510",,,Orchard Road and Vicinity,228510,Singapore,Singapore,+65 6733 6466,enquiry@skinphysicians.com.sg,http://www.skinphysicians.com.sg/,1.30458259,103.83556522,
loc_g2w9jkg7,Skin Refinery Clinic Ginza,Clinics,,,Tokyo,,,Japan,Japan,,,https://skinrefine.jp/about/ginza/,35.68955258,139.69181823,
loc_yzy8jgyv,Skin sculpt clinic Ltd,Clinics,10 Claremont place,24 brook parade,Chigwell,Essex,IG7 6PY,United Kingdom,UK,+447481598219,sidramalik86@hotmail.com,,51.61989132,0.07532548,country_normalized
loc_vm9wn8ym,Skin Sense GP Clinic,Clinics,27 Springfield Lyons Approach,Chelmsford,,,CM2 5LB,United Kingdom,,01245 206106/ 07954303152,,http://www.skinsensegpclinic.com,51.74723060,0.51293150,country_inferred
loc_m7x8k2wv,Skin Shaman Studio,Clinics,"1618 Balsam Street, Charleston SC 29407",,Charleston,SC,29407,United States,United States,,,https://skinshamanstudio.com/,32.78917428,-80.01335259,state_split_from_postal
loc_pqm89gzk,Skin Specialist LLC,Clinics,"315 Overlook Lane, Conshohocken, PA 19428",,Conshohocken,PA,19428,United States,United States,,,,40.06744702,-75.32977903,state_split_from_postal
loc_xpq2e7y6,Skin Sync,Clinics,"West End, Ballincollig, Cork",,,,P31 FW63,,,,skinsync.ie@gmail.com,,51.88493785,-8.60735141,
loc_7g25kx5q,SkinBeautiful RX,Clinics,"180 W Olentangy St Suite C, Powell,",,,OH,43065,United States,United States,,,https://skinbeautifulrx.com/,40.15853400,-83.08140900,state_split_from_postal
loc_95rw8vpy,Skinbio365,Clinics,"2211 30th Street, San Diego CA 92104",,San Diego,CA,92104,United States,United States,,,https://www.skinbio365.com/,32.72893501,-117.12994996,state_split_from_postal
loc_zzpng5jw,Skincare & Sanctuary,Clinics,"170a Victoria Park Road, London, E9 7HD",,,London,E9 7HD,United Kingdom,United Kingdom,+44 02039 055 555,sonia@skinandsanctuary.com,http://www.skinandsanctuary.com/,51.53809975,-0.04438746,
loc_n9mz6785,Skincare Network,Clinics,"3 Church Passage, Barnet, London EN5 4QS",,,London,EN5 4QS,United Kingdom,United Kingdom,+44 20 8441 1043,,https://www.skincarenetwork.co.uk,51.65321200,-0.20175000,
loc_qzmyvqpy,Skincentive Limited,Clinics,230 Caledonian Road,,London,Greater London,N1 0NG,United Kingdom,UK,+447798877948,prue.cr@gmail.com,,51.53751469,-0.11620922,country_normalized
loc_m7x8kv7v,SkinDefined,Clinics,"4201 N 16th St #110, Phoenix, AZ 85016",,Phoenix,AZ,85016,United States,United States,+1 602.254.3223,,https://www.skindefined.com/,33.49685488,-112.04711836,state_split_from_postal
loc_m7x8kqrv,SkinFive by Ava MD,Clinics,"970 Monument Street, Suite #216, Pacific Palisades, CA 90272",,Los Angeles,California,90272,United States,United States,(424) 322 8780,,https://skinfive.com/,34.04635578,-118.52319419,
loc_95rw8g8y,SkinFive by Ava MD,Clinics,"Westfield Century City, 10250 Santa Monica Blvd, Store #2455, Los Angeles, CA 90067",,Los Angeles,California,90067,United States,United States,(424) 313 8242,,https://skinfive.com/,34.05875580,-118.41901940,
loc_zzpng5rw,Skinfluencer,Clinics,"307 Fulham Road, London, Chelsea SW10 9QH",,,London,SW10 9QH,United Kingdom,United Kingdom,+447738555132,infoldn@skin-fluencer.com,https://skin-fluencer.com/,51.48678436,-0.17921294,
loc_g2w9jry7,Skinsculpt,Clinics,70-72 old street,Flat 9,London,Greater London,EC1V 9AN,United Kingdom,UK,+447930454771,stephanielopes.mk@gmail.com,https://www.instagram.com/skinsculpt.beauty/,51.52422501,-0.09516444,country_normalized
loc_rkzgq7pq,skinsia clinic,Clinics,,,Tokyo,,,Japan,Japan,,,https://skinsia.clinic/,35.68955258,139.69181823,
loc_jyewmvre,Skinsisters Aesthetic Clinic,Clinics,"27 Church Street, Howth, Dublin D13 X223",,,Ireland,D13 X223,United Kingdom,United Kingdom,,,https://www.skinsisters.ie/,53.38622000,-6.06589004,
loc_g2w9je27,SkinVolution Laser & Vein Center,Clinics,6120 W. Bell Rd,Suite 180,Glendale,Arizona,85308,United States,USA,+16232441902,tpatel@azvts.com,https://skinvolutionaz.com/contact/,33.63920600,-112.19144700,country_normalized
loc_qzmyvv9y,SL Clinic,Clinics,"3 Gateway Dr, #04-22 Singapore 608532",,,Jurong East,608532,Singapore,Singapore,,,https://slclinic.com.sg/,1.33429219,103.74216997,
loc_xpq2ee86,SL Clinic,Clinics,"1 Woodlands Square, #04-11",,,Woodlands,738099,Singapore,Singapore,,,https://slclinic.com.sg/,1.43607005,103.78598157,
loc_wyvn22kx,SL Clinic,Clinics,"9 Bishan Pl, #04-02C Singapore 579837",,,Bishan,579837,Singapore,Singapore,,,https://slclinic.com.sg/,1.35051221,103.84917015,
loc_57wexxpn,Slate Medical Group,Clinics,"Unit 2108, Centuria Medical Makati, General Luna cor Salamanca Street, Makati, Philippines",,,,,Philippines,PH,0945 516 4578,info@slatemedical.com.ph,,14.56573820,121.02884143,country_normalized
loc_vm9wngrm,SLINX Concepts,Salons,2051 golden Circle Dr,,Escondido,CA,92026,United States,US,+17605666353,amc@slinxconcepts.com,,33.16328300,-117.12697300,country_normalized
loc_69nez555,Sliq Clinic,Clinics,"F 1-19, Oasis Village, Jalan PJU 1A/7A, Ara Damansara, 47301 Petaling Jaya, Selangor Darul Ehsan, Malaysia",,,Selangor,47301,Malaysia,Malaysia,+603 7490 7893,sliqclinic@gmail.com,https://sliqclinic.com/,3.11640511,101.57909166,
loc_vm9wn82m,Sliq Clinic,Salons,"L1-13, Kompleks Perniagaan, 3, Jalan Bangsar, KL Eco City",,Kuala Lumpur,Wilayah Persekutuan Kuala Lumpur,59200,Malaysia,Malaysia,012-772 7134,,https://sliqclinic.com/,3.12953823,101.68043573,email_placeholder_blanked
loc_7g25kmzq,Sliq Clinic,Clinics,"L1-13, Kompleks Perniagaan, No. 3, Jalan Bangsar, KL Eco City, 59200 Kuala Lumpur",,,Kuala Lumpur,59200,Malaysia,Malaysia,603 2201 7727,sliqclinickl@gmail.com,https://sliqclinic.com/,3.12000511,101.67477167,
loc_xpq2eek6,Smile微笑沙龍(V*)(@),Clinics,新北市淡水區英專路28巷2弄17號1樓,,,,251,Taiwan,TW,02-26219137,,,25.16941237,121.44519898,country_normalized
loc_qzmyv5ey,Smukke House,Salons,512 Forest Hill Drive East,,Kingston,Ontario,K7M 8M5,Canada,Canada,+16135720874,info@smukkehouse.ca,,44.24127600,-76.59326600,
loc_2mqrggz9,Sobee Beauty,Clinics,"B4B Imperia Garden, 203 Nguyen Huy Tuong, Thanh Xuan, Hanoi",,,,,Vietnam,VN,+84 85 516 6288,,,20.99699301,105.80327189,country_normalized
loc_2mqrgkn9,Social Hair Haus,Salons,1505 W Broadway St,,Bolivar,MO,65613,United States,US,417-777-4247,socialhairhaus@gmail.com,,37.61215682,-93.42824362,country_normalized
loc_69nez7p5,Social Salon,Salons,7354 State Route 162,,,IL,62294-3369,United States,,6189803842,mcbridemichelle34@gmail.com,,38.73653900,-89.92425900,country_inferred
loc_k6mzxpzq,Socie Aveda Cocoon City Saitama Shintoshin,Salons,Cocoon 2 3F,4-263-1 Kishiki-cho,Saitama-shi,Saitama,330-0843,Japan,JP,048-788-1236,,https://hair.socie.jp/shop/aveda_saitama/,35.89655471,139.63537969,country_normalized
loc_exy6256v,Socie Aveda Maruhiro Kawagoe,Salons,Maruhiro Annex Building A B1F,2-11-1 Shintomicho,Kawagoe-shi,Saitama Prefecture,,Japan,JP,049-229-3036,,https://hair.socie.jp/shop/aveda_kawagoe/,35.91182067,139.48245974,country_normalized
loc_7g25kzyq,Socie Aveda Perie Chiba,Salons,Perie Chiba 4F,1-1-1 Shin-Chiba,Chiba-shi,Chiba,260-0031,Japan,JP,043-215-7136,,https://hair.socie.jp/shop/aveda_chiba/,35.61289887,140.11369584,country_normalized
loc_57wexg7n,Socie Hair Celeo Hachioji,Salons,Celeo Hachioji North Building 8F,1-1 Asahi-cho,Hachioji-shi,Tokyo,192-0083,Japan,JP,042-624-4511,,https://hair.socie.jp/shop/hs_hachioji/,35.65607610,139.33929491,country_normalized
loc_yzy8jx8v,Socie Hair Cocolia Tama Center,Salons,Cocolia Tama Center 6F,1-46-1 Ochiai,Tama-shi,Tokyo,206-0033,Japan,JP,042-373-5841,,https://hair.socie.jp/shop/hs_tama/,35.62241836,139.42486802,country_normalized
loc_vm9wn2wm,Socie Hair Ebina,Salons,Vina Walk Building 1 3F,1-1-1 Chuo,Ebina-shi,Kanagawa,243-0432,Japan,JP,046-234-5636,,https://hair.socie.jp/shop/hs_ebina/,35.45306461,139.39207936,country_normalized
loc_xpq2e526,Socie Hair Futako Tamagawa,Salons,Yanagikoji Nishikimachi 2F,3-13-1 Tamagawa,Setagaya-ku,Tokyo,158-0094,Japan,JP,03-5797-9736,,https://hair.socie.jp/shop/hs_futakotamagawa/,35.61319366,139.62514304,country_normalized
loc_95rw87wy,Socie Hair Hon-Atsugi,Salons,Hon-Atsugi MyLord 1 3F,1-1 Izumi-cho,Atsugi-shi,Kanagawa,243-0013,Japan,JP,046-230-3190,,https://hair.socie.jp/shop/hs_honatsugi/,35.43961375,139.36397132,country_normalized
loc_qzmyv6yy,Socie Hair Isetan Tachikawa,Salons,Isetan Tachikawa 6F,2-5-1 Akebono-cho,Tachikawa-shi,Tokyo,190-0012,Japan,JP,042-526-9705,,https://hair.socie.jp/shop/hs_tachikawa/,35.69972323,139.41299430,country_normalized
loc_95rw888y,Socie Hair Iwataya Fukuoka,Salons,Iwataya Main Store New Building 8F,2-5-35 Tenjin,Fukuoka-shi,Fukuoka,810-8680,Japan,JP,092-726-6121,,https://hair.socie.jp/shop/hs_fukuoka/,33.58884200,130.39742500,country_normalized
loc_g2w9jk97,Socie Hair Kamiooka,Salons,Keikyu Department Store Main Building 10F,1-6-1 Kamiooka Nishi,Yokohama-shi,Kanagawa,233-8556,Japan,JP,045-848-7365,,https://hair.socie.jp/shop/hs_kamiooka/,35.40920160,139.59654800,country_normalized
loc_k6mzxpnq,Socie Hair Kinshicho,Salons,Termina 4F,3-14-5 Kotobashi,Sumida-ku,Tokyo,130-0022,Japan,JP,03-3635-4136,,https://hair.socie.jp/shop/hs_kinsicho/,35.69644654,139.81392688,country_normalized
loc_8ye58866,Socie Hair Kintetsu Ikoma,Salons,Kintetsu Department Store Ikoma 4F,1600 Tani-machi,Ikoma-shi,Nara,630-0251,Japan,JP,0743-75-9802,,https://hair.socie.jp/shop/hs_ikoma/,34.69379660,135.69808120,country_normalized
loc_wyvn2jmx,Socie Hair Kintetsu Kashihara,Salons,Kintetsu Department Store Kashihara 6F,3-65-11 Kita-Yagi-cho,Kashihara-shi,Nara,634-8511,Japan,JP,0744-22-0167,,https://hair.socie.jp/shop/hs_kashihara/,34.51370820,135.79416600,country_normalized
loc_wyvn2jnx,Socie Hair Machida Tokyu Twins,Salons,Machida Tokyu Twins West 6F,6-4-1 Haramachida,Machida-shi,Tokyo,194-8501,Japan,JP,042-724-8261,,https://hair.socie.jp/shop/hs_machida/,35.54260726,139.44648797,country_normalized
loc_rkzgq7eq,Socie Hair Matsudo,Salons,Prare Matsudo 6F,1149-1 Matsudo,Matsudo-shi,Chiba,271-0092,Japan,JP,047-364-4827,,https://hair.socie.jp/shop/hs_matsudo/,35.78403755,139.90252477,country_normalized
loc_pqm89z8k,Socie Hair Sagami-Ono,Salons,Odakyu Sagami-Ono Station Square A Building 5F,3-8-1 Sagamiono,Sagamihara-shi,Kanagawa,252-0303,Japan,JP,042-767-1250,,https://hair.socie.jp/shop/hs_sagamiono/,35.53168305,139.43744976,country_normalized
loc_8ye58886,Socie Hair Sanyo Himeji,Salons,Sanyo Department Store West Annex 1F,1 Minamimachi,Himeji-shi,Hyogo,670-0912,Japan,JP,079-284-4136,,https://hair.socie.jp/shop/hs_himeji/,34.82839060,134.68995720,country_normalized
loc_n9mz6gz5,Socie Hair Seibu Tokorozawa,Salons,Seibu Tokorozawa S.C. 7F,12-1 Hiyoshi-cho,Tokorozawa-shi,Saitama,359-1198,Japan,JP,04-2926-8792,,https://hair.socie.jp/shop/hs_tokorozawa/,35.78604577,139.47219091,country_normalized
loc_jyewmqwe,Socie Hair Shin-Yurigaoka,Salons,Shin-Yurigaoka Elmy Road 3F,1-4-1 Kamiasao,Kawasaki-shi,Kanagawa,215-0021,Japan,JP,044-965-3070,,https://hair.socie.jp/shop/hs_sinyurigaoka/,35.60304330,139.50929742,country_normalized
loc_k6mzxxpq,Socie Hair Tennoji Mio,Salons,Tennoji Mio Main Building 9F,10-39 Hiden-in-cho,Osaka-shi,Osaka,543-0055,Japan,JP,06-6775-9880,,https://hair.socie.jp/shop/hs_tennoji/,34.64676672,135.51454473,country_normalized
loc_2mqrgpr9,Socie Hair Tsurukawa,Salons,Odakyu Marche Tsurukawa 1 3F,1-6-11 Nogaya,Machida-shi,Tokyo,195-0053,Japan,JP,042-735-8126,,https://hair.socie.jp/shop/hs_tsurukawa/,35.58350303,139.48145878,country_normalized
loc_xpq2e5g6,Socie World Group,Salons,,,,,,Japan,JP,,,,36.17975659,138.43661223,country_normalized
loc_xpq2e6y6,Society Of Beauty - Marla Peebles,Salons,12545 Old Meridian,Suite 100,Carmel,IN,46032,United States,,317-569-9899,mdpeebs@yahoo.com,http://Marla Peebles,39.97184970,-86.15753421,country_inferred
loc_69nez775,Society Salon - HSV,Salons,20 Town Center Dr NW Suite 1111,,Huntsville,AL,35806,United States,United States,(256) 665-3651,marissaburkhead@gmail.com,,34.75620229,-86.69518698,
loc_qzmyv8my,Society The Salon,Salons,1520 E College,Unit C,Normal,IL,61761,United States,USA,217-737-1517,societythesalonblono@gmail.com,,40.51096637,-88.95901458,country_normalized
loc_yzy8jxyv,Sococco Hair,Salons,59 Wenhams Lane,,Wangaratta,VIC,3677,Australia,Australia,,,,-36.38216596,146.32204240,
loc_7g25k7mq,Soe Salon,Salons,3211 Edloe St Ste 100,,,TX,77027-6073,United States,,7134293142,arechigajoel@yahoo.com,,29.73698634,-95.43338116,country_inferred
loc_95rw8kry,Sofia Salon - Vincent Russo,Clinics,8903 Glades Rd. D-2,,Boca Raton,FL,33434,United States,US,(561) 477-6689,dawnh@evolvesalonsystems.com,,26.36949200,-80.18471100,country_normalized
loc_rkzgqmqq,Soigne Salon,Salons,3060 Center Valley Parkway,Suite 800,Center Valley,PA,18034,United States,,(484) 935-5371,owners.soigne@gmail.com,,40.65631100,-75.37768700,country_inferred
loc_2mqrggx9,SOL Aesthetics Medical Clinic,Clinics,101 Irrawaddy Rd #17-09 Royal Square,,,Novena,329565,Singapore,Singapore,,,https://solaestheticsclinic.com.sg/,1.32057157,103.84321924,
loc_m7x8kepv,Sol Salon,Salons,2/9 Kenrick Street,,The Junction,NSW,2291,Australia,,411738223,accounts@solsalon.com.au,,-32.93853966,151.75924864,country_inferred
loc_zzpngkjw,Sol. Hair & Beauty,Salons,132 Shamrock Street,,Blackall,QLD,4472,Australia,Australia,,,,-24.42408822,145.46281003,
loc_2mqrg699,SOLA SALON,Salons,3944 RANCH ROAD 620 S BLDG 9,,,TX,78738-7000,United States,78738-7000,5122340981,LORI.HONEMAN@GMAIL.COM,,30.31349500,-97.94838900,zip_recovered_from_country; country_inferred
loc_xpq2ekk6,Sola Salon Preston Park Villag,Salons,1900 Preston Rd Ste 345,,Plano,TX,75093-3647,United States,,3214198200,salon4seven@gmail.com,,33.02614800,-96.78996800,country_inferred
loc_m7x8kvev,Sola Salon Studios,Salons,6530 Delaware St,,,TX,77706-7650,United States,,4092018940,emleeo37@gmail.com,,30.10450800,-94.17966700,country_inferred
loc_yzy8j65v,SOLA STUDIOS,Salons,4520 UNIVERSITY AVE STE 114,,,IA,50266-1070,United States,50266-1070,5152386503,jtobinhair@gmail.com,,41.60034754,-93.76693651,zip_recovered_from_country; country_inferred
loc_exy659qv,SOLA TOWN CENTER,Salons,5065 W 117TH ST,,LEAWOOD,KS,66211-2053,United States,US,7858222138,elisabethlayne@me.com,,38.91515400,-94.64430600,country_normalized
loc_g2w9jvq7,Solace Head Spa,Salons,"554 W Main St Suite 475, Buford",,,GA,30518,United States,,(864) 319-3531,info@solaceflowheadspa.com,,34.11425589,-84.01213765,state_split_from_postal; country_inferred
loc_rkzgqnwq,Solari Head Spa,Salons,6051 N Brookline Ave,,,OK,73112-4289,United States,,4053708022,chereebk@solariheadspa.com,,35.53318000,-97.56808000,country_inferred
loc_n9mz6ew5,SomethingbySara,Salons,208 phinney rd,,Hannibal,NY,13074,United States,US,+13157515685,sundbergs2019@gmail.com,,43.30190200,-76.48429100,country_normalized
loc_8ye586j6,Sonia Taunton Hair Stylist,Salons,97 Cropley Drive,,Baulkham Hills,NSW,2153,Australia,,422992378,soniataunton@yahoo.com,,-33.77018955,150.98186225,country_inferred
loc_yzy8jkkv,Sonobello Med Spa,Clinics,"16633 Dallas Parkway, Suite 100, Addison, TX 75001",,Addison,Texas,75001,United States,United States,(469) 758-2294,dallasinquiry@sonobello.com,https://www.sonobello.com/,32.97705403,-96.82615864,
loc_pqm89vxk,SONÜ Medical Aesthetics,Clinics,115 Knutsford Road,,Wilmslow,Cheshire,SK9 6JP,United Kingdom,UK,+447900887728,alex@sonuclinic.com,https://www.doctoralex.co.uk/,53.31324873,-2.25264369,country_normalized
loc_69nezx95,Soon Beauty Lab,Salons,290 Smith St,,Brooklyn,NY,11231,United States,US,(718) 624-2424,carrollgardens@soonbeautylab.com,,40.68199911,-73.99380145,country_normalized
loc_69nezx25,Soph Hair Studio,Salons,62 Lovell street,,North Weymouth,MA,02191,United States,US,(781) 996-0050,gioiaecosalon@gmail.com,,42.24614970,-70.94170882,country_normalized
loc_95rw8v2y,Sophisticuts,Salons,4210 98th St,,Lubbock,TX,79423-3957,United States,US,8067949733,boltleigh@yahoo.com,,33.50490000,-101.90230500,country_normalized
loc_7g25k9vq,SOPHISTICUTS,Salons,448 WASHINGTON ST,,,MO,64601-2522,United States,64601-2522,6606462400,LJBIZZLE@YAHOO.COM,,39.79160880,-93.55374449,zip_recovered_from_country; country_inferred
loc_pqm896rk,Sorelle Beauty Suites,Salons,131 Chesterfield Towne Ctr,,Chesterfield,MO,63005-1230,United States,,3149830444,jills1999@gmail.com,,38.66246300,-90.61988400,country_inferred
loc_k6mzxwvq,Soteria Spa,Salons,"212 Le Phillip Ct NE Suite 106, Concord, NC 28025",,,,,,,(704) 260-0661,,,35.44205807,-80.59821321,
loc_95rw8zvy,Soulutions Medical Clinic,Clinics,"Budapest, Városmajor u. 33.",,,HU,1122,,Europe,,info@soulutionsmedical.com,,47.50469778,19.01950312,country_not_a_country
loc_jyewmjpe,Southern Glam Med Spa,Clinics,"790 Kings Lane, Suite 200, Tullahoma, TN 37388",,Tullahoma,Tennessee,37388,United States,United States,931-222-4299,,https://southernglammedspa.com/,35.38405797,-86.22401413,
loc_7g25k7kq,Southern Roots Boutique & Salo,Salons,4894 W Main St,,League City,TX,77573-1730,United States,US,2817241489,rocinanteenterprisesinc@gmail.com,,29.49150900,-95.15090600,country_normalized
loc_jyewm5ve,Sozo Hair Design,Salons,10868 Kuykendahl Rd Ste G,,Spring,TX,77381-2873,United States,,8325856322,busymimi@yahoo.com,,30.17606500,-95.53622300,country_inferred
loc_exy62nmv,Sozo Hair Design-Miriam W,Salons,10868 Kuykendahl Rd Ste G,,,TX,77381-2873,United States,,2814606499,mswarrad@gmail.com,,30.17648305,-95.53703352,country_inferred
loc_57wex5vn,Spa 106,Salons,106 Laurens St SW Aiken SC 29801,,,,,,,(803) 226-9060,relax@spa106.com,,33.56115499,-81.72221339,
loc_rkzgqmrq,Spa Bliss,Clinics,"1210 Smith St, Charleston, WV 25301",,Charleston,West Virginia,25301,United States,United States,304-720-1005,,https://spabliss.com/,38.35006283,-81.62421337,
loc_7g25kxvq,Sparrow Salon,Salons,322 South Ashley,,Ann Arbor,MI,48103,United States,,734-673-8605,Stephbu138@gmail.com,,42.27886927,-83.75011372,country_inferred
loc_xpq2ejy6,Sparsh,Clinics,"22, Khan Market, Rabindra Nagar -110003",,,New Delhi,110003,India,India,00-91-9311434425,amanforpeace@gmail.com,http://www.holisticskincare.in/,28.60007650,77.22722670,
loc_8ye58j86,Spavanti - Permanent Make-up Center,Salons,2253 Martin,407,Irvine,CA,92612,United States,US,+19494434877,spavanti@sbcglobal.net,,33.67395517,-117.85921931,country_normalized
loc_8ye58796,Spectra Salon,Clinics,725 Lafayette Rd,,Hampton,NH,03842,United States,US,(603) 929-6450,spectrahair.nails@yahoo.com,,42.94759704,-70.83231116,country_normalized
loc_m7x8kvvv,Spectra Salon Suites,Salons,1805 Preston Rd,,Plano,TX,75093-5282,United States,,2108611873,rogers_amber@outlook.com,,33.02429541,-96.79699159,country_inferred
loc_95rw8zpy,Spectrum One Hair Restoration,Clinics,"55 Deardengate, Haslingden, Rossendale BB4 5QN",,Rossendale,,BB4 5QN,United Kingdom,United Kingdom,01706 216808,katy@spectrumonesalon.co.uk,http://www.spectrumonesalon.co.uk/,53.70523817,-2.32578395,
loc_95rw89yy,Splitenz Salon Studio,Salons,25 EAST MAIN STREET,,CLINTON,NJ,08809,United States,,(908) 735-0045,zee@splitenzsalonstudio.com,,40.63722000,-74.90968300,country_inferred
loc_n9mz6yg5,Spokane Dermatology,Clinics,"324 South Sherman Street, Building A, Spokane, WA 99202",,Spokane,Washington,99202,United States,United States,(509) 624-1184,info@spokanederm.com,https://spokanederm.com/,47.65277807,-117.40411924,
loc_qzmyvv5y,SS時尚造型,Salons,台北市中山區中山北路二段65巷38之1號2樓,,台北市,中山區,104,Taiwan,,,,,25.05699601,121.52512704,phone_placeholder_blanked; country_inferred
loc_xpq2e766,St James North Salon,Salons,180 Coachman Lane,,West Barnstable,MA,02668,United States,US,(774) 327-7165,stjamesnorthsalon@gmail.com,,41.68394683,-70.38171115,country_normalized
loc_qzmyvw8y,Stacey Thomas,Salons,39024 Pr 500,Po Box 117,Beaconia,MB,R0E 0B0,Canada,,,Staceythomas461@gmail.com,,50.44482648,-96.55615820,country_inferred
loc_69nezxv5,Stacy Morse,Salons,189 Dawn Drive,,Franklinville,NJ,08322,United States,,(856) 237-9734,sgmorse46@gmail.com,,39.65191500,-75.02026500,country_inferred
loc_wyvn252x,Starlit Studio,Salons,15395 Briar Rd,,Basehor,KS,66007,United States,US,9137280045,starlit.studio.basehor@gmail.com,,39.11491700,-94.93624000,country_normalized
loc_exy62m9v,Stars Salon,Salons,"1438 Easton Road, Warrington PA",,,,,,,215-343-4877,starrobinwood@gmail.com,http://starswarrington.com,40.25486277,-75.13337713,
loc_pqm89p9k,Staterdabeauty,Salons,145 County Road 6881 N,,Dayton,TX,77535,United States,US,+19363346795,cheryl.kirkland@hotmail.com,,30.16132700,-94.94663800,country_normalized
loc_xpq2ekj6,STATIC HAIR SALON,Salons,1145 PENNSYLVANIA ST,,,KS,66044-3367,United States,66044-3367,7854243774,megan.riley25@gmail.com,,38.96293332,-95.22902882,zip_recovered_from_country; country_inferred
loc_m7x8kvrv,Static Hair Salon,Salons,1145 Pennsylvania St,,Lawrence,KS,66044-3367,United States,,7854245141,debbie.daneke@gmail.com,,38.96207638,-95.22914156,country_inferred
loc_57wexmpn,Station 8 Salon,Salons,761 Centre St,,Jamaica Plain,MA,02130,United States,US,(617) 553-4884,s8@station8salon.com,,42.31027693,-71.11516117,country_normalized
loc_8ye58km6,Steel Magnolia Beauty Shop,Salons,303 Black St,,Thomson,GA,30824,United States,US,(706) 595-6414,kimmerossie@aol.com,,33.46286200,-82.49846000,country_normalized
loc_7g25kzzq,Stefan Hair Fashions - 3PL Warehouse,Salons,4 Motorway Circuit,Stefan Hair Fashion – c/o Future Queensland,Ormeau,QLD,4208,Australia,Australia,,,,-27.77491343,153.25361882,
loc_n9mz6g65,Stefan Hair Fashions - Garden City,Salons,Cnr Logan Road & Kessels Road,Garden City Shopping Centre,Upper Mount Gravatt,QLD,4122,Australia,,733431488,accounts@stefan.com.au,,-27.56304864,153.08277943,country_inferred
loc_m7x8kerv,Stefan Hair Fashions - Southbank,Salons,134 Merivale St,,South Brisbane,QLD,4101,Australia,Australia,,,,-27.48159071,153.02057858,
loc_pqm89z2k,Steff Matheson Hair,Salons,"unit 4, 44 charles st",,Warners Bay,NSW,2282,Australia,Australia,,,,-32.97322797,151.64695749,
loc_k6mzxxjq,Stella Medical Aesthetic Clinic,Clinics,"#11-31 Square 2, 10 Sinaran Drive, Novena Medical Centre, Singapore 307506",,,Novena,307506,Singapore,Singapore,+65 6397 2722,enquiry@stellarclinic.com,http://stellarskin.com.sg/,1.32102216,103.84442170,
loc_zzpng5kw,Stellar Clinic,Salons,Melaka,,Melaka,Melaka,,Malaysia,Malaysia,,,,2.19426360,102.24866168,email_placeholder_blanked
loc_rkzgqnqq,Stem Hair And Body,Salons,5959 Broadmoor St,,Mission,KS,66202-3241,United States,,9132369368,stemhairandbodysalon@gmail.com,,39.02076000,-94.66523500,country_inferred
loc_2mqrg6w9,Stephanie Hutchison Hair,Salons,137 Clouded Ave,,Henderson,NV,89002,United States,,702-927-5242,stephaniehutchisonhair@outlook.com,,35.98558959,-114.98218839,country_inferred
loc_8ye589z6,Stephanie Petterson,Salons,232 12 Ave,,Estevan,SK,S4A 1E2,Canada,,,Email- stephanieraemua@gmail.com,,49.13980509,-102.99616875,email_malformed; country_inferred
loc_vm9wnggm,Sterling Salon Suites,Salons,3645 Dallas Pkwy Ste 501,,Plano,TX,75093-8155,United States,,2147270306,tonilynn.rich@gmail.com,,33.04871200,-96.83139000,country_inferred
loc_69nez6z5,STITCH,Salons,6920 W 135TH ST,,,KS,66223-4800,United States,66223-4800,9132109842,EMMASSTYLESTUDIO@GMAIL.COM,,38.88383534,-94.66697769,zip_recovered_from_country; country_inferred
loc_jyewmv7e,Stone and Ivy Salon,Clinics,25 School St.,Suite D,Quincy,MA,02169,United States,US,(781) 812-4186,hello@stoneivysalon.com,,42.24498900,-71.00156200,country_normalized
loc_rkzgqjrq,Stony Creek Internal Medicine,Clinics,"5 Durham Rd, STE C2, 06437 Guilford, CT",,Guilford,CT,06437,United States,United States,,,https://www.facebook.com/EmilyNolfoMD/,41.29846766,-72.68561191,state_split_from_postal
loc_pqm896yk,Straight Edge Barber,Salons,1311 Broadway,,Highland,IL,62249,United States,USA,618-818-9516,raesfades21@gmail.com,,38.73966347,-89.67461469,country_normalized
loc_m7x8km5v,STRANDS,Salons,706A DE MUN AVE,,,MO,63105-2271,United States,63105-2271,3147251717,STRANDSHAIRSALON@GMAIL.COM,,38.63872042,-90.30778853,zip_recovered_from_country; country_inferred
loc_xpq2e6m6,Strands,Salons,706A De Mun Ave,,Saint Louis,MO,63105-2271,United States,,3148034862,hairclr4u@sbcglobal.net,,38.63872042,-90.30778853,country_inferred
loc_qzmyv5qy,STRANDS HAIR SALON,Salons,3301 PENN AVE,,WEST LAWN,PA,19609,United States,,(610) 670-0844,char4man@gmail.com,,40.32584795,-76.00498737,country_inferred
loc_jyewm7re,Strandz Styling,Salons,113 9505 68th Ave,,Grande Prairie,AB,T8V 7X8,Canada,,,jendawn76@hotmial.com,http://strandz-styling.jany.io,55.14190343,-118.77719460,country_inferred
loc_qzmyvqxy,Stratford Dermatherapy Clinic,Clinics,"6 Mansell St, Stratford-upon-Avon CV37 6NR",,Stratford-upon-Avon,Warwickshire,CV37 6NR,United Kingdom,United Kingdom,01789 414289,,https://www.skincareclinic.co.uk/,52.19398551,-1.71045280,
loc_xpq2e6w6,Structure Salon- Brandy Bialek,Salons,457 Dunham Rd. STE 113,,St. Charles,IL,60174,United States,,630-400-0735,structuresalonsuite@gmail.com,,41.92206869,-88.28721446,country_inferred
loc_m7x8ke5v,Strut Hair Care,Salons,9 Somerset Pd,,Altona,VIC,3018,Australia,Australia,,,,-37.86996200,144.81149600,
loc_m7x8kemv,Stuart Bane Colour,Salons,63-73 Ann Street,,Surry Hills,NSW,2010,Australia,AU,0497110820,stuartbanecolour@gmail.com,,-33.88256456,151.21285525,country_normalized
loc_exy6272v,Studio 1,Salons,207 W Main St,,Collegeville,PA,19426,United States,,(610) 489-4797,studio1hairdesigners@gmail.com,,40.19648900,-75.46998100,country_inferred
loc_95rw8qmy,Studio 1 Salon Co,Salons,801 W High St,,Jefferson City,MO,65101,United States,US,573-694-4844,sspratto@gmail.com,,38.58363215,-92.18115103,country_normalized
loc_m7x8kpzv,Studio 10 Hair And Nail Salon,Salons,177 Horseplain Rd,,New Britian,CT,06053,United States,US,(860) 518-9337,beatrizt0402@gmail.com,,41.69694800,-72.79948700,country_normalized
loc_wyvn269x,Studio 120 LLC,Salons,120 N Grant St,,Olney,IL,62450,United States,,618-838-9534,jackiej78@yahoo.com,,38.73230635,-88.07188144,country_inferred
loc_g2w9kqp7,STUDIO 131 SALON & SPA,Salons,400 W MASON ST,,ODESSA,MO,64076-1344,United States,US,8162670569,SRM0569@GMAIL.COM,,38.99914200,-93.95707700,country_normalized
loc_rkzgqn2q,Studio 142 Salon & Spa,Salons,142 N Main St,,,KS,67042-2001,United States,,3163225965,salon.stephaniehall@gmail.com,,37.81869200,-96.84939200,country_inferred
loc_zzpngvew,Studio 17,Salons,133 Hartford Ave,,East Granby,CT,06026,United States,US,(860) 413-9627,granbystudio17@gmail.com,,41.93839687,-72.77390119,country_normalized
loc_yzy8j6zv,Studio 2204,Salons,1924 S Washington,,Magnolia,AR,71753-4186,United States,,8702340410,studio2204@sbcglobal.net,,33.25074000,-93.24090600,country_inferred
loc_69nez765,Studio 31 - Kayci,Salons,11 E Liberty Lane,,Danville,IL,61832,United States,,217-446-3131/salon,"studio31salon.danville@gmail.com, tarajw1964@gmail.com",http://Kayci Smalley/ Kaylin,40.17505198,-87.62972997,email_multivalue; country_inferred
loc_rkzgqmxq,Studio 31 Salons,Salons,17795 St Rt 31,,Marysville,OH,43040,United States,USA,937-642-3310,studio31salonsohio@gmail.com,,40.26046596,-83.37531366,country_normalized
loc_m7x8kmpv,Studio 345,Salons,201 E Division,Suite D,Sparta,MI,49345,United States,USA,616-205-5447,vanvlietalyssa@yahoo.com,,43.16107072,-85.70511404,country_normalized
loc_m7x8kmjv,Studio 346,Salons,346 2nd Ave SW,,,IA,52404-2069,United States,,3193963689,nicoli.studio346@gmail.com,,41.97432359,-91.67624573,country_inferred
loc_n9mz6wp5,Studio 526,Salons,526 Eagle Peak Road,,"Pascoag,",RI,02859,United States,US,(401) 323-3626,heather.m.butterworth@gmail.com,,41.96305688,-71.72320118,country_normalized
loc_69nez6g5,Studio 7,Salons,112 2nd St,,Weyburn,SK,S4H 0T8,Canada,,,cfradd@hotmail.com,,49.66281367,-103.85417016,country_inferred
loc_xpq2ek86,Studio 7 By Bridget C/O Room 12,Salons,2031 33 Ave SW,Unit 232,Calgary,AB,T2T 1Z5,Canada,,,bridgetstudio7hair@outlook.com,http://studio7hairbybridget.ca,51.02383598,-114.10818696,country_inferred
loc_95rw89qy,Studio A Custom Cuts & Colors,Salons,150 Lafayette Rd unit 2B,,Rye,NH,03870,United States,US,(603) 957-2146,amber.moulton79@gmail.com,,43.00140229,-70.81118042,country_normalized
loc_95rw8qky,Studio Amie Hair & Lash,Salons,1215 Cedarwood Way,,Bowling Green,KY,42104,United States,US,270-791-8806,studioamiehair@gmail.com,,36.94706100,-86.45575700,country_normalized
loc_69nez855,STUDIO DANA LLC,Salons,706 EAST MARKET STREET,,WEST CHESTER,PA,19382,United States,,(610) 209-6755,danaclift@comcast.net,,39.96404657,-75.59448407,country_inferred
loc_7g25kxeq,Studio Envy,Salons,609 National Pike East,,BROWNSVILLE,PA,15417,United States,,(724) 785-3337,studioenvy22@gmail.com,,40.01288900,-79.87029200,country_inferred
loc_95rw8zqy,"Studio Fryzjerskie ""Elf"" Edyta JabŁOŃSka",Salons,"Targowa 7A, 25-520 Kielce",,,,,Poland,,41 343 17 48,edytastudio7a@wp.pl,,50.87781578,20.63367053,country_from_tld
loc_k6mzxr9q,STUDIO FRYZJERSKIE Tomasz SZABELKA,Salons,"Wolności 110/7, 41-500 Chorzów",,,,,,http://www.szabelka.com/,504222828,lamiamix@gmail.com,http://www.szabelka.com/,50.28950000,18.94240000,website_recovered_from_country; phone_comma_stripped; country_normalized
loc_exy627pv,Studio G Hair Salon,Salons,85 Mine Rd #105,,Stafford,VA,22554,United States,US,(540) 288-1681,studiog@studioghairsalon.com,,38.46735941,-77.41813031,country_normalized
loc_xpq2e6k6,Studio h2o2,Salons,917 w 18th st,103,Chicago,IL,60608,United States,US,+17734332700,h2o2hairstudio@gmail.com,,41.85772700,-87.64957100,country_normalized
loc_exy62prv,Studio M,Salons,11614 Shelbyville Rd,,Louisville,KY,40243,United States,USA,502-904-3633,melissascot@gmail.com,,38.24606266,-85.54041401,country_normalized
loc_jyewqkze,STUDIO M3,Salons,618 SW 3RD ST,,LEES SUMMIT,MO,64063-2277,United States,US,8169186733,Erin.york1217@gmail.com,,38.91122201,-94.38993523,country_normalized
loc_yzy8jxjv,Studio muse by Georgia,Salons,shop 8 8 Stuart street,,BULIMBA,QLD,4171,Australia,,480347728,Hairbygeorgiaa@gmail.com,,-27.45171445,153.05864825,country_inferred
loc_wyvn25zx,Studio S Salon,Salons,8900 Eastloch Dr Ste 325,,Spring,TX,77379-2342,United States,,2817317981,studiossalon2017@gmail.com,,30.03581800,-95.55758000,country_inferred
loc_69nez8p5,Studio T Hair Design Inc,Salons,360 Biehn Dr.,,Kitchener,Ontario,N2R 1C4,Canada,Canada,+14168449896,tobiboisvert@hotmail.com,,43.38563900,-80.45714200,
loc_95rw8kvy,Studio W,Salons,"2307 Cedar Run Place Suite A and B, Wilson, North Carolina 27896",,,,,,,(252) 230-7224,,,35.75565858,-77.93391277,
loc_rkzgqmyq,Style and Flair Salon,Salons,115 Detar Rd,,Gilbertsville,PA,19525,United States,,(610) 574-9241,teamchase34@aol.com,,40.32375735,-75.59351273,country_inferred
loc_69nezm85,Style Angel,Salons,7A Lawrence Street,,Freshwater,NSW,2096,Australia,Australia,,,,-33.77871876,151.28502934,
loc_g2w9jnn7,Style House Salon,Salons,4004 Hillsboro Pike,Suite 165,Nashville,TN,37215,United States,,615-915-2066,hey@stylehousesalon.com,http://Lee Wright,36.08998134,-86.82942784,country_inferred
loc_7g25kxjq,Style Lounge Head Spa - Amanda,Clinics,1020 Orchard Arbour Ct,,Tampa,FL,33613,United States,US,(813) 464-4164,amandaejax@gmail.com,,28.09040900,-82.47061200,country_normalized
loc_8ye58686,Style Mechanics,Salons,"Shop 3, 100 MOOROONDU ROAD",,Thorneside,QLD,4158,Australia,Australia,,,,-27.48077414,153.20238391,
loc_69nezxq5,Styles,Clinics,147 South Main St.,,Stowe,VT,05672,United States,US,(802) 253-7701,laura@stylesstowe.com,,44.46420729,-72.68923119,country_normalized
loc_69nez6n5,STYLES CREST,Salons,1620 MALL CIR,,,TX,76116-1536,United States,76116-1536,8704218595,mcmiatress@gmail.com,,32.74400700,-97.43655300,zip_recovered_from_country; country_inferred
loc_rkzgqnzq,Styles Crest Salon And Day Spa,Salons,1620 Mall Cir,,Fort Worth,TX,76116-1536,United States,US,5155542789,joselynhw@gmail.com,,32.74400700,-97.43655300,country_normalized
loc_m7x8kekv,Stylette Hair Studio,Salons,"Shop 6, 295 Oxley Avenue",,Margate,QLD,4019,Australia,AU,0438255505,stylebyteish@gmail.com,,-27.24235545,153.10686425,country_normalized
loc_57wexngn,Styling by Letty,Clinics,1925 San Pablo Drive,,San Marcos,CA,92078,United States,US,(603) 398-0060,sherrieb@evolvesalonsystems.com,,33.12725543,-117.20236192,country_normalized
loc_zzpngkkw,Styling Chic Hair,Salons,"Suite 13, 233 Turpin Rd",,Labrador,QLD,4215,Australia,Australia,,,,-27.93724467,153.40415274,
loc_95rw8k7y,Styling Point Salon,Salons,1 Old State Road,,Media,PA,19063,United States,,(610) 566-1070,stylingpoint@gmail.com,,39.93817200,-75.34187800,country_inferred
loc_exy627rv,Sublime,Salons,32 A Richboro Rd,,Newtown,PA,18940,United States,,(215) 579-7444,sublimesalonpa@gmail.com,,41.40132063,-75.71362707,country_inferred
loc_m7x8kvzv,SUBLIME COLLECTIVE,Salons,201 - A 1 WESTGATE PKWY,,,TX,79121,United States,79121,8066267020,sameilers88@yahoo.com,,35.18330900,-101.93638400,zip_recovered_from_country; country_inferred
loc_2mqrgpm9,Sueno Hair,Salons,349 Magill Road,,St Morris,SA,5068,Australia,Australia,,,,-34.91419572,138.65028227,
loc_57wexm2n,Suesie's Hair,Salons,111 West Pearl St,,Nashua,NH,03060,United States,US,(603) 880-8959,suesiessalon@gmail.com,,42.75991701,-71.46662117,country_normalized
loc_2mqrpwm9,Suites at 8100 Silver Crossing,Salons,8100 Silver Xing,,Oklahoma City,OK,73132-3373,United States,Us,4052064631,stylesbyalexo@gmail.com,,35.55229500,-97.64838300,country_normalized
loc_exy622jv,Sun Hair,Salons,台南市善化區興華路250號,,台南市,善化區,741,Taiwan,,06-5837676,,,23.12737700,120.29705702,country_inferred
loc_7g25kzqq,Sunao Clinic,Clinics,"3F & 5F, Kyoto Shijo Building, 375 Naramono-cho, Shijo-dori Teramachi Nishi-iru, Shimogyo-ku, Kyoto-shi",,Kyoto,,,Japan,Japan,075-254-7331,,https://sunao-clinic.com/,35.00391300,135.76642700,
loc_exy6599v,Sundae Hair Studio Pty Ltd,Salons,"Shop 2, 57 Ballina Street",,Lennox Head,NSW,2478,Australia,Australia,,,,-28.79682057,153.59384259,
loc_95rw8kxy,Sunday Loft,Salons,1765 N. Flamingo Rd,,Pembroke Pines,Fl,33028,United States,US,(305) 942-0758,natasharblanco@gmail.com,,26.02315715,-80.31252445,country_normalized
loc_qzmyv5py,Sunrise Aesthetics by Anna,Clinics,"Effortless Beauty lounge, 1613 SE Port St Lucie Blvd, Port St. Lucie, FL 34952",,Port St. Lucie,Florida,34952,United States,United States,772-801-7245,,https://www.fresha.com/a/anna-k-aesthetics-port-st-lucie-1613-southeast-port-saint-lucie-boulevard-lt73ztwr/all-offer?menu=true,27.27148400,-80.30212800,
loc_vm9wn66m,SUPERIOR SALON SYSTEMS,Salons,718 N 4TH ST,,,MI,49855-3407,United States,49855-3407,9062502597,S3ERIKG@GMAIL.COM,,46.54978256,-87.39679421,zip_recovered_from_country; country_inferred
loc_qzmyv88y,Superior Salon Systems,Salons,718 N 4th St,,Marquette,MI,49855-3407,United States,,9062502597,s3erikg@gmail.com,,46.54977700,-87.39677500,country_inferred
loc_rkzgqm9q,Sur La Mer Salon,Salons,1030 Easter Lily Lane,,Vero Beach,FL,32963,United States,US,(772) 234-7670,surlamervb@gmail.com,,27.64873300,-80.35456800,country_normalized
loc_7g25kmvq,Surface clinic,Clinics,51 Bingley road,,Bradford,West Yorkshire,BD18 4SB,United Kingdom,UK,+447968856261,roxy@surfaceclinic.co.uk,https://www.surfaceclinic.co.uk/,53.88685883,-1.73233284,country_normalized
loc_m7x8kq2v,Susan Hooper Esthetics,Salons,26110 S Highway 170,,Canby,OR,97013,United States,US,+19712070656,face_diva@yahoo.com,,45.22894700,-122.67965800,country_normalized
loc_n9mz6y65,Suzanne Shin,Salons,6637 Springpark Ave #5,,Los Angeles,CA,90056,United States,US,2139154388,sujishin@gmail.com,,33.97940300,-118.37513900,country_normalized
loc_n9mz6ek5,Suzie Loves Hair Root Revival Salon,Salons,309 Pirkle Ferry Rd,,Cumming,GA,30040,United States,US,607-342-4391,suzimymela@gmail.com,,34.20656043,-84.13313784,country_normalized
loc_rkzgqy5q,SW1 Medical,Clinics,"10 Harley Street, London W1G 9PF",,London,,W1G 9PF,United Kingdom,United Kingdom,07814 728 547,olivia@olivia-beresford.com,https://olivia-beresford.com/,51.51740998,-0.14609003,
loc_pqm89pkk,Sway Salon,Salons,4118 E 8th Ave,,Denver,CO,80220,United States,US,+13039109275,swaysalon55@gmail.com,,39.72910200,-104.93896900,country_normalized
loc_k6mzxgvq,SWEVEN SALON,Salons,2118 S CENTER ST,,,IL,62062-2029,United States,62062-2029,6189752382,info@swevensalon.com,,38.72353494,-89.95642449,zip_recovered_from_country; country_inferred
loc_zzpng8xw,Swish Salon,Salons,1930 34th Avenue SW,,Calgary,AB,T2T 2C1,Canada,,,Info@swishsalon.ca,http://Www.swishsalon.ca,51.02383597,-114.10618695,country_inferred
loc_69nezzv5,Swiss Clinic,Clinics,"01-03/04, Innovis, 2 Fusionopolis Way, Singapore 138634",,,Fusionopolis,138634,Singapore,Singapore,6467 3218,sales@swissclinic.com.sg,https://swissclinic.com.sg/,1.33065885,103.79572435,
loc_qzmyv8ky,Sydney Broderick Salon,Salons,1907 Boggs Creek Rd,,Jefferson City,MO,65101-5581,United States,,5736344147,sbsemail@embarqmail.com,,38.55975500,-92.13845700,country_inferred
loc_zzpngwxw,Sydney Elsberry,Salons,5034 N Broadway,Unit 220,Knoxville,TN,37918,United States,US,,sydneyelsberry@gmail.com,,36.03105200,-83.92894000,country_normalized
loc_m7x8kpvv,"Synchronicity, mind, body balance",Clinics,5 Robin Road,,Beverly,Massachusetts,1915,United States,USA,+17815265888,daphneverardi@comcast.net,,42.56070697,-70.84932116,country_normalized
loc_7g25km7q,Szempillaklinika,Clinics,"Budapest, Lejtő út 17/a.",,,HU,1124,,Europe,,szempillaklinika@gmail.com,,47.48879088,19.01300290,country_not_a_country
loc_qzmyvqwy,Szent Magdolna Magánkórház,Clinics,"Budapest, Alkotás u. 53., B ép, II em, MOM Park",,,HU,1123,,Europe,,recepcio@szentmagdolna.com,,47.49077781,19.02431169,country_not_a_country
loc_pqm89v6k,Szubert & Harasimiuk,Salons,"Wiejska 2/27, 00-489 Warszawa",,,,,Poland,,662301302,salon@szubertharasimiuk.pl,,52.22441936,21.02794235,phone_comma_stripped; country_from_tld
loc_vm9wn29m,T.H.D Hair & Beauty,Salons,Shop 1 17a Owen street,,Innisfail,QLD,4860,Australia,Australia,,,,-17.52481745,146.02989590,
loc_jyewmqxe,Takatoku Internal Medicine & Aesthetic Clinic,Clinics,"Mitsuya Building 4F, 2-6-10 Konan, Minato-ku, Tokyo, Japan",,,,,,,03-6712-3364,,https://shinagawa-gsf.com/,35.62860966,139.74244643,
loc_zzpngkqw,Takatoku Internal Medicine Clinic,Clinics,,,Tokyo,,,Japan,Japan,,,https://coubic.com/moncli,35.68955258,139.69181823,
loc_pqm89z7k,Takenoyama Dermatology Department,Clinics,,,Aichi,,,Japan,Japan,,,https://takenoyama-sc.jp/,34.99916573,137.25457225,
loc_zzpng8mw,Tamika Brown - Maven Hair Studio,Salons,"12521 Nacogdoches Road, Suite 106, San Antonio, TX 78217",,,,,,,,mavenhairstudio@gmail.com,,29.55384842,-98.40381612,
loc_7g25k8gq,Tamilee Beauty,Salons,109 Birchwood Drive,,Brick,NJ,08723,United States,,(732) 859-3265,tskok17@yahoo.com,,40.06410656,-74.14857121,country_inferred
loc_qzmyvezy,Tamilee Beauty,Salons,1930 Hwy. 88 Suite 110 Brick NJ,,,,08724,,,,,,40.07418284,-74.11894874,
loc_wyvn258x,Tammy Vera,Salons,10100 Capitol View Dr,,Austin,TX,78747-2172,United States,,5129068384,tammymvera@yahoo.com,,30.13716700,-97.75348000,country_inferred
loc_7g25kkzq,Tamori Clinic,Clinics,,,Hyogo,,,Japan,Japan,,,https://ashiya-tamori.com/,34.91493572,134.86066221,
loc_69nez7j5,Tangles,Salons,3051 S Kimbrough Ave,,Springfield,MO,65807-4856,United States,US,4175406300,avedashane@yahoo.com,,37.15838100,-93.28566000,country_normalized
loc_pqm89pyk,Tangles,Salons,157 Lak1Ota Dr,,Bridgeport,TX,76426,United States,,9859740308,hairforeverbyk@gmail.com,,33.17640600,-97.75693800,country_inferred
loc_exy62pnv,Tangles Salon,Salons,902 North Michigan Ave,,Marshall,IL,62441,United States,USA,217-826-6362,Emilyakers79@yahoo.com,,39.39756455,-87.69401437,country_normalized
loc_zzpnkxzw,Tangles The Hair Place,Salons,276 Redfern Village Unit B,,Saint Simons Island,GA,31522,United States,Us,(912) 638-1300,tanglesthehairplacessi@yahoo.com,,31.16173600,-81.38948200,country_normalized
loc_rkzgq7zq,Tanya Blizzard,Salons,2/202 Liverpool Street,C/O - Original Collective,Hobart,TAS,7000,Australia,,400273037,tanyablizzard.hairstylist@gmail.com,,-42.88450380,147.32388560,country_inferred
loc_69nezmp5,Tanya Underwood Hair,Salons,18 Law Street,,Heidelberg Heights,VIC,3081,Australia,,408291002,tunderwoodhair@gmail.com,,-37.74515662,145.04879124,country_inferred
loc_m7x8km2v,Tara Powers,Salons,1000 Armory Place,,Brandenburg,KY,40108,United States,USA,,kanderson@ppcincorp.com; tpowers@ppcincorp.com,,37.98456223,-86.16911412,email_multivalue; country_normalized
loc_rkzgq6zq,Taryn's Hair Depot,Salons,2575 E. 100 N. Road,,Shumway,IL,62461,United States,,217-821-5979,taryn84@hotmail.com,,39.23106428,-88.66096145,country_inferred
loc_yzy8jxwv,Tatsumigaoka Skin Clinic,Clinics,,,Aichi,,,Japan,Japan,,,https://www.tatsumigaoka-sc.com/,34.99916573,137.25457225,
loc_g2w9jvv7,Taylor Everett,Salons,"Franklin, VA",,,,,,,,taylormarianco@gmail.com,,36.68302814,-76.93853814,
loc_jyewmppe,Taylor Marian & Co,Salons,213 N College Dr.,,Franklin,VA,23851,United States,US,,taylormarianco@gmail.com,,36.67463500,-76.94171600,country_normalized
loc_vm9wnx9m,Teal Hair & MakeUp Studio,Clinics,229 Stedman St Unit 2,,Lowell,MA,01851,United States,US,(978) 453-8325,hello@teal-studio.com,,42.62332800,-71.35229400,country_normalized
loc_n9mz6q85,Tease Hair Design Studio,Salons,2033 Pepper Lane,,Pueblo,CO,81005,United States,US,7194064840,rjhstyles@gmail.com,,38.23017700,-104.66484100,country_normalized
loc_k6mzp8zq,Tease Hair Salon,Salons,8 Government Way,,Somersworth,NH,3873,United States,Us,(661) 544-5997,kaymariekearns@yahoo.com,,43.26260516,-70.86432167,country_normalized
loc_69nezxp5,Tease Hair Studio,Salons,67 Main St,,Hudson,MA,01749,United States,US,(978) 562-9399,matt.bonica@gmail.com,,42.39097800,-71.56830600,country_normalized
loc_vm9wnnnm,Tenjin Kayoko Clinic,Clinics,,,Fukuoka,,,Japan,Japan,,,https://tenjin.nakamura-biyou.com/,33.62512551,130.61800214,
loc_qzmyv5ky,Teresa Woodruff,Salons,36372 Orchard Lake Drive,,New Baltimore,MI,48047,United States,,586-839-8456,teresawoodruff76@gmail.com,,42.70496700,-82.73616136,country_inferred
loc_n9mz6695,Terra Medical,Clinics,"9 Scotts Road, #11-03 Pacific Plaza, Singapore 228210",,,Orchard Road and Vicinity,228210,Singapore,Singapore,,,https://terramedical.sg/,1.30657731,103.83215680,
loc_95rw89ky,Terri's Hair Affair,Clinics,"West Harwich, MA 02671",,West Harwich,MA,02671,United States,US,(508) 432-6850,teresatree@comcast.net,,41.66525180,-70.10563590,country_normalized
loc_qzmyvegy,Tessa Aesthetics,Clinics,42 maple ave,Unit 109,Smithtown,New York,11787,United States,USA,+16317475852,hello@tessaaesthetics.com,,40.85461000,-73.19703600,country_normalized
loc_69nez6w5,Texas Blonde Society,Salons,"1627 Keller Pkwy suite 200, Keller",,,TX,76248,United States,,(682) 593-0107,Guest.Services@texasblondesociety.com,,32.93515396,-97.21515928,country_inferred
loc_2mqrgjq9,Texture Salon,Clinics,14B N. Meadows Rd,,Medfield,MA,02052,United States,US,(508) 359-7777,texturesalonmedfield@gmail.com,,42.18642500,-71.31113400,country_normalized
loc_qzmyv8vy,Thairapy Hair Salon,Salons,101 1/2 E Jefferson St,,La Grange,KY,40031,United States,,913-645-0955,marygreet5@yahoo.com,http://Mary Greet,38.02899300,-85.34262600,country_inferred
loc_m7x8krjv,Thames Skin Clinic,Clinics,"1-3 Baylis Mews Amyand park road, Twickenham, London TW1 3HQ",,,London,TW1 3HQ,United Kingdom,United Kingdom,,,https://www.thamesskin.co.uk/,51.45154020,-0.32568710,
loc_qzmyve2y,That Bombshell Beauty,Clinics,1281 Silas Deane Hwy,,Rocky Hill,CT,06109,United States,US,(860) 929-2676,thatbombshellbeauty@gmail.com,,41.68549500,-72.65466700,country_normalized
loc_95rw88my,The Aesthetic & Plastic Surgery Clinic,Clinics,"3 Killiney Rd Winsland House 1, #06-01",,,Orchard Road and Vicinity,239519,Singapore,Singapore,+65 6472 1221,,https://www.gleneagles.com.sg/doctor/plastic-surgery/seah-chee-seng/f2bf4973-49bf-63ee-ab9a-ff0000dba087,1.29962582,103.84027836,
loc_vm9wnnwm,The Aesthetic Studio Clinic & Surgery,Clinics,"3 Mount Elizabeth, Suite 12-08, Singapore 228510",,,Orchard Road and Vicinity,228510,Singapore,Singapore,+65 6836 8382,,http://www.aestheticstudio.com.sg/,1.30489214,103.83517012,
loc_8ye588y6,The Aesthetics Medical Clinic,Clinics,"290 Orchard Road #06-21, Singapore 238859",,,Orchard Road and Vicinity,238859,Singapore,Singapore,,,http://tamc.com.sg/,1.30337214,103.83517012,
loc_yzy8jj5v,The Aesthetics Medical Clinic Pte Ltd,Clinics,"Civil Service Club, 91 Bukit Batok West Ave 2, Blk D #05-02, Singapore 659206",,,Bukit Batok,659206,Singapore,Singapore,+65 6316 5282,,http://tamc.com.sg/,1.35362690,103.74675600,
loc_m7x8kk7v,The Artisan Wellness,Clinics,"435 Orchard Rd, #20-03A Wisma Atria Office Tower, Singapore 238877",,,Orchard Road and Vicinity,238877,Singapore,Singapore,+65 9818 7887,,https://artisanwellness.sg/,1.30385097,103.83318031,
loc_m7x8kr9v,The attic medi spa ltd,Clinics,14 abbeygate,,Grimsby,Lincolnshire,DN31 1JY,United Kingdom,UK,+447803542313,mandybaldwin1@aol.com,https://theatticspa.co.uk/,53.56404878,-0.08636142,country_normalized
loc_7g25kmrq,The Axis Clinic,Clinics,"32 Broadway Parade, Crouch End, London N8 9DB",,,London,N8 9DB,United Kingdom,United Kingdom,(44) 20 8350 3421,info@axisclinic.co.uk,https://axisclinic.co.uk,51.58134999,-0.12148001,
loc_g2w9jz27,THE B HIVE ORGANIC SALON,Salons,269 BROADWAY,,HILLSDALE,NJ,07642,United States,,908-917-7227,info@thebhivesalon.com,,41.00866526,-74.04194531,country_inferred
loc_8ye589n6,THE BABE CAVE,Salons,602 S MAIN ST,,,TX,76086-5261,United States,76086-5261,8176096227,HOBBS.KRISTINA@YAHOO.COM,,32.75279605,-97.79754114,zip_recovered_from_country; country_inferred
loc_exy627gv,The Beauty Bubble,Clinics,29 Wellham Lane Unit A,,Palm Coast,FL,32164,United States,US,(781) 513-7232,thebeautybubblesalon@gmail.com,,29.54991100,-81.25481600,country_normalized
loc_pqm896jk,The Beauty Collective,Clinics,"850 Kaliste Saloom Rd suite 100, Lafayette, LA 70508",,Lafayette,Los Angeles,70508,United States,United States,337-703-8208,,https://www.vagaro.com/us04/thebeautycollective2,30.18149449,-92.02211508,
loc_2mqrgke9,The Beauty Lounge,Salons,8955 Shetland Court,,Indianapolis,IN,46278,United States,,317-569-6448,eva@beautyloungecarmel.com,,39.91476654,-86.32208141,country_inferred
loc_xpq2e726,The beauty lounge,Salons,6732 218th street,1,Oakland garden,NY,11364,United States,US,+17183090528,mwrodriguez90@gmail.com,,40.74377300,-73.75747700,country_normalized
loc_8ye587r6,The Beauty Lounge,Salons,97 Great Rd.,,Acton,MA,01720,United States,US,(978) 206-2999,thebeautylounge.acton@gmail.com,,42.47822696,-71.41274117,country_normalized
loc_wyvn26kx,The Beauty Parlor - Acena,Salons,4807 West Central Avenue,,Zachary,LA,,United States,United States,225 301 1924,acenaes@gmail.com,,30.65127749,-91.15647047,
loc_vm9wngzm,The Beauty Spot & Designs by M,Salons,"1750 30th St., #37, Boulder, CO 80301",,,,,,,720-938-1566,beautyspotboulder@gmail.com,http://www.thebeautyspotboulder.com,40.01730115,-105.25241464,
loc_wyvn25qx,The Best Little Hair House,Salons,108 W 1st Ave,,Owasso,OK,74055-3135,United States,US,9188334828,autumnwharris1414@gmail.com,,36.26490800,-95.85561800,country_normalized
loc_n9mz6qe5,The Best Little Hair House,Salons,108 W 1st Ave,,Owasso,OK,74055-3135,United States,US,9188142087,grecia894@icloud.com,,36.26490800,-95.85561800,country_normalized
loc_2mqrg6e9,The Best Little Hair House,Salons,108 W 1st Ave,,Owasso,OK,74055-3135,United States,US,9188334828,autumnwharris1414@gmail.com,,36.26490800,-95.85561800,country_normalized
loc_wyvn26yx,THE BETTY,Salons,4114 S LONE PINE AVE,,,MO,65804-6646,United States,65804-6646,4174304336,TIFFMG19@YAHOO.COM,,37.13825465,-93.23774756,zip_recovered_from_country; country_inferred
loc_57wex68n,The Blue Dot,Salons,1514 Rhode Island St,,Lawrence,KS,66044-4270,United States,,7852185575,thebluedotsalon@yahoo.com,,38.95654638,-95.23342156,country_inferred
loc_m7x8kvwv,The Bombshell,Salons,138 N Wilson St,,Burleson,TX,76028-4155,United States,US,8179912095,hairscraps@yahoo.com,,32.54488700,-97.32190100,country_normalized
loc_g2w9jjg7,The Bonham Clinic,Clinics,"100 Peck Seah Street, #11-16/17, Singapore 079333",,,Tanjong Pagar,79333,Singapore,Singapore,+65 65331177,,,1.27588132,103.84426479,
loc_yzy8x5wv,THE BOULEVARD HAIR CO,Salons,8193 BIG BEND BLVD,,SAINT LOUIS,MO,63119-3204,United States,US,3145273902,MANAGEMENT@SALONBLVD.COM,,38.59115199,-90.33984248,country_normalized
loc_n9mz6qy5,The Buzz,Salons,264 Henderson Hwy,,Winnipeg,MB,R2L 1M2,Canada,,,thebuzzhairbizz@gmail.com,http://www.buzzhair.ca,49.91581781,-97.11415911,country_inferred
loc_zzpngv5w,The Cavendish Clinic,Clinics,"24 - 26 Wilson Street, Glasgow G1 1SS",,,Scotland,G1 1SS,United Kingdom,United Kingdom,0141 473 0590,,https://cavendishclinic.co.uk/,55.85858118,-4.24685537,
loc_69nezzj5,The Chelsea Clinic,Clinics,"501 Orchard Road #05-08A Wheelock Place, Singapore 238880",,,Orchard Road and Vicinity,238880,Singapore,Singapore,+65 6735 8833,,http://www.chelseaclinic.com.sg,1.30469900,103.83034200,
loc_qzmyv5ny,The Chop Shop Hair Co.,Salons,"1058 Grecade St, Greensboro, NC 27408",,,,,,,(336) 402-9798,chopshophairnc@gmail.com,,36.08445912,-79.80381308,
loc_jyewmjye,THE CITY,Salons,5000 S HIGHLAND SPRINGS BLVD,,,MO,65809-4600,United States,65809-4600,4178237800,SWANKSALON417@GMAIL.COM,,37.12092986,-93.21609189,zip_recovered_from_country; country_inferred
loc_rkzgq6xq,The City Studios - Fremont,Salons,3256 S Fremont Ave,,Springfield,MO,65804-4212,United States,US,,brithair417@gmail.com,,37.15428700,-93.27129200,country_normalized
loc_pqm892kk,The Collective Salon,Salons,328 Lake Ave,,St James,NY,11780,United States,US,(631) 300-6910,prismwellness@gmail.com,,40.87850185,-73.15689268,country_normalized
loc_n9mz6qn5,The Collective Salon Suite,Salons,1634 Midtown Pl,,Oklahoma City,OK,73130-6347,United States,US,4058088945,mrturney@gmail.com,,35.44816000,-97.37197400,country_normalized
loc_2mqrg6v9,The Collective Salon Suite,Salons,1634 Midtown Pl,,Oklahoma City,OK,73130-6347,United States,US,4058088945,mrturney@gmail.com,,35.44816000,-97.37197400,country_normalized
loc_qzmyvery,The Color Bar,Salons,1672 Meriden-Waterbury Turnpike,"Milldale, CT 06467",Milldale,CT,06467,United States,US,(860) 426-3211,thecolorbarsalon@yahoo.com,,41.56310400,-72.90266200,country_normalized
loc_xpq2eyp6,The Color Bar Salon,Salons,6630 Riverside Dr.,,Dublin,OH,43017,United States,,(614) 738-1959,hi@thecolorbarsalons.com,,40.10265705,-83.11013617,country_inferred
loc_n9mz6rp5,The Color Bar Salon -Laffy,Salons,4041 Ambassador Caffery Ste B,,Lafayette,LA,70503,United States,United States,337 993 8895,colorbarlafayette@gmail.com,,29.70496611,-90.10254285,
loc_yzy8jkpv,The Color Lounge,Salons,7707 E 111th St,,Tulsa,OK,74133-2557,United States,US,9187132526,jordanianargiz5@gmail.com,,36.00306200,-95.89335600,country_normalized
loc_69nez875,The Colourist Salon,Salons,25 Orchard Way South,,Potomac,MD,20854,United States,US,(301) 661-0683,thecolouristsalon@gmail.com,,39.06500524,-77.17390532,country_normalized
loc_jyewmvme,The Cosmetology Clinic,Clinics,"Wilcox house, Dunleavy drive, Cardiff",,,,CF11 0BA,United Kingdom,UK,07827915447,info@theluxlife.uk,,51.45270110,-3.18700730,country_normalized
loc_n9mz6w65,The Courtyard Dental Care,Clinics,"4 Rachel Close, Cardiff CF5 2SH",,,Cardiff,CF5 2SH,United Kingdom,United Kingdom,+44 02920 576577,info@thecourtyarddental.com,http://thecourtyarddental.com/,51.50428500,-3.24175800,
loc_57wex8wn,The Courtyard Dental Care C/O AFACEAESTHETICS,Clinics,"4 Boys British School, East Street, Saffron Walden, Essex, CB10 1LS",,,Essex,CB10 1LS,United Kingdom,United Kingdom,01799 523500,info@courtyarddental.net,http://courtyarddental.net/,52.02315700,0.24537600,
loc_xpq2e676,The Crue Men's Salon - Emily Prow,Salons,934 2nd Street NW,,Grand Rapids,MI,49504,United States,US,231-769-9235,emily@cruemen.com,,42.97270407,-85.69114040,country_normalized
loc_m7x8e6gv,THE CUT COLLECTIVE,Salons,310 S MAIN ST,,PERRYTON,TX,79070-3148,United States,US,8068868807,hello@thecutptx.com,,36.39694596,-100.80310165,country_normalized
loc_n9mz6er5,The Cutting Edge Styling Studio,Salons,2401 Whittier Dr,Unit 8,Frederick,MD,21702,United States,US,(301) 620-8900,cuttingedgefrederick@comcast.net,,39.45467500,-77.44711900,country_normalized
loc_69nez795,The Cutting Room,Salons,200 Mo 125,,,MO,65757-0376,United States,,4177363353,caryder@live.com,,37.26954500,-93.11321200,country_inferred
loc_g2w9jrq7,The Derm Lab Ltd,Clinics,"159 Ivyhouse Ln Coseley, Bilston WV14 9LA",,,,,United Kingdom,United Kingdom,+44 7598622590,Info@thedermlab.co.uk,http://www.thedermlab.co.uk/,52.54049000,-2.09659000,
loc_69nezzg5,The Dermatology Practice,Clinics,"3 Mount Elizabeth, #13-11 Medical Centre, Singapore 228510",,,Novena,228510,Singapore,Singapore,+65 6694 3290,appt@thedermatologypractice.com,https://thedermatologypractice.com/,1.30490793,103.83545189,
loc_8ye58v86,The Design Team,Salons,3812 Heimbaugh Lane,,Lexington,KY,40514,United States,,859-230-5586,cwaldenky1@gmail.com,,37.99762255,-84.57113856,country_inferred
loc_8ye58xr6,The Doctor Clinic,Clinics,1 Brooks Road,,Lewes,East Sussex,BN7 2DN,United Kingdom,UK,+447851237924,contact@thedoctorclinic.co.uk,https://thedoctorclinic.co.uk/,50.87618834,0.01784292,country_normalized
loc_57wex8pn,The Doctors Laser and Aesthetic Clinic,Clinics,"The Old Surgery, Stoke Road, Poringland, Norwich NR14 7JL",,,Norfolk,NR14 7JL,United Kingdom,United Kingdom,01603 360360,info@laserdocs.co.uk,https://laserdocs.co.uk/,52.63159001,1.31323996,
loc_69nezz95,The DRX Medispa,Clinics,"302 Orchard Road, #14-02/03 Tong Building",,,Orchard Road and Vicinity,238862,Singapore,Singapore,,info@drx.com.sg,https://drx.com.sg/medispa/,1.30402884,103.83495283,
loc_vm9wngxm,THE FUNKY ZEN,Salons,18635 N ELDRIDGE PKWY,,,TX,77377-6534,United States,77377-6534,3465200388,Funkyzensalon@gmail.com,,30.01398700,-95.60807162,zip_recovered_from_country; country_inferred
loc_95rw8v9y,The Funky Zen,Salons,18635 N Eldridge Pkwy,,Tomball,TX,77377-6534,United States,,3465200388,funkyzensalon@gmail.com,,30.03088200,-95.61125000,country_inferred
loc_jyewmjke,The Gallery Hair Studio,Salons,1914 E 70th St. Shreveport,,,LA,71105,United States,,+1 318 272 1318,kristyncarver02@gmail.com,,32.44378761,-93.71088223,state_split_from_postal; country_inferred
loc_g2w9jnq7,The Gallery Hair Studio - Suzette,Salons,1914 E. 70th,,Shreveport,LA,71105,United States,United States,318 464 6989,suzette.beene@gmail.com,,32.44377919,-93.70981180,
loc_jyewmpxe,The Glade Salon and Day Spa,Salons,"114 Poinsett Highway Suite B, Greenville",,,SC,29609,United States,,(864) 610-2160,thegladesalonanddayspa@gmail.com,,34.86857128,-82.40413501,state_split_from_postal; country_inferred
loc_yzy8j9gv,The Glow Clinic,Clinics,24 Mount Street Upper Dublin 2 D02R229,,,Ireland,D02R229,United Kingdom,United Kingdom,12232264,hello@theglowclinic.ie,https://theglowclinic.ie/,53.33739998,-6.24503000,
loc_zzpngwnw,The GreenHouse LLC,Salons,26040 John rd Suite A,,Madison heights,MI,48071,United States,,810-965-5646,thegreenhouse.detroit@gmail.com,http://Nik Moore-Perez,42.66524976,-82.90316564,country_inferred
loc_jyewmjje,The Greenroom Salon,Salons,99 East Main Street,JC Salon Suites # 110,Franklin,TN,37064,United States,USA,773-580-2510,kemblejeanette@gmail.com,,35.92665886,-86.86581423,country_normalized
loc_n9mz6eq5,The Hair & Scalp Clinic,Salons,"13965 Raised Antler Cir, Midlothian, VA 23112",,,,,,,(804) 857-7872,hairandscalpclinic@icloud.com,,37.40236128,-77.66351272,
loc_n9mz6wv5,The Hair After Salon - Michelle,Salons,25 S River Rd.,,Bedford,NH,03110,United States,US,(603) 627-9872,thehairafterbedford@gmail.com,,42.96327704,-71.47968117,country_normalized
loc_2mqrge69,The Hair and Scalp Clinic,Salons,13965 Raised Antler Circle,,Midlothian,VA,23112,United States,US,(315) 679-6460,hairandscalpclinic@icloud.com,,37.40256292,-77.66323724,country_normalized
loc_2mqrge59,The Hair Company,Salons,201 E 1st St.,,Vadalia,GA,30474,United States,US,+19122458989,thehaircompany22@gmail.com,,32.21796884,-82.41381987,country_normalized
loc_vm9wn6qm,THE HAIR COMPANY,Salons,104 E 3RD ST,,,MO,65058,United States,65058,5736949587,JESSOLIG@HOTMAIL.COM,,38.31201113,-92.16575568,zip_recovered_from_country; country_inferred
loc_qzmyv8xy,The Hair District,Salons,928 West 78th Street,,CHANHASSEN,MN,55317,United States,US,+16122982398,erin.hairdistrict@gmail.com,,44.86367350,-93.54481533,country_normalized
loc_xpq2e7j6,The Hair Farm,Clinics,4 Lynedoch Place,,Glasgow,Scotland,G3 6AB,United Kingdom,UK,+447712298756,info@thehairfarm.co.uk,,55.86919915,-4.27639701,country_normalized
loc_jyewmjne,The Hair Lounge Salon & Spa,Salons,2414 Denver Drive,,Springfield,IL,62702,United States,,217-670-2156,courtney.chiro@yahoo.com,,39.83496207,-89.60226499,country_inferred
loc_pqm896zk,The Hair Ninja,Salons,"9539 GA-92 Suite 110, Woodstock,",,,GA,30188,United States,,(470) 524-0483,thehairninja@icloud.com,,34.08663099,-84.53009601,state_split_from_postal; country_inferred
loc_n9mz6725,The Hair Office,Clinics,Battersea Park clinic 521 - 525 Battersea Park Road,,London,,SW11 3BN,United Kingdom,UK,020 7846 9596,info@thehairoffice.com,https://thehairoffice.com/,51.47180000,-0.16640000,country_normalized
loc_95rw8qyy,The Hair Shop,Salons,512 Elm St,,,MO,64601-2613,United States,,6602475195,abc929506@yahoo.com,,39.79262000,-93.55125600,country_inferred
loc_7g25kx6q,The Hair Studio,Salons,629 A Broadway Street,,,KY,41240,United States,,6063714325,ksalyer1225@gmail.com,,37.81096200,-82.80102900,country_inferred
loc_vm9wn6mm,The Hair Studio,Salons,2030 S Stewart Ave,,Springfield,MO,65804-2587,United States,US,4178408284,staceyboyland@gmail.com,,37.17709402,-93.25999014,country_normalized
loc_2mqrgj99,The Hairdressers,Clinics,29 Spring Street,,Hope Valley,RI,02832,United States,US,(401) 528-7761,erinhoxie@live.com,,41.50902000,-71.71922300,country_normalized
loc_69nez7z5,The Hallow Hair Studio,Salons,6414 Dixie Hwy,,Florence,KY,41042,United States,,859-669-6661,ashley@hallowhair.com,http://Ashley Cooper,39.00611841,-84.61534881,country_inferred
loc_57wexmzn,The Haven Salon Company,Salons,"3813 US-9 N Suite 407 Old Bridge, NJ",,,,08857,,,,,,40.36663101,-74.30237697,
loc_exy62krv,The Headroom North (R),Salons,12425 99th St,,Grande Prairie,AB,T8V 6Y5,Canada,,,inventory@theheadroom.ca,http://the headroom.ca,55.19290428,-118.79119463,country_inferred
loc_pqm89wvk,The Headroom South (R),Salons,#103 6929 Kateri Dr.,,Grande Prairie,AB,T8W 0H1,Canada,,,inventory@theheadroom.ca,http://theheadroom.ca,55.14290346,-118.80219465,country_inferred
loc_zzpng66w,The Hideout Salon and Lounge,Salons,2605 Gallatin Pike,Ste a2,Nashville,TN,37216,United States,,615-271-7318,chelsea@thehideoutsalonandlounge.com,,36.19659304,-86.74261421,country_inferred
loc_69nez825,The High Tide Salon,Salons,"309 W. Martin Street (1st floor, 307 1/2 W Martin St 2nd floor, Raleigh, NC 27601",,,,,,,(919) 516-9909,info@thehightidesalon.com,,35.77698233,-78.64408673,
loc_pqm89pgk,The Hive Hair Co,Salons,10026 S Mingo Rd,,Tulsa,OK,74133-5714,United States,US,9182308808,eschattie@me.com,,36.01824300,-95.86974900,country_normalized
loc_8ye58kn6,The hive studios llc,Salons,550 mulberry lane,,Davie,FL,33325,United States,US,+17869427540,hairgoonie@gmail.com,,26.11287100,-80.33339100,country_normalized
loc_m7x8kkgv,The iClinic,Clinics,"18 Jln Membina, #02-07, Singapore 164018",,,Tiong Bahru,164018,Singapore,Singapore,+65 6271 3135,,,1.28569745,103.82678542,
loc_69nez6p5,The Indigo Salon,Salons,205 Cedar Park Dr.,"Suite 300 Unit 5 Cedar Park,",,TX,78613,United States,,,theindigosalon@gmail.com,,30.51366170,-97.82694923,state_split_from_postal; country_inferred
loc_g2w9je87,The Junction Hair Salon,Salons,2347 Mcintyre St.,,Regina,SK,S4P 2S3,Canada,,,inspire@thejunctioncreativestudio.com,https://thejunctioncreativestudio.com/,50.44158264,-104.61617140,country_inferred
loc_g2w9jn67,The Kutting Edge,Salons,207 W Market St.,,Red Bud,IL,62278,United States,,618-282-2073,Kuttingedge@htc.net,,38.21196261,-89.99611474,country_inferred
loc_zzpng8pw,The Lair,Salons,1181 E 2nd St,,Edmond,OK,73034-5316,United States,,4058184167,shelbyfitz96@yahoo.com,,35.65293700,-97.46460500,country_inferred
loc_7g25zqgq,The Lifestyle Clinic,Clinics,"ONE Orchard Blvd, #12-06 CAMDEN MEDICAL CENTRE",,,,248649,Singapore,SG,+6567330788,,,1.30337383,103.82425199,country_normalized
loc_jyewmmze,The Lifestyle Clinic,Clinics,"1 Orchard Boulevard, #16-03 Camden Medical Centre, Singapore 248649",,,Orchard Road and Vicinity,248649,Singapore,Singapore,+65 6733 0788,skinworks_mc@yahoo.com,http://lifestyleclinic.sg/,1.30315200,103.82371500,
loc_57wexmvn,The Loft,Salons,"235 North Main Street, 2nd Floor",,Branford,CT,06405,United States,US,(203) 208-4063,corrine16clark@gmail.com,,41.29080500,-72.80681500,country_normalized
loc_qzmyvwny,The Loft Salon (R),Salons,111 Fort Street,,Winnipeg,MB,R3C 1C6,Canada,,,info@theloftwinnipeg.com,https://theloftwinnipeg.com/,49.88981739,-97.13615915,country_inferred
loc_vm9wn8pm,The London Cosmetic Clinic,Clinics,"2nd Floor 4 Harley Street, London W1G 9PB",,,London,W1G 9PB,United Kingdom,United Kingdom,,,https://www.thelondoncosmeticclinic.co.uk/,51.51719000,-0.14594997,
loc_yzy8jgmv,The London Dermatology Centre,Clinics,"69 Wimpole Street, London, W1G 8AS",,,London,W1G 8AS,United Kingdom,United Kingdom,+44 020 7467 3720,reception@the-dermatology-centre.co.uk,https://www.london-dermatology-centre.co.uk/,51.51807600,-0.14838300,
loc_g2w9jrj7,The Lush Clinic,Clinics,"Lot LG1-12, Arcoris, No.10, Jalan Kiara, Mont Kiara, 50480 Kuala Lumpur",,,Kuala Lumpur,50480,Malaysia,Malaysia,+6018-4600 290,thelushteam@thelushclinic.com,https://www.thelushclinic.com/,3.16741519,101.65161167,
loc_g2w9jr67,The M-ethod Aesthetics,Clinics,114 New Cavendish Street,,Fitzrovia,London,W1W 6XT,United Kingdom,United Kingdom,,,,51.52009240,-0.14220343,
loc_8ye58xw6,The Mae Clinic,Clinics,"10 Harley St, London W1G 9QS",,London,,W1G 9QS,United Kingdom,United Kingdom,020 7580 2500,doctor@themaeclinic.com,https://www.themaeclinic.com/,51.51738441,-0.14598239,
loc_k6mzxr8q,The Makeover Clinic at House of Health,Clinics,"90 Pope Street, Birmingham,",,,,B1 3BH,United Kingdom,,07925562770,dr.resham.q@gmail.com,,52.48555936,-1.91675141,name_whitespace; country_inferred
loc_g2w9jnm7,The Mane Element,Salons,1125 S Main St Unit E,,Lombard,IL,60148,United States,,847-987-9349,cosmetologykelly@gmail.com,,41.86236859,-88.01561442,country_inferred
loc_57wexknn,The Mane Element - Sarah,Salons,1125 S Main St,,Lombard,IL,60148,United States,,630-800-6374,sarahelitestudio@gmail.com,,41.86298339,-88.01744321,country_inferred
loc_rkzgq66q,The Masters Salon,Salons,930 Bob Wallace Ave SW,,Huntsville,AL,34375,United States,United States,256 883 6270,brett@masterssalon.com,,34.71182510,-86.58676107,
loc_wyvn2jzx,The Mayah Clinic,Clinics,"Unit 5, 149 Ambleside Circuit, Lakelands",,,,2282,Australia,AU,(02) 4954 5044,info@themayahclinic.com.au,https://urldefense.proofpoint.com/v2/url?u=https-3A__themayahclinic.com.au_&d=DwMFAg&c=euGZstcaTDllvimEN8b7jXrwqOf-v5A_CdpgnVfiiMM&r=KmXV-TntZrypHblebxLyzG8m0b4-lfgdGFD3DCyZsIso7FTpr8NzLieZX5CgoZxz&m=wJi8J-17E-NOUXoruen2MsIe3fNt0djvyxUOxtjZiFUyIcxGuXmi1gY,-32.96497454,151.64785025,country_normalized
loc_69nez5q5,The Mayfair Practice,Clinics,"12 Lees Place, Mayfair, London W1K 6LW",,,London,W1K 6LW,United Kingdom,United Kingdom,,,https://www.mayfairpractice.co.uk/,51.51217061,-0.15439732,
loc_jyewmm7e,The Medical City - Dr Arminda Calayan-Robredo,Clinics,The Medical City,,,,,Philippines,PH,,,,14.58071000,121.17698000,country_normalized
loc_xpq2eew6,The Medical City - Dr Nikki King Chao,Clinics,"Makati, Philippines",,,,,Philippines,PH,0917 122 8000,nikkichaoclinic@gmail.com,,14.55027000,121.03269000,country_normalized
loc_2mqrgpe9,The Murphy Gozzard Hair Community,Salons,447 Oxford Street,,Paddington,NSW,2021,Australia,,293603674,community@murphygozzard.com.au,,-33.88796555,151.23101248,country_inferred
loc_57wex5en,The Painted Mane,Salons,34541 Utica Rd,,Fraser,MI,48026,United States,,616-914-0094,thepaintedmane2025@gmail.com,,42.54986971,-82.95991359,country_inferred
loc_2mqrgex9,The Palm Hair Co,Salons,1411 16th St N,,St Petersburg,FL,33704,United States,US,(727) 686-2166,allie_manion@yahoo.com,,27.78604600,-82.65455800,country_normalized
loc_n9mz6ej5,The Palm Hair Co - Jessika Robinson,Clinics,1411 16th St N,,St Petersburg,FL,33704,United States,US,(415) 697-5304,siemprejessika@gmail.com,,27.78604600,-82.65455800,country_normalized
loc_95rw88ny,The Parlour,Salons,"33 Lowland Rd, Unit H,",,,,547429,Singapore,Singapore,+65 8106 8099,theparloursg@gmail.com,,1.36128465,103.88326839,
loc_8ye58x56,The Pharmaesthetics Clinic,Clinics,"10 Mulberry Parade, West Drayton, Middlesex UB7 9AE",,Middlesex,,UB7 9AE,United Kingdom,United Kingdom,1895443329,info@thepharmaestheticsclinic.com,https://pharmaestheticsclinic.co.uk/,51.50467844,-0.45792750,
loc_pqm89pmk,The Polly,Salons,742 W Britton Rd Ste A,,,OK,73114-2915,United States,,4056504376,lilliedoeshair@gmail.com,,35.56546472,-97.52610468,country_inferred
loc_jyewmr6e,The Private Clinic,Clinics,"98 Harley Street, London W1G 7HZ",,,London,W1G 7HZ,United Kingdom,United Kingdom,,,https://www.theprivateclinic.co.uk/,51.52106998,-0.14777002,
loc_zzpng5xw,The Private Clinic of Harley Street (Birmingham),Clinics,88 Hagley Road,,Birmingham,West Midlands,B16 8LU,United Kingdom,UK,+441213148866,emma.andrews@theprivateclinic.co.uk,https://www.theprivateclinic.co.uk/our-clinics/birmingham/,52.47159860,-1.92880316,country_normalized
loc_jyewmrze,The Private Clinic of Harley Street (Leeds),Clinics,45 Park Square North,,Leeds,West Yorkshire,LS1 2NP,United Kingdom,UK,+441134267891,georgina.louis@theprivateclinic.co.uk,https://www.theprivateclinic.co.uk/our-clinics/leeds/,53.79920881,-1.55106254,country_normalized
loc_wyvn2emx,The Private Clinic of Harley Street (Manchester),Clinics,25 Saint John Street,,Manchester,Greater Manchester,M3 4DT,United Kingdom,UK,+441618339393,alex.clair@theprivateclinic.co.uk,https://www.theprivateclinic.co.uk/our-clinics/manchester/,53.47772981,-2.25200750,country_normalized
loc_wyvn2enx,The Private Clinic of Harley Street (Northampton),Clinics,82 Billing Road,,Northampton,Northamptonshire,NN1 5DF,United Kingdom,UK,+447969141252,jess.mitchinson@theprivateclinic.co.uk,https://www.theprivateclinic.co.uk/,52.23832856,-0.87621144,country_normalized
loc_yzy8jqpv,The Project Salon,Salons,240 Sw Fairlawn Ct,,McMinnville,OR,97128,United States,US,+19712617711,alcalamariaj6@gmail.com,,45.20759600,-123.21247400,country_normalized
loc_rkzgqj6q,The Raven Salon,Salons,479 Fore Street,,Portland,ME,04101,United States,US,(207) 536-0163,terez@theravensalon.com,,43.65540137,-70.25611602,country_normalized
loc_7g25k9yq,The Red Beauty Salon,Salons,30 W Highway D,,New Melle,MO,63365-1018,United States,,6362841697,sarahhayek@ymail.com,,38.70978600,-90.87902500,country_inferred
loc_yzy8jk7v,The Refinery,Salons,2363 Gruene Lake Dr,,,TX,78130-3483,United States,,8306099727,refinerynb@gmail.com,,29.73020500,-98.10391100,country_inferred
loc_g2w9jnr7,The Refinery Hair Lounge - Audrey N,Salons,11612 Shelbyville Rd,,Louisville,KY,40243,United States,,502-889-6046,oddbarbie@gmail.com,,38.24606266,-85.54041401,country_inferred
loc_jyewmjre,The Refinery Hair Lounge - Dawn A,Salons,11612 Shelbyville Rd,,Louisville,KY,40243,United States,,502-889-6046,dawnmoore35@yahoo.com,,38.24606266,-85.54041401,country_inferred
loc_n9mz6r75,The Refinery Hair Lounge - Lilly,Salons,11612 Shelbyville Rd,,Middletown,KY,40243,United States,,502-889-6046,lillycraig28@gmail.com,http://Lilly Craig,38.24582782,-85.54178085,country_inferred
loc_m7x8kmrv,The Refinery Hair Lounge - Liv,Salons,11612 Shelbyville Rd,,Louisville,KY,40243,United States,,231-388-2677,thompsonolivia00@gmail.com,,38.24606266,-85.54041401,country_inferred
loc_57wexk8n,The Refinery Hair Lounge -Annie,Salons,11612 Shelbyville Rd,,Louisville,KY,40243,United States,,502-889-6046,anniebonura0304@gmail.com,,38.24606266,-85.54041401,country_inferred
loc_2mqrgk29,The Refinery Hair Lounge-Bailey,Salons,11612 Shelbyville Road,,Louisville,KY,40242,United States,,502- 889-6046,b.harrod3180@gmail.com,http://Bailey Harrod,38.24582782,-85.54178085,country_inferred
loc_xpq2eyj6,The Refinery Hair Studio,Salons,106 W Market Street,,West Chester,PA,19382,United States,,(610) 430-7159,therefineryhair@gmail.com,,39.95892479,-75.60591382,country_inferred
loc_qzmyvw7y,The Refinery Men's Grooming Lounge,Salons,"2363 Gruene Lake Dr suite a, New Braunfels, TX 78130",,,,,,,(830) 609-9727,,,29.73014871,-98.10391607,
loc_vm9wng2m,THE REFINERY ROOM,Salons,816 W 17TH ST,,,MO,64108-1132,United States,64108-1132,8168984144,refinery.holly@gmail.com,,39.09312017,-94.59356446,zip_recovered_from_country; country_inferred
loc_k6mzxwrq,The Retreat by Salon TwentyTwo,Salons,2135 E High Street,,Pottstown,PA,19464,United States,,(610) 326-2205,salontwenty-two@comcast.net,,40.24450600,-75.60211800,country_inferred
loc_vm9wngpm,THE RETREAT DAY SPA,Salons,245 S UNION AVE,,,TX,78130-4457,United States,78130-4457,8306200615,LEIGH@THERETREATNB.COM,,29.70876010,-98.11884121,zip_recovered_from_country; country_inferred
loc_n9mz6q75,The Ritz,Salons,1209 N York St,,Muskogee,OK,74403-2522,United States,US,9186869997,dorty_beach@hotmail.com,,35.75670586,-95.34056156,country_normalized
loc_wyvn25ex,The Ritz,Salons,1209 N York St,,Muskogee,OK,74403-2522,United States,US,9188696732,karenflusche@yahoo.com,,35.75670586,-95.34056156,country_normalized
loc_exy6229v,The Ritz Clinic,Salons,"48, Jalan Jaya Putra 7/2, Taman JP Perdana",,Johor Bahru,Johor,,Malaysia,Malaysia,011-1160 6504,the.ritz.clinic.my@gmail.com,,1.57714790,103.76823730,
loc_zzpngv8w,The Salon & Barbershop at Sunset Hill,Salons,20 Evans Drive,,Dover,NH,03820,United States,US,(603) 609-8249,sunsethilldovernh@gmail.com,,43.15415707,-70.84153116,country_normalized
loc_exy62nyv,The Salon At Coffee Creek,Salons,775 W Covell Rd,,Edmond,OK,73003-2300,United States,US,4052852580,ms.amandadavis@gmail.com,,35.68271500,-97.49348000,country_normalized
loc_exy625nv,The Salon Edit,Salons,17 Pitt Street,,Mortdale,NSW,2223,Australia,,295805954,Hello@thesalonedit.com,,-33.97208557,151.07972475,country_inferred
loc_yzy8j62v,The Salon of Bocage - Shop,Salons,7575 Jefferson Hwy Suite G,,Baton Rouge,LA,70806,United States,United States,225 907 8175,mquaidtrahan@gmail.com,,30.43978243,-91.18072277,
loc_k6mzx7vq,The Salon Off Main,Salons,203 Railroad St,,Buda,TX,78610-3383,United States,,5126447716,glamartistrybyarianna@gmail.com,,30.08155500,-97.84203400,country_inferred
loc_zzpng8ww,The Salon Room,Salons,123 W Commercial St,,,OK,74012-4012,United States,,9186710063,stylistrlg@gmail.com,,36.05128410,-95.79109145,country_inferred
loc_n9mz67j5,The Scalp Retreat,Clinics,"The Scalp Retreat, Redbourn, Al37nt",,,,,,,+44 7457 416399,thescalpretreat@outlook.com,,51.79894399,-0.39309550,
loc_xpq2ej96,The Skin Care,Clinics,2 The Ridgeway,,Radlett,Hertfordshire,WD7 8PR,United Kingdom,UK,+447966402329,hello@the-skincareclinic.co.uk,https://the-skincareclinic.co.uk/,51.67525847,-0.32341530,country_normalized
loc_zzpng5vw,The Skin Clinic,Clinics,"Central Rama 3, 79th Street Satupradit Chong Nonsi, Yan Nawa",,,Bangkok,10120,Thailand,Thailand,083-6162223,marketing@theskin.co.th,http://www.theskin.co.th/,13.70904225,100.54797165,
loc_wyvn2z2x,The Skin Health Doctor,Clinics,Hethenhill House,Hethenhill farm,Clyst Hydon,Devon,EX15 2NF,United Kingdom,UK,+447980276699,info@theskinhealthdoctor.co.uk,https://www.theskinhealthdoctor.co.uk/,50.80245879,-3.36065342,country_normalized
loc_yzy8j9pv,The Skin Lab,Clinics,Block 1 Unit 12 Floor 3 the reeks Gateway ardnamweely Killarney Kerry,,,,V93 DYRO,Ireland,,,pat@theskinlab.ie,,52.14114931,-9.60971436,country_from_tld
loc_8ye586x6,The Skin Network by Dermatologists,Clinics,"Level 1, 19 Longland Street, Newstead Q",,,,4006,Australia,AU,07 3088 6999,admin@theskinnetwork.com.au,https://urldefense.proofpoint.com/v2/url?u=https-3A__www.theskinnetwork.com.au_&d=DwMFAg&c=euGZstcaTDllvimEN8b7jXrwqOf-v5A_CdpgnVfiiMM&r=KmXV-TntZrypHblebxLyzG8m0b4-lfgdGFD3DCyZsIso7FTpr8NzLieZX5CgoZxz&m=iPEBGw1seMU_LxvvRb0u_GCMqWghDzNnB6qPM-A04Z4g2qNfKcM,-27.45152845,153.04509425,country_normalized
loc_xpq2e7e6,The Skin Scientist,Clinics,"12 The Haven, Penperlleni, Pontypool NP4 0AR",,,Newport,NP4 0AR,United Kingdom,United Kingdom,+44 7852 180208,victoria@theskin-scientist.co.uk,https://www.theskin-scientist.co.uk/,51.73707220,-2.98068830,
loc_exy622qv,The Skincare Clinic,Clinics,"1 Orchard Blvd, #06-05, Camden Medical",,,Orchard Road and Vicinity,248649,Singapore,Singapore,8866 0605,,,1.30320070,103.82419064,
loc_pqm8969k,The Strand - Tracy,Salons,833 Chestnut Street,,Chattanooga,TN,37402,United States,USA,423-760-8399,tracyfiorelove@yahoo.com,,35.04615742,-85.31171398,country_normalized
loc_69nez6q5,The Strand Society,Salons,4630 50th St,,Lubbock,TX,79414-3521,United States,US,8064704177,mcwarren10@yahoo.com,,33.54943700,-101.91201500,country_normalized
loc_8ye58kg6,The Studio for Hair,Salons,27895 Orchard Lake Rd,,Farmington Hills,MI,48334,United States,,248-324-3000,info@thestudioforhair.com,,42.50016963,-83.36111366,country_inferred
loc_exy627xv,The Studio on Bridge,Salons,5105 Cemetery Rd,,Hilliard,OH,43026,United States,,614-792-5767,info@thestudioonbridge.com,,40.03026559,-83.15271362,country_inferred
loc_95rw8k6y,The Study,Salons,4705 North Florida Ave,,Tampa,FL,33603,United States,US,(813) 708-3352,thestudyextensions@yahoo.com,,27.98833800,-82.45920900,country_normalized
loc_qzmy699y,The Tortoise and The Hair (new),Salons,"Shop 2, 1328 Gold Coast Hwy",,Palm Beach,QLD,4221,Australia,Australia,,,,-28.11066767,153.46615569,
loc_wyvn256x,The Touch Up,Salons,204 S Bois D Arc St,,Forney,TX,75126-9407,United States,US,9725645500,touchupsalon@gmail.com,,32.74804465,-96.47202399,country_normalized
loc_95rw8vgy,The Tousled,Salons,314 W Concord Rd,,Andover,KS,67002-8728,United States,,3164940760,info@thetousled.com,,37.68167584,-97.13785278,country_inferred
loc_vm9wn85m,The Tricho Hair Clinic,Clinics,32 Saint Stephens Way,,Lichfield,Staffordshire,WS13 8YY,United Kingdom,UK,+447921482487,laurenrivett@yahoo.co.uk,,52.71868901,-1.77270513,country_normalized
loc_rkzgqn5q,The Village Place,Salons,105 W Main St,,,KS,67514-9700,United States,,6205383672,villageplace105@outlook.com,,37.89629400,-98.18294700,country_inferred
loc_yzy8jxzv,The Vine Hair Salon,Salons,150 Springbank rd,,Torrens Park,SA,5062,Australia,AU,872308585,thevinehair@hotmail.com,,-34.99010857,138.61012323,country_normalized
loc_wyvn2j2x,The Weekend Society AU,Salons,109 Brighton Road,,Sandgate,QLD,4017,Australia,Australia,,,,-27.31810047,153.06831863,
loc_zzpng6rw,The Willow Room - Morgan,Salons,17532 Airline Hwy Suite 5,,Prairieville,LA,70769,United States,United States,(225) 402-2378,morganpaul2012@yahoo.com,,30.30435352,-90.95669934,
loc_zzpng65w,The Willow Rose Boutique,Salons,Melinda Houston,134 HARDSCRABBLE LN,Cookeville,Tennessee,38501,United States,United States,+1 931-979-2646,melindal1979@gmail.com,,36.31668101,-85.52514501,
loc_69nez5y5,The Wimpole Clinic,Clinics,"3rd Floor 2 Harley Street, London W1G 9PA",,,London,W1G 9PA,United Kingdom,United Kingdom,,,https://wimpoleclinic.com/,51.51709000,-0.14593002,
loc_wyvn26vx,Thee Mane Gal,Salons,170 W Wood St,,Decatur,IL,62523,United States,,217-521-5668,theemanegal@gmail.com,http://Lisa Miloser,39.84040662,-88.95684850,country_inferred
loc_2mqrg2q9,Therapist Direct,Clinics,2 Chalkhill Close,Chigwell,Chigwell,Essex,IG7 4HU,United Kingdom,UK,447803391274,hanakhokhar@hotmail.co.uk,,51.60964239,0.14296501,country_normalized
loc_n9mz6ee5,TheStudeo,Salons,1728 Connecticut Ave NW,3A,Washington,WA,20009,United States,US,+12022639404,thestudeo@gmail.com,,38.91353000,-77.04604800,country_normalized
loc_8ye589k6,Third space salon,Salons,26428 East 115th place South,,Coweta,OK,74429,United States,US,+19183273177,herleverage@gmail.com,,35.99656502,-95.68284096,country_normalized
loc_2mqrg6m9,Threesixzero Salon,Salons,119 Sunridge Rd W,Unit 40,Lethbridge,AB,T1J 5J1,Canada,,,Lindsey@threesixzero.ca,http://www.ThreeSixZero.ca,49.65381353,-112.86918493,country_inferred
loc_qzmyveky,Tia Rotenberg Inc.,Clinics,2170 Willoughby Avenue,,Wantagh,New York,11793,United States,USA,+13474565642,tiarotenberg@gmail.com,https://www.tiarotenberg.com/about,40.66669666,-73.50192120,country_normalized
loc_7g25km2q,Time Clinic Medical Aesthetics and Wellness,Clinics,"Telecoms House, 15 The Broadway, Woodford Green",,Woodford Green,,IG8 0HL,United Kingdom,United Kingdom,020 3795 9063,hello@time-clinic.com,https://time-clinic.com/,51.62984590,0.06313103,
loc_8ye58v26,Timothy John Salon & Spa,Salons,404 West Green St.,,Urbana,IL,61801,United States,US,217-344-4720,"timothyjohnsalon@gmail.com, katiegarrett@rocketmail.com",,40.11065718,-88.21214453,email_multivalue; country_normalized
loc_wyvn2j5x,To be hair skin and body,Salons,15 howard road,,Padstow,NSW,2211,Australia,AU,0297712325,info@tobehair.com.au,,-33.95304156,151.03380225,country_normalized
loc_2mqrgev9,Todays Acupuncture,Clinics,"1080 E Indiantown Rd Ste 208 Jupiter, FL 33477",,Jupiter,Florida,33477,United States,United States,954-999-0846,heatherhicksonap@gmail.com,https://todaysacupuncture.life/home,26.93344127,-80.07371312,
loc_k6mzxpjq,Tokyo Cocotheram Clinic,Clinics,,,Tokyo,,,Japan,Japan,,,https://tokyo-cocotheram.clinic/,35.68955258,139.69181823,
loc_qzmyvv6y,Tomemori Ophthalmology/Plastic Surgery,Clinics,,,Wakayama,,,Japan,Japan,,,http://www.tomemori-ganka.com/,33.80702554,135.59307222,
loc_57wexgzn,Tomi Dermatology Clinic,Clinics,,,Shizuoka,,,Japan,Japan,,,https://tomiskinclinic.com/,34.97519573,138.38316227,
loc_m7x8kmyv,"Tommy Zs For Hair, Inc.",Salons,5016 North IL,Suite B,Fairview Heights,IL,62208,United States,USA,618-726-7365,Tommyz1838@gmail.com,,38.57606320,-89.98421474,country_normalized
loc_xpq2eey6,Tony barber shop(@),Clinics,台北市士林區忠誠路二段76巷14號,,,,111,Taiwan,TW,02-28316564,,,25.11141143,121.53199115,country_normalized
loc_zzpng6zw,Total Image Salon,Salons,125 W Industrial Park Rd,,Harrison,AR,72601-2238,United States,,870-715-5863,billntrinameek@gmail.com,,36.25093238,-93.12448172,country_inferred
loc_7g25kkkq,Total Skin Clinic,Clinics,"Barbizon 93 3F, 1-14-8 Daimyo, Chuo-ku, Fukuoka-shi, Fukuoka, Japan",,,,,,,092-260-5452,,https://www.saishin-sp.com/,33.58749876,130.39608250,
loc_69nez725,Touche Salon,Salons,537 N Milwaukee Ave,,Libertyville,IL,60048,United States,,847-680-1141,touchedanni@gmail.com; touchesalonlbv@gmail.com,,42.28856929,-87.95491441,email_multivalue; country_inferred
loc_m7x8km6v,Touchstone Salon - Erica,Salons,2001 E. 70th Street #415,,Shreveport,LA,71105,United States,United States,318 820 1073,ericatouchstone@gmail.com,,32.44458508,-93.70706404,
loc_95rw88yy,Town Hall Clinic,Clinics,"438C Alexandra Rd, #01-01 The Hub, Alexandra Technopark, Singapore 119976",,,Bukit Merah,119976,Singapore,Singapore,62788089,,,1.27751980,103.80012030,
loc_95rw87yy,Toyama Clinic,Clinics,,,Aichi,,,Japan,Japan,,,https://toyamaclinic-biyou.com/,34.99916573,137.25457225,
loc_xpq2e6e6,TRACIE ROBERTS - City Style Salon,Salons,"310 N Tennessee St, Suite E #7, Cartersville, Georgia 30120",,,,,,,(770) 595-0897,citystylehairco@gmail.com,,34.17145599,-84.79313893,
loc_exy6228v,Trang An Clinic (Phong Kham Da Lieu Ha Noi),Salons,"54 Nguyễn Xiển, Thanh Xuân Bắc, Thanh Xuân",,Hà Nội,Hà Nội,,Vietnam,Vietnam,84949470055,,https://dalieuhanoi.com/,20.99015798,105.80391403,email_placeholder_blanked
loc_g2w9jjx7,Trang An Clinic (Phong Kham Da Lieu Ha Noi),Salons,"83 Trần Đại Nghĩa, Bách Khoa, Hai Bà Trưng",,Hà Nội,Hà Nội,,Vietnam,Vietnam,84949470055,,https://dalieuhanoi.com/,21.00468701,105.84568499,email_placeholder_blanked
loc_wyvn22xx,Trang An Clinic (Phong Kham Da Lieu Ha Noi),Salons,"447 Hoàng Quốc Việt, Cổ Nhuế, Bắc Từ Liêm",,Hà Nội,Hà Nội,,Vietnam,Vietnam,84949470055,,https://dalieuhanoi.com/,21.04591202,105.78524401,email_placeholder_blanked
loc_k6mzxxeq,Trang An Clinic (Phong Kham Da Lieu Ha Noi),Salons,"296 P. Minh Khai, Mai Động, Hoàng Mai",,Hà Nội,Hà Nội,,Vietnam,Vietnam,84949470055,,https://dalieuhanoi.com/,20.99548179,105.86034552,email_placeholder_blanked
loc_exy62n2v,Tranquil Waters Skincare Studio,Clinics,31419 275th Avenue Browerville MN 56438,,Browerville,MN,56438,United States,United States,,,https://www.facebook.com/tranquilwatersskincarestudio/,46.08531001,-94.79459098,state_split_from_postal
loc_k6mzx7zq,Tranquility Beauty Spa,Salons,245 West Main Street,,Springerville,AZ,85938,United States,US,+19283335340,tranquilitybeautyspa245@gmail.com,,34.13920700,-109.29029600,country_normalized
loc_qzmyvexy,Tranquility Salon and Spa,Salons,1299 Rt 38 Suite #5,,Hainesport,NJ,08036,United States,,(609) 267-5600,micheles12@comcast.net,,39.97482800,-74.84724100,country_inferred
loc_jyewmp2e,Transformations Beauty Bar,Salons,1764 Northglen Circle,,Middleburg,FL,32068,United States,US,+19046006195,largestacey@yahoo.com,,30.10702500,-81.77407500,country_normalized
loc_pqm89zzk,Treehouse Salon,Salons,6/39 Lawrence Drive,,Nerang,QLD,4211,Australia,Australia,,,,-28.00093267,153.34621745,
loc_57wexk7n,Trends By Cherish,Salons,214 Gilman St,,Sheffield,IA,50475-5017,United States,US,6418630459,trendsbycherish@gmail.com,,42.89317624,-93.21157728,country_normalized
loc_8ye58666,Trendz Studio - Bundall **NO INVOICE WITH GOODS**,Salons,6 Ashmore Rd (CLSD MON / TUES ),,Bundall,QLD,4217,Australia,,755704539,admin@trendzstudio.com.au,,-28.01172781,153.41132883,country_inferred
loc_7g25zqqq,Trendz Studio - Marina,Salons,"Shop 139, 74 Seaworld Drive",,Main Beach,QLD,4217,Australia,Australia,,,,-27.96826182,153.42639832,
loc_wyvn22px,Tres Medical Group,Clinics,"Daang Hari Rd, Las Piñas, Philippines, 1750",,,,,Philippines,PH,0917 709 3543,tresmedicalgroup@gmail.com,https://tresmedicalgroup.com/,14.40359240,121.01209495,country_normalized
loc_pqm89gkk,Tresses Hair Design,Salons,8120 Lakewood Main St,Loft #12,Lakewood Ranch,FL,34202,United States,US,(765) 271-0961,carissashupp@hotmail.com,,27.39506200,-82.43555600,country_normalized
loc_8ye58xq6,Trico-Therapy,Clinics,"56 Sir Alfreds Way, Sutton, Coldfield, Birmingham B76 1ET",,,Birmingham,B76 1ET,United Kingdom,United Kingdom,,,,52.55439564,-1.80770752,
loc_m7x8kpmv,Trikhos Hair Lab,Salons,1 Elijah James drive,Unit 105,Saco,ME,4072,United States,US,+12073122211,trikhoshairlab@gmail.com,,43.55264400,-70.40078300,country_normalized
loc_wyvn26px,Trillium Salon,Salons,200 City Ctr Ste H,,Oshkosh,WI,54901-4881,United States,US,9203798085,trilliumpro@att.net,,44.01580000,-88.53903700,country_normalized
loc_8ye58ky6,Troy Laser Center LLC,Clinics,"37450 Dequindre Road, Sterling Heights, MI 48310",,Sterling Heights,MI,48310,United States,United States,+1(586) 979-5100,troylasercenter@tricountymedicalclinic.com,https://tricountymedicalclinic.com/,42.56723900,-83.08802704,state_split_from_postal
loc_n9mz6r95,True Colors Salon-Leigh Ann,Salons,929 West McNeese St Suite C,,Lake Charles,LA,70605,United States,United States,337 884 7540,leighannmoreau@gmail.com,,30.17604176,-93.23435825,
loc_8ye589q6,True You Salon & Spa,Salons,3141-150 Millrise Blvd SW,,Calgary,AB,T2Y 5G7,Canada,,,trueyouyyc@gmail.com,http://trueyouyyc.com,50.91483418,-114.07186895,country_inferred
loc_m7x8kmmv,Truman Grey,Salons,1201 5th Ave North #101,,Nashville,TN,37208,United States,,615-339-4485,,,36.17524643,-86.78812967,country_inferred
loc_7g25kxyq,Trust and Mane Salon,Salons,106 Pleasant Home Rd.,,Augusta,GA,30907,United States,US,(706) 589-1234,tara@trustandmaneextensions.com,,33.51584713,-82.07030062,country_normalized
loc_g2w9jrk7,Trust Clinic,Salons,"No 22 Ground Floor, Jalan Damai Perdana 1/9b, Bandar Damai Perdana",,Cheras,Wilayah Persekutuan Kuala Lumpur,56000,Malaysia,Malaysia,03-8958 9033,,https://www.trusthealth.asia/,3.04567390,101.73982212,
loc_wyvn2z6x,Truth Salon & Spa,Salons,115 Three Rivers Dr,,Kingston,MA,2364,United States,US,+17817061296,truthsalonandspa68@gmail.com,,42.00236882,-70.78301160,country_normalized
loc_k6mzxxrq,TS HAIR SALON,Salons,宜蘭縣羅東鎮天津路29號,,宜蘭縣,羅東鎮,265,Taiwan,,03-9566736,,,24.67934161,121.76974459,country_inferred
loc_pqm8999k,Tsuda Clinic,Clinics,"GARDENS CHIHAYA 2F, 3‑6‑37 Chihaya, Higashi‑ku, Fukuoka City, Fukuoka 813‑0044",,,,,Japan,Japan,092‑671‑5588,,https://tsuda‑cl.jp,33.65057354,130.43495793,
loc_zzpnggyw,TTALGI復興館,Clinics,桃園市中壢區復興路52號,,,,320,Taiwan,TW,03-4268338,,,24.95740890,121.22419862,country_normalized
loc_yzy8jpjv,TTrends Studio,Salons,329 10th Ave,,Royersford,PA,19468,United States,,(610) 310-4892,taysteppin@yahoo.com,,40.19638572,-75.53305578,country_inferred
loc_exy625vv,Tuca Salon,Salons,1234 Burwood Highway,,Upper Ferntree Gully,VIC,3156,Australia,AU,0397587757,caseyjturner.turner@gmail.com,,-37.89374362,145.31108024,country_normalized
loc_57wex82n,Tuhi Clinic,Clinics,"Keats House, 24-26 St Thomas Street",,,London,SE1 9RS,United Kingdom,United Kingdom,,,https://drbhavjitkaur.co.uk/,51.50463998,-0.08842003,
loc_wyvn2evx,Tuhi Clinic,Clinics,"Orpington Health and Wellbeing Centre, 19 Homefield Rise, Orpington",,,London,BR6 0FE,United Kingdom,United Kingdom,,,https://drbhavjitkaur.co.uk/,51.37569002,0.10106999,
loc_zzpnggew,Tvana Mediskin Clinic,Clinics,"248A Minh Khai, Hai Bà Trưng, Hanoi, Vietnam",,,,,Vietnam,VN,+84 92 340 56 68,,,20.99495968,105.85679470,country_normalized
loc_pqm896ek,Twigs,Salons,716 Ohio St,,Oshkosh,WI,54902-5960,United States,US,9203796476,danshelly4@gmail.com,,44.01119900,-88.55230500,country_normalized
loc_k6mzxqyq,Twilight Hair Salon,Salons,849 Beacon St,,Boston,MA,02215,United States,US,(617) 859-4940,rmarnikstylist@ymail.com,,42.34692128,-71.10351202,country_normalized
loc_8ye58k56,Twisted Sister Salon,Salons,111 West Church St,,Sandersville,GA,31082,United States,US,(478) 553-1000,brookusry@gmail.com,,32.98072700,-82.81204800,country_normalized
loc_vm9wn2jm,Two Blondes,Salons,12 Hopkins st,,Greensborough,VIC,3088,Australia,Australia,,,,-37.71032618,145.10674238,
loc_yzy8jxqv,Uber Hair & Co,Salons,6 East Market St,Located inside RSL (Richmond Club).,Richmond,NSW,2753,Australia,AU,434032147,uberhairco@gmail.com,,-33.59701700,150.75416800,country_normalized
loc_qzmyv69y,Uchiyama Dermatology Clinic,Clinics,,,Kyoto,,,Japan,Japan,,,https://uchiyama-hifuka.com/,35.01175574,135.76821822,
loc_69nezmg5,Udagawa Dental Clinic,Clinics,"7‑6‑1 Minami‑Koiwa, Edogawa‑ku, Tokyo 133‑0056",,,,,Japan,Japan,03‑3650‑1181,,http://03‑3650‑1181,35.72612367,139.88287130,
loc_k6mzxqrq,Ultim8 SKN Solutions,Clinics,"Suite 23, Hydepark Business Centre, 60 Mollinsburn St, Springburn, Glasgow",,,Scotland,G21 4SF,United Kingdom,United Kingdom,,,https://www.ultim8skn.com/,55.87865596,-4.23185747,
loc_yzy8j97v,Ultimate Touch,Salons,87 East Main St,,Webster,MA,01570,United States,US,(508) 943-5751,experience@ultimatetouchspa.com,,42.05809689,-71.86905118,country_normalized
loc_57wexxmn,Under延吉店,Salons,台北市大安區延吉街126巷3-2號,,,,,,,02-27412886,,,25.04041258,121.55422557,
loc_69nezm75,Union Jacks Hair Professionals,Salons,1 / 55 Sorlie Road,,Frenchs Forest,NSW,2086,Australia,,290578633,mrsjcrawford79@yahoo.com.au,,-33.74543008,151.21565400,country_inferred
loc_yzy8j6kv,United by Short Hair,Salons,4142 Florence way,,Glenview,IL,60025,United States,US,+18472190367,unitedbyshorthair@gmail.com,,42.06666900,-87.85521200,country_normalized
loc_exy6275v,UPLIFT HAUS BY SARAH ANNE,Salons,314 EAST SPRING AVE,,ARDMORE,PA,19003,United States,,(484) 254-6051,hello@uplifthaus.com,,39.99957402,-75.29275751,country_inferred
loc_vm9wnx5m,Upstate family chiropractic PC,Clinics,128 JACKSONBURG LN,,LITTLE FALLS,New York,13365,United States,USA,#ERROR!,upstatefamchiro@gmail.com,https://www.herkimerchiropractic.com/,43.01136705,-74.87937123,country_normalized
loc_wyvn262x,Uptown Salon,Salons,127 West Mulberry st.,,Lebanon,KY,40033,United States,US,+12707897681,stephaniemoore2910@icloud.com,,37.56902200,-85.25270600,country_normalized
loc_m7x8kvpv,Uptown Salons,Salons,3099 College Park Dr,,Conroe,TX,77384-8022,United States,,2814518988,mh.hairdesign@yahoo.com,,30.20690759,-95.46405539,country_inferred
loc_95rw8zny,Urban Aesthetix Clinic Ltd,Clinics,"3 St John’s Wood High Street, St John’s Wood, London, NW8 7NG",,,London,NW8 7NG,United Kingdom,United Kingdom,0207 722 6700,,,51.53227998,-0.16944998,
loc_xpq2ekw6,Urban Beauty Bastrop,Salons,"1011 Main St, Bastrop, TX 78602",,,,,,,(512) 985-5022,urbanbeautybastrop@gmail.com,,30.11104933,-97.31971594,
loc_exy62n9v,Urban Fringe Salon Inc. (R),Salons,10 5720 Silverspr Bv NW,,Calgary,AB,T3B 4N7,Canada,,,urbanfringesalon@shaw.ca,http://urbanfringesalon.ca,51.10483730,-114.18818709,country_inferred
loc_zzpngwvw,Urban LA Salon,Salons,14 South West End Ave,,Lancaster,PA,17603,United States,,(717) 291-1111,la@urbanlasalon.com,,40.03774600,-76.32385800,country_inferred
loc_jyewm5ee,Urban Retreat,Salons,5 S Broadway,,Edmond,OK,73034-3716,United States,US,4053406720,jenniferlagrow@me.com,,35.65501500,-97.48165100,country_normalized
loc_xpq2ek96,Urban Vogue (R),Salons,4 215 Stonebridge Blvd,,Saskatoon,SK,S7T 0G3,Canada,,,urbanvoguehair@gmail.com,http://urbanvoguehair.com,52.08485335,-106.64217472,country_inferred
loc_qzmyv8qy,Urban You Beauty Bar,Clinics,"3152 Peregrine Drive Northeast, Grand Rapids, MI 49525",,Grand Rapids,Michigan,49525,United States,United States,(616) 570-0228,,https://www.theurbanyou.com/,43.00338400,-85.59165300,
loc_qzmyvvgy,V Medical Aesthetics,Clinics,160 Robinson Road #05-09/10 SBF Center Singapore 068914,,,Tanjong Pagar,68914,Singapore,Singapore,+65 6980 6680,enquiry@vaestheticsclinic.com.sg,https://www.vaestheticsclinic.com.sg/,1.27812792,103.84785460,
loc_pqm899jk,V Medical Aesthetics,Clinics,101 Irrawaddy Road #11-01/02/03 Royal Square Medical Centre Singapore 329565,,,Novena,329565,Singapore,Singapore,+65 6977 9647,enquiry@vaestheticsclinic.com.sg,https://www.vaestheticsclinic.com.sg/,1.32076970,103.84317960,
loc_zzpnggnw,V Medical Aesthetics,Clinics,111 Somerset Road #04-09 TripleOne Somerset Singapore 238164,,,Orchard Road and Vicinity,238164,Singapore,Singapore,+65 6980 6615,enquiry@vaestheticsclinic.com.sg,https://www.vaestheticsclinic.com.sg/,1.30016025,103.83744863,
loc_95rw88py,V Medical Aesthetics,Clinics,1 Jurong West Central 2 #02-21/21A Jurong Point,,,Jurong West,648886,Singapore,Singapore,+65 6980 6615,enquiry@vaestheticsclinic.com.sg,https://www.vaestheticsclinic.com.sg/,1.34052000,103.70654000,
loc_95rw885y,V Medical Aesthetics,Clinics,360 Orchard Road #04-05/06 International Building,,,Orchard Road and Vicinity,238869,Singapore,Singapore,,enquiry@vaestheticsclinic.com.sg,https://www.vaestheticsclinic.com.sg/,1.30596015,103.83090890,
loc_69nezz75,V Show Salon(@),Clinics,台北市中正區許昌街2號2樓,,,,100,Taiwan,TW,02-23752227,,,25.04541034,121.51719909,country_normalized
loc_m7x8ke9v,VAB Hairdressing,Salons,133 Maude St,,Shepparton,VIC,3630,Australia,Australia,,,,-36.37779596,145.40174238,
loc_2mqrgey9,Vaffi Salon,Salons,501 Danforth Avenue,,Toronto,Ontario,M4K 1P5,Canada,,416-463-7921,Vaffi.salon@gmail.com,http://Website-vaffi.ca,43.67791590,-79.34908500,country_from_tld
loc_k6mzx72q,Valerie Henry,Clinics,3213 sw 130th st,,Oklahoma City,Oklahoma,73170,United States,USA,+14058305821,vkreth@gmail.com,,35.33796900,-97.57307100,country_normalized
loc_m7x8kqpv,Vanity Esthetics,Clinics,"1540 River Park Dr, Suite 104, Sacramento, CA 95815",,Sacramento,California,95815,United States,United States,916-494-9960,,https://vanityesthetics.com/,38.59946324,-121.43541990,
loc_7g25k7xq,Vanity Lounge,Salons,4017 Nowata Rd,,Bartlesville,OK,74006-5118,United States,US,6203061642,kayliegilliland@yahoo.com,,36.72787200,-95.93384300,country_normalized
loc_exy62rkv,Vár Medical & Beauty,Clinics,"Székesfehérvár, Várkörút 17, I/6.",,,HU,8000,,Europe,,info@varmedical.hu,,47.19303019,18.41107102,country_not_a_country
loc_69nezzx5,Vast Hair Salon(V+)(@),Clinics,台北市信義區忠孝東路四段553巷46弄6號1樓,,,,110,Taiwan,TW,02-27564466,,,25.04441032,121.56319917,country_normalized
loc_jyewmpje,Vedel Hair Design,Salons,2115 Hayledge Ct,,Fredricksburg,VA,22408,United States,US,(508) 216-4438,tlively20@gmail.com,,38.23251900,-77.41048300,country_normalized
loc_wyvn2q6x,Vega Plastic Surgery,Clinics,"1050 Pittsford-Victor Road, Building B Pittsford (Rochester), NY 14534",,Pittsford,NY,14534,United States,United States,585 383 4040,,https://vegaplasticsurgery.com/,43.04997585,-77.46865506,state_split_from_postal
loc_xpq2eev6,Velours芫苒髮型設計,Salons,桃園市中壢區新生路161號,,桃園市,中壢區,320,Taiwan,,03-3786696,,,24.96114040,121.22280596,country_inferred
loc_8ye589r6,Velvet Monkey Salon Too,Salons,3003 NW 63rd St,,Oklahoma City,OK,73116-3603,United States,,4056252407,murph0305@yahoo.com,,35.53706700,-97.56756500,country_inferred
loc_95rw8vyy,Venna Hair,Salons,715 Edmonton Trail NE,,Calgary,AB,T2E 3J6,Canada,,,vennahair@gmail.com,http://www.vennahair.com,51.05883654,-114.05418687,country_inferred
loc_7g25kx7q,Ventura Hair Studio,Salons,"121 E Culpeper St, Culpeper, VA 22701",,,,,,,(540) 522-1169,,,38.47263033,-77.99512779,
loc_8ye58kj6,Ventura Hair Studio,Salons,121 East Culpeper St,Culpeper,,VA,22701,United States,US,+15405224505,venturahairstudio@gmail.com,,38.47249775,-77.99608487,country_normalized
loc_8ye58826,Venus Future Aesthetic,Clinics,"Robinsons Magnolia, Aurora Blvd, Quezon City, Metro Manila",,,,,Philippines,PH,9770311009,,https://venus-aesthetics.ph/,14.61535100,121.03798400,country_normalized
loc_m7x8kk2v,Venvs,Clinics,台北市大安區羅斯福路三段283巷26號,,,,106,Taiwan,TW,02-23689298,,,25.01840991,121.53119912,country_normalized
loc_rkzg7vgq,Vera Luna Beauty,Salons,693 Southbridge St,,Auburn,MA,1501,United States,Us,(508) 864-5702,veralunabeauty@gmail.com,,42.18396691,-71.85783118,country_normalized
loc_8ye589x6,Veralnbeautyspa,Salons,4818 Fairmont Pkwy,,Pasadena,TX,77505,United States,US,+19032720101,lan_le_candy@yahoo.com,,29.64848576,-95.16915593,country_normalized
loc_95rw8kyy,Veranda Salon,Salons,1366 S Houston Lake Rd.,,Kathleen,GA,31047,United States,US,(478) 287-6606,theverandasalon@gmail.com,,32.55369147,-83.66218957,country_normalized
loc_8ye56q56,Verbena Salon & Spa,Salons,15 W 7th Street,,Frederick,MD,21701,United States,Us,(240) 446-4236,jalexander.zdrojewski@gmaiil.com,,39.42294859,-77.41046417,country_normalized
loc_2mqrgjy9,Verde Salon,Salons,865 Washington St,,Braintree,MA,02184,United States,US,(781) 254-3661,verdesalon1@gmail.com,,42.20403324,-71.00514978,country_normalized
loc_exy622zv,Veritas Medical Aesthetics,Clinics,"13 Stamford Rd, #B2-35 Capitol Singapore, Singapore 178905",,,Central Business District,178905,Singapore,Singapore,,ask@veritas.com.sg,https://veritas.com.sg/,1.29307884,103.85126201,
loc_pqm89pxk,Vermelho Hair,Salons,#113 705 10th St,,Canmore,AB,T1W 2A3,Canada,,,vermelhohair@ymail.com,http://www.vermelhohair.ca,51.09083706,-115.35818900,country_inferred
loc_yzy8j96v,Verona,Salons,80 main Street,,Plympton,MA,02367,United States,US,(508) 746-7979,glenngon59@gmail.com,,41.97781688,-70.80714116,country_normalized
loc_jyewmm8e,Versions Medical Group,Clinics,"Unit C, 2/F, JJACCIS Building, 1208 Acacia Ave, New Alabang Village, Alabang, Muntinlupa, 1780 Metro Manila",,,,,Philippines,PH,0947 896 0211,versionsmedicalgroup@gmail.com,https://www.versionsmedicalgroup.com/,14.42599090,121.02341880,country_normalized
loc_m7x8kpev,Verto Aesthetics and Wellness,Clinics,15 fox fall drive,Hurst green,Clitheroe,Lancashire,BB7 9ZE,United Kingdom,UK,+447479981163,info@vertoaesthetics.co.uk,https://vertoaestheticsandwellness.book.app/,53.83737200,-2.47815603,country_normalized
loc_k6mzxg5q,Verve Salon,Salons,3237 Morgan Ford Ave.,,St Louis,MO,63116,United States,,314-707-6952,email@vervehairsalon.com,,38.59976324,-90.26221479,country_inferred
loc_vm9wn6km,VIA CESTARI LLC,Clinics,680 Craig Rd Suite 303 Creve Coeur MO 63141,,Creve Coeur,Missouri,63141,United States,United States,314-478-7784,,,38.66871460,-90.43857600,
loc_jyewmjxe,Via Veneto,Salons,1669 Lobdell Ave Suite C,,Baton Rouge,LA,70806,United States,United States,225 928 7155,nmrobillard@bellsouth.net,,30.46559588,-91.11881160,
loc_m7x8kpwv,Vibe & Mane,Clinics,197 Main Street,Suite 202,North Reading,MA,01864,United States,US,(978) 798-5388,info@vibeandmane.com,,42.58595400,-71.11295900,country_normalized
loc_8ye589j6,Vibed Salon And Studio,Salons,4645 Avon Ln,,Frisco,TX,75033-1301,United States,,3375194450,vibedsalonandstudio@gmail.com,,33.16479700,-96.84584000,country_inferred
loc_g2w9jzw7,Vibrant Vixen Beauty Studio,Salons,170 Main St,Unit G10 Suite B,Tewksbury,MA,01876,United States,US,(617) 257-4367,tobicutlerhairdesigner@yahoo.com,,42.62679242,-71.26974641,country_normalized
loc_rkzgqqxq,Vidaskin,Clinics,"501 Orchard Road #04-05, Wheelock Place, Singapore 238880",,,Orchard Road and Vicinity,238880,Singapore,Singapore,(65) 62354429,hello@vidaskinclinic.com,https://www.vidaskinclinic.com/,1.30453636,103.83071419,
loc_pqm89vnk,Vie Aesthetics,Clinics,"2 Harley Street, Marylebone, London, W1G 9PA",,London,,W1G 9PA,United Kingdom,United Kingdom,020 7164 6140,,https://www.vie-aesthetics.com/,51.51706844,-0.14583239,
loc_pqm899yk,Villaflor Hospital,Clinics,"MacArthur Hwy, Mayombo, Dagupan City, 2400 Pangasinan",,,,,Philippines,PH,(075) 523 2222,customercare@villaflorhospital.com.ph,https://villaflorhospital.com.ph/,16.04205900,120.34486000,country_normalized
loc_69nez865,Village 9 Salon,Salons,"9 Catoctin Cir SW UNIT J, Leesburg, VA 20175",,,,,,,(703) 737-3012,,,39.10756407,-77.56901271,
loc_rkzgqj5q,Village Hair & Spa,Salons,30-09 Warwick Road,,Winchester,NH,03470,United States,US,(603) 239-6618,thevillagehairandspa@gmail.com,,42.76682000,-72.38589400,country_normalized
loc_k6mzxx5q,Vincent&Candy髮藝,Clinics,台南市中西區中正路40號2樓,,,,700,Taiwan,TW,06-2210275,,,22.99213767,120.20219694,country_normalized
loc_k6mzxxzq,Vincere Aesthetics Clinic,Clinics,"111 Somerset Road, #03-20 Singapore 238164",,,Orchard Road and Vicinity,238164,Singapore,Singapore,,,https://vincereclinic.com.sg/,1.30016025,103.83744863,
loc_exy62mrv,Vintage Glamour,Clinics,"Vintage Glamour, 14 Avondale Crescent, Arklow Wicklow Y14X433",,,,,,,,rebeccagreene1984@gmail.com,,52.80486515,-6.15214101,
loc_yzy8jpwv,Visions Salon & Spa,Salons,26800 Beck Rd,,Novi,MI,48376,United States,,248-982-2133,kathy@visionsspasalon.com,,42.48646961,-83.51441368,country_inferred
loc_wyvn2q9x,VitalityMD,Clinics,1769 Avenue Road,,Toronto,Ontario,M5M 2Y8,Canada,Canada,#ERROR!,sharicaplan@me.com,https://vitalitymd.com/,43.72936716,-79.41825130,
loc_qzmyvwky,Vivian Esthetics,Salons,840 East College Dr,,Durango,CO,81301,United States,US,+19708800348,vivianesthetics@yahoo.com,,37.26779300,-107.87168500,country_normalized
loc_zzpng8nw,Vivid Hair & Esth-Lloyd,Salons,2602 50th Ave.,,Lloydminster,AB,T9V 2S3,Canada,,,Info@vividlloydminster.com,http://Www.vividlloyminster.com,53.26187263,-110.00618024,country_inferred
loc_g2w9jzx7,Vivid Strands LLC,Salons,40 South Whittlesey Avenue,,Wallingford,CT,06492,United States,US,(203) 376-5435,vividstrandsllc@gmail.com,,41.45388679,-72.82047119,country_normalized
loc_k6mzx78q,Vivid Styles Hair & Esthetics 19 Ltd,Salons,17107 James Mckevitt Rd SW,,Calgary,AB,T2Y 3Y4,Canada,,,salon@vividstyles.ca,http://vividstyles.ca,50.89998339,-114.09418693,country_inferred
loc_qzmyveey,Vividah Medical Aesthetics,Clinics,"Unit 2B, Gortnafleur Business Park, Clonmel, Co. Tipperary",,,,E91 XT51,,,,info@vividah.com,,52.36138901,-7.67216561,
loc_95rw89jy,Vivo,Salons,119 Mechanic St,,Lebanon,NH,03766,United States,US,(603) 448-5888,kristina@vivosalonanddayspa.com,,43.63829715,-72.26448118,country_normalized
loc_57wexxnn,VONI沃倪,Salons,桃園市中壢區洽溪路221號,,桃園市,中壢區,320,Taiwan,,03-2876221,,,25.00879990,121.20688143,country_inferred
loc_57wex5kn,Vridian and coil,Salons,3451 Timber Green Dr,Frederick,,MD,21704,United States,,(240) 439-0757,viridianandcoil@gmail.com,,39.32871222,-77.36250881,country_inferred
loc_8ye58xm6,VS Dental Care Centre,Clinics,288 Preston ROAD,,London,Greater London,HA3 0QA,United Kingdom,UK,+447903672246,deepavshah89@gmail.com,https://vsdentalcarecentre.co.uk/,51.57320845,-0.29434482,country_normalized
loc_7g25k9wq,Vsalon By Valerie LLC,Salons,102 W 7th St,,Alton,IL,62002-2302,United States,,6184101375,valeriebaumann30@gmail.com,,38.89463300,-90.18619000,country_inferred
loc_rkzgqqpq,W Aesthetic Plastic Surgery,Clinics,06-28/29 Mount Elizabeth Novena Specialist Centre 38 Irrawaddy Road Singapore 329563,,,Novena,329563,Singapore,Singapore,+65 6570 2528,drwong@waesthetics.com,http://www.waesthetics.com/,1.32213217,103.84496170,
loc_zzpnggkw,W CLINIC Shinsaibashiin,Clinics,,,Osaka,,,Japan,Japan,,,https://wclinic-osaka.jp/,34.69375568,135.50145222,
loc_jyewmmqe,"W Consulting Co., Ltd. W Clinic",Clinics,,,Osaka,,,Japan,Japan,,,https://wclinic-osaka.jp/umeda/,34.69375568,135.50145222,
loc_95rw87ky,W Hair Bar Eastgardens,Salons,152 Bunnerong Road,Westfields Eastgardens Shop 222,Eastgardens,NSW,2036,Australia,AU,0296499337,eastgardens@whairbar.com.au,,-33.94481208,151.22425610,country_normalized
loc_7g25kzeq,W Hair Bar Lennox Village,Salons,"Shop Sp004, 1 Pyramid Street",,Emu Plains,NSW,2750,Australia,AU,0272284731,lennoxvillage@whairbar.com.au,,-33.75274855,150.65905725,country_normalized
loc_pqm89vwk,WABI Beauty Center,Clinics,"Sopron, Bécsi út 4521/3.",,,HU,9400,,Europe,,clinic@wabi.hu,,47.70757536,16.57556471,country_not_a_country
loc_wyvn2e2x,WAI Clinic,Clinics,"A-1-40, 1st floor, IOI Boulevard, Jalan Kenari 5, Bandar Puchong Jaya, 47100 Puchong, Selangor",,,Selangor,47100,Malaysia,Malaysia,+603–80827992,info@waiclinic.com,http://www.waiclinic.com/,3.04862499,101.62219166,
loc_zzpng6qw,Warehouse Salon,Salons,600 3rd St SE Ste 204,,Cedar Rapids,IA,52401-2005,United States,,3194314486,acaciadae@gmail.com,,41.97502000,-91.66279500,country_inferred
loc_xpq2e696,WAREHOUSE SALON,Salons,600 3RD ST SE STE 204,,,IA,52401-2005,United States,52401-2005,3192138608,BJKHAIR@GMAIL.COM,,41.97521460,-91.66314006,zip_recovered_from_country; country_inferred
loc_n9mz6q65,Warehouz salon,Salons,15228 pine ridge,,Basehor,KS,66007,United States,US,+19137109178,jenimooneyhan@gmail.com,,39.10867500,-94.93265200,country_normalized
loc_pqm892xk,Wash Day,Salons,718 N 2nd Street,PSC# 1060,Philadelphia,PA,19123,United States,,(610) 996-1941,torididthat@gmail.com,,39.96248600,-75.14142700,country_inferred
loc_wyvn2zmx,Wash Day,Salons,"736 N 2nd Street, Philadelphia PA 19123",,,,,,,610-996-1941,torididthat@gmail.com,http://washdayphl.com,39.96229554,-75.14121341,
loc_vm9wnvvm,Washington Institute of Dermatologic Laser Surgery,Clinics,"5550 Friendship Blvd, #110, Chevy Chase, MD 20815",,Chevy Chase,Maryland,20815,United States,United States,240-394-8385,,https://www.skinlaser.com/,38.96396384,-77.09041263,
loc_2mqrgee9,Washington Institute of Dermatologic Laser Surgery,Clinics,"1430 K STREET, NW, #200, WASHINGTON, D.C. 20005",,Washington D.C.,Washington D.C.,20005,United States,United States,202-628-8855,,https://www.skinlaser.com/,38.89812300,-77.03280100,
loc_zzpng6mw,Washington University Medical Group,Clinics,"216 S Kingshighway Blvd, St. Louis, MO 63110",,St Louis,Missouri,63141,United States,United States,+1 314-454-7954,,,38.63877600,-90.26437900,
loc_n9mz6wm5,Water's Edge,Clinics,128 East Broadway,,Derry,NH,03038,United States,US,(603) 421-1990,sheri@watersedgedayspa.com,,42.89146703,-71.31360117,country_normalized
loc_95rw8z2y,Waterhouse Young Clinic,Clinics,"21 Devonshire Street, London, W1G 6PB",,,London,W1G 6PB,United Kingdom,United Kingdom,+44 020 7486 3849,info@waterhouseyoung.com,https://www.waterhouseyoung.com/contact-us,51.52167844,-0.14882244,
loc_95rw8q6y,WATERMARK SALON,Salons,1106 MONDOVI RD STE 228,,,WI,54701-2736,United States,54701-2736,7152150966,buesserjanelle@yahoo.com,,44.79013834,-91.52301460,zip_recovered_from_country; country_inferred
loc_pqm896pk,Wave Length,Salons,1606 N Truman St,,Robinson,IL,62454,United States,,618-553-7909,monicamcdaniel63@gmail.com,,39.01936639,-87.75083144,country_inferred
loc_rkzgq2qq,Wave Plastic Surgery Center Inc.,Clinics,"18433 Colima Rd Rowland Heights, CA 91748",,Los Angeles,California,91748,United States,United States,(213) 383-4800-110,dlangnick92+wavewave@gmail.com,https://www.waveplasticsurgery.com/,33.98865569,-117.90321932,
loc_2mqrgkw9,Waves of Color Salon and Spa - SHOP,Salons,6104 Line Ave Suite 600,,Shreveport,LA,71106,United States,United States,(318) 795-0610,wavesofcolor@bellsouth.net,,32.45238743,-93.74612777,
loc_8ye589g6,Weekly-Trim True (Downtown),Salons,10359 104 St NW,,Edmonton,AB,T5J 1B9,Canada,,,info@weeklyyeg.com,https://www.weeklyyeg.com/,53.54587730,-113.49918596,country_inferred
loc_qzmyvwzy,Weekly-Trim True (Whyte Ave),Salons,9621 82nd Ave NW,,Edmonton,AB,T6C 0Z9,Canada,,,info@weeklyyeg.com,https://www.weeklyyeg.com/,53.51787683,-113.47718592,country_inferred
loc_jyewmvpe,Well Nurse Clinic,Clinics,"Office 4, Flynns of Lackagh, Lackagh, Galway H65 D540",,,,,Ireland,,,info@wellnurseclinic.ie,,53.36952920,-8.89180444,country_from_tld
loc_k6mzxwnq,Wendi Zeke Hair Design,Clinics,10641 planer picket dr,,Riverview,FL,33569,United States,US,(813) 944-8717,wendizeke@hotmail.com,,27.84704000,-82.30578200,country_normalized
loc_g2w9jmz7,Wendy Marie’s Esthetics,Clinics,"Fourth St. Oakley, CA 94561",,Oakley,CA,94561,United States,United States,9252345890,knewicould@gmail.com,https://knewicould.wixsite.com/wmesthetics,40.17629519,-123.60930349,state_split_from_postal
loc_exy62mzv,West Hair Designers,Salons,300 Oxford Road,quarry walk,Oxford,CT,06478,United States,US,(203) 888-2949,jcphd67@comcast.net,,41.42270679,-73.10584120,country_normalized
loc_m7x8k26v,West Mane Salon,Salons,18 West Main St,,Forsyth,GA,31029,United States,US,(478) 994-3313,mccookkelly@yahoo.com,,33.03395300,-83.93901800,country_normalized
loc_zzpng6nw,West Spa Suites,Salons,1120 W 4th St,,,IA,50702-2841,United States,,,villareal1001@gmail.com,,42.48780100,-92.35113800,country_inferred
loc_69nezx85,Westend Beauty Clinic,Clinics,"Westend Beauty Clinic Suite 4, Quayside Shopping Centre, Wine St, Sligo F91 XK8Y",,,,,,,,westendbeautyclinic08@gmail.com,,54.27288920,-8.47827139,
loc_g2w9jmr7,Westlake Laser and Aesthetics,Clinics,"Unit 405, 631 Oak Run Trail, Oak Park, CA 91377",,Oak Park,CA,91377,United States,United States,,,https://www.westlakelaser.com/,34.18313901,-118.76721301,state_split_from_postal
loc_g2w9jvp7,Whiskey & Lace Beauty,Salons,414 W Front St,,Pemberville,OH,43450,United States,US,4195754369,daniellerdefalco@gmail.com,,41.40762200,-83.46541000,country_normalized
loc_7g25kkvq,White Aesthetics & Medical,Clinics,"1 Fifth Avenue #04-08, Guthrie House",,,Bukit Timah,268802,Singapore,Singapore,69808608,,,1.33087385,103.79570030,
loc_69nez6e5,White Velvet Aesthetics,Clinics,"71 25th St W Unit 1, Billings, MT 59102",,Billings,MT,59102,United States,United States,+1 406-998-2040,,https://whitevelvet.us/,45.77079200,-108.57922897,state_split_from_postal
loc_zzpngygw,whittier medical,Clinics,11127 first avenue,,Whittier,California,90603,United States,USA,+15627436824,ashleigh@wmwc.us,https://www.wm-weightcontrol.com/,33.93172700,-117.98526000,country_normalized
loc_2mqrgk89,Who Does Your Hair Denise Kerr,Salons,1530 S. 6th St.,,Springfield,IL,62703,United States,,217-528-3613,wdyh1530@aol.com,http://Denise Kerr,39.78570541,-89.64817688,country_inferred
loc_g2w9jnk7,"WholeNutrix,LLC",Clinics,323 Holiday Road,,Lexington,Kentucky,40502,United States,USA,+18594923534,lbcarson1@gmail.com,https://www.wholenutrix.com/,38.03008623,-84.46904138,country_normalized
loc_rkzgqm6q,Wild Olive Salon - Swansboro,Salons,"748 W Corbett Ave, Swansboro, NC 28584",,,,,,,(910) 325-7026,wildolivesalon@gmail.com,,34.69515684,-77.13341264,
loc_pqm8926k,Wild Roots,Salons,2454 Lafayette Rd.,Suite 36,Portsmouth,NH,03801,United States,US,(603) 319-6144,wildrootsportsmouth@gmail.com,,43.03343800,-70.78340500,country_normalized
loc_rkzgqn8q,WILDFIRE SALON,Salons,201 NE 14TH ST,,,KS,67410-1925,United States,67410-1925,7852801634,wildfirecollaborations@gmail.com,,38.92986709,-97.21280449,zip_recovered_from_country; country_inferred
loc_n9mz6qv5,Wildflower Apothecary,Salons,9424 Lisi Anne Drive,,Austin,TX,78717,United States,US,+13106172659,emma@wfa.skin,,30.50547300,-97.75044500,country_normalized
loc_95rw8qxy,Wildwood Hair Studio,Salons,4151 W Jefferson St,,Springfield,IL,62707,United States,,217-306-0764,graceryan781@gmail.com,,39.82236524,-89.73211470,country_inferred
loc_8ye587q6,William Robert Salon,Salons,1888 Marlton Pike E,Suite C,Cherry Hill,NJ,08003,United States,,(856) 528-5681,bill@williamrobertsalon.com,,39.90431654,-74.96860123,country_inferred
loc_exy6257v,Willomina,Salons,Level 1/107 Queen Street,,Woollahra,NSW,2025,Australia,,280188455,bridgette@willomina.com,,-33.88857660,151.23753530,country_inferred
loc_g2w9jk27,Willow - SA,Salons,1a/80 Onkaparinga Valley Road,,Woodside,SA,5244,,,883899289,willowhairsalon@outlook.com,,-34.94986631,138.87682097,
loc_qzmyv5gy,Willow & Ivy Salon and Spa (Mindy Joy Hair),Salons,"27 S Poinsett Hwy, Travelers Rest",,,SC,29690,United States,,(830) 214-0565,,,34.96757290,-82.44113507,state_split_from_postal; country_inferred
loc_vm9wnv6m,Willow & Sage RVA,Salons,"5227 West Broad Street, Richmond, Va 23230",,,,,,,,,,37.58556158,-77.49901270,
loc_n9mz6rv5,Willow and Birch,Salons,521 E Washington Street,,Springfield,IL,62701,United States,USA,217-726-7050,jessica@willowandbirchsalon.com,,39.80206521,-89.64831469,country_normalized
loc_yzy8jgqv,WIRTUOZKA Anna Mazur,Salons,"Generała Ludomiła Rayskiego 19, 70-442 Szczecin",,,,,,,695752888,wirtuozka.headspa@gmail.com,,53.43183600,14.54600305,phone_comma_stripped
loc_zzpnggpw,Wisecare Medical And Diagnostic Center,Clinics,"Brgy. San Agustin, Trece Martires City, Cavite, Trece Martires, Philippines, 4109",,,,,Philippines,PH,0908 397 4687,wisecarediagnostics@gmail.com,,14.28231150,120.86885670,country_normalized
loc_95rw898y,Wish Skin Clinic,Clinics,"66 Commercial Road, Taibach, Port Talbot SA13 1LR",,,Port Talbot,SA13 1LR,United Kingdom,United Kingdom,+44 01639 891200,,http://www.wishskinclinic.co.uk/,51.58455600,-3.76987700,
loc_7g25k7rq,Wisp Organic Salon,Salons,"4477 S Lamar Blvd Ste 510 Loft 204, Austin,",,,TX,78745,United States,,,hello@wisporganicsalon.com,,30.23149531,-97.79716023,country_inferred
loc_zzpngwrw,Wisteria Salon,Salons,"620 Congaree Rd suite f, Greenville, SC 29607",,,,,,,(864) 331-3333,,,34.84535709,-82.32471349,
loc_n9mz6rg5,Wolf and Ryan Salon,Salons,521 W Short Street,,Lexington,KY,40507,United States,,859-523-8510,wolfandryansalon@gmail.com,http://Joshua Gambrell,38.05082041,-84.50049900,country_inferred
loc_k6mzxpqq,Wolff Hair,Salons,Shop 1 84 Herries Street,,Toowoomba,QLD,4350,Australia,Australia,,,,-27.56619383,151.96102044,
loc_7g25kk6q,Wong's Plastic Surgery Centre,Clinics,B1-29 Citylink Mall,,,Orchard Road and Vicinity,039393,Singapore,Singapore,+65 6479 7173,enquiry@wongplasticsurgery.com,https://www.wongplasticsurgery.com/,1.30092053,103.84009190,
loc_wyvn29zx,Woodinville Family Medicine & Skin Clinic,Clinics,"13110 NE 177th Pl Unit B102, Woodinville",,,WA,98072,United States,US,425.900.2872,Samira@wfmdnp.com,http://wfmdnp.com,47.75601300,-122.16484800,state_split_from_postal; country_normalized
loc_yzy8jx7v,Worksense Haircutters,Salons,Level 1 19 Somerset Place,Above Cartel Roaster,Melbourne,VIC,3000,Australia,Australia,,,,-37.81379922,144.96239490,
loc_xpq2eky6,Woven Salon + Extension Bar,Salons,3728 S Elm Pl,,Broken Arrow,OK,74011-1803,United States,US,5803821849,hairbytmichelle@gmail.com,,36.01544200,-95.79896000,country_normalized
loc_m7x8kv2v,Woven Salon + Extension Bar,Salons,3728 S Elm Pl,,Broken Arrow,OK,74011-1803,United States,US,918-313-0831,kristieupperedge@gmail.com,,36.01544200,-95.79896000,country_normalized
loc_pqm89gvk,Wyomissing Hair Studio,Salons,948 Penn Ave,,Wyomissing,PA,19610,United States,,(610) 375-8882,hairlady54@yahoo.com,,40.33521600,-75.95870100,country_inferred
loc_vm9wn8nm,X-Infinity Clinic,Clinics,"F-02-08, Block F, Sunway Geo Avenue, Jalan Lagoon Selatan, Bandar Sunway, 47500 Petaling Jaya, Selangor",,,Selangor,,Malaysia,Malaysia,011 - 1909 9900,,http://x-infinityclinic.com/,3.06474502,101.60830166,
loc_jyewmmve,X.Y. hair studio璽緩設計工作室(@),Clinics,台北市大安區仁愛路四段345巷2弄7號,,,,106,Taiwan,TW,02-27786622,,,25.03841023,121.55319915,country_normalized
loc_8ye588m6,Xing Dao @ SG Aesthetic Clinic,Clinics,"#01-27/28, 2 Havelock Rd, Havelock 2, Singapore 059763",,,Orchard Road and Vicinity,59763,Singapore,Singapore,6222 0655,enquire@xingdaoaesthetic.com,https://xingdaoaesthetic.com/,1.28705211,103.84517014,
loc_m7x8kegv,Yamada Dermatology Clinic,Clinics,,,Shizuoka,,,Japan,Japan,,,https://yamada-derma.com/,34.97519573,138.38316227,
loc_95rw87py,Yamate Skin/Plastic Surgery Clinic,Clinics,,,Kyoto,,,Japan,Japan,,,https://yamate-c.com/,35.01175574,135.76821822,
loc_k6mzxrpq,Yap's Clinic,Clinics,"27, Ground Floor, Jalan PPPS 1, Pusat Perniagaan Putra Sentosa, 75150 Bukit Baru, Melaka",,,Melaka,75150,Malaysia,Malaysia,06-318 2088,yapsclinic@gmail.com,http://www.yapsclinic.com/,2.22989365,102.27200168,
loc_8ye56qq6,Yap's Clinic,Salons,"29, Jalan PJS 1/48, Taman Petaling Utama, 46150 Petaling Jaya, Selangor",,,,,Malaysia,MY,+60 17 782 0833,,https://www.yapsclinic.com/,3.07954999,101.65034204,country_normalized
loc_n9mz6w25,YD Beauty,Salons,364 Main St. Unit 19,,East Haven,CT,06512,United States,US,(203) 606-7872,ydbeauty@gmail.com,,41.27915000,-72.87684300,country_normalized
loc_2mqrgjm9,YE Salon,Salons,67 Broad St.,,Red Bank,NJ,07701,United States,,(732) 268-7465,yanni@yesalon.com,,40.35018766,-74.06524868,country_inferred
loc_pqm89zkk,Yobo kara Hajimeru Orthopedics,Clinics,,,Tokyo,,,Japan,Japan,,,https://t-cl.jp/,35.68955258,139.69181823,
loc_m7x8kenv,Yokoyama Internal Medicine and Pediatrics Clinic,Clinics,,,Tochigi,,,Japan,Japan,,,https://www.yokoyamaclinic.net/,36.67821601,139.80965229,
loc_69nez5j5,Yorkshire Hair Loss Clinic,Clinics,"16 Potter Hill Lane, High Green, Sheffield, South Yorkshire S35 4JF",,,South Yorkshire,S35 4JF,United Kingdom,United Kingdom,,,https://yorkshirehairlossclinic.co.uk,53.47221843,-1.49928948,
loc_7g25kxrq,YOUNG & RADIANT LLC,Clinics,12651 W Sunrise BLVD,SUITE 102,SUNRISE,Florida,33323,United States,USA,+19545371717,billing@youngnradiant.com,https://youngnradiant.com/,26.14550200,-80.32178100,country_normalized
loc_57wexm6n,Younger Faces by RNs,Clinics,"13 Bessom Street, Marblehead, MA 01945",,Marblehead,Massachusetts,1945,United States,United States,(508) 414-3855,dianeratner@yahoo.com,https://www.youngerfacesbyrns.com/,42.50042400,-70.86022400,
loc_pqm89vqk,Younger U Aesthetics,Clinics,4 Mill Close,Stapleton,Leicester,Leicestershire,LE9 8JU,United Kingdom,UK,+447702581588,rachelnicholson1@aol.com,https://www.youngeruaesthetics.com/,52.58328091,-1.36270853,country_normalized
loc_95rw8v5y,Your Choice Hair Fashions,Salons,15323 97th St NW,,Edmonton,AB,T5X 5B3,Canada,,,yourchoiceyeg@gmail.com,,53.61487842,-113.49118594,country_inferred
loc_zzpng5mw,YuChi Medical,Clinics,"15 Harley St, London W1G 9QQ",,,London,W1G 9QQ,United Kingdom,United Kingdom,+44 20 7637 0467,yuchimedical@gmail.com,http://www.yuchimedical.co.uk/,51.51723650,-0.14665440,
loc_exy62rrv,Yuri Clinique,Salons,"C-1-01 Sunsuria Forum.1, Jalan Setia Dagang AL U13/AL, Setia Alam",,Shah Alam,Selangor,40170,Malaysia,Malaysia,019-471 8050,,https://yuriclinique.my/,3.10802770,101.46167336,email_placeholder_blanked
loc_jyewmrre,Yuri Clinique,Clinics,"12A, Ground Floor, Jalan Setia Dagang AL U13/AL, Setia Alam, Seksyen U13, 40170 Shah Alam, Selangor",,,Selangor,40170,Malaysia,Malaysia,019-4718050,,https://yuriclinique.com/,3.10634509,101.46889166,
loc_7g25kzrq,Zanik Hair Design,Salons,1170 Toorak Road,,Camberwell,VIC,3124,Australia,Australia,,,,-37.84853620,145.07806238,
loc_7g25kz8q,Zapp's Hair Studio Pty Ltd,Salons,199 Booker Bay Rd,,Booker Bay,NSW,2257,Australia,Australia,,,,-33.51611428,151.34626492,
loc_m7x8kp7v,Zavaro Medical,Clinics,8407 10th Avenue,Brooklyn,New York,New York,11228,United States,USA,+16192460215,dzavaro@yahoo.com,https://drzavaro.com/,40.61887665,-74.01931121,country_normalized
loc_g2w9je77,ZEEBA SALON,Salons,501 CARROLL ST,,,TX,76107-2292,United States,76107-2292,8176832397,ELLEGILLILAN@GMAIL.COM,,32.75379090,-97.35451828,zip_recovered_from_country; country_inferred
loc_69nez8n5,ZEF Color Society LLC,Salons,1535 West 8th st,A-4,Erie,PA,16505,United States,US,+18149205500,zefcolorsociety@gmail.com,,42.11470500,-80.11778500,country_normalized
loc_exy62n7v,Zen And Beauty,Salons,228 N Prarieville,,,TX,75751,United States,,9033431029,angela.powell1010@gmail.com,,32.20618000,-95.85482800,country_inferred
loc_57wexkpn,Zen By Jenn,Salons,309 N Stone Ridge Dr,,Lake Geneva,WI,53147,United States,US,+12622074180,jenn@zenbyjenn.com,,42.61162600,-88.42769700,country_normalized
loc_exy625yv,Zen Day Spa & Salon - New,Salons,452 Swift Street,,Albury,NSW,2640,Australia,Australia,,,,-36.07893310,146.92184867,
loc_exy62r8v,Zen healthcare,Clinics,"53 Beauchamp place, Knightsbridge, London SW3 1NY",,,London,SW3 1NY,United Kingdom,United Kingdom,+44 0207 225 1660,beauty@zenhealthcare.co.uk,https://www.zenhealthcare.co.uk/contact/,51.49772844,-0.16543271,
loc_zzpng5zw,Zenith Cosmetic Clinics,Clinics,"6 Clinton Terrace, Derby Road, Nottingham NG7 1LY",,,Nottingham,NG7 1LY,United Kingdom,United Kingdom,0115 899 0252,info@zenithclinics.co.uk,https://zenithcosmeticclinics.co.uk/zenith-cos metic-clinic-nottingham,52.95498676,-1.16451191,
loc_95rw8gzy,ZenSpa,Clinics,"3324 State Street, Suite N, Santa Barbara, CA 93105",,Santa Barbara,California,93105,United States,United States,805-845-4701,audrey@zenspasantabarbara.com,https://www.zenspasantabarbara.com/,34.44075643,-119.73521962,
loc_vm9wn2gm,ZG & FW Group Pty Ltd,Salons,13 Stone cottage court,,Castle Hill,NSW,2154,Australia,Australia,,,,-33.74141376,151.00897798,
loc_yzy8jjmv,Zhao Kai Medical Centre,Clinics,澳門皇朝巴黎街228號南岸花園地下AU鋪,,,Macau,,Hong Kong,Hong Kong & Macau,28563888,,https://www.macaucentral.com/medical/22049-22049,22.19091000,113.55291000,country_normalized
loc_exy625ev,Zhuzh Hair,Salons,shop 6 14 PALMERSTON LANE,,Manuka,ACT,2603,Australia,Australia,,,,-35.32063296,149.13340275,
loc_qzmyv5wy,Zoe Zimmerman Hair Salon,Salons,"600 E Main St, Purcellville, VA 20132",,,,,,,(571) 576-6382,zoezimmermanhairstylist@gmail.com,,39.13626412,-77.70601273,
loc_k6mzxrjq,Zuri Aesthetics,Clinics,"12 St Leonards Avenue, Harrow, London HA3 8EL",,London,,HA3 8EL,United Kingdom,United Kingdom,7709142678,bhavin@zuriaesthetics.com,https://www.zuriaesthetics.com/,51.58668452,-0.31240512,
loc_95rw88jy,丹妮絲髮型(@),Clinics,台南市東區仁和路67號,,,,701,Taiwan,TW,06-2600012,,,22.97437641,120.23119699,country_normalized
loc_7g25kk2q,也家髮廊A-Plue(@),Clinics,台中市西區美村路一段250號,,,,403,Taiwan,TW,04-23024932,,,24.14839564,120.66119769,country_normalized
loc_pqm899gk,亞藝造型(V+)(@),Clinics,台北市中山區林森北路448號,,,,104,Taiwan,TW,02-25313887,,,25.06041059,121.52519911,country_normalized
loc_xpq2eej6,今愛菲(@),Clinics,宜蘭縣羅東鎮愛國路214號,,,,265,Taiwan,TW,03-9566214,,,24.68040437,121.76519950,country_normalized
loc_xpq2ee66,以林時尚,Salons,台北市萬華區中華路一段76巷1號,,台北市,萬華區,108,Taiwan,,02-23882936,,,25.04574900,121.50870002,country_inferred
loc_8ye56qg6,伊沙造型,Salons,花蓮縣花蓮市國富十街6號,,,,,Taiwan,Tw,03-8581090,,,23.98832060,121.59653580,country_normalized
loc_8ye588r6,作hair,Salons,台中市西區華美街498巷15號,,台中市,西區,403,Taiwan,,,,,24.15564218,120.66108316,phone_placeholder_blanked; country_inferred
loc_g2w9jjv7,光合髮廊,Salons,台北市大安區青田街12巷19號,,台北市,大安區,106,Taiwan,,02-23911325,,,25.02720999,121.53079396,country_inferred
loc_qzmyvv7y,克莉絲丹精品沙龍(@),Clinics,高雄市鼓山區河西一路1469號,,,,804,Taiwan,TW,07-5521708,,,22.65037110,120.29019708,country_normalized
loc_2mqrgg69,凱媃髮藝(@),Clinics,新北市林口區仁愛路二段119之1號,,,,244,Taiwan,TW,02-86011733,,,25.07441083,121.38319888,country_normalized
loc_8ye58896,剪約,Clinics,新北市淡水區北新路184巷11號1樓,,,,251,Taiwan,TW,02-26292870,,,25.17841252,121.44919898,country_normalized
loc_rkzgqq9q,千情(@),Clinics,台南市新營區博愛街68之1號,,,,730,Taiwan,TW,06-6353855,,,23.30438182,120.31319712,country_normalized
loc_rkzgqqwq,原美(V+)(@),Clinics,台中市西區中美街362號,,,,403,Taiwan,TW,04-23295002,,,24.15139570,120.66019769,country_normalized
loc_exy6227v,台北市美僑協會沙龍-採購部,Salons,台北市中山區北安路47號,,台北市,中山區,104,Taiwan,,02-28865912,,,25.07806099,121.52834896,country_inferred
loc_yzy8jjrv,品式髮型,Salons,高雄市鳥松區大華路173號,,高雄市,鳥松區,833,Taiwan,,07-3708031,,,22.65316102,120.33996801,country_inferred
loc_2mqrggv9,品慕概念沙龍,Salons,新竹縣竹北市莊敬南路65號,,新竹縣,竹北市,302,Taiwan,,03-6681466,,,24.81777402,121.02098398,country_inferred
loc_7g25kknq,囿樂YOLO,Salons,新竹市東區食品路480號,,,,,,,03-5277495,,,24.79421299,120.96607598,
loc_2mqrgg99,境域藝術沙龍(V*)(@),Clinics,高雄市鼓山區裕誠路1892號,,,,804,Taiwan,TW,07-5867665,,,22.66037127,120.29319709,country_normalized
loc_g2w9jjn7,壹玖壹參,Salons,台北市萬華區成都路27巷15號2樓,,台北市,萬華區,108,Taiwan,,02-23883431,,,25.04310698,121.50691501,country_inferred
loc_m7x8kkmv,好好 西門 Hair Salon(@),Clinics,台北市萬華區中華路一段158號3樓,,,,108,Taiwan,TW,02-23887058,,,25.04141029,121.50719908,country_normalized
loc_g2w9jj67,好所在髮廊(@),Clinics,高雄市鼓山區大順一路613號,,,,804,Taiwan,TW,07-5523025,,,22.65537119,120.30119710,country_normalized
loc_57wexx8n,妍婕沙龍(@),Clinics,宜蘭縣宜蘭市凱旋路129巷18號,,,,260,Taiwan,TW,03-9251801,,,24.72540510,121.76219950,country_normalized
loc_n9mz66m5,宅髮設計(@),Clinics,台中市北屯區崇德六路178號,,,,406,Taiwan,TW,04-22477837,,,24.18039617,120.68519773,country_normalized
loc_pqm899vk,小妮造型髮,Salons,花蓮縣花蓮市中山路410-6號,,花蓮縣,花蓮市,970,Taiwan,,03-8315679,,,23.98536399,121.60305804,country_inferred
loc_8ye588w6,尼亞(@),Clinics,台南市中西區城隍街118號,,,,700,Taiwan,TW,06-2285925,,,22.99137669,120.20919695,country_normalized
loc_pqm8992k,幸福髮型美容凱悅店(貨),Clinics,台北市大安區和平東路三段103號2樓,,,,106,Taiwan,TW,02-27359298,,,25.02464100,121.55019915,country_normalized
loc_69nezzp5,府美髮藝(V+),Clinics,高雄市苓雅區永定街91號,,,,802,Taiwan,TW,07-5370488,,,22.61837059,120.31119712,country_normalized
loc_xpq2een6,康朋髮型,Salons,高雄市苓雅區新光路28巷29號1樓,,,,,,,,,,22.61263699,120.30279703,
loc_8ye588k6,念 Salon(@),Clinics,台北市松山區復興北路313巷22號1樓,,,,105,Taiwan,TW,02-25469663,,,25.05841056,121.54519914,country_normalized
loc_vm9wnngm,斐覬謦髮藝(@),Clinics,桃園市桃園區成功路二段64號,,,,330,Taiwan,TW,03-3327765,,,24.99340950,121.31519876,country_normalized
loc_2mqrggq9,新翰專業美髮沙龍(@),Clinics,台中市北區一中街275號2樓,,,,404,Taiwan,TW,04-22253256,,,24.15339574,120.68619773,country_normalized
loc_k6mzxxvq,日常所在(@),Clinics,高雄市左營區富民路42號,,,,813,Taiwan,TW,07-5562955,,,22.65737123,120.30519711,country_normalized
loc_2mqrggk9,暖暖Nuan,Salons,台北市萬華區昆明街126號2樓,,台北市,萬華區,108,Taiwan,,02-23831969,,,25.04337399,121.50482901,country_inferred
loc_m7x8kkvv,曼都 亮琪店(10)(V+),Clinics,新北市新莊區中平路115號,,,,242,Taiwan,TW,02-22798546,,,25.04641036,121.44419898,country_normalized
loc_yzy8jjgv,曼都 內湖店(2)(VV)(@),Clinics,台北市內湖區成功路四段56號2樓,,,,114,Taiwan,TW,02-27924221,,,25.08241095,121.59199217,country_normalized
loc_95rw88qy,曼都 晶漾店(18)(@),Clinics,新北市板橋區雨農路62號,,,,220,Taiwan,TW,02-22508299,,,25.02441000,121.46019900,country_normalized
loc_pqm899pk,曼都 晶鑽店(18)(@),Clinics,新北市三峽區大學路147號2樓,,,,237,Taiwan,TW,02-86717438,,,24.94440868,121.37419886,country_normalized
loc_7g25kk9q,曼都 板一(6)(@),Clinics,新北市板橋區館前西路102號1樓,,,,220,Taiwan,TW,02-29692323,,,25.00740972,121.45719900,country_normalized
loc_g2w9jje7,曼都 泰山店(10)(V+)(@),Clinics,新北市泰山區明志路二段20號1樓,,,,243,Taiwan,TW,02-22979416,,,25.05341048,121.42919895,country_normalized
loc_qzmyvvqy,曼都 西湖店(2)(VV)(@),Clinics,台北市內湖區內湖路一段737巷25號,,,,114,Taiwan,TW,02-26582128,,,25.07941090,121.57819919,country_normalized
loc_jyewmm5e,曼都光輝,Salons,新北市新莊區民安西路205號1樓,,新北市,新莊區,242,Taiwan,,02-22066396,,,25.01478629,121.42606493,country_inferred
loc_wyvn225x,曼都晶亮店(18)(@),Clinics,新北市三峽區大義路253號,,,,237,Taiwan,TW,02-26733530,,,24.94640872,121.37719886,country_normalized
loc_m7x8kkyv,期期髮型(V*)(@),Clinics,高雄市苓雅區仁德街46-5號,,,,802,Taiwan,TW,07-3331477,,,22.61537053,120.30219710,country_normalized
loc_95rw88ry,杉林髮蘊,Salons,台中市西區五權一街86號,,台中市,西區,403,Taiwan,,04-23764999,,,24.13938829,120.66138441,country_inferred
loc_k6mzxxwq,李芸髮藝,Salons,台北市大安區忠孝東路四段2號4樓之9,,台北市,大安區,106,Taiwan,,02-27710313,,,25.04126100,121.54401197,country_inferred
loc_m7x8kk9v,柔驛玩美院,Clinics,台中市南屯區五權西路二段688號2樓,,,,408,Taiwan,TW,04-23893288,,,24.14233955,120.63197654,country_normalized
loc_57wexx5n,查理髮型 忠誠2店,Salons,台北市士林區忠誠路二段98巷1號1樓,,台北市,士林區,111,Taiwan,,02-28736701,,,25.11309500,121.53101097,country_inferred
loc_vm9wnnpm,歆雅髮藝工作室(@),Clinics,台南市麻豆區中興街23-2號,,,,721,Taiwan,TW,06-5710886,,,23.18137981,120.24719701,country_normalized
loc_m7x8kkrv,歐葉髮型,Clinics,宜蘭縣宜蘭市女中路一段220號,,,,260,Taiwan,TW,03-9386012,,,24.74834055,121.76419950,country_normalized
loc_rkzgqqnq,比堤Beatty(@),Clinics,新北市土城區樂利街3巷24號,,,,236,Taiwan,TW,02-82628769,,,24.98640937,121.44819898,country_normalized
loc_wyvn229x,水亞髮藝,Salons,新竹縣竹東鎮長春路三段299號,,新竹縣,竹東鎮,310,Taiwan,,03-5955670,,,24.74603490,121.08130904,country_inferred
loc_95rw88ey,水弄髮,Clinics,新竹市北區光華二街13號,,,,300,Taiwan,TW,03-5350370,,,24.81740660,120.97419820,country_normalized
loc_qzmyvvjy,沐藝造型沙龍(@),Clinics,新竹市東區食品路45號,,,,300,Taiwan,TW,03-5166001,,,24.79940632,120.98119822,country_normalized
loc_m7x8kkxv,沛 Hair (@),Clinics,苗栗縣苗栗市為公路159號,,,,360,Taiwan,TW,03-7372539,,,24.57040257,120.82619796,country_normalized
loc_zzpngg6w,泓美髮,Salons,新北市新店區安德街66號1樓,,新北市,新店區,231,Taiwan,,02-86662501,,,24.96196798,121.51055703,country_inferred
loc_jyewmmee,法桑淇(@),Clinics,台中市北屯區軍福十九路693號,,,,406,Taiwan,TW,04-22476217,,,24.18039617,120.70419776,country_normalized
loc_n9mz66w5,溫厚廊髮型藝術(關),Clinics,台北市松山區敦化北路155巷7號,,,,105,Taiwan,TW,02-27190990,,,25.05441049,121.55019915,country_normalized
loc_vm9wnnvm,漂亮造型,Salons,台北市中山區中山北路二段36巷23號,,台北市,中山區,104,Taiwan,,02-25239870,,,25.05437700,121.52131897,country_inferred
loc_8ye588j6,玉如妍(@),Clinics,桃園市桃園區中正路1378號2樓,,,,330,Taiwan,TW,03-3170168,,,25.02240997,121.29519873,country_normalized
loc_95rw88vy,玩髮型空間(@),Clinics,桃園市桃園區建國路55號1樓之2,,,,330,Taiwan,TW,03-3662530,,,24.98540937,121.31519876,country_normalized
loc_g2w9jjr7,珞卡髮型(@),Clinics,宜蘭縣宜蘭市中華路115巷6號,,,,260,Taiwan,TW,03-9366255,,,24.74840548,121.75219948,country_normalized
loc_57wexxkn,理髮殿,Clinics,台北市萬華區漢中街132號1樓,,,,108,Taiwan,TW,02-23610883,,,25.04141029,121.50719908,country_normalized
loc_wyvn228x,皮耶 垂楊店,Salons,嘉義市西區垂楊路519號,,嘉義市,西區,600,Taiwan,,05-2869538,,,23.47286002,120.44159900,country_inferred
loc_wyvn22vx,秀美髮沙龍(@),Clinics,台中市北屯區昌平路二段31-26號,,,,406,Taiwan,TW,04-24211065,,,24.18939632,120.68197731,country_normalized
loc_k6mzxx7q,米勒沙龍,Clinics,新北市淡水區英專路2巷24號1樓,,,,251,Taiwan,TW,02-26230169,,,25.16941237,121.44619898,country_normalized
loc_exy622vv,索米髮舍(V*)(@),Clinics,雲林縣斗六市九如街23號,,,,640,Taiwan,TW,05-5372157,,,23.70538839,120.53819749,country_normalized
loc_n9mz66q5,羽禾美學(@),Clinics,新北市林口區中山路538號,,,,244,Taiwan,TW,02-26023589,,,25.08341097,121.37819887,country_normalized
loc_yzy8jj7v,胤IN hair(V+)(@),Clinics,高雄市鼓山區美術東四路432號,,,,804,Taiwan,TW,07-5553639,,,22.65937125,120.29019708,country_normalized
loc_k6mzxxgq,芬妮斯(@),Clinics,新北市永和區仁愛路67號,,,,234,Taiwan,TW,02-29206177,,,25.01340982,121.51319909,country_normalized
loc_69nezz85,菲力克彩妝沙龍(全)(@),Clinics,台北市大安區復興南路一段79巷10號1樓,,,,106,Taiwan,TW,02-27213450,,,25.04441033,121.54419914,country_normalized
loc_2mqrgge9,菲雪,Clinics,台北市士林區中山北路六段754巷1號1樓(766巷右手邊第1間),,,,111,Taiwan,TW,02-28745989,,,25.11541150,121.52819911,country_normalized
loc_k6mzxxqq,萃(@),Clinics,台北市信義區仁愛路四段436號1樓,,,,110,Taiwan,TW,02-27580067,,,25.03741021,121.55819916,country_normalized
loc_xpq2eeq6,萍美,Salons,南投縣水里鄉八德街261號,,南投縣,水里鄉,553,Taiwan,,04-92771499,,,23.81100619,120.85112563,country_inferred
loc_exy622yv,蕾朵髮妝(@),Clinics,台中市霧峰區錦州路136之1號,,,,413,Taiwan,TW,04-23390052,,,24.07039437,120.70119776,country_normalized
loc_jyewmmne,蘇菲雅美髮沙龍(@),Clinics,彰化縣彰化市民族路274號,,,,500,Taiwan,TW,04-4233883,,,24.07139439,120.53919749,country_normalized
loc_8ye588n6,貝薇造型(@),Clinics,高雄市苓雅區林南街24號,,,,802,Taiwan,TW,07-2257583,,,22.62537070,120.31519712,country_normalized
loc_zzpngg5w,貳樓髮廊,Salons,宜蘭縣冬山鄉義成路三段195號二樓,,宜蘭縣,冬山鄉,269,Taiwan,,,,,24.66257269,121.76631748,country_inferred
loc_vm9wnnxm,貳肆hair,Salons,台北市大安區大安路一段51巷24號2樓,,台北市,大安區,106,Taiwan,,02-87718826,,,25.04301789,121.54712509,country_inferred
loc_95rw88xy,轉角髮型(@),Clinics,高雄市苓雅區廣東一街124號,,,,802,Taiwan,TW,07-7527727,,,22.62237065,120.31919713,country_normalized
loc_vm9wnn9m,采屋,Salons,台中市南區美村路二段20號,,台中市,南區,402,Taiwan,,04-23787921,,,24.13074282,120.66169043,country_inferred
loc_jyewmm9e,金殿沙龍(@),Clinics,雲林縣北港鎮光復一路2-10號,,,,651,Taiwan,TW,05-7821577,,,23.57038619,120.29919710,country_normalized
loc_m7x8kkpv,開始髮藝 Action hair(V*)(@),Clinics,台北市大安區延吉街137巷29號1樓,,,,106,Taiwan,TW,02-27789519,,,25.04241029,121.55519916,country_normalized
loc_wyvn226x,阿米亞髮型(Amya Hair)(@),Clinics,新北市三重區捷運路19巷31號,,,,241,Taiwan,TW,02-89853855,,,25.05741055,121.48419904,country_normalized
loc_vm9wnn6m,雅中櫻造型彩妝,Salons,新北市板橋區忠孝路74號,,,,,,,02-27595777,,,25.00195301,121.46135300,
loc_zzpnggww,雅各髮舍,Salons,台北市大安區復興南路一段267號2樓,,台北市,大安區,106,Taiwan,,02-27094486,,,25.03589230,121.54385481,country_inferred
loc_yzy8jjpv,雅澤工作室(@),Clinics,台北市大安區羅斯福路三段17巷11號,,,,106,Taiwan,TW,02-83692594,,,25.02441000,121.52519911,country_normalized
loc_zzpnggmw,靜 工作室,Salons,台南市北區海安路三段135巷26號,,台南市,北區,704,Taiwan,,06-2292171,,,23.00473299,120.19927299,country_inferred
loc_8ye588e6,馬汀莎兒,Salons,新竹市北區北大路239巷1號3樓,,新竹市,北區,300,Taiwan,,03-5244850,,,24.80693898,120.96439700,country_inferred
loc_exy622kv,髮之沙龍(@),Clinics,桃園市中壢區過嶺路一段12號,,,,320,Taiwan,TW,03-4201689,,,24.95964089,121.17619853,country_normalized
loc_k6mzxx9q,髮學苑有限公司,Clinics,桃園市中壢區吉林路49巷5-3號1樓,,,,320,Taiwan,TW,03-4613061,,,24.98040928,121.24719865,country_normalized
loc_yzy8jjyv,髮廊(V*)(@),Clinics,台中市北區青島西街79號,,,,404,Taiwan,TW,04-22936878,,,24.17039601,120.67319771,country_normalized
loc_7g25kkrq,髮律系髮藝雕塑(@),Clinics,高雄市苓雅區廣東一街91巷35號,,,,802,Taiwan,TW,07-7716616,,,22.62137063,120.31819713,country_normalized
loc_69nezz25,髮的經典,Salons,桃園市大園區果林路83號,,桃園市,大園區,337,Taiwan,,03-3839070,,,25.07552940,121.25825500,country_inferred
loc_69nezzy5,髮調創意沙龍(@),Clinics,台南市中西區南門路46之10號,,,,700,Taiwan,TW,06-2140151,,,22.98537659,120.20319694,country_normalized
loc_7g25kkwq,麗莎髮學空間,Clinics,台南市北區北安路一段101號,,,,704,Taiwan,TW,06-2526217,,,23.01637710,120.20919695,country_normalized
loc_95rw889y,黑鵝摩沙 HAIR MOSA LAB,Salons,台北市大安區大安路一段175巷5號,,台北市,大安區,106,Taiwan,,02-27099090,,,25.03652899,121.54663199,country_inferred
loc_jyewmmje,龍澤髮型沙龍(V*)(@),Clinics,台北市北投區立農街一段257巷10弄10號,,,,112,Taiwan,TW,02-28208585,,,25.11941156,121.50519908,country_normalized
