store_name,address,city,state,zip_code,phone_number,email,website
Lumily Lash & Brow,"20121 West Lake Houston Pkwy, #1000",Humble,TX,,8329554996,lumilylashbrows@gmail.com,
Emily Anne Esthetics,"372 South Independence Blvd, #103",Virginia Beach,Virginia,,7577444218,emilyanne.esthetics@outlook.com,www.emilyanneesthetics.com
Bella Beautee Skin,"4425 Plano Pkwy, #1304",Carrollton,TX,,2145098209,bellabeauteeskin@gmail.com,bellaBeauteeSkin.Com
Vanity Face Designs by Tabita,301 N Pine Island Rd,Plantation,FL,,(754) 779-3396,Vanityfacedesigns@gmail.com,https://www.vanityfacedesigns.com/
Spa Nicole,"6819 York Ave S, #134",Edina,Minnestoa,,(612) 396-5797,,
The Stillwater Wellness Center,"13635 E 104th Ave, #150",Commerce City,Colorado,,720-690-4699,Thelittleorchidas@gmail.com,https://www.vagaro.com/thestillwaterdayspa
Pink Beauty Room,"730 W. Sand lake rd, #170",Orlando,Florida,,843-224-0079,,
Illume Brow and Skin Studio,"3355 N Lincoln Ave, #19",Chicago,IL,,773-980-6759,dean@illumebrowskinstudio.com,www.illumebrowskinstudio.com
On Cloud Nine Skincare + Bliss,"202 S 1st Ave, #202A",Yuma,AZ,,928-916-6147,elisa@oncloudnineyuma.com,https://oncloudnineyuma.com/
Raleigh Laser & Aesthetics,"5520 McNeely Drive, #204",Raleigh,North Carolina,,(919) 747-9912,kathleen.citron@foundationmed.com,www.raleighlaseraesthetics.com
Northern Aura Wellness,"688 Hague Avenue, #22",St. Paul,Minnesota,,,,https://www.northernaurawellness.com/
Skin Essentials Spa,"3705 Lakeview parkway, #300A",Rowlett,Tx,,469-912-1553,morganschimmel@yahoo.com,
Beauty by Ashlen,"25 14th Ave S, #35 Down Stairs",Nampa,ID,,15624817901,beautybyashlen@yahoo.com,http://beautybyashlen.com/
The Beauty Bar Salon,"5894 Fulton Drive NW, #B",Canton,OH,,(330) 208-7070,tarafuss@gmail.com,https://www.facebook.com/thedreamsalonboutique/
Lisa Nadler Skin Care and Waxing,"Located inside: Phenix Salon Suites, 1979 East 17th Street, Suite 110",Santa Ana,California,,(714) 654-8234,,www.lisanadlerskincareandwaxing.com
Bare Skin Facial and Waxing Studio,"2921 E. Jefferson, 3rd Floor",Detroit,Michigan,,313-326-3700,,www.bareskindetroit.com
SKINdulgence Skincare Studio,"519 American Legion Highway, Build 4",Westport,Massachusetts,,(508) 493-5880,amy.skindulgence@gmail.com,
Inner Glow Skin Care & Waxing Studio,"26689 Pleasant Park Rd, Building A, Suite 230",Conifer,Colorado,,720-343-9582,billy@myinnerglowskincare.com,https://www.myinnerglowskincare.com/
Essential Skincare,"6721 5th Ave, Building B Suite 202",Sylvania,Ohio,,,,
Solange & Sunny,"Royal Palm Place, Friars Hill Road",St. John’s,Antigua,,1(268)463-0609,contact@solangeandsunny.com,www.solangeandsunny.com
Serenity by the Sea Spa- Hilton San Destin Beach,"4000 Sandestin Blvd S, Hilton San Destin Beach Golf Resort and Spa",Miramar Beach,FL,,(850) 267-9685,cpirc@hiltonsandestinbeach.com,ttps://hiltonsandestinbeach.com/serenity-by-the-sea
"The Salon Professional Academy, Howell, NJ","4741 US Hwy 9, Howell Commons (next to Old Navy)",Howell,NJ,,732-719-4155,info@tspahowell.com,www.tspahowell.com
Ari Wax Skin,15 West Montgomery Ave,Rockville,Maryland,,240 949 2575,ariwaxskin@gmail.com,https://www.ariwaxskin.com/
Salon Lofts in Savannah Park,"4720 International Parkway, Loft #9",Sanford,Florida,,(407) 461-4061,,
Spa Nineteen,"19 W 1st Street, Lower Level",Hinsdale,IL,,630-819-8107,Info.spanineteen@gmail.com,https://square.site/book/6K5PYDAM5XH2K/spa-nineteen-hinsdale-il
My Beautique Boston,"41 Putnam St, Office D",Winthrop,MA,,617-505-8026,mybeautiqueboston@gmail.com,https://www.mybeautiqueboston.com/
Forever Valentine,"1901 South 9th Street, Room 529",Philadelphia,PA,,(856) 371-4275,forevervalentinebeauty@gmail.com,https://www.forevervalentinebeauty.com/
Posh Skin Lab,"8335 Westchester Dr #10, Room 66 & 67",Dallas,TX,,(469) 647-6632,info@poshskinlab.com,https://www.poshskinlab.com/
Lancaster’s Luxe Lashes and Spa LLC,805 Estelle Drive Suite 108A,Lancaster,Pennsylvania,,717-537-9987,info@lancastersluxelashes.com,
L'ambiance Divine Inc,"11900 Biscayne Blvd, Spa D",Miami,FL,,(904) 226-0015,Lambiancedivine@gmail.com,
My Moroccan Spa,"930 Mason Street, Ste 101",Dearborn,Michigan,,313-551-3583,info@mymoroccanspa.com,www.mymoroccanspa.com
Renewed Skin Spa,"308 W Parkwood Ave, Ste 106",Friendswood,TX,,6027754616,Makennahfw@gmail.com,Renewedskinspa.glossgenius.com
The Tranquil Spa,"295 East 29th St, Ste 130",Loveland,Colorado,,(970) 657-4227,TheTranquilSpa@gmail.com,TheTranquilSpa.com
Feelin' & Lookin' Good,"6914 E Fowler Ave, Ste A",Tampa,FL,,(813) 957-0454,facialhealth@verizon.net,http://feelinlookingood.com/
Relax Station Spa,"12345 S. Memorial Dr., Ste. 113",Bixby,OK,,918-364-1250,info.relaxed.u@gmail.com,www.relaxed-u.com
Terra Pure Skin Spa,"300 E. John Street, Ste. 146",Matthews,NC,,704-702-6117,terrapureskinspa@gmail.com,www.terrapureskin.com
Lugn Esthetics,"1200 W.Eleventh Street, STE. 231",Traverse City,MI,,(231) 357-0553,lugnesthetics@gmail.com,https://www.lugnesthetics.com/
Elan Esthetics,"2635 Kent Avenue, Suite #102",Ames,IA,,(515) 450-8259,esthiwithlexi@gmail.com,https://www.vagaro.com/us04/elanspa/services
Beautifully Bare LV,"9765 W. Charleston Blvd., Suite #104",Las Vegas,Nevada,,702-445-8799,,
Premier Medspa,"2001 North Collins Blvd, Suite #105",Richardson,TX,,(214) 730-6300,Katy@premiermedspatx.com,https://premiermedspatx.com/
Strut Spalontique,"5 Metro Park Road, Suite #4",Albany,NY,,(518) 458-8788,strutspalontique@hotmail.com,http://www.strutspalontique.com/
Blush Aesthetic Spa,"307 West Winnie Lane, Suite #6",Carson City,Nevada,,7754303918,Blushcarsoncity@gmail.com,Www.blushcarsoncity.com
The Royal Treatment,"2523 Railroad Avenue, Suite #6",Bismarck,ND,,707-400-5937,sonyakaiser@msn.com,
Skin Solutions MedSpa LLC,"4239 Penn Ave, Suite #7 (rear of building)",Sinking Spring,PA,,(610) 370-7000,contactus@skinsolutionsmedspallc.com,https://skinsolutionsmedspallc.com
Beyond Beauty Skin Therapy,"1924 Market Street, Suite 1",Camp Hill,PA,,(717)695-6583,beyondbeautyskintherapy@gmail.com,https://www.beyondbeautyskintherapy.com/
Wild Beauty Cosmetics,"4630 Soquel Drive, Suite 1",Soquel,CA,,831-247-6215,danielle@wildbeautycosmetics.com,wildbeautycosmetics.com
The Skin Connect,"154 Orchard St., Suite 1",New York,NY,,3478211444,natalie@theskinconnect.com,http://theskinconnect.com/
The Lavender Bar,"1630 Buford Highway, Suite 10",Buford,GA,,(678) 765-7055,support@thelavenderbar.com,http://www.thelavenderbar.com/
Seneca Resorts & Casino,"6000 Packard Road, Suite 100",Niagara Falls,NY,,(716) 501-2872,ap@senecacasinos.com,https://senecaniagaracasino.com/
"Advanced Dermatology Associates, LTD","1259 S Cedar Crest Blvd, Suite 100",Allentown,PA,,6104374134,info@adaltd.com,www.adaltd.com
North Georgia Skin Solutions,"24 Waleska Street, Suite 100",Canton,GA,,4703485086,ngaskinsolutions@gmail.com,www.northgeorgiaskinsolutions.com
Tranquil Radiance Spa,"10800 N. Military Trail, Suite 101",Palm Beach Gardens,Florida,,561-758-9635,tranquilradiancespa@gmail.com,www.tranquilradiancespa.com
élan spa & lash bar,"2635 Kent Ave, Suite 102",Ames,IA,,515-450-8259,elanspa.ames@gmail.com,http://elanspalash.com
Happie Soul Wellness,"5000 Lenker Street, Suite 103",Mechanicsburg,PA,,(717) 254-7250,Admin@happiesoul.me,
IMR Massage,"8872 South Eastern Avenue, Suite 103",Las Vegas,NV,,(702) 482-8585,Erica@IMRmassage.com,https://imrmassage.com/
Refresh Med Spa,"1401 Blair Street, Suite 103",Hollidaysburg,PA,,8143175334,therefreshmedspa@gmail.com,http://www.radiancedayspa.net/
208 Massage & Spa,"714 W Appleway Ave 
Suite 102",Coeur d’Alene,ID,,2086277243,info@208massageandspa.com,www.208MassageAndSpa.com
Halo Aesthetics,"664 SE Bayberry lane, Suite 104",Lees Summit,Missouri,,816-269-9591,,
"Sherry Lentfer, OD - Katmai Eye and Vision Center/Neuro Vision Performance Center","12570 Old Seward Hwy, Suite 104",Anchorage,Alaska,,907 334-3937,,https://katmaieye.com/
Riviera Spa - Dallas,"4514 Travis Street, Suite 105",Dallas,TX,,(214) 521-2112,manager-tw@rivieraspa.com,https://rivieraspadallas.com/
Thee Bestetician,"5170 S 76th Street, Suite 105",Greenfield,WI,,4144361981,shante@theebestetician.com,https://www.vagaro.com/theebestetician
Alivio Health,"5045 Old Hickory Blvd, Suite 105",Hermitage,TN,,6159647307,Sm@aliviohealth.org,https://AlivioHealth.org
Cici Skincare,"6701 Sunset Drive, Suite 105",Miami,FL,,3054984500,Hello@ciciskincare.com,www.ciciskincare.com
"Pampered Services, LTD. (located in Salon Concepts Dent)","6701 Ruwes Oak Drive, Suite 108",Cincinnati,Ohio,,5136462902,michelle@pamperedservicesltd.com,https://pamperedservicesltd.com/
Skin Trust,"7350 West College Drive, Suite 108",Palos Heights,IL,,708-541-9191,jill@skintrust.net,
Glogetter Aesthetics,"726 E Emma Avenue, Suite 108A",Springdale,AR,,(479) 422-2948,glogetteraesthetics@gmail.com,
Sunshine Esthetics,"15830 E Imperial Hwy, Suite 11",La Mirada,CA,,562774333,Info@sunshine-esthetics.com,
The Facial Studio by Ira,"313 S. Main St., Suite 110",Kannapolis,NC,,(704) 467-4950,,
Lavish Hair Studio,"1212 US HWY 80 East, Suite 1100",Pooler,GA,,(912)348-3053,,https://lavishhairpooler.com/
Bella Noor Skincare,"30 East 60th, suite 1103",NY,NY,,1-347-476-8772,info@bellanoorskincare.com,http://www.bellanoorskin.com/
ANU Beauty and Wellness Bar,"4220 Cartwright Rd, Suite 1104",Missouri City,Texas,,8328744498,,
Megan Marlene Skincare,"609 N Pacific Coast Hwy, Suite 111",Redondo Beach,CA,,(310) 962-2895,meganmarleneskincare@gmail.com,
Fire & Ice Cryo Med Spa,"650 S. Jefferson Ave, Suite 112",Cookeville,TN,,(931) 559-3473,,https://www.fireicemedspa.com/
Jeremy Stephens Salon,"5220 Peridot Place, Suite 116",Hoover,AL,,2054020022,Jeremystephenssalon@gmail.com,Www.jeremystephensbrand.com
Our Little Secret Aesthetics,"6309 Corporate Ct., Suite 120",Fort Myers,FL,,908-216-2743,drjules@ourlittlesecretaesthetics.com,http://www.ourlittlesecretaesthetics.com/
Rebecca Leanne Esthetics,"25109 Jefferson Avenue, Suite 120",Murrieta,CA,,7605768574,rebesthetics@gmail.com,
Avena Sativa Spa and Boutique,"2901 N Central Expy, Suite 125, Room 8",Plano,Texas,,469-693-6604,,
Nourish Skin Nashville,"1226 Lakeview Drive
Suite G",Franklin,TN,,6152950055,care@nourishskinnashville.com,nourishskinnashville.com
LF Aesthetics,"400 Highland Avenue, Suite 13 studio 5",Salem,MA,,9788369320,,
"Radiant Skin by Kerry, Inc.","900 Northern BLVD, Suite 130",Great Neck,NY,,516-655-3403,,www.4skindivas.com
Drip Aesthetics,"2450 Velp Avenue, Suite 16",Green Bay,WI,,(810) 623-9343,dripskinpmu@gmail.com,
The Contouring Co.,"7391 West Charleston Blvd, Suite 170",Las Vegas,NV,,702-355-0870,Msherburner@gmail.com,Thecontouringco.com
U Beauty & Skin,"439 N 6th Avenue, Suite 187",Tuscon,AZ,,(520) 808-1195,kbanks810@gmail.com,
U. beauty & skin,"439 N 6th Ave, Suite 189",Tucson,Arizona,,,U. beauty & skin,
Happy Hour Derma Bar,"8950 E Germann Road, Suite 19",Mesa,AZ,,(480) 915-9985,happyhourdermabar@gmail.com,WWW.HAPPYHOURDERMABAR.COM
"Wildflower Aesthetics, LLC.","226820 Rib Mountain Drive, Suite 19",Wausau,WI,,7152126970,wildfloweraestheticswi@gmail.com,vagaro.com/wildfloweraesthetics1
Ecco Natura Skin,"8810 Commodity Circle, Suite 1B",Orlando,FL,,(787) 479-8718,ecconaturaskin@gmail.com,https://www.instagram.com/ecconaturaskin
District Hair & Body,"502 SW A ST, Suite 2",Bentonville,AR,,4793663405,nwadistrict@gmail.com,www.nwadistrict.com
La Estie,"1616 South Victory Blvd, Suite 201",Glendale,CA,,8187383259,Lilmissonly@gmail.com,Instagram.com/la.estie
"Beauty Bar 201, Granger IN","51160 Bittersweet Road, Suite 201",Granger,IN,,574.313.1404,Thebeautybar201@gmail.com,Www.beautybar201.com
Ashley Sigdestad,"9666 Businesspark Ave, Suite 201",San Diego,California,,619-890-7966,,
Solana Aesthetics,"1216 Pleasant Valley Blvd, Suite 202",Altoona,Pennsylvania,,814-240-5598,,
Haven Skin Studio,"209 4th Ave S, Suite 202A",Edmonds,WA,,(206) 450-8229,hssedmonds@gmail.com,http://www.hssedmonds.com/
Sacred Bee Beauty,"3674 S. Jordan Pkwy, Suite 204",South Jordan,UT,,801-441-8982,,https://www.vagaro.com/sacredbeebeauty
The Luxe Touch Skin Boutique & Spa,"29433 Southfield Rd, Suite 204",Southfield,Michigan,,248-763-1556,info@theluxetouchskinboutique.com,www.theluxetouchskinboutique.com
Face Forever Spa,"7239 Sawmill Rd, Suite 205A",Dublin,Ohio,,614-702-8687,,
Skin by Shelby,"158 Tuskawilla Road B2328, Suite 207",Winter Springs,FL,,4075887320,skinnbyshelby@gmail.com,https://www.skinbyshelby.com/
La Bella Skin,"18625 Sherman way, Suite 208",Reseda,California,,818 578-8455,,
Elevated Aesthetics - San Juan Capistrano,"30290 Rancho Viejo Rd, Suite 210",San Juan Capistrano,California,,19492921867,Elevatedaesthetics22@gmail.com,www.elevatedaesthetics.org
Citrus and Willow Aesthetics,"3350 W Americana Terrrace, Suite 210-A",Boise,Idaho,,(208) 340-8169,,https://citrusandwillow.com/
Bliss & Skin,"23 Green St, Suite 211",Huntington,NY,,631-403-3371,hello@blissandskin.com,
Love Your Face Aesthetics Studio,"3674 South Jordan Parkway, Suite 212",South Jordan,UT,,4356335190,Loveyourface.ut@gmail.com,
Niknackbeauty Bar LLC,"9 E Loockerman Street, Suite 215",Dover,DE,,(302) 592-8438,niknackbeautybar@gmail.com,https://niknackbeautybar.square.site/
Essential Escape Spas,"16000 Pearl Road, Suite 215",Strongsville,Ohio,,(216) 815-5711,,
Below the Surface Wilmington NC,"3807 Wrighsville Avenue, Suite 22",Wilmington,Nc,,919-820-3412,belowthesurfaceskincare@gmail.com,Belowthesurfacewilmington.com
BOHO Med Spa,"977 Raintree Circle, Suite 220",Allen,TX,,9729080903,Info@bohomedspa.com,Www.bohomedspa.com
BEAUTY EPITOME,"890 E 116TH St., Suite 220, Room 2",Carmel,Indiana,,317.659.3910,,
Skin Therapy,"143 Ridgeway Dr, Suite 229",Lafayette,LA,,337-207-3466,Amy@skintherapybyamy.com,
Nourish Skin Therapy and Lash,"2712 Hendersonville Rd, Suite 230A",Arden,North Carolina,,828-620-2253,Nourishskintherapyandlash@gmail.com,Nourishskintherapyandlash.com
Riviera Spa- Nashville,"3990 Hillsboro Pike, Suite 240",Nashville,TN,,(615) 850-8443,info-gh@rivieraspa.com,https://rivieraspanashville.com/
Fireflies Salon & Spa,"30500 St Hwy 181, Suite 240",Spanish Fort,AL,,(251) 626-0707,firefliessalon@gmail.com,https://www.firefliessalon.com/
Crown Jewel Esthetics,"255 S 17th Street, Suite 2407",Philadelphia,PA,,2679840969,Jewellee@crownjewelesthetics.com,www.crownjewelesthetics.com
Belle Arte medspa,"1300 114th avenue SE, suite 252",Bellevue,WA,,425-8995600,Info@belleartemedspa.com,Www.belleartemedspa.com
Artistry by Annette,"44175 W 12 Mile Rd F136, Suite 27",Novi,MI,,2489806235,Artistrybyannette@yahoo.com,http://artistrybyannette.com/
Honest Skin,"4250 Pacific Highway 
Suite 229",San Diego,CA,,8583446333,team@honestskin.co,www.honestskin.co
The Wax Den Studio and Spa,"562 Kingsland Street, Suite 3",Nutley,NJ,,973-542-8442,jae@thewaxden.com,https://www.thewaxden.com/home
Flawless by Alina,"2839 Agoura Road, Suite 30",Westlake Village,CA,,8182741929,flawlessbyalina@gmail.com,
Balanced Skincare and Massage,"6011 Durand Avenue, Suite 300",Mount Pleasant,WI,,(262) 498-0189,sadreger@hotmail.com,
Radiant Skin- Richmond Hill,"2591 Highway 17, Suite 301",Richard Hill,GA,,(912) 459-7546,radiantskinrichmondhill@gmail.com,https://radiantskinrichmondhill.com/
Savij Beauty,"1810 Galleria Blvd, Suite 302",Charlotte,North Carolina,,980-288-8284,,
"LG Advanced Skincare, Inc","6279 W Sample Road, Suite 303",Coral Springs,FL,,9547099297,lissetteherrer@gmail.com,
Fizz Facial Bar - Conway,"2235 Dave Ward Drive, Suite 303",Conway,AR,,501-504-6882,conway@fizzfacialbar.com,https://www.fizzfacialbar.com/
Darling Skin Bar,"150 Thunderbird Drive, Suite 305",Richmond Hill,Georgia,,(912) 658-9431,darlingskinbar@outlook.com,https://darlingskinbar.glossgenius.com/
The Pink Room Aesthetics Boutique,"2605 8th Ave. S., Suite 33",Nashville,TN,,5023109803,Maria@pink-room.org,www.pink-room.org
The Face Space,"19056 Gulf Freeway, Suite 35",Friendswood,TX,,8325090769,joshua@thefacespacestudio.com,Thefacespacestudio.com
Taraesthetics,"75 Main St., Suite 4",Putnam,CT,,860-928-5770,Tara@taraesthetics.com,http://www.taraesthetics.com/
Ojas Wellness- Bare Hills,"1423 Clarkview Rd., Suite 400",Baltimore,MD,,4106646527,karen.milling@ojaswellness.com,https://www.ojaswellness.com/#
Bask Brows And Skin,"3901-C Bellaire Blvd, Suite 410",Houston,Texas,,832.786.8233,hello@baskhouston.com,https://baskhouston.com/
Skin Addict,"2472 Patterson Rd, Suite 5",Grand Junction,Colorado,,(970) 812-3357,,
Cheeky Skin & Wax Studio,"4913 Harroun Rd, Suite 5",Sylvania,Ohio,,,,
Lindeza Day Spa,"1049 Broadway, Suite 5",West Long Branch,NJ,,(732) 963-9581,anna@lindezadayspa.com,http://www.lindezadayspa.com/
Kiss Her Face Aesthetics,"8765 Stockard Drive, Suite 503",Frisco,TX,,2144077001,Sabrina@kissherfaceaesthetics.com,Kissherfaceaesthetics.com
Beauty Skin By Gomez,"68487 E Palm Canyon Dr, Suite 57",Cathedral,CA,,7606689535,Jackelin53@icloud.com,
Charlenesthetics,"387 N Woodlawn, Suite 6",Wichita,KS,,3167121483,charlenesthetics@gmail.com,Charlenesthetics.com
COREQUEST YOGA STUDIO & SPA,"205 E Main St, Suite 6",Wautoma,Wisconsin,,,,https://www.corequestyoga.com/
Complexions,"5200 N. McColl Rd, Suite 6",McAllen,TX,,9569041670,complexions956@gmail.com,
Perfect Touch Brows,"12300 Jefferson Avenue, Suite 601",Newport News,Virginia,,(757)-933-7477,,
Fox & Schingo Plastic Surgey,"1214 Troy-Schenectady Road, Suite 7",Latham,NY,,(518) 346-2358,alexander.aesthetician@gmail.com,https://www.foxandschingo.com/
Radiance Advanced Skincare & Laser,"75 Post Office Park, Suite 7504",Wilbraham,MA,,(413) 262-6678,kellyc15@live.com,https://www.radiancekelly.com/
Go Yolande Skin Spa,"251 S Willow Ave, Suite 1",Cookeville,Tennessee,,(931) 385-0970,goyolandeskin@gmail.com,
Perfekt Skin,"319 Middle Country Road, Suite 8",Smithtown,New York,,718-757-9256,,www.perfektskin.com
Cloud9 Beauty,"619 Main Street, Suite 9A",Frisco,CO,,3155725535,Lyanneforest@gmail.com,cloud9-beauty.com
M Ko Esthetics,"5979 Bandel Rd NW, Suite A",Rochester,Minnesota,,307-214-0488,,
Belle Visage Medical Aesthetics,"509 SW Wilshire Blvd, Suite A",Burleson,TX,,8177206320,TeamBelle@BelleBurlesonMedSpa.com,www.BelleBurlesonMedSpa.com
Mermaid Labs,"20 Abe Voorhees Drive, Suite A",Manasquan,New Jersey,,936-666-0411,,
Babe Lab,"11900 Biscayne Blvd, Suite B",Miami,FL,,(305) 980-0766,babelabofficial@gmail.com,www.babe-lab.com
Skin Care by Amanda,"2800 Gause E., Suite B",Slidell,LA,,985-640-5830,skincarebyamandaslidell@yahoo.com,www.skincarebyamandaslidell.com
Pure Life Skin Studio,"288 Aragon Avenue, Suite B",Coral Gables,FL,,7864717124,info@purelifeskinstudio.com,www.purelifeskinstudio.com
"Bare Body in North Chesterfield, Va","605 Research Road, Suite B",North Chesterfield,Virginia,,8049559085,Info@barebodyva.com,Www.barebodyva.com
Lenox Skincare,"6424 N Santa Fe, Suite B",Oklahoma City,Oklahoma,,405-217-3936,,www.lenoxskincare.com
Alexsandra Esthetics,"312 Cottage Street, Suite B",Sanford,ME,,207-569-4407,AlexsandraRaye@icloud.com,
Strong Aesthetics,"11823 Old Glenn Hwy, Suite B",Eagle River,Alaska,,902-382-1326,,
Silver Stone Salon Spa,"1505 Highway 31 South, Suite B.",Hartselle,AL,,256-773-4407,,www.silverstonesalonspa.com
Art of Skin Rx,"7125 S. 29th St., Suite B1",Lincoln,NE,,402-260-4321,info@artofskinrx.com,http://www.artofskinrx.com/
Bluewater Wellness Aesthetics &amp; Massage,"1072 NC 210 Hwy, Suite C",Sneads Ferry,NC,,910-741-0570,Info@bluewater-wellness.com,Bluewater-wellness.com
Skin Spa Utah,"6298 South 900 East, Suite C",Murray,UT,,8017927994,hellobeautiful@skinspautah.com,Skinspautah.com
Spring Lake Day Spa,"110 S Lake Avenue, Suite C",Spring Lake,Michigan,,(734) 260-0787,Susanv@springlakedayspa.com,www.springlakedayspa.com
Pura Vita Day Spa,"6511 Highway 105 W, Suite C",Conroe,Texas,,(936) 202-8575,,https://www.puravitadayspaconroe.com/
AnaVia Massage and Wellness,"550 Third Avenue, Suite C",Rensselaer,NY,,(518) 281-9809,signatureskincarebymary@gmail.com,
Ocean Brows & Aesthetics,"1522 Penman rd, Suite C7",Jacksonville Beach,Florida,,9043007188,oceanbrowsjax@gmail.com,www.oceanbrows.com
Kaffee's Garden Spa,"4100 S. Dixie Hwy, Suite D",West Palm Beach,FL,,(561) 833-4483,kaffeesspa@aol.com,https://www.kaffeesgardenspa.com/
Eleven Esthetics,"2690 5th St., Suite D #142",Alameda,CA,,(510) 545-3558,info@elevenesthetics.com,https://www.elevenesthetics.com/
REJUVEN8 Med Spa,"9928 South Jog Road West Palm Beach FL 33415 United States Map, SUITE D2",West Palm Beach,FL,,(561) 990-9914,maggie@rejuven8med.com,https://rejuven8med.com/
exhale. infusions & aesthetics,"2509 N Main St, Suite E",Summerville,South Carolina,,(843) 885-9399,,
"Foot, Skin, and Body Wellness","3038 N Federal Highway, Suite H",Ft. Lauderdale,FL,,(954) 684-6059,,https://www.medicalpedicureandskincare.com/
Wisteria,"1616 Woodruff Road, Suite H",Greenville,South Carolina,,864.331.3333 (ext. 4),,
Lakeside Skincare,"2000 Mcculloch Blvd. N, Suite J",Lake Havasu City,Arizona,,(928) 505-2202,,
Ojas Wellness- Cockeysville,"10540 York Street, Suite M",Cockeysville,MD,,4104727077,karen.milling@ojaswellness.com,https://www.ojaswellness.com/
Sanibel Day Spa,"2075 Periwinkle Way, Unit # 24",Sanibel,FL,,239) 395-2220,info@sanibeldayspa.com,http://sanibeldayspa.com/
18 Spa,"1135 N Lincoln Ave, Unit 1",Loveland,CO,,970-587-3008,info@18spaco.com,https://www.18spaco.com
Esplanade Lakewood Ranch,"5220 Hyland Hills Avenue, Unit 1213",Sarasota,FL,,(941) 253-2912,csteere@taylormorrison.com,https://www.esplanadelwr.com/Wellness/Koquina_Sand_Spa
The Spa Haus,"182 Merrick Road, Unit 13",Amityville,New York,,(631) 608-0252,info@thespahaus.com,
Luminous Skin Facials,"817 S. MacArthur Blvd., Unit 140 Room 7",Coppell,Texas,,214-909-1402,,
Lotus Skincare Studio,"1380 SW Vintage Pkwy, Unit 209",Ankeny,IA,,(515) 357-3436,sierra@lotusskinstudio.com,https://www.lotusskinstudio.com/
Grace Facial Studio,"14909 Fitzhugh Rd, Unit B",Austin,TX,,512-447-2888,,https://pinkwestsalon.com/
Sublime Skin Studio,"4553 North Shallowford Road, Unit C90",Atlanta,Georgia,,(404) 219-1151,Sublimeskinstudios@gmail.com,www.sublimeskinstudios.gembook.com
Ojas Wellness- Columbia,"6020 Meadowridge Center Dr., Unit E",Elkridge,MD,,443-445-3444,karen.milling@ojaswellness.com,https://www.ojaswellness.com/#
Etoile Salon - Advanced Nail Care &amp; Beauty Boutique,"6460 E Yale Ave, Unit E-50",Denver,Colorado,,3036395167,info@etoilenailsspa.com,www.etoilenailsspa.com
The Skin & Co.,"536 Southing Grange, Unit G",Cotage Gfrove,WI,,(920) 728-4232,facesonmain@gmail.com,https://www.theskinandcompany.com/
AnnaK aesthetics,"325 East Army Trail Road, Unit I",Glendale Heights,Illinois,,,Annakaesthetics@gmail.com,
High Definition Esthetics,"2670 E County Line Rd, Unit M Studio 104",Highlands Ranch,CO,,3036690255,jade@highdefesthetics.com,highdefinitionesthetics.com
Your Face Place at Kismet,5715 Linglestown Rd.,Harrisburg,PA,,717-307-1399,yourfaceplaceatkismet@gmail.com,https://www.facebook.com/panachesalonhbg/
AD Facials,800 US-290 Building D Suite 500,Dripping Springs,TX,,5128046492,Amy@adfacials.com,www.ADfacials.com
"Plush Studios Day Spa, Med Spa &amp; Salon",1423 38th St W,Billings,MT,,4069692018,Plushskincarestudio@gmail,www.plushskincarestudio.com
Soulmate Skin,185 First Street,Woodland,CA,,530.867.9161,maria@soulmateskin.com,www.soulmateskin.com
Le Bon Visage,1297 St Charles St,Houma,LA,,985-856-1817,Lebonvisage.glossgenius.com,
Kissed by Kayla Esthetics,3738 State Rte 30,Lonedell,MO,,(636) 359-5663,kissedbykaylaesthetics@gmail.com,https://www.facebook.com/profile.php?id=100094256479155
Lindsay Taylor Spatique,45 East Main Street,Westborough,MA,,,Lindsaytaylorspatique@gmail.com,https://www.lindsaytaylorspatique.com/
Progressive Laser and Spa,565 Hooper Road,Endwell,NY,,607-786-6222,News@progressivelaserny.com,https://progressivelaserny.com/
Mabel's Skin Care,"601 S B Street, Suite B",San Mateo,CA,,(650) 246-4659,aloha@mabelsskincare.com,https://mabelsskincare.com
Ojas Wellness- Pikesville,1848B Reisterstown Rd.,Pikesville,MD,,410-356-7080,karen.milling@ojaswellness.com,https://www.ojaswellness.com/#
The Fountain Spa - Hackensack,10 Riverside Square Mall,Hackensack,NJ,,201-327-5155,customerservice@thefountainspa.com,https://www.thefountainspa.com/
The Fountain Spa - Ramsey,1100 Route 17 North,Ramsey,NJ,,201-327-5155,customerservice@thefountainspa.com,https://www.thefountainspa.com/
Spruced Brow and Skin LLC,144 Bernard Street,East Saint Paul,MN,,(314) 307-5971,Jaclyn@sprucedbrowskin.com,https://www.sprucedbrowskin.com/
"Integrative Skin Care, LLC",138 Kaime Road,Chichester,NH,,(603) 731-3855,loveetlast@aol.com,
Healthy Beautiful Skin and Tan,6642 Lassen Drive,Buena Park,CA,,(714) 625-7402,hbskinandtan@gmail.com,https://www.healthybeautifulskinandtan.com/
Salon Allure,5330 Main Street,Williamsville,NY,,716-633-7735,Maria.salonallure@gmail.com,https://www.salonallureny.com/
After FX Spa and Salon,2237 West Washington St,Broken Arrow,OK,,(918) 451-2445,afterfxsalon@gmail.com,https://www.afterfxsalon.com/
My Facial Girl,103 East Arlington Street,Satellite Beach,FL,,(407) 247-3665,christy@myfacialgirl.com,https://www.myfacialgirl.com/
Oak and Shield Spa,86 Rocky Creek Road T,Taylorsville,NC,,(828) 308-6550,oakandshieldspa@gmail.com,https://oakandshieldspa.square.site/
Healing Hope Esthetics,236 North Blakemore Ave,Gallantin,TN,,(615) 406-4529,strawthertamecka@yahoo.com,https://www.facebook.com/people/Healing-Hope-Esthetics/100083039417339/
Shimmer Skin by Andria,208 Desert Breeze Drive,El Paso,TX,,(915) 867-7120,shimmerskinbyandria@gmail.com,https://www.shimmerskinbyandria.com/
Lumily Lash and Brow,"3319 Trent Rd,",Huffman,TX,,(832) 955-4996,lumilylashbrows@gmail.com,https://lumilylashbrows.wixsite.com/lumilylashbrows
Eliana Spa,136 New London Turnpike,Glastonbury,CT,,8604302110,eliana@delsoulspa.com,https://elianaspa.com/
Radiance by Megan,2111 Pacific Ave.,Stockton,CA,,(209) 636-9833,megan@radiacebymegan.com,
Unveiled Aesthetics,7850 Caswell Road,Stanley,NC,,(704) 201-8481,unveiledaestheticsllc@gmail.com,https://www.unveiled-aesthetics.com/
Image Is... Salon,2440 Broad Avenue,Timonium,MD,,(443) 895-4335,michele@imageissalon.com,https://imageissalon.com/
After Glow Experience,260 S Sewell Place,Tucson,AZ,,(520) 661-2685,afterglowexperienceaz@gmail.com,https://www.afterglowexperienceaz.com/
International Day Spa,325 Cajon Street,Redlands,CA,,(909) 793-9080,corri@intldayspa.com,https://www.intldayspa.com/
Skin Logic Aesthetics,1828 NW Overton,Portland,OR,,(503) 804-0880,skinlogicpdx@gmail.com,https://skinlogicpdx.com/
Organic Origins Spa,1786 W State Street,Boise,ID,,(208) 331-1786,customerservice@OrganicOriginsSpa.com,https://organicoriginsspa.com/
Unveiled Aesthetics,7850 Caswell Road,Stanley,NC,,(704) 201-8481,unveiledaestheticsllc@gmail.com,https://www.unveiled-aesthetics.com/
Kona Oasis,326 Cayuga Road,Buffalo,NY,,(716) 208-6427,ghigby@konaoasis.com,http://konaoasis.com/
Flawless by Alina,1306 Warner Avenue,Los Angeles,CA,,(818) 274-1929,flawlessbyalina@gmail.com,
Marisa's Skin Care,844 E. Washington Street,North Attleboro,MA,,(508) 369-8959,marisasskincare@gmail.com,https://www.marisasskincare.com/
Crystain's Complexions,15047 Tom Williams Road,Gonzales,LA,,(225) 223-8742,crystainscomplexions@yahoo.com,https://www.crystainscomplexions.com/
The Little Orchid Aesthetics,13635 E 104 Avenue Commerce City CO 80022 United States Map,Commerce City,CO,,(720) 648-8156,thelittleorchidas@gmail.com,https://www.vagaro.com/us02/thestillwaterdayspa
Glow Massage & Esthetics,115 S. Centre Street,Pottsville,PA,,(570) 449-2993,Ahummel86@hotmail.com,https://www.glowmande.com/about/
Agave The Arizona Spa,6902 E Greenway Pkwy,Scottdale,AZ,,(800) 354-5892,Donna.Black@westin.com,https://na.spatime.com/wtk85254/6307666/home
Spa Prive,22800 Lyons Avenue,Newhall,CA,,(661) 305-1678,beautybydeena@yahoo.com,
Sapphire Skin,4054 Amherst Avenue,Odessa,TX,,(432) 634-9594,sapphiregloskin@gmail.com,
The Hideaway,923 Nicely Avenue,Montoursville,PA,,(570) 439-5134,debsdeco1@aol.com,https://www.yelp.com/biz/hideaway-day-spa-montoursville-2
Sun Valley Resort,1 Sun Valley Road,Sun Valley,ID,,(208) 622-2160,thespa@sunvalley.com,https://www.sunvalley.com/the-spa/
The Skin Lady,601B Bruno Road,Clifton Park,NY,,(518) 879-2529,TheSkinLadyNY@yahoo.com,https://www.theskinladyny.com/contact
Deux Amis,4181 Celebration Ave,Chester,VA,,(804) 263-2738,spa@deuxamismedspa.com,https://deuxamismedspa.com/
Rasa Spa,310 Taughannock Blvd,Ithaca,NY,,(607) 273-1740,orders@rasaspa.com,https://www.rasaspa.com/
Bumblebee Skincare and Waxing,359 N. Monroe Street,Tallahassee,Fl,,(850) 631-1868,AMBER.CAPLAN@GMAIL.COM,https://bumblebeeskincare.com/
The Salamander Resort & Spa,500 N Pendelton Street,Middleburg,VA,,(540) 326-4053,ahelmick@salamanderresort.com,https://www.salamanderresort.com/relax/overview
The Elms Hotel and Spa,401 Regent Street,Excelsior Springs,MO,,(816) 630-5500,MCIDH.Accounting@destinationhotels.com,https://www.elmshotelandspa.com/spa-at-the-elms.htm
Zenergy Spa,245 Raven Road,Ketchum,ID,,(208) 928-4645,guberuaga@zenergysv.com,https://zenergysv.com/spa/
Tarboro Aesthetics,2807 N Main Street,Tarboro,NC,,(252) 823-8295,nlanier@tarboroeye.com,https://www.tarboroeye.com/facials/
illume Brow & Skin Studio,3355 North Lincoln Avenue 19,Chicago,IL,,(334) 492-4625,dean@illumebrowskinstudio.com,https://www.illumebrowskinstudio.com/
Depasquale The Spa,4 Gilbraltar Drive,Morris Plains,NJ,,(973) 538-3811,schambers@depasqualethespa.com,https://www.depasqualethespa.com/services
Shannon Woodruff Esthetics,312 Old Stable Lane,Moore,SC,,(864) 981-1206,smwoodruff312@gmail.com,
Skin Oasis,1842 Jefferson Highway,Fishersville,VA,,(540) 943-3337,skinoasis@icloud.com,https://skinbyalena.skincaretherapy.net/
Exfoliate by Cait,6565 W Wittstruck Road Road,Martell,NE,,(402) 257-7205,charvey4j@yahoo.com,https://www.vagaro.com/us04/exfoliatebycait
Vigour Aesthetics + Wellness,1475 Western Ave,Albany,NY,,518-801-0599,Info@vigourny.com,vigourny.com/
Del Soul Spa,49 East Cedar Street,Newington,CT,,(860) 430-4330,info@delsoulspa.com,https://delsoulspa.com/
Spas at the Inns of Aurora,700 Sherwood Road,Aurora,NY,,(315) 364-8850,jbennett@innsofaurora.com,https://innsofaurora.com/spa
The Village Spa,12707 Meeting House Road,Carmel,IN,,(317) 853-6350,ecambs@gmail.com,https://www.westclayspa.com/services/facials/
J Relle Beauty & Beyond Spa,112 Roger Street,St Latta,SC,,(843) 260-7149,JJENBK@gmail.com,https://app.acuityscheduling.com/schedule.php?owner=17843951
Acacia Spa,4058 S. Lone Pine Avenue,Springfield,MO,,(417) 823-8318,allyson@acacia-spa.com,https://www.acaciaspa.com/
Skin2Body,7701 Duquesne Place,Westminster,CA,,(832) 704-5235,flawlessbyfrances@gmail.com,
Francie Faces Skincare Studio,410 Talon Drive,Mountville,PA,,(717) 863-7527,franciefaces@gmail.com,https://franciefaces.com/
Nevaeh Salon and Spa,404 E. Lincolnway,Minerva,OH,,(330) 868-7878,orders@nevaehsalonspa.com,https://www.nevaehsalonspa.com/
Bella & Company Salon,9 Fox Chase Lane,Lebanon,PA,,(717) 273-8590,michelethom66@gmail.com,https://www.bellaandcompanysalon.com/
The French Manor,50 Huntingdon Drive,Newfoundland,PA,,(570) 676-3244,spa@thefrenchmanor.com,https://thefrenchmanor.com/
European Medical Massage & Spa,31 Kings Blvd,Reading,PA,,(610) 685-5530,contact@euromedspa.com,http://www.euromedspa.com/
Beauty Boutique 54,10030 Griffin Road,Cooper City,FL,,(954) 861-7631,lidahagenauer@gmail.com,https://www.beautyboutique54.com/
The Loft Med Spa,609 Ebersole Road,Reading,PA,,(484) 336-6817,lisakelley1017@comcast.net,https://www.loftmedspa.com/
Lucia Fridikova,7503 Unit A Claridge Drive,Bridgeview,IL,,(708) 945-6479,luciapst@gmail.com,
Martha Dutton,6433 Parkmont Drive,Arlington,TX,,(817) 313-3174,mmdutton@sbcglobal.net,https://martha-dutton-skincare.business.site/
Marriott's Grand Hotel Spa,1 Grand Blvd,Point Clear,AL,,(251) 928-9201,Janice.Gammon@MarriottGrand.com,https://na.spatime.com/pchs003/16894222/offering
Modern Age Aesthetics,9275 Oswego Road,Phoenix,NY,,(315) 516-3435,atherwing1975@gmail.com,
Rebecca Budolfson Makeup Artist & Esthetician,416 Williams Way,New Braunfels,TX,,(830) 730-0180,butterflytattoogirl@icloud.com,http://www.rebeccalbudolfson.com/
Faces By Maria,64 Wickey Avenue,Westbury,NY,,(516) 965-2351,facesbymariaa@gmail.com,https://www.facebook.com/facesbymaria/
Healthy Beautiful Skin & Tan,6642 Lassen Drive,Buena Park,CA,,(714) 316-8920,hbskinandtan@gmail.com,https://www.healthybeautifulskinandtan.com/
Integrative Skin Care,138 Kaime Road,Chichester,NH,,(603) 731-3855,loveetlast@aol.com,https://integrativeskinnh.skincaretherapy.net/
Spruced Brow & Skin,144 Bernard Street,East Saint Paul,MN,,(314) 307-5971,Jaclyn@sprucedbrowskin.com,https://www.sprucedbrowskin.com/
Candace Harvey,1520 1/2 N Sixth Street,Boise,ID,,(925) 980-9848,candaceyoga@yahoo.com,
Drop Dead Gorgeous,441 Edmund Avenue,W Saint Paul,MN,,(612) 913-2498,codyjohnlmarks@gmail.com,https://dropdeadgorgeous.glossgenius.com/
Valere Medi and Day Spa,2405 N Bogus Basin Road,Boise,ID,,(208) 344-5411,summerwilliams.valere@gmail.com,https://www.valeresalonspa.com/
Destiny Gain,3716 W Alderwood Drive,North Las Vegas,NV,,(702) 785-4444,Destiny.gain8@gmail.com,
Ramona Denigris,6565 N Avondale Ave,Chicago,IL,,(773) 629-9257,ramona.denigris@yahoo.com,
Facelogic Essential Skincare Spa,105 Par Four Circle,Longs,SC,,(843) 330-0991,facelogicofmyrtlebeach@gmail.com,https://facelogicappointments.as.me/schedule.php
Heart + Soul House of Beauty,350 Northern Blvd,Albany,NY,,518-472-0051,hello@heartandsoulhob.com,www.heartandsoulhob.com
Perfextion Salon That'll Du Salon,120 1st Avenue NW,Ashley,ND,,(701) 288-2124,mkasemanwolf@gmail.com,
Jamie Lee,10615 SE 250th Place,Kent,WA,,(253) 867-7772,allaglowspa@gmail.com,
Senspa,1161 Gorgas Avenue,San Francisco,CA,,(415) 429-4647,tletran@senspa.com,https://www.senspa.com/
Omorphia Spa,133 Neptune Avenue,Ormond Beach,FL,,(386) 451-4512,Omorfiaspaservices@gmail.com,https://www.omorfiaormond.com/
Housley Institute,11096 Reading Rd,Cicinnati,OH,,(513) 454-6911,housleyinstitute@gmail.com,
Wynter Binder,18908 Avenue 300,Exeter,CA,,(559) 786-6044,wynterbinder@gmail.com,
Tianna Browning,6558 W Candice View Cove,Herriman,UT,,(801) 441-8982,browningtianna123@gmail.com,
Clarissa Rowe,118 Old Orchard Lane,Neenah,WI,,(920) 538-0444,clarissalynnmakeup@gmail.com,
Mario Tricoci Hair Salon & Day Spa,273 E. Helen Road,Palatine,IL,,(847) 975-5348,MarioAP@tricoci.com,https://www.tricoci.com/
Reena Patel,2116 Shumard Oak Lane,Irving,TX,,(972) 400-1616,reena@sequoiahosp.com,
Trucco Beauty,991 Hull Street,El Paso,TX,,(575) 386-3177,Sofiafeely@gmail.com,https://truccobeautyinstitute.com/
Sophia Tran,530 Monterey Blvd,San Francisco,CA,,(415) 706-4732,softglamoursf@gmail.com,
Viva La Beauty,4880 Apollo Ave NE,Salem,OR,,(503) 884-1107,bryanalopez1820@gmail.com,https://vivalabeauty.live/
Skin Bar by Mila,3961 Green Avenue,Los Alamitos,CA,,(925) 428-9647,skinbarbymila@gmail.com,https://www.skinbarbymila.com/
The Beauty Mark,705 Calumet Avenue,Valparaiso,IN,,(219) 508-0007,thebeautymark.219@gmail.com,https://thebeautymark219.com/
Bloom Beauty,9479 Bay Shore Drive NW,Allyn,WA,,(360) 265-2553,blossombeautyspa35@gmail.com,
Dory Critchett,160 7 LKS W,West End,NC,,(910) 974-0090,westheticsbydory@gmail.com,
Utah Micro Needle,2815 Wanda Way,Salt Lake City,UT,,(801) 680-9929,kerri@utahmicroneedle.com,https://www.utahmicroneedle.com/
Alexis Barton Esthetics,143 Regatta Way,Sneads Ferry,NC,,(757) 816-5702,a.barton8910@yahoo.com,https://www.coastalmassagewellness.com/estheticians
Arkansas Facials,2235 Dave Ward Drive,Conway,AR,,(501) 504-6882,davidcarr@fizzfacialbar.com,
True To You Esthetics,108 Cross Key Road,Bernville,PA,,(610) 451-8661,true2youstyling@gmail.com,https://truetoyouesthetics.glossgenius.com/
Mindful Esthetics,18766 Jeffrey Avenue,Cerritos,CA,,(562) 484-8376,mackenzie.hillman@yahoo.com,https://www.instagram.com/mindful_aesthetics/?hl=en
Wax To The Max Studio,7417 Knightdale Boulevard,Knightdale,NC,,(984) 268-9260,waxtothemaxnc@gmail.com,
Adrienne Zarr,3450 Cypress Way,Santa Rosa,CA,,(562) 303-6964,info@sunshine-esthetics.com,
The Canebrake,33245 E 732 Road,Wagoner,OK,,(918) 351-4755,canebrake.kyla@gmail.com,https://canebrake.net/
Skin by Yo,1443 Cypress Street,San Dimas,CA,,(213) 364-4141,ydcorzo@yahoo.com,
Nemacolin Woodlands Resort,1001 Lafayette Drive,Farmington,PA,,(724) 329-6176,invoice@nemacolin.com,https://www.nemacolin.com/
Orchid Skin Company,4350 Arbor Vine Drive,Conway,AR,,(501) 514-3433,Prettybrowsbylauren@gmail.com,https://www.orchidskincompany.com/
Dolce Derma,115 New Street,Belleville,NJ,,(201) 540-7487,dolcederma@gmail.com,https://dolcederma.com/
Skin Therapy at Station Landing,21 Lookout Road,Medford,MA,,(617) 212-1204,katie@skintherapystationlanding.com,https://www.skintherapymedford.com/
Makeup N Giggles,300 Southard Street,Key West,Florida,,(305) 393-0346,roberta@makeupngiggles.com,https://www.makeupngiggles.com/contact
Alaska Club,10106 Lee Street Eagle River,Eagle River,Alaska,,(907) 315-3423,mguderian@thealaskaclub.com,https://www.thealaskaclub.com/spa-amenities
Relache Spa at The Gaylord Rockies Resort,6700 N Gaylord Rockies Blvd,Aurora,CO,,(720) 452-6900,trishauna.downie@gaylordhotels.com,https://www.marriott.com/en-us/hotels/dengr-gaylord-rockies-resort-and-convention-center/spa/
Four Seasons Denver,P.O. Box 981736,El Paso,Texas,,(303) 389-3000,fshinvoicesdenver.ig@capgemini.com,https://www.fourseasons.com/denver/?seo=google_local_den1_amer
Sorawell Spa LLC,PO Box 800733,Miami,Florida,,(786) 286-7021,sorabless@gmail.com,
Maison Esthetique,94 High Street,Danvers,MA,,(978) 777-7278,jmpatrikas@verizon.net,https://maisonesthetique.net/
Zodiac Spa Beauty and Wellness,5147 Ryegate Drive,Herriman,Utah,,(801) 878-9895,shearology@gmail.com,https://www.zodiac-spa.com/
"DH Skincare and Wellness, Inc.",P. O. Box 8470,Aspen,Colorado,,(970) 366-1275,dvhill1@gmail.com,
Scott Talbot Salon and Spa,4080 Fulton Drive,Canton,OH,,(330) 494-9160,jeffs@scotttalbotsalonspa.com,https://www.scotttalbotsalonspa.com/
Evan Michael Salon,553 North Salina Street,Syracuse,NY,,(315) 561-3092,provost151@aol.com,https://www.evanmichaelssalon.com/
Sarah Brinkman Aesthetics,135 North 15th Street,Ord,Nebraska,,(308) 728-3333,sarahbrinkmanaesthetics@gmail.com,
Georgia Collins Esthetics,46 Worcester Avenue,Swampscott,MA,,(617) 512-9743,gcesthy@gmail.com,https://www.facebook.com/georgiacollinsesthetics/
The Salon at LAVISH- Lavish Body & Home,600 Linden Street,Scranton,PA,,(570) 558-2273,lauren@lavishbodyhome.com,http://www.lavishbodyhome.com/
Rain Wellness Spa,150 W Main Street,Branford,CT,,(203) 483-0300,info@rainwellnessspa.com,https://www.rainwellnessspa.com/
The Norwich Spa at Foxwoods,350 Trolley Line Blvd,Mashantucket,CT,,(800) 369-9663,SpaReservations@TheSpaAtNorwichInn.com,https://www.thespaatnorwichinn.com/
Spa at the Inns of Aurora,700 Sherwood Road,Aurora,NY,,(315) 364-8873,jbennett@innsofaurora.com,https://innsofaurora.com/spa
Melt Spa by Hershey,27 West Chocolate Avenue,Hershey,PA,,(717) 508-1400,ALCordaro@hersheypa.com,https://www.meltspa.com/
Nemacolin Woodlands Resort,1001 Lafayette Drive,Farmington,Pennsylvania,,(866) 344-6957,erinn.hower@nemacolin.com,https://www.nemacolin.com/
Softglamour Lounge,530 Monterey Blvd,San Francisco,CA,,4156911995,Softglamoursf@gmail.com,Www.softglamourlounge.com
MVP Studio & Spa,3322 Ridge Rd.,Lansing,IL,,(708) 858-8993,mvpstudiospa@gmail.com,www.mvpstudioandspa.com
Aesthetica Day Spa,18700 S. Wolf Road,Mokena,IL,,708-995-7076,management@aestheticadayspamokena.com,https://aestheticadayspamokena.com/
Cassondra's Esthetics & Makeup,754 Judy Avenue,Bridgeport,IL,,6185441430,Sondralbrian91@gmail.com,https://cassondraesthetics.glossgenius.com/
Skinbinge Studio,4900 Bissonnet Street,Bellaire,TX,,5012498908,Skinbingestudio@gmail.com,Skinbingestudio.square.site
The Skincareapist,260 Beacon Street,Somerville,MA,,,,https://theskincareapist.glossgenius.com/
Day Spa Rejuvenation Center,860 Elm Street,Fayetteville,North Carolina,,(910) 483-1126,,dayspaeutaw.com
Roe + Wonder,3801 NW 138 Street,Edmond,Oklahoma,,(405) 562-3009,info@roeandwonder.com,http://roeandwonder.com
Cassondra’s Esthetics & Makeup,754 Judy Avenue,Bridgeport,Illinois,,6185441430,Sondralbrian91@gmail.com,https://cassondraesthetics.glossgenius.com/
Adam Cole Salon,129 Moses Thompson Lane,State College,PA,,(814) 237-1237,adamcolesalon@gmail.com,
Urban Oasis Day Spa,200 23rd Ave N,Nashville,TN,,6153787226,Info@UrbanOasisNashville.com,UrbanOasisNashville.com
CōR Image Skincare,14130 W. Indian School Rd. #A-4,Goodyear,AZ,,6233323928,corimage19@gmail.com,corimageskincare.com
"Skin RN in Kenosha, WI",4801 Washington Road,Kenosha,WI,,8333754676,contactus@mypersonalskinrn.com,www.mypersonalskinrn.com
JL Royce School of Esthetics,2101 W. Wadley Ave. Ste 26,Midland,Texas,,(432) 557-3564,jlr.esti22@gmail.com,jl-royce.com
Beauty and the Beach,2012 N. Main St.,Crown Point,IN,,2192132609,,https://beautyandthebeach.com/
Elite Skin + Waxing,79430 CA- 111,Suite 108,CA,,7607993633,eliteskinandwaxing@gmail.com,www.eliteskinandwaxing.com
Esthetic Haus,829 N California Avenue,Chicago,IL,,7737998834,info@esthetichaus.com,www.esthetichaus.com
Fresh Bloom Esthetics,129 1/2 West Broadway,Princeton,Indiana,,6182623275,mommateetssoaps@yahoo.com,https://freshbloomesthetics.glossgenius.com/
Bella and Company Salon,20 South 3rd. St.,Lebanon,Pa.,,717-273-8590,Hhhp://www.bellaaandcompanysalon.com,Bellaandcompanysalon.com
Lilly Arvind Skin Clinic,702 Frederick Rd,Catonsville,MD,,4433155306,info@lillyarvind.com,www.lillyarvind.com
Magnolia (ishthetics),1987 artesia blvd,Redondo beach,CALIFORNIA,,8184149556,Ishtargomez@yahoo.com,Ishthetics.GlossGenius.com
Aleutian Spa,12097 Gayton Rd,Henrico,VA,,406-570-6581,aleutiansparva@gmail.com,aleutiansparva.com
Love Healthy Skin,8608 Preston Rd.,Plano,Texas,,8607293122,Lovehealthyskin@gmail.com,
Girl Undiscovered Spa,"10875 Main Street, #209",Fairfax,VA,,571-216-9373,rrphuong@yahoo.com,girlundiscoveredspa.com
Fishers Cryotherapy,11789 Commercial Drive,Fishers,IN,,3179433000,Info@FishersCryo.com,FishersCryo.com
Pacific Waters Spa at the Hyatt Regency Huntington Beach Resort and Spa,21500 Pacific Coast Hwy,Huntington Beach,CA,,714-845-4772,pacific.waters.spa@hyatt.com,https://www.hyatt.com/en-US/spas/Pacific-Waters-Spa/home
The Skin Institute of Atlanta,"1770 Old Springhouse Lane, Suite 100",Atlanta,GA,,470-299-2422,info@theskininstituteatl.com,theskininstituteatl.com
Currie Hair Skin Nails- DuPont Building,111 W. 10th Street,Wilmington,DE,,(302) 442-6568,curriemanager@gmail.com,www.curriedayspa.com
Bashful Beauty Co.,502 N. Goliad St.,Rockwall,TX,,4694340155,hello@bashfulbeauty.co,bashfulbeauty.co
"The Grand Hotel, Gold Resort & Spa",One Grand Blvd,Point Clear,AL,,251-990-6385,,www.grand1847.com
Beyond Appearance Skincare,5925 Forest Lane Suite #504,Dallas,Texas,,2148660022,beyondappearanceskincare@gmail.com,www.beyondappearanceskincare.com
Currie Hair Skin Nails-Glen Mills,585 Wilmington West Chester Pike,Glen Mills,PA,,6105584247,curriemanager@gmail.com,www.curriedayspa.com
Currie Hair Skin Nails-Kennett Square,121 E. State Street,Kennett Square,PA,,6104441644,curriemanager@gmail.com,www.curriedayspa.com
Currie Hair Skin Nails-Wayne,605 W. Lancaster Ave.,Wayne,PA,,6102252415,curriemanager@gmail.com,www.curriedayspa.com
Currie Hair Skin Nails- Riverfront,317 S. Justison St.,Wilmington,DE,,(302) 777-7755,curriemanager@gmail.com,www.curriedayspa.com
LAVISH Scranton,200 Adams Ave,Scranton,PA,,570.558.2273,Info@lavishscranton.com,Www.LAVISHBODYHOME.com
Spa at Mongomery,201 Tallapoosa St.,Montgomery,AL,,334-481-5210,spa.gmg@RenaissanceMontgomery.com,https://rtjspatrail.com/spa/the-spa-at-montgomery/
Beauty And Skin Essentials,1130 Dow Street,Murfreesboro,Tennessee,,6159876566,shannon@beautyandskinessentials.com,www.beautyandskinessentials.com
The Hideaway Facial Studio,923 Nicely Ave,Montoursville,Pennsylvania,,5704395134,debsdeco1@aol.com,
Irvine Spectrum,8 Timberland,Alisa Viejo,CA,,8186674402,JMK beauty lab,Www.jmkbeautylab.com
"Spa Lucia, Bryan TX",214 Elm Avenue,Bryan,TX,,(979)402-8884,SpaLucia.Bryan@gmail.com,SpaLucia.com
"The Spa at the Ritz-Carlton, Key Biscayne",455 Grand Bay Drive,Key Biscayne,Florida,,3053654197,GRP_RCKeyBiscayneSpa@marriott.com,www.ritzcarlton.com
La Palmera Spa,121 North State Street,Abbeville,Louisiana,,,randi@lapalmeraspa.com,
The Skin Bungalow,7331 Gaston Ave #175,Dallas,Texas,,4694129553,Theskinbungalowdallas@gmail.com,www.theskinbungalow.com
Lucia Esthetics Palm Beach Beauty Salon,7100 Fairway Dr Suite 41,Palm Beach Gardens,Florida,,5613887173,,Www.luciaesthetics.com
The Central Florida Eye Institute,3133 SW 32nd Avenue,Ocala,Florida,,3522378400,aestheticsbylorib@gmail.com,www.centralfloridaeye.com
Spa Alonso,665 S Orange Ave Ste 1,Sarasota,FL,,941-960-2642,Info@spaalonso.com,www.spaalonso.com
Flawless By Alina,"2839 Agoura Road, Suite 30",Westlake Village,California,,8182741929,flawlessbyalina@gmail.com,
"The Salon Professional Academy, Howell NJ",4741 Rt 9 North,Howell,NJ,,732-719-4155,director@tspahowell.com,www.tspahowell.com
The Salon Professional Academy,5545 Vogel Rd,Evansville,Indiana,,8134378772,,https://www.tspaevansville.com/
Elevate Salon Institute-,4050 Crooks Road,Royal Oak,Michigan,,2489653353,director@esiroyaloak.com,www.esiroyaloak.com
Lords & Ladies Salon and Medical Spa - Douglassville,15 Old Swede Road,Douglassville,PA,,1-844-725-6655,GuestServices@LLDVilleSalon.com,https://www.lordsandladiessalons.com/locations/douglassville-hair-salon-spa.html
Fizz Facial Bar - Lexington,2985 Liberty Road,Lexington,KY,,(859) 785-1652,info@fizzfacialbar.com,https://www.fizzfacialbar.com/
Fizz Facial Bar - Georgetown,108 Osborne Way,Georgetown,KY,,(502) 735-4017,info@fizzfacialbar.com,https://www.fizzfacialbar.com/
Catalina Esthetics LLC,"17 Sherington Dr. Suite B 
(Located inside Savannah Plastic Surgery)",Bluffton,SC,,(571) 235-4146,inquiry@catalinaesthetics.com,https://www.catalinaesthetics.com/
Aesthetically Kelley,7481 Highway 89,Graeagle,California,,775-247-4421,,
Clique Med Spa,5315 S Florida Avenue,Lakeland,FL,,8632702915,INFO@CLIQUEMEDSPA.COM,WWW.CLIQUEMEDSPA.COM
Renaissance Salon & Spa,411 U.S Highway 206,Hillsborough,NJ,,(908)874-3747,renaissancehairsalonnj@gmail.com,www.renaissancehairsalonnj.com
Sugar & Skin Seattle,3209 W McGraw,Seattle,WA,,2062819399,sugarandskinseattle@gmail.com,sugarandskinseattle.com
Beauty by Bethany Skincare,6710 Variel Avenue,Woodland Hills,CA,,8183213979,beautybybethanyskincare@gmail.com,www.beautybybethanyskincare.com
Skin Care with Sarah,24173 FM 1314,Porter,TX,,8324771332,,https://skincarewithsarah.glossgenius.com
Spa at Montgomery,201 Tallapoosa Street,Montgomery,TX,,3344815210,spa.gmg@RenaissanceMontgomery.com,https://rtjspatrail.com/spa/the-spa-at-montgomery/
LAVISH,200 Adams Ave,Scranton,PA,,5705582273,Info@lavishscranton.com,Www.LAVISHBODYHOME.com
Blooming Beauty Boutique,2045 McKenzie Way,Cranberry Township,PA,,7249719159,Bloomingbeautyboutique15@gmail.com,www.vagaro.com/bloomingbeautyboutique
Milk & Sugar Spa,1156 Ebenezer Road,Rock Hill,SC,,8033297727,Ylreedy@yahoo.com,Milkandsugarspa.com
Hilton Sandestin Beach Golf Resort & Spa,4000 Sandestin Blvd South,Miramar Beach,FL,,8506229595,www.serenitybytheseaspa.com,https://www.serenitybytheseaspa.com
Bare Skin Aesthetics,368 East Street Road,Feasterville-Trevose,PA,,2154949152,BareSkinAestheticStudio@gmail.com,https://www.vagaro.com/bareskinaesthetics
Benevolyn Kai Esthetics,3445 North Bend Road,Cincinnati,OH,,5135804646,benevolyn@me.com,http://benevolynkaiesthetics.skincaretherapy.net/
Euphoria Medical Spa,129 Gilmer Street,Sulphur Springs,TX,,903-438-2231,shantelle@euphoriamedicalspa.com,
Euphoria Medical Spa,6341 FM 1565,Royse City,TX,,9726352233,shantelle@euphoriamedicalspa.com,
SI Medspa Plus,1909 Coolidge Ave,Marion,IL,,6184229005,tracy@simedicalinc.com,www.simedicalinc.com
"Eden Hunt - Skin Therapist, LLC.",1308 Celebration Blvd,Florence,SC,,8436210908,edenhuntskintherapist@gmail.com,www.edenhuntskintherapistllc.com
JMK Beauty Lab,8 Timberland,Aliso Viejo,CA,,8186674402,,www.jmkbeautylab.com
Emily Gardner Esthetics,704 Glover Avenue,Enterprise,AL,,2532595785,Emily.gardner.esthetics@gmail.com,Emilygardneresthetics.square.site
Sdz Esthetics,6317 S Western,Amarillo,TX,,480-560-9130,sdzesthetics@gmail.com,sdzesthetics.glossgenius.com
SWANKY Skin + Lash Studio,808 Somerset Avenue,Windber,PA,,8146597609,Emillee@swankyskinlash.com,www.vagaro.com/swanky
Faces on Main,89 N. Main Street,Fort Atkinson,WI,,920-728-4232,facesonmain@gmail.com,www.facesonmain.com
Twin City Esthetics,126 S. Spruce Street,Winston Salem,North Carolina,,336.972.4847,,
Linde Esthetics,3853 S Cox Rd,Springfield,MO,,(417) 886-5463,linde-esthetics@hotmail.com,https://lindeesthetics.com/
Total Body Skin Care & Wellness Spa,915 Hamburg Turnpike,Wayne,New Jersey,,973-250-2145,,www.totalbodywayne.com
Raven Beauty Bar,917 Gallatin Ave.,East Nashville,Tennessee,,(615) 649-8822,,
Omorfia Hair Lounge + Skin Spa,355 W. Granada Blvd,Ormond Beach,Florida,,386-451-4512,,
Palm Tree Day Spa,2791 SE Ocean Blvd.,Stuart,FL,,772-600-8688,Relax@palmtreedayspa.com,https://palmtreedayspa.com/
The Salon Professional Academy,937 East North Street,Rapid City,South Dakota,,605-342-0697,tsparapidcity@gmail.com,www.tsparapidcity.com
The Salon Professional Academy Evansville,5545 Vogel Road,Evansville,Indiana,,812-437-8772,victoriaross@tspaevansville.com,TSPAEvansville.com
Sunny's Spa and Beauty Lounge at the Seabird Resort,101 Mission Avenue,Oceanside,California,,760.512.3838,marissa.edwards@destinationhotels.com,https://theseabirdresort.com/spa/
Glade Spring Spa in Cle Elum Washington,3600 Suncadia Trail,Cle Elum,Wa,,,,
Natural Beauty & Rejuvenation,1637 N Hiatus Road,Pembroke Pines,FL,,954-668-1428,debbie@Naturalbeautyrejuv.com,https://www.vagaro.com/us03/naturalbeautyandrejuvenation
The Sweetgrass Spa at Wild Dunes Resort,5757 Palm Blvd,Isle of Palms,South Carolina,,,,https://www.destinationhotels.com/wild-dunes
Eye Love Beauty,7452 Wiles Rd,Coral Springs,Fl,,561-800-3496,Guestservices@eyelovebeauty.net,www.eyelovebeauty.net
Zenergy Skin & Soul Studio,115 Plymouth St NW,Le Mars,IA,,712-539-2881,zenergyskinsoulstudio@gmail.com,
SKN By KATERINA WATERS,3925 North Buffalo St.,Orchard Park,New York,,(617) 733-4811,Katerina@katerinawaters.com,https://www.katerinawaters.com/
Serenity Day Spa,114 6th ave,Coon Rapids,Iowa,,(712) 790-8505,,
Ombre Spray Tan & Beauty Bar,1454 Kings Hwy,Swedesboro,New Jersey,,(856) 467-7011,,
Blossom Beauty Spa,2421 State Route 9,Ballston Spa,New York,,(518) 258-9151,lauren@blossombeautyspa.com,www.blossombeautyspa.com
Body and Brow boutique,141 East Spring Street,New Albany,IN,,(812) 225-9191,,
Wisteria,1818 Augusta St,Greenville,South Carolina,,864-331-3333 (ext. 3),,
Yvette Provost Esthetics,553 North Salina St.,Syracuse,NY,,315-561-3092,Provost151@aol.com,
Kristin Nolan,7300 Far Hills Ave,Centerville,Ohio,,,,www.BlissSkinDayton.com
Skin by Jenn at The Center Sanctum,164 South 30th St,Newark,Ohio,,,,
Clear Spa,18129 W Oak Ridge Dr,Hagerstown,MD,,(301) 800-9500,,https://clearspa.skincaretherapy.net/contact-information
Skin Fusion Spa & Laser,29-09 Ditmars Blvd,Queens,NY,,(917) 979-7029,info@skinfusionspa.com,https://www.skinfusionspa.com/
FACEBAR,122 West Pine Street,Ponchatoula,LA,,985-351-5286,facebarbypamela@gmail.com,https://facebar.glossgenius.com/
Beü Face & Body Lounge,1712 E Capital Drive,Shorewood,Wisconsin,,414-446-1200,beufaceandbodylounge@gmail.com,www.beü.com
Emerge Skin + Soul,2002 N. Elm Street,Greensboro,North Carolina,,(336) 553-0790,hello@emergeskinandsoul.com,EmergeSkinandSoul.com
Premier Medical Esthetics,3903 Hartzdale Dr.,Camp Hill,Pennsylvania,,(717) 769-1937,,https://premiermedesthetics.com/
Heavenly 7 Spa,7415 N 93rd Ave,Camas,Washington,,(503) 841-9716,Heavenly7spa@gmail.com,www.Heavenly7Spa.com
MAC's Lash & Skin Studio,4403 old William Penn highway,Murrysville,PA,,412-704-5259,maria@macslashandskinstudio.com,www.macslashandskinstudio.com
The Salon & Spa at Greenbriar,217 E Central Ave,Belton,TX,,(254) 939-3700,salonspagreenbriar@hotmail.com,https://www.salonspagreenbriar.com/
Blink Beauty & Wellness,335 E Jimmie Leeds rd,Galloway,New Jersey,,,christina@blinkbeautystudio.com,blinkbeautystudio.com
Aesthetix Beauty Bar,1751 Bellamah Ave NW,Albuquerque,NM,,5054804496,facesbyjoey@gmail.com,
Currie Hair Skin Nails- Hotel DuPont,111 W. 10th Street,Wilmington,DE,,(302) 442-6568,,https://curriedayspa.com/hotel-dupont/
The Wax Specialists,150 Beech Street,Manchester,NH,,(603) 486-8189,,https://waxspecialists.com/
Snips Salon & Spa,5731 E Washington Street,Indianapolis,IN,,(317) 356-2611,snips@snipsindy.com,https://www.snipsindy.com/
Cavas Expressions Beauty Bar & Spa,4900 Kutztown Rd,Muhlenberg Township,Pennsylvania,,(484) 794-6623,,https://cavasexpressions.as.me/schedule.php
Goldie's Beauty Bar,144 n 9th street,Reading,Pennsylvania,,(610) 396-5365,,
RadianZ Studio,93 Main St.,West Sayville,NY,,631.624.4783,,
Lafusion Massage & Spa,8222 E 103rd St,Tulsa,OK,,9189702271,lafusionspa@gmail.com,http://lafusionspa.com/
Bluffview Skin Care,6039 Sherry Lane,Dallas,Texas,,(214) 315-5378,,http://www.bluffviewskin.com/
Purely Skin Care LLC,29 Ryder Place,East Rockaway,New York,,(516) 612-9607,contellom@gmail.com,
U-topia Spa - Sarasota National,25500 National Blvd.,Venice,FL,,(239) 319-0062,,https://u-topiaspa.com/
U-topia Spa - Valencia Bonita,16621 Valencia Bonita Blvd.,Bonita Springs,FL,,239-908-0880 x9,,https://u-topiaspa.com/
U-topia Spa - Treviso Bay,9323 Treviso Bay Blvd.,Naples,FL,,239-228-7026,,https://u-topiaspa.com/
U-topia Spa - Lakewood National,17425 Lakewood National Parkway,Bradenton,FL,,941-238-9999,,https://u-topiaspa.com/
U-topia Spa - Bonita National,17671 Bonita National Blvd.,Bonita Springs,FL,,239-319-0062,,https://u-topiaspa.com/
After Fx Spa and Salon,2237 West Washington St S,Broken Arrow,OK,,(918) 451-2445,bailey1228@gmail.com,https://www.afterfxsalon.com/
"LariMar Med, LLC",113 N. 2nd Ave.,Saint Charles,Illinois,,(423) 755-8880,,
Sloans Spa,8530 HWY 51 N,Minocqua,Wisconsin,,715-396-1716,,
Rhenium Salon and Spa,690 Hopmeadow Street,Simsbury,CT,,(860)651-3535,renee@rheniumsalonandspa.com,
Serendipity Day Spa,23 Sheep Davis Rd.,Pembroke,NH,,(603) 229-0400,holly@serendipitydayspa.com,
Amy Kernahan Studios,212 E. Harford Street,Milford,Pennsylvania,,212-772-2501,,
The Skin Retreat,209 E. 20th Street,Houston,Texas,,713-409-2119,,www.theskinretreattx.com
Expressions Esthetics,541 Fieldcrest Drive,The Villages,Florida,,352-434-1999,expressionsesthetics@gmail.com,
Skin Deep Esthetics,207 Alcove Dr,Grand Junction,CO,,,,
Elite Laser Center,2308 B. Route 347,Stony Brook,NY,,1-631-675-2500,stonybrook@elitelaserhair.com,
Summer Breeze Salon,7751 Glenlivet Dr West,Fogelsville,PA,,610-841-0010,info@summerbreezesalon.com,https://www.summerbreezesalon.com/
Trisha Marie LE,15 Dogwood Lane,Levittown,New York,,516-965-6445,TrishaP13@gmail.com,
The Layer Lounge,1104 South 3rd Street,Las Vegas,NV,,702-888-2037,megan@thelayerlounge.com,
Skinsation Studio,9795 Village Place Blvd,Brighton,MI,,(810) 534-7454,csutton5707@gmail.com,https://www.skinsationsstudio.com/contact
Rejuvenate Skin & Body,166 S Main St.,Northville,NY,,(518) 224-1298,rejuvenateskinandbody111@gmail.com,
Aesthetics Institute,2245 SE Powell Blvd.,Portland,OR,,(503) 238-1793,tyler@aiofportland.com,https://aiofportland.com/
Touch of Life Wellness Salon,220 N. Louisville St,Harlem,GA,,7069553853,life.bjones@gmail.com,http://touchoflife.massagetherapy.com/
D'Sorella Salon and Spa,1430 South Combee Road,Lakeland,Florida,,8633375877,dsorellasalon@gmail.com,
Skin Works By Tiffany,303 Wise Ave,Baltimore,MD,,4109609917,skinworksbytiffany@gmail.com,
Spatacular,15 Dogwood Lane,Levittown,NY,,5169656445,TrishaP13@gmail.com,
The Spa at Rhythm City Casino,7077 Elmore ave,Davenport,Iowa,,5633288062,doree.henderson@rhythmcitycasino.com,http://rhythmcitucasino.com/
TuSuva Body & Skin Care,2701 Ontario Rd NW,Washington,DC,,202-299-9005,tusuva@hotmail.com,http://www.tusuva.com/
Face Place Boutique,2515 E. South Street,Orlando,Florida,,(407) 808-5114,shannonburson@msn.com,http://faceplaceboutique.com/
ABR Esthetics,1648 Westgate Circle,Brentwood,TN,,4792357422,alwinborn@me.com,
Fortified Aesthetics,608 Grove Rd,Greenville,SC,,5868087658,fortifiedaesthetics@gmail.com,
Twylight Skin Zone,125 E McHarg,Stamford,TX,,3253381215,twylight05@hotmail.com,http://twylightskinzone.com/
Setzer aesthetics,645 n 12th st,Lemoyne,PA,,7173194014,Judy@setzermd.com,
Kat Smart Aesthetics,1305 21st Ave Ste 101,Fairbanks,Alaska,,9079789942,katsmart@atelieraesthetic.com,http://www.vagaro.com/katsmartaesthetics
Calla Esthetics LLC,5112 N Rd 400 W,Bargersville,IN,,812-498-6294,jessica@callaestheticsllc.com,http://callaestheticsllc.com
Beautifully Bare Skin,3251 N University Drive,Coral Springs,FL,,954-770-2986,beautifullybareskin1@gmail.com,http://www.beautifullybareakin.net
"La Bella Spa, LLC",10466 Highway 1,Lockport,LA,,(985) 242-0084,,labellaspa985@yahoo.com
Shearology Salon and Spa,5147 ryegate dr,Herriman,UT,,(801) 878-9895,shearology@gmail.com,http://www.shearology.com/
Skin Therapy,67 Station Landing,Medford,MA,,(781) 350-4848,skintherapymedford@gmail.com,http://www.skintherapymedford.com/
Beautique Skin Care and Body Studio,340 S Wood Av,Linden,NJ,,(908)275-3575,strzeczkowski@yahoo.com,
Couture Aesthetics,1124 Glenlivet Dr,Allentown,PA,,(484) 388-4242,info@coutureaesthetics.net,http://www.coutureaesthetics.net/
OASE Day Spa,1617 E North St,Greenville,SC,,(864) 900-2920,hello@oasedayspa.com,https://www.oasedayspa.com/
Ageless Skin & Body,9353 huron rapids drive,Whitmore Lake,MI,,(810) 923-6613,melissa@ageless.biz,http://ageless.biz/
Belladerma Wellness Spa,5500 Bartel Road,Brewerton,NY,,(315) 751-1439,belladerma@verizon.net,http://belladermawellnessspa.com/
Unique to You,35 Gaylord St.,Auburn,NY,,13155679948,trishdilallo@skincaretherapy.net,http://www.uniquetoyou.skincaretherapy.net/
Michele Terese Skin Care,201 Ridgewood Ave.,Minneapolis,MN,,(612) 234-1422,shelly@micheletereseskincare.com,https://www.micheletereseskincare.com/
Craig Ranch Fitness & Spa,7910 Collin McKinney Parkway,McKinney,TX,,214-383-1010,,https://craigranchfitness.com/spa
"Kerry Spindler, Esthetician",1140 Saratoga Street,East Boston,MA,,617-395-0077,info@kerryspindler.com,www.kerryspindler.com
Bliss Beauty Bar,22 McAllister Dr.,Londonderry,NH,,(603) 494-3736,blissbeautynh@gmail.com,https://www.blissbeautynh.com/
Pyara Spa & Salon - Cambridge,1050 Massachusetts Ave.,Cambridge,MA,,(781) 270-9200,gscambridge@pyaraaveda.com,https://pyaraspasalon.com/
Mirror Mirror Face & Body (Inside The Hair Loft Salon),800 S. Pine St. Suite B,Spartanburg,SC,,864-580-3147,mirrormirrorfaceandbody@gmail.com,
Bove Spa & Wellness Center,366 U.S. 202,Somers,NY,,(914) 276-2200,info@thebovespa.com,https://thebovespa.com/
Face Forward,1 Southeast Ocean Boulevard,Stuart,FL,,(772)634-3396,stacydapolito@gmail.com,https://faceforwardstuart.com/
Fizz Facial Bar - Jonesboro,2810 East Highland Drive,"Jonesboro,",AR,,870-938-0166,,https://fizzfacialbar.com/
Fizz Facial Bar - Brannon Crossing,111 Cynthia Drive,Nicholasville,KY,,859-368-7521,,https://fizzfacialbar.com/
Vista Blue Spa at The Monterey Plaza Hotel and Spa,400 Cannery Row,Monterey,CA,,(844) 268 - 4081,reservations@montereyplazahotel.com,https://montereyplazahotel.com/spa/vista-blue-spa
Youphoria Hair/Skin/Body,1985 N Reading Rd.,Denver,PA,,717-826-7397,,http://www.youphoriasalon.com/
Lindy’s Facial Room,215 Allegro Ct.,Montgomery,Texas,,(936) 320-8191,lindysfacialroom@gmail.com,
Charlie Rae Skincare,5730 Deale Churchton Road,Deale,MD,,(301) 801-8893,charlieraeskincare@gmail.com,Charlieraeskincare.com
Allure Laser Studio,9818 Whithorn Dr.,Houston,Texas,,(832) 727-3980,Info@allurelaserstudio.com,http://www.allurelaserstudio.com/
A Therapeutic Calm,821 Anola Ave Suite E,Dover,OH,,330-340-4200,,
Face 2 Face Skincare + Makeup,1935 Country Rd B2 W Suite 450,Roseville,MN,,651-633-1056,,www.face2faceskincare.com
Utopia Spa and Health Studio,135 N 15th St,Ord,NE,,308-730-8333,,https://www.facebook.com/utopiaspaandhealthstudio/
Dana Klein,3257 Long Beach Rd,Oceanside,NY,,607-323-7727,,DaeSpaLongIsland.com
Science of Aesthetics Laser & MedSpa,810 Union St,Hudson,NY,,(518) 697-5390,,http://scienceofaesthetics.net/contact/
Je'Derm Skin Atelier,10 W 74th St Suite LLD,new york,NY,,646-949-4711,,jedermskinatelier.com
Piel SkinCare Boutique,14 School St Suite 103-A,Bristol,VT,,802-377-6497,,www.pielskincareboutique.com
Classic Esthetics,96 Court St,Plattsburgh,NY,,518-534-6917,,https://www.facebook.com/classicesthetics/
Stillwater Spa,690 Roosevelt Trail,Windham,ME,,207-482-0655,,Stillwater-spa.com
Glow Aesthetics Medical Spa + Beauty Boutique,41 Idx Dr suite 230,South Burlington,VT,,(802) 338-9599,,https://www.glowmedspavt.com/
La Tresse By Renee,59 E. Genesee St,Baldwinsville,NY,,315-638-2040,,latressesalon.com
Georgia Collins Esthetics  UGlow Medspa,214B Humphrey St,Marblehead,MA,,617-512-9743,,
Nitty Gritty Hair and Wax,"Village Gate, 274 Goodman St N #136b",Rochester,NY,,(585) 461-2285,,https://www.nittygrittyhairandwax.com/
Headliners Salon & Spa,359 Merro Rd (route 195),Tolland,CT,,860-870-1954,,https://www.headlinersinc.com/?doing_wp_cron=1550846605.4055290222167968750000
The Village Browery,5762 Main St,Williamsville,NY,,(716) 635-6333,,https://www.thevillagebrowery.com/
Essentials Therapy Day Spa,1094 Main St,Bolton,MA,,(978) 779-2266,,https://www.etdayspa.com/
August Moon Spa,1150 Danby Rd,Ithaca,NY,,(607) 256-2772,,https://www.augustmoonspa.com/
North Shore Therapeutic,1386 NY-25A,Setauket- East Setauket,NY,,(631) 751-2374,,http://www.northshoretherapeuticny.com/
Sanno at Saybrook Point Inn & Spa,2 Bridge St,Old Saybrook,CT,,860-395-3245,info@saybrook.com,https://www.saybrook.com/
Vita Spa Salon,3535 Victory Group Way Build #3 Suite 325,Frisco,TX,,469-362-1162,,http://vitaspasalon.com/
Holistic Beauty,1600 HWY 2945,Cisco,TX,,(254) 631-2426,,
Riviera Spa,"4514 Travis Street, Suite 105",Dallas,TX,,(214) 521-2112,info@RivieraSpaDallas.com,https://rivieraspadallas.com/
Facelogic Spa Murphy,223 East FM544 Suite 805,Murphy,TX,,(972) 424-3223,,http://www.salonvision.com/facelogictx/
Skin Rx by Roxanne,"4010 William D Tate Ave, Suite 116",Grapevine,TX,,(682) 738-3675,,https://www.dfwskinrx.com/
The Skin Boutique,106 West 4th Street,Tahlequah,OK,,918-453-2080,,
Positive Image,2110 Laurens Road,Greenville,SC,,(864) 297-3223,,
Serenity Bliss Holistic Spa,16818 140th Ave NE,Woodinville,WA,,(206) 229-0086,,http://serenitybhc.com/
Alisha's Spa Euphoria,1307 New Holland Rd,Reading,PA,,(610) 775-7040,relax@alishasspa.com,https://www.alishasspa.com/
Blissful Beauty Bar,1813 John Sims Parkway,Niceville,FL,,850-301-6001,,https://www.blissfulbeautybars.com/
Wake Plastic Surgery,111 Ridgeview Dr,Cary,NC,,(919) 805-3441,,https://www.wakeplasticsurgery.com/
Wisteria Med Spa,870 Chotaw Rd Suite 2A,Richmond,VA,,804-272-2609,,https://www.vagaro.com/wisteriamedspa
Elevate Esthetics Parlor,"8000 Lee blvd
#1 lower level",Leawood,KS,,816-945-2889,,www.elevateskinkc.com
CentreSpring MD and Spa,1407 Dresden Dr Suite 300,Atlanta,GA,,404-814-9808,,CentreSpringMD.com/spa
European Medical Massage & Spa,39 E. Lancaster Ave,Shillington,PA,,610-685-5530,,https://www.euromedspa.com/
The Urban Muse,82 Broadway,Denville,NJ,,973-627-3455,,https://www.theurbanmuse.com/
Infinity Medspa + Wellness,2809 Coltsgate Rd Suite 100,Charlotte,NC,,704-733-9202,,https://www.infinitymedspaandwellness.com/
The Hideaway Day Spa,923 Nicely Ave,Montoursville,PA,,(570) 439-5134,debsdeco1@aol.com,http://hideawaydayspa.com/
Results Skin Care LLC,40 Gotham Dr/Place P.O.Box 475,Red Lion,PA,,262-909-4736,,http://www.resultsskincare.net/
BLOOM SkinCare & Beauty,530 Hendersonville Rd,Asheville,NC,,(828) 676-8369,bloomskincarebeauty@gmail.com,https://bloomskincarebeauty.com/
The Edgewater,1001 Wisconsin Place,Madison,WI,,608-535-8240,KMartin@theedgewater.com,https://www.theedgewater.com/spa/spa-services/
Currie Hair Skin Nails,605 W. Lancaster Ave,Wayne,PA,,610-225-2415,,https://curriedayspa.com/
Currie Hair Skin Nails,317 S. Justison St,Wilmington,DE,,302-777-7755,,https://curriedayspa.com/
Currie Hair Skin Nails,121 E State Street,Kennett Square,PA,,610-444-1644,,https://curriedayspa.com/
Currie Hair Skin Nails,585 Wilmington West Chester Pike,Glen Mills,PA,,610-558-4247,,https://curriedayspa.com/
Essentials Of Wesley Chapel,2230 Ashley Oaks Cir,Wesley Chapel,FL,,(813) 527-6979,,https://www.essentialswesleychapel.com/
Balance Spa,"233 S. Federal Highway, Suite 111",Boca Raton,FL,,561-208-8111,,https://balancespaboca.com/
"Skin Couture, LLC",317 N. Davis Hwy,Pensacola,FL,,805-516-1682,,http://www.skincouturepensacola.com/
"Skin Chic, LLC.",20707 Center Oak dr Suite 208 New,Tampa,FL,,786-543-6486,,https://skinchicllc.com/
Cecilia Aesthetics,"10521 N. Kendall Drive, Ste. E-104",Miami,FL,,305.498.4500,,https://www.cecilia-aesthetics.com/
Advanced Aesthetics LLC,"26 Bermudiana Rd,
Suite 407, 4th FL International Centre",,Hamilton,,441 704 2260,advancedaesthetics.beauty@gmail.com,www.advancedaesthetics.beauty/
Kenneth's Salon & Day Spa - Arlington/Hilliard,"Mill Run Center
3610 Fishinger Blvd.",Hilliard,OH,,614-538-5800,,https://kenneths.com/
Kenneth's Salon & Day Spa - Dublin,"Avery Square Center
7056 Hospital Dr.",Dublin,OH,,614-538-5800,,https://kenneths.com/
Kenneth's Salon & Day Spa - Grove City,"Parkway Centre North
1582 Stringtown Rd.",Grove City,OH,,614-538-5800,,https://kenneths.com/
Kenneth's Salon & Day Spa - Kingsdale,3134 Kingsdale Center,Upper Arlington,OH,,614-538-5800,,https://kenneths.com/
Kenneth's Salon & Day Spa - New Albany Square,4942 Morse Rd.,Gahanna,OH,,614-538-5800,,https://kenneths.com/
Kenneth's Salon & Day Spa - Pickerington,"Taylor Square Center
2865 Taylor Rd SW",Reynoldsburg,OH,,614-538-5800,,https://kenneths.com/
Kenneth's Salon & Day Spa - Polaris Parkway,"Oak Creek Center
1305 Cameron Ave.",Lewis Center,OH,,614-538-5800,,https://kenneths.com/
Kenneth's Salon & Day Spa - Westerville,"Northridge Center
726 North State St",Westerville,OH,,614-538-5800,,https://kenneths.com/
Kenneth's Salon & Day Spa - Academy Salon,5151 Reed Rd Suite 110B,Columbus,OH,,614-538-5800,,https://kenneths.com/
Reyn Beauty Co,"300 Indian Lake Blvd. Suite A200, Room 155",Hendersonville,TN,,615-983-1644,,
B. Aesthetic Lounge,"114 1/2 South Main Street, Floor 2",Zelienople,PA,,724-766-6565,brigette@baestheticlounge.com,https://www.baestheticlounge.com/
Cedar & Magnolia Day Spa - West Loveland,100 W 29th St.,Loveland,CO,,,,https://cedarmagnoliadayspa.com/
Cedar & Magnolia Day Spa - East Loveland,Located inside Embassy Suites - 4705 Clydesdale Pkwy,Loveland,CO,,,,https://cedarmagnoliadayspa.com/
MJ Beauty Creation,724 E US Hwy 80 #200 Suite 31,Forney,TX,,(510) 971-0344,mjbeautycreation@gmail.com,https://mjbeautycreation.com/
Blakelee Alexandra Skincare Studio,4400 Nesconset Hwy #3,Port Jefferson Station,NY,,(631) 403-4474,,Blakeleeskin.glossgenius.com
Fizz Facial Bar - Nashville,"6720 Charlotte Pike
Suite 101",Nashville,TN,,(615) 891-7963,nashville@fizzfacialbar.com,https://www.fizzfacialbar.com/
Fizz Facial Bar - Fayetteville,3316 W Grove Dr. #3,Fayetteville,AR,,479-935-3022,fayetteville@fizzfacialbar.com,https://www.fizzfacialbar.com/
Fizz Facial Bar - Frisco,6959 Lebanon Rd. Suite 104,Frisco,TX,,972-292-9352,dfw@fizzfacialbar.com,https://www.fizzfacialbar.com/
Fizz Facial Bar - St. Louis,162 THF Blvd.,Chesterfield,MO,,314-924-3499,stlouis@fizzfacialbar.com,https://www.fizzfacialbar.com/
Aesthetics by Heidi,787 East Foothill Blvd.,San Luis Obispo,CA,,805-439-3354,,https://skynloungeslo.com/
DALLASH AESTHETICS,945 Hill Ave. Suite 400 Studio 4,Wyomissing,PA,,916-432-5527,Dallas@dallashskin.com,https://dallashskin.com/
Studio SKIN,10 South Buffalo St,Hamburg,NY,,716- 202-0639,,Www.studioskinboutique.com
212 Salon + Spa,212 N Main St.,Pleasant Hill,OH,,937-416-3307,212salonnspa@gmail.com,
Vitality Spa & Lounge,575 Montour Blvd Suite 6,Bloomsburg,PA,,(570) 951-4096,vitalityspaandlounge@gmail.com,https://vitalityspaandlounge.com
DVYN Body Bar,3624 Barrancas Ave.,Pensacola,FL,,(850) 501-4489,dvynbodybar@gmail.com,https://dvynbodybar.com/
Yvette Provost Esthetics,238 West Willow St.,Syracuse,NY,,315-561-3092,,yvetteprovostesthetics.com
Skin + Halo,43227 Crescent Blvd,Novi,MI,,248-499-0712,,www.skinandhalo.com
MasonWells Day Spa,419 Holiday Dr,Manhattan,Kansas,,785-320-2101,hello@mwdayspa.com,www.masonwellsdayspa.com/
MJ Beauty Creation,"9540 Garland Rd
Suite 294",Dallas,Texas,,732.762.7540,,
Beauty Essentials Day Spa,703 Spring Cypress,Spring,Texas,,2813533000,,www.beauty-essentials.net/
Blue Water Spa,"5820 Main St
Suite 204",Williamsville,NY,,716-597-9622,,
The Hair Department,2464 Getz Road,Fort Wayne,Indiana,,260- 432-3505,stephaniethehairdept@gmail.com,
V. Rose Aesthetics,"109 S Union St 
Suite 403",Rochester,NY,,(585) 355-9131,,
Timeless Beauty Bar & Salon,16 Hamilton St.,South Bridge,MA,,(617) 544-7121,timelessbeautybar6@gmail.com,https://timelessbeautybarsalon.com/
Making Waves Hair Salon,210 East Plank Rd. Suite 5,Altoona,PA,,814-201-2198,info@makingwavesaltoona.com,https://www.makingwavesaltoona.com/
Tol Aesthetics,"24 NE 12th Terrace
Suite #1",Ocala,FL,,(352) 581-9266,,https://schedulewithtolaesthetics.as.me/schedule.php
Grand Glamour,"5401 Portage Rd
Suite 6",Portage,MI,,(269) 743-7067,,
Skin 8 Spa,"2130 Town Center Way
2D Lower Level",Livingston,NJ,,(201) 788-6923,zoey@skin8spa.com,https://www.skin8spa.com/
Esthetics by Natalie,6938 W Q Ave,Kalamzoo,Michigan,,260-760-5570,nbailey4020@gmail.com,
The Spa at Spring Ridge,"2603 Keiser Blvd. 
Ste 207",Wyomissing,PA,,(610) 927-3223,,www.spaatspringridge.com/
Beauty Care Aesthetics,497 Broadway St,Everett,MA,,,,
Audrey's Aesthetics,"8105 Moores Lane, Ste.900, Brentwood, TN 37027 Suite 122",Brentwood,TN,,615-519-2092,audreysaesthetics13@gmail.com,
Kneading Time Spa & Laser,45 Academy Ave,Cornwall on Hudson,New York,,845-863-3009,kneadingtimellc@gmail.com,
Naked Aesthetics Co.,1518 South Avenue West,Missoula,Montana,,(206) 552-6566,,nakedaestheticsco.glossgenius.com
Darby James Salon & Spa,"11411 Buisness Park Circle
Suite 200",Firestone,CO,,303-776-3050,darbyjamessalon@gmail.com,https://darbyjamessalon.com/
Balance + Beauty,214 W. Washington St.,Monticello,IL,,217-931-0931,hello@balanceandbeautyco.com,
"The Alchemist Skin Bar 
Tricia Meibers | Licensed Master Esthetician","565 Cedar Rd Ste 16, Salon #18
*Located Inside of Sola Salons",Chesapeake,VA,,7576043338,alchemistskinbar@icloud.com,www.thealchemistskinbar.com/
La Belle Aesthetics,"11880 Velp Ave 
Ste D",Green Bay,Wisconsin,,,labelleaesthetics24@gmail.com,labellegb.com
Sanaz Skin Center,"450 maple avenue
suite 210",Vienna,Virginia,,(240) 383-8993,sanazskincenter1@gmail.com,
Glow Up With Justine,"Inside Avenue M Salon & Spa
180 S 2nd St",Milwaukee,Wisconsin,,(414) 376-3183,glowupwithjustine@gmail.com,GlowUpMKE.com
Glow Up With Justine,"Inside GÄDIS Brow + Beauty Studio 
325 W Silver Spring Dr 
Suite 100",Milwaukee,Wisconsin,,(414) 376-3183,glowupwithjustine@gmail.com,GlowUpMKE.com
Face Plant Skin Studio,"110 S Oakes Ave 
#270",Cle Elum,Washington,,(509) 656-4022,amelia@faceplantskinstudio.com,faceplantskinstudio.com
Water and Leaf Skincare,"5525 Twin Knolls Road, 
Suite 328",Columbia,Maryland,,(443) 537-0319,Cindy@waterandleafskincare.com,www.waterandleafskincare.com
Anna's Secret Lab,"450 Maple Ave E 
Ste 201A",Vienna,VA,,202-925-6296,contact@annassecretlab.com,annassecretlab.com/
Skin Studio by Annie,13125 North La Montana Drive,Fountain Hills,AZ,,480-200-2556,any2az@cox.net,Www.Anniekastner.com
TRES BON BEAUTE MED SPA,"220 Players Circle
Suite 402",Southlake,Texas,,817-664-3516,elizevanbeljon62@gmail.com,tresbonbeaute.glossgenius.com
NewYou Laser & Skin Studios,"4122 FM 762 Rd.
Spa # 4",Richmond,TX,,(832) 933-1900,Lasernewyou@gmail.com,
Studio Montage Salon & Spa,"21 3rd Street N, Unit 1B",Great Falls,MT,,406-452-3523,infostudiomontage@gmail.com,
GiGi Aesthetics,1324 Third Ave Suite #6,Chula Vista,CA,,619-940-9665,Booking@gigiaesthe.com,www.gigiaesthe.com
Rhythm & Roots Skin Studio,16088 Cinnamon Circle,Mead,CO,,970-415-2492,relax@rrskinstudioco.com,rskin.glossgenius.com/
Dynamic Rejuvenation,110 Elm St,Big Rapids,MI,,231-598-9141,kelly@dynamicrejuvenation.biz,www.dynamicrejuvenation.biz
The Look Advanced Aesthetics,"269 Hanover Street 
Level 3",Hanover,Massachusetts,,781-798-7758,,
Shear Tranquility Salon & Day Spa,945 Sebastian Blvd,Sebastian,FL,,772-581-1082,Sheartranquility@gmail.com,Sheartranquility.com
Center for Aesthetics,8 Century Hill Drive,Latham,NY,,518-282-3982,Center4aesthetics@gmail.com,www.centerforaestheticsny.com/
Aleshia’s Aesthetics at Truly Pampered,"122 West Ave
Suite 1",Brockport,NY,,5854312970,aleshiasaesthetics@gmail.com,
Skyn&Co. Aesthetics,"150 Arsenal St
Suite 210",Watertown,MA,,8572284708,Info@skynandco.com,
Elevate Esthetics,14501 Valley Crest Way,Bluffdale,Utah,,(385) 358-7813,elevate.esthetics.utah@gmail.com,linktr.ee/elevate.esthetics.utah
Greta's Beauty Bar LLC,"430 Main St
Suite 200",Agawam,MA,,4138864172,gretasbeautybar@gmail.com,
Retreat Spa and Salon,"4246 Washington Road
Suite 1-4",Evans,GA,,7063648292,Hello@retreatspaandsalon.com,
Raw Beauty Skincare,110 Washington Avenue,Williston,North Dakota,,(701) 770-1764,deblynnmedhurst@gmail.com,
Amy Caldwell,"3301 N. Miller Rd
Suite 150",Scottsdale,Arizona,,,studioaesthete@gmail.com,
Serenity Massage & Wellness Spa,3406 Middleton Dr,Augusta,GA,,(706) 863-7599,,serenityaugusta.com
NewYou Laser Studios,4122 FM 762,Richmond,Texas,,832 933 1900,Lasernewyou@gmail.com,www.newyoulaserstudios.com
Skin and Body Bar,"28 Kansas St 
Unit 2a",Frankfort,IL,,8156565566,Skinbodybar4@gmail.com,
Healthful Habits,322 Fairview Ave.,Hudson,New York,,5186314420,jgoldberg.healthfulhabits@gmail.com,
Skin Haus Collective,107 W Walnut St,Tremont,IL,,(309) 613-3290,skinhaus@skinhauscollective.com,
CORA Beauty and Spa | By The Lake,3594 State Rd 50,Delavan,wi,,2623251567,beautybycora@gmail.com,"www.corabeautyandspa,com"
Skin Journey Wellness Center,1127 S Patrick Dr Unit 18,Satellite Beach,Florida,,321-305-0094,,skinjourneywellnesscenter.square.site
"Steadman Therapeutic Massage, LLC",1142 Steeplechase Drive,Morgantown,WV,,(304) 406-8989,,
Face Forward With Fashion,"4464 Devine St 
Suite D",Columbia,SC,,(803) 216-1045,info@faceforwardwfashion.com,faceforwardwithfashion.glossgenius.com
Lowcountry Skincare & Spa,"10911 N Jacob Smart Blvd 
Unit D",Ridgeland,South Carolina,,843-226-2004,,lowcountryskincareandspa.glossgenius.com
Forsythia Skin Care Studio,"428 Main Street South, Unit 4",Woodbury,Connecticut,,8603651500,forsythiaskincarestudio@gmail.com,
Forsythia Skin Care Studio,"428 Main St. South
Unit 4",Woodbury,CT,,860-365-1500,forsythiaskincarestudio@gmail.com,
SKIN by Michelle Wynne,"2677 S Tamiami Tr
Suite 5
(Inside of Siesta Wellness Institute)",Sarasota,Florida,,,,www.wynneskin.com
Aesthetic Studio,"4475 US HWY 1 South 
Suite 401",Saint Augustine,FL,,844-817-6956,info@aestheticstudio.us,AestheticStudio.us
ZOE LIFE SPA AND SALON AND WELLNESS CENTER,"6452 Millennium Drive
Suite 170",Lansing,Michigan,,517-323-4331,spa@zoelifespasalon.com,zoelifespasalon.com
Shine and Glow Co,15501 McMullen Hwy SW,Cumberland,MD,,(240) 362-7441,,shineandglowco.com/
Exhaal Wellness Spa,"4280 Blue Diamond Road, Suite 101-B",Las Vegas,Nevada,,(702) 531-3223,Spa@Exhaal.com,www.exhaal.com
FB Skin & Wellness,"501 Centre Street
Suite 114",Fernandina Beach,Florida,,,,
Beauty Dr Tara's Medspa,97 Main St.,East Rockaway,New York,,5164009897,,
La Piel Aesthetics,7821 Russell Rd,Indian Trail,NC,,6304603750,jendelato@gmail.com,
Infinity Massage and Spa,"1011 Office Park Road
Suite 4",West Des Moines,IA,,515-471-5074,addie@infinitymassageandspa.com,www.infinitymassageandspa.com
Skin Witch Studio,"831 Rock Creek Church Rd NW, Unit A",Washington,DC,,(713) 492-7759,yourskinwitch555@gmail.com,www.skinwitchstudio.com/home
Canaan Valley Spa and Wellness Center,30 Aster Lane,Davis,WV,,304-704-6776,,canaanvalleyspawv.com
Opulence Esthetics,125 S Washington St,Delphi,IN,,765-421-7849,opulence.esthetics25@gmail.com,
Eleventh Element Relaxation Spa,17 Gateway Shopping Center,Edwardsville,PA,,(570) 338-2610,info@eleventhelement.com,www.eleventhelement.com
Ree.skincare,117 E. Main Street,Merrimac,Massachusetts,,978-973–2809,amsginn@gmail.com,
Jean Folchi Esthetics,11919 Montgomery Road,Cincinnati,Ohio,,(513) 309-2828,jnfolchi@gmail.com,Jeanfolchiesthetics.glossgenius.com
AGELISS Aesthetics-Med Spa,"131 Oriskany Blvd, Suite 10E",Whitesboro,NY,,,,
Waxing Moon Beauty llc,3001 e Highway 199,Springtown,Texas,,(435) 401-0392,817wmbeauty@gmail.com,Moonwax.glossgenius.com
Skin Renewed Esthetics,,Mandeville,Louisiana,,(985) 789-9515,skinrenewedesthetics@gmail.com,SkinRenewedEsthetics.glossgenius.com
Alinea Esthetic,18301 FM 270 suite 17,Houston,Texas,,(832) 738-7910,alineaesthetics25@gmail.com,alineaesthetics.com
Jessie The Estie,1033 Shine Ave,Myrtle Beach,South Carolina,,(240) 412-5553,jesstheestie@gmail.com,https://jessietheestie.com/book
"Graceful Glo, LLC - Facial Studio",984 Wayne Road - Suite D Inside Jersey Roots Salon,Savannah,Tennessee,,(731) 607-7872,gracefulglo.skintherapy@gmail.com,https://pocketsuite.io/book/gracefulglo
By B. Studio | Framingham Esthetics,,Framingham,Massachusetts,,(508) 969-6943,by.brunastudio@gmail.com,https://bybstudio.glossgenius.com/
Serenity Skin Lounge,1500 Almonesson Rd Space 26 Suite 405,Deptford,New Jersey,,(640) 600-9220,serenityskinlounge@gmail.com,https://serenityskinlounge.glossgenius.com/
The Natural ER,,Anniston,Alabama,,2564030773,thenaturaler@gmail.com,www.thenaturaler.com
Complexion Skin Studio & Spa,,Temple,Texas,,(254) 244-2450,info@complexionsskinstudio.com,www.complexions-spa.com
Rosa Rodrigues Esthetics Med Spa,13601 Preston RD. Suite W950,Dallas,Texas,,(972) 898-8751,rosarodriguesesthetics@gmail.com,https://rosarodriguesesthetics.com/
Skin By Keziah,,Bismarck,North Dakota,,(701) 202-6548,keziah.simon@yahoo.com,https://book.squareup.com/appointments/n1gell0305b3qw/location/LW785BAMFH99V/services?fbclid=IwY2xjawNKa-lleHRuA2FlbQIxMABicmlkETFsb3ZVeUdaTWg2cDhaZU9CAR4cAIHBgK982wYLsIxCgkX4Q-HAPKGgPKhOFJfM1HkQMtUja0yyFEgWWbgd2w_aem_RWb7ntOS_ffpxyxTOdFoSg
Skin by Ashley Kellogg,1508 Madison St Suite 17,Clarksville,Tennessee,,(931) 561-9078,Burchetta@yahoo.com,Skinbyashleykellogg.glossgenius.com
Studio 444 Massage & Skincare,7552 Navarre Parkway suite 36,Navarre,Florida,,(850) 684-5444,studio444nikki@gmail.com,www.The444Studio.com
Bare Beauty 903,516 N Fredonia Street,Longview,Texas,,(903) 452-4123,barebeauty903@gmail.com,Vagaro.com/barebeauty903
Mira J's Face & Body Wellness Spa,3420 Roberts Cut Off Road,Fort Worth,Texas,,(682) 410-2472,mirajsfab@hotmail.com,www.vagaro.com/mirajsfabwellnessspa
ButterflyKissed Beauty Bar,3516 S Live Oak Dr Unit F,Moncks Corner,South Carolina,,(843) 607-4660,butterflykissedbeautybar@gmail.com,ButterflyKissedBeautyBar.com
Radiant Glow by Whit,North Ave Salon,Fort Thomas,Kentucky,,(859) 750-0276,whitneylankford22@gmail.com,https://radiant-skin-by-whit.square.site/
Lotus Skin Care,426 5th Ave. NW Suite #3,Aberdeen,South Dakota,,(605) 228-0343,beautyck10@gmail.com,lotus-skincare.com
Rooted ritual skincare,"909 S Coast Hwy, Ste C",Oceanside,California,,(760) 458-7711,kiaracardoza2@gmail.com,https://kiaracardoza.glossgenius.com/
"Jeanene Mozden LMT, LE",140 W. River Street suite 10,Cadillac,Michigan,,(231) 878-4463,jeanene_reece@yahoo.com,Www.michiganimassage.com
LUXE LEVEL A,,Sunrise,Florida,,(561) 969-8178,luxelevela@gmail.com,http://luxelevela.as.me/
SKIN & SOMA,133 Great Road  Suite 202,Bedford,Massachusetts,,(617) 837-2620,skinandsoma@gmail.com,www.skinsoma.com
Complexions By Lisa,3964 Goodman Rd E. STE 122 (Suite 102),Southaven,Mississippi,,(731) 225-0707,lisa.esthetics2024@gmail.com,Complexionsbylisa.glossgenius.com
Soul Anchor Therapeutics & Esthetics,,Walden,New York,,(845) 420-0329,jamieveselyesthetics@gmail.com,https://mysite.vagaro.com/soulanchor
The Skintechnician,9710 W Happy Valley Road  Suite #2,Peoria,Arizona,,(623) 414-6592,theskintechnicianaz@gmail.com,https://theskintechnicianaz.com/
Sunrise Esthetics LLC,624 W International Airport Rd,Anchorage,Alaska,,,sunriseestheticsllc@gmail.com,https://www.sunriseesthetics.com/
Sabaoth Massage and Spa,8530 FM 1960 Rd E Suite 104,Humble,Texas,,(346) 574-5772,info@sabaothmassageandspa.com,Www.sabaothmassageandspa.com
Lavish Love Aesthetics,2750 E Southlake Blvd Unit 180 Suite 109,Southlake,Texas,,(817) 601-7072,lavishloveaesthetics.info@gmail.com,https://lavishloveaesthetics.glossgenius.com/
Tarynâ€™s Esthetics,,Kearney,Nebraska,,(308) 224-0178,tarynsesthetics@gmail.com,
Lilace Beauty,97 Hilltop Village Center Drive Suite 107,Eureka,Missouri,,,laci.esthetics@gmail.com,lacirothllc.glossgenius.com
28 Skincare,299 w foothill blvd  Suite 202,Upland,California,,(909) 660-6382,info@28skincare.com,https://brandicepondexter.glossgenius.com/
Vow to Glow,,Chesapeake,Virginia,,(757) 447-7051,vowtoglow@gmail.com,vowtoglow.glossgenius.com
Revive Beauty,2938 Limited Ln NW STE B3,Olympia,Washington,,(360) 470-2805,revivebeautyolympia@gmail.com,Www.revivebeautyolympia.com
BeautyByBri315,6221 NY-31 31 Suite 105b,Cicero,New York,,(315) 898-4048,beautybybri0315@gmail.com,https://beautybybri315.glossgenius.com/
PureSkin Esthetics,1624 Davie Ave,Statesville,North Carolina,,(910) 612-0034,mack@pskinesthetics.com,pskinesthetics.glossgenius.com
HD Esthetics,43 St Rt 534,Hickory,Kentucky,,(270) 705-1550,dunevantphotography@gmail.com,Hmdesthetics.glossgenius.com
Bear Moon Waxing & Skincare,45 S. French Broad Avenue,Asheville,North Carolina,,(828) 380-0468,bearmoonwaxing@gmail.com,bearmoonwaxing.com
Beauty Marks Esthetics,20 Gleaves Rd,Plymouth,North Carolina,,(252) 217-6438,info@beautymarksesthetics.com,WWW.BeautyMarksEsthetics.com
Blush Skin Aesthetics,1710 FM 1431,Marble Falls,Texas,,(830) 613-0717,blushskinaestheticstx@gmail.com,BlushSkinAesthetics.com
Golden Esthetics,1955 N 63rd Dr,Kansas City,Kansas,,(913) 645-1826,goldenestheticskc@yahoo.com,https://golden-esthetics.square.site/
Stels Beauty Wellness and Med spa,,Niantic,Connecticut,,(860) 984-1618,stels@stels-beauty.com,www.stels-beauty.com
Tocar Spa (Ericka Wilcox),10630 Little Patuxent Parkway Suite 128,Columbia,Maryland,,,RestWithEricka@gmail.com,Tocarspa.com
SS SKIN STUDIO,60 Houston Drive,Thousand Oaks,California,,(805) 279-7969,stacy@ssskinstudio.com,www.ssskinstudio.com/booking
ReNew You Skin Care,109 Terrace Mountain Rd.,Schoharie,New York,,(518) 859-3988,chalado412@hotmail.com,https://renew-you-studio.square.site/
Peace Oasis Spa,1 Chick Springs rd #210B,Greenville,South Carolina,,(864) 881-1142,peaceoasis864@gmail.com,PeaceOasisSpa.com
Blissful Moments by Kat,765 Historic Route 66 Suite G,Glendora,California,,(626) 624-2247,katherinediax.2@gmail.com,https://blissfulmomentsbykat.comb.works/
Beautee Therapy,,Long Beach,California,,(310) 292-8604,Beauteetherapy@gmail.com,https://beauteetherapy.glossgenius.com/services
Bridget Wilson Skin,10810 Paramount  Suite 102,Downey,California,,(562) 412-7710,be.roberts7@gmail.com,https://bridgetwilsonskin.glossgenius.com
JC Aesthetics,1120 Starview Dr. Suite 4,Hinton,Iowa,,(712) 899-3076,jules042004@gmail.com,https://thehairshoppe.glossgenius.com/
GET RED WITH ME,,Hayward,California,,(510) 875-4256,ynnareddelrosario@gmail.com,Www.vagaro.com/getredwithme
Sculpt Beauty Maryland,9520 Berger road Suite 203,Columbia,Maryland,,(443) 518-8618,trishamusara@yahoo.com,www.sculptbeautymaryland.com
BodyGLOW Aesthetics,101 W Edison Avenue Suite 258,Appleton,Wisconsin,,(920) 234-5800,nfo@bodyglow.studio,https://bodyglowstudio.glossgenius.com/
Enchanted Beauty LLC,2600 E Seltice Way,Post Falls,Idaho,,(208) 691-3281,enchantedbeautyllc@outlook.com,https://enchantedbeautyllc.square.site/
Luisa Lempe Aesthetics,75 S Riverside Ave. Suite E,Croton On Hudson,New York,,,luisalempeaesthetics@gmail.com,www.luisalempe.com
The Serenity Scene,,Luck,Wisconsin,,(651) 329-1587,theserenityscene01@gmail.com,
Whitley Erin Aesthetics,328 South High St. The Red Berry Salon,McMinnville,Tennessee,,(931) 259-9832,whitleyerinaesthetics@gmail.com,https://whitleyerinaesthetics.square.site/
Sunshine                                                        Esthetics,5344 N Broadway Street Suite 103,"Knoxville, TN",Tennessee,,(865) 236-1877,sunshineesthetics2025@gmail.com,https://pocketsuite.io/book/sunshine-esthetics?channel=suitelink
Haus of FIDI,473 N Pace Blvd,Pensacola,Florida,,(850) 542-4320,hello@hausoffidi.com,www.hausoffidi.com
KADO Aesthetics,"7401 N Federal Hwy Suite A-7, #114, Boca Raton, FL 33487",Boca Raton,Florida,,(561) 825-9077,katya.esthetician@gmail.com,https://mysite.vagaro.com/kadoaesthetics/home
Kiss My Lash Xo LLC,2808 Windguard circle suite 101,wesley chapel,Florida,,(813) 803-8712,kissmylashxollc@gmail.com,kissmylashxollc.glossgenius.com
Infinit Beauty,8501 East Market St Suite B,Warren,Ohio,,(330) 565-7399,infinitxbeauty@gmail.com,Infinit-beauty.com
There She Glows Studio,926 Rt 73 N Suite 27,Marlton,New Jersey,,(718) 490-1151,Theresheglowsstudio@gmail.com,Www.vagaro.com/theresheglowsstudio
Bare Naked Beauty,,Roseville,California,,(619) 862-8174,sarakelly503@gmail.com,Barenakedbeauty.glossgenius.com
Platinum Cosmetics,111 1ST ST NE,Little Falls,Minnesota,,(320) 639-1230,platinumcosmeticsmn@gmail.com,www.platinumcosmeticsmn.com
CRH Skin Studio,712 Adams St,Carmel,Indiana,,(317) 397-7364,chloehurst0007@gmail.com,Www.crhskinstudio.com
Balanced Skincare and Massage,6011 Durand Avenue Suite 300,Mount Pleasant,Wisconsin,,(262) 488-3222,sarahdlmt@yahoo.com,
Wild Within Skincare,431 Main St,Lander,Wyoming,,(307) 201-7473,brenna@risehealthwy.com,https://www.risehealthwy.com/wildwithin
Wax Me Studio,2255 Randall Rd Suite 20,Carpentersville,Illinois,,(847) 620-9502,alexis.waxmestudio@gmail.com,Waxmestudio.square.site
Solbirde Collective,29473 Vines Creek Rd Unit #101,Dagsboro,Delaware,,(443) 299-2214,mollyschlecker@gmail.com,solbirde.glossgenius.com/services
Bellatas Medical Aesthetics,28 Clinton St Suite 1B,Saratoga Springs,New York,,(518) 306-6197,info@bellatasmedspa.com,www.bellatasmedspa.com
Dawn Apothecary Esthetics & Skincare,506 Osigian Blvd STE 2,Warner Robins,Georgia,,(470) 839-6459,dawnapothecary@gmail.com,https://daes.glossgenius.com/
Glow 'N Go Esthetics,1430 W Ustick Rd suit #130,Meridian,Idaho,,(208) 709-0229,warrior.0f.life.2@gmail.com,Mariposa-day-spa.square.site
Honey House Beauty,374 Boston Street,Topsfield,Massachusetts,,(978) 810-5777,kj.terzakis@gmail.com,www.honeyhousebeauty.com
MERMAIDS MANE BEAUTY BAR,90773 Old Hwy 6,Tavernier,Florida,,(305) 224-8637,gwendolynboggess@gmail.com,https://my-site-109550-108674.square.site
Cristal Skin Persuasion,750 Coronado Center Dr. Building 100,Henderson,Nevada,,(720) 935-6066,cskinpersuasion@outlook.com,cristal-skin-persuasion.square.site
Katie Jean Esthetics,1665 Hartford Ave  #6,Johnston,Rhode Island,,(401) 764-4140,katiejeanesthetics@gmail.com,Katiejeanesthetics.square.site
Timeless Glow Aesthetics LLC,3813 22nd ave,Kenosha,Wisconsin,,(262) 344-9972,alyssamspa@icloud.com,
PureBeautyByTeiara,100 E linton Blvd 413B,Delray Beach,Florida,,(561) 774-3319,Purebeautybyteiara@gmail.com,https://l.instagram.com/?u=https%3A%2F%2Fpurebeautybyteiara.glossgenius.com%2F%3Ffbclid%3DPAZXh0bgNhZW0CMTEAAacOg0IdVBFhuIYc8k2o6smgCgBKzotFfN-VBosQHwfdZ41r38DUhnuYTnaxeg_aem_OTOiLVjz4gGjjeQUn0m-tQ&e=AT0RPJwuSna96B5AFjdwWMPqkHd0WgAo0ZTdLoNTMxEXIujnvyQ-Ay36o_j9M_AMhAyqkb_U5txMv-4tNUml6bZOGxHcJxhMpkYh6jSFqjtCFtnU-LWshETMUg
Sculpted Looks,,Hernando,Mississippi,,(662) 712-5003,sculptedlooks25@gmail.com,Sculptedbyleila.glossgenius.com
Skinterra Aesthetics & Wellness,660 TX-105 West Suite D,Sour Lake,Texas,,(409) 658-3551,skinterra.studio@gmail.com,https://skinterra.glossgenius.com/
AnomalÃ­a Society,"2414 Marsh Ln, Unit 105",Carrollton,Texas,,(469) 463-4393,jocelynr0513@gmail.com,https://dashboard.boulevard.io/booking/businesses/35054cd1-b26d-456e-a560-98753b8d353c/widget?path=%2Fcart%2Fmenu%2FFACIALS%2520%25F0%259F%25AB%25A7&locationId=bf2713cd-963d-4857-82b2-b16e476353f9&visitType=SELF_VISIT
"Skin by Linss LLC, dba Eclectic Beauty Esthetics",421 Walnut Blvd,Rochester,Michigan,,(586) 212-2827,skinbylinss@gmail.com,www.eclecticbeautyesthetics.com
Iconic Skin LLC,3813 RT 9 North  Suite 102,Old Bridge,New Jersey,,(732) 567-8218,laurakirchner@hotmail.com,Iconic-skin-LLC.square.site.
Serene Skin Studio,10200 eastern shore blvd suite 11,Spanish fort,Alabama,,(251) 599-0198,bmcdaniel140@aim.com,https://sereneskinstudio1.glossgenius.com/?
NURSKYN & Spa,14010 US 183 Suite 416,Austin,Texas,,(512) 693-9338,nurskynspa@gmail.com,www.vagaro.com/nurskynandspa
Knead to Glow,7 Cummings Lane suite 101A,Highland,New York,,1 (844) 548-8822,kneadtoglow@gmail.com,www.vagaro.com/kneadtoglow
Total Image Salon,7145 Watt ave,North Highlands,California,,(916) 827-8993,natna777@gmail.com,https://www.instagram.com/dr.cosmetolog.natali?igsh=MzRlODBiNWFlZA==
Skin Harmony by Hannah,8324 Bell Creek Rd,Mechanicsville,Virginia,,(804) 506-6030,skinharmonyhannah@gmail.com,https://www.vagaro.com/skinharmonybyhannahllc
Naked Nine Beauty,,Fresno,California,,(559) 203-4771,nakedninebeauty@icloud.com,nakedninebeauty.com
Sacred Glow by Chrissy Marie Esthetics,271 Bedford St Suite 1,Lakeville,Massachusetts,,(866) 913-8593,sacredglowbychrissy@gmail.com,Chrissymarieesthetics.skincaretherapy.net
Bellissima Skin,1825 Rt 35  UNIT 19,Wall Township,New Jersey,,(848) 226-8265,info@bellisssimaskinspa.com,https://bellissimaskinspa.com/
Studio 1745,48 Dietz St Suite F,Oneonta,New York,,,Info@studio1745.com,https://booking.mangomint.com/studio1745?staffId=1
Honeycomb Esthetics,7275 W. 88th Ave,Westminster,Colorado,,(303) 519-8659,honeycombesti@gmail.com,honeycombesthetics.glossgenius.com
Timeless Beauty by Stefanie,,Sarasota,Florida,,(941) 328-2408,stefanie0376@hotmail.com,https://www.instagram.com/timelessbeauty_bystefanie?igsh=OHZrOWZsejh2dHh0&utm_source=qr
Hands of a Healer - Therapeutic Massage & Bodywork,,Clemmons,North Carolina,,,handsofahealer.nc@gmail.com,https://www.handsofahealerwsnc.com/
Blissful Touch Studio,1117 S Milwaukee Ave A13,Libertyville,Illinois,,(224) 433-6583,blissfultouchstudioil@gmail.com,Www.blissfultouchstudio.com
Narcisso Beauty & Wellness Spa Suite,1314 North Main St,Marion,South Carolina,,(843) 874-0154,narcissobeautywellness@gmail.com,www.narcissobewell.com
Arcane Glow Esthetics,5302 NC Highway 55 Suite 102 F,Durham,North Carolina,,(919) 307-9901,arcaneglowesthetics@gmail.com,www.Arcaneglow.glossgenius.com
Isla Esthetics,221 West Railroad Ave Suite G,Shelton,Washington,,(360) 200-0799,hello@islaesthetics.com,http://islaesthetics.com
SkinSense By Alyssa,10393 Ford Ave,Richmond Hill,Georgia,,(912) 312-6263,Skinsensega@gmail.com,Skinsensebyalyssa.glossgenius.com
Amaryllis Aesthetics,2435 Northview Stret,Hernando,Mississippi,,(901) 515-7943,lindseygracem1@gmail.com,https://amaryllisaesthetics.glossgenius.com/
Vibestheticz,,Austin,Texas,,(737) 232-4154,brianna@vibestheticz.com,https://vibestheticz.glossgenius.com/
Local Euphoria L.L.C,185 E Van Buren  STE I,Eureka springs,Arkansas,,(479) 553-9494,Localeuphoria1@gmail.com,Localeuphoria.comb.works
Eyes on me Spa and Wellness,387 Greens Rd.,Houston,Texas,,(832) 445-8133,eboninjackson@gmail.com,eye-on-me.com
"P31 Lash & Glow, LLC",282 Flowers Pridgen Rd,Whiteville,North Carolina,,(910) 234-7853,ilook2uhs@gmail.com,https://mysite.vagaro.com/p31lashandglowllc/p31-lash-n-glow-llc
"Gentlemen and Fashionistas, LLC",,East Greenwich,Rhode Island,,(401) 542-9654,gentlemenandfashionistas@gmail.com,Breenista.glossgenius.com
"A&G Studio,LLC.",15999 W 12 Mile Rd #104,Southfield,Michigan,,(855) 627-3078,angstudiollc@gmail.com,https://pocketsuite.io/book/angstudiollc
Xochiq Skincare,1852 Lockhill Selma Rd #104,San Antonio,Texas,,(210) 974-9241,xochiqskincare@gmail.com,https://xochiqskincare.glossgenius.com/
Studio J,804 Campbell st,Warner,Oklahoma,,(918) 617-0871,jordyn.shipley@icloud.com,http://thereddoor.glossgenius.com/
Vays Beauty,,Waldorf,Maryland,,,info@vaysbeauty.com,www.vaysbeauty.com
Skin Junkee,133 Main Street  G,North Reading,Massachusetts,,(339) 221-0234,Skin.Junkee@gmail.com,SkinJunkee.GlossGenius.com
Renovatio Esthetics,904 copperfield blvd,Concord,North Carolina,,(813) 541-2677,radiantskinbykellyw@gmail.com,Renovatioesthetics.com  Kellywong.glossgenius.com
Cinnamon & Sage,161 W Haley Springs STE 102C,Bozeman,Montana,,(406) 209-8375,cinnamonklein@gmail.com,https://www.cinnamonandsage.com/
Stephs A1 Beauty Bar LLC,8351 SW 39th Court,Davie,Florida,,(305) 803-3626,stephsa1beautybar@gmail.com,Stephsa1beautybar.as.me
"Skin Envy, LLC",302 W. White Oak Street,Leitchfield,Kentucky,,(270) 314-3365,skinenvy54@gmail.com,skinenvy.glossgenius.com
Relax & Restore Studio,237 Leatherman rd,Wadsworth,Ohio,,(330) 634-4379,wadsworthrandr@gmail.com,https://www.massagebook.com/therapists/wadsworth-ohio-relax-and-restore-studio
Madison Made Esthetics,"4647 S Clyde Morris Blvd, Unit 501",Port Orange,Florida,,'+1 386 259 8936,madisonmadeesthetics@gmail.com,https://madisonmadeesthetics.net/book
Skynfluence by Elleâ€™s Artistry,27025 Plymouth rd,Redford,Michigan,,(313) 573-6781,alishawilks23@gmail.com,https://alishawilks.glossgenius.com/
Hungry Esthetics,"22833 Bothell Everett Highway, Studio 200, Suite 26",Bothell,Washington,,(425) 370-9804,hungryesthetics@gmail.com,https://www.vagaro.com/hungryesthetics
The Skin Studio,103 S. Fourth Street Suite 221,Manhattan,Kansas,,(785) 370-1647,keyskaelin07@gmail.com,https://the-skin-studio-105322.square.site/
Willow Tree Esthetics LLC,1639 Market Way Suite E,Ammon,Idaho,,(208) 557-9046,Willowtreeesthetics@gmail.com,Willowtreeesthetics.glossgenius.com
The Naked Truth Studio LLC,11421 Main St,Middletown,Kentucky,,(502) 791-5840,thenakedtruthstudiollc@gmail.com,https://thenakedtruthstudiollc.glossgenius.com/
Essence Wellness LLC,203 Springdale Circle,Palm Springs,Florida,,(561) 817-9140,mpersaud5@gmail.com,
Sunset Bloom Aesthetics,1138 N Higley Rd suite 113,Mesa,Arizona,,(480) 873-1300,sunsetbloomaesthetics@yahoo.com,https://sunsetbloom.glossgenius.com/
Opal Aesthetics LLC,7733 Sunflower Dr.,Noblesville,Indiana,,(765) 914-4065,Opalaestheticsindy@gmail.com,
Alpine Glow Aesthetics,7710 N. Union 100J,Colorado Springs,Colorado,,(719) 510-3658,gingersnappedskin@gmail.com,https://alpineglowaesthetics.glossgenius.com
Rejuvenation Medical Aesthetics (Health Body Mind),725 S Ann Blvd Unit A,Harker Heights,Texas,,(254) 258-1397,healthbodymind1@outlook.com,www.functionalwellnessnow.com
The Refinery Medical Aesthetics,2420 SW 17th St. Suite 150,Topeka,Kansas,,(785) 329-3499,hello@therefinerymed.com,therefinerymed.com
Esthetics By Cathy,151 E Terrell St,Canton,Texas,,(210) 854-4013,ccadequick@gmail.com,https://monroeandco.glossgenius.com/services
EssenceEsthetique,9545 w 87th street,Overland Park,Kansas,,(816) 885-0527,essylashai26@gmail.com,Essence-esthetique.com
Worthy Beauty,4971 Eastman Avenue,Midland,Michigan,,(989) 545-9190,worthybeauty24@gmail.com,worthybeautymi.glossgenius.com
Lash Queen of RI,2095 Elmwood Ave Suite B,Warwick,Rhode Island,,(401) 626-8288,pearlafrancisco@gmail.com,Lashqueenri.com
Meg the Esty,1721 Blackriver Blvd,Rome,New York,,(315) 228-9589,megtheesty@gmail.com,https://megtheesty.glossgenius.com/
Beautiful Lotus Skincare & Waxing Studio,10150 Dorchester Road Suite 229-231 Studio 18,Summerville,South Carolina,,(843) 478-4369,aisha@beautiful-lotus-25.com,https://www.beautiful-lotus-25.com
Noir Pearl Spa,4833 S. Cobb Dr. SE,Smyrna,Georgia,,(470) 815-2805,noirpearlspa@gmail.com,www.noirpearlspa.com
Beauty By Jumilka LLC,,Perth Amboy,New Jersey,,,beautybyjumii@gmail.com,
Skin Haven By Layla LLC,3333 Main Street,STRATFORD,Connecticut,,(203) 614-9662,skinhavenbylaylallc@gmail.com,https://skinhavenbylayla.square.site/
Skin by Mel,9 E Northwest Hyw,Palatine,Illinois,,(224) 368-1638,catlettmelanie@yahoo.com,https://studiostyl.mysalononline.com/Booking/?sid=0&guid=c5720cd0-e3a1-4dce-a56c-e901d5d2238e&customerId=378550
SKIN VICTORY,30 MONMOUTH STREET SUITE 2,RED BANK,New Jersey,,(848) 466-6682,SKINVICTORYNJ@GMAIL.COM,
The Urban Muse,82 Broadway,Denville,New Jersey,,(973) 627-3455,stina@theurbanmuse.com,https://theurbanmuse.zenoti.com/webstoreNew/services
Reputation Collective,1970 SC-101 Suite B,Greer,South Carolina,,(864) 913-8967,reputationcollective@gmail.com,vagaro.com/reputationcollective
The Lash and Skin Studio by Melissa,21755 N 77th Ave Ste 10,Peoria,Arizona,,(602) 799-6795,melissasvenezia@gmail.com,https://pocketsuite.io/book/melissa-venezia
Aquaria Spa,805 E Midland St,Bay City,Michigan,,(989) 289-5305,afootejean@yahoo.com,https://aquariaspa.glossgenius.com/services
Katie the Esthi,2727 sw wanamaker rd Studio 8,topeka,Kansas,,,katieknouf@gmail.com,Katie-the-esthi.square.site
pristine skin & lash,1506 E winding way Dr Building 102 Suite 201,Friendswood,Texas,,(701) 340-5986,pristineskinandlash@gmail.com,Pristineskinandlash.glossgenius.com
Skin Alchemy HI,1188 Bishop St. STE #2010,Honolulu,Hawaii,,(808) 272-9600,kshawnlin@gmail.com,https://www.skinalchemyhi.com/
Synergy Skyn Studios,,Fremont,California,,(341) 242-6045,paulinejruperto@gmail.com,Luvskinbeaute.glossgenius.com
The Glow Room,1185 Glensboro Road #4,Lawrenceburg,Kentucky,,(502) 825-1590,theglowroom.esthetics25@gmail.com,http://theglowroomesthetics.glossgenius.com
Skin By Design,12657 N Tatum Blvd Room 108,Phoenix,Arizona,,(602) 616-3551,francie@skinbydesignaz.com,Skinbydesignaz.com
Black Velvet Spa,620 S Main Street,McAlester,Oklahoma,,(918) 329-6244,jaelynbarbara@gmail.com,onyxdistrict.glossgenius.com
Nikki Hawkins - Flora. Beauty,No physical address,king george,Virginia,,,nikkiskincare.beauty@gmail.com,facebook.com/floraskincareandbeauty
Bare Ritual Aesthetics,60 Bowling Dr,Jackson,Tennessee,,(731) 388-0181,amberw.le@icloud.com,
Skin Remedy Studio,22 Mill Street,Newport,Rhode Island,,(401) 470-1621,theskinremedystudio@gmail.com,https://www.skinremedystudiori.com
Beauty Vibes by Ashtyn,6801 Bell St. suite #800,Amarillo,Texas,,(806) 802-9566,ash.kaleigh@icloud.com,Ashtyn.glossgenius.com
Laureenâ€™s Massage & Esthetics,,Hamburg,New York,,(716) 208-9975,laureenlmt@gmail.com,pocketsuite.io/link/laureen-sibiga
Blue Haven Beauty,90 2nd ave N. Suite 1,Minneapolis,Minnesota,,(612) 203-0445,briannawbeauty@gmail.com,https://bluehavenbeauty.com/
Esthetics With Sav,711 W Jefferson Ave,Effingham,Illinois,,(217) 994-4115,savannah.morrissey@icloud.com,https://esthetics-with-sav.square.site/
Face The Day,52 Oswego St Suite 8,Baldwinsville,New York,,(315) 956-7606,facethedaycny@gmail.com,
Glow & Grace Skin Co.,14910 Summit Ave,Fontana,California,,(626) 469-7835,domitheesthi@gmail.com,https://pocketsuite.io/book/dominique-gonzales
Cherrie Darling Beauty,276 Greenwood ave,Bethel,Connecticut,,(203) 666-7036,cherriedarlingbeauty@gmail.com,Cherriedarlingbeauty.com
The Treatment Room,598 N Bardstown Rd,Mount Washington,Kentucky,,(502) 665-1791,brittneydavislmt@gmail.com,www.thetreatmentroom.studio
Skin Wellness and More,201 Preston St,Abingdon,Virginia,,(727) 244-9166,skinwellnessandmore@gmail.com,Skin-wellness-and-more.square.site
BB Skincare INC,3807 Wrightsville Ave Unit 22,Wilmington,North Carolina,,(219) 916-7188,yogamom@hotmail.com,https://melaniefuller.glossgenius.com/
Skin & Spurs,,Gibson City,Illinois,,(815) 992-3004,kelsroach2011@gmail.com,
Revive and Glow IV and Wellness,212 S Brunswick St,Jesup,Georgia,,(912) 385-2620,reviveandglowivandwellness@gmail.com,reviveandglowonthego.janeapp.com
Wood River Esthetics,,Owasso,Oklahoma,,(918) 645-3613,woodriveresthetics@gmail.com,www.woodriveresthetics.com
The Skin Refinery,229 N Main St,Nicholasville,Kentucky,,(859) 724-2258,beautybyjosieo@yahoo.com,Www.theskinrefineryky.com
Mandy Rohdert Esthetics,1301 N Ewing St,Seymour,Indiana,,,mandyrohdertesthetics@gmail.com,mandyrohdert.glossgenius.com
Timeless Beauty,203 N College Ave Suite 3002,Cleveland,Texas,,(936) 718-3844,timelessbeauty.vg@gmail.com,timeless-beauty-vg.square.net
Vivid Beauty Studio,2142 E Silver Springs Blvd Unit 12,Ocala,Florida,,(352) 470-0880,vividbeautystudio.fl@gmail.com,www.vividbeautystudio.com
Skin therapy by Jennifer,5702 Magnolia Avenue Suite b,Whittier,California,,(562) 713-0862,skintherapybyjennifer@gmail.com,
Venus & Mars by Mayerlen,6921 Gunn Highway Suite 12,Tampa,Florida,,(732) 822-9108,mayerlen.gomez@salonlofts.com,https://salonlofts.com/mayerlen_gomez
Bare Laser Medical Spa,87 Sunset Avenue  Unit C,Westhampton Beach,New York,,(631) 965-1810,barelasermedicalspa@gmail.com,www.barelasermedicalspa.com
T&L Aesthetics,,Cordele,Georgia,,(229) 947-9925,admin@tandlaesthetics.com,tandlaesthetics.glossgenius.com
White Lotus Pure Plasma,,Brentwood,California,,-415,whitelotusplasma@gmail.com,https://whitelotusplasma.com
"Thrive Massage & Esthetics, LLC",8166 Market St. Suite C,Boardman,Ohio,,(330) 610-5738,thrive4massage@gmail.com,www.massagebook.com/biz/thrive-massage-esthetics-llc
Zani Skin Studio,11 Bartlet St #2,Andover,Massachusetts,,(508)-658-0573,zaniskinstudio@gmail.com,zaniskinstudio.glossgenius.com
The Pink Lemon Spa,654 Perry St.,Defiance,Ohio,,(419) 210-5194,itsmebri0913@yahoo.com,https://thepinklemonspa.glossgenius.com
Bella Aesthetics by Sonia,1920 West Villa Maria Rd #305-7,Bryan,Texas,,(979) 595-5318,soniaguerrero8@gmail.com,https://bellaaestheticsbysonia.glossgenius.com/
Mary Dermcare New York,390 5th Ave RM 912,New York,New York,,(646) 348-0360,consult@marydermcare.com,www.marydermcare.com
SkinCoded esthetics bar,616 fm 1960 w,Houston,Texas,,(716) 563-6152,karihemphill36@gmail.com,skincoded.glossgenius.com
The Skin Garden,500 S Depeyster St,Kent,Ohio,,(330) 422-8328,skinbyhaleigh@gmail.com,www.vagaro.com/theskingarden
Salon Iris,5307 Caraway Ln,Cedar Falls,Iowa,,(319) 859-9341,raeanne.burke@westernhome.org,iriscf.com
Brio Skin Studio,1012 S COAST HWY STE M,OCEANSIDE,California,,(760) 938-0629,info@BrioSkinStudio.com,www.BrioSkinStudio.com
AURÃ‰A BEAUTY,,Sanford,Florida,,,aureabeauty.cs@gmail.com,https://shopaureabeauty.myshopify.com/
New River Med Spa,1514 Baker Hwy,Huntsville,Tennessee,,(423) 663-5100,mhoward@newrivermedspa.com,Www.newrivermedspa.com
Glass Skin Facials,6838 Windsor Ave,Berwyn,Illinois,,(708) 553-8280,Glasskinlounge@gmail.com,https://www.browsbylucy.com
Marbella Aesthetics Academy & Suites CO,8810 Commodity Cir Suite 34,Orlando,Florida,,(321) 234-0111,yeseniamedinanet@gmail.com,https://marbellaaesthetics.glossgenius.com/
Luna Luminosity Esthetics,316 w stanislaus st,avenal,California,,(559) 380-5838,lunaluminosity@hotmail.com,
KADO Cosmetics & Esthetics by Lacey,,Minerva,Ohio,,(330) 771-7284,kadocosmeticsandesthetics@gmail.com,laceyossler.glossgenius.com
FreshFace Esthetics by Denise,2309-129 W. Cone Blvd,Greensboro,North Carolina,,(336) 908-6678,freshface.d66@gmail.com,linktr.ee/freshface.estheticsbydenise
Skin Lash Co,1204 Main Street Unit 2,Sanford,Maine,,,amanda.williams@skinlashcome.com,https://skinlashcome.glossgenius.com/
GloVolution LLC,6123 Broad Street,Brooksville,Florida,,(352) 723-5226,glovolutionllc@gmail.com,https://glovolution.com/booking
"TrueSkin Spa, LLC",,Richmond,Minnesota,,(320) 248-1438,tracyrobin3@gmail.com,https://www.facebook.com/tracymilleresthetician
Sugar Skin Studio,9270 Glenwood Suite C,Overland Park,Kansas,,(913) 735-0738,Thesugarskinstudio@gmail.com,Sugarskinstudio.com
The Beauty Bar presented by LaLa Faces,2402 S Miami Blvd  Suite 105,Durham,North Carolina,,(919) 797-9302,info@lalafaces.com,Www.lalafaces.com
Radiant Skin & Laser Spa,2935 Veterans Road West Suite 23,Staten Island,New York,,(929) 244-9850,radiantskinlaserspa@gmail.com,www.radiantskinlaserspa.com
Sweet Serenity Spa,6832 Carnegie Blvd Suite 200 Studio 35,Charlotte,North Carolina,,(828) 280-1602,sweetserenityspaclt@gmail.com,Sweetserenityspaclt.com
Christina Renee Beauty Bar,13925 Erwin Rd Suite 116,Charlotte,North Carolina,,(980) 202-7676,christinaaarenee@gmail.com,www.christinarenee.org
Veras Aesthetics and Spa,3933 Hub Cir  Suite 14,Colorado Springs,Colorado,,(719) 726-9756,mvsbeautystudio@gmail.com,
Brayâ€™s Beauty Bar,1055 NE 25TH ave suite O,Hillsboro,Oregon,,(503) 778-0441,braylinnsbeautybar@gmail.com,https://braysbeautybar.glossgenius.com/
Ethereal Beauty Esthetics,8148 LA MESA BLVD,La Mesa,California,,'+1 833 361 7358,a.horton93@icloud.com,etherealbeautyesthetics.com
Julio Marquez Esthetician,433 Callan Avenue Suite 301,San Leandro,California,,(341) 258-2050,pleon@rmlotusgroup.com,https://pocketsuite.io/book/juliomarquezesthetician
The Bloom Room,114 Phanturn Ln,Bellaire,Texas,,(713) 202-2316,aestheticsbyyadi@outlook.com,https://thebloomroomhtx.glossgenius.com/
The Skin Lounge,2400 South Blvd #202,Charlotte,North Carolina,,(512) 856-9620,jjohnsonnicoleskin@gmail.com,The Skin Lounge In Charlotte NC | Vagaro
Sunset Spa LLC,669 Gardiner Road,Wales,Maine,,(207) 200-7176,alyssa@sunsetspallc.com,https://sunsetspallc.com/
The Facial Room,412 Jefferson Parkway suite 204,Lake Oswego,Oregon,,(971) 237-7875,hello@thefacialroompnw.com,vagaro.com/thefacialroompnw
Beauty Warrior Studio LLC,1400 Carlisle Blvd NE Suite F1,Albuquerque,New Mexico,,(505) 805-2371,info@beautywarriorstudio.com,www.beautywarriorstudio.com
Zenful Glow,,Corpus Christi,Texas,,(361) 738-9387,odalysrodriguez1216@icloud.com,Thebasiclyslys.glossgenius.com
cs.skinhaven,3406 Middleton Dr,Augusta,Georgia,,(706) 513-8674,hello@cs-skinhaven.com,https://serenityaugusta.com/book-now
Rituals By Vanity,5620 Business Ave Suite B2,Cicero,New York,,(315) 529-9268,4everglowesthetics@gmail.com,https://ritualsbyvanitybymeg.square.site
Athena Miami Head Spa,10905 SW 40th Street  Suite #8,Miami,Florida,,(305) 582-0457,miamiheadspa@gmail.com,https://www.athenaheadspa.com/
Rea Skin Studio,3634 S Plaza Trail Suite 102,Virginia Beach,Virginia,,(757) 513-6714,rea.esthetics19@gmail.com,https://reaskinestheticsstudio.glossgenius.com/
Forever Gorgeous,24 S Jackson Street  #B,Hawkinsville,Georgia,,(786) 267-8368,forevergorgeousrn@gmail.com,www.forevergorogeous.org
Intricate Glow Aesthetics,"920 Bob Wallace SW suite 325, #4",Huntsville,Alabama,,256-656-1750,faithvbridges@gmail.com,https://iga.glossgenius.com/
Ally Marie Beauty,,Eau Claire,Wisconsin,,(715) 492-1515,alyciadoan@gmail.com,https://allymariebeauty.glossgenius.com/
Baris Prestige Aesthetics,,Lehigh Acres,Florida,,(561) 260-2117,barisestheticpy@gmail.com,Not yet
Central Ohio Plastic Surgery,2656 N Columbus St STE A,Lancaster,Ohio,,(740) 653-5064,aesthetician@ohioplastic.com,ohioplastic.com
Fascino Beauty LLC,1414 Hawk Parkway Unit 1,MONTROSE,Colorado,,(970) 787-2408,yasmincornejo25@icloud.com,https://fascinobeauty.glossgenius.com/
Skinplicity Facial Spa,6361 Pats Ranch rd #26,JURUPA VALLEY,California,,(951) 310-2497,skinplicitybyxtina@gmail.com,skinplicityfacialspa.glossgenius.com
Serene Skin Co,727 Scott st suite 1,Covington,Kentucky,,(513) 413-0402,salwaiazza@gmail.com,
Skin pH,447 n front st,Murfreesboro,Tennessee,,(615) 653-0281,kris@myskinph.com,Www.myskinph.com
Evergreen Beauty Aesthetics,8075 Oswego Rd Inside of MKW Salon,Liverpool,New York,,(315) 455-6567,info@evergreenbeautysyr.com,https://www.evergreenbeautysyr.com/
Twenty88 LLC,416 E 36th ST,Charlotte,North Carolina,,(404) 916-0648,k.roshellee@gmail.com,https://twenty88.glossgenius.com/
Blanca Castellanos LLC,10700 Highway 55 Suite 100 Suite 132,Plymouth,Minnesota,,(612) 741-7251,theskinchiq@gmail.com,www.theskinchiq.com
Lavendel Beauty,,Colorado Springs,Colorado,,(719) 203-9407,lavendelholisticbeauty@gmail.com,Lavendelholisticbeauty.com
Skin by Brandon,11549 SR 70 E #102 Salon Lofts,Lakewood Ranch,Florida,,(941) 962-7546,sarasotaesty@gmail.com,http://skinbybrandon941.com
Timeless Beauty by Shelley,6459 Ash Street,North Branch,Minnesota,,(612) 234-2126,timelessbeautybyshelley@gmail.com,Www.timelessbeautybyshelley.com
Xiomara Studio,400 S Zang BLVD dallas texas 75208,"Dallas,Tx",Texas,,(469) 364-9062,care@xiomarastudio.com,https://xiomarastudio.glossgenius.com/
Leyda Rojas,501 Pinnacle Cove Blvd,Orlando,Florida,,(407) 484-2089,leydadrojas@gmail.com,
Effortless Beauty,625 S Main Street,Council Bluffs,Iowa,,(712) 320-8122,effortlessbeautycb@gmail.com,Ebeauty.GlossGenius.com
Aries Esthetics,Cala Deia Spa 5310 Merchandise Dr,Fort Wayne,Indiana,,(260) 494-7136,victoriaramseyer@outlook.com,AriesEsthetics.GlossGenius.com
Estie Abby,107 Main Rd  Suite B,Holden,Maine,,(207) 356-0167,abbymarie9383@gmail.com,www.luxurybrowsco.com
Charlie Rae Skincare LLC,5730 Deale Churchton Rd,Deale,Maryland,,(443) 510-2152,Hello@charlieraeskincare.com,Www.charlieraeskincare.com
Skin Chateau,2517 North Frazier Street #2600,Conroe,Texas,,(832) 422-4188,theskinchateau@gmail.com,www.skinchateau.com
Alashay Aesthetics,429 10th Ave West  STE A,Palmetto,Florida,,(941) 310-0508,ashleyl@alashayaestheticspa.com,www.alashayaestheticspa.com
Green Beauty Bar,18876 Van Buren Blvd Ste. 206,Riverside,California,,(951) 203-7969,greenbeautybar0@gmail.com,https://my-site-103938-101647.square.site/?fbclid=PAZXh0bgNhZW0CMTEAAafq5AoRnjqMPuWrRr-hs3fmVWBfSXvXfYd48uXuZMqHqiZi2mn2AgUgUe067Q_aem_ybRo5vrrKyXprIRWB-tAkA
Solstice & Sage Skincare,2680 East Germann Road Suite 31,Chandler,Arizona,,602-820-5703,solsticesageskincare@gmail.com,solsticesageskincare.glossgenius.com
Leticia Crepaldi Beauty,,Vancouver,Washington,,(971) 757-5262,lscrepaldi@icloud.com,vagaro.com/thecollective/book-now
Miscoâ€™s beauty,,Fulshear,Texas,,(516) 459-2041,miscosbeauty@gmail.com,https://miscosbeauty.glossgenius.com/about
Bryker Body Care,1522 Crawfordville Hwy,Crawfordville,Florida,,(850) 745-8644,brykerbodycare@gmail.com,Brykerbodycare.com
Usavi Beauty Room,14030 Lambert rd,Whittier,California,,(562) 565-3334,usavibeautyroomllc@yahoo.com,Usavi Beauty Room LLC has invited you to book your next appointment on their booking site. https://usavi-beauty-room-llc.square.site
Skin Serenity by Courtney,,Eastpoint,Florida,,(850) 832-4406,skinserenity.bycourtney@gmail.com,http://skinserenitybycourtney.square.site
Face Therapy,1013 kane concourse,Miami beach,Florida,,,ddaria.novi@gmail.com,www.face-therapies.com
V. Estell Beauty and Wellness,25511 van dyke  300,Center line,Michigan,,,vebeautyandwellness@gmail.com,Www.vestellbeautyandwellness.com
Adrielly Martellotti Skincare & Facial Massage,,Hermosa Beach,California,,-424,adriellymartellotti@gmail.com,https://adriellymartellotti.com/
SKIN & SILK CO,16 E Williams St,Winder,Georgia,,(943) 264-3541,andrea@skinsilkco.onmicrosoft.com,https://skin-silkco.square.site/
Bellas Permanent Makeup And Lash Studio,73950 CA-111,palm desert,California,,(509) 564-9953,cortezyaqui3@gmail.com,https://www.permanentmakeupandlashstudio.com/
Emerald Aesthetics,519 county road 114,Cochecton,New York,,(845) 707-6479,shelbyharnish12@gmail.com,https://shelbyharnish.glossgenius.com/
Lavish Beauty Bar,1499 arapahoe st.,Strasburg,Colorado,,(720) 577-9332,amanda.lavishbabesbeauty@gmail.com,lavishbabes.glossgenius.com
Cristian Michael Aesthetics,1521 Johnson Ferry Rd  Suite 100,Marietta,Georgia,,(404) 960-8820,cristianmichaelaesthetics@gmail.com,www.cristianmichaelaesthetics.com
Sam Elam Esthetics,2010 S Eagle Rd LS Salon,Meridian,Idaho,,(208) 272-0519,samelamesthetics@outlook.com,Skinwitchsam.com
Lavender Glow Spa,359 Quaker rd,East Aurora,New York,,(716) 336-4826,candacejak@yahoo.com,www.lavenderglowspa.com
Cassondraâ€™s Esthetics,,Sumner,Illinois,,,bookcesthetics@gmail.com,https://cassondrasesthetics.glossgenius.com/
Skin Theory Studio,4620 71st St #87,Lubbock,Texas,,(806) 543-6649,skintheorystudiolbk@gmail.com,https://skintheorylbk.glossgenius.com/
Skin Savvy Esthetics,"632 West Bedford Euless Road, Ste 4",Hurst,Texas,,(972) 856-5288,archeilarriley@gmail.com,www.skinsavvyesthetics.com
LABRYNTH SPA,570 Chestnut Rose Lane,atlanta,Georgia,,(404) 426-8562,swiftycake@gmail.com,
Mahogany Skin,616 E 63rd Street Suite 200-E,Kansas City,Missouri,,(816) 938-6250,mahogany.skin@yahoo.com,mahoganyskin.glossgenius.com
Body  Contour By V,506 Bougainvillea Rd W,Lehigh Acres,Florida,,(239) 503-6186,bodycontourbyv@yahoo.com,
Rose + Emerald Spa,5566 N Hamilton Rd Studio 10,Columbus,Ohio,,(614) 706-1164,casertachristina@gmail.com,https://roseemeraldspa.glossgenius.com/services
Skin Vibrations,7041 Yorktown Ave #101 Suite 30,Huntington Beach,California,,(714) 849-7560,jessica@skinvibrations.com,
Desired Beauty,24 church st,North haven,Connecticut,,'+1 203 626 1289,jdeandrus522@gmail.com,www.vagaro.com/desiredbeauty
Pure Beauty,39 Kilburn St Suite 201,Burlington,Vermont,,(802) 318-7259,info@purebeautyvt.com,purebeautyvt.com
Award Beauty School,26 E Antietam Street,Hagerstown,Maryland,,(301) 733-4520,ktroutman44@hotmail.com,
Santai Body Spa,2715 East Del Mar Blvd Suite A6.,Laredo,Texas,,(956) 952-9543,santaibodyspa@gmail.com,https://santai-body-spa.square.site/
Kristin Noelle Skincare,2407 California Blvd Ste 5,Napa,California,,(707) 363-2281,kristinnoelleskincare@gmail.com,http://www.vagaro.com/KNS9PKY
"Skyler Carter, Esthetician",177 South Coit St,Florence,South Carolina,,(843) 617-7117,skylergal98@gmail.com,skylercarteresthetics.glossgenius.com
Mara Silva Beauty & Esthetics,520 North State Road,Briarcliff Manor,New York,,(914) 879-2970,marasilva8282@gmail.com,Marasilva.glossgenius.com
Esthetics By Stephanie Marie,408 Jennings Road,Van Wert,Ohio,,(419) 605-2444,estheticsbystephaniemarie@gmail.com,EstheticsByStephanieMarie.com
LO Beauty Bar,310 East Blvd  Suite 3,Charlotte,North Carolina,,(704) 388-2020,johannam79@yahoo.com,
BLURD Beauty,20 W Avon Rd Ste 202,Avon,Connecticut,,(860) 491-0571,blurdbeautyllc@gmail.com,www.blurdbeauty.com
Future You Skin,7392 Stone Valley Ln,New Albany,Ohio,,(614) 707-2534,futureyou.skin@gmail.com,www.futureyouskin.com
Dayton Esthetics,3055 Rodenbeck Drive Suite 4B,Beavercreek,Ohio,,(937) 280-6695,ellen.ricketts@yahoo.com,https://dayton-esthetics.com/
Wisco Skin Co.,,green bay,Wisconsin,,(920) 676-4543,talula381@hotmail.com,
Lisa Balcerzak's Nails,907 phillips st,taylor,Pennsylvania,,(570) 562-2632,lisabalcerzaksnails@yahoo.com9,
Wildflower Body Wax and Esthetics,1700 SE Mile Hill Drive Suite 237,Port Orchard,Washington,,(360) 347-6771,wildflowerbodywax@gmail.com,wildflowerbodywax.glossgenius.com
Skin Deep Esthetics,60 ACOMA BLVD S STE C100,Lk Havasu Cty,Arizona,,(928) 706-5898,skindeeplhc@yahoo.com,Https://skindeepesthetics.glossgenius.com/
"Sigh Beauty Bar by Amber Holloway, LE",2460 N. Courtney Pkwy Suite 112,Merritt Island,Florida,,(321) 576-8567,ahollow82@gmail.com,SighBeautyBar.GlossGenius.com
Sharon May,6418 Marcel Way  101,San Antonio,Texas,,,sharonmay6@gmail.com,
Bare Aesthetics,,Louisville,Ohio,,(330) 248-1051,bareskincarebybecca@gmail.com,www.bareskincarebybecca.com
Lau-Rel Skin + Wellness,208 East Mason NC,Franklinton,North Carolina,,(919) 263-0836,laurelskinwellness@gmail.com,https://www.vagaro.com/lau-relskinandwellness
Love Skin,,Montvale,New Jersey,,(973) 632-1708,larisastupak@yahoo.com,mst.link/larisa_stupak
nve aesthetics,8955 Sw 28 St,Miami,Florida,,,nicolevillalon22@me.com,
Lauren Alexa Beauty,,Melbourne,Florida,,(703) 861-8011,laurenalexabeauty@gmail.com,@laurenalexa_beauty
The Skin Detective,10028 3rd Ave Suite D,Diberville,Mississippi,,(228) 697-0510,228skindetective@gmail.com,HTTPS://skindetective.glossgenius.com
Viva Lumiere Wellness,"43625 Mission Blvd, Suite #102",Fremont,California,,(408) 242-1800,vivalumierewellness@gmail.com,https://www.vivalumierewellness.com/book-online
Luxury Skin by Lindsay,4651 NJ-42,Turnersville,New Jersey,,(856) 885-3498,luxskinbylinds@gmail.com,https://www.vagaro.com/luxuryskinbylindsay/book-now
Essentially Flawless Laser & Med Spa,49 Clarkson Rd,Ellisville,Missouri,,(314) 295-0118,essentialrelaxation@me.com,Essentiallyflawless.com
Brows Ave,7 SAINT ANDREWS PL,YONKERS,New York,,(407) 760-8088,browsave22@gmail.com,
LasVegasFacials,4280 Blue Diamond Rd Unit 101-B,Las Vegas,Nevada,,(702) 308-3896,partyoffun@yahoo.com,Exhaal.com
Crgracefulskin,118 N Main Street,Altus,Oklahoma,,(315) 804-7908,rivera.carolina0383@gmail.com,https://crgracefulskin.square.site/
Canyon Aesthetics,,Arvada,Colorado,,(805) 729-5794,shelby.d.nigh@gmail.com,https://canyonaesthetics.glossgenius.com/
DePasquale The Spa,4 Gibraltar Drive Powder Mill Plaza,Morris Plains,New Jersey,,(973) 538-3811,smckniff@depasqualethespa.com,www.depasqualethespa.com
Blissful Wax Bar,103 North Summit Street B,Tenafly,New Jersey,,(201) 567-1011,andreavseo@gmail.com,www.blissfulwaxbar.com
Kay Esthetics,"75 Dominican Dr, Suite 205",LaPlace,Louisiana,,(504) 415-2689,mtkayesthetics@gmail.com,https://kayesthetics.glossgenius.com/
Aqua Nova Skin Studio,5550 S Parker Rd Suite 25,Aurora,Colorado,,(720) 271-5212,aquanovaskinstudio@gmail.com,aquanovaskinstudio.glossgenius.com
Lift N Glow,,La Mesa,California,,(619) 905-2884,sophy@liftnglow.com,https://liftnglow.com/
Tess Murray Esthetics,,Vinita,Oklahoma,,(918) 533-6275,marytessmurray@gmail.com,https://book.squareup.com/appointments/fdfab4bb-fda0-493a-80ba-2c77ce054d0e/location/6FBKVF9CE1X79/services
Holistic Soul Co,120 Millburn Avenue Suite G-2,Millburn,New Jersey,,(973) 903-4081,holisticsoulco@gmail.com,www.holisticsoulco.com
RICH SKIN RX LLC,11416 S Michigan Ave Ste 7,Chicago,Illinois,,(872) 256-2036,info@richskinrx.com,www.richskinrx.com
Entouch Day Spa,"51470 Highway 97, #11 11",La Pine,Oregon,,(541) 536-4836,entouchdayspa@gmail.com,https://entouchdayspa.glossgenius.com/
Cat Aviles Esthetics,214 North Main Street,Wellington,Ohio,,(440) 865-4714,catavilesesthetics@gmail.com,https://www.vagaro.com/theparlorsalonandspa1/book-now
Esthetics by E,3407 East Highland Drive,Jonesboro,Arkansas,,(870) 680-0288,erinharrison09@yahoo.com,https://estheticsbye.glossgenius.com/
Skinbar by Nicole,2115 Broadway St Studio 11,Redwood City,California,,650-260-4113,glow@skinbarbynicole.com,www.skinbarbynicole.com
Urban Grace Beauty + Aesthetics,101 Benton Ave East,Albia,Iowa,,(641) 932-3905,info@urbangracebeauty.com,Urbangracebeauty.com
Luxe Body Bar,7465 SR-21 Suite A,Keystone Heights,Florida,,,kirstenmcarroll@yahoo.com,
Naked Skin,,Las Cruces,New Mexico,,(575) 294-0078,mlaguirre1912@gmail.com,nakedskin.glossgenius.com '
Theee Illumination Lounge,701 Elmcroft Blvd Unit H302,Rockville,Maryland,,(202) 350-7892,theeeilluminationlounge@gmail.com,https://www.theeeilluminationlounge.com/
Skin Ritual,9715 Soda Bay Road,Kelseyville,California,,(818) 588-7408,skinritualthespa@gmail.com,
XO Skin Studio,3601 Hilton Ave. #229,Columbus,Georgia,,(706) 570-7009,xoskinstudioga@gmail.com,www.xoskinstudio.com
E Skin Studios,1567 n parham road Studio 18,Henrico,Virginia,,(631) 703-7824,erigar6664@gmail.com,https://eskinstudios.glossgenius.com/
SKYN BY KYM,1440 Ethan way,Sacramento,California,,(818) 442-2035,skynbykym@gmail.com,skynbykym.glossgenius.com
FB Skin & Wellness,501 Centre St Suite 114,Fernandina Beach,Florida,,(904) 468-2022,fbskinandwellness@gmail.com,fbskinandwellness.com
Untroubled Massage and Esthetics,903 Spokane Ave Unit 2,Whitefish,Montana,,(406) 209-8199,erinrice91@yahoo.com,https://untroubledmassage.square.site
BeautÃ© Du Soleil Spa,1304 Bertrand Drive Suite B6,Lafayette,Louisiana,,(337) 400-0243,megan@beautedusoleilspa.com,www.beautedusoleilspa.com
Mia J Skin And Body Sanctuary,32 Union Square East Suite 411,New York,New York,,(212) 417-0001,miajskin@gmail.com,www.mjskinbody.com
Radiant Luxe,"37120 Fremont Blvd Building M, Suite 24",Fremont,California,,(510) 703-9795,alexandriamacias47@yahoo.com,alexandriamacias.glossgenius.com
Robles Esthetics,22186 Market Place Drive Suite 132,New Caney,Texas,,,roblesesthetics@gmail.com,roblesesthetics.glossgenius.com
NUNE Esthetics,9447 N Fort Washington Rd Unit 102  Studio 27,Fresno,California,,(559) 862-3888,nunekrboyan@yahoo.com,https://nuneesthetics.glossgenius.com/
Elemental Skincare LLC,1153 MD-3 N suite 8,Crofton,Maryland,,,diana-gama@live.com,www.elementalskincarellc.com
Esthetics by Christy,108 W Villanow st,lafayette,Georgia,,(762) 887-3208,christystaton1983@gmail.com,
April Harmony Hand @ Hudson Salon,"361 Forest Ave, Ste 104 Ste 104",Laguna Beach,California,,(949) 715-5111,aprilhdeane@gmail.com,www.thehudsonsalon.co
SkinHealth360,1170 East Hanover Ave,Cedar Knolls,New Jersey,,(908) 625-9345,skinhealth360@gmail.com,Myskinhealth360.com
LIT & Aesthetics,"15103 Mason Rd., D1 Suite 107",Cypress,Texas,,(832) 415-9077,elevate@litaestheticsrn.com,https://www.myaestheticspro.com/BN/index.cfm?BC3E89A57A40EA563C070A34C327F95DFBC66F7FCA968DDF12B85466368C5E81
Beyond Skin Company,27621 W Warren RD,Garden City,Michigan,,(313) 608-5175,sharineg@beyondskincompany.com,beyondskincompany.glossgenius.com
Shore Esthetics: Advanced Skincare Studio,"7122 Market Street Unit 170, Salon Suite 110",Wilmington,North Carolina,,(325) 665-6569,aesthetics.sc@gmail.com,www.shoreesthetics.com
Aesthetikos Skin Studio LLC,417 w talcott rd,Park Ridge,Illinois,,(716) 801-1916,aesthetikosskinstudio@gmail.com,https://www.aesthetikosskin.com/
NIR BEAUTY,4021 W Armitage Ave,Chicago,Illinois,,(872) 363-4334,selena.montalvo1994@gmail.com,https://www.vagaro.com/nirbeautysuite
CreedsSkincare,1831 Sand Creek Drive,prosper,Texas,,(760) 420-1291,coreenreed@gmail.com,CreedsSkincare.glossgenius.com
Sincerely Monee Esthetics,,Farmington Hills,Michigan,,(313) 799-1855,info@sincerely-monee.com,www.sincerely-monee.com
The Glow Suite by Candace,601 E Main Street,Elizabeth City,North Carolina,,,candacetheesti@gmail.com,https://book.squareup.com/appointments/x7ct4yw7gynqd2/location/617VJ2R42FHT3/services?gei=v3buaL7XFbOymtkPmrXYMA&hl=en-US&rwg_token=ACgRB3ccOggSFAzy5TCnNDAYLqt5izLT98LBJLQo7NCLdzKRICgoorZOjK3wr4vqaiGJkJV99gs2yY2UByGIPGcUILPolVPz6A%3D%3D
Tree of Life Esthetics Studio LLC,20 Luzerne Ave Front Suite A,West Pittston,Pennsylvania,,(570) 237-0880,Business@TreeofLifeNEPA.com,https://www.TreeofLifeNEPA.com
Symmetrical Artistry,417 West Talcott Rd 417 West Talcott Rd,Park Ridge,Illinois,,(619) 507-6705,Info@symmetricalartistry.com,www.symmetricalartistry.com
Y Not Beauty,1244 Southridge Court #103,Hurst,Texas,,(817) 936-2526,ynotbeauty2017@gmail.com,www.ynotbeautybar.com
Glowing Beauty LLC,2634 S Carrier Pkwy,Grand Prairie,Texas,,(682) 445-9151,glowingbeautyllc@yahoo.com,glowingbeautyllc.com
DearSkin by Melanie,,Mt Prospect,Illinois,,(224) 656-4485,melanieargueta.or@gmail.com,Dearskinbymelanie.glossgenius.com
Conjure Beauty Lab & Spa,,Youngsville,Louisiana,,(337) 322-7434,esthinikki20@gmail.com,https://www.vagaro.com/conjurebeautylabandspa
Sweet Serenity Esthetics LLC,728 Market Street,Zanesville,Ohio,,(866) 561-5084,sweetserenityesthetics24@hotmail.com,https://pocketsuite.io/book/jordan-miller
Nan&Luu Aesthetic Beauty,166 Hackensack Street,Wood Ridge,New Jersey,,(551) 214-8836,nanyluuaestheticsnj@gmail.com,https://nanyluuaestheticbeauty.square.site
Beauty By Ivonne,,Sierra Vista,Arizona,,(520) 249-7891,beautybyivonne1@gmail.com,https://ivonnedurgin.glossgenius.com
Refreshed Beauty,,Irondequit,New York,,(585) 455-7799,refreshedbeautybar@gmail.com,https://refreshedbeauty.glossgenius.com/
Alchemy Med Spa,513 N Main St,bonham,Texas,,'+1 580 967 1042,mia.knight.30@gmail.com,alchemymedspa.online
The Skin Bar LLC,2520 Hannah Ave NW,Bemidji,Minnesota,,(320) 232-5994,danimoran34@hotmail.com,theskinbarbemidji.com
Beauti & Soul,4610 North Prospect Road,Peoria Heights,Illinois,,(309) 323-0189,lawlis.brittani@gmail.com,https://www.fresha.com/book-now/beauti-soul-xektqwig/all-offer?share=true&pId=2518116
Skincare by ClaraFaye,638 US-68,Benton,Kentucky,,(270) 703-9965,clarafaye.skin@gmail.com,https://skincarebyclarafaye.glossgenius.com/
U. beauty & skin,439 N Sixth Ave Suite 187,Tucson,Arizona,,(520) 235-0846,u.beautyandskin@gmail.com,https://u-beauty-skin.square.site/
Solace Skin,827 w 1st Ave  Unit 317,Spokane,Washington,,(509) 289-2554,kyra@solace-skinstudio.com,https://www.vagaro.com/solaceskin
SO'BEL BEAUTY STUDIO,5598 8th St W SUITE 3,LEHIGH ACRES,Florida,,(239) 299-3734,belcheriebeauty@gmail.com,https://sobelbeautystudio.com
DV Beauty,915 W Foothill Blvd,Claremont,California,,(626) 549-9122,dianaverdesoto23@gmail.com,https://dianaverdesoto.glossgenius.com/
Skincare with Rae,500 w 11 mile rd,royal oak,Michigan,,,skincarewithrae@gmail.com,
Miyako Beauty,2828 Kapiolani Blvd. #E,Honolulu,Hawaii,,(808) 229-2206,tifany@miyakobeauty.biz,www.miyakobeauty.biz
Esthetics by Emily,5435 Marion Waldo Rd  5435 Marion Waldo Rd,Marion,Ohio,,(740) 396-2711,emily@bookwithemily.online,www.bookwithemily.online
Marzen Esthetics,1190 Winterson Rd Ste. 200 (LH-17),Linthicum Heights,Maryland,,(443) 373-0030,marzenesthetics@gmail.com,marzenesthetics.glossgenius.com
Love Your Skin Again,223 White Spar  Suite C,Prescott,Arizona,,(928) 899-8295,coreenbaldridge@gmail.com,Www.lysaclub.com
Be Well Esthetics,170 Liberty St SE,Salem,Oregon,,(503) 881-6286,porshlascheuble@gmail.com,bewellesthetics.com
Luxe Skincare by Nicole,1520 East Covell Blvd Unit 1,Davis,California,,(530) 312-7582,nicole.perkins80@gmail.com,www.luxeskincarebynicole.com
Dreams Lash Bar,244 Bala Avenue,Bala Cynwyd,Pennsylvania,,(484) 773-9494,dreamslashbar@gmail.com,www.dreamslashbar.com
Amber @ RB Lash,1917 W Diversey Parkway,Chicago,Illinois,,(815) 403-3548,fetishlashlounge@gmail.com,https://www.vagaro.com/amberatrblash
Velvet Skin Studio,813 Brown Trail #6C,Bedford,Texas,,(682) 560-2235,velvetskinstudiollc@gmail.com,Velvetskinstudio.glossgenius.com
Tranquil Beauty by Kristina,4117 Los Coyotes Diagonal,Lakewood,California,,(714) 609-2407,kristinadills@sbcglobal.net,
Posh Aesthetics and Med Spa,83 W. Main Street,TAYLORSVILLE,Kentucky,,(502) 808-0084,sonya.stansbury@theposhaesthetic.com,web2.myaponline.com/poshaesthetic
NuvÃ© Esthetics,,San Marcos,California,,(760) 519-4709,Nuveestheticsnd@gmail.com,https://nuveestheticsnd.glossgenius.com/
Holistic Beauty by Heidi,,Waxhaw,North Carolina,,,facebyheidi@gmail.com,
Asake by Royalty,7 glenwood ave  Suite 419C,East Orange,New Jersey,,(973) 489-0139,info@asakekasunmu.com,www.asakebyroyalty.com
LBW Wellness Spa,4264 W JASPER DRIVE,Chandler,Arizona,,(520) 280-6800,jiaomei.liu@gmail.com,Lovebeautywellness.com
Venus Skincare & Aesthetics,2331 Street rd,Bensalem,Pennsylvania,,(267) 888-0883,denisabajlas@gmail.com,http://venusskincareandaesthetics.com
Diva Healing Beauty,4509 NW 23rd Ave #6,Gainesville,Florida,,(818) 515-9855,natasharussia@gmail.com,https://www.instagram.com/divahealingbeauty?igsh=MTBvcjVzeTlyNzFxdA%3D%3D&utm_source=qr
Brow Envy,21 Village Square,Cincinnati,Ohio,,(513) 918-3004,browenvycincy@gmail.com,www.browenvyohio.com
Sweetpea Aesthetics & Massage,1305 21st Ave,Fairbanks,Alaska,,(907) 378-5710,aestheticssweetpeamassage@gmail.com,https://www.vagaro.com/sweetpea
Glowing & Grounded,2055 E Windmill Ln #145,Las Vegas,Nevada,,(702) 885-7018,kritchie2@gmail.com,www.vagaro.com/prxdt8p
Positive Esthetics by Ashley,217 W. Washington ST,Oregon,Illinois,,1 (815) 440-4922,positiveesthetics@gmail.com,https://gmpqu.myaestheticrecord.com/online-booking
BeWell Holistic Spa & Massage,14295 Tamiami Trail,North Port,Florida,,(941) 800-7017,christiyamov@gmail.com,bewellholisticspa.com
Essential,16703 Early Riser Avenue,Land O' Lakes,Florida,,(813) 413-1442,ewellnessworks@gmail.com,https://link.content360.io/smoothskin
Face Your Skin Aesthetics,20514 Hwy 6 Suite E,Manvel,Texas,,(281) 742-9600,faceyourskintx@gmail.com,https://book.pocketsuite.io/book/face-your-skin-aesthetics
Cedar & Magnolia Day Spa,100 W 29th St,Loveland,Colorado,,(970) 657-4227,manager@cedarmagnoliadayspa.com,https://cedarmagnoliadayspa.com/
Body Massage,1446 Ethan Way Ste 77,Sacramento,California,,(916) 968-0553,wellness@bodymassage.io,https://www.massagebook.com/biz/massage-18
Robo Beauty Co.,7 Broadway Apt 5,Dover,New Hampshire,,(802) 323-7604,info@robobeautyco.com,https://www.kimkatesalon.com/services
Moon Valley Facial Lounge,15440 N 7th St,Phoenix,Arizona,,(623) 734-3354,hello@moonvalleyfaciallounge.com,https://www.vagaro.com/moonvalleyfaciallounge
Emily at TrueSkin Spa,,Richmond,Minnesota,,(320) 221-4053,eschafer97@gmail.com,https://beauty-by-emily-llc.square.site/
Belleza Natural Spa,2631 Seville Dr,Kissimmee,Florida,,(407) 881-0410,glowwellhub77@gmail.com,
Alyssa Faith Esthetics,,charlotte,Michigan,,(517) 231-1480,alyssafaith02@icloud.com,https://www.vagaro.com/agapesalonanddayspa/book-now
Lâ€™evated Aesthetics,1411 E. Campbell rd,Richardson,Texas,,,kenreyes97@icloud.com,https://pocketsuite.io/book/kennetha-reyes
Renew + Radiate,501 Main Street,Kamiah,Idaho,,,renewandradiate@yahoo.com,https://renewandradiate.glossgenius.com/
Glow by Chels,,Gilbertsville,Kentucky,,(270) 252-4764,chelsea@glowbychels.onmicrosoft.com,https://chelseabeyer.glossgenius.com/services
Hadley Skin Studio,9313 Mason Montgomery Rd Suite 8,Mason,Ohio,,(513) 456-3027,lacey@hadleyskinstudio.com,http://hadleyskinstudio.glossgenius.com
Tolpa Holistic Health,17210 Lancaster Hwy Suite 401,Charlotte,North Carolina,,(704) 999-8870,annie.wood0307@gmail.com,anniewoodnc.com
Aesthetics at VMedcare,10910 Sheldon Road,Tampa,Florida,,(813) 544-1465,info@V-Medcare.com,
Glam by Gabby,,Delaware City,Delaware,,(302) 743-6858,glambygabbyllc@gmail.com,https://app.acuityscheduling.com/schedule.php?owner=20830310
Preparations Skin Spa,"1415 State Street Suite 600, #208",Richardson,Texas,,(214) 686-4902,info@preparationsskinspa.com,www.preparationsskinspa.com
Deadly Beautiful,1250 Western Blvd Unit N-6,Jacksonville,North Carolina,,(910) 939-9262,bedeadlybeautiful@gmail.com,deadly-beautiful-llc.square.site
Rebecca L. Budolfson Salon,153 N. Santa Clara Avenue,New Braunfels,Texas,,(830) 730-0180,rebeccalbudolfson@icloud.com,http://www.rebeccalbudolfson.com/
the quality of life spa on sandy creek,12954 East Sandy Creek Road,lane,Oklahoma,,(580) 239-9564,2013bootnwrangler@gmail.com,www.qualityspasc.com
Warm Fuzzies,123 test site,burns,Tennessee,,(555) 555-5555,addicted2swarovski@gmail.com,book site
Radiant Skin by B,339 Davidson Ave,Woodland,Washington,,(971) 303-8172,radiantskinbybrandi@gmail.com,https://radiantskinbyb.glossgenius.com/
Norma Jean Esthetics,,Long Beach,California,,1 (424) 262-0224,queeniekathleeny@yahoo.com,https://book.squareup.com/appointments/85i8w93h9zl34k/location/L1XNMS53PP7HN/services?fbclid=PAZnRzaANLs3ZleHRuA2FlbQIxMQABpzIQHyJ8F_ybvN5R9ojoImjiFvbZCKuNOnNnKcnOybQJHIdlcJtarrClSsfi_aem_UHbos6yolxtvwrzsudJFrQ
Co Walters wellness and ventures,,West Chester,Ohio,,(513) 497-7665,karenharley02@gmail.com,
Skincare by Elle,15200 Shady Grove Rd  310,Rockville,Maryland,,(240) 477-9456,skincarebyelle7@gmail.com,Luminelle.glossgenius.com
Paola Brown Aesthetics,,Warren,Ohio,,(570) 379-7560,paolabrownaesthetics@gmail.com,https://www.instagram.com/paola_brown_aesthetics?igsh=MXpjd3RtNjIxZmc4
Get Noticed Skincare Studio,1002 10th Ave,Fairbanks,Alaska,,(907) 388-1082,getnoticed2009@gmail.com,Https://www.vagaro.com/gnslul
Raydiant Skin By Helen,Chevelure Salon 1117 S. Milwaukee Avenue Suite 2D,Libertyville,Illinois,,(847) 445-7150,www.raydiantskinbyhelen@gmail.com,https://www.raydiantskinbyhelen.com/
Skin + Halo,43227 Crescent Blvd Suite 23,Novi,Michigan,,(248) 499-0712,glow@skinandhalo.com,www.skinandhalo.com
Sun & Sugar,6051 N Brookline  Suite 121,Oklahoma City,Oklahoma,,(405) 226-3543,tiffanychaggard@gmail.com,Www.vagaro.com/sunandsugarokc
Elevated Beauty by Caitlin,1011 W Cherry Ave,Enid,Oklahoma,,(580) 984-9065,caitlinbuss89@gmail.com,
Alexandra Aesthetics,10 east Preston street,Lexington,Virginia,,(540) 817-9772,malexperez2002@gmail.com,https://alexandraaaestheticss.glossgenius.com/
Gretchen Caldwell NP Integrative Aesthetic Wellness,917 Clocktower Drive,Springfield,Illinois,,(217) 960-4392,gretchen.mahaney@outlook.com,caldwell-iaw.com
Solumina Beauty,25 pompton ave suite 309,verona,New Jersey,,(973) 433-6464,soluminabeauty@gmail.com,https://linktr.ee/soluminabeauty?utm_source=linktree_profile_share&ltsid=9ae794c0-2f35-4f02-9720-252e18a5fde4
CK Skin Spa,"1601 Concord Pike, Suite 68",Wilmington,Delaware,,(302) 543-5505,cindy@ckskinspa.com,www.ckskinspa.com
Radiance Aesthetics and Day Spa,4015 SW 34th,Amarillo,Texas,,(806) 341-9580,radianceesthetics806@yahoo.com,Radianceaesthetics.glossgenuis.com
AV Skin Studio,34192 Violet lantern  3,Dana Point,California,,(949) 573-1023,almainc@gmail.com,https://www.vagaro.com/artisticvolumelashes
Erika Laser and SkinCare,2555 NW 102nd Ave  Suite 109,Miami,Florida,,(305) 359-1120,lassser4u@gmail.com,https://erikalaserandskincarerejuvenation.com
Beauty Clinic & Beyond MedSpa LLC,16601 Blanco Rd. Suite 135,San Antonio,Texas,,(210) 304-0776,monicamireles1@gmail.com,https://app.squareup.com/appointments/book/7j85q91iauqfpi/LFMQHRKWA3WX7/start
Monaco Salon and Spa,,Orlando,Florida,,(689) 243-2741,monacosalonandspa@gmail.com,Monacosalonandspa.com
Raw Faith Beauty,,Temecula,California,,(951) 998-9002,rawfaithbeauty@gmail.com,
The Skin Edit by Cindy,"301 S. Glendora Ave, Suite 111",West Covina,California,,(626) 427-7177,cchavez222@gmail.com,theskineditbycindy.com
Bravo Skin & Beauty,,Sterling,Virginia,,(571) 244-0402,bravoskinandbeauty@gmail.com,bravoskin.glossgenius.com
Green Rose Vitality,415 N Magnolia Ave,Ocala,Florida,,(352) 586-4280,greeen.rose.beauty@gmail.com,www.greenrosevitality.com
ElevÃ© Aesthetics,909 N High St Suite 4,Columbus,Ohio,,,eleve.aesthetics.co@gmail.com,https://eleveaesthetics.glossgenius.com/
Hans Esthetics,,Plainfield,Illinois,,(630) 394-9213,hansesthetics@gmail.com,https://hansesthetics.glossgenius.com/
L5 Glow by Morgan,5950 Imperial Lakes Blvd,Mulberry,Florida,,(863) 205-8219,mbrea91@gmail.com,https://www.vagaro.com/l5glow
Bonita Aesthetic & Wellness,3265 N. Point Parkway Suite 204,Alpharetta,Georgia,,(678) 831-8116,hello@bonitaatlanta.com,https://www.bonitaatlanta.com
Wellhanded Hall,3202 Silas Creek Pkwy. #305,Winston Salem,North Carolina,,(336) 891-9766,spaallday@gmail.com,Wellhanded.com
Luminous Glow By Kaylee,6994 Heisley Rd Suite 18,Mentor,Ohio,,(440) 231-7415,LuminousGlowByKaylee@gmail.com,Https://luminousglowbykaylee.glossgenius.com
Larrabee Esthetics and Education,10121 SE Sunnyside Rd #205,clackamas,Oregon,,(360) 921-0711,larrabeel.laura@gmail.com,https://www.larrabeeestheticsandeducation.com/
"Pure Essence Beauty Bar, LLC",1304 West Euless Blvd. Ste 200,Euless,Texas,,(214) 971-9017,info@pureessencebeautybar.com,www.pureessencebeautybar.com
SKYN,706 18th Ave. South,Nashville,Tennessee,,(615) 922-9677,hello@skynnashville.com,Skynnashville.com
Rena J Beauty,,Plano,Texas,,(469) 728-2201,info@renajbeauty.com,Www.renajbeauty.com
Margo Esthetics,18 S Kings St,Hampton,Virginia,,(645) 206-1179,margo.estheticss@gmail.com,https://margoestheticss.glossgenius.com/
Skincare_by_tatiana,,San Mateo,California,,(650) 541-7653,tetianagrachova@ukr.net,
Pixie Salon,21 W. Delaware Avenue,Pennington,New Jersey,,(609) 737-8700,shannon@pixiesalonnj.com,https://na0.meevo.com/CustomerPortal/onlinebooking/booking/guestinfo?tenantId=10269&locationId=100312
The Alchemy Collective,13 4th Ave SW C/O The Hair Company,Ronan,Montana,,(406) 499-6204,bellevisollc@gmail.com,belleviso.glossgenius.com
Cross Skin + Wax,40 Main St #100,Vista,California,,(760) 805-7088,crossskinandwax@gmail.com,www.vagaro.com/crossskinpluswax
IDAHO SKIN CARE,4485 N. Dresden Place,Garden City,Idaho,,(208) 890-0003,idahoskincare@gmail.com,Vagaro.com/idahoskincare
"Revive Esthetics, LLC",4370 Starkey Rd Suite 4A,Roanoke,Virginia,,1 (540) 566-3188,reviveesthetics24@gmail.com,reviveestheticsroanoke.com
Soulcare Skin Studio,1160 NE Douglas St  #116,Lee's Summit,Missouri,,(870) 514-1309,soulcareskinstudio@gmail.com,SoulcareSkinStudio.com
Pore Choices Esthetics,8395 Morro Road suite C,Atascadero,California,,(805) 712-1706,bareskinsoul@gmail.com,Pore-choices.com
Elite Retreat,524 S Broadway,Hobart,Oklahoma,,(971) 201-9064,cnassir113077@gmail.com,https://eliteretreatllc.square.site/
Rosewood Esthetics,,Barrington,Rhode Island,,(401) 247-1111,brittoliveira127@gmail.com,HTTP://booking.mangomint.com/salondilor1
Naomi Jane's Med Spa,1001 S Water St.  Suite B,Burnet,Texas,,(512) 756-3387,naomijanesmedspa@gmail.com,www.naomijanesmedspa.com
A.E. Harris Esthetics,809 S. 108th St. Suite 10,Milwaukee,Wisconsin,,(608) 618-0750,hello@aeharrisesthetics.com,aeharrisesthetics.glossgenius.com
Synergy Hair Studio,17942 Sw McEwan Rd. Suite 17,Lake Oswego,Oregon,,(503) 998-4200,synergyartisticsalon@hotmail.com,Https://www.michellebloodworth.glossgenius.com
Bare Bikini & Brow Bar,,Newport News,Virginia,,(757) 234-7013,barebikinibrow@gmail.com,www.barebikinibrowbar.com
Starlight Clinical Spa,1400 s Milwaukee ave Suite 110,Libertyville,Illinois,,(224) 381-8738,starlightclinicalspa@yahoo.com,Starlightclinicalspa.com
Neuro ReflexTherapy & SkinCare,2860 Airport Road,Salisbury,North Carolina,,(704) 640-3278,myreflextherapist@gmail.com,https://tswyat.wixsite.com/healthbodybeauty
Radiant Skin Studio by Amanda Kylee,427 Walnut St.,Green Cove Springs,Florida,,(904) 710-5947,radiantskinstudio.jax@gmail.com,https://radiantskinstudiojax.glossgenius.com/
Ellie Elegant Aesthetic,,elmhurst,Illinois,,(630) 561-0291,claveldiaz1@gmail.com,
Kunzite Dream Spa,"9864 west sample road, City Center 7123 nw 42nd ct",Coral Springs,Florida,,(954) 832-4647,Medicalaesthetijv@yahoo.com,https://www.fresha.com/book-now/joannavargas-medical-aesthetician-u6j1q9wu/services?lid=2627274&eid=4630461&share=true&pId=2544093
Esthetics with Jess,1726 Broadway,Bangor,Maine,,(207) 570-7729,jessica_pray@aol.com,https://www.facebook.com/share/1AobouqHAe/?mibextid=wwXIfr
International Day Spa,325 Cajon St,Redlands,California,,(909) 793-9080,relax@intldayspa.com,www.intldayspa.com
Brittany Davis Collective,,Grovetown,Georgia,,(706) 361-8679,brittanydaviscollective@gmail.com,www.brittanydaviscollective.com
Amanda's Skin Studio,7600 N Ingram Ave Suite 103,Fresno,California,,(559) 281-9101,amandasskinstudio@gmail.com,Amandasskinstudio.franpos.com
L+O skin.beauty,1113 NW 50th Street,Oklahoma City,Oklahoma,,(405) 887-3809,lucille.and.olivia@gmail.com,Loskinbeauty.com
Beyond Beauty,537 W. Main St. Suite 201,Sun Prairie,Wisconsin,,(608) 445-6809,lashedbybb1@yahoo.com,www.vagaro.com/lashedbybb
The Glam Bar Boutique & Spa,5005 Newport Drive  Floor PH Penthouse Suite 604,Rolling Meadows,Illinois,,(224) 210-3471,diana@theglambarboutiquespa.com,https://theglambarboutiqueandspa.glossgenius.com/
Solstice Skin,,Yuma,Arizona,,(928) 304-2255,solsticeskinn@gmail.com,https://solsticeskin.notion.site/Solstice-Skin-3773a7acddbb4c73a4d8fb8f5f1707d2
Radiance by Nic,2424 Riverside Dr,Macon,Georgia,,(404) 514-8796,radiancebynic@gmail.com,radiancebynic.glossgenius.com
The Skin Bar & Body Boutique LLC,409 West Oakland Ave #5,Johnson City,Tennessee,,(423) 631-0129,theskinbarjc@gmail.com,https://www.theskinbarjohnsoncity.com
Beauty Revival,,Castle Rock,Colorado,,(562) 480-2181,beautyrevivalcolorado@gmail.com,beautyrevivalco.com
Karina Skin Studio DTLA,700 w 9th st apt 915,Los Angeles,California,,,dm.carajekarina@gmail.com,karinaskinstudio.com
Siren Aesthetics & Spa,330 W Osage St,Greenfield,Indiana,,(317) 417-4622,pinup1978@yahoo.com,sirenaestheticsandspa.glossgenius.com
LUMIâ€™S ESTHETICS LLC,2200 Roswell Rd Inside of Lucyâ€™s Hair Salon,Marietta,Georgia,,(678) 977-1096,lumisesthetics@gmail.com,danielalumi.glossgenius.com
Pure Wax & BeautÃ© Bar,3210 Prosperity Church Rd Suite 102,Charlotte,North Carolina,,(704) 910-3069,purewaxbar@gmail.com,www.purewaxbar.com
A Beyoutiful Balance,10561 East Grand River,Brighton,Michigan,,(810) 844-1288,abbskincare@gmail.com,www.abeyoutifulbalance.com
Beautella LLC,5404 Hoover Blvd STE 24,Tampa,Florida,,(813) 243-1700,drbotros@beautellaspa.com,www.beautellaspa.com
Peach Rose Waxing Spa,2040 Coliseum Dr.  Ste A31,Hampton,Virginia,,(757) 726-7751,support@peachrosewaxingspa.com,PeachRoseWaxingSpa.com
lucent skin facial studio,,alpharetta,Georgia,,(678) 532-6198,mabuma16@hotmail.com,kaispaatl.glossgenius.com
Skin by Jenn,12131 Adams Rd,Granger,Indiana,,(574) 323-3780,jennrenee1015@gmail.com,https://sbj-109543.square.site/
AV AESTHETICS,1950 South Rainbow Blvd STE 100A,Las vegas,Nevada,,(775) 591-1716,beautifiedbyvaris@gmail.com,KG Recovery Lounge
Alexis Aesthetics,18 Ridge St,Glens Falls,New York,,(518) 615-4525,alexisaesthetics518@gmail.com,vagaro.com/518beautyroom
HerSpa Aesthetics Skincare & Laser,447 B Locust,Chillicothe,Missouri,,(316) 250-1623,herspaaesthetics@gmail.com,Vagaro.com/herspaaesthetics
SKIN by Michelle Wynne LLC,"2677 S Tamiami Tr, Suite 5",Sarasota,Florida,,(941) 232-4801,michelle@wynneskin.com,www.wynneskin.com
Esthetics by Dayana,9525 SW 61st st,Topeka,Kansas,,(913) 276-8552,estheticsbydm@outlook.com,https://estheticsbydm.glossgenius.com/
Ellen Esthetics,14 w 2nd st,Sand springs,Oklahoma,,,lilynish@gmail.com,
Bliss Body Bar,1133 Gum Branch Rd Suite 200,Jacksonville,North Carolina,,(910) 355-2277,blissbodybarnc@gmail.com,https://theblissbodybar.com/
Glam Hard Beauty,"6801 Stanley Ave, suite B",Berwyn,Illinois,,,glamhardbeauty@gmail.com,www.glamhardbeautystudio.com
Rooted Skin,,La Mesa,California,,(619) 240-2776,rootedskinn@gmail.com,https://rootedskinco.com/
Her Esthetics,807 west state st,Olean,New York,,(716) 400-8054,buterbaugh.chelle@yahoo.com,https://heresthetics25.glossgenius.com/
Lavender & Clove Beauty,300 Arsenal Street Suite 400,Watertown,New York,,(315) 544-0824,lavenderandclovelounge@gmail.com,lavenderclove.com
mad scientist skincare,"2317 Coit Rd, Suite A",Plano,Texas,,(469) 573-1068,simonetan111@gmail.com,by appointment only
Dynamic Rejuvenation,110 Elm St. Suite C,Big Rapids,Michigan,,(231) 598-9141,info@dynamicrejuvination.biz,www.dynamicrejuvenation.biz
Refined Aesthetics,210 N Hammes Ave Suite 108,Joliet,Illinois,,(815) 822-2857,nicholef_13@yahoo.com,https://www.vagaro.com/us04/refinedaesthetics4
Lindeza Day Spa,198 Brighton Avenue,Long Branch,New Jersey,,(732) 963-9581,arodsull11@gmail.com,www.lindezadayspa.com
The Coastal Cove Salon And Spa,19545 Champion Forest Dr.,Spring,Texas,,(832) 229-0259,alina@thecoastalcovesalonspa.com,Thecoastalcovesalonspa.glossgenius.com
Inner Balance Spa,4915 H High Point rd,Greensboro,North Carolina,,(336) 362-1258,sdooley41469@gmail.com,Www.innerbalance-massage.com
Lumina By Lala,31333 Temecula Pkwy C10-135,Temecula,California,,(646) 220-1489,lorrainecabrera@aol.com,
Bare Skin Beauty LLC,7541 Ulmerton Rd,Largo,Florida,,(509) 554-8187,sydnilschmitzer@gmail.com,https://bareskinbeautyfl.glossgenius.com/
Wax and Wane Esthetics,1300 E Ninth St Suite 5,Edmond,Oklahoma,,(405) 837-2740,waxandwaneesthetics@gmail.com,waxandwaneokc.com
JOVIAN SKINCARE,21058 Pacific Coast Hwy #M100 Studio 501,Huntington Beach,California,,(715) 916-7005,jazelle@JovianSkincare.com,https://www.jovianskincare.com/
Energy Healing Esthetics,1430 SE Water Ave  Suite 209,Portland,Oregon,,(541) 668-4710,energyhealingesthetics@gmail.com,https://energyhealingesthetics.square.site/
Breathespaandwellnesscenter,1515 w walnut Bldg 1,Jacksonville,Illinois,,(217) 245-8333,mercedes.desilva@yahoo.com,Vagaro.com/breathespaandwellnesscenter
KClark Skin,3741 San Jose Place Suite 10,Jacksonville,Florida,,(904) 438-8431,clark.markesha@gmail.com,https://kclarkskin.as.me
Faithful Skin Studio,29496 US Hwy 14,Lone Rock,Wisconsin,,(608) 729-5582,faithfulskinstudio@gmail.com,www.faithfulskinstudio.glossgenius.com/
Pine & Patchouli,1506 E Winding Way Dr. Bldg 102,Friendswood,Texas,,(832) 205-3375,pinepatchouli@gmail.com,pineandpatchouli.glossgenius.com
Indigo Esthetics and Wellness,2114 Arney St,Lincolnton,North Carolina,,(980) 494-0079,hannahesaine@gmail.com,indigoestheticsnc.glossgenius.com
Facial Goddess 2 a Tee,130 Giles Dr.,Boiling Springs,South Carolina,,(864) 357-8606,facialgoddess2atee@gmail.com,Latishatalley.glossgenius.com
Soothing Skin Sanctuary,3201 Interstate 30  Suite A,Mesquite,Texas,,(214) 471-5989,jessica@soothingskinsanctuary.com,www.soothingskinsanctuary.net
Raleigh Laser & Aesthetics,5520 McNeely Dr. #204,Raleigh,North Carolina,,(919) 747-9912,rla@foundationmed.com,www.raleighlaseraesthetics.com
TERA Esthetic,2940 Ocean Parkway 9A,Brooklyn,New York,,1 (347) 586-8532,78lm72@gmail.com,
Glowbylily,,Katy,Texas,,(702) 352-5674,lilianhalmendares@gmail.com,
Transformation Hair Salon,404 Insperon Dr,Grovetown,Georgia,,(706) 394-0770,thsalon20@gmail.com,www.transformationhair.co
Lyris Larkin Esthetics,1210 E Main St,Trinidad,Colorado,,(719) 422-5006,lyrislarkin@gmail.com,
About Face,202 2nd street east,Hastings,Minnesota,,(651) 216-8708,marycat6645@gmail.com,Aboutfacewithmary.com
Endless Beauty Bar LLC,6400 north 10th street  suite d,McAllen,Texas,,(956) 587-2158,mellissa.rojas13@gmail.com,https://endless-beauty-bar.square.site/
Megan Martin - Hair Designs,112 w prutzman,Three rivers,Michigan,,(269) 816-5856,meganmartin1013@gmail.com,https://www.vagaro.com/hdnwqm
Empower Beauty Salon,536 Main Street,Clarion,Pennsylvania,,(814) 393-6903,matrixstylist@aol.com,www.empowerbeautysalon.com
J.Studios Beauty Lounge,115 1st Ave NE,Vernon,Alabama,,(205) 695-3228,jessica_lollar@yahoo.com,jstudiobeautylounge.glossgenius.com
Lisa Nadler Skin Care,1979 E 17th Street Suite 110,Santa Ana,California,,(714) 654-8234,lisa@lisanadlerskincare.com,https://lisanadlerskincare.com/new-client-facials/
Pretty Hippie Esthetics,115 N Fisk Ave,Brownwood,Texas,,(918) 348-5488,prettyhippieesthetics@gmail.com,https://prettyhippie.glossgenius.com/
Erin Vinacke,,Sanford,Florida,,,erinvinacke@gmail.com,
Mindful Touch Roswell | Massage & Facial Spa,11050 crabapple road Suite c110,Roswell,Georgia,,(404) 594-8829,lisa@mindfultouchmassage.com,www.mindfultouchmassage.com
Beneath The Surface Spa,19 Waverly Place 3,Madison,New Jersey,,(973) 520-8809,beneaththesurfacespa@gmail.com,www.beneaththesurfacespa.com
MelBoo Barbie LLC,7125 S Val Vista Dr Ste 103,Gilbert,Arizona,,(480) 760-3132,melboobarbie@gmail.com,https://www.vagaro.com/melboobarbie
Pretty In Paris Beauty Bar,,Laurel,Maryland,,(804) 306-1537,prettyinparisss@gmail.com,https://www.prettyinparisbeautybar.com/
Platinum Salon & Spa,2206 E Williams Field Rd Suite 106,Gilbert,Arizona,,(480) 798-4237,ashley@platinumbeautybyashley.com,www.platinumsalonandspaaz.com
Euphoria by Bridget Klein,740 s. Westwood blvd. Suite 2,Poplar Bluff,Missouri,,(702) 741-7935,euphoriabybebe@gmail.com,https://bridgetklein.glossgenius.com/
Studio327,5 Midway Lane,Ewing,New Jersey,,(609) 510-7751,tjacsil@gmail.com,https://studio327.glossgenius.com/
KS Wellness And Beauty,1930 s coast highway  Suite 206,Oceanside,California,,(760) 826-3001,ksalamone87@gmail.com,KSWellnessandBeauty.com
Aglow Skin Body Soul,,North Bend,Washington,,(425) 213-9513,aglowskinbodysoul@gmail.com,
Naked Face Lounge,,Fremont,Nebraska,,(402) 618-7418,ashley_donner@outlook.com,nakedfacelounge.glossgenius.com
Bare Skin Beauty LLC,2960 N Academy Blvd Ste. 205,Colorado Springs,Colorado,,(719) 645-6525,bareskinbeauty.719@gmail.com,BareSkinBeautyLLC.glossgenius.com
BellaRose Esthetics,1826 N. 10th Ave,Hanford,California,,(559) 309-7080,stephy_lowas@yahoo.com,https://bellarose-sculpting.square.site
All About Me Beauty Bar,870 West Hickpochee Ave Suite 300,Labelle,Florida,,(863) 230-6927,labellemaldo@earthlink.net,https://allaboutmebeautybar.glossgenius.com/
Skin Magic Dayton,704 Brown Street,Dayton,Ohio,,(937) 557-3704,skinmagicdayton@gmail.com,https://skinmagicdayton.glossgenius.com
The Complexion Parlor,,Georgetown,South Carolina,,(843) 461-5155,kristina@thecomplexionparlor.com,https://thecomplexionparlor.glossgenius.com/
Honey Skin and Body Bar,1102 Brookfield Rd Suite 101,Memphis,Tennessee,,(901) 410-1616,admin@honeyskinandbodybar.com,honeyskinandbodybar.com
Junia Spa,1341 113th Ave NE Suite 407,Blaine,Minnesota,,(320) 591-8232,crystalwilliams925@gmail.com,https://juniaspa.com/
The Ethereal Lounge,,Jacksonville,Florida,,(775) 240-9323,etherealloungebeauty@gmail.com,https://etherealloungebeauty.glossgenius.com/
7d Esthetics and Healing Arts,,Temecula,California,,(951) 297-7673,christi@7d-esthetics.com,www.7d-esthetics.com
Eymiâ€™s Essential Esthetics,6525 Cathy Dr,Watauga,Texas,,(817) 893-4645,eymisessentialesthetics@gmail.com,https://esessential-esthetics.square.site/
Hanami Aesthetics,1637 Northwest Blvd Spa loft 5,Columbus,Ohio,,(614) 333-0519,hanjones14@gmail.com,https://hanamiaesthetics.glossgenius.com/
Fortress Beauty,,Odenton,Maryland,,,info@fortressbeauty.com,https://www.fortressbeautyspa.com/
Enchantress Esthetics and Bodywork,,roseburg,Oregon,,(541) 643-5872,cyberlily4@hotmail.com,
Earth & Elixir Skincare Studio,24 Greystone Court,Belington,West Virginia,,(681) 453-0703,earthandelixir24@gmail.com,Https://earth-elixir.square.site
Undefined Aesthetics,1911 Barnwell St Suite E,COLUMBIA,South Carolina,,(803) 846-0175,undefinedbeaut@outlook.com,Undefined.glossgenius.com
Peach Pit Waxing,2310 E Gore,Lawton,Oklahoma,,(833) 468-2141,soperj12@gmail.com,www.peachpitwax.com
The Piercing Beauty,2001 Grand Blvd Ste 204,Kansas City,Missouri,,(417) 597-1804,kimberly@thepiercingbeauty.com,https://pocketsuite.io/link/kimberly-pierce
Zapped by Rose,31606 Railroad canyon rd,Canyon lake,California,,(951) 852-5686,mrsnorwood09@yahoo.com,Www.zappedbyrose.com
Kara King Esthetics,108 Flagler Plaza Drive,Palm Coast,Florida,,(386) 559-0820,85kara03@gmail.com,Www.vagaro.com/karakingesthetics
Beauty Contributor,,Richmond,Texas,,(805) 405-2096,beautycontributor@gmail.com,Beautycontributor.glossgenius.com
Lumina Beauty Aesthetics,469 Salem St,Medford,Massachusetts,,(617) 407-0124,skinbyvalery@gmail.com,https://luminabeautyaesthetics.glossgenius.com/
Akkadian Aesthetics,1100 New Britain Avenue  SUITE 206,West Hartford,Connecticut,,(860) 800-9465,Jessica@akkadianaesthetics.com,https://www.akkadianaesthetics.com/
Skin Harmony Esthetics and Facial Lounge LLC at Sky's Healing Hands and Barefoot Massage LLC,1963 Village Green Way Unit B,TALLAHASSEE,Florida,,(850) 694-9329,christynharvey13@gmail.com,
Gold City Wellness,419 spring St suite A,Nevada city,California,,(530) 557-5985,info@goldcitywellness.com,https://goldcitywellness.as.me/
Peaches&Cream Professional Skin CareðŸ‘,,Mechanicsville,Virginia,,(804) 651-7509,peachesancreamskincare@gmail.com,
Isela Spa&cosmetics,,Easton,Pennsylvania,,(610) 438-3029,isela.staff@gmail.com,Iselasalon.com
Happy Skin Co.,23205 Hall Road,Macomb,Michigan,,(586) 350-3620,ahappyskinco@gmail.com,happyskinco.glossgenius.com
Elevated Esthetics,323 Aikens Center,Martinsburg,West Virginia,,'+1 681 260 0329,mmestheticswv@gmail.com,https://elevatedestheticswv.glossgenius.com/
One skin,7834 Southwest 165th Street 7834 sw 165th st,Palmetto Bay,Florida,,(786) 261-6572,mabel3553@yahoo.com,https://oneskin.glossgenius.com/
Dâ€™Vine Skin Therapy,6401 N 10th St Ste 120,McAllen,Texas,,(956) 467-7719,dvineskintherapy@gmail.com,dvineskintherapy.glossgenius.com
Selfestbeauty,"1640 Camino Del Rio N, Ste 111,",San Diego,California,,(858) 500-2527,qnails83@gmail.com,Selfestbeauty.com
Luxe Skin Aesthetics,609 East Speer Blvd 201,Denver,Colorado,,(720) 741-7355,batbskincare@gmail.com,https://www.vagaro.com/luxeskindenver
Atrium Skin Studio LLC,,Georgetown,Texas,,,megan@atriumskinstudio.com,atriumskinstudio.com
The Sweet Mimosa Day Spa,3604 NW 58TH ST,Oklahoma City,Oklahoma,,(405) 702-0005,mimosarach@yahoo.com,https://thesweetmimosa.com
Mountain Dragonfly Esthetics,24101 E Orchard Rd Unit E Suite 106,Aurora,Colorado,,(303) 810-6214,meg@mountaindragonflyesthetics.com,www.mountaindragonflyesthetics.com
Skin X Ari LLC,,Odessa,Texas,,(432) 934-4183,skinxari2@gmail.com,https://skinxari.square.site/
Thatkaliglow,1700 Newbury Park Drive Suite 402,San Jose,California,,(669) 241-5705,javdekar.kalyani@icloud.com,thatkaliglow.glossgenius.com
Ophelia Esthetics,249 N Grand St,Schoolcraft,Michigan,,(269) 547-7012,opheliaesthetics@gmail.com,Opheliaesthetics.com
Dew Over Skin,,El Paso,Texas,,(915) 760-3333,eileeners01@yahoo.com,
j skin lab,,Pasadena,California,,(626) 399-6839,j@jskinlab.com,
Fresh Skin Esthetics LLC,130 S Main St,Brooklyn,Michigan,,(844) 628-8812,info.freshskinesthetics@gmail.com,https://pocketsuite.io/book/brooke-kern
The Cove Massage Studio,244 Main St S.,Cambridge,Minnesota,,(763) 308-8383,hello@thecovemassagestudio.com,thecovemassagestudio.com
Velvet Aesthetix,1019 Farmington Ave,Bristol,Connecticut,,(475) 377-2490,velvetaesthetix@aol.com,Velvetaesthetixspa.com
Eclectic Beauty @ K Rae Salon and Spa,114 Pine St,Corning,New York,,(607) 329-2684,hgoodreau82@gmail.com,linktr.ee/eclectic.beauty
Luminous Skin,6735 Westminster blvd Ste 129,Westminster,California,,(562) 209-1316,luminousskinbylisa@gmail.com,https://luminousskinbylisa.glossgenius.com/
Bare Skinned Studio,649 Morgan Ave Ste B11,Brooklyn,New York,,(347) 396-1158,info@bareskinnedstudio.com,bareskinnedstudio.as.me
Renaissance skinbar,316 half mile rd,Central Islip,New York,,(631) 949-5947,isa93ful@gmail.com,https://pocketsuite.io/link/yenny
Skin by Emely LLC,1941 W Lumsden Rd Suite 111,Brandon,Florida,,(914) 299-7739,skinbyemely@gmail.com,https://www.skinbyemely.com/
The Serenity Haven,7R26+Q5,Lake Arrowhead,California,,(714) 476-8477,shelbytmartin@gmail.com,https://www.fresha.com/a/top-knot-lake-arrowhead-28200-ca-189-z17jfsae/booking?menu=true&pId=205639&dppub=true&cartId=ea50ef2c-459b-4f4b-bb89-b181fa5d193a
Graceful A Beauty,,Anna,Texas,,(214) 551-4595,gracefulabeauty@gmail.com,https://gracefulabeautyaesthetics.glossgenius.com/
Beauties and Gents Aesthetics,,Aiken,South Carolina,,(839) 432-8526,ayaunnathompson@gmail.com,https://pocketsuite.io/book/beauties-and-gents-aesthetics
Mads Oasis,1619 Broad Street,New Castle,Indiana,,(765) 520-0887,madelynburchett@yahoo.com,MadsOasis.com
Spa Meraki,102 N. Business 54  Suite D,Eldon,Missouri,,(573) 291-6787,hlynnpatterson@yahoo.com,https://book.squareup.com/appointments/fflyo9jn32jnqv/location/LGPX61FWWEW32/services?fbclid=IwVERDUAM-4qNleHRuA2FlbQIxMAABHlRmUYSc4jvsXp8VE34UmKhXOvPjorNgMqvDG_nkvZ7vF69q05TrXJM3J7gG_aem_sDykcu4JfBD5wqVQkbAs_Q
Pure Box Beauty,16645 Highland Rd STE G-2,Baton Rouge,Louisiana,,,thepureboxbeauty@gmail.com,
Skin Oasis,2021  Walmart Way STE# 14,Midlothian,Virginia,,(804) 625-7827,rconstancia00@gmail.com,Soasis.glossgenius.com
Nirvana Day Spa,4509 NW 23rd Avenue Ste 4,Gainesville,Florida,,(352) 554-4660,nirvanagainesville@gmail.com,www.nirvanagainesville.com
Cyndi Williams Beauty,"3101 E Nasa Parkway, Ste B.3",Seabrook,Texas,,(281) 917-5366,cyndi@cyndiwilliamsbeauty.com,Bookings.CyndiWilliams.Com
LunaLex esthetics,15300 Kanis Road,Little Rock,Arkansas,,,lexvalenti13@gmail.com,https://alexisvalenti.glossgenius.com/
Body Boutique Spa,901 W Wall Street Suite 103,Grapevine,Texas,,(817) 975-0735,kristen@bodyboutiquespa.com,https://bodyboutiquespa.com/
(True Beauty Esthetics),513 South 1st Street,Lufkin,Texas,,(936) 465-3840,hannahcarnes99@gmail.com,Truebeautyesthetics23.glossgenius.com
Evermint Esthetics,6518 Greenleaf Ave Suite 25,Whittier,California,,,cindyuribe27@gmail.com,https://www.evermintesthetics.com
Mystic Moon Collective,3803 Cedar Avenue,Camp Hill,Pennsylvania,,(717) 991-9316,mystic.moon.collectivepa@gmail.com,Www.mysticmooncollective.com
BYDA LLC,2350 W 84th St #10 suite 1,Hialeah,Florida,,(786) 825-5604,cynthiagd96@gmail.com,https://booksy.com/en-us/906541_byda-beauty_aesthetic-medicine_15886_hialeah
SkinGlow By Brandy,31271 Niguel Rd Unit G,Laguna Niguel,California,,(949) 842-3334,skinglowbybrandy@gmail.com,
Sea Breeze Beauty,6228 Nielsen Way,Anchorage,Alaska,,(907) 802-0494,seabreezebeautyak@gmail.com,https://seabreezebeauty.glossgenius.com/
Glitz and Glamour Studio SPA,,Manteca,California,,(209) 914-1134,Glitzandglamourstudio209@gmail.com,
Verdant Skin,110 south church st,Salmon,Idaho,,(541) 852-6879,anicolea23@gmail.com,verdantskin.glossgenius.com
Amethyst Esthetics,217 Grant Ave,Eveleth,Minnesota,,(218) 780-7860,cori.amethystesthetics@gmail.com,amethystesthetics.co
Rebekah Mayfield Waxing & Esthetics,35021 Kenai Spur Highway,Soldotna,Alaska,,(325) 400-9200,rmyfld@gmail.com,https://rmwaxing.glossgenius.com
Calisto Glow by Christa (inside Fresh Face),111 N Main St,Shawano,Wisconsin,,(920) 770-2031,calistoglow@gmail.com,https://www.yocale.com/widget/fresh-face-co?locations=168075&op=%7E285341
Bare Skin Aesthetic,1848 Willow Pass Rd 203,Concord,California,,(925) 348-6682,kung.claudia@gmail.com,https://pocketsuite.io/book/bare-skin-aesthetic
Esthi haus LLC,5320 Douglas Blvd studio 117,Granite Bay,California,,(916) 768-3140,esthikellie@gmail.com,kelliemarquez.glossgenius.com
JACQULINE & CO ESTHETICS,46 Hillcrest,Ponca City,Oklahoma,,(580) 761-3154,casdjac@yahoo.com,https://jacqulineco.glossgenius.com/
Nessa Beauty Bar,513 Sw Park Street,Okeechobee,Florida,,(863) 532-2015,nessabeautybarr24@gmail.com,https://vanesagomez.glossgenius.com/
TAYLUXE ESTHETICS,,Charlotte,North Carolina,,(704) 591-9180,tayluxeesthetics@gmail.com,https://tayluxeesthetics.glossgenius.com/
My Skin Obsession,418 Market street Suite #012,Nanuet,New York,,(929) 283-2379,info@myskinobs.com,Www.myskinobs.com
S&S AESTHETICS,203 N MAIN ST,STANTON,Kentucky,,(606) 612-9844,shaylamarie001@gmail.com,
Bold and Radiant Beauty,85500 Wilson Neck Road,Yulee,Florida,,(904) 321-7999,summeralexis96@gmail.com,Boldandradiantbeauty.glossgenius.com
Fresh Bloom Esthetics LLC,316 E Emerson Street Side B,Princeton,Indiana,,(618) 262-3435,freshbloomestheticsllc@yahoo.com,freshbloomesthetics.glossgenius.com
Oli. Health and Wellness,,Garden City,New York,,(516) 725-4901,oli@olihw.com,www.olihw.com
Refresh & Renew spa,,Fairfield,Ohio,,(513) 805-9375,refreshandrenew@gmail.com,https://mysite.vagaro.com/refreshandrenewspa?fbclid=IwY2xjawMF7OZleHRuA2FlbQIxMABicmlkETExMTdodDlYZDltZ1JrMjFyAR7XwYNUIm6pR6aL8JrDijwby3ESDuQ0-u84Fu-Ai4xzv5oIk_CGNyckIWj19Q_aem_h-BL_IjlPv31YOXwu5-0iw
Ousia Aesthetics & Scalp Spa,,Princeton,Wisconsin,,(920) 293-1342,waterworksbathco@gmail.com,Www.ousiadayspa.com
Her Spa Room,190 W. Merrick Rd.,Freeport,New York,,(917) 480-1724,hersparoom1@gmail.com,www.hersparoom.com
Skin by Kins,"822 W Highway 27 1078 Alf Hoover Rd, Vale NC 28168",Lincolnton,North Carolina,,(980) 241-9751,skinbykins12@gmail.com,https://skin-by-kins.square.site
Inner Glow Esthetics,2475 Palm Bay Rd NE Suite 130-#7,Palm Bay,Florida,,(321) 684-9694,kristine.imbruglio@gmail.com,Kristineimbruglio.glossgenius.com
SKIN RESCUE,3900 Ranch Rd 620 S #106,Bee Cave,Texas,,(917) 705-6995,nhodan@gmail.com,https://pocketsuite.io/book/skin-rescue/items/services
Urban Aesthetics,,Willow Park,Texas,,(360) 852-4441,rat954@comcast.net,https://www.facebook.com/profile.php?id=100093492340123
The Skin Co,204 Franklin Street,Warsaw,Kentucky,,(859) 904-0033,info.theskinco@gmail.com,www.theskincoky.com
Spa La La Aesthetics & Wellness,3425 Bee Cave Rd. Suite B2,West Lake Hills,Texas,,(512) 953-3540,hello@austinspalala.com,Austinspalala.com
BreakingSkinCycles,Traveling Esthetician,Washington,District of Columbia,,(202) 290-9850,breakingcyclescreations@gmail.com,https://book.pocketsuite.io/book/michelle-jones
A Little Beyond Beauty LLC,23296 Farmington Road Suite 304,Farmington,Michigan,,(313) 418-4915,alittlebeyondbeauty@gmail.com,www.alittlebeyondbeauty.com
Skincare by Trudy K,2010 Moores Ln Ste 102,Texarkana,Texas,,(903) 826-1053,skin_boss1@yahoo.com,
Skin Kneads by Kenzie,7406 27th Street West Suite 202,TACOMA,Washington,,(253) 254-6226,skinkneadsbykenzie@gmail.com,Www.skinkneadsbykenzie.com
Skin by Jenn,4672 West Florida Ave #103,Hemet,California,,(951) 590-5604,skincaretogo20@gmail.com,https://pocketsuite.io/link/jennifer-wheeler
Dawn and Eve Skincare,26344 Carmel Rancho Lane Suite 1U,Carmel,California,,(415) 757-7696,dawnandeveskincare@gmail.com,https://www.dawnandeveskincare.com/
Bespoke Beauty Co LLC,,"Inwood, WV",West Virginia,,(681) 389-2464,bespokebeautycowv@gmail.com,bespokebeautywv.glossgenius.com
Skin Esteem Esthetics,214 Pershing Drive South,Lancaster,Ohio,,(740) 605-4018,skinesteemlancaster@gmail.com,www.skinesteemesthetics.com
Allison Aesthetics,207 Oak St Ne,Decatur,Alabama,,(256) 280-1277,allison@allisonaesthetics.com,https://www.allisonaesthetics.com
Roshu Beauty,14136 Rivergate Pkwy 400 Room 123 201,Charlotte,North Carolina,,(701) 222-3113,roshubeauty@gmail.com,www.roshubeauty.com
Sculpted by Gennah,89 Saratoga Ave,South glens falls,New York,,(518) 932-6846,sculptedbygennah@gmail.com,https://booking.mangomint.com/sculptedbygennah1
Hamsa Healing,,Morgantown,West Virginia,,,hamsa.healing18@gmail.com,https://hamsahealing.glossgenius.com/
Belle Ã‚me Esthetics LLC,7214 FM 1488  #105A,Magnolia,Texas,,(936) 955-8801,steph@belleameesthetics.org,www.belleameesthetics.org
The Cottage Hair Salon and Spa,15 Old Kings Road North ste 3,Palm Coast,Florida,,(386) 283-5614,leslievannucci@gmail.com,www.thecottagehairsalon.com
Reverie Spa Collective,"38 Courtland St, Suite D",Statesboro,Georgia,,(912) 531-0194,reveriespacollective@gmail.com,https://www.vagaro.com/reveriespacollective
Natali Flores Aesthetics,,Philadelphia,Pennsylvania,,(267) 271-4622,skinbynatali@gmail.com,https://natalifloresaesthetics.square.site/
Skin District Aesthetics,7000 Storage Ct STE 13 STE 13,Columbus,Georgia,,(706) 289-8608,hello@skindistrictspa.com,skindistrictspa.glossgenius.com
Apple Blossom Genes,"2410 Herrons Nest Place NW, Suite 107",Concord,North Carolina,,(704) 453-5134,Tamara@appleblossomgenes.com,Appleblossomgenes.com
Essentials Spa,1213 Hartford Tpk Vernon,Vernon,Connecticut,,(860) 208-2620,1essentialsspa@gmail.com,In process
KrisSkin,707 Silver Spur Rd Suite 201-B,Rollling Hills Estates,California,,(310) 878-7070,krisskin411@gmail.com,www.krisskinglow.com
Twinn Esthetics,310 Division Street,Grandview,Washington,,(509) 790-1549,twinnesthetics@yahoo.com,twinnesthetics.glossgenius.com
Esthetics by Lilo,5530 Corbin Ave Suite 150,Tarzana,California,,(818) 252-9038,estheticsbylilo@gmail.com,https://www.vagaro.com/estheticsbylilollc
Enhanced Esthetics,129 north west street suite 3,Easton,Maryland,,(443) 239-6041,enhancedestheticsbymelissa@gmail.com,https://mysite.vagaro.com/enhancedestheticsllc
Paraluman Esthetics,31 3rd St SW,Hickory,North Carolina,,(828) 404-6797,hello@paralumanesthetics.com,paralumanesthetics.com
Alval Skin,1220 University Drive STE.203B,Menlo Park,California,,(650) 399-9066,alenatcanko@gmail.com,www.alvalskin.com
Ameris Aesthetics,211 Spencer St NE Suite 5,Grand Rapids,Michigan,,(616) 710-1264,info@amerisaesthetics.com,https://pocketsuite.io/book/amerisaesthetics
PLA BEAUTY STUDIO,1476 Town Center Dr. Ste 124,Lakeland,Florida,,,plabeautystudio@gmail.com,https://pbsbyjoan.glossgenius.com/
Esthetics by Brittney,,Myrtle Creek,Oregon,,(541) 391-2928,brittneynrichardson2013@gmail.com,https://book.heygoldie.com/Esthetics-by-Brittney
Gettin Gorgeous,1501 West 5th St Suite 2,London,Kentucky,,(606) 877-5277,kentuckycryo@gmail.com,KentuckyCryo.com
Serene Beauty LLC,,Doylestown,Pennsylvania,,(267) 718-5421,marianne.neamand@gmail.com,https://app.squareup.com/appointments/book/jc6tlskowyij45/LA2VZ8T8FWD6S/start
Lisa K Aesthetics,244 Washington Street,North Easton,Massachusetts,,(508) 816-3646,lisakaesthetics@gmail.com,https://lisa-k-aesthetics.square.site
the chic beauty,5010 NE 2nd ave. #205 3059881131,Miami,Florida,,(305) 481-8304,contact@thechicbeautywellness.com,thechicbeautywellness.com
Rogue Esthetics,727 SE Cass  Suite 315,Roseburg,Oregon,,(541) 913-5104,kindy@rogueesthetics.com,https://www.vagaro.com/rogueesthetics
Velo Glow Aesthetics,519 Memorial Drive Suite 305,Atlanta,Georgia,,(943) 203-0054,veloglowaesthetics@gmail.com,Veloglowaesthetics.glossgenius.com
Skin Deep by Denise,690 Atlantis Rd Ste. 3,Melbourne,Florida,,(321) 474-8275,skindeepbydenise@gmail.com,https://www.skindeepbydenise.com/
Steadman Therapeutic Massage,,Morgantown,West Virginia,,(304) 406-8989,steadmantherapeuticmassage@gmail.com,https://www.massagebook.com/therapists/SteadmanTherapeuticMassageLLC?src=external
Enhanced Skin Care and Bodywork,82 N Main St.,Poland,Ohio,,(330) 502-8000,dawnholod@gmail.com,www.enhancedskincareandbodywork.com
Bespoke Wellness By Katie Sar,Bespoke Wellness By Katie Sar 30131 Town Center Dr #267,Laguna Niguel,California,,(949) 212-0622,kt_sar@yahoo.com,
dkpESTHETICS,121 Old Warehouse Square,Oxford,North Carolina,,(919) 725-9051,hello@dkpskinstudio.com,https://www.vagaro.com/d6e7qtx  OR  https://www.dkpskinstudio.com/appointments
Red Oasis Spa,39 East Center Street,Moab,Utah,,(385) 375-0535,redoasisspa@gmail.com,redoasisspa.com
Brittany's Beauty Bar,53 N Sandusky St,Delaware,Ohio,,(614) 678-0581,brittanyboorman5@gmail.com,brittanyboorman.glossgenius.com
EstÃ©tica Med Spa,120 N Camp St,Uvalde,Texas,,(830) 260-6888,sarahturnbo@aol.com,https://www.estetica-medspa.com/
Queen Of Wax Beauty Salon,8917 Molly Dr Suite. 8,Laredo,Texas,,(956) 771-8665,qowsalon@gmail.com,https://www.queenofwaxlaredo.com/
Dreamscape Skin & Beauty Studio,2186 Eastman Ave Ste 102,Ventura,California,,(805) 814-3188,bodyandskincarebypatty@yahoo.com,http://pattyhabberfield.glossgenous.com
Hourglass Beauty Bar,412 Cernon St Suite A,Vacaville,California,,(707) 999-6037,kelli@hgbeautyb.com,hgbeautyb.glossgenius.com
Skin Therapy By Dawnie,,Yucaipa,California,,,skintherapy.bydawnie@gmail.com,https://www.vagaro.com/skintherapybydawnie/services
Lindsay Rose Beauty,105 E Oak Street,Mansfield,Texas,,(817) 330-4004,lindsayrosebeauty47@gmail.com,https://lindsayrosebeauty.com/book
The Honey Pot Sugaring Inc,8093 Broadway,Lemon Grove,California,,(619) 800-1367,elizabeth@thehoneypotsd.com,https://www.thehoneypotsd.com/
Tamed Lion Salon,,Sioux City,Iowa,,(712) 577-9542,tamedlionsalon@gmail.com,
BEAUTY BY ESTEPHANY,100 Cummings Center  Suite 227G,Beverly,Massachusetts,,(781) 692-0072,info@beautybyestephany.com,https://www.beautybyestephany.com/
Bella Shell Beauty Spa,331 Sonata Canyon,Spring Branch,Texas,,(210) 556-7164,shelleymorales1117@gmail.com,shelleymorales.glossgenius.com
Aesthetics with Lynda,1631 Lancaster Drive Suite 330,Grapevine,Texas,,(682) 288-7778,aestheticswithlynda@gmail.com,
Opulence Esthetics,125 S Washington St,Delphi,Indiana,,(765) 421-7849,katihooker17@gmail.com,https://opulence125.glossgenius.com/
Double Cleanse Skin LLC,15367 W McDowell Rd Suite 106,Goodyear,Arizona,,(623) 299-6361,doublecleanseskinllc@gmail.com,https://www.doublecleanseskin.com
Soulful Essence Artistry LLC,"424 4th st, fl. 1",union city,New Jersey,,(929) 247-9713,soulfully.lashed@gmail.com,https://soulfulessenceartistry.glossgenius.com/
Skin Wise,,Lake Oswego,Oregon,,'+1 503 740 2327,kcvitash@yahoo.com,Www.theskinwiseco.com
Let's Face It Beauty Studio,3460 Pinewalk Drive North apt 333,"Margate, Florida",Florida,,(954) 860-5437,makeupbyebz@gmail.com,www.letsfaceitbeautystudiofl.com
Healing Aesthetics & Wellness,194 Donna Drive n/a,Franklin,North Carolina,,(828) 369-6369,kkfarris26@gmail.com,www.healingaesthetics.com
Jennâ€™s Lash and Skin Spa,5136 US-80,Morton,Mississippi,,(601) 850-8982,jennifernicolecarter@gmail.com,Facebook.com/Jennâ€™s Lash and Skin Spa
DERMABEH,4914 Luella Ave,Deer Park,Texas,,(832) 640-7193,refresh@dermabeh.com,www.dermabeh.com
Skin Envee,,RENSSELAER,New York,,(518) 225-1355,heather@skinenvee.com,www.skinenvee.com
HAVEN Skincare & Aesthetics,911 South Main Street #9,Boerne,Texas,,(830) 431-1758,info@havenboerne.com,havenboerne.com
Belle Complexions Aesthetics,136 Parliament Loop 1030,Lake Mary,Florida,,(407) 734-3342,info.bellecomplexions@gmail.com,https://linktr.ee/belle_complexions
Blissful Esthetics,763 valley view dr,Traverse city,Michigan,,(231) 631-3586,menchacanature18@gmail.com,
RelevÃ© Aesthetics LLC,,Brandon,Florida,,(844) 431-7546,info@releveaesthetics.com,https://releveaesthetics.com/
Nectar Esthetics,1608 home ave,columbus,Indiana,,(317) 494-3308,shelbyrimstidt@gmail.com,nectaresthetics.com
Essence of She Day Spa,144 Moreland Ave NE,Atlanta,Georgia,,(470) 231-9262,essenceofshebb@gmail.com,Essenceofshedayspa.glossgenius.com
Bare Complexion Studio,3900 Washington Street  Unit Q,Gurnee,Illinois,,(262) 221-7935,gravesmdeja@gmail.com,https://barecomplexionstudio.glossgenius.com/
Serenity Studio,9200 Lebanon Rd Suite 200/ Suite 240 Inside Legacy Salon Suites,Frisco,Texas,,(817) 312-1307,Serenitystudioscalpandskin@gmail.com,https://www.serenitystudioscalpandskin.com/
Hello Glow Aesthetics,30115 W Indianola Ave,Buckeye,Arizona,,(602) 341-3039,helloglowllc@gmail.com,https://helloglowllc.comb.works/services
Jim Thorpe Massage/The Spa at the Y,69 Broadway,Jim Thorpe,Pennsylvania,,(570) 995-3025,jimthorpemassage@gmail.com,JimThorpeMassage.com
Dermatomic,,San Diego,California,,(808) 206-2208,adrianjpulido@gmail.com,dermatomic.glossgenius.com
Down South Sugar Co,207 N 5th Street,Hartsville,South Carolina,,,hayden@downsouthsugar.com,
Courageaux Aesthetics,15073 W club deluxe,Hammond,Louisiana,,(985) 351-2750,amaridniya@gmail.com,https://courageauxaesthetics.glossgenius.com/
Skin Fuel Esthetics,,Craig,Colorado,,(970) 629-5464,jen-y-1330@hotmail.com,"â€œTimeless Glow, Personalized Careâ€"
Blackwood Beauty,214 W Walnut,Rogers,Arkansas,,(479) 329-9945,info@blackwoodbeautynwa.com,www.blackwoodbeautynwa.com
Golden Hour Skin Rituals,,Pasadena,California,,(424) 237-8889,goldenhourskinrituals@gmail.com,https://goldenhourskinrituals.glossgenius.com/
Timeless Radiance Aesthetics,,Marietta,Georgia,,(470) 785-5091,dldaniel625@gmail.com,https://timelessradianceaesthetics.com
Skin Deep Beauty Spa LLC,,DeQuincy,Louisiana,,1 (337) 486-3440,skindeepbeautyspa@yahoo.com,myps.io/book/skin-deep-beauty-spa-llc.
Savannah' Place,,Oak Ridge,Tennessee,,,savannahs.place25@gmail.com,https://savannahsplace.glossgenius.com/
"Peak Esthetics by Kara, LLc",1445 Fillmore St Suite 1105,Twin Falls,Idaho,,(208) 731-3722,karaamb@gmail.com,Kara Florinca.GlossGenius.com
Aglow Aesthetics LLC,9 North Five Points Road Unit 6,West Chester,Pennsylvania,,(215) 400-1868,jennifer@aglowaestheticsllc.com,www.aglowaestheticsllc.com
"Serafina Spa, Inc.",16427 Booker T Washington Hwy,Moneta,Virginia,,,serafinaspa@yahoo.com,
Skin Envy,2430 Jenks Avenue,Panama City,Florida,,(850) 832-1522,skinenvy850@gmail.com,www.skinenvy850.com
Skin by Ashley Esthetics & more,5541 Liberty Ave Suite 1,Vermilion,Ohio,,(440) 242-9895,ashleybaizel615@gmail.com,https://skinbyashleyesthetics.glossgenius.com/
SOVA Beauty LLC,5700 S MoPac Expy B 220 Suite 240,Austin,Texas,,,plnwng2204@gmail.com,http://sovabeauty.glossgenius.com/
Botanic Skin,2772 Stonebrook Pkwy,Frisco,Texas,,(214) 550-0807,toni@botanic.skin,www.botanic.skin
La Bella Esthetics,,Leawood,Kansas,,(913) 230-3920,a.jacobson28@icloud.com,Ashleyjacobson.glossgenius.com
Feeling Lucky Aesthetics,,Whitwell,Tennessee,,(423) 362-2821,abeason05@gmail.com,https://www.vagaro.com/fadeiillc
Motorcity Skin Club,,Southfield,Michigan,,(313) 737-8040,thenerdologist@icloud.com,https://bookzarrichards.as.me/
Simply You Skincare Studio,,Milton,Wisconsin,,-608,renee@simplyyou-skincare.com,https://www.vagaro.com/simplyyouskincarestudio
Le' Spa by Ryana,8450 Amber Hill Rd,Lincoln,Nebraska,,(402) 580-3968,lespabyryana@gmail.com,lespabyryana.com
SoLou Skin,6929 Ridge Road City Tribe Salon,Port Richey,Florida,,(727) 271-1649,solouskin6@gmail.com,www.solouskin.com
Bee Well Spa,,BELLEVUE,Washington,,,melissa@beewellspa.com,www.beewellspa.com
Beelaxation Aesthetics,2950 S. Jamaica ct 202,Aurora,Colorado,,(720) 416-1017,beelaxation@gmail.com,Beelaxation.com
Nanette's Beauty and Essentials LLC,2200 W. Market Street 14001 (First Floor),York,Pennsylvania,,(833) 553-6553,tarnya@nanettesbeautyandessentials.com,www.vagaro.com/nanettesbeautyandessentials   https://nanettesbeauty.com
The Skin Studio,914 Broadway Street STE. 2,West Burlington,Iowa,,(641) 330-1949,theskinstudio914@gmail.com,theskinstudioia.glossgenius.com
UlianaLLC,"7067 Narcoossee Rd Salon Lofts, Loft 13",Orlando,Florida,,(347) 272-4245,ylianka2305@icloud.com,https://www.vagaro.com/uliannallc?fbclid=PAZnRzaAM-2oRleHRuA2FlbQIxMQABp5qLUsaOsVdDGpC2f58wEWIcVTPS678FDeUNc7ImTtpxcAf3M_7c0fROaW_a_aem_dsGXnjt95W9lVOtNVlF5iw
Bare Beauty Aesthetics,2244 Ave G Suite B,Bay City,Texas,,,stephanietheesti@gmail.com,https://stephaniegalvan1.glossgenius.com/?
Fallbrook Bodyworks/Jen Morgan,577 E Elder St suite B,Fallbrook,California,,(760) 481-4223,jen.morgan370@gmail.com,Fallbrookbodyworks.com
Beauty by Isa Spa,209 Boston Post Road - suite 101,Milford,Connecticut,,(860) 680-0452,isa@beautybyisaspa.com,www.beautybyisaspa.com
Kmacs Skincare,1868 N Hill Field Rd,Layton,Utah,,(801) 200-1788,kyliemacavinta@gmail.com,https://wildflowersalonandsupply.glossgenius.com/
Vain Aesthetics,159 Main St N,Mendenhall,Mississippi,,(601) 320-6665,mcelroymorgan00@gmail.com,thevainesty.glossgenius.com
The Wax Den,"562 Kingsland Street, Suite 3",Nutley,New Jersey,,,thewaxden@gmail.com,www.thewaxden.com
Studio Aesthete,,Scottsdale,Arizona,,(602) 400-4034,amy@loveyourskinaz.com,Www.Loveyourskinaz.com
"The Face Place, Skin Care by Judy",,SCHERERVILLE,Indiana,,(219) 798-6785,judy.thefaceplace@gmail.com,
Esthetics by Chloe,6576 E Main St,delta,Ohio,,(419) 212-6467,chloe.summitt@icloud.com,https://www.vagaro.com/aristocutstylingsalon/book-now
Skin Therapy,2218  Bissonnet St,Houston,Texas,,(248) 251-4257,skintherapybymadison@gmail.com,Skintherapyllc.glossgenius.com
Alchemy Spa,"1512 E Caracas Ave, Hershey, PA 17033, USA Suite 800",Hershey,Pennsylvania,,(717) 207-8418,alchemyspahershey@gmail.com,https://alchemy-spa.square.site
Ripping Strips Popping ZitsÂ®,1051 Bloomfield Ave Suite 172,Clifton,New Jersey,,(862) 238-3476,info@rippingstripspoppingzits.com,https://www.rippingstripspoppingzits.com
Darling Esthetics,,La verkin,Utah,,(435) 703-5399,darlings.esthetics@gmail.com,Darlingesthetics.net
HEALTH MATTERS Esthetics & Massage,2458 Jefferson Hwy,Waynesboro,Virginia,,(540) 448-5143,health-matters@comcast.net,healthmatters2.setmore.com
Roselily Aesthetics,301 W Main Street,Russellville,Arkansas,,(479) 970-2799,roselily.aesthetics@icloud.com,https://roselilyaesthetics.glossgenius.com/
Luxe Skin & Lash Studio,1386 Main St,Tewksbury,Massachusetts,,(781) 922-1176,luxeskinlash@gmail.com,www.luxeskinlashstudio.com
Skin by Christiane,3930 Richmond Ave suite 102 - lower level,Staten Island,New York,,,skinbychristiane@hotmail.com,skinbychristiane.glossgenius.com
Glow Skin New York,37 west 26 street Suite 726,New York,New York,,(347) 537-7888,glowskinnewyork@gmail.com,https://glowskinnewyork.glossgenius.com/services
La Creme,15 Pond St,Natick,Massachusetts,,(508) 395-1585,Kaesthetics978@gmail.com,https://booking.mangomint.com/525031?staffId=9
The Skin Mercantile,8154 AL-59,Foley,Alabama,,(678) 673-8560,Theskinmercantile@gmail.com,https://theskinmercantile.glossgenius.com/
Silky Skin Esthetics,,Baytown,Texas,,(713) 960-2844,silkyskinesthetics@gmail.com,Silkyskinesthetics.com
Kennebec Valley Wellness Center,21 University Drive,Augusta,Maine,,(207) 592-4787,wellnessspamaine@gmail.com,www.vagaro.com/kristyjames
Starr Esthetics,4936 E 73rd St Suite G,Tulsa,Oklahoma,,(918) 951-9556,amanda@starr-esthetics.com,www.starr-esthetics.com
Bare Skin Experience,,Clarksville,Tennessee,,,info@bareskinexperience.com,bareskinexperience.com
VITAL FLOW SKIN AND BODY,"6501 Grape Rd. Studio #12 Located inside Sola Salon, next to Barnes & Noble",Mishawaka,Indiana,,(574) 343-6091,amanipaz@hotmail.com,https://www.vitalflowskin.com
Elite Esthetics By Lisa,307 E Michigan St,Mount Pleasant,Michigan,,(989) 615-7899,lisahaiser1@gmail.com,lisahaiser.glossgenius.com
Bare Sugar & Wellness Spa,303 San Juan Grade Rd,Salinas,California,,(831) 262-0245,salinaswaxing@gmail.com,www.baresugarandwellness.com
Esthetics by Merissa,266 NW 1st Ave,Canby,Oregon,,(503) 888-2181,estheticsbymerissa@gmail.com,EstheticsByMerissa.glossgenius.com
Dimension Cool Aesthetics,383 S. Pine Street Suite 5,Spartanburg,South Carolina,,(864) 308-1910,anne@dcaesthetics.com,www.dcaesthetics.com
CC Aesthetics,7048 Oak Brook Terrace,Brentwood,Tennessee,,(618) 237-1535,ccaestheticsco@gmail.com,HTTPS://calliecauseyaesthetics.glossgenius.com
Peach Blossom Spa & Wellness,,Yelm,Washington,,(253) 343-1278,peachblossom.beautyy@gmail.com,https://peachblossomspa.glossgenius.com/services
Orchidskinsations,,Wilmington,Delaware,,,orchidskinsations@gmail.com,orchidskinsations.glossgenious.com
Luminous Skin By Jen,"19020 Pineville Rd, suite 1 (inside Third Gen Salon)",Long Beach,Mississippi,,(978) 604-6378,luminousskinbyjen@gmail.com,https://www.vagaro.com/thirdgensalon
Zen Esthetics,"601 N Martingale Rd, Suite 100 Sola Salons, studio #2",Schaumburg,Illinois,,(630) 402-5188,teodorovic.skincare@gmail.com,slavicateodorovic.glossgenius.com
Soluxe Aesthetics,3061 SW 160th Ave  Suite# 123,Miramar,Florida,,(754) 581-1173,soluxeaesthetics@hotmail.com,https://booksy.com/en-us/instant-experiences/widget/1453450?
MCA Beauty LA,6200 Variel Ave  Suite 102,Woodland Hills,California,,(818) 324-3021,mcabeautyla@gmail.com,Www.Vagaro.com/mcabeautyla
Glow to go Durango,42 Shadow dr,Durango,Colorado,,(970) 946-4888,theresheglowzagain@gmail.com,www.mobilefacialsglowtogodurango.com
Spa 2 Geaux,2955 Ridgelake Dr.  STE 103,Metairie,Louisiana,,(504) 312-2626,spa2geaux@gmail.com,https://spa2geaux.com
Morgan Rackley Skincare,2929-D North Druid Hills Rd NE Suite 119,Atlanta,Georgia,,(770) 896-8326,luminousskinatlanta@gmail.com,https://booking.mangomint.com/mrs
Refined Radiance Med Spa,88 Paine Cir SE suite 11 room 1,Bondurant,Iowa,,(515) 505-8011,refinedradiancemedspa@gmail.com,www.refinedradiancemedspa@gmail.com
skin and co beach aesthetics llc,,Santa Rosa Beach,Florida,,(850) 357-5095,skinandcoesthetics@gmail.com,
TrueSkin Medesthetics,600 Houze Way Suite D3,Roswell,Georgia,,(678) 404-5253,contactus@trueskinmedesthetics.com,https://trueskinmedesthetics.square.site/
Beauty by Shaniece,4007 N Broadway St Suite 214,Chicago,Illinois,,(224) 477-6626,info@beautybyshaniece.com,https://www.beautybyshaniece.com
Pure Aesthetics Co.,"1585 Shaw Ave, Suite 108",Clovis,California,,(559) 706-6224,pure.aesthetic.co@gmail.com,https://pureaestheticsco.glossgenius.com/
Olga Sabo Skincare Studio,19627 Long View Terrace,Salinas,California,,(831) 233-0612,olga.sabo.esthetics@gmail.com,https://www.olgasaboskincarestudio.com/
Uplifted by KM,34 S Main Street,Mullica Hill,New Jersey,,(856) 466-8671,upliftedbykm@gmail.com,https://www.vagaro.com/upliftedbykm
Studio Nine,408 Woodworth Ave,Alma,Michigan,,(989) 330-0987,hope_vusich@icloud.com,https://studioglowesthetics.glossgenius.com/
M.C.glowingskin,12139 Mt Vernon Ave Suite 200,Grand Terrace,California,,(909) 362-0865,mcglowingskin@gmail.com,mcglowingskin.com
Hilary's Skincare,22114 Ventura Blvd. #3,Woodland Hills,California,,(747) 217-1703,hilarysskincarela@gmail.com,www.hilarysskincare.com
Surfaced Skin,1333 BUENA VISTA ST #203,San Antonio,Texas,,(210) 952-0874,surfacedskin@outlook.com,SURFACEDSKIN.COM
"Radiance and Kay the Beautician, LLC",,Bulverde,Texas,,(210) 580-4485,xinon1972@gmail.com,https://radianceandkayesthetics.glossgenius.com/
Velvet,,Lubbock,Texas,,(806) 853-1303,leahherron@me.com,Velvet.GlossGenius.Com
Healing Room,2330 Yale Rd 2330 Yale Rd,Lawrence,Kansas,,(785) 979-3253,carmenaleneware@gmail.com,www.healingroom.me
Skin Journey Wellness Center,1301 W. Eau Gallie Blvd. Suite 98,Melbourne,Florida,,(321) 305-0094,warthling.sidney72@gmail.com,skinjourneywellnesscenter.square.site
Xo Esthetics & Events,101 Furlong St,Rochester,New York,,,cambeau90@gmail.com,
Beyond Bella Skincare,9657 Arrow Route  Suit N,Rancho Cucamonga,California,,(909) 615-3329,beyondbellaskincare@gmail.com,beyondbella.net
Siesta Esthetics,164 Division St. Suite 602,Elgin,Illinois,,,siestaesthetics@gmail.com,https://siestaesthetics.glossgenius.com/
Advanced Skincare and Wellness by Stephanie Parker,1623-B North Cocoa Blvd,Cocoa,Florida,,(321) 506-7005,advancedskincareandwellness@gmail.com,vagaro.com/advancedskincareandwellness@gmail.com
Beauty by Brooksie,17145 W Bluemound Rd Suite 126 Located inside of Phenix Salon Suite,Brookfield,Wisconsin,,(414) 207-8571,admin@beautybybrooksie.com,https://beautybybrooksie.as.me/
bp Massage & Esthetics,1712 us hwy 121 n bypass Suite K,Murray,Kentucky,,(270) 978-3801,brandy.paschall@gmail.com,https://bpmassageandesthetics.com/
Air Sign Aesthetics,648 W. Cuthbert Blvd Suite 402,Haddon Township,New Jersey,,(856) 375-4839,sylviadoesskincare@gmail.com,https://www.airsignaesthetics.com/
Queen D Wax Co,,Neptune Beach,Florida,,(801) 759-2638,Queendwaxco@gmail.com,Queendwaxco.GlossGenius.com
Nomad Skyn,1614 UNION VALLEY RD L,WEST MILFORD,New Jersey,,(973) 506-4071,tai@nomadskyn.com,www.nomadskyn.com
The Skin Fix,205 N. College Ave.  Ste 208A,Bloomington,Indiana,,(812) 727-5140,kenna.theskinfix@gmail.com,www.theskinfixllc.com
Elixir Aesthetics Spa,2949 Federal Blvd Suite 215,Denver,Colorado,,(720) 638-2178,admin@elixiraestheticsspa.com,https://elixiraestheticsspa.com/
Goddess Aesthetics & Yoga,7273 NE Nelly St.,Hillsboro,Oregon,,(503) 388-0196,kathrynhannah1987@gmail.com,https://www.eyeofillumination.com
"Glow, Care, Elevate",114 Tucker St 9,Kingman,Arizona,,(928) 710-0589,evergreenbeautyco23@gmail.com,Evergreenbeautyco.net
The Rejuvenation Zone,711 Oregon st,Oshkosh,Wisconsin,,(920) 883-9355,therejuvenationzone@gmail.com,https://the-rejuvenation-zone.square.site/
Le Esthetics Day Spa,619 North Morton Street Suite 1,Bloomington,Indiana,,(812) 360-0714,leestheticsindiana@gmail.com,www.leestheticsindiana.com
Botanical Beauty Studio,,Gresham,Oregon,,(971) 220-5171,info.botanicalbeauty@gmail.com,Www.botanicalbeautystudio.com
Bohemian Balance,810 E 66th st,Savannah,Georgia,,(843) 290-9651,Balancedbycharlie@gmail.com,bohemianbalance.glossgenius.com
Test Company Alaska,,Atqasuk,Alaska,,(123) 456-7890,jake@midasiq.com,www.google.com
B.YOU.tiful Skincare By Janis,5130 Commons Drive,Rocklin,California,,(916) 521-9441,janis@byoutifulskincare.com,B.YOU.tiful Skincare by Janis
Wonder Esthetics,,Stafford,Virginia,,,info@wonderesthetics.com,https://wonderesthetics.glossgenius.com/
Beauty Therapy Session,99 Madison Avenue 5th Floor,New York,New York,,(646) 812-5545,beautytherapysession@gmail.com,BeautyTherapySession.com
HoneyDee Esthetics,8620 N New Braunfels Ave Suite 201,San Antonio,Texas,,(956) 638-3592,ochoadilcia@gmail.com,https://honeydeeesthetics.glossgenius.com/
Esthetics by RW,2457 Gum Branch Road #1500,Jacksonville,North Carolina,,,hello@estheticsbyrw.com,www.estheticsbyrw.com
She Glows Day Spa,,McKinney,Texas,,(469) 806-0443,pinkcarnation2015@gmail.com,Vagaro.com/SheGlowsDaySpa
GlamouRx,3601 Memorial Parkway SW Suite C,Huntsville,Alabama,,(256) 808-9029,info.glamourx@gmail.com,www.glamourxllc.com
Natural Adornment,105 NC-54 Unit 22A Suite 205,Durham,North Carolina,,(919) 588-3658,booking@naturaladornment.com,https://www.naturaladornment.com/
Sugar Touch by Paola,301 S. Glendora Ave Unit18 Inside Phenix Salon Suites #114,West Covina,California,,(626) 364-8387,Sugarrtouch@gmail.com,sugartouch.glossgenious.com
DM Skin Studio,4855 E state st,Rockford,Illinois,,(815) 558-4889,dmskinstudio@gmail.com,https://dmskinstudio.glossgenius.com/
The Lyvenik Lounge,,Yuba City,California,,(530) 264-8872,lyveniklounge@gmail.com,lyvenik.glossgenius.com
Adonai Spa & Wellness,526 SW 4th Street Suite 500,Moore,Oklahoma,,(405) 408-9284,Adonai.wellness.spa@gmail.com,https://linktr.ee/adonaispaok
Ninaâ€™s Skincare,,San Diego,California,,(760) 390-3130,nina.elhaie@gmail.com,Ninaskincaresd.com
Pretty Time Esthetics,7733 Oak Ridge Highway  Suite 2,Knoxville,Tennessee,,(865) 771-1292,prettytimeesthetics@gmail.com,Prettytimeesthetics.com
Beautify By Noy,6302 Acadia ave,Agoura hills,California,,(818) 307-9059,noyelkayam24@gmail.com,BeautifybyNoy
Glow A Skin Society,28715 Center Ridge Rd.,Westlake,Ohio,,(440) 782-1512,hello@glowaskinsociety.com,Www.glowaskinsociety.com
Mistified Beauty,526 South Marquette Rd,Prairie Du Chien,Wisconsin,,(608) 412-0680,mistifiedllc27@gmail.com,
SKINESTHETICS,433 S Bethlehem Pike,Fort Washington,Pennsylvania,,(215) 326-9264,skinestheticspa@gmail.com,www.skinestheticspa.com
Indie Aesthetics,258 Alexander St,Rochester,New York,,(585) 355-9131,theindieaesthetics@gmail.com,Indie-aesthetics.com
Andreaâ€™s Aesthetics,7470 Auburn Road,Concord,Ohio,,(440) 339-8791,andreafenda8@gmail.com,https://andreas-aesthetics.square.site/?fbclid=IwRlRTSANY4a5leHRuA2FlbQIxMAABHj4ko0fLm-xeZBsqAe49BQ6t9HyPYiawMC39a5wwZ_yEai0UMlaf-eFUR4Cy_aem_mTa-iM7cTVoCV0peOe_irA
Angelsmakesyoupretty,,Scranton,Pennsylvania,,(570) 591-3227,angelmkup@hotmail.com,www.angelsmakesyoupretty.com
Annie Fabiano Aesthetician & Makeup Artist,806 North St,Endicott,New York,,(607) 427-6067,anniefab@aol.com,anniefabianoaesthetician
The Cottage Day Spa,93 Chestnut Street,Oneonta,New York,,,romanokm@gmail.com,
Abiding Beauty,126 W Herrick Ave,Wellington,Ohio,,(440) 865-4769,kalbaugh18@yahoo.com,Abidingbeauty.circadia.com
Glam & Glow Studio,553 Cowart St Ste 2,Lucedale,Mississippi,,(228) 712-5688,maceerawls2000@icloud.com,https://glamglowstudio-booking.as.me/
Last Glam Minute,101 Stoney Place,Morganton,North Carolina,,(828) 919-9049,lillian@royaltyrentals.co,https://lastglamminute.glossgenius.com
Phoenix Esthetics,223 East Atwood Street Suite A,Galion,Ohio,,(419) 617-2470,phoenixesthetics@icloud.com,https://rwphoenixesthetics.glossgenius.com/
Willow Moon Esthetics,21200 Harper Ave,Saint Clair Shores,Michigan,,(586) 596-6937,wmassof@gmail.com,vagaro.com/willowmoonesthetics
The Mud Room: Skin-Beauty-Wellness,631 Main Street,Martinez,California,,(925) 387-5353,stacywinslett@yahoo.com,https://the-mudroom.com/
Sara's Self Care Spa,2413 BEETHOVEN AVE,Portage,Michigan,,(269) 350-3329,sarasharesselfcare@gmail.com,https://www.vagaro.com/sarasselfcarespa
GlowIn Esthetics,1655 Colorado Blvd. Suite B,Los Angeles,California,,(323) 863-6330,glowinbeautyandwellness@gmail.com,www.GlowInEsthetics.com
Embodied Beauti Holistic Spa,"964 Taybyn rd, Fort Mill",Fort Mill,South Carolina,,(803) 899-4213,tyelisee@gmail.com,
LUXE+LORE esthetics,1127 Avenue H,Fort Madison,Iowa,,(319) 316-2678,kimenvy74@gmail.com,luxelore@glossgenius.com
Aella Salon and Spa,11049 Eastview Avenue,Meadville,Pennsylvania,,(814) 724-7735,info@aellasalonandspa.com,https://www.aellasalonandspa.com/
Ivana Glow Medical Spa,225 E. Deerpath Rd.  Suite 136,Lake Forest,Illinois,,(847) 283-0204,szymanski0501@aol.com,www.Ivanaglowmedicalspa.com
Sculpt & Glow,7950 E Redfield Rd.  Suite 220,Scottsdale,Arizona,,(480) 622-3842,karla@sculptandglowaz.com,www.sculptandglowaz.com
Enchanted Beauty Day Spa,711 Fayetteville Avenue ALMA,alma,Arkansas,,(479) 406-7749,donnakayesthetics@icloud.com,https://enchantedbeautydayspa.glossgenius.com
The Spa Room,1507 7th Ave SE,Sioux Center,Iowa,,(515) 205-7335,thesparoom712@gmail.com,https://www.fresha.com/book-now/the-spa-room-ch6tqpx4/all-offer?share=true&pId=740875
Tammy's Skin Secrets/ Inspire Laser and Aesthetics,,Fremont,California,,(415) 902-4771,tammy@inspirelaseraesthetics.com,Inspirelaseraesthetics.com
Blissful Beauty Aesthetics LLC,4180 S Fort Apache suite 106,Las Vegas,Nevada,,(725) 293-8531,blissfulbeautyaesth@gmail.com,https://blissfulbeautyaesth.glossgenius.com/services
Illuminate Lashes and Beauty,6 Office Park,Trussville,Alabama,,(205) 201-0302,hello@illuminatelashesandbeauty.com,www.illuminatelashesandbeauty.com
"Pure Indulgence Massage & Spa, LLC",4066 Evans Ave Suite 4,Fort Myers,Florida,,(239) 989-2172,pureindulgencemassageandspa@gmail.com,www.vagaro.com/pimsllc
Soulshine Esthetics,Studio Sharp Salon and Spa 290 McAdoo Creek Road,Clarksville,Tennessee,,(256) 577-2837,marlow.b.johnson22@gmail.com,
321 SKIN CLUB LLC,6450 wickham road unit 100 suite 203,melbourne,Florida,,(321) 272-8778,321skinclub@gmail.com,https://321skinclub.glossgenius.com/
Complexions,3400 E Cottle Lp #500,Wasilla,Alaska,,(907) 373-1121,akcomplexions@icloud.com,www.akcomplexions.com
Moonchild Lashes & Esthetics,524 Covington Ridge Way,El Paso,Texas,,(915) 205-0620,forallthingsbeauty@skincaretherapy.net,https://www.fresha.com/book-now/moonchild-lashes-esthetics-ozt49xgj/services?lid=669733&eid=1805528&share=true&pId=622518
Sontuosa Spa,5401 S. Prince St. suite 101,Littleton,Colorado,,(303) 550-9563,sontuosaskincare@gmail.com,Sontuosaspa.com
RevIVal Beauty and Hydration Bar,6120 Winkler Rd Suite G,Fort Myers,Florida,,(239) 270-5863,info@revivalbeautyandhydrationbar.com,revivalbeautyandhydrationbar.com
House of Beauty by Kinz,525 N Miami St,Wabash,Indiana,,(260) 377-8688,kinzies30@gmail.com,https://houseofbeautybykinz.glossgenius.com/
Liberty Luxe Beauty,,Columbus,Ohio,,(253) 722-4928,libertymoore925@gmail.com,Libertyluxebeautyspa.glossgenius.com
Mojo Master Beauty Rehab,745 NW Federal Highway,Stuart,Florida,,(772) 200-4276,admin@mojomasterfl.com,https://mojomasterfl.com/home
Skin Rhythm Co.,1935 N Kickapoo Ave,Shawnee,Oklahoma,,'+1 405 481 5146,masoner.j289@gmail.com,https://waxedbyjaseyatreflections.square.site/
Swan Beauty Spa,,St. Louis,Missouri,,(314) 939-8389,swanbeautyspa24@gmail.com,https://swanbeautyspa.glossgenius.com
Nickel & Dodge,14 Central Ave W Minot,Minot,North Dakota,,(701) 720-8791,hello@nickelanddodge.com,https://phorest.com/book/salons/nickeldodge
Olivia Walls Esthetics @ Blush n Glow Beauty,2400 W Michigan Ave. Suite 14,Pensacola,Florida,,(850) 860-5051,selfluvclub777@gmail.com,www.BlushnGlowBeauty.com
GenEsthetics,1953 Golden Heights Rd Suite 705,Fort Worth,Texas,,(817) 228-0817,genestheticsjess@gmail.com,https://genestheticsftw.glossgenius.com/
Vero Beach Esthetics LLC,,Vero Beach,Florida,,(772) 279-5549,verobeachesthetics@gmail.com,LANIsalonandspa.glossgenius.com
Spilt Polish Spa,176 thomas johnson drive suite 205,frederick,Maryland,,(301) 357-8011,nicole@spiltpolish.com,www.spiltpolish.com
MarÃ­a Gabriela MartÃ­nez,,Palm Beach Gardens,Florida,,(407) 989-0372,gabybya@hotmail.com,
E. Chantelle Beauty,27 Maple Avenue  Suite 3,Victor,New York,,(585) 250-1771,erika.dixon10@gmail.com,www.echantellebeauty.com
Skin by V,845 Lowcountry Blvd,Mount Pleasant,South Carolina,,(843) 813-3075,skinbyv7@gmail.com,skinbyv1.glossgenius.com
Chrystal Clear Beauty,4909 W. Park Blvd #157 Suite 50,Plano,Texas,,(702) 810-8687,chrystalcleardfw@gmail.com,https://chrystalclearbeauty.comb.works/
The Zen Room,2410 Herrons Nest Pl NW  Suite 112,Concord,North Carolina,,(716) 547-2403,thezenroomllc@gmail.com,thezenroom.com
SunGlo Aesthetics,"877 Oak Meadow Drive, Suite 213",Franklin,Tennessee,,(629) 286-0110,sungloaesthetics@gmail.com,www.sungloaesthetics.com
Natural Glow Esthetics,637 N Main St,Porterville,California,,,yozuna88@gmail.com,https://naturalglowbyyes.glossgenius.com
Renewed Skin Solutions,1360 E Hickman Road,Waukee,Iowa,,(515) 518-0290,renewedskinsolutions@gmail.com,https://renewedskinsolutions.glossgenius.com/
Vicky's Spa & Skincare,33919 9th Ave S  suite 102,Federal Way,Washington,,(253) 239-8726,vickyspaskincare@gmail.com,https://vickyspaskincare.glossgenius.com/services
Visage' MEDISPA & Cosmetic Laser Center,46 Rt 25 A. Suite #1,East Setauket,New York,,(631) 736-7336,skincare@visagemedispa.com,https://www.visagemedispa.com/
Skin 8 Spa,25 Pompton Ave Suite 208,Verona,New Jersey,,(973) 308-0085,zoey9639llc@gmail.com,https://www.skin8spa.com/
Kaaya Aesthetics,4792 Rochster Rd Suite 1,Troy,Michigan,,(248) 786-9770,kaayaaesthetics@gmail.com,https://www.vagaro.com/kaayaaestheticsllc
Karen-Marie               Lash Designer/Trainer,1188 Bishop Street  1101,Honolulu,Hawaii,,(808) 265-0407,esthe808@mac.com,www.vagaro.com/karen-marie
Staci's Salon and Spa,4515 Parkside Drive. Suite 103,Amarillo,Texas,,(806) 679-9332,Stacissalonandspa@gmail.com,Stacissalonspa.com
OC Face & Body Studio,2050 W Chapman Ave #162,Orange,California,,(714) 323-1088,daniela@ocfacebodystudio.com,www.ocfacebodystudio.com
Bia's Beauty Bar,,Buffalo,New York,,(716) 308-8616,biarodriguez@beautyonbeholder.com,www.BeautyOnBeholder.com
Not Just Skyn,3030 N Central Ave. Suite #1404,Phoenix,Arizona,,(602) 785-1779,cassiaharias@gmail.com,https://cassiahaesthetics.glossgenius.com/
DT Salon Suites & Spa,8201 Quaker Unit 152,Lubbock,Texas,,(806) 792-2887,dtsalonsocial@gmail.com,DTSalon.com
Mystic Beauty Studio,509 N. Winnetka Avenue suite 206c,dallas,Texas,,(214) 755-7485,mysticbeautydallas@gmail.com,https://linktr.ee/mysticbeautydallas
European Skin Solutions,20901 Catawba Ave.,Cornelius,North Carolina,,(704) 453-6473,europeanskinsolutions@gmail.com,https://europeanskinsolutions.com/services
Cactus Bloom Aesthetics,33 E Idaho Ave Ste 110,Meridian,Idaho,,(707) 631-3545,hello@cactusbloomaesthetics.com,https://www.vagaro.com/cactusbloomaesthetics
Prestige Studio Downey,10848 Paramount Blvd,Downey,California,,(562) 384-0852,prestigestudiodowney@gmail.com,https://www.vagaro.com/prestigeestheticsinc1
Natural Luminance Skin & Body Wellness,"233 East 84th Drive, Suite 202",Merrillville,Indiana,,(219) 525-5097,amy@natural-luminance.com,www.natural-luminance.com
Pynk Eclipse Aesthetics + Wellness Studio,1 Godley Station Blvd  Suite 13,Pooler,Georgia,,(912) 231-4700,experience@pynkeclipse.com,www.pynkeclipse.com
Sincerity Skin Studio,34102 Commerce Drive Suite C,De Soto,Kansas,,(913) 271-7351,sincerity.skin.studio@gmail.com,shearimages.glossgenius.com
AMH Esthetics LLC,,Endicott,New York,,(607) 644-5146,amanda.hunt@amhesthetics.com,Booking.amhesthetics.com
Ataraxis Spa,4867 Fulton Dr NW Suite B,Canton,Ohio,,(330) 316-0058,info@ataraxisspa.com,Ataraxisspa.com
Dream House Spa,583 County Road 383,Killen,Alabama,,(256) 443-9693,cepool33@gmail.com,DreamHouseSpa.glossgenius.com
Take Five Studio LLC,176 Waterman Hill Rd,Quechee,Vermont,,(802) 356-3548,itsdaniellealexis@gmail.com,https://takefivestudio.square.site/
Nurture Skin Care by Heidi,6913 W 135th St,Overland park,Kansas,,(913) 787-5048,heidihorton@msn.com,Nurturebyheidi.com
Maddie & Moon,107 N Main Street,Mount Holly,North Carolina,,(770) 312-0973,info@maddieandmoon.com,maddieandmoon.com
Belle Aesthetics,18 S Main St Ste 110,Stewartstown,Pennsylvania,,(717) 577-9276,admin@belleaestheticspa.com,https://www.yorkpamedspa.com/
Moss & Moon Massage & Esthetics,,Concord,New Hampshire,,(603) 313-8189,lizbeth2464@icloud.com,mossandmoonstudio.glossgenius.com
The Skin Bungalow Aesthetic Studio,,Arvada,Colorado,,(720) 288-8596,skinbungalowjen@gmail.com,Https://theskinbungalow.glossgenius.com
Sugar and Glow Skincare,1080 Carol Lane  Suite 261,Lafayette,California,,(510) 384-7389,sabrina@sugarandglowskincare.com,www.sugarandglowskincare.com
Beautiful Both Ways,2192 Central Ave Suite B,McKinleyville,California,,(707) 499-2099,beautifulbothwayskl@gmail.com,https://bbw.glossgenius.com/
Glow Retreat LLC,4330 Golf Terrace  Suite 112,Eau Claire,Wisconsin,,(715) 271-2759,glowretreatec@gmail.com,
The Golden Touch Skincare Studio LLC,845 W Main St Suite 18,Branford,Connecticut,,(203) 533-9653,Thegoldentouchesthetics@gmail.com,https://www.vagaro.com/thegoldentouchskincarestudiollc
Pure Life Mind and Body,600 Houze Way A3,Roswell,Georgia,,(678) 777-3200,jataylor@purelifemindandbody.com,Purelifemindandbody.com
The Palomar Spa - a skincare suite,829 E Big Beaver Suite 13,Troy,Michigan,,(248) 281-7590,hello@thepalomarspa.com,
Beauty House Esthetics,51401 Gratiot Ave,Chesterfield,Michigan,,(586) 220-2590,rachel@yourbeautyhouse.com,beautyhouse.glossgenius.com
Skin Glow KC,1815 E Santa Fe St,Gardner,Kansas,,(913) 605-1260,skinglowkc@gmail.com,https://www.fresha.com/book-now/skin-glow-kc-zz2vnryx/services?lid=1225442&share=true&pId=1162836
ElevÃ© Esthetics,36454 US Hwy 19N,Palm Harbor,Florida,,(727) 279-5109,dina.m.abril@gmail.com,eleveesthetics.booksy.com
April Watson LMT,108 Peers St,Mcminnville,Tennessee,,(931) 414-0821,aprilwatson0119@gmail.com,https://www.massagebook.com/biz/april-watson-lmt
Esthetically Savvy,101 N Elm St,Denton,Texas,,(940) 315-4255,estheticsbycaitlan@gmail.com,https://estheticallysavvy.square.site
Healing Hands of Light Spa,102 Browning Ln Suite B2,Cherry Hill,New Jersey,,(856) 724-4121,christian@healinghandsoflightspa.com,www.healinghandsoflightspa.com
The Skyn Lounge,683B Old Country Rd  Suite 24,Dix Hills,New York,,(631) 306-4279,makeupbykrisbrown@gmail.com,Theskynlounge.glossgenius.com
Skin & Sugar Co.,112 n Pendleton ave,Pendleton,Indiana,,(765) 635-1334,skinbymeleah@gmail.com,Vagaro.com/skinandsugarco
Allure Wax & Lash Studio,3140 telegraph Rd suite e,ventura,California,,,contact@allurewaxandlashstudio.com,
Balance Skin Therapy,50 Oliver Street Suite 202,Easton,Massachusetts,,(774) 250-5551,balanceskintherapy@gmail.com,www.balanceskintherapy.com
Magnolia Glow LLC,309 Pirkle Ferry Rd Suite A100,Cumming,Georgia,,(404) 805-5012,magnoliaglowspa@gmail.com,www.magnoliaglowspa.com
Well-Rooted Skincare,115 Abigail Ln,Hendersonville,North Carolina,,(828) 243-6861,chesnee.green@gmail.com,https://wellrootedsckincare.glossgenius.com/
Skin Sanctuary Aesthetics,3829 roswell rd,Marietta,Georgia,,(470) 244-5392,hello@skinsanctuaryco.com,Www.skinsanctuaryco.com
Jessica Peebles,201 Commerce Circle SW,Decatur,Alabama,,(256) 466-3260,jessicaledlow@gmail.com,https://jessica-peebles.square.site
Trinity Aesthetics and Wellness,14502 Cypress Mill Pl Blvd Suite 300,Cypress,Texas,,,info@trinityesthetician.com,www.trinityesthetician.com
Wundr Beauty,513 W College Ave,Appleton,Wisconsin,,(920) 809-0677,wundrbeauty@gmail.com,https://pocketsuite.io/link/wundr-beauty
Aura Aesthetics,2832 W Wilshire Blvd Suite 111,Oklahoma City,Oklahoma,,(405) 873-7244,letsglow@auraaesthetics.site,https://aura.skincaretherapy.info/
NR Natalia Ribeiro Aesthetic,"200 Main St,  Office 205 suite 2",Mashpee,Massachusetts,,(508) 560-6299,nataliafribeiro@gmail.com,https://natalia-ribeiro.square.site/s/appointments
Hallie Caitlyn Aesthetics,106 W Kentucky Ave,Pineville,Kentucky,,(423) 449-9713,halliecaitlynaesthetics@gmail.com,hallienorth.glossgenius.com
Brooks Holistic Care,12200 Fairhill Rd,Cleveland,Ohio,,(855) 587-3639,nicole@brooksholisticcare.com,https://book.squareup.com/appointments/2gb9mhzrkff121/location/LRHWV5P53VWBF/services
Pelle Glo Skin,"2105 West Genesee St, suite 209",Syracuse,New York,,(315) 480-4651,pelleglo0719@gmail.com,www.pellegloskin.myonlineappointment.com
Elevate Skincare & Spa,3308 Country Club Rd Ste B,VALDOSTA,Georgia,,(480) 246-6272,meganpmapes@hotmail.com,https://www.massagebook.com/biz/Elevateskincarespa
LUSTRE LASH & SKIN STUDIO LLC,150 E 29TH ST 255,LOVELAND,Colorado,,(970) 914-1727,lustre.lashandskin@gmail.com,https://lustre.glossgenius.com
The Beauty Oasis,1331 Union Ave Suite 714,Memphis,Tennessee,,(901) 859-9656,thebeautyoasis901@gmail.com,WWW.THEBEAUTYOASIS.CO
MeliAura,197-2 N. Yonge St,ormond beach,Florida,,(386) 882-5236,meliaurallc@gmail.com,meliaurastudio.com
YaDior Beauty,120 N Wixom Road,Wixom,Michigan,,'+1 313 889 3151,yadior2021@gmail.com,https://yadiorbeauty.zoca.com/
Toric.esthetics,5541 Liberty Ave,Vermilion,Ohio,,(216) 347-2766,tcoggins04@yahoo.com,https://toricesthetics.glossgenius.com/
Maxime Beauty,,mechanicsburg,Pennsylvania,,(904) 437-3899,anamaximebeauty@gmail.com,
Skin Luxury Studio,41750 Winchester rd. Suite I,Temecula,California,,(951) 297-9161,skinlux_studio@yahoo.com,skinluxstudio.glossgenius.com
Serene skin by Chelly Esthetics,2309 w cone blvd Suite 122,Greensboro,North Carolina,,(336) 255-7044,sereneskin_bychelly@aol.com,https://serene-skin-by-chelly.square.site/
Brittney Niqole Beauty,,Laurel,Maryland,,(352) 949-4945,brittneyniqolebeauty@gmail.com,BrittneyNiqoleBeauty.glossgenius.com
Evergreen Skin Studio,13529 NC-55,Bayboro,North Carolina,,(855) 766-5374,jenna.skintherapist@gmail.com,https://evergreenskinstudio.square.site/
Bee Natural Spa,1 Orchard Street,Augusta,Maine,,(207) 391-0960,nicolespalife@gmail.com,
Radiant Beauty Studio LLC,201 E 3rd St,Winona,Minnesota,,(507) 459-0868,radiantbeautymn@gmail.com,radiantbeautystudiomn.glossgenius.com
Nuen Aesthetics Studio,811 SE Belmont St,Portland,Oregon,,(503) 953-9720,malia@nuenaesthetics.com,https://www.nuenaestheticsstudio.com/
The Esthetics Guy,3025 N Campbell Ave Ste 281,Tucson,Arizona,,(520) 261-6299,products@estheticsguy.com,https://theestheticsguy.com/
"Graceful Lines Aesthetics, PLLC","100 E 6th ST, STE 3",Weslaco,Texas,,(956) 314-2835,glaesthetics.ashley@gmail.com,beautyhaus.org
Soul Wellness,1801 County Road B W Unit 203,Saint Paul,Minnesota,,(763) 344-2390,bodyskinsoulwellness@gmail.com,Soulwellness.glossgenius.com
DermCARE Practitioners,1169 Eastern Parkway Suite 431,Louisville,Kentucky,,(502) 361-3909,contact@dermcarepractitioners.com,https://www.dermcarepractitioners.com/
Unwind Beauty Bar,532 W Poplar St.,"Elizabethtown, KY, United State",Kentucky,,(270) 498-3668,jamesparrett.unwindbeautybar@gmail.com,https://mysite.vagaro.com/unwindbeautybar
Monet Skin & Spirit,,Lake Stevens,Washington,,(425) 426-4756,Alyssa@MonetSkinandSpirit.com,https://monetaesthetics.glossgenius.com/
Aesthetics & Beauty by Claudia,,Rolling Meadows,Illinois,,(708) 834-4152,cgomez2581@gmail.com,https://claudiaggomez.glossgenius.com/
Sauveur Skin care,4283 Piedmont Ave H3,Oakland,California,,(510) 394-5541,sauveurkincare@gmail.com,www.sauveurskincare.com
Kua Esthetics,1139 9th Ave unit 102,Honolulu,Hawaii,,(833) 882-9948,kua_esthetics@gmail.com,www.kuaesthetics.com
Urban Escape Day Spa,1506 Southpointe,Siloam Springs,Arkansas,,(479) 524-0013,urbanedgesalonnwa@yahoo.com,Vagaro.com/urbanescapedayspa
Blush and Lily Esthetics,1505 N Academy Blvd Suite 1,Colorado Springs,Colorado,,(719) 663-1173,valerie.smith.98@gmail.com,www.blushlilyesthetics.com
Remedy Skin & Beauty Studio,,Eagle Mountain,Utah,,(385) 336-7224,info@remedyskin-beautystudio.com,www.remedyskin-beautystudio.com
Sugar Kissed Skin,701 East Ocean Avenue,Lompoc,California,,(805) 245-6762,Sugarkissedskinn@gmail.com,https://www.vagaro.com/sugarkissedskinn
Status Quo Beauty,1433 N 27th St Suite 1,Lincoln,Nebraska,,'+1 402 417 0759,quynh.nguyet.le@gmail.com,https://login.meevo.com/HeavenlyNailsEsthetics/ob?locationId=106160&empId=962f9c0e-fa55-4702-89ea-ad2b00fb5d33&empEntityId=10034
Arrolin Aesthetics,,Chandler,Arizona,,(480) 331-3844,angietheesthe@gmail.com,https://arrolin-aesthetics-med-spa.square.site/
Nox Beauty Studio,214-26 41st ave,Bayside,New York,,1 (631) 861-4466,noxbstudio@gmail.com,Noxbeautystudio.com
Hello Micro Aesthetics,102 S Main St Suite A,Simpsonville,South Carolina,,(864) 757-2015,info@hellomicroaesthetics.com,www.hellomicroaesthetics.com
Luminously Radiant,3013 Knickerbocker Rd,San Angelo,Texas,,(325) 718-9056,lb8185@yahoo.com,https://www.vagaro.com/luminouslyradiant?ig_fbb=true&fbclid=IwRlRTSAOM15BleHRuA2FlbQIxMABzcnRjBmFwcF9pZA8xNzM4NDc2NDI2NzAzNzAAAR6V6xKeE-H6obCw8KXV3rtFLj0JR3HbljBtPJGqG5msFTL-znWXg_H8whdhFQ_aem_eWHT0CvB6K5GcgdNlp0fIA
Spa REBE llc,125 Hartman Rd #6,Greensburg,Pennsylvania,,(724) 309-2167,nikki@sparebe.com,www.sparebe.com
Aesthetic Power By Flower,124 N Main St Unit A,Brighton,Colorado,,(303) 834-0891,aestheticpowerbyflower@gmail.com,
SKINLAB,,Norristown,Pennsylvania,,(484) 257-9814,skinlabbusiness@gmail.com,Www.skinlabpa.com
Samantha Potti at Skin Deep Esthetics,8450 Mentor Ave.  Suite 201,Mentor,Ohio,,(440) 251-0215,skindeepesthetics6@gmail.com,www.vagaro.com/skindeepesthetics
Enchanted Spa,7541 US Highway 87 E,San Antonio,Texas,,(210) 214-2752,erika.99@icloud.com,https://enchantedspaerika.glossgenius.com
Backstage Beauty & Ink,908 W Gordon Ave.  Suite 1,Layton,Utah,,(801) 388-1227,backstagebio@gmail.com,ww.backstagetattoo.com
Beauty by Nissa,1100 Carver Rd,Modesto,California,,(209) 601-2145,annissarubio@gmail.com,Vagaro.com/beautybynissa
THE GLOW UP PROFESSIONALS,405 S Springfield Rd.,Clifton heights,Pennsylvania,,(267) 300-4434,jshields424@gmail.com,www.theglowuppros.com
Beauty Marked LLC,5154 S. 108th St  Suite 2,Hales Corners,Wisconsin,,(414) 429-2265,tammorales1981@gmail.com,https://beautymarkedllc.glossgenius.com/
The landing strip beauty,823 elm st ste 231,Fayetteville,North Carolina,,(919) 895-9351,thelandingstripbyalexa@gmail.com,Thelandingstrip.glossgenius.com
"Ashley Stanley LMT, LE",515 HWY 1 South,Washington,Iowa,,(319) 461-1649,ashleystanleylmt@gmail.com,
Salon de Leo,1015 s. maple ave  3309,Glen rock,New Jersey,,(201) 682-5277,assafnoor11@yahoo.com,
Angieâ€™s Serenity Day Spa,101 S Ridgewood Ave,Edgewater,Florida,,(386) 410-6131,angiesserenitydayspa@gmail.com,www.angiesnsb.com
Bronzher SKIN,3320 E. Mineral King Ave,Visalia,California,,(415) 350-8899,mlaspina9@yahoo.com,@bronzherbymarina (Instagram account)
Sultra Skin Studio,,El Dorado,Arkansas,,(870) 866-1881,sylv.nicole7@gmail.com,http://myps.io/book/sultra-skin-studio
Lakeside Healing Arts Boutique,820 E. Terra Cotta Ave. Unit 239,Crystal Lake,Illinois,,(815) 354-1652,selfcare222@yahoo.com,Www.HealingArtsBoutique.Org
B. Aesthetic Lounge,114 South Main Street Floor 2,Zelienople,Pennsylvania,,(724) 766-6565,hello@baestheticlounge.com,www.baestheticlounge.com
Black-Eyed Susan Salon,,Concord,California,,(301) 272-7595,catherinepmckenzie@gmail.com,https://blackeyedsusansalon.glossgenius.com/
Skin Witch Studio,831 Rock Creek Church Rd NW Unit A,Washington,District of Columbia,,(713) 492-7759,skinwitchstudio555@gmail.com,https://www.skinwitchstudio.com/
Be Your Own Beautiful,4225 Durham Rd,Ottsville,Pennsylvania,,(610) 737-6640,byobskin@gmail.com,byobskin.com
Esthetics by Haley,418 Louisiana Ave,Perrysburg,Ohio,,(419) 575-9805,estheticsbyhaleys@gmail.com,https://estheticsbyhaley.glossgenius.com/
The Skin Therapist Esthetics & Waxing,1123 South 1st Street,Union City,Tennessee,,(731) 571-6647,kcspencer83@gmail.com,https://theskintherapiststudio.glossgenius.com/
Rosie Cheeks LLC,317 Fremont Street,Kiel,Wisconsin,,(920) 894-2377,joslyn.rutten@gmail.com,https://rosiecheeksllc.glossgenius.com/
Ghols Beauty and Sugar Services,236 Mustang Trl 104,Virginia Beach,Virginia,,(757) 975-4999,gholsbeauty@gmail.com,www.gholsbeauty.com
Sun in Libra Esthetics,2609 Crooks Rd,Troy,Michigan,,(248) 420-2280,sara@suninlibraesthetics.com,Www.suninlibraesthetics.com
K K Beauty Bar,500 S. Depeyster St,Kent,Ohio,,(330) 671-3711,k.k.beauty330@gmail.com,KKBeautyBar330.Com
Glow by Jenna,16873 Pacific Coast Highway Located in Sugar Coated,Huntington Beach,California,,(714) 922-0907,jenna@glow-byjenna.com,HTTP://www.glow-byjenna.com
Arispa,26589 Boulder Crest Court,South Bend,Indiana,,(574) 453-8844,risa.arispa@gmail.com,https://arispa.glossgenius.com/
Timeless Beauty by Tonya,1113 High Street Suite #1,Auburn,California,,(530) 320-3051,tonyabsb@gmail.com,Tonyabsb.glossgenius.com
Lilly Rose Beauty,27851 BRADLEY RD SUITE 155,Menifee,California,,(951) 557-1335,lillyrosebeautyspa@gmail.com,https://lillyrosebeauty.glossgenius.com/portfolio
Sky Lo Vasco Esthetics,17260 Bear Valley Rd C106,Victorville,California,,(760) 220-5219,skylovasco@gmail.com,https://www.skyxesthetics.com/services
Face Envy Aesthetics,297 DANIEL WEBSTER HIGHWAY,MERRIMACK,New Hampshire,,(603) 321-9966,kaylafluet@yahoo.com,WWW.FACEENVYAESTHETICS.COM
Intimate Skin & Esthetics,5541 parliament Dr Ste 207,Virginia Beach,Virginia,,(757) 895-0162,intimateskinesthetics@gmail.com,Www.Intimateskinesthetics.com
Grand Amour Esthetics LLC,8440 W Lake Mead Blvd,Las Vegas,Nevada,,(702) 900-2875,le.grand.amour.esthetique@gmail.com,https://grandamouresthetics.glossgenius.com/
Solto Skin + Massage Studio,47 Center St 3rd FL Suite 1,Fairhaven,Massachusetts,,(508) 441-7231,hello@sol-to.com,https://www.sol-to.com
Dea Litsa Facial Spa,2817 N Broadway Suite 205,Chicago,Illinois,,(224) 504-1557,tanita@dea-litsa.com,dealitsa.glossgenius.com
MiBelle Esthetics,6080 N. Oracle Rd. Suite H,Tucson,Arizona,,(520) 268-4213,michelle@mibelleesthetics.com,www.mibelleesthetics.com
Luminosity SkinCare,"1000 Grand Canyon Pkwy, Unit 108",Hoffman Estates,Illinois,,(224) 518-7151,amreen.luminosity@gmail.com,https://pocketsuite.io/book/amreen-gafoor
Skincare By Beth LLC,,Orlando,Florida,,(646) 299-2256,bjorge01@yahoo.com,
Glow skin aesthetics,1400 Andrews pkwy apt 3134,Allen,Texas,,(469) 345-4259,glowskinbythali@gmail.com,https://glowskinasthetics.glossgenius.com/
TLC Skincare,100 N. Madison Avenue Suite B,Greenwood,Indiana,,(317) 407-1794,lori.tlcskincare@gmail.com,loricarlson.glossgenius.com
CherSpa,200 East Washington St,Minneola,Florida,,(407) 913-3383,cherspa@hotmail.com,Chergreen.glossgenius.com
Blue Velvet Spa & Boutique,2847 Denbigh Boulevard,Yorktown,Virginia,,(757) 890-9700,bluevelvetspa.boutique@gmail.com,bluevelvetva.com
Holistic Skin Hub,1313 Thompson Circle 882,DuPont,Washington,,(315) 227-2025,info@holisticskinhub.com,holisticskinhub.com
Beauty By Lilybug,20111 Route 19 Unit 304 Suite 18,Cranberry Township,Pennsylvania,,(412) 932-3460,beauty.by.lilybug@gmail.com,https://book.heygoldie.com/Beauty-by-Lilybug
Beauty Within Esthetics,720 N Main Street,Franklin,Kentucky,,(270) 776-0520,faithholidaymc@yahoo.com,http://www.vagaro.com/us04/beautywithinesthetics
Harmony Haven Holistic Studio,21 Harmon St,White Plains,New York,,(914) 316-0536,angelyfrancop@gmail.com,@urharmonyhaven
#FACE,925 W LAKE STREET,MINNEAPOLIS,Minnesota,,(612) 730-7253,facebytisse@lelasvl.com,FACEOFLELAS.COM
Beach Beauty by Kate,30290 Rancho Viejo Road Suite 210,San Juan Capistrano,California,,(949) 919-1894,kfitzpatrick777@outlook.com,www.beachbeautybykate.com
Lunar Esthetix LLC,609 East Main Suite 3,Endicott,New York,,(607) 301-0372,lunaresthetixllc@gmail.com,thelunaresthetixllc.glossgenius.com/
Beauty Lane Aesthetics,,Aurora,Colorado,,,beautylaneaesthetics@gmail.com,https://beautylaneaesthetics.glossgenius.com/
Beauty by Kristie,12107 West Center Road  Suite 210,Omaha,Nebraska,,(402) 981-8272,lashldy76@gmail.com,https://mysite.vagaro.com/beautybykristie1
Desert Salon Suites,78370 Hwy 111 suite 280,la quinta,California,,(760) 289-2463,heather.71089@yahoo.com,https://desert-salon-suites.square.site
Lux beauty spas,,Los Angeles,California,,,skinbykate68@gmail.com,https://skin-by-kate.square.site/
Pecas,,Scotia,New York,,(518) 986-5817,almonte2334@gmail.com,Pecas Aesthetics
Deluxe Esthetics,7580 Starkey Road Suite 31,Seminole,Florida,,(727) 228-3894,deluxeestheticsbydanielle@gmail.com,www.deluxeesthetics.com
Baum Beauty,102 w jefferson st,shorewood,Illinois,,(815) 546-3867,Skinskcare@gmail.com,Www.vagaro.com/trusalonandspa/booknow
Self and Care Skin Studio,4110 W Riverside Dr,Toluca Lake,California,,(818) 473-9090,info@selfandcare.com,https://www.selfandcare.com/
Jalan Facial Spa - Uptown,801 E 17th ave,Denver,Colorado,,(720) 476-5593,ar@jalanspa.com,Jalanspa.com
Spa 21,5552 s 108th street Side door upper,Hales Corners,Wisconsin,,(414) 313-2075,spa21tanya@gmail.com,Spa21.glossgenius.com
Adaptive Health Lifestyle Medspa,312 Marshall Avenue Suite 600,Laurel,Maryland,,(301) 368-4536,jean@adaptivehealthlifestyle.com,https://adaptivehealthlifestylellc.janeapp.com/
Moonlit beauty bar,208 E Franklin st suit 2,Bloomfield,Iowa,,(641) 208-5975,hayleemathews728@gmail.com,https://book.squareup.com/appointments/r4e573x74ka6kf/location/LY3XGJ9PTVTF9/services?fbclid=PAdGRjcAM_oFxleHRuA2FlbQIxMQABp1PYrXvK_er_0bOF4lPsBGvxOHWNXWymy-QkXyEC0gikwyW_ajOIQTUiXNSn_aem_Do5jquXRhd867SSPV3zbXA
Maggies Beauty Boutique,,La Mirada,California,,(714) 366-4524,skincarebymaggie3@gmail.com,https://maggie-madigan.square.site
Nova Skin Studio,315 Campbell Boulvard  Building 100 suite 8,Getzville,New York,,(716) 249-7788,esthetics.with.lindsay@gmail.com,Novaskinstudiony.com
Esthi Marie,1921 Kaliste Saloom Rd,Lafayette,Louisiana,,(949) 845-0277,esthimarie@gmail.com,Mysite.vagaro.com/esthimarie
Sacred Esthetics,2044 Broadwater Ave Ste. E,BILLINGS,Montana,,(406) 671-1917,kristie.markovich@gmail.com,
Azthetics by Amy,5130 Commons Drive #101 Suite 119,Rocklin,California,,(916) 300-6336,amyzunich@comcast.net,Azthetics by Amy has invited you to book your next appointment on their booking site. https://azthetics-by-amy.square.site
Pure Illumination Skincare,,White Bear Lake,Minnesota,,(612) 470-6920,taquin217@yahoo.com,https://www.pureilluminationskincare.com/
Wholistic Therapeutics Co.,150 E Pennsylvania Ave  Suite 530,Downingtown,Pennsylvania,,(484) 879-4046,amanda@wholistic-co.com,https://wholistic-co.com
Esthetics by Caroline,304 N Huntington Street Suite B,Syracuse,Indiana,,(260) 740-7078,ctweller19@gmail.com,Estheticsbycaroline.glossgenius.com
Skin by Kay,,Coram,New York,,(631) 336-3839,kayanasutherland@yahoo.com,https://skinbykayny.glossgenius.com/
Radiant Lumine,5320 Douglas Blvd,Granite Bay,California,,(916) 903-8022,letymason@gmail.com,https://radiantlumineletym.glossgenius.com/
Tranquil Touch Esthetics,"1002 15th St Port Royal, SC 29935",Beaufort,South Carolina,,(843) 476-1081,joyfulesti@yahoo.com,tranquiltouchesthetics.com
HoneyFace Esthetics LLC,94 Church Street,New Brunswick,New Jersey,,(609) 429-0156,honeyfaceesti@gmail.com,https://www.honeyfaceesthetics.com/
Refined Esthetics LLC,5105 Sunmore Cir  Suite A,Midland,Texas,,,refinedesti@gmail.com,https://briannabarboza.glossgenius.com/
Oracle Studios,334 Overlook Drive,Cross Junction,Virginia,,(304) 886-9922,oraclestudiosandtraining@gmail.com,oraclestudiosandtraining.com
Rewind Skin Spa,,Bessemer City,North Carolina,,(704) 773-1926,Rewindskinspa@gmail.com,
Rebirth Glow Inc,10401 College Blvd,Overland Park,Kansas,,(913) 326-9587,rebirthmakeup@gmail.com,https://www.vagaro.com/us04/rebirthglow
Botanical Esthetics,"1 overlook drive, unit b5",amherst,New Hampshire,,(603) 554-2034,botanicalestheticsnh@gmail.com,https://www.vagaro.com/pranabeautyandbeyond
"Hollaway Esthetics, LLC",1048 Bishop Lane,Montgomery City,Missouri,,(636) 235-1259,savannahhollawayesty@gmail.com,Savannahhollaway.glossgenius.com
BFF Beauty,103 W 8th  St,Benton,Kentucky,,(407) 473-9843,dylann.mandrell@gmail.com,www.vagaro.com/bffaesthetics
Havoc Beauty & Brows,,Andrews,Texas,,(210) 730-0819,havoc_beauty@yahoo.com,Havocbeauty.glossgenius.com
Lit from Within Aesthetics,3405 Kenyon Street Suite 108,San Diego,California,,(619) 393-3602,maria@litfromwithinsd.com,litfromwithinsd.com
Radiance by Mel,290 Blairs Ferry Rd NE,Cedar Rapids,Iowa,,(319) 310-8506,mel@radiancebymel.com,RadiancebyMel.glossgenius.com
Bloomed In Grace Esthetics,18216 Preston Rd,Dallas,Texas,,,bloomedingrace@outlook.com,Bloomedingrace.com
Allume MedSpa,1301 southpoint boulevard,Petaluma,California,,(707) 787-7095,info@allumemedspa.com,https://www.allumemedspa.com/?utm_source=google&utm_medium=organic&utm_campaign=gbp
Blue Ridge Spa,185 N Main Street  Suite F,Rutherfordton,North Carolina,,(828) 289-7183,blueridgespa@gmail.com,https://blueridgespanc.com/
Evermore Esthetics,127 Main Street SW,Gravette,Arkansas,,(479) 531-3301,evermoreesthetics@hotmail.com,Evermoreesthetics.glossgenius.com
Andrea G. Skin Care,5601 Edmond Ave. Suite E,Waco,Texas,,(254) 400-6695,andreaangelica777@gmail.com,pocketsuite.io/book/andrea-garcia-skin-care
Salt and Light Esthetics,229 Jackson St Suite 117,Anoka,Minnesota,,,saltandlightestheticsmn@gmail.com,https://saltandlightesthetics.square.site/
The Face Place,30 N 27th Street,Fort Dodge,Iowa,,(515) 206-3941,thefaceplace23@gmail.com,www.theface-place.com
Bare Aesthetics,2323 s 144th St Suite 24,Omaha,Nebraska,,(308) 440-3370,heatherrosenthal.le@gmail.com,https://heather-rosenthal.square.site
Peak Aesthetics,50 E Bridge St,Midvale,Idaho,,(208) 550-2252,peakaesthetics208@gmail.com,www.peakaesthetics208.com
Hayli Skin,,Mission Hills,California,,(747) 252-3516,lgabrielyan4@gmail.com,https://hyliskin.glossgenius.com/
A. Beauty,1509 Blatt blvd,Gahanna,Ohio,,(424) 432-5663,bratbug96@yahoo.com,www.abeauty-oh.com
Jackie's Skin Beautiful,"2310 E Oakland Ave., Suite 10",Bloomington,Illinois,,(217) 202-9175,jackiesskinbeautiful@gmail.com,www.jackiesskinbeautiful.com
The Rejuvenated Mama,3201 Bristol Hwy Suite 2,Johnson City,Tennessee,,(423) 262-8003,therejuvenatedmama@gmail.com,www.TheRejuvenatedMama.com
Peaceful Esthetics Spa,9947 Commerce Street,Summerville,Georgia,,(423) 488-6970,peacefulesthetics23@gmail.com,https://peacefulestheticsspa.glossgenius.com/
Letâ€™s Zone Out Therapeutics,903 Laurens Road Suite 1T,Greenville,South Carolina,,(864) 517-7039,letszoneouttherapeutics@gmail.com,Lzotherapeutics.glossgenius.com
Bloom Beautique Esthetics,461 Bielby Road,Lawenceburg,Indiana,,(317) 476-4346,bloombeautique9@gmail.com,
Cannon Beach Spa on Sunset,,cannon Beach,Oregon,,(503) 717-3448,cannonbeachspaonsunset@gmail.com,Www.cannonbeachspaonsunset.com
Radiant Glow by Sara,153 Park Ave,Amherst,Ohio,,(440) 310-4384,sarabottomlee1230@gmail.com,vagaro.com/radiantglowbysara
Oc.skin.studio,,Garden Grove,California,,(714) 980-1591,karencarapia16@icloud.com,https://www.circadiaretailer.com/dealer/847835
Dallas Skincare and Aesthetics,,Farmers Branch,Texas,,(469) 955-6268,almadiaz9@live.com,https://www.fresha.com/es/book-now/dallas-skincare-and-aesthetics-j64r3eqq/all-offer?share=true&pId=963312
Skin and Tonic by Gretchen Glezen,2671 Main Street,Whitney Point,New York,,(607) 760-4667,ggtrigirl@gmail.com,https://gretchenglezen.glossgenius.com/
"Esthetique, Darling LLC",310 N MITTHOEFER RD,INDIANAPOLIS,Indiana,,(317) 505-0005,hello@esthetiquedarling.com,EsthetiqueDarling.Com
Skinn Cave,212 W. 2nd Ave  Suite F,Gastonia,North Carolina,,(704) 941-6999,crowningdivas@gmail.com,skinncave.com
Heal Facial Spa,1450 Gardiner Lane Suite G,Louisville,Kentucky,,(502) 387-9303,heallouisville@gmail.com,www.facialslouisville.com
Sacred Beauty Alchemy,1901 4th Ave Suite 100,San Diego,California,,(619) 207-7902,trinitymindbody@gmail.com,Https://www.vagaro.com/sacredbeautyalchemy
Breathe Easy Esthetics,411 Tenth St SE Ste 102,Madison,South Dakota,,(605) 838-6471,breatheeasyesthetics1@gmail.com,breatheeasy.glossgenius.com
Cypress & Sage,2194 Jimmie Buffett Mem Hwy Suite 208,Indian Harbour Beach,Florida,,(321) 900-1022,info@cypressandsagespa.com,Https://Cypressandsagespa.com
Andersen Esthetics,853 Brighton Rd,Tonawanda,New York,,(716) 353-1945,samanthanicoleskincare@gmail.com,Andersenesthetics.glossgenius.com /  andersenesthetics.com
The Body Sculpting Boutique,36 midvale rd,Mountain lakes,New Jersey,,(973) 917-9192,bodysculptbabe@gmail.com,https://mysite.vagaro.com/thebodysculptingboutique
Book Sothana,9303 Baymeadows Road #105 Suite 120,Jacksonville,Florida,,(904) 597-0867,contact@booksothana.com,www.booksothana.com
Wax To Beauty Aesthetics,82 Bradley Road Suite 1,Madison,Connecticut,,(203) 871-1418,waxtobeautyaesthetics@gmail.com,www.waxtobeautyaesthetics.com
Faith & Beauty Co.,,Brooklyn,New York,,(516) 512-9736,rosy@faithandbeautyco.com,rosannaandrade.glossgenius.com/
Radiant Brows and Beauty,"2822 Teachey Pl.,",Apex,North Carolina,,(919) 629-4006,radiantbeautyapex@gmail.com,https://radiant-brows-beauty.square.site/
Onyx Aesthetics,7400 Montgomery Blvd. NE  Suite 34,Albuquerque,New Mexico,,(505) 585-3662,onyxaestheticsabq@gmail.com,https://gcappado.wixsite.com/onyx-aesthetics
Radiance Skin Spa,2012 S Main Street Suite 508,Wake Forest,North Carolina,,(919) 414-2067,anunneryrn@gmail.com,https://radiancespa.glossgenius.com/
Sonder Skin Aesthetics,"12160 W Sunrise Blvd, suite 222",Plantation,Florida,,(954) 647-7710,sonderskinaesthetics@yahoo.com,https://sonderskinaesthetics.glossgenius.com/
Fabulous You Makeup & Esthetics by Jessica,1507 Broadway St.,Vancouver,Washington,,(360) 947-7263,jessica@fabulousyoumakeup.com,fabulousyoumakeup.com
Heartful Beauty LLC,2055 N Mount Juliet Rd Suite 204,Mount Juliet,Tennessee,,(615) 474-6534,heartfulbeautyllc@gmail.com,https://linktr.ee/heartfulbeautyllc
Skin Everlasting by Michelle,22 Maple Lane,Madisonville,Kentucky,,(270) 836-8226,michelle.lea.mitchell19@gmail.com,https://www.facebook.com/share/1HDJ8aHjCa/?mibextid=wwXIfr
EDEN MEDSPA,10614 PROVIDENCE RD STE #3,CHARLOTTE,North Carolina,,(980) 272-1713,ngoriaku73@gmail.com,https://mdwareonline.com/edenmedspa/auth/sign-in
Carter Kayte Spa Atelier,3941 Market Street #B,Wilmington,North Carolina,,(910) 622-8548,info@carterkayte.com,https://www.vagaro.com/carterkayte    |   www.carterkayte.com
Body by Tracy,,Chatsworth,California,,(818) 200-1121,info@bodybytracy.com,www.bodybytracy.com
"Brandy Watkins Beauty, LLC",N80W14954 Appleton Ave. Studio 12,Menomonee Falls,Wisconsin,,(262) 955-4566,info@brandywatkinsbeauty.com,https://www.vagaro.com/brandywatkinsbeauty
Beauty By Kaleb LLC,4781 Belpar St Nw,Canton,Ohio,,(234) 458-4995,beautybykaleb@icloud.com,https://beautybykaleb.glossgenius.com/
Beauty Skin,68487 E Palm Canyon Dr suite 57,Cathedral,California,,(760) 668-9535,beautyskinbycarmen@icloud.com,https://beauty-skin.care/
Skin Ritual Esthetics,421 E Main Street,Clayton,North Carolina,,(252) 676-2034,skinritualesthetics23@gmail.com,https://skinritualesthetics.glossgenius.com/
Blissful Retreat,,Loretto,Tennessee,,(931) 903-6238,joycedavenport@live.com,www.blissfulretreatmassage.com
Angela Boults @Escape Salon & Skin Studio,215 7th St,Eureka,California,,(707) 601-1979,aboults30@gmail.com,angelaboults.glossgenius.com
The Village Browery,5762 Main Street,Williamsville,New York,,(716) 444-3714,thevillagebrowerymgmt@gmail.com,
Bella Felice,1398 East Oregon Road Suite E,Leola,Pennsylvania,,(717) 679-4880,ginamariedg@gmail.com,bellafelice.com
minerva skin essentials,230 E Foothill Blvd d,Arcadia,California,,(626) 633-7292,dayanayouresthetician@gmail.com,www.Minervaskinessentials.com
"Kera Evans, LMT, LE",,Iowa City,Iowa,,(319) 530-5840,kewellness24@gmail.com,massagebook.com/biz/keraevanslmt
Skin Techniques,210 4th Street Suite A,Petaluma,California,,(707) 321-6088,skintechniquesestie@yahoo.com,https://lisacarlon.glossgenius.com/
Voulez,16 S Forklanding Rd,Maple Shade,New Jersey,,(856) 291-1200,nadiavoulez@gmail.com,https://www.vagaro.com/voulez
The Skin Serenity,1832 Harmon Ave,Winter park,Florida,,(305) 878-3660,asilaljamal@hotmail.com,
Aesthetic Solutions,2500 E Main  Suite C,Nacogdoches,Texas,,(833) 987-6142,ditzydamelashes@gmail.com,https://pocketsuite.io/link/courtneyhanzel
Flawless Beauty Spa,714 S Main St,Aberdeen,South Dakota,,(605) 380-7782,onahughes@gmail.com,https://www.vagaro.com/flawlessbeautyspa1
Interlude Wellness,573 Cando Expressway,Hazle Township,Pennsylvania,,(570) 582-9388,hello@interlude-wellness.com,https://linktr.ee/interlude.wellness
Facescape Studio,2354 Surfside Blvd,Cape Coral,Florida,,(239) 214-1281,anitacelysalavarria@gmail.com,https://www.facescapestudio.com/
CHAKRA ESTHETICS,73200 El Paseo Ste 2A,Palm Desert,California,,(760) 537-1211,angela@chakraesthetics.com,www.chakraesthetics.com
Baphomet Studio,"1200 Marlton Pike E Barclay Towers, Unit 1",Cherry Hill,New Jersey,,(856) 666-8138,baphometstudio@gmail.com,Baphometstudio.com
Backstage Beauty Studio,"204 East McGalliard Rd, STE B",Muncie,Indiana,,(765) 587-2816,halliegick@backstagebeautystudio.com,Vagaro.com/backstagebeautystudio
Glow Esthetics by Rachel,,Joplin,Missouri,,(417) 434-6964,rtullis87@live.com,https://glowestheticsbyrachel.glossgenius.com/
Belle's Beauty Bar,302 S Tennessee St,Mckinney,Texas,,(313) 900-7086,bbellesbeautybar@gmail.com,https://www.bellesbeautybar.spa
Lajade Faces,,Miami Gardens,Florida,,(305) 469-6004,lajadefacesllc@gmail.com,
Bueno Beauty Bar,127 West Victoria Street,Carson,California,,(310) 613-0884,buenobeautybar@gmail.com,theresabueno.glossgenius.com
Flora May Esthetics,"6760 Woodland Boulevard, Unit A",Hickman,Nebraska,,(402) 416-4105,sashanobbs@gmail.com,https://www.vagaro.com/floramayesthetics
Studio Seventeen PC,2 Jungle Hut Rd Suite 1,Palm Coast,Florida,,(386) 243-3997,hello@studioseventeenpc.com,https://studioseventeenpc.com/
Envy salon,1604 S Euclid suite A,Bay City,Michigan,,(989) 529-3749,krystaschmidt@yahoo.com,https://envyskandg.glossgenius.com/
Esthetics by Aubrie,403 W 1st Ave Suite 4,Albany,Oregon,,'+1 541 730 4966,esto.aubrie@gmail.com,https://estheticsbyaubrie.square.site/
Luella Esthetics,1611 12TH AVE RD  Suite A,NAMPA,Idaho,,(208) 671-4251,luellasteen@gmail.com,Luellaesthetics.glossgenius.com
ElenaGW Skin Studio,3409 Clark Avenue,Raleigh,North Carolina,,(919) 219-8808,elenagwskinstudio@gmail.com,www.elenagwskinstudio.com
Moonphase Esthetic,19056 Gulf Fwy Suite 36,Friendswood,Texas,,(713) 476-1130,sarahifernandez1994@yahoo.com,moonphaseesthetic.glossgenius.com
Oasis Skin Studio,26711 Woodward Ave Suite 309A,Huntington Woods,Michigan,,(246) 629-0362,katie@oasisskinstudio.com,www.oasisskinstudio.com
"Skinfluential, LLC",,West Linn,Oregon,,(503) 701-9080,heidij001@aol.com,https://www.fresha.com/a/skinfluential-llc-west-linn-4270-imperial-drive-xjnzu55g?fbclid=IwY2xjawNKxFVleHRuA2FlbQIxMABicmlkETE4Unh0Vkl6UWJEN0FibWtTAR6VG2cgcDsbHuKzumlFZAbv3QKwHT9Dq66C78FsUNbK24upsKq71wU2HmHDLw_aem_topsFBhljpQKHqRBsEqUhw
Skin Craft Facial Lounge,,orlando,Florida,,(407) 607-6596,angiesbeautybarorlando@gmail.com,skincraftfl.com
Urban Glo Aesthetics,153 E. Clark Ave Suite 102,Santa Maria,California,,(805) 406-2042,urbangloaesthetics@gmail.com,www.urbangloaesthetics.com
Sublime Skin,2400 Glenna Goodacre Suite 106c,Lubbock,Texas,,(575) 408-2140,sublime.skin.lbk@gmail.com,https://linktr.ee/lubbock.esthetician
Luminous Lashes Brow & Beauty,5207 26th st w Unit 104,Bradenton,Florida,,(941) 418-5900,phintonxox@gmail.com,Luminouslashesxox.glossgenius.com
BrowoloJy,5441 Baltimore National Pike 18,Baltimore,Maryland,,(443) 380-0491,masterbrowolojist@browolojy.com,www.browolojy.com
The Skin Zen Aesthetic Lounge,23541 Westheimer Pkwy  Suite 202 Room 23,Katy,Texas,,(281) 851-1609,theskinzengirl@gmail.com,www.skinzenlounge.com
Reflecting Beauty,,Florissant,Missouri,,,lashyras@yahoo.com,https://pocketsuite.io/link/lashyra
NLoveEsthetics by Nancy,500 E Round Grove Rd #301,Lewisville,Texas,,(972) 853-1408,nanybella88@yahoo.com,NLoveEsthetics.glossgenius.com
Caleigh Ann Esthetics,7204 Massachusetts Ave,New Port Richey,Florida,,(727) 244-7454,caleighannestheticsco@gmail.com,https://caleighannestheticsco.glossgenius.com/
Redoma Esthetics,,Springfield,Massachusetts,,,Redomaesthetics@gmail.com,
Skinvestment.Xo,1007 Mumma Rd #200,Wormleysburg,Pennsylvania,,(717) 775-8100,snguyen637@yahoo.com,https://app.acuityscheduling.com/schedule.php?owner=18564266&appointmentType=category:Esthetics%20-%20Sophia%20%28Skinvestment%29
Heavenly Skin,110 S Main St.,Atkinson,Nebraska,,(402) 336-7479,bmbauer3@hotmail.com,https://heavenly-skin-102942.square.site/?fbclid=IwVERDUAM-0DxleHRuA2FlbQIxMAABHgc7LaCsCa4FAgmjSljVazMSJN2iyTRIr1Lyn0kbj5p9aKE8mW_PaHlMeobO_aem_j3C6HeC73D3A3rhfuS_sWQ
Z. LaurÃ©n Aesthetics,929 Brawley School Road Suite 2900,Mooresville,North Carolina,,(704) 255-4447,laura@zlauren.com,https://www.vagaro.com/zlaurenesthetics
Taylered Esthetics,,Spanaway,Washington,,(801) 755-2462,tayleredesthetics@gmail.com,https://book.squareup.com/appointments/60xbehqlb5z84x/location/LCT3P0EXGS6A4/services
Gaz Esthetics,909 Broadway Ave Suite #10,Yankton,South Dakota,,(605) 660-3820,optimisticvybes@gmail.com,https://www.vagaro.com/us04/yanktonmassageskincareclinic
Dermalash Skin Studio,203 Main Street,Luzerne,Pennsylvania,,(570) 578-7635,dermalashskin@gmail.com,https://www.vagaro.com/dermalashskinstudio
Ageless Medicine,400 Plaza Drive Suite C,Vestal,New York,,(607) 239-4337,tali1777@aol.com,Www.AgelessMedicineMD.com
Juniper Mae Beauty,550 Latona Rd Ste 308,Rochester,New York,,(585) 270-1276,junipermaebeauty@gmail.com,Junipermaebeautyrochester.com
Urban SKN,900 SW Pine Island suite 209 unit 5A,Cape Coral,Florida,,(239) 471-6782,urbanskncare@gmail.com,www.urbanskn.com
Amity Skin and Beauty,855 Bloomfield Ave,Glen Ridge,New Jersey,,,amityskinandbeauty@gmail.com,amityskinandbeauty.glossgenius.com
Saguaro Blossom Beauty,8230 E Broadway Blvd ste E9A,Tucson,Arizona,,(520) 891-6364,Gaga4aesthetics@gmail.com,Saguaroblossombeauty.glossgenius.com
Robin's Essential Skin Care,5 Franklin Street,Concord,New Hampshire,,(603) 753-8661,rcfaretra@comcast.net,
Lumifi Aesthetics,"4404 N Alcott St, Suite A",Denver,Colorado,,(720) 722-8464,info@lumifiaesthetics.com,https://lumifiaesthetics.com
Enhanced Beauty Studio,10717 Virginia Plaza,La Vista,Nebraska,,(402) 504-8545,enhancedbs@outlook.com,https://enhancedbs.glossgenius.com/
The Wax Specialists,150 Beech Street,Manchester,New Hampshire,,(603) 486-8189,thewaxspecialists@gmail.com,www.shopwaxspecialists.com
NAKED Beauty Bar,1470 W. Gurley St.,Prescott,Arizona,,(928) 300-6663,simplyjessicaparker@yahoo.com,Nakedbeautybaraz.glossgenius.com
Body Language Aesthetics,295 East Center st,Manchester,Connecticut,,(860) 783-4378,bodylanguagespact@yahoo.com,https://body-language-aesthetics.square.site/
Pretty Parkway LLC,5454 Surrey Path Suite 207,Frisco,Texas,,(972) 369-4474,PrettyParkway@gmail.com,www.prettyparkway.com
CITYSKIN,3964 Goodman Road E -122 Suite 107,Southaven,Mississippi,,(702) 807-1082,crystalthomas92@gmail.com,Cityskin.glossgenius.com
Glow Skincare Studio. LLC,,Rocky Face,Georgia,,(423) 834-6788,myra.adams82@gmail.com,www.glow-skincarestudio.com
The BeYouty Hive,1253 Terrazo Way,Clovis,California,,(559) 545-7000,thebeyoutyhive@gmail.com,https://thebeyoutyhive.glossgenius.com/
Four Hearts Aesthetics,900 N  Austin Ave suite 313 #8,Georgetown,Texas,,(323) 378-9061,fourhearts.skincare@gmail.com,maryannkaeser.glossgenius.com
219 Aesthetics,1104 west sunflower road,Cleveland,Mississippi,,(662) 801-0254,mellskyeisha@gmail.com,219aesthetics.as.me
Spellbound Skincare,"10992 Allisonville Office Dr,  Suite 204",Fishers,Indiana,,'+1 317 426 6361,spellboundskincareindy@gmail.com,https://patriciamercury.glossgenius.com/
Good Skinfluenc3,,New Rochelle,New York,,(914) 355-0230,elizabeth.skokos@gmail.com,
Laysita Beauty & Aesthetics,,miami,Florida,,(305) 775-3707,laysita.hernandez@gmail.com,
Tu Es Belle Skin Care & Salon,120 E. New York Ave.  Suite E.,Deland,Florida,,(386) 295-7997,tuesbelleskincare@gmail.com,
SkinLove Esthetic Studio,,PORTLAND,Oregon,,(917) 626-6443,allisong.esthetics@gmail.com,www.vagaro.com/skinlovepdx
Haven Noire,231 Ruby Ave Suite E,Kissimmee,Florida,,(321) 900-1144,info@havennoire.com,www.HavenNoire.com
The Brow Hale,65-1235 A Opelo Rd.  Suite 2,Kamuela,Hawaii,,,thebrowhale@gmail.com,https://thebrowhale.com/booking
Salt + Light Salon and Spa,110 N 15th St,Vincennes,Indiana,,(812) 887-2948,heathermcguyer@yahoo.com,https://www.saltlightsalonandspa.com/
"A Better You Esthetics, LLC",,Gainesville,Virginia,,(571) 212-0544,abetteryouesthetics@gmail.com,https://www.abetteryouesthetics.com
Skinfluence Beauty,8448 crossland loop suite 144,Montgomery,Alabama,,(334) 451-9247,paytoningram12@yahoo.com,Skinfluencebeauty.com
Holistic Skin Lab,26310 Oak Ridge Dr. Suite 11 Suite 11,SPRING,Texas,,(281) 203-7656,holisticskinlabb@gmail.com,www.holisticskinlab.com
More Than A Pretty Face Skincare,770 Old Roswell Place F500,Roswell,Georgia,,(855) 773-8896,barbara@skincarerockspro.com,http://skincarerockspro.com
Radiance by Megan,6231 Pacifc ave. #5,Stockton,California,,(209) 636-9533,megan@radiancebymegan.com,Www.radiancebymegan.com
Esthi Claire,2611 SW 17th ST.,Topeka,Kansas,,(785) 639-7775,esthiclaire@gmail.com,Esthiclaire.glossgenius.com
Sonder Aesthetics,895A Country Club Road  Suite 200,Eugene,Oregon,,(541) 357-9197,rachel@sonderaesthetics.biz,http://sonderaesthetics.biz
Atmosphere the Salon and Beyond,1221 23rd Street Atmosphere the Salon-Jennifer A,Galveston,Texas,,(409) 771-1221,jenniferdaleman@gmail.com,AtmosphereTheSalon.com
Beauty in Any Shade,"6107 S. Dixie Hwy, STE 2",West Palm Beach,Florida,,(561) 933-9123,marshatoigb@gmail.com,www.beautyinanyshade.com
LOVE YOUR SKIN BY JOSEPHINE,60 Commack Rd,Commack,New York,,(631) 834-2117,josephinesumwalt@gmail.com,
Glam by Steph Baez,923 N Magnolia Avenue suite 1400-1500,Ocala,Florida,,(352) 203-0435,stephaniebaezdiaz@gmail.com,https://jbsbyjirehboutiquesalon.glossgenius.com
Royal Grace Aesthetics,7832 E Chauncey St,Tucson,Arizona,,(520) 591-9722,kelsyroberts23@gmail.com,https://l.instagram.com/?u=https%3A%2F%2Fkelseyclark1.glossgenius.com%2F%3Ffbclid%3DPAZXh0bgNhZW0CMTEAAafuJfAwHXFwAfB3tdB18YMN-X7CkdkUOvgwPfZeAoXTY_C9FGxE9lR0_IVhGg_aem_hQ2Zhue1ZDyGTdHGlZnbAA&e=AT0Jsm1V88wAGfaQ7E7Eu9GTAILW2nli8mSOHs37AFWjCLcV6SMZz63KIJkqkzUR5w77mE2u-zl_PlMI-fq8-R7EdCALZDITe2uDbt_WMWVWAtota2BfmTtIdw
House of Pearls Aesthetics LLC,101 S Rainbow Blvd Suite 21,Las Vegas,Nevada,,(702) 493-1360,aguilarperla2019@gmail.com,https://houseofpearlsaesthetics.glossgenius.com
Megâ€™s Skin Studio,108 N 3rd St,Altamont,Illinois,,(217) 240-5635,melizabeth92120@gmail.com,https://theskinrefinery.net/
SkinByB,1501 State Street,New Albany,Indiana,,(812) 557-9106,bonniedixon62@gmail.com,https://skinbyb-103632.square.site/
CITRINE ESTHETICS & BEAUTY CO.,2161 HAWKINS ST. 1904 LINEA APT,CHARLOTTE,North Carolina,,(980) 987-1012,citrineestheticsbeautyco@gmail.com,
Be Bare Skin & Body Care,110 S Rum River Dr,Princeton,Minnesota,,,bebareskinandbodycare@gmail.com,https://bebareskinandbodycare.glossgenius.com/
Esthetics by Jessica,76 Northeastern Blvd Unit 25B,Nashua,New Hampshire,,(603) 321-7058,estheticsbyjessicanh@gmail.com,https://www.vagaro.com/estheticsbyjessicanh
Allure Beauty Studios,14901 Tomball pkwy Ste 116,Houston,Texas,,(346) 247-9687,allurebeautystudios232@gmail.com,https://allure-beauty-studios.square.site/
Luminous Skin Maui,,Kihei,Hawaii,,(808) 793-9074,maijasalma@gmail.com,Luminousskinmaui.com
The Skin Bar,112 E Broadway st,Pink Hill,North Carolina,,(252) 521-6640,hannaregister04@gmail.com,https://hannaregister.glossgenius.com/
Me Time and Beyond,275 NJ-4 W. Suite 120 Paramus,New,New Jersey,,(201) 745-9646,metimeandbeyond@gmail.com,http://metimeandbeyond.glossgenius.com
DivineTouch Esthetics,,Bayonne,New Jersey,,(551) 214-4888,jalpa@divinetouchesthetics.com,Www.divinetouchesthetics.com
L Beauty,1330 Upper Front St,Binghamton,New York,,,loveyleana@gmail.com,
Elevate Beauty Studio,"850 Elm Grove Rd, Unit 11",Elm Grove,Wisconsin,,(414) 454-9643,elevatebeautystudio@gmail.com,https://elevatebeautystudio.glossgenius.com/
Este Ageless Esthetics,"1665 Kalakaua Avenue, #105 c/o Ten43Studio",Honolulu,Hawaii,,(808) 371-4045,esteageless@gmail.com,esteageless.com
Introspect Wellness,19 West St,Keene,New Hampshire,,(603) 338-6065,staff@introspect-wellness.com,https://introspect-wellness.com
Robinâ€™s Esthetique,5755 Oberlin Dr. #216,San Diego,California,,(858) 481-7366,robinsskincare@gmail.com,
Luxe Artistry LLC,1851 E Market St,Warren,Ohio,,(440) 994-4150,mmstockmaster@gmail.com,luxeartistry.glossgenius.com
Leyva SKN,,Bastrop,Texas,,(512) 409-1262,leyvaskinxbeauty@gmail.com,https://leyvaskn.glossgenius.com/
Simply Skin Studio,620 RTE 291,Lees Summit,Missouri,,(816) 214-3865,3logesgirls@gmail.com,
WAX & BEES,19734 Katy Fwy B,Houston,Texas,,(346) 538-9929,support@waxandbees.com,www.waxandbees.com
Chrome skin and beauty,7310 w mcnab road  #204,Tamarac,Florida,,,briannavictoria114@gmail.com,https://chromeskin.glossgenius.com/
Be You Tiful Esthetics,121 S Broadway,Marlow,Oklahoma,,(580) 721-9662,sydneymalone321@gmail.com,Be. YOU. Tiful Esthetics has invited you to book your next appointment on their booking site. https://be-you-tiful-esthetics.square.site
Salty Pedicure,The Salty Pedicure HSV  121 Desoto Center Lane Space C,Hot Spring Village,Arkansas,,'+1 817 422 3641,bdouglas56@att.net,
Irie Glow & Wellness,215 Main Street,Vincennes,Indiana,,(812) 779-6150,irieglow.wellness@gmail.com,Facebook
Itâ€™s Jewels,7581 W Lake Mead Blvd 130,Las Vegas,Nevada,,(702) 682-2241,judithannolson@yahoo.com,https://itsjewels.glossgenius.com
My Blissful Escape,,Granger,Indiana,,(574) 607-7140,contact.myblissfulescape@gmail.com,www.myblissfulescape.com
Verve Skin LLC,9943 Cooper Dr Suite 101,Warrior,Alabama,,(205) 859-9530,hannah.faile22@gmail.com,www.vervelashandskin.com
Bare Effect Aesthetics,7375 W. Bell Rd.  Suite 110,Peoria,Arizona,,,bareeffectaesthetics@proton.me,bareeffectaesthetics.glossgenius.com
Lush Health,5165 Northland Dr NE,GRAND RAPIDS,Michigan,,(843) 990-1965,info@lush.health,www.Lush-Health.com
Facials by Deborah Hemli,1624 Woodruff Rd Suite 8,Greenville,South Carolina,,(864) 201-3133,deb.hemli@gmail.com,
Bare Beauty Lounge,1900 Locust Ave,Fairmont,West Virginia,,(681) 404-2320,claremaeconnor@gmail.com,Bare-beauty-lounge.square.site
Lush & Lavish Spa,30 Hempstead ave suite C,rockville centre,New York,,(516) 661-6808,irbyc@icloud.com,www.lelmtspa.com
Immaculate Complexion,1578 E Bloomingdale Ave,Brandon,Florida,,(813) 546-2154,angela@icyourskin.com,Www.icyourskin.com
The Firm Aesthetics,2731 Marmont Drive,Bluefield,West Virginia,,(276) 970-1160,theskinfirm22@yahoo.com,the-skin-firm.square.site
Skin By HJ,4250 E Broadway  Suite 1043,Columbia,Missouri,,(573) 228-0721,Skin.by.hj@gmail.com,https://skin-by-hj-108331.square.site
Timeless Glow by Tonya,,Panama City,Florida,,(336) 312-1336,TimelessGlow_byTonya@yahoo.com,
Kellyâ€™s Beauty Bar,2475 military road,Niagara Falls,New York,,(716) 807-8100,kellysuebeauty@gmail.com,https://kellys-beauty-bar.square.site
Beauty Care Esthetics LLC,497 Broadway St,Everett,Massachusetts,,(857) 930-3121,beautycareboston@gmail.com,www.beautycareboston.com
Maitri Space with Jomi,,Ruskin,Florida,,(813) 461-0287,jomiridejesus@icloud.com,https://maitrispace.glossgenius.com/
Oceanfront Esthetics,505 21st Street,Virginia Beach,Virginia,,(757) 278-2754,oceanfrontesthetics@gmail.com,www.oceanfrontesthetics.com
Dark Venom Beauty,440 CBL Dr  #26,St Augustine,Florida,,(904) 881-8895,laurendlook@yahoo.com,www.darkvenombeauty.com
Restore You Esthetics & Foot Zoning,,Tooele,Utah,,(435) 279-3232,kraft.katie17@gmail.com,katie-kraft.square.site
No Shade Esthetics,,Sheridan,Indiana,,(317) 605-6995,kremsen901@gmail.com,
DG Beauty Pro Studio,1504 N Causeway Blvd.,Metairie,Louisiana,,(504) 345-7038,beauty.pro.danielle@gmail.com,dgprostudio.glossgenius.com
Evolution Body Transformation,1574 W Broadway  Suite 105,Monona,Wisconsin,,(608) 274-2225,info@evolutionmadison.com,https://evolutionmadison.com/
Healuxe Skin Therapy,10358 U.S. 42 #220,Union,Kentucky,,(859) 300-3659,beauty.valerierose@gmail.com,https://www.bombshellstudioandsalon.com/facial-services
Yayâ€™s Luxury Wellness,2365 W Frontview Rd Suite B,Dodge city,Kansas,,(620) 253-4696,yay.cifres@ylwellness.life,www.ylwellness.life
Zest Esthetics by Olena,1333 Buck rd suite 6,Feasterville,Pennsylvania,,(215) 904-2658,deyneha.o@gmail.com,https://www.zest-esthetics.com
Skin Haus,,Punta Gorda,Florida,,,SkinHausSH@gmail.com,SkinHausStudio.com
Retrograde Skin,975 Baltimore Pike Suite 20B,Glen Mills,Pennsylvania,,(484) 402-7102,kelly@retrogradeskin.com,https://www.retrogradeskin.com/
Meraki skin solutions,11404 Long Beach blvd,Lynwood,California,,(310) 930-4396,merakiskinsolutions@yahoo.com,https://www.merakiskinsolutions.com/
Beauty & Balance,"918 West Main Street,",Collinsville,Oklahoma,,(918) 268-5868,mvanbeber23@hotmail.com,https://beautybalance918.glossgenius.com/
Summer Lynn Aesthetics,806 North Street Suite 1,Binghamton,New York,,(607) 205-9020,Slynnaesthetics@gmail.com,Summerlynn.glossgenius.com
Holly Farr,,Sparta,Michigan,,(616) 430-8690,hollyfarr0207@yahoo.com,Hollyfarr.glossgenius.com
Origen Salon,430 PENN AVENUE,WEST READING,Pennsylvania,,(610) 927-6761,hello.origensalon@gmail.com,origensalon.com
KISSYOURFACEBEAUTY,914 North McMullen Booth Rd.,Clearwater,Florida,,(734) 308-2087,daisyluvingu@gmail.com,
Vivacious Beauty Lounge,9444 magnolia Ave,RIVERSIDE,California,,(951) 640-8840,Vivaciousbeautylounge@gmail.com,https://popl.co/card/Qkh7FxMY/2/s
Luminous Skin Lounge,123 S. Main Street Suite A,Conroe,Texas,,(844) 721-5634,jules@luminousskinlounge.com,https://pocketsuite.io/book/luminous-skin-lounge
Bee You Spa LLC,1550 28th St Sw,Wyoming,Michigan,,,aadandrea095@gmail.com,
Marigold Skincare,324 West Foothil Blvd,Monrovia,California,,(626) 838-2089,marisa@marigoldskincare.net,https://www.marigoldskincare.net
LadyLis Elysian Wellness Spa,,Lakeland,Florida,,(402) 405-3684,lisglez8811@gmail.com,https://squareup.com/appointments/book/LV5NBZEFSR3GR
The Serenity Barn,,Rising Fawn,Georgia,,,desireerumley@gmail.com,desireerumley.glossgenius.com
C.H.I.C Aesthetics Laser & Skin,5596 Davis Blvd Suite 200,North Richland Hills,Texas,,(817) 968-6717,xyrene_iceffex@yahoo.com,https://chic.myaestheticrecord.com/online-booking
Bella Christine's Spa,1478 Rt. 46 N Building C,Jefferson,Ohio,,(440) 855-9413,bellawillis40@gmail.com,bellawillis.glossgenius.com
Refreshed Skin Studio,3181 Poplar ave  Suite 305,Memphis,Tennessee,,(901) 604-2900,refreshedskinstudio@gmail.com,https://christinawle.com/?__v=12.713.0
Glowing Esthetics,160 Tahoe Dr,Pooler,Georgia,,(912) 401-7888,ulmersydnee@gmail.com,glowingestheticllc.com
Enchanted Skin and Ink,36 Bombardier Rd,Milton,Vermont,,(802) 391-9175,enchantedskinandink@gmail.com,https://www.vagaro.com/enchantedskinandink
Skinovation Esthetics LLC,2323 s. 144th street suite 8,Omaha,Nebraska,,(402) 290-3114,holly@skinovationesthetics.com,https://skinovationesthetics.glossgenius.com/
Sculpted By Kristen,5843 NE Halsey Street,Portland,Oregon,,(801) 857-4515,kristenfranke100@gmail.com,s://www.vagaro.com/statementson59th
Skin Revive Studio,,Hopewell Junction,New York,,,skinrevivestudiony@gmail.com,
AmariGlow Beauty and wellness,,Jackson,Tennessee,,(731) 222-7777,amariglowbeauty@gmail.com,www.amariglowbeauty.com
Canvas Esthetic,2239-A Tacketts Mill Dr,Woodbridge,Virginia,,(703) 725-3880,didomenico20@gmail.com,https://canvasesthetic.glossgenius.com/
Koquina Sand Spa,12931 Malachite Dr,Bradenton,Florida,,(941) 334-7863,pattisisk@yahoo.com,
"Wonderfully Made Esthetics with Shanna, LLC",107 SW 7th Ave,Mineral Wells,Texas,,(940) 445-7451,shanna@wonderfullymadeesthetics.com,shanna.glossgenius.com
Nicole Tina Skincare,5360 Merrick Road Suite 2,Massapequa,New York,,(201) 749-3366,nicoletinaskincare@yahoo.com,NicoleTinaSkincare.com
Sage & Skin Esthetics,,Sicklerville,New Jersey,,,mariahtheestie@gmail.com,
House Of Falsies LLC,10 Forest Park Drive 2nd Floor,Farmington,Connecticut,,(860) 259-4485,megan.berube27@gmail.com,https://www.houseoffalsiesllc.com/
Skylar Ashley Aesthetics,133 Fountain View Dr.,Leitchfield,Kentucky,,(877) 556-8201,elevateestheticsspa@gmail.com,https://skylarashleyaesthetics.square.site/
Nurture with LLA,,Houston,Texas,,(713) 444-0119,nurturewithlla@gmail.com,https://book.squareup.com/appointments/ftldxiqf7p0god/location/LF2DKX9VFYZ1K/services?fbclid=PAVERFWAOZhadleHRuA2FlbQIxMABzcnRjBmFwcF9pZA8xMjQwMjQ1NzQyODc0MTQAAadGGrV7_2mMqtX3d144GscJoN3jXqzub9Q77dyzR7cFFLbHeb7mW4SNWkMy_Q_aem_hfDbkPn9vf-n7l0njyj8gQ
Geaux Pretty Esthetics Lab,,Montgomery,Alabama,,(334) 782-8399,info@geauxprettyesthetics.com,geauxpretty.glossgenius.com
Then & Now Aesthetics,2834 Town Center Blvd,Crestview Hills,Kentucky,,(859) 938-3946,thenandnowaesthetics@gmail.com,thenandnowaesthetics.glossgenius.com
Bella Bodyworks Massage Therapy Aesthetics PLLC,,Hauppauge,New York,,(516) 769-8323,Bella4bodyworks@gmail.com,https://qr.link/ALSIQv
Lumiaura beauty,752 e brookhaven cir ste 210,Memphis,Tennessee,,(901) 612-8516,lumiaurabeauty@gmail.com,http://lumiaurabeauty.glossgenius.com/
Aesthetics by Alex Kay,8337 McClays Mill Road,Newburg,Pennsylvania,,(717) 331-2213,aestheticsbyalexkay@gmail.com,
Kismet Esthetics,10 Railroad Ave SW,Aberdeen,South Dakota,,(605) 216-6785,mehlhoffalyson@gmail.com,https://kismetesthetics.glossgenius.com/
Bare Aesthetics,106 South Front Street,Milton,Pennsylvania,,(570) 412-8980,bareaestheticsskin@gmail.com,Bareaestheticsskin.glossgenius.com
Beauty by Heather,126 N Independence Street,Enid,Oklahoma,,,beautybyheatherllc@gmail.com,Beautybyheather.net
Aurora Day Spa,1015 Johnson Road,Centralia,Washington,,(360) 250-6368,dawnjohnson514@yahoo.com,https://auroraskincareandmassage.square.site/
Strickly Skin Esthetics,105 E. Oak St #101,Mansfield,Texas,,(817) 320-8485,stricklyskinesthetics@gmail.com,stricklyskin.com
Beautiful Imperfections,180 Old Loudon Road Suite 2,Latham,New York,,(315) 869-1400,beautiful.imperfections.ny@gmail.com,https://beautifulimperfections.glossgenius.com/
Skincare Solutions by Tania,6450 W 21 Ct  Suite 201,Hialeah,Florida,,(786) 770-1097,skincaresolutionsbytania@gmail.com,https://linktr.ee/scsbytania
vskincure,114 N Caswell St,Glennville,Georgia,,(912) 455-5322,vskincure@gmail.com,www.vskincure.com
Roxara Aesthetic,1150 SW 2nd Ave Suit 4,Miami,Florida,,(786) 445-0773,Roxaraesthetic@gmail.com,https://www.roxaraesthetic.com/book-facial-brickell
Simply Healthy Skin,,Arlington,Texas,,(708) 843-1887,brenda.ar23@gmail.com,@simplyhealthyskin
BIOLUXE AESTHETICS AND WELLNESS,12699 West Sunrise Blvd #118,Sunrise,Florida,,(954) 350-1869,bioluxefl@gmail.com,www.bioluxe.net
A'Maries Skin Bar LLC,28289 Hoover Road,Warren,Michigan,,(586) 770-7851,info@amarieskinbar.com,www.amarieskinbar.com
The Skyn Boutique LLC,485 3rd Street,Beaver,Pennsylvania,,(724) 495-9449,tiffany@theskynboutiquemedspa.com,https://theskynboutiquemedspa.com/
Caitlin Navarre Beauty LLC,1611 Winchester Avenue,Ashland,Kentucky,,(606) 465-6981,cnavarremua@gmail.com,Https://caitlin-beauty.square.site
Skin by Claudia,1211 24th St W #4,Billings,Montana,,(406) 298-0784,skinbyclaudss@gmail.com,https://skinbyclaudss.glossgenius.com/
The Glam Goddess Beauty Bar,7374 Creighton Pkwy Suite 10,Mechanicsville,Virginia,,'+1 804 442 6943,theglamgoddess23@gmail.com,https://theglamgoddessbeauty.glossgenius.com/
Skin With Melissa G,,Pasadena,Texas,,(713) 409-2119,theskinretreat77546@gmail.com,
Nicoletta Esthetics,3000 Bethesda Place Suite 204,Winston Salem,North Carolina,,,marshnicoletta@gmail.com,nicolettaesthetics.com
Energy touch esthetics,,Berlin,Maryland,,,anyun4ik@gmail.com,
Empower Esthetics,10943 Countryway Boulevard Suite 4,Westchase,Florida,,(813) 244-0608,empower.estheticsfl@gmail.com,www.vagaro.com/empoweresthetics1 / www.EmpowerEstheticsFL.com
Swanky Aesthetics,808 Somerset Ave,Windber,Pennsylvania,,(814) 509-6423,orders@swanky-aesthetics.com,https://www.swanky-aesthetics.com/
InSkin Laser & Body,3572 Brodhead Rd. Suite 100,Center Township,Pennsylvania,,(724) 888-2880,diane@inskin.care,InSkinMedSpa.com
Jlc Esthetics,206 S Market St suite 208,Elizabethtown,Pennsylvania,,(714) 334-3752,jlc.aesthetics@gmail.com,www.jlcesthetics.com
Gloww with Mo,1909 Capitol Ave 201,Sacramento,California,,(916) 312-3482,Glowwwithmo@gmail.com,https://www.gwmskinspa.com/s/appointments
Winks Esthetics,517 W Washington St,Broken Arrow,Oklahoma,,(918) 960-0226,winkslashesllc@gmail.com,Winksesthetics.glossgenius.com
Facework by Kim,16416 SE Sunnyside Rd #100,Happy Valley,Oregon,,(971) 257-1130,facework.kim@gmail.com,www.faceworkbykim.com
Rae Beauty,103 W H st,Deer Park,Washington,,(509) 987-6859,raebeauty2024@gmail.com,Ashleyforbes2.glossgenius.com
Fresh Faced Society,648 Matthews-Mint Hill Rd Suite F,Matthews,North Carolina,,(704) 451-3346,beautymaellc@gmail.com,https://www.freshfacedsociety.com/home
Rhonda Townley-Beautiful Skin,,Beckley,West Virginia,,(304) 920-4312,rhatter.sabika@gmail.com,Book through texting
Radiant Glow Studio LLC,291 Queen St suite 102,Bristol,Connecticut,,1 (860) 822-7315,radiantglowstudios@gmail.com,https://radiantglowstudio.glossgenius.com/about
Illuminate Advanced Skin Care,353 W. Main St.,Leola,Pennsylvania,,(717) 413-1026,illuminateadvancedskincare@gmail.com,www.illuminateadvancedskincare.com
Glow Setters Skin Studio,9050 Cypress Green Dr. Suite 401,Jacksonville,Florida,,(904) 333-2429,GlowSetters@gmail.com,Glowsetters.com
Alora Spa & Wellness Center,4530 E County Rd 540A,Lakeland,Florida,,(863) 799-2915,info@aloraspacenter.com,vagaro.com/aloraspawellness
Blossomed Posies Med Spa,20 Market Square Way Suite B,Newnan,Georgia,,(901) 569-8658,alicianoel@blossomedposies.com,www.blossomedposies.com
Aesthetics by Gabriella,21 caller  ST,Peabody,Massachusetts,,1 (978) 972-0275,dragabriellamedspa@gmail.com,Dragabrierlamedspa
B.A.SE Beauty Collective,560 mineral spring Ave  6-102,Pawtucket,Rhode Island,,(401) 428-9868,stephg7@icloud.com,https://estymua.glossgenius.com/
The Miami Facialist,10905 Bird Rd Suite 16,Miami,Florida,,(786) 273-8852,themiamifacialist@gmail.com,
Radiant Lift Skin Spa,"1032 Waterwood Parkway, Studio 13",Edmond,Oklahoma,,(925) 642-6392,julie@radiantliftskinspa.com,www.radiantliftskinspa.com
The Esthie Guild,860 E RTE 66,Glendora,California,,(626) 679-1144,d_hauner@yahoo.com,
Heavenly Reflections,27551 Cashford Circle Unit 101,Wesley Chapel,Florida,,(785) 375-1648,eessbf@yahoo.com,Www.Heavenlyreflect.com
Infinite Glo Aesthetics,120 S Main #105,Sheridan,Montana,,,infiniteglomt@gmail.com,https://infinitegloaesthetics.glossgenius.com/
Glam Muse Aesthetics,1 Old Country Rd  Suite # 107,Garden City,New York,,(516) 838-0412,loida.eunice@aol.com,https://glammuseaesthetics.glossgenius.com/
Ãgatha Estetica studio,1516 weston Road,Weston,Florida,,(724) 267-1009,mirleinymar21@gmail.com,@agathafacial
"Giovanna Avila, Beauty","1043 Makawao Avenue, Suite 207A",Makawao,Hawaii,,(808) 385-8434,booking@giovannaavila.com,www.giovannaavila.com/bridalbeauty
Brooke Aesthetics,7435 South Howell Ave Suite 111,Oak Creek,Wisconsin,,(414) 840-6600,hello@brookeaesthetics.com,www.brookeaesthetics.com
Ashton Michelle Makeup & Esthetics,9045 Haversack Ln,Mechanicsville,Virginia,,(626) 616-2353,beauty@ashtonmichelle.com,https://links.ashtonmichelle.com/widget/booking/7ubzP85yHsClCIcTHL7v
The Mobile RN,5300 summercrest drive,Owensboro,Kentucky,,(270) 702-7102,themobilernobky@gmail.com,
The cozy corner spa LLC,1657 Fairport Fairport Nine Mile Point,Penfield,New York,,(585) 797-4316,kfanti2013@gmail.com,
Emerge Med Spa & Salon,102 W. Main St.,Pikeville,North Carolina,,(919) 242-5600,emergemedspaandsalon@gmail.com,emergemedspasalon.com
Sew Time To Unwind Aesthetics,11226 Gold Express Dr,Rancho Cordova,California,,(916) 370-7077,sewtimetounwind@gmail.com,Www.sewtimetounwindaesthetics.com
Luckyâ€™s Design Studio,3151 Matthews Ln Price Center East 2nd Floor #2628,La Jolla,California,,(858) 276-1145,cecihernan619@gmail.com,http://barbershopluckys.com/
Hidden Oasis Salon & Spa,1515 US HWY 1  Suite 101,Sebastian,Florida,,(772) 581-9262,sfibbio@yahoo.com,
Elysian Spa,2117 W Lincoln Ave Suite B,YAKIMA,Washington,,(509) 902-1019,elysian.spa.yakima@gmail.com,www.elysianspa.co
Cherry's Aesthetics,27 west 2nd street,Chillicothe,Ohio,,(740) 637-4026,cherrysaestethics@yahoo.com,
Revived Glow Skin Studio,708 Route 134 Suite 7,South Dennis,Massachusetts,,(617) 304-6613,info@revivedglow.com,www.revivedglow.com
Star Galaxy Salon Middleton,404 S King Ave,Middleton,Idaho,,(208) 901-0845,cdjpetersen@yahoo.com,
Blush The Skin Studio,209 Bayou Gardens Blvd Suite J,Houma,Louisiana,,(985) 228-7338,blushbrowandbikiniwax@gmail.com,www.blushbrowandbikiniwax.com
Lashing Out Ink Academy,6768 Antoine Drive,Houston,Texas,,(713) 636-9109,megjaxtx@yahoo.com,www.lashingoutinkacademy.com
Bella by Chela,11851 Bandera Rd Suite 115,San Antonio,Texas,,(210) 243-9734,bellabychelallc@gmail.com,www.bellabychela.com
Glowup Beauty,1425 W Pioneer Dr  Suite 236,Irving,Texas,,(469) 865-5153,joanji1987@gmail.com,@esteticaglowupbeauty29
The Esty Zone,3452 McKelvey Rd,Bridgeton,Missouri,,(314) 528-8373,admin@estyzone.com,www.estyzone.com
Urban Oasis Aesthetics,221 N East Ave Suite 103,fayetteville,Arkansas,,(479) 380-3073,urbanoasisaesthetics@gmail.com,https://urban-oasis-aesthetics.square.site/
Nails and Esthetics By Julie,10314 US-441,Belleview,Florida,,(352) 470-3321,lambjulie22@hotmail.com,https://www.facebook.com/share/1BWqZ7b9R9/
Serenity Esthetics by Samantha,11298 C US-60,Salt Lick,Kentucky,,,serenityestheticsbysamantha@outlook.com,
Wild Rose Holistic Skin + Body,132 Main St 2nd Floor,Montpelier,Vermont,,(802) 522-6237,hello@wildroseholistic.com,www.wildroseholistic.com
Pink Collar Society,19 E Main St,Webster,New York,,(585) 269-4370,jromano.esthetics@gmail.com,www.pinkcollarsociety.com
Sister Esthetics & Beauty,5 N Main Street,Villa Grove,Alabama,,(217) 417-7034,mbreen2010@yahoo.com,
Sheilift Aesthetics,11735 SW 147 Ave #29,miami,Florida,,(305) 205-0999,shayy082921@gmail.com,https://book.squareup.com/appointments/g0k64zlp2eem87/location/LGTCDZQW4XRY2/services/UUH35NG3IAFN7IRFZ4MJBHVU
Amanda Roeben Esthetics,246 North Laurens Street,Greenville,South Carolina,,(864) 386-3194,amandaroebenart@gmail.com,https://www.vagaro.com/parlournouveau
Full Spectrum Esthetics,1405 NW 6th St,Gainesville,Florida,,,fullspectrumesthetics@gmail.com,www.vagaro.com/fullspectrumesthetics
Skin Sense by Mollie,444 Columbus Rd.  Suite G,Mount Vernon,Ohio,,(740) 507-5220,skinsensebymollie@gmail.com,www.skinsensebymollie.com
Vivi Face Studio,6201 Bonhomme Rd Ste 170N,Houston,Texas,,(832) 259-7837,vivilashstudio@gmail.com,https://vivi-lash-studio.square.site/
"Medfaces, LLC",9711 David Taylor Drive Ste. 225 Ste. 225,Charlotte,North Carolina,,(980) 888-5995,ssrn10@gmail.com,medfaces.glossgenius.com
SKINTOPIA,3301 N Miller Rd STE 5 QUIET CENTER,Scottsdale,Arizona,,(480) 375-5072,info@skintopiaaz.com,WWW.SKINTOPIAAZ.COM
Sacred Oasis Massage and Wellness,2199 Jolly rd. Suite 160,Okemos,Michigan,,(517) 213-5513,info@massagesacredoasis.com,https://www.sacredoasismassageandwellness.com/
Skinfluenced,1101 N Wilmont Rd. Suite 125,Tucson,Arizona,,,skinfluencedbylori@gmail.com,Vagaro.com/desertrenewal
The Experience Barber and Shave Co,4953 Brainard Rd,Orange,Ohio,,(440) 799-1873,msalexdamico@gmail.com,theexperiencebarberandshave.com
The Shed Spa,727 W Union Valley Road,Seymour,Tennessee,,(865) 660-1273,melissamariesolomon@outlook.com,https://theshedspa.glossgenius.com/
"Skynne Skincare Studio, LLC",420 E 2nd St,Edmond,Oklahoma,,(405) 596-0599,tara@skynne.co,www.skynne.co
Sofia Beauty and spa bh inc,2875 Stirling Rd  A,Hollywood,Florida,,(615) 972-3392,hofitron5@gmail.com,Sofiabeautyandspa.com
Green Vibes Aesthetics,105 Edwards St SE,Cleveland,Tennessee,,(423) 385-9837,greenvibesaesthetics@outlook.com,https://link.booksy.com/u74rYqsrwWb
Bellissima Spa,4211 Cloud Springs Rd,Ringgold,Georgia,,(423) 889-1407,heathersskincare21@gmail.com,https://mysite.vagaro.com/bellissima4
B3 Beauty Salon LLC,508 E. 32nd Street,Joplin,Missouri,,(620) 674-1680,kjthomas2121@gmail.com,www.kellythomas.glossgenius.com
Empress Waxing,3200 Crain Highway  Suite 208,Waldorf,Maryland,,(301) 861-6242,empresswaxing@gmail.com,Www.vagaro.com/empresswaxing
Apothek,1870 Harbor Blvd  Suite 28,Costa Mesa,California,,(949) 945-2211,info@apotheklounge.com,www.apotheklounge.com
Baah Spa LLC,574 Connecticut Highway 32 B,N. Franklin,Connecticut,,(860) 941-4251,hello@baahspa.com,www.BaahSpa.com
333 Divinity,1018 N Bethlehem Pike Suite 201B,Ambler,Pennsylvania,,(215) 970-6139,zoer313@outlook.com,333divinity.com
2 Skinfinity and Beyond,1500 US-82 Ste 23,Gainesville,Texas,,(940) 902-2130,skinfinityandbeyond24@gmail.com,SkinfinityandBeyond.glossgenius.com
Vakker Skin Studio,731 Broad Street Suite A,Durham,North Carolina,,(336) 213-0932,vakkerskinstudio@gmail.com,https://lorenandrews.glossgenius.com/
Bluegrass Salon & Spa,1910 Brandenburg Rd suiteb,Brandenburg,Kentucky,,,elsiemucker@yahoo.com,https://bluegrass-salon-spa.square.site/
Simply Smooth AZ,9710 W Happy Valley Rd Suite 16,Peoria,Arizona,,(602) 739-0390,marlee.j.cowan@icloud.com,Www.vagaro.com/simplysmoothaz
Sincerely Venus Aesthetics,1605 E Del Mar Blvd Suite 105,Laredo,Texas,,(956) 290-6356,sincerelyvenustx@gmail.com,
Ashley Kay Esthetics,410 Rosedale CT.  Suite 150,Warrenton,Virginia,,'+1 571 418 9787,ashleyfroberg@gmail.com,Ashleykayesthetics.com
Ree. skincare,117 E. Main Street,Merrimac,Massachusetts,,(978) 228-5442,reeskincare7@gmail.com,Reeskincare.glossgenius.com
Nocturne Esthetics,"111 SE Everett Mall Way, Bldg F Suite 102",Everett,Washington,,(425) 610-6518,ambercoralskin@gmail.com,amberlee.glossgenius.com
The Skin Alchemist - Advanced Aesthetics,25200 Center Ridge Rd,Westlake,Ohio,,(216) 282-5215,info@theskinalchemistaa.com,www.theskinalchemistaa.com
SO SKINCARE + BEAUTY,5295 Greenwich Rd Ste 110,Virginia Beach,Virginia,,,soskincarellc@gmail.com,estheticsbysin.as.me
Beige and Company,603 south 5th street,St. Charles,Missouri,,(217) 954-8145,beige.co@outlook.com,https://mysite.vagaro.com/beigeandcompany1
Pink Palm Studios LLC,2803 E. Commercial Blvd Suite 230-013,Fort Lauderdale,Florida,,(305) 609-4521,andrea.royal@outlook.com,www.pinkpalmstudios.com
Massage Therapy by Krissy,10615 Perrin Beitel Rd Ste 301,San Antonio,Texas,,(210) 391-7588,krissymassagetherapy@gmail.com,www.massagetherapybykrissy.com
Zenful Glow Wellness,501 Main St  STE 2,Rapid City,South Dakota,,(720) 290-3481,zenfulglow.tc@gmail.com,https://zenfulglowtc.glossgenius.com/
KG Skin Bar,125 Whiting St.,Plainville,Connecticut,,(203) 883-2689,kgskinbar@gmail.com,kgskinbar.glossgenius.com
Cloud9 Med Spa,11751 Alta Vista Rd. Suite 303,Fort Worth,Texas,,(972) 897-2355,cloudninemedspa@gmail.com,www.cloudninemedspa@gmail.com
Stronger Skin By Emma,2215 164 AVE CT E,Lake Tapps,Washington,,(615) 516-4279,strongerskinbyemma@gmail.com,www.strongerskinbyemma.com
LaPearl Beauty,1016 S. Third Street,Mebane,North Carolina,,,skinbylapearl@gmail.com,https://lapearlbeauty.glossgenius.com/
Sixth Sense Aesthetics,46 EDSEL DRIVE SUITE B,RICHMOND HILL,Georgia,,(843) 540-1870,swot40@gmail.com,https://https://www.vagaro.com/sixthsenseaesthetics
Pure Skin Medspa,1175 E Lone Cactus Drive Suite G1,Phoenix,Arizona,,(602) 492-6263,bryan@pureskinarizona.com,https://www.vagaro.com/pureskinarizona
Sydney Skin & Beauty,577 w county line rd,Calimesa,California,,(909) 253-8482,srenee91@aol.com,https://sydneyskinbeauty.glossgenius.com/
Healthy Radiance Skin and Wellness,9805 W. Markham St,Little Rock,Arkansas,,(501) 615-8483,peter@healthychewkitchen.com,vagaro.com/healthyradiance
The Rose Room Beauty Bar,19333 Hwy 59 N Ste # 190,Humble,Texas,,(832) 814-6843,theroseroombeautybar@gmail.com,https://theroseroombeautybar.square.site/
Metamorphosis Embodiment Studio and Spa,126 W. College Ave,Kent,Ohio,,(330) 354-0727,metamorphosislashstudio@gmail.com,Metamorphosisembodimentandspa.glossgenius.com
Rebecca Kauffman Esthetics LLC,2536 W Canyonwood Ct,Nixa,Missouri,,(719) 322-2541,beccakauffman@ymail.com,
Venusian Oasis,1516 North 5th Street Suite 309 Unit 38,Philadelphia,Pennsylvania,,(445) 304-9984,info@thevenusianoasis.com,VeanusianOasis.As.Me
Taylor Rose Beauty,9000 W 88th Ave,Arvada,Colorado,,(720) 459-0851,info@taylor-rose-beauty.com,https://www.vagaro.com/us05/glgwbu
"Shayâ€™s Peaceful Escape, LLC",18771 FM 2252  Bldg. 14,San Antonio,Texas,,(210) 601-7731,shayspeacefulescape@gmail.com,shayspeacefulescape.com
Aromatic Inspired Wellness,520 Snowshill Street Loft 8,Frederick,Maryland,,(301) 366-8675,sharon@hairex.com,www.aromaticinspiredwellness.com
Spa Bliss Savannah,420 W Broughton Street,Savannah,Georgia,,(912) 412-4237,spabliss.savannahga@gmail.com,Vagaro.com/spablisssavannah
Anna Kay Salon & Spa,120 W Washington St,Paris,Tennessee,,,epaigealexander@gmail.com,estheticsbypaige.glossgenius.com
Lowcountry Skincare & Spa,10911 N Jacob Smart Blvd Unit 4,Ridgeland,South Carolina,,(843) 226-2004,moniquecrapse@gmail.com,Lowcountryskincareandspa.glossgenius.com
Mystic Magnolia Massage,212 N Main St. Studio #1,Black creek,Wisconsin,,(920) 228-2138,witterholtmelissa@gmail.com,massagebook.com/biz/MysticMagnoliaMassage
Starling Beauty,5874 NC 50,Benson,North Carolina,,(919) 820-7663,madisonstarlingbeauty@gmail.com,https://starlingbeauty.glossgenius.com
Glow Life Clear Skin,110 Lithia Pinecresr rd,brand,Florida,,(813) 538-8013,lees_facials@yahoo.com,https://linktr.ee/glowlifeclearskin
Emerald Skin & Spa LLC,2953 SSR-K Suite 124,O'Fallon,Missouri,,(314) 681-5136,esti.hopkins@gmail.com,https://emeraldskinandspallc.glossgenius.com/
Eclectic Esthetics,230 S Tamiami Trail  Suite 2,Venice,Florida,,(941) 504-4429,justina@eclecticesthetics.net,https://eclecticesthetics.glossgenius.com/
Beauty by Jenn,1901 Fourth Ave 100-I,San Diego,California,,(619) 786-4849,jenngutierrez93@gmail.com,https://beautybyjenn.glossgenius.com/
Modern Esthetics,1549 Old Bridge Rd suite 201,woodbridge,Virginia,,(540) 729-9291,erica@modernestheticsllc.com,modernesthetics.co
Botanical Nail and Skin Studio,"541 S Rendon St, New Orleans",New Orleans,Louisiana,,(504) 256-5753,donica@botanicalnailandskinstudio.com,https://www.botanicalnailandskinstudio.com/
Glamour Skin Bar,1805 S. Bellaire St.,Denver,Colorado,,(720) 722-0810,glamourskinbar@gmail.com,https://glamourskinbar.com
ECo Esthetics by Deana,150 Eagle Nest Drive,Paducah,Kentucky,,(270) 816-1346,deanaorlowski23@yahoo.com,Theecosalonandspa
Dream Skkn,651 Third Ave.,Chula Vista,California,,(704) 450-6704,daniellembuy@aol.com,https://dreamtokkskn.square.site/
Beauty Elite,1106 Columbia Ave Suite 150,Marysville,Washington,,(206) 395-4585,beautyeliteco@gmail.com,www.vagaro.com/beautyelite
Threeâ€™s Company Beauty and Brow Room,"7421 Oswego Road, Door #11",Liverpool,New York,,(315) 299-5909,ashnichole91@gmail.com,www.vagaro.com/threescompanybeauty
Naked Truth,363 El Camino Real Ste 106,South San Francisco,California,,(415) 917-8004,nakedtruthbeautyservices@gmail.com,https://www.nakedtruthbeauty.net/
AV Beauty,905 N 21st street,Newark,Ohio,,(740) 403-4330,avbeautyllc@gmail.com,avbeautyllc.glossgenius.com
Face It Holistic Beauty,401 N Wickham Rd Suite K,Melbourne,Florida,,(321) 536-1198,faceitholistic@gmail.com,Alyssarios.glossgenius.com
Serenity Day Spa and Salon,1523 Columbia Turnpike,Castleton,New York,,(518) 479-5680,khart@serenitydayspaandsalon.net,Serenitydayspaandsalon.net
S-TEEM SKIN,9613 Bitter Melon Dr,Angier,North Carolina,,(919) 285-2692,info@s-teembeauty.com,www.s-teemskin.com
Medical Aesthetics Bar,449 Silas Deane Hwy Suite 302,Wethersfield,Connecticut,,(860) 841-6403,info@medicalaestheticsbar.com,Www.medicalaestheticsbar.com
Simply Refined Skin,"405 N. Center Street, Ste. 13 Inside Sola Salon Studio 30",Westminster,Maryland,,,simplyrefinedskin@gmail.com,simplyrefinedskin.glossgenius.com
Pure Renewal Skin,14636 Reese Blvd Suite B Unit 2,Huntersville,North Carolina,,(980) 389-0654,dyanna.sorvillo@gmail.com,https://www.vagaro.com/purerenewalskinllc
Stay Fresh Skin Bar,988 Westwood Square Ste 1012,Oviedo,Florida,,(407) 729-7563,stayfreshskinbar@gmail.com,Www.vagaro.com/stayfreshskinbar
Angelic Aesthetics,4760 Fishburg Rd Ste F,Huber Heights,Ohio,,(937) 313-9425,angelicaesthetics222@gmail.com,angelicaesthetics.glossgenius.com
Lindsey the Esthi Beauty Studio,"4570 N 1st Ave.  Suite 120, Room 20",Tucson,Arizona,,(520) 812-2769,lindsey.the.esthi@gmail.com,www.LindseytheEsthi.com
Luna Skin & Body,800 W 5th Ave Ste 203 F,Naperville,Illinois,,(331) 684-8565,lunawellness5@gmail.com,https://squareup.com/appointments/book/BPBXYJ0YJ7DEV
Lashed Luxuried,23015 Soledad canyon road,Santa Clarita,California,,(661) 670-7478,lashedluxuries@gmail.com,Lashedluxuries.glossgenius.com
Elevated Aesthetics,30290 Rancho Viejo rd Suite 210,San Juan Capistrano,California,,(949) 257-2806,elevatedaesthetics.723@gmail.com,Www.elevatedaesthetics.us
"Pampering by Pam, LLC",4300 Boat Club Rd Ste 500,Lake Worth,Texas,,(945) 286-7721,info@pamperingbypam.com,www.pamperingbypam.com
Anyanwu Esthetics,3141 South 27th Street,Abilene,Texas,,(432) 254-8622,ashleymanyanwu@yahoo.com,www.anyanwuesthetics.com
Salon 21,2119 Templeton Gap Rd,Colorado Springs,Colorado,,(719) 633-8480,salon21co@yahoo.com,Salon21colorado.com
Bee at Ease Skin Care,3530 Forest Ln   Suite 160B,Dallas,Texas,,(214) 395-7683,beeateasespa@yahoo.com,https://book.squareup.com/appointments/f396b9d4-4701-4e4a-ada1-7da7dd9bfb3c/location/ZXSP7J62BZXRD/services?gei=Vc8saZhmmLSq2w-D_46wCg&hl=en-US&rwg_token=ACgRB3e9dtsphVRl3D9Hc9uU2RF0VkihVlw1inYUvjIEBj6zMSZ48j2fYzOIJjHgxzB78D2QWkk9icVe554hilGwLhSP64wcag%3D%3D
Travis & Co Salon-Spa,1307 North Main St.  Suite A,Shelbyville,Tennessee,,(931) 703-8587,deannat1977@yahoo.com,deannatravis.glossgenius.com
Adriana Caceres Skin Care & Massage Therapy Inc,925 13th ave 925 13th ave,DELANO,California,,(661) 709-1004,adrianaskincare01@gmail.com,a
Clean Slate Beauty,534 W Market Street,Perkasie,Pennsylvania,,(445) 448-5948,thalia_eris@yahoo.com,
Hon-E Vee's Wax & Skin Studio,1106 W. Mill St,New Braunfels,Texas,,(830) 582-8337,honeveeswaxstudio@gmail.com,honevees.com
Esthetics by Tracy,5517 E 41st Street,Tulsa,Oklahoma,,(972) 207-9027,tracydspears@icloud.com,Estheticsbytracy.com
Glow salon and spa,17815 Chatsworth st,Granada Hills,California,,1 (818) 403-7425,carine_simonian@hotmail.com,
Faces by Debi,2048 Washington Street,Hanover,Massachusetts,,(781) 985-0672,debi@facesbydebi.com,www.facesbydebi.com
Emollient Esthetics Inc,101 North State Road 7 #117,Margate,Florida,,(954) 854-0259,emollient21@gmail.com,https://emollientesthetics.com/
Beautiful By Yennifer,,Charlotte,North Carolina,,(704) 277-3588,yenniferprado02@gmail.com,Via WhatsApp 7042773588
SILK BY JACEY LLC,,Franklin,Kentucky,,(937) 313-3438,silkbeautyesthetics@gmail.com,
Suzu Studios,,Anaheim,California,,,suzustudios.mail@gmail.com,
Cielle Beauty & Esthetics LLC,,Fayetteville,North Carolina,,(910) 689-7680,cielleandbeautyesthetics@gmail.com,ciellebeautyandesthetics.glossgenius.com
Soulenergee,,Canandaigua,New York,,(585) 204-2808,soulenergee@gmail.com,Soulenergee.com
Wax n' Peels,,Monrovia,California,,62624181767,waxnpeels@gmail.com,waxnpeels@gmail.com
Kayluxaesthetics,,Fuquay Varina,North Carolina,,,makaylareneew@gmail.com,kaylux.glossgenius.com
Visage Skin Spa,,Clarence Center,New York,,(716) 361-6837,716barebeautybar@gmail.com,
The Glow Society,,Vancouver,Washington,,(503) 449-2638,jessicadamis@gmail.com,www.TheGlowSociety.com
DERMAGLOWER BEAUTY STUDIO,,bronx,New York,,(929) 685-2377,kirsyal@hotmail.com,DERMAGLOWER.GLOSSGENIUS.COM
Deej Esthetics,,Antioch,California,,(415) 503-7578,shiela.nartea@yahoo.com,
The Esthetic Oasis,,"spartanburg, SC, 29301",South Carolina,,(864) 909-9594,theestheticoasis@gmail.com,the-esthetic-oasis.square.site
Bodied by Mae Esthetics,,Bronx,New York,,,bodiedbymae@gmail.com,http://bodiedbymae.as.me
Lysi Beauty Bar,,Hamden,Alabama,,,lysibeautybar@gmail.com,https://lysibeautybar.as.me/
UNFILTERED BEAUTY,,HOUSTON,Texas,,(281) 202-1090,unfilteredbeautystudio@gmail.com,UNFILTEREDBEAUTYSTUDIO.GLOSSGENIUS.COM
Beautiful Babes by Jes,,Glenns Ferry,Idaho,,(208) 850-4587,jesika.schrader@hotmail.com,Beautifulbabes.glossgenius.com
AR Aesthetics by Amy,,Bel Air,Maryland,,(443) 299-9102,jarowe5@yahoo.com,https://www.instagram.com/ar.aesthetics.amy?igsh=M2p6emxseDBiZWsz&utm_source=qr
Lind-Zee D Esthetics,,Winchendon,Massachusetts,,(978) 467-3904,lindzeedesthetics@gmail.com,
LolaRu Beauty,,STOCKTON,Illinois,,(815) 494-1982,daniellerose90@gmail.com,https://www.vagaro.com/lolarubeauty
Velin Beauty,,Redwood City,California,,1 (650) 582-1828,atalitjasmine@gmail.com,https://velinbeauty.glossgenius.com/
Resonate Skin & Body Sculpt,,Chula Vista,California,,(619) 817-9262,resonatebodysculpt@gmail.com,https://resonateskinandbody.glossgenius.com/
Laura Pearson Skin Expert Studio @ Moda,,Bloomington,Illinois,,,ljpearss@gmail.com,laurapearson.glossgenius.com
Sharon Weller Aesthetics,,Woodstock,Connecticut,,(860) 933-6337,sharonweller283@gmail.com,SharonwellerAesthetics.com
Rosa silkia Aesthetics,,W Roxbury,Massachusetts,,(646) 595-7017,rosas.tavarez@gmail.com,https://rosa-silkia-aesthetics.square.site/
"Elixir Skin Studio, LLC",,Kernersville,North Carolina,,(336) 406-4429,kalafut55@gmail.com,https://elixirskinstudio.glossgenius.com/
Faces by Jam,,Clarksville,Tennessee,,(772) 333-5548,fearonjamiela@yahoo.com,Jamsglamroom.as.me
Salon Eclips,,Fergus Falls,Minnesota,,(218) 998-4247,saloneclipsff@gmail.com,saloneclipsff.glossgenius.com
Angelicas Enhanced Aesthetic,,Naples,Florida,,(239) 800-9278,angelicasenhancedaesthetic@outlook.com,Www.angelicasenhancedaesthetic.glossgenius.com
Aligned With Emily â€¢ Skin Specialist RI LLC,,Warwick,Rhode Island,,(401) 413-1116,skinspecialistri@gmail.com,alignedwithemily.square.site
RADIANCE by Kat,,Henderson,Nevada,,(702) 768-5316,radiancebykat@gmail.com,http://book.squareup.com/appointments/jd8ky7idu9xwnn/location/L79B1EQ6SJJ4A?fbclid=PAVERFWANujSBleHRuA2FlbQIxMAABpx00zda56LpBkAZNap-KmU8Ey8k9kGxyUxVkCtoJmkw3Ut1xF9-KsJzUajQc_aem_O4711S2dvFZTNW1VbiB5gQ
Viridiana Esthetics,,Queen Creek,Arizona,,(480) 495-3573,viridianaesthetics@gmail.com,
Esthetics By KS,,Ontario,California,,(951) 605-0578,ksbeautyyyy91@gmail.com,https://estheticsbyks.glossgenius.com/?utm_source=ig&utm_medium=social&utm_content=link_in_bio&fbclid=PAdGRleAOTVEdleHRuA2FlbQIxMQBzcnRjBmFwcF9pZA8xMjQwMjQ1NzQyODc0MTQAAac0lEloy5Tz-OUVkQdyZkTOTGOfk3zmXoWvL5WwtwNs42icxN0ouIuvCTQWvw_aem_mH4Ksl1Z-2_6xYZzIuF80w
Soul Sknn,,Dallas,Texas,,(214) 533-2089,abigail.esthetician@gmail.com,
WM aesthetics LLC,,Rosemount,Minnesota,,,whitney.m.deadrick@gmail.com,https://wmaesthetics.glossgenius.com/
Before The Makeup Skin Academy,,Plant City,Florida,,(954) 864-3010,connie@beforethemakeup.net,btmskinacademy.glossgenius.com
Halesthetics LLC,,Holland,Michigan,,(616) 335-4660,halesthetics1@gmail.com,https://halesthetics1.glossgenius.com/
Amber Esthetics,,Mont Belvieu,Texas,,(713) 259-9048,amberesthetics555@gmail.com,
Justt A Tad Esthetics,,Fresno,California,,(559) 289-3288,justtatad@gmail.com,www.justtatad.glossgenius.com
Wonderstruck Rose Aesthetics,,Collegeville,Pennsylvania,,(610) 247-4970,kate@wonderstruckrose.com,www.wonderstruckrose.com
Lash Life Beauty Company,,Madison,Alabama,,(386) 795-2912,donnayonta@gmail.com,Lashlifebeautycompany.com
Elevation Beauty Co,,Commerce City,Colorado,,(720) 630-6282,elevationbeautyco24@gmail.com,https://www.vagaro.com/elevationbeautyco
Antelope Lashes,42442 10th St West Suite C,Lancaster,California,,(661) 579-9800,info@antelopelashes.com,www.antelopelashes.com
Ibrow the threading salon,4620 colleyville blvd 103,Colleyville,Texas,,(469) 363-9022,ibrow2015@gmail.com,
Lavish Beauty by Lily,,Modesto,California,,(209) 988-5026,lily_romo@icloud.com,
The Babe Cave,1756 US HWY 90 SUITE 5,Defuniak Springs,Florida,,(850) 635-6641,sydni.miller15@gmail.com,https://thebabecavebeautybar.glossgenius.com/
"Refined Body + Wellness Oasis, INC",3139 W 28th  Ave,Pine Bluff,AR,,(870) 341-8300,refinedoasis@gmail.com,www.refinedoasispb.com
Kylie Martinez Beauty LLC,"351 Three Rivers Dr., Suite 1185",Kelso,Washington,,(360) 323-8700,kylie@kyliemartinezbeauty.com,kyliemartinezbeauty.com
Body Spa MKE LLC,5812 West Burnham Street,West Allis,Wisconsin,,(608) 239-1135,connect@bodyspamke.com,Thebodyspamke.com
Moonthorn Esthetics,227 Symons St,Richland,Washington,,,moonthornesthetics@gmail.com,
Blumi MedSpa,7105 Saltpeter Street,Charlotte,North Carolina,,(609) 218-7011,ryafernandez2001@gmail.com,
SoulSkinSelf,999 West Chester Pike Suite 106,West Chester,Pennsylvania,,,reagan@soulskinself.com,soulskinself.com
Bianca Nise,9501 Old Annapolis Rd 205,Ellicott City,Maryland,,,bianca.nise@gmail.com,
Sadia Skincare Studio LLC,2201 17th street,cody,Wyoming,,(503) 530-9926,sadiaskincarestudioac@gmail.com,sadiaskincarestudio.glossgenius.com
Skinned By Cyn,11500 Northwest Fwy  Suite 310,Houston,Texas,,(516) 305-2263,skinnedbycyn@gmail.com,SkinnedByCyn.com
D.R WELLNESS & AESTHETICS CENTER,7777 LEESBURG PIKE #5LS,Falls Church,Virginia,,(240) 260-8238,samirabueno@live.com,https://www.drwellnessaestheticscenter.com/
Saint Blonde Salon,315 5th St 140,West Des Moines,Iowa,,(515) 380-6207,saintblondesalon@gmail.com,https://saintblondesalon.com
Ree's Bar of Beauty,2339 Broadview Rd,Cleveland,Ohio,,(216) 233-5042,info@reesbarofbeauty.com,Reesbarofbeauty.com
KV Aesthetics,"223 E Putnam Ave, Suite 2A",Cos Cob,Connecticut,,(203) 482-0769,keilamar_miranda@hotmail.com,https://kvfacials.carrd.co/#
Indigo Beauty,12838 N River Garden Dr,DUNNELLON,Florida,,(352) 445-0126,veronicadurbin88@gmail.com,www.indigobeauty.net
Bibi Touch Beauty,2304 E Oakland Ave,Bloomington,Illinois,,(309) 886-5057,bibitouchbeauty@gmail.com,Bibitouchbeauty.glossgenius.com
SOLSKIN AESTHETICS,1509 Waybridge Way,Matthews,North Carolina,,,nsolisaesthetics@gmail.com,
Beauty and Body Esthetics,108 NE 89th Ave.,VANCOUVER,Washington,,(541) 921-4501,shelbyrtorkelson1@gmail.com,
kiki.esthetics,274 Gay Hill Rd,Uncasville,Connecticut,,(860) 300-0833,mmbond44@gmail.com,
Beautiful Both Ways,2192 Central Ave Suite B,McKinleyville,California,,(707) 499-2099,beautifulbothwayskl@gmail.com,https://www.BeautifulBothWays.com
"Mind, Body and Soul LLC",3323 Bell Suite C,Amarillo,Texas,,(806) 626-3876,sereneskintreatment@gmail.com,
"State Of Nails Spa Suite, LLC - Skin & Nail Therapist",5229 Walnut Ct,Stonecrest,Georgia,,(678) 995-4170,info@naimahsessoms.com,www.stateofnailspasuite.as.me
Society Skin and Beauty,112 S Armenia Ave Suite D,Tampa,Florida,,,societyskinandbeauty@gmail.com,societyskinandbeauty.com
The LA Facial & Massage Co.,18917 Nordhoff St. Unit 12,Northridge,California,,(818) 390-4292,lafacialmassageco@gmail.com,https://thelafacialnorthridge.zoca.com/
Salon Guru - Organic & Holistic Hairstylist,200 Atlantic Avenue Suite H,Manasquan,New Jersey,,(732) 800-1286,salonguru@gmail.com,organicholistichairstylist.com
Restorative Health,245 Peachtree Industrial Blvd #104,Sugar Hill,Georgia,,1 (234) 567-890,stephanie@restorative-health.com,https://restorative-healthga.com/
Opal Aesthetics,434 Territory Oak,SAN ANTONIO,Texas,,(210) 275-9074,opalaestheticssatx@gmail.com,
"Luxe Glow Studio & Spa, LLC",2835 Aurora Ave Suite 123 Studio 22,Naperville,Illinois,,(331) 226-6529,kaurgurdeep2012@gmail.com,https://book.squareup.com/appointments/kv6fkv2vu7styu/location/9YD60ZACJRA8B/services?
Hourglass Med Aesthetics,211 Babcock rd,San Antonio,Texas,,(956) 294-1322,hgmedgreanlee@gmail.com,https://www.joinblvd.com/b/hgmedaesthetics/widget#/cart/menu
Selena Andrade Studio,2618 Santa Bárbara Dr  2618 Santa Bárbara Dr,Grand Prairie,Texas,,(972) 684-3105,selenaandradestudiollc@gmail.com,https://www.instagram.com/selenaandradestudio?igsh=ejRxaG5zbmEzYmxm&utm_source=qr
Lush Skin by Laura,250 Saint Vincent,Irvine,California,,(661) 302-1516,lvmatos28@gmail.com,
Simply Beautiful Aesthetics,1950 Viera Blvd  #109,Rockledge,Florida,,(321) 405-2559,laurenfishashcraft@gmail.com,www.simplybeautifulaesthetics.com
The Soothing Sole LLC,920 W Calle Zoca,Sahuarita,Arizona,,(520) 585-7829,amber.troester@gmail.com,
Skinnovations,231 Vley Rd.,Scotia,New York,,(518) 379-6657,courtney_gallo@yahoo.com,
Skin by Trinidy,1224 Lafayette St SE,Albany,Oregon,,(541) 570-0599,trinidykdaniels@gmail.com,https://trinidyknutsondaniels.glossgenius.com
The Golden Glow,564 E. Bellevue Ave.,Atwater,California,,(209) 756-5289,scoate04@gmail.com,https://the-goldenglow.square.site
Andrea Atwood,129 e walnut st,Watseka,Illinois,,,andreaatwood0915@icloud.com,
Skin by Kate,450 Failla Rd,Lafayette,Louisiana,,(337) 441-8745,katelynbennett96@gmail.com,https://studiobloom.glossgenius.com
Salty Moon Aesthetics,1002A Regent St,Edgewater,Florida,,(910) 987-6052,saltymoonaesthetics@gmail.com,
Coastal Spa | MD,5830 McArdle Rd. Bldg 2,Corpus Christi,Texas,,(361) 336-6464,coastalspamd@gmail.com,https://ap1t.myaestheticspro.com/BN/index.cfm?C68BB2088FCEB273166E6E900EF029F0
Skin Code,15590 W 13 Mile Rd Suite B,Beverly Hills,Michigan,,(810) 293-7614,info@skincodedetroit.com,SkinCode.glossgenius.com
Cranky Crow Aesthetics,1520 Highland Ave Suite 121,Melbourne,Florida,,(321) 345-6082,info@crankycrowaesthetics.com,www.crankycrow.com
Island Beauty Bliss LLC,700 Clearlake road,Cocoa,Florida,,(407) 808-4486,lina.islandbeautybliss@aol.com,
VIDAMIN SKIN CARE,12276 SAN JOSE BLVD SUITE 722-9,JACKSONVILLE,Florida,,(904) 979-0199,hello@vidaminskincare.com,vidaminskincare.com
A&A Beauty Bliss,1915 SW Santa Barbara PL,Cape Coral,Florida,,(786) 281-6489,amanails.2022@gmail.com,https://www.instagram.com/theaabeautybliss/
Bareology,292 Bloomfield Ave,Montclair,New Jersey,,(973) 653-0502,alexamsanchez28@gmail.com,Bareology.co
Amara Beauty Lounge,6665 SE Lois St,Hillsboro,Oregon,,(971) 300-9285,pattypineruavc95@gmail.com,https://amarabeautyloungeyoulashes.glossgenius.com/
Youth Method Skin Studio,338 N. Coast Hwy 101,Encinitas,California,,(760) 703-6220,youthmethodaesthetics@gmail.com,www.youthmethod.com
Nurelle Skin Therapy,24551 Katy Fwy #903,Katy,Texas,,(832) 224-5241,hello@nurelleskin.com,https://www.vagaro.com/nurelleskintherapy
Beautyful Aesthetics,17031 N May Ave,Edmond,Oklahoma,,(405) 402-7737,alexandria@beautyfulaesthetics.com,https://beautyfulaesthetics.glossgenius.com
The Cabana,206 S Steele St,Sanford,North Carolina,,(919) 435-4826,TheCabanaNC@gmail.com,https://www.thecabananc.com
Tiffany's Southern Touch,1271 Rock Springs Rd Suite 12,Smyrna,Tennessee,,(931) 215-7526,tiffanys.touch1986@gmail.com,Http://tiffanyssoutherntouch.glossgenius.com
Double Up Boutique,84 Alto St,Cranston,Rhode Island,,(401) 952-0005,baccairekassy@gmail.com,www.doubleupboutique.glossgenius.com
LÉlu Studio,197 1st Street,Los Altos,California,,(650) 213-6773,lelustudio@hotmail.com,lelustudio.com
Skyn Season Spa,1190 winterson rd STE 200,linthicum,Maryland,,(410) 417-7412,skynseasonspa@gmail.com,https://www.skynseasonspa.com
"SkinLoveBeauty, LLC",2809 Evansgreen Dr.,SUITLAND,Maryland,,(703) 307-7223,info@skinlovebeauty.com,skinlovebeauty.com
Lai’s Beauty Lounge,58 Dewitt Ave,Belleville,New Jersey,,,laichaeg1020@gmail.com,
Geechee Leone Esthetics,37 Lewis Place,Hempstead,New York,,(516) 366-0609,nataliamaat92@gmail.com,
Esthetics by Emma B,1746 US-6,Spring Valley,Illinois,,(815) 414-8405,emma100bean100@gmail.com,https://esthetics-by-emma-100035.square.site/?utm_source=ig&utm_medium=social&utm_content=link_in_bio&fbclid=PAdGRleAPNEcxleHRuA2FlbQIxMQBzcnRjBmFwcF9pZA8xMjQwMjQ1NzQyODc0MTQAAadqKmJlvMvfMz2p78bc8kA31NVn8MnVJ5DNDGMot5GD_J8gCkPSDrVd-8w-_w_aem_X0xldj39ap6HclQfmxon0A
Simply Essential Massage and Bodyworks,14090 Lakeside Boulevard North,Shelby charter Township,Michigan,,(586) 991-1759,shaewalter.93@gmail.com,www.sembodyworks.com
SPAaah,203 E Main St,Clinton,Illinois,,(217) 615-5033,spaaah2@gmail.com,spaaah4u.com
Wicked Beauty Studio,1902 Market St,Wheeling,West Virginia,,(304) 650-8896,wickedbeautystudiollc@gmail.com,Wicked.glossgenius.com
Lotus Divine Beauty & Wellness,67 E. 10th Street,Tracy,California,,(209) 597-3929,sferreira0801@yahoo.com,https://lotusdivinebeautyandwellness.glossgenius.com/
Akna Wellness Spa,1032 1st Street East Suite A,Houston,Texas,,(346) 227-9774,info@aknawellnessspa.com,www.aknawellnessspa.com
Remy Esthetics,4612 Hughesian Drive,Buckingham,Pennsylvania,,(267) 884-6154,remymoniqueweil@gmail.com,https://remyesthetics.square.site/
New Day Health & Wellness,5006 N. 22nd St.,Ozark,Missouri,,(417) 576-1640,kylee@new-dayhealth.com,new-dayhealth.com
HOLISTIC BEAUTY AND WELLNESS CAFE,19624 S. Governors Hwy,Flossmoor,Illinois,,(708) 942-5881,help@hbwcafe.com,hbwcafe.org
PREP Beauty Studio,700 Paramus Park Suite 22 Salons By JC,Paramus,New Jersey,,(551) 313-8868,prepbeautystudio@gmail.com,www.prepbeautystudio.com
Skn & Lash Co. LLC,409 North Jefferson Street Suite A,Kearney,Missouri,,(816) 402-7707,leh0302@gmail.com,www.sknlashco.com
Ayaba of Beauty LLC,2601 Duncan Chapel Rd  C102,Greenville,South Carolina,,(864) 501-3962,ayabaofbeauty@gmail.com,https://ayabaofbeauty.as.me/schedule/b1753b04
KUXTAL SKIN SPA,6627 W Quailwood Way,Tucson,Arizona,,(520) 738-9440,booking@kuxtalskinspa.com,https://book.squareup.com/appointments/7l16cukm89emsc/location/LXDCR58F5ZMRM/services
"Kallima Spa, LLC","192 & 194 John Hunn Brown Road, Suite 20",Dover,Delaware,,(302) 670-3069,kallimaspastudio@gmail.com,KALLIMA.GLOSSGENIUS.COM
Pink Haven Aesthetics,321 W Winnie Ln #102 Suite 1,Carson City,Nevada,,(775) 291-6887,pinkhavenaesthetics@outlook.com,https://pinkhavenaesthetics.glossgenius.com/
Sugarlillies,1446 Ethan Way #62A,Sacramento,California,,(916) 798-3818,info@sugarlillies.com,www.Sugarlillies.com
Orah Aesthetics,3200 Main Street NW Suite 250,Coon Rapids,Minnesota,,(612) 234-7299,christine.edelburg@outlook.com,www.orahaesthetics.com
St Florian’s Soap and Spa,2087 N Main St J Miller Salon,Coeur d'Alene,Idaho,,(818) 318-2015,laurenvescio15@gmail.com,https://stfloriansoap.com/
Admar Esthetics,130 W Burke Street,Martinsburg,West Virginia,,(540) 877-7933,adysongloyd3@yahoo.com,https://admaresthetics.glossgenius.com/
Skin Solutions,118 W. Washington,Whitney,Texas,,(254) 744-9636,skinsolutionsbeautyspa@gmail.com,https://www.skinsolutionswhitney.com/?
"YBEAUTY Skin, Brows & Makeups",52 Perazzi Ln,Vineyard,Utah,,(801) 473-1693,yeskimonti@gmail.com,https://ybeautyskinstudio.square.site/
Renee3esthetics,6700 Indiana ave,Riverside,California,,(951) 237-0271,samreneet@gmail.com,Renee3esthetics.glossgenius.com
Megan Brooks ESTHETICS,600 Block Keyser Ave,Natchitoches,Louisiana,,(318) 652-3445,meganbrooksesthetics@yahoo.com,Meganbrooksesthetics.glossgenius.com
Ocean Waves Med Aesthetics,460 State Road 436 Suite 101,Casselberry,Florida,,(407) 218-2739,oceanwavesmedaesthetics@gmail.com,Oceanwavesmedaesthetics.com
Beyond SKYN,9755 us hwy 60,lancaster,Wisconsin,,(608) 778-4645,reynolil16@gmail.com,beyondskyn.com
The Salty Seagliss,214-41 42 Avenue 2nd Floor,Bayside,New York,,(917) 376-6244,thesaltyseagliss@gmail.com,https://thesaltyseagliss.GlossGenius.com
Eleven22 Beauty LLC,"4912 Bergenline Ave, Suite 19",West New York,New Jersey,,,Eleven22beautyllc@gmail.com,https://eleven22beautyllc.as.me/
EagleNest Spa,4400 North High Street,Columbus,Ohio,,(614) 531-3419,camryn521@yahoo.com,https://salonlofts.com/camryn_eagle/schedule
Kdeonshae Esthetics,24100 Southfield rd,Southfield,Michigan,,(248) 843-1958,kdeonshaebeautyco@gmail.com,Styleseat.com/kelahnobles2
Ether & Ember,822 Hartz Way Suite 230,Danville,California,,(925) 605-6777,sierragard21@gmail.com,
Glamouré Esthetics,1915 Welby Way STE 5,Tallahassee,Florida,,'+1 833 880 3642,Glamoureskin@gmail.com,https://glamoureskin.square.site
Glamventure Esthetics,925 Blossom Hill Rd. #1509 Suite 102,San Jose,California,,(408) 762-6747,glamventure1@gmail.com,https://glamventure.glossgenius.com/
Skincare by Patrizia,1535 j Street  suite C,Modesto,California,,(209) 605-2377,skincarebypatrizia@gmail.com,
Skintrifecta,16360 Pacific Coast Highway Suite 212.,Huntington Beach,California,,(714) 337-3803,skintrifecta@gmail.com,Www. skintrifevta.glossgenius.com.
Damianne Beauty,2312 oriole st,Bakersfield,California,,(661) 565-2898,rose.beauty1213@gmail.com,
House Of Faces LLC,18 Commonwealth Ave Suite E,Erlanger,Kentucky,,(859) 638-5653,morganl.webb@yahoo.com,https://house-of-faces.square.site/
Ora Spa,284 east st Plainville,Ct,Connecticut,,(860) 817-2578,lizleonard@oraspact.com,https://www.vagaro.com/oraspa
Skin & Tonic,820 E Green St.,Pasadena,California,,(818) 731-9226,contact.skinandtonic@gmail.com,skinandtonicllc.glossgenius.com
Royal beauty skincare LLC,925 S Kerr Ave Suite D-1,Wilmington,North Carolina,,(910) 540-5737,royalbeautyskincare77@gmail.com,www.royalbeautyskincareandbodywork.com
Skin Deep Aesthetics Spa,413 State Road,North Dartmouth,Massachusetts,,(774) 294-0461,catherine@skindeepaestheticsma.com,www.skindeepaestheticsma.com
Purecraft Esthetics,3353 Northwest ave apt 101,Bellingham,Washington,,(564) 209-1072,alan-2m@hotmail.com,www.purecraftesthetics.com
Still Waters Esthetics,2571 Hempstead Tpke Ste 115,East meadow,New York,,(516) 652-1209,gigirod7792@gmail.com,https://stillwatersesthetics.glossgenius.com/
The Wrinkle Witch,10505 Big Bend Rd.,Kirkwood,Missouri,,(636) 215-0829,thewrinklewitch@gmail.com,https://the-wrinkle-witch-llc.square.site/
Skin Devotee Facial Studio,"1601 Walnut Street, Suite 1408",Philadelphia,Pennsylvania,,(267) 312-0929,info@skindevotee.com,www.skindevotee.com
Healing Roots,25 Seminary Ave Suite 1F,Auburn,New York,,(315) 382-0855,healingroots13021@gmail.com,https://booking.mangomint.com/healingrootsdayspa
Full Effect Studio,33625 West 7 Mile Road,Livonia,Michigan,,(313) 729-4447,fulleffectstudio.pmu@gmail.com,www.fulleffectstudio.com
NueGlow Esthetics,904 Greensburg street,Columbia,Kentucky,,(270) 378-2200,kierrastorm123@gmail.com,https://nueglowesthetics.glossgenius.com/
Velvet Skin Studio & Spa,1425 N Dallas Ave  Ste 202,LANCASTER,Texas,,,tayanna@velvetskins.com,
The Purefect,3036 42nd street,Astoria,New York,,(347) 574-3800,ticcadss@gmail.com,www.thepurefect.com
Kallie Brown Esthetics,317 N Webster St,Red Cloud,Nebraska,,(402) 879-9445,kallie06brown@gmail.com,kalliebrown.glossgenius.com
Prime Skin Esthetics,155 Belmont Ave. Suite 111,Belleville,New Jersey,,(973) 878-5313,tawagarba@outlook.com,https://primeskinesthetics.com/
"For the Love of Skin, LLC",414 East A,North Platte,Nebraska,,(308) 660-0868,emilyesthetician8@gmail.com,https://emilyesthetics.glossgenius.com/
Esme Esthetics,230 S Columbia St STE 1,WENATCHEE,Washington,,,esme1087@hotmail.com,https://www.vagaro.com/esmeesthetics
The Skyn Collective,4113 Cherry Hill Rd,arlington,Virginia,,(301) 538-2724,brittmbyas@gmail.com,https://theskyncollective.glossgenius.com/
Haven Hue Beauty,1317 NE 2ND AVE,CAPE CORAL,Florida,,(239) 785-7701,keilin@havenhuebeauty.com,https://havenhue.glossgenius.com/
Barley’s Barber Salon and Skin Studio,192 Blue Rock Road,Millersville,Pennsylvania,,,monique.skinstudio@gmail.com,https://book.squareup.com/appointments/d0038c78-8587-43dc-b2b0-d1c2514fa651/location/C78STYR6BEF4K/services
bewellwithnoelle,4731 Centennial Blvd Apt 143,Nashville,Tennessee,,(908) 310-5350,nmm2468@yahoo.com,
Salon SB Presents: CATRESENCO,9705 NORTHEAST PARKWAY BLDG 300,MATTHEWS,North Carolina,,(404) 822-2292,monicaharris561@gmail.com,
Radiance Lounge,"14090 Fryelands Blvd SE, Ste 126",Monroe,Washington,,'+1 425 375 3250,mariagrajeda@radianceloungemonroe.com,https://radiance-lounge.square.site/
Skin Deep Esthetics by Kayla,117 W Eden St,East Peoria,Illinois,,(720) 636-3284,kaylaarmbright58@gmail.com,
Pink Pearl Massage LLC,125 Middle St suite 101,Lake Mary,Florida,,(689) 316-7045,pinkpearlmassage@gmail.com,https://www.massagebook.com/therapists/pinkpearlmassage/?src=external%2F
Make Me Ova Beauty Bar,1041 Lake Village Circle Suite C,Brandon,Mississippi,,(601) 624-2654,missmakemeova@yahoo.com,www.makemeovabeautybar.com
Refresh Esthetics LLC,"10925 BALES AVE, KANSAS CITY",KANSAS CITY,Missouri,,(816) 217-4147,megan.murphy.1988@gmail.com,https://l.instagram.com/?u=https%3A%2F%2Fsquareup.com%2Fappointments%2Fbook%2F93JCXKET8T6FB%3Futm_source%3Dig%26utm_medium%3Dsocial%26utm_content%3Dlink_in_bio%26fbclid%3DPAZXh0bgNhZW0CMTEAc3J0YwZhcHBfaWQMMjU2MjgxMDQwNTU4AAGnk3gpaMQk7de3oiLodzHNDSJf61eImq837Vm84dV6qlH3FTtgFVwkLrAYsig_aem_kkOcAMxNfZCY6Kg7L-pyjA&e=AT2caJseNuNyO2yk1rJ17CP-kz68diHSS0Yv1Z-0f7gWLDPpQCFoMNlcsBhLVJ1oG03FO-C3C4OAAnAxbNux2AeRgWIotc6avLZ-lrwQDr_PqFsJfXiYh7bK9Q
LA PERFÉ,"725 River road, suite 115",Edgewater,New Jersey,,(551) 255-2365,info@la-perfe.com,www.la-perfe.com
The Sanctuary Spa,608 W Carolina Avenue,Hartsville,South Carolina,,(843) 307-4282,info@the-sanctuary-spa.com,https://the-sanctuary-spa.com/
Clarity Cosmic Creations,20811 Dawn Dr  Suite 907,Lago Vista,Texas,,(512) 646-9471,claritywithcass@gmail.com,
CRYSTAL SKIN CO | LYMPHATIC FACE & BODY STUDIO,950 Turner Dairy Road,Randleman,North Carolina,,(336) 816-0680,crystalskincompany.lymphatic@gmail.com,https://salonwest114.glossgenius.com/
Ace Esthetics LLC,7317 Jefferson Highway suite 115,Baton Rouge,Louisiana,,(225) 588-2563,krisruthy0818@gmail.com,https://aceestheticsbr.glossgenius.com/
Stephanie Faith Esthetics,776 W Liberty St,Sumter,South Carolina,,(803) 938-4769,stephanie.spa828@gmail.com,Stephaniefaithesthetics.clinicsense.com
Honeybee’s Esthetics,222 E Blue Starr Dr,Claremore,Oklahoma,,1 (833) 880-3987,kaitlynnmerritt40@yahoo.com,https://honeybees-esthetics.square.site/
Skintuition,3690 Grant Dr Suite M,Reno,Nevada,,(775) 762-5280,skintuition1@gmail.com,Skintuitionreno.com
Lotus Healing Massage & Esthetics,18030 silver parkway,Fenton,Michigan,,(248) 820-5604,lotushealingmassagetherapy@gmail.com,https://lotushealingmassageandesthetics com
Taylor’ed Esthetics,328 Jefferson St. PO Box 125,Greenfield,Ohio,,(937) 763-0878,carolyn.tayloredesthetics@gmail.com,https://tayloredesthetics.glossgenius.com/
Revenge Skin by Rachel,653 Schodack Landing rd,Schodack Landing,New York,,(518) 285-9770,rachelmlord@gmail.com,Www.vagaro.com/revengeskinbyrachel
Willow and Blyss,3422 N Red Oak Dr,Boise,Idaho,,,willowandblyss@gmail.com,
Face Envy Aesthetics,297 DANIEL WEBSTER HIGHWAY,MERRIMACK,New Hampshire,,(603) 321-9966,kaylafluet@yahoo.com,WWW.FACEENVYAESTHETICS.COM
Aesthetics by Miko Tatum,23672 Lahser Rd,Southfield,Michigan,,(248) 497-9810,mikotatum@gmail.com,http://www.aestheticsbymikotatum.com
Evergreen Esthetics,139 Industrial Drive,La Vernia,Texas,,(210) 835-7334,geg403914@gmail.com,https://theevergreenesthetics.glossgenius.com/
Luminous Aesthetics,131 COOLIDGE ST C2,HUDSON,Massachusetts,,(508) 300-7822,luminousesthetics.2022@gmail.com,https://luminousappoinment.as.me/schedule/a920a7d4
B&G Shine,7332 Florens Ave Suite J,Downey,California,,(323) 548-5456,gisveth@hotmail.com,https://bng-shine-spa.square.site/
Curvy Endings,7747 Lakeside Drive,Riverside,California,,(909) 851-8751,curvyendings@gmail.com,Curvyendings.com
Born This Way,2936 East Oak Street,Jena,Louisiana,,(318) 374-0272,chloe.dubois0515@gmail.com,
Flawless Glow Body Esthetics,6189 NW Sweetwood Drive,Port St. Lucie,Florida,,(904) 881-9990,jessmuneca4@icloud.com,https://flawlessglowbodyestheticsllc.glossgenius.com/
D-Essence Wellness,871 Blooming Grove Turnpike STE 102 suite 102,New Windsor,New York,,(716) 303-8963,dessenceaesthetics@gmail.com,https://na02.patientnow.com/a/dessencewellness/OnlineBooking.aspx
Stacy Mahon,81 Argonne Ave.,Hamilton,New Jersey,,(215) 715-2841,mahon343@gmail.com,Www.beautybybrauna.com
Esthetics by Lauren Brown,1981 Arnold Way Suite 2,Alpine,California,,(619) 414-6919,lauren@lauren-brown.net,lauren-brown.net
SkynHaus,12328 Magnolia Blvd,valley village,California,,(818) 862-1064,toniontiveros13@gmail.com,
Serpent & Sage Skin Studio,112 Equity Blvd Ste 102,Houma,Louisiana,,(985) 257-2119,houmamassageco@gmail.com,www.serpentandsageskin.com
The Garden Wellness Spa,"900 East Katella Ave,Ste G",Orange,California,,(714) 300-9030,gardenspaoc@gmail.com,https://thegardenswellnessspa.com/advanced-facials/
Krystal Klear,584 N Diamond blvd,Diamond Bar,California,,(562) 704-9190,yvette.krystal@gmail.com,https://krystaal-klear.square.site/?utm_source=ig&utm_medium=social&utm_content=link_in_bio&fbclid=PAdGRleAO_EvpleHRuA2FlbQIxMQBzcnRjBmFwcF9pZA8xMjQwMjQ1NzQyODc0MTQAAacWqtn7AKZO-Jqgwdootgo9HArzrli7FU5H9DEkJGsCYZ4P-GU-vxM-Hd4UyA_aem_O-GOXLIeIULpsW5dFkD6SA
The La Skin Bar,2717 E 4th St,Los Angeles,California,,(323) 867-3558,info@thelaskinbar.com,Thelaskinbar.com
J Bella Aesthetics,8205 Garfield ave Suite D,Bell Gardens,California,,(626) 622-0839,jeannete81@gmail.com,
Kendrake Esthetics,120 Tompkins Street,Cortland,New York,,(607) 423-0939,kendrake7860@gmail.com,Kendrakeesthetics.glossgenius.com
Skin by Nids,777 S MacArthur BLVD Ste 405,coppell,Texas,,(832) 696-3609,nidiav25@gmail.com,https://www.skinbynids.co/
ApothoCure,12139 Manchester Rd Loft 12,Des Peres,Missouri,,(636) 515-4398,mandy.hoskins0612@gmail.com,https://apothocure.glossgenius.com/
Ritual Esthetics & Beauty LLC,2903 NorthWestern Pike,Winchester,Virginia,,,katherinedishong247@icloud.com,https://ritualestheticsbeauty.glossgenius.com/
"Eccentric Beauty & Skin, LLC",1050 Gravel Road,Webster,New York,,(585) 230-1491,eccentricbeautyandskin@gmail.com,https://eccentricbeautyandskin.glossgenius.com/
The Facialholic Bar,2626 South Loop W Fwy Svc Rd Suite 200,Houston,Texas,,(832) 358-5777,hintonfrancecarrington@gmail.com,https://thefacialholicbar.glossgenius.com/
Sister Esthetics & Beauty LLC,5 N Main Street,Villa grove,Illinois,,(217) 417-9002,kbreen2010@yahoo.com,https://sisterestheticsandbeauty.glossgenius.com/
Fresh Canvas Skin,337 Main Street  Suite 407,Farmingdale,New York,,,freshcanvasskinbysandra@gmail.com,Www.freshcanvasskin.com
Remedy Skin Lab,1973 foothill pkwy #105,corona,California,,(951) 532-6688,danyelllee3@gmail.com,www.remedyskinlab.com
HARMONI,2809 S 11th st,Abilene,Texas,,,meganharmon201@gmail.com,
Nekd Skincare,276 Bullsboro Dr,Newnan,Georgia,,(770) 328-1517,ebonebridges@nekdskincare.com,www.nekdskincare.com
Aesthetix by Vera,554 Broadway,El Cajon,California,,(858) 242-9582,aesthetix.by.vera@gmail.com,https://aesthetix-by-vera.square.site/s/appointments
Happie Soul Wellness,5000 Lenker Street,Mechanicsburg,Pennsylvania,,(717) 254-7250,admin@happiesoul.me,https://happiesoul.noterro.com/
Magnolia Esthetics,"1100 Main Street, Suite D",Fortuna,California,,(707) 362-6742,aprilarlene11@gmail.com,magnolia.skin.humboldt
Elevatedbyelena,1207 NE Tenth Ave,Mcminnville,Oregon,,(503) 437-8180,luzolmos958@icloud.com,https://elevatedbyelena.glossgenius.com/
RegMar Beauty&Wellness,2250 E Allegheny Avenue  Floor 1,Philadelphia,Pennsylvania,,(267) 808-7137,regmar.beauty@gmail.com,https://app.joinmoxie.com/booking/regmar-beauty-wellness?date=2024-05-24T12%3A35%3A05.844Z&payload=%7B%22date%22%3A%222025-12-02T05%3A03%3A42.328Z%22%7D
Blue Birdie Beauty,104 2nd Ave SW Suite D,Barnesville,Minnesota,,(813) 449-0642,bluebirdiebeauty@gmail.com,Www.vagaro.com/bluebirdiebeauty/services
Grace and Grit Beauty,208 E Central Ave Ste 108,Belton,Texas,,(972) 529-8967,graceandgritbeauty@gmail.com,https://graceandgritbeauty.glossgenius.com/
Plum Natural Nail and Skin Spa,8300 N FM 620 Suite D 300,Austin,Texas,,(512) 291-3147,sally@plumspaaustin.com,www.plumspaaustin.com
Yvette Provost Esthetics,238 West Willow Street,Syracuse,New York,,(315) 561-3092,provost151@aol.com,Yvetteprovostesthetics.com
TMB,1025 James Drive,Leesport,Pennsylvania,,(484) 218-8000,taylor@circadia.com,WWW.CIRCADIA.COM
Glow with Grace Esthetics,7212 Goforth Rd Suite 210,Kyle,Texas,,(512) 608-7145,mnrdgz1220@gmail.com,https://glow-with-grace-esthetics.square.site/
Jill Jodar Advanced Skin Care,323 GEARY ST SUITE 220,SAN FRANCISCO,California,,(415) 997-8141,jill@jjodar.com,jjodar.com
Luna Aesthetics,2768 N Mt Juliet Rd,Mt Juliet,Tennessee,,(615) 669-2143,lunaaestheticstn@gmail.com,Luna-Aesthetics-TN.Square.Site
Replenished You Permanent Cosmetics,408 East Sherman Avenue #307,Coeur d'Alene,Idaho,,(509) 385-1748,replenishedyou@gmail.com,www.replenishedyoucosmetics.com
LuxeBloom Aesthetics and Wellness Spa,1540 Highway 138 SE Suite 2J,Conyers,Georgia,,,simone@skinbysimonenicole.com,
The Skin & Brow Bar,16755 Chagrin Blvd Loft #11,Shaker Heights,Ohio,,(216) 394-3131,theskinandbrowbar@gmail.com,Skinandbrow.glossgenius.com
Go and Glow Esthetics,Merrick Salon Suites 1 Beoadcast Plaza,Merrick,New York,,1 (516) 524-6144,vdemerliotis@gmail.com,goandglowesthetics.glossgenius.com/
Skincare by Varta,1848 Old Norcross Road,Lawrenceville,Georgia,,(678) 878-1858,skincare.byvarta1@gmail.com,skincare-by-varta.skincaretherapy.net
Tavaj Esthetics,253 hurffville-Crosskeys rd.  (Inside Beautiful You Salon),Sewell,New Jersey,,(856) 558-8663,tavaj.esthetics@gmail.com,http://tavajesthetics.glossgenius.com/
Skin Therapy Aesthetics,3939 Atlantic Ave Suite 208,Long Beach,California,,(562) 607-9735,stacy.barrientos@yahoo.com,https://skintherapyaesthetics.glossgenius.com/
Wild Woods Inc. of Libby,34169 US Hwy. 2  Suite 4,Libby,Montana,,(406) 334-4079,stacey@wildwoodsinc.com,Www.wildwoodsinc.com
Skin Clinic By Shelby Zemenski,"1683 Lance Pointe Dr,",Maumee,Ohio,,(419) 277-5516,shelbyzswan@gmail.com,skinclinic.glossgenius.com
Skin by Sandie,600 S. Green Valley Pkwy Studio 12,Henderson,Nevada,,(714) 732-2372,skinbysandie@gmail.com,
ARCHED Brows and Beauty,4 Main St,Lisbon Falls,Maine,,(207) 897-8305,galipeauriley@gmail.com,estheticsbyriley.square.site
Tortal Relaxation by Rachel,14077 Cedar Road Suite 202,South Euclid,Ohio,,(216) 264-6444,totalrelaxationllc@yahoo.com,www.totalrelaxationbyrachel.com
LaBeautyologist Skin Studio,5773 Wilshire Blvd Suite M-105,Los Angeles,California,,,nai@labeautyologist.com,labeautyologist.com
The Main Esthetic,"3 Front st, Suite 424",Rollinsford,New Hampshire,,(603) 722-0778,themainebeautician@gmail.com,Themainesthetic.com
Bayshore Beauty,57 East Front Street,Keyport,New Jersey,,(646) 588-9688,magda@bayshore.beauty,Www.bayshorebeauty.glossgenius.com
Love Lee Skin LLC,450 Cty Rd 251,Rifle,Colorado,,,loveleeskin90@gmail.com,
Rustic Roots Spa,1346 Epiphany Way P207,Trinity,Florida,,(813) 389-8042,rusticrootsspa@outlook.com,https://rusticrootsspa.com/home
Infiniteskinwtrina@gmail.com,900 locust st.,Fairfield,California,,(707) 208-5978,lthodges71@icloud.com,
Bare. skincare & waxing studio,744 Dulaney Valley Rd,Towson,Maryland,,(443) 739-4809,Kristen@bemorebare.com,www.vagaro.com/barestudio
Amethyst Aesthetics,222 ne 4th ave,Camas,Washington,,,esti.kiersten24@gmail.com,https://www.vagaro.com/sdb8vwg
aesthetically kelley,1855 Plumas Street  Suite 5 room #8,Reno,Nevada,,(775) 247-4421,kelley@aestheticallykelley.com,AestheticallyKelley.com
Soft Skin Facial Sanctuary,3964 State Hwy 121 Suite 113,Lewisville,Texas,,(904) 788-6253,j.ward1921@gmail.com,https://softskinfacial.glossgenius.com/
Golden Hour Aesthetics,202 Maple St,Unit F,Maine,,(207) 831-6019,goldenhourlinks@yahoo.com,https://book.squareup.com/appointments/c2wzbu8zcvga5o/location/3HSTRKFG2RHXK/services
Ariadne Skin Studio,1511 S Lake st (Suite 118),Mundelein,Illinois,,(779) 312-0461,ariadneskinstudio@gmail.com,https://book.squareup.com/appointments/0a4dl54kl6k350/location/L31QTCJRNMXE7/services?fbclid=PAT01DUAOloSRleHRuA2FlbQIxMABzcnRjBmFwcF9pZA81NjcwNjczNDMzNTI0MjcAAaeiErqUw8-zCFx8MKcTPOHLvpQcNrAJwJcBzWieuClPb7plQAVwZ-iKi4Eqig_aem_MbUso0k9vKEs2dQthP8HTA
Gissel Skin Care,14505 Torrey Chase Blvd,Houston,Texas,,(346) 460-9791,gisselskincare@yahoo.com,gisselskincare.square.site
Timeless Beauty Bar & Wellness,16 Hamilton St,Southbridge,Massachusetts,,(617) 544-7121,timelessbeautybar6@gmail.com,www.timelessbeautybarsalon.com
Skin Deep Esthetics,920 1st Street,Sturgis,South Dakota,,(605) 939-0303,skindeepesthetics.oo@gmail.com,https://skin-deep-esthetics-105681.square.site/
Skin Like Medusa,365 Harry L Drive,Johnson City,New York,,,emondegrace21@gmail.com,https://skinlikemedusa.as.me/schedule/71be7469
Angelic Glow Esthetics LLC,12718 Terrace Hollow,San Antonio,Texas,,(210) 872-8783,emiliaicolon@gmail.com,https://linktr.ee/emiliaicolon
Wholistic Bodywork Wellness,120 W 169th street,Bronx,New York,,(347) 755-4208,info@wbodywork.com,
EVERGLOW MEDICAL SPA,9536 Cincinnati Columbus Rd Suite 10,Cincinnati,Ohio,,(513) 837-4569,dr.ajaybeauty@yahoo.com,everglowcincy.com
SpellBound Skin RVA,3224 West Cary Street Studio 12 - upstairs,Richmond,Virginia,,(804) 601-4827,spellboundskinrva@gmail.com,spellboundskinrva.glossgenius.com
Amethyst Ageless Studio LLC,520 SE Dixie Hwy,Stuart,Florida,,(772) 801-7245,amethystagelessstudio@gmail.com,https://www.fresha.com/book-now/sunrise-aesthetics-by-anna-llc-xg62b0y6/all-offer?share=true&pId=597614
Angels Skinthetics,6031 Myrtle Avenue,Ridgewood,New York,,(929) 709-6993,angygulleabramov@gmail.com,
Angelita & Company,224 N Main Street,Kingfisher,Oklahoma,,(405) 306-7514,angelridenour@yahoo.com,
Bare Beauty Esthetics,514 S 3rd St,Leesville,Alabama,,,jodilove2017@gmail.com,
Noire Luxxe Skin Beautique,7003 Cohasset Circle,Riverview,Florida,,(813) 610-6345,noireluxxeskin@gmail.com,
MiBelle Esthetics,6080 N. Oracle Rd. Suite H,Tucson,Arizona,,(520) 268-4213,michelle@mibelleesthetics.com,www.mibelleesthetics.com
Immaculate Complexion,1578 E Bloomingdale Ave,Brandon,Florida,,(813) 546-2154,angela@icyourskin.com,Www.icyourskin.com
Aesthetic Medical lounge,312 Long Beach rd,ISLAND PARK,New York,,(516) 522-9361,deniseking175@gmail.com,aestheticmedicallounge.com
Skinink_kd   Kathleen Hamblin,130 S Euclid Ave Unit 1,Pasadena,California,,(626) 488-2180,kthyddly@yahoo.com,wwwSkininkbykdbooking.as.me
Skin and Beauty By Syl,18555 W Thistle Landing Dr,Goodyear,Arizona,,(708) 925-5463,skinandbeautybysyl@gmail.com,http://book.pocketsuite.io/book/sylwia-gorecki
Ramglam Esthetics,1 Boerum Place 2nd Floor,Brooklyn,New York,,(917) 409-8053,Info@Ramglamesthetics.com,RamglamEsthetics.com
Pretty Time Esthetics,7733 Oak Ridge Highway  Suite 2,Knoxville,Tennessee,,(865) 771-1292,prettytimeesthetics@gmail.com,Prettytimeesthetics.com
Skincare By Alissa,388 E.Main Street Suite 12,Branford,Connecticut,,(475) 434-9473,Skincarebyalissab@gmail.com,Http://skincarebyalissa.square.site
Nailz Plus Beauty,3209 Guess Road Suite 202,Durham,North Carolina,,(919) 277-0697,hello@nailzplusbeauty.com,www.nailzplusbeauty.com
Rae Claire Esthetics LLC.,5101 W Esplanade Ave,Metairie,Louisiana,,(504) 458-4776,rachelsino56@gmail.com,https://raeclaireesthetics.glossgenius.com/
MP Aesthetics & Beauty,8388 Hwy 59 Suite 4,Foley,Alabama,,(251) 213-5082,mattisonjohnson.1@gmail.com,mpaestheticsandbeauty.glossgenius.com
Ruby Wred Esthetics,204 East Bridge Street,New Lisbon,Wisconsin,,,m.pedersen1510@gmail.com,rubywredesthetics.glossgenius.com
Powderbox Esthetics,1166 Greenway Dr. B-3,Jackson,Missouri,,(573) 587-8077,maria@powderboxesthetics.com,www.powderboxesthetics.com
The Skin & Co.,536 Southing Grange Unit G,Cottage Grove,Wisconsin,,(608) 561-2088,facesonmain@gmail.com,www.theskinandcompany.com
Mari Herrera Skincare,901 Ponce de Leon Blvd Suite 301,Coral Gables,Florida,,(305) 910-1964,mheyebrowstudio@gmail.com,https://mari-herrera-skin-care.square.site/
Bare Esthetics,4884 kingshire dr,Providence forge,Virginia,,(757) 532-7650,tcobb8490@gmail.com,bareestheticsva.com
The Queen Bee Spa,273 N. Madison Ave  Suite B,Greenwood,Indiana,,(317) 652-3516,sendthistosteph@gmail.com,https://mailchi.mp/2d68a11ebe5f/the-queen-bee-spa?utm_source=mobile_qr_code
Felix Skin Lab,3231 SE 150th Ave,Portland,Oregon,,,contact@felixskinlab.com,www.felixskinlab.com
Sunrise Aesthetics & Massage,800 Technology Way,Scarborough,Maine,,(207) 358-0522,sunriseaestheticsandmassage@gmail.com,www.sunriseaestheticsandmassage.com
Lunamoon Aesthetics,55 West Church Street 2807,Orlando,Florida,,(910) 554-2080,jennifer.kemp1984@gmail.com,
Skin and Sculpting,2825 Arlington Ave,Fayetteville,North Carolina,,(910) 354-9072,joana@skinandsculpting.com,www.skinandsculpting.com
House Of Intrigue,P.o Box 92742,Atlanta,Georgia,,(678) 284-2101,Lea@houseofintrigue.com,
Theresa Violette Esthetician -The Beauty House,35 New Holland Avenue,Shillington,Pennsylvania,,(610) 763-4561,thebeautyhousetheresa@gmail.com,https://theresa-violette.square.site/
Dermabliss Skincare by Jean Anne,5353 East 68th Street South,Tulsa,Oklahoma,,(918) 260-4524,jeanannehodges@gmail.com,call or text 918-260-4524 to book
Esthetics with Autumn,715 Cedar Bayou Rd,Baytown,Texas,,(713) 397-3772,autumn.lanee15@gmail.com,https://estheticswithautumn.glossgenius.com/
Ombré Beauty Bar,617 auburn ave suite 400,swedesboro,New Jersey,,(856) 467-7011,giannagechter@gmail.com,https://www.ombrespraybar.com/
Aloha Aesthetics,"1886 W Bay Dr, Ste E-7",Largo,Florida,,(808) 371-7682,alohaestheticsfl@gmail.com,https://alohaaesthetics.glossgenius.com/
Silkol Inc  Silkol Skin&Body,929 Route 25A,Miller Place,New York,,(631) 946-8263,silkol.skinbody@gmail.com,Silkolskinbody.com
Nourish Skin Nashville,1226 Lakeview Dr. Suite G,Franklin,Tennessee,,(615) 295-0055,kyungripark@gmail.com,vagaro.com/nourishskinnashville
"Body, Health & Mind Center",807 North Roan Street,Johnson City,Tennessee,,(423) 282-9713,info@mybhmc.com,www.bodyhealthandmind.com
Skin Like This,1010 Rogers Avenue Unit 1,Brooklyn,New York,,(718) 702-5171,info@getskinlikethis.com,getskinlikethis.com
Mindful Body Studio,9525 S 79th Ave,Hickory Hills,Illinois,,,Mindfulbodystudiollc@gmail.com,www.mindfulbodystudio.com
Let's Face It! Aesthetics,1335 E. Whitestone Blvd. Building U,Cedar Park,Texas,,(512) 394-4610,heather@letsfaceitskin.com,www.letsfaceitskin.com
Beaucoup Esthetics,"7135 Hodgson Memorial Dr STE C, #8",Savannah,Georgia,,(912) 549-0137,beaucoupesthetics@gmail.com,beaucoupesthetics.com
Jennifer Colleen Aesthetics,250 W. Main St Suite 203,Mooresestown,New Jersey,,(609) 817-5151,bebeautifulbyjc@gmail.com,www.jennifercolleenaesthetics.com
Samame Aesthete,3242 branch creek dr,Sarasota,Florida,,(202) 819-7542,samameaesthete@gmail.com,https://www.instagram.com/agus_samame?igsh=MTVqeGc4NG9rcTE2dQ==
Oceanshores Spa and Skincare,114 E Chance  A La Mer NE,Ocean Shores,Washington,,(360) 591-5599,hillcalisa@gmail.com,
Kiss Her Face Aesthetics,6991 Pecan Street  Suite 100,Frisco,Texas,,(323) 251-4778,sabrina@kissherfaceaesthetics.com,vagaro.com/kissherfaceaesthetics
Anointed Hands Massage & Spa Essentials,My Salon Suite 60 Washington Street,E. Walpole,Massachusetts,,(508) 818-6497,anointedhandsmassage7@gmail.com,HTTPS://anointedhandsmassage7.square.site
TRUBEAUTY ESTHETICS,3428 E. 100 N.,Rigby,Idaho,,(208) 716-0482,youngstromsheri@yahoo.com,www.trubeautyesthetic.com
ELEVATE @ The Loft,728 Mast Rd,Manchester,New Hampshire,,(603) 716-6263,smonnelly81@gmail.com,https://www.vagaro.com/Users/BusinessWidget.aspx?enc=MMLjhIwJMcwFQhXLL7ifVKyZU+OAlUFr1g2H7PFFgwP5VHTSfJAs54TDhW31DhOmTWkHHnYNFVmUQChfZoLundlosTcBptf6MgkcHCC5yTtxqPcoa/GP/j04owq8bMo1/p/RdK4EW9riv3uCt/uT569qHPT6mjq74kmyIkJ9uDU9ZaRuIia2jXvpw4FnsAtg+MmrY5IZN04A77ezEnVN+4Jy9XKW3Rf7AgOdzn9hX5+JWvZ+mTHCyHfplzOYpzApVCnmRZ0fEfpPx75lRDc9uzrFs/HM7CSIEkajoPzUt/iyBTj988bw+rx8GPE233MI5XdNgdGBDxY+LzJ0+tNtXwYstqwCPS3gMdxi78venPs7cuNZvf+HLr6Oiy71kJhy0FWlrdwVF1/GVpd3Orw14Vjikcz5XoDLvQ7wgxbKo599pyERF9u5HsdHFH+sFtf
llycselaesthetics,1725 SW Commerce Ave,Port Saint Lucie,FL,,,,www.llycselaesthetics.com/
Omnia Esthetics,109 Oak Avenue,Menomonie,Wisconsin,,,omnia.esthetics.wi@gmail.com,
