_id,shopifyGID,name,providerCode,phoneNumber,address,streetAddress1,streetAddress2,city,state,zipCode,country,status,addedBy,latitude,longitude,createdAt,updatedAt
68f2d8786e538285870be229,gid://shopify/Metaobject/153555403072,Duo Wellness,duo-wellness,202-670-9590,"2500 Wisconsin Ave NW, Suite 112, Washington, DC, 20007, USA",2500 Wisconsin Ave NW,Suite 112,Washington,DC,20007,USA,Active,Shopify App,38.9228966,-77.0739414,2025-10-17T23:59:50.000Z,2025-10-29T17:35:31.000Z
68f2d8786e538285870be22a,gid://shopify/Metaobject/153555435840,Savage Skin LLC,savage-skin-llc,843-368-9629,"2 Marshland Rd, Hilton, HiltonHead Island, SC, 29926, USA","2 Marshland Rd, Hilton",,HiltonHead Island,SC,29926,USA,Active,Shopify App,32.2057068,-80.7029029,2025-10-17T23:59:51.000Z,2025-10-17T23:59:51.000Z
68f2d8796e538285870be22b,gid://shopify/Metaobject/153555468608,Skincare by Wendy,skincare-by-wendy,6313393766,"40 South Main Street, Sayville, NY, 11782, USA",40 South Main Street,,Sayville,NY,11782,USA,Active,Shopify App,40.7360546,-73.0815239,2025-10-17T23:59:51.000Z,2025-10-17T23:59:51.000Z
68f2d8796e538285870be22c,gid://shopify/Metaobject/153555501376,Mosaic Medicine,mosaic-medicine,605-545-4109,"2800 Jackson Blvd, Suite 2, Rapid City, SD, 57702, USA",2800 Jackson Blvd,Suite 2,Rapid City,SD,57702,USA,Active,Shopify App,44.0694892,-103.2658598,2025-10-17T23:59:51.000Z,2025-10-17T23:59:51.000Z
68f2d8796e538285870be22d,gid://shopify/Metaobject/153555534144,Live Oak Med Spa,live-oak-med-spa,9104779038,"5130 Southport Supply Rd, Suite 101-2, Southport, NC, 28461, USA",5130 Southport Supply Rd,Suite 101-2,Southport,NC,28461,USA,Active,Shopify App,33.9523289,-78.04424089999999,2025-10-17T23:59:51.000Z,2025-10-17T23:59:51.000Z
68f2d87a6e538285870be22e,gid://shopify/Metaobject/153555566912,Real Skin Aesthetics,real-skin-aesthetics,8475050116,"1883 2nd St. , Studios 19 & 20, Highland Park, IL, 60035, USA",1883 2nd St. ,Studios 19 & 20,Highland Park,IL,60035,USA,Active,Shopify App,42.1867896,-87.80146119999999,2025-10-17T23:59:52.000Z,2025-10-17T23:59:52.000Z
68f2d87a6e538285870be22f,gid://shopify/Metaobject/153555599680,HOUS OF ESTHETICS,hous-of-esthetics,9176178794,"7342 68TH AVENUE, MIDDLE VILLAGE, NY, 11379, USA",7342 68TH AVENUE,,MIDDLE VILLAGE,NY,11379,USA,Active,Shopify App,40.7105682,-73.8772922,2025-10-17T23:59:52.000Z,2025-10-17T23:59:52.000Z
68f2d87b6e538285870be230,gid://shopify/Metaobject/153555632448,Ziba Medical Aesthetics,ziba-medical-aesthetics,8562907844,"241A Kings Hwy E, Haddonfield, NJ, 08033, USA",241A Kings Hwy E,,Haddonfield,NJ,08033,USA,Active,Shopify App,39.8991978,-75.0302513,2025-10-17T23:59:53.000Z,2025-10-17T23:59:53.000Z
68f2d87b6e538285870be231,gid://shopify/Metaobject/153555665216,Thorpe Chiropractic and Wellness,thorpe-chiropractic-and-wellness,,"5144 Central Ave, St Petersburg, FL, 33707, USA",5144 Central Ave,,St Petersburg,FL,33707,USA,Active,Shopify App,27.7706279,-82.7033969,2025-10-17T23:59:53.000Z,2025-10-17T23:59:53.000Z
68f2d87b6e538285870be232,gid://shopify/Metaobject/153555697984,RM Waxing,rm-waxing,325-513-7570,"25075 Arctic Fox Rd, Kasilof, AK, 99610, USA",25075 Arctic Fox Rd,,Kasilof,AK,99610,USA,Active,Shopify App,60.3485604,-151.2724547,2025-10-17T23:59:53.000Z,2025-10-17T23:59:53.000Z
68f2d87c6e538285870be233,gid://shopify/Metaobject/153555730752,Skincare & Moore,skincare-and-moore,720.503.1100,"2760 E County Line Road, Unit M #115, Highlands Ranch, CO, 80126, USA",2760 E County Line Road,Unit M #115,Highlands Ranch,CO,80126,USA,Active,Shopify App,39.5654384,-104.9550894,2025-10-17T23:59:54.000Z,2025-10-17T23:59:54.000Z
68f2d87c6e538285870be234,gid://shopify/Metaobject/153555763520,Arch and Ink,arch-and-ink,509-480-7362,"100 W Main Street , Suite #102, Boise, ID, 83702, USA",100 W Main Street ,Suite #102,Boise,ID,83702,USA,Active,Shopify App,43.6117444,-116.195305,2025-10-17T23:59:54.000Z,2025-10-17T23:59:54.000Z
68f2d87c6e538285870be235,gid://shopify/Metaobject/153555796288,California Esthetic,california-esthetic,619-946-3886,"35197 Sunnyside Dr, Yucaipa, CA, 92399, USA",35197 Sunnyside Dr,,Yucaipa,CA,92399,USA,Active,Shopify App,34.0588737,-117.0366295,2025-10-17T23:59:54.000Z,2025-10-17T23:59:54.000Z
68f2d87d6e538285870be237,gid://shopify/Metaobject/153555861824,Kapaa Nail and Tanning Salon,kapaa-nail-tanning-salon,(808) 639-7377,"4-901 KUHIO HWY , STE 1A, KAPAA, HI, 96746-1576, USA",4-901 KUHIO HWY ,STE 1A,KAPAA,HI,96746-1576,USA,Active,Shopify App,22.0636135,-159.320008,2025-10-17T23:59:55.000Z,2025-10-23T00:16:26.000Z
68f2d87d6e538285870be238,gid://shopify/Metaobject/153555894592,Angie Scott Medical Aesthetics,angie-scott-medical-aesthetics,7345686066,"3409 W Sterns Rd., Lambertville, MI, 48144, USA",3409 W Sterns Rd.,,Lambertville,MI,48144,USA,Active,Shopify App,41.7485057,-83.62843099999999,2025-10-17T23:59:56.000Z,2025-10-17T23:59:56.000Z
68f2d87e6e538285870be239,gid://shopify/Metaobject/153555960128,NakedMD Downey,nakedmd-downey,888-747-0888,"8301 Florence Ave , #104, Downey, CA, 90240, USA",8301 Florence Ave ,#104,Downey,CA,90240,USA,Active,Shopify App,33.9513093,-118.124892,2025-10-17T23:59:56.000Z,2025-10-17T23:59:56.000Z
68f2d87e6e538285870be23a,gid://shopify/Metaobject/153555927360,Lash Line Studio Aesthetics,lash-line-studio-aesthetics,6173137800,"425 Somerville Ave, Somerville, MA, 02143, USA",425 Somerville Ave,,Somerville,MA,02143,USA,Active,Shopify App,42.3821125,-71.1017842,2025-10-17T23:59:56.000Z,2025-10-17T23:59:56.000Z
68f2d87f6e538285870be23c,gid://shopify/Metaobject/153556025664,WAC Chicago,wac-chicago,3129446123,"626 Michigan Ave, Chicago, IL, 60611, USA",626 Michigan Ave,,Chicago,IL,60611,USA,Active,Shopify App,41.8935744,-87.624693,2025-10-17T23:59:57.000Z,2025-10-17T23:59:57.000Z
68f2d87f6e538285870be23d,gid://shopify/Metaobject/153556058432,Contour Body Aesthetics,contour-body-aesthetics,(970) 355-4897,"2425 S Grand Ave., Suite 108, Glenwood Springs, CO, 81601, USA",2425 S Grand Ave.,Suite 108,Glenwood Springs,CO,81601,USA,Active,Shopify App,39.52770539999999,-107.32591,2025-10-17T23:59:57.000Z,2025-10-17T23:59:57.000Z
68f2d8806e538285870be23f,gid://shopify/Metaobject/153556123968,RA Radiance Med spa,ra-radiance-med-spa,432-940-3157,"106 East 1st St,, Fort Stockton, TX, 79735, USA","106 East 1st St,",,Fort Stockton,TX,79735,USA,Active,Shopify App,30.8853419,-102.878734,2025-10-17T23:59:58.000Z,2025-10-17T23:59:58.000Z
68f2d8806e538285870be240,gid://shopify/Metaobject/153556156736,Health Link Medical Group,health-link-medical-group,702-485-0008,"2125 S El Camino Real, #204, Carlsbad, CA, 92054, USA",2125 S El Camino Real,#204,Carlsbad,CA,92054,USA,Active,Shopify App,33.1885567,-117.328831,2025-10-17T23:59:58.000Z,2025-10-17T23:59:58.000Z
68f2d8806e538285870be241,gid://shopify/Metaobject/153556222272,Reveal Wellness,reveal-wellness,310-241-0947,"28645 S Western Ave, Rancho Palos Verdes, CA, 90275, USA",28645 S Western Ave,,Rancho Palos Verdes,CA,90275,USA,Active,Shopify App,33.758276,-118.312992,2025-10-17T23:59:59.000Z,2025-10-17T23:59:59.000Z
68f2d8816e538285870be242,gid://shopify/Metaobject/153556189504,The Skin Artisté LLC,the-skin-artiste-llc,2679949933,"551 W. Lancaster Ave, Suite 402, Haverford, PA, 19041, USA",551 W. Lancaster Ave,Suite 402,Haverford,PA,19041,USA,Active,Shopify App,40.0168422,-75.30847419999999,2025-10-17T23:59:59.000Z,2025-10-17T23:59:59.000Z
68f2d8816e538285870be243,gid://shopify/Metaobject/153556255040,Charli & Chlo,charli-and-chlo,9033160297,"2072 Three Lakes Pkwy , ste 400, Tyler, TX, 75703, USA",2072 Three Lakes Pkwy ,ste 400,Tyler,TX,75703,USA,Active,Shopify App,32.2684134,-95.3390924,2025-10-17T23:59:59.000Z,2025-10-17T23:59:59.000Z
68f2d8826e538285870be244,gid://shopify/Metaobject/153556287808,Revay Aesthetics,revay-aesthetics,559-547-6949,"7085 N. Whitney #108, Fresno, CA, 93720, USA",7085 N. Whitney #108,,Fresno,CA,93720,USA,Active,Shopify App,36.838886,-119.7428137,2025-10-18T00:00:00.000Z,2025-10-18T00:00:00.000Z
68f2d8826e538285870be245,gid://shopify/Metaobject/153556320576,B1 Esthetics,b1-esthetics,702-755-1181,"8821 W Sahara Ave , Unit 120, Las Vegas, NV, 89117, USA",8821 W Sahara Ave ,Unit 120,Las Vegas,NV,89117,USA,Active,Shopify App,36.1428765,-115.2887308,2025-10-18T00:00:00.000Z,2025-10-18T00:00:00.000Z
68f2d8826e538285870be246,gid://shopify/Metaobject/153556353344,The Little Orchid Aesthetics,the-little-orchid-aesthetics,720-690-4699,"13635 E 104th Ave , #150, Commerce city, CO, 80022, USA",13635 E 104th Ave ,#150,Commerce city,CO,80022,USA,Active,Shopify App,39.88602909999999,-104.8288009,2025-10-18T00:00:00.000Z,2025-10-18T00:00:00.000Z
68f2d8836e538285870be247,gid://shopify/Metaobject/153556386112,BellaMD,bellamd,214 378 6500,"6170 Sherry Ln. , #100, Dallas, TX, 75225, USA",6170 Sherry Ln. ,#100,Dallas,TX,75225,USA,Active,Shopify App,32.8618703,-96.8050014,2025-10-18T00:00:01.000Z,2025-10-18T00:00:01.000Z
68f2d8836e538285870be248,gid://shopify/Metaobject/153556418880,Metropolis Dermatology - San Jose,metropolis-dermatology-san-jose,(408) 581-0161,"111 North Market St, #1000, San Jose, CA, 95113, USA",111 North Market St,#1000,San Jose,CA,95113,USA,Active,Shopify App,37.3377941,-121.8942698,2025-10-18T00:00:01.000Z,2025-10-18T00:00:01.000Z
68f2d8836e538285870be249,gid://shopify/Metaobject/153556451648,Altman Aesthetic Center,altman-aesthetic-center,201-569-3334,"570 Sylvan Ave, Englewood Cliffs, NJ, 07632, USA",570 Sylvan Ave,,Englewood Cliffs,NJ,07632,USA,Active,Shopify App,40.8850759,-73.9478264,2025-10-18T00:00:02.000Z,2025-11-01T02:53:10.000Z
68f2d8846e538285870be24a,gid://shopify/Metaobject/153556484416,Purely K Skincare,purely-k-skincare,541-788-7281,"4120 N Linder Rd , Suite 100, Meridian, ID, 83646, USA",4120 N Linder Rd ,Suite 100,Meridian,ID,83646,USA,Active,Shopify App,43.6419112,-116.4132963,2025-10-18T00:00:02.000Z,2025-10-18T00:00:02.000Z
68f2d8846e538285870be24b,gid://shopify/Metaobject/153556517184,One Care Spa,one-care-spa,843-342-3202,"81 N Main Street, STE 202, Hilton Head, SC, 29926, USA",81 N Main Street,STE 202,Hilton Head,SC,29926,USA,Active,Shopify App,32.2167641,-80.71889259999999,2025-10-18T00:00:02.000Z,2025-10-18T00:00:02.000Z
68f2d8856e538285870be24d,gid://shopify/Metaobject/153556582720,"Brandy Watkins Beauty, LLC",brandy-watkins-beauty-llc,(262) 955-4566,"N80W14954 Appleton Ave. , Studio 12, Menomonee Falls, WI, 53051, USA",N80W14954 Appleton Ave. ,Studio 12,Menomonee Falls,WI,53051,USA,Active,Shopify App,43.1646264,-88.0959036,2025-10-18T00:00:03.000Z,2025-10-18T00:00:03.000Z
68f2d8856e538285870be24e,gid://shopify/Metaobject/153556681024,Kalon,kalon,2705052129,"110 South Main St , Suite 115, Elizabethtown, KY, 42701, USA",110 South Main St ,Suite 115,Elizabethtown,KY,42701,USA,Active,Shopify App,37.6925522,-85.8590993,2025-10-18T00:00:03.000Z,2025-10-18T00:00:03.000Z
68f2d8856e538285870be24f,gid://shopify/Metaobject/153556746560,La Belle Vie Medspa,la-belle-vie-medspa,770-807-4124,"16400 Southcenter Pkwy, Suite 100, Tukwila, WA, 98188, USA",16400 Southcenter Pkwy,Suite 100,Tukwila,WA,98188,USA,Active,Shopify App,47.4552729,-122.2616832,2025-10-18T00:00:04.000Z,2025-10-18T00:00:04.000Z
68f2d8866e538285870be250,gid://shopify/Metaobject/153556779328,Skin Chalet Steamboat,skin-chalet-steamboat,(970) 439-0091,"1021 Lincoln Ave, Steamboat Springs, CO, 80487, USA",1021 Lincoln Ave,,Steamboat Springs,CO,80487,USA,Active,Shopify App,40.4874623,-106.8375205,2025-10-18T00:00:04.000Z,2025-10-18T00:00:04.000Z
68f2d8876e538285870be251,gid://shopify/Metaobject/153556812096,Hua Esthetics (inactive),hua-esthetics,208-760-0513,"1200 East Watertower Street , Suite 130, Meridian, ID, 83642, USA",1200 East Watertower Street ,Suite 130,Meridian,ID,83642,USA,Active,Shopify App,43.6008845,-116.3791824,2025-10-18T00:00:05.000Z,2025-10-22T22:31:07.000Z
68f2d8876e538285870be252,gid://shopify/Metaobject/153556877632,Forma Medical Aesthetics & Wellness,forma-medical-aesthetics-wellness,770-568-0092,"11780 Northfall Lane , Unit 301, Alpharetta, GA, 30009, USA",11780 Northfall Lane ,Unit 301,Alpharetta,GA,30009,USA,Active,Shopify App,34.0669059,-84.30722039999999,2025-10-18T00:00:05.000Z,2025-11-12T18:25:03.000Z
68f2d8876e538285870be253,gid://shopify/Metaobject/153556910400,PS By Lauren,ps-by-lauren,+1 (949) 202-7414,"385 Sunrise Cir., Costa Mesa, CA, 92627, USA",385 Sunrise Cir.,,Costa Mesa,CA,92627,USA,Active,Shopify App,33.6516748,-117.8921043,2025-10-18T00:00:05.000Z,2025-10-18T00:00:05.000Z
68f2d8886e538285870be254,gid://shopify/Metaobject/153556943168,Esthetics Center - El Dorado,esthetics-center,916-941-9400,"2211 Francisco Drive, El Dorado Hills, CA, 95762, USA",2211 Francisco Drive,,El Dorado Hills,CA,95762,USA,Active,Shopify App,38.7101487,-121.0832319,2025-10-18T00:00:06.000Z,2026-02-05T00:08:09.000Z
68f2d8886e538285870be255,gid://shopify/Metaobject/153556975936,FACELAB,facelab,503-737-7268,"12198 SE 158th Ave, Happy Valley, OR, 97086, USA",12198 SE 158th Ave,,Happy Valley,OR,97086,USA,Active,Shopify App,45.4343713,-122.5014001,2025-10-18T00:00:06.000Z,2025-10-18T00:00:06.000Z
68f2d8886e538285870be256,gid://shopify/Metaobject/153557008704,Galanis Plastic Surgery,galanis-plastic-surgery,310-858-8930,"416 N Bedford Dr , Ste 311, Beverly Hills, CA, 90210, USA",416 N Bedford Dr ,Ste 311,Beverly Hills,CA,90210,USA,Active,Shopify App,34.0683718,-118.405005,2025-10-18T00:00:06.000Z,2025-10-18T00:00:06.000Z
68f2d8896e538285870be258,gid://shopify/Metaobject/153557074240,Meg Fox Aesthetics Annapolis,meg-fox-aesthetics-annapolis,301-778-1326,"2496 Riva Rd , Ste 410, Annapolis, MD, 21401, USA",2496 Riva Rd ,Ste 410,Annapolis,MD,21401,USA,Active,Shopify App,38.982231,-76.54484,2025-10-18T00:00:07.000Z,2025-10-18T00:00:07.000Z
68f2d88a6e538285870be25a,gid://shopify/Metaobject/153557139776,Amadika Aesthetics,amadika-aesthetics,970.683.8798,"3070 I-70 Business Loop, Suite B2, Grand Junction, CO, 81504, USA",3070 I-70 Business Loop,Suite B2,Grand Junction,CO,81504,USA,Active,Shopify App,39.081491,-108.48243,2025-10-18T00:00:08.000Z,2025-10-18T00:00:08.000Z
68f2d88a6e538285870be25b,gid://shopify/Metaobject/153557172544,Calm Spirit Integrative Wellness,calm-spirit-integrative-wellness,303.467.5337,"12380 W 64th Ave, Arvada, CO, 80004, USA",12380 W 64th Ave,,Arvada,CO,80004,USA,Active,Shopify App,39.8123432,-105.1371555,2025-10-18T00:00:08.000Z,2025-10-18T00:00:08.000Z
68f2d88a6e538285870be25c,gid://shopify/Metaobject/153557205312,ZENA Medical,zena-medical,949-200-8222,"359 SAN MIGUEL DRIVE , Ste 300, Newport Beach, CA, 92660, USA",359 SAN MIGUEL DRIVE ,Ste 300,Newport Beach,CA,92660,USA,Active,Shopify App,33.6126273,-117.8723712,2025-10-18T00:00:09.000Z,2025-10-18T00:00:09.000Z
68f2d88b6e538285870be25d,gid://shopify/Metaobject/153557270848,After Glow Experience,after-glow-experience,520-661-2685,"4745 N First Ave, Tucson, AZ, 85718, USA",4745 N First Ave,,Tucson,AZ,85718,USA,Active,Shopify App,32.2931692,-110.9616424,2025-10-18T00:00:10.000Z,2025-10-18T00:00:10.000Z
68f2d88b6e538285870be25e,gid://shopify/Metaobject/153557238080,Springs Body Sculpting & Aesthetics,springs-body-sculpting-and-aesthetics,(719) 387-0630,"5731 Silverstone Terrace, Suite 270, Colorado Springs, CO, 80919, USA",5731 Silverstone Terrace,Suite 270,Colorado Springs,CO,80919,USA,Active,Shopify App,38.914031,-104.8643683,2025-10-18T00:00:09.000Z,2025-10-18T00:00:09.000Z
68f2d88c6e538285870be25f,gid://shopify/Metaobject/153557303616,Origins Medicine & Aesthetics,origins-medicine-and-aesthetics,(408) 909-1350,"15100 Los Gatos Blvd , Ste 1, Los Gatos, CA, 95032, USA",15100 Los Gatos Blvd ,Ste 1,Los Gatos,CA,95032,USA,Active,Shopify App,37.2486249,-121.9555329,2025-10-18T00:00:10.000Z,2025-10-18T00:00:10.000Z
68f2d88c6e538285870be260,gid://shopify/Metaobject/153557336384,Re-Glo Aesthetics,re-glo-aesthetics,408-691-5371,"580 El Camino Real , Suite 27, Santa Clara, CA, 95050, USA",580 El Camino Real ,Suite 27,Santa Clara,CA,95050,USA,Active,Shopify App,37.353157,-121.9391113,2025-10-18T00:00:10.000Z,2025-10-18T00:00:10.000Z
68f2d88c6e538285870be261,gid://shopify/Metaobject/153557369152,Rumours Wellness,rumours-wellness,(903) 663-0061,"3394 Hwy 259 N, Suite 1, Longview, TX, 75605, USA",3394 Hwy 259 N,Suite 1,Longview,TX,75605,USA,Active,Shopify App,32.41550120000001,-94.846001,2025-10-18T00:00:11.000Z,2025-10-18T00:00:11.000Z
68f2d88d6e538285870be262,gid://shopify/Metaobject/153557401920,Skin Technology,skin-technology,(435) 688-0266,"491 Riverside Drive, St George, UT, 84790, USA",491 Riverside Drive,,St George,UT,84790,USA,Active,Shopify App,37.0866225,-113.5726641,2025-10-18T00:00:11.000Z,2025-10-18T00:00:11.000Z
68f2d88d6e538285870be263,gid://shopify/Metaobject/153557434688,FNDATN Functional Medicine & Aesthetics,fndatn-functional-medicine-aesthetics,208-954-2359,"3003 W Main Street , Suite 110, Boise, ID, 83702, USA",3003 W Main Street ,Suite 110,Boise,ID,83702,USA,Active,Shopify App,43.621237,-116.228024,2025-10-18T00:00:11.000Z,2025-10-21T23:53:45.000Z
68f2d88d6e538285870be264,gid://shopify/Metaobject/153557467456,Kramer Plastic Surgery,kramer-plastic-surgery,208.344.4900,"1736 S Millennium Way, Meridian, ID, 83646, USA",1736 S Millennium Way,,Meridian,ID,83646,USA,Active,Shopify App,43.5886419,-116.3674372,2025-10-18T00:00:12.000Z,2025-10-18T00:00:12.000Z
68f2d88e6e538285870be265,gid://shopify/Metaobject/153557500224,Serotonin Center,serotonin-center,8133550320,"3838 West Neptune St , D1, Tampa, FL, 33629, USA",3838 West Neptune St ,D1,Tampa,FL,33629,USA,Active,Shopify App,27.9296902,-82.50762600000002,2025-10-18T00:00:12.000Z,2025-10-18T00:00:12.000Z
68f2d88e6e538285870be266,gid://shopify/Metaobject/153557532992,NovaSkin Laser & Wellness,novaskin-laser-and-wellness,7313302221,"716 N Highland Ave, Jackson, TN, 38301, USA",716 N Highland Ave,,Jackson,TN,38301,USA,Active,Shopify App,35.6268122,-88.81861239999999,2025-10-18T00:00:13.000Z,2025-10-18T00:00:13.000Z
68f2d88f6e538285870be267,gid://shopify/Metaobject/153557565760,Savage Serenity,savage-serenity,559-388-8726,"997 E Champlain Dr , # 160, Fresno, CA, 93720, USA",997 E Champlain Dr ,# 160,Fresno,CA,93720,USA,Active,Shopify App,36.8720521,-119.7654387,2025-10-18T00:00:13.000Z,2025-10-18T00:00:13.000Z
68f2d88f6e538285870be268,gid://shopify/Metaobject/153557598528,EXO Industries,exo-industries,6362939691,"2 157 Center, Edwardsville, IL, 62025, USA",2 157 Center,,Edwardsville,IL,62025,USA,Active,Shopify App,38.7845397,-89.9797044,2025-10-18T00:00:13.000Z,2025-10-18T00:00:13.000Z
68f2d8906e538285870be269,gid://shopify/Metaobject/153557631296,Lash Amore Beauty Lounge,lash-amore-beauty-lounge,9077380035,"205 Lance Drive, Sitka, AK, 99835, USA",205 Lance Drive,,Sitka,AK,99835,USA,Active - Non-accruing,Shopify App,57.0494114,-135.3014343,2025-10-18T00:00:14.000Z,2026-01-26T19:48:23.000Z
68f2d8906e538285870be26a,gid://shopify/Metaobject/153557664064,Sakura Aesthetics,sakura-aesthetics,(855) 443-4059,"1600 Kapiolani Boulevard , Suite 500, Honolulu, HI, 96814, USA",1600 Kapiolani Boulevard ,Suite 500,Honolulu,HI,96814,USA,Active,Shopify App,21.2920802,-157.8391624,2025-10-18T00:00:14.000Z,2025-10-18T00:00:14.000Z
68f2d8906e538285870be26b,gid://shopify/Metaobject/153557696832,FACE BY MACE,face-by-mace,970-581-9367,"83 Crater Pool Ln, Saratoga Springs, UT, 84045, USA",83 Crater Pool Ln,,Saratoga Springs,UT,84045,USA,Active,Shopify App,40.360854,-111.913458,2025-10-18T00:00:14.000Z,2025-10-18T00:00:14.000Z
68f2d8916e538285870be26c,gid://shopify/Metaobject/153557729600,The Spa by Sheena,the-spa-by-sheena,806-701-5840,"8713 Milwaukee Ave, Suite 200, Lubbock, TX, 79424, USA",8713 Milwaukee Ave,Suite 200,Lubbock,TX,79424,USA,Active,Shopify App,33.5141098,-101.9564279,2025-10-18T00:00:15.000Z,2025-10-18T00:00:15.000Z
68f2d8916e538285870be26d,gid://shopify/Metaobject/153557762368,Juliet Beauty Injectables,juliet-beauty-injectables,601-940-2999,"5136 US-80, Morton, MS, 39117, USA",5136 US-80,,Morton,MS,39117,USA,Active,Shopify App,32.353321,-89.6489483,2025-10-18T00:00:15.000Z,2025-10-18T00:00:15.000Z
68f2d8916e538285870be26e,gid://shopify/Metaobject/153557795136,Bloom Aesthetics LLC,bloom-aesthetics-llc,3055223968,"91951 Overseas Hwy., Tavernier, FL, 33070, USA",91951 Overseas Hwy.,,Tavernier,FL,33070,USA,Active,Shopify App,25.0104305,-80.5156433,2025-10-18T00:00:15.000Z,2025-10-18T00:00:15.000Z
68f2d8926e538285870be26f,gid://shopify/Metaobject/153557827904,Hue Salon & Spa,hue-salon-and-spa,702-675-7550,"4245 S Grand Canyon Dr,  #100, Las Vegas, NV, 89147, USA",4245 S Grand Canyon Dr, #100,Las Vegas,NV,89147,USA,Active,Shopify App,36.1122131,-115.3065298,2025-10-18T00:00:16.000Z,2025-10-18T00:00:16.000Z
68f2d8926e538285870be270,gid://shopify/Metaobject/153557860672,Nyse Aesthetic,nyse-aesthetic,2146798697,"279 W Hidden Creek Pkwy , Suite 1105, Burleson, TX, 76028, USA",279 W Hidden Creek Pkwy ,Suite 1105,Burleson,TX,76028,USA,Active,Shopify App,32.5245183,-97.32410499999999,2025-10-18T00:00:16.000Z,2025-10-18T00:00:16.000Z
68f2d8926e538285870be271,gid://shopify/Metaobject/153557893440,OptimalSelf MD,optimalself-md,864-663-1266,"309 E. Stone Ave, Greenville, SC, 29609, USA",309 E. Stone Ave,,Greenville,SC,29609,USA,Active,Shopify App,34.86056850000001,-82.3888416,2025-10-18T00:00:17.000Z,2025-10-18T00:00:17.000Z
68f2d8936e538285870be272,gid://shopify/Metaobject/153557926208,Pure Skin + acne clinic,pure-skin-acne-clinic,9163171002,"2140 Professional Drive, Suite 205, Roseville, CA, 95661, USA",2140 Professional Drive,Suite 205,Roseville,CA,95661,USA,Active,Shopify App,38.7420237,-121.2481777,2025-10-18T00:00:17.000Z,2025-10-18T00:00:17.000Z
68f2d8936e538285870be273,gid://shopify/Metaobject/153557958976,Aggie Land Aesthetics,aggie-land-aesthetics,979.450.0979,"305 W 27th St, Suite #114, Bryan, TX, 77803, USA",305 W 27th St,Suite #114,Bryan,TX,77803,USA,Active,Shopify App,30.6728032,-96.37586139999999,2025-10-18T00:00:17.000Z,2025-10-18T00:00:17.000Z
68f2d8946e538285870be274,gid://shopify/Metaobject/153558024512,Miranda Sturce,miranda-sturce,2123009879,"740 Park Avenue, NY, NY, 10021, USA",740 Park Avenue,,NY,NY,10021,USA,Active,Shopify App,40.7707543,-73.9645571,2025-10-18T00:00:18.000Z,2025-10-18T00:00:18.000Z
68f2d8946e538285870be275,gid://shopify/Metaobject/153557991744,In The Nude Skincare,in-the-nude-skincare,(619) 366-0580,"616 Stevens Ave. , Suite M, Solana Beach, CA, 92075, USA",616 Stevens Ave. ,Suite M,Solana Beach,CA,92075,USA,Active,Shopify App,32.9889262,-117.2599417,2025-10-18T00:00:18.000Z,2025-10-18T00:00:18.000Z
68f2d8946e538285870be276,gid://shopify/Metaobject/153558057280,The Cross Aesthetics,the-cross-aesthetics,671-683-7222,"2696 W Ann Rd. , Unit 106, North Las Vegas, NV, 89031, USA",2696 W Ann Rd. ,Unit 106,North Las Vegas,NV,89031,USA,Active,Shopify App,36.2620706,-115.1778926,2025-10-18T00:00:18.000Z,2025-10-18T00:00:18.000Z
68f2d8946e538285870be277,gid://shopify/Metaobject/153558090048,Odara Medical Spa,odara-medical-spa,509-443-4622,"1105 N Lincoln St., Spokane, WA, 99201, USA",1105 N Lincoln St.,,Spokane,WA,99201,USA,Active,Shopify App,47.6673936,-117.4257746,2025-10-18T00:00:19.000Z,2025-10-18T00:00:19.000Z
68f2d8956e538285870be278,gid://shopify/Metaobject/153558122816,Pearl Skin and Body Rejuvenation,pearl-skin-and-body-rejuvenation,719-249-4210,"7035 Campus Dr., Unit 903, Colorado Springs, CO, 80920, USA",7035 Campus Dr.,Unit 903,Colorado Springs,CO,80920,USA,Active,Shopify App,38.9346368,-104.8084715,2025-10-18T00:00:19.000Z,2025-10-18T00:00:19.000Z
68f2d8966e538285870be279,gid://shopify/Metaobject/153558155584,Thistle Medical Skincare Company,thistle-medical-skincare-company,540-783-8209,"450 Garrisonville Road , Suite 205, Stafford, VA, 22554, USA",450 Garrisonville Road ,Suite 205,Stafford,VA,22554,USA,Active,Shopify App,38.4759488,-77.43048399999999,2025-10-18T00:00:20.000Z,2025-10-18T00:00:20.000Z
68f2d8966e538285870be27a,gid://shopify/Metaobject/153558188352,Alaska Beauty Loft,alaska-beauty-loft,907-531-7306,"290 N Yenlo St , Suite B8, Wasilla, AK, 99654, USA",290 N Yenlo St ,Suite B8,Wasilla,AK,99654,USA,Active,Shopify App,61.58201260000001,-149.4386802,2025-10-18T00:00:20.000Z,2025-10-18T00:00:20.000Z
68f2d8966e538285870be27b,gid://shopify/Metaobject/153558221120,Glow By Courtney Grace,glow-by-courtney-grace,754-308-0261,"400 NE 3rd Avenue , #2114, Ft Lauderdale, FL, 33301, USA",400 NE 3rd Avenue ,#2114,Ft Lauderdale,FL,33301,USA,Active,Shopify App,26.1268976,-80.14020459999999,2025-10-18T00:00:20.000Z,2025-11-01T04:26:17.000Z
68f2d8966e538285870be27c,gid://shopify/Metaobject/153558253888,Love My Rosie Skin,love-my-rosie-skin,5629641037,"10655 Los Alamitos Blvd, Los Alamitos, CA, 90720, USA",10655 Los Alamitos Blvd,,Los Alamitos,CA,90720,USA,Active,Shopify App,33.8079478,-118.0724177,2025-10-18T00:00:21.000Z,2025-10-18T00:00:21.000Z
68f2d8976e538285870be27d,gid://shopify/Metaobject/153558286656,Boulder Skin Bar,boulder-skin-bar,(303) 901-1867,"1435 Yarmouth Avenue, Suite #106, Boulder, CO, 80304, USA",1435 Yarmouth Avenue,Suite #106,Boulder,CO,80304,USA,Active,Shopify App,40.0584474,-105.2795542,2025-10-18T00:00:21.000Z,2025-10-18T00:00:21.000Z
68f2d8976e538285870be27e,gid://shopify/Metaobject/153558319424,Face Boutique,face-boutique,(208) 577-7308,"5907 W State St, Boise, ID, 83703, USA",5907 W State St,,Boise,ID,83703,USA,Active,Shopify App,43.6579016,-116.2631935,2025-10-18T00:00:21.000Z,2025-10-18T00:00:21.000Z
68f2d8986e538285870be27f,gid://shopify/Metaobject/153558352192,Palmer Skin,palmer-skin,+1 619-481-4087,"3503 Fourth Ave, San Deigo, CA, 92103, USA",3503 Fourth Ave,,San Deigo,CA,92103,USA,Active,Shopify App,32.7418366,-117.1613196,2025-10-18T00:00:22.000Z,2025-10-18T00:00:22.000Z
68f2d8986e538285870be280,gid://shopify/Metaobject/153558417728,Wellskin Med Spa,wellskin-med-spa,214 373 3223,"8201 Preston Rd , #540, Dallas, TX, 75225, USA",8201 Preston Rd ,#540,Dallas,TX,75225,USA,Active,Shopify App,32.8627968,-96.80485949999999,2025-10-18T00:00:23.000Z,2025-10-18T00:00:23.000Z
68f2d8986e538285870be281,gid://shopify/Metaobject/153558384960,Renew MD MedSpa,renew-md-medspa,817-678-5388,"231 W Southlake blvd , #160, Southlake, TX, 76092, USA",231 W Southlake blvd ,#160,Southlake,TX,76092,USA,Active,Shopify App,32.9406574,-97.1536043,2025-10-18T00:00:22.000Z,2026-02-09T21:28:57.000Z
68f2d8996e538285870be282,gid://shopify/Metaobject/153558450496,House of Aesthetics and Wellness,house-of-aesthetics-and-wellness,7204317730,"8906 West Bowles Avenue, Suite 110, Littelton, CO, 80123, USA",8906 West Bowles Avenue,Suite 110,Littelton,CO,80123,USA,Active,Shopify App,39.6092981,-105.0978996,2025-10-18T00:00:23.000Z,2025-10-18T00:00:23.000Z
68f2d8996e538285870be283,gid://shopify/Metaobject/153558483264,Rejuve Wellness & Aesthetics,rejuve-wellness-aesthetics,281-651-5170,"20165 Eva St Suite J, Montgomery, TX, 77356, USA",20165 Eva St Suite J,,Montgomery,TX,77356,USA,Active,Shopify App,30.3871419,-95.6795295,2025-10-18T00:00:23.000Z,2025-11-18T23:29:56.000Z
68f2d8996e538285870be284,gid://shopify/Metaobject/153558516032,Skin Logic Aesthetics,skin-logic-aesthetics,971-350-9223,"1828 NW Overton, Portland, OR, 97209, USA",1828 NW Overton,,Portland,OR,97209,USA,Active,Shopify App,45.53193479999999,-122.6902962,2025-10-18T00:00:24.000Z,2025-10-18T00:00:24.000Z
68f2d89a6e538285870be285,gid://shopify/Metaobject/153558548800,Fuse Medspa & Wellness,fuse-medspa-and-wellness,959-599-7014,"51 E Main St, Avon, CT, 06001, USA",51 E Main St,,Avon,CT,06001,USA,Active,Shopify App,41.8062362,-72.82533,2025-10-18T00:00:24.000Z,2025-10-18T00:00:24.000Z
68f2d89a6e538285870be286,gid://shopify/Metaobject/153558614336,Center for Wellness MD,center-for-wellness-md,(303) 309-3660,"8000 E. Prentice Ave. , Suite D-10, Greenwood Village, CO, 80111, USA",8000 E. Prentice Ave. ,Suite D-10,Greenwood Village,CO,80111,USA,Active,Shopify App,39.620335,-104.894399,2025-10-18T00:00:25.000Z,2025-10-18T00:00:25.000Z
68f2d89a6e538285870be287,gid://shopify/Metaobject/153558581568,Peak Beauty Studio,peak-beauty-studio,5618752516,"4961 W Atlantic Avenue , Studio 21, Delray, FL, 33445, USA",4961 W Atlantic Avenue ,Studio 21,Delray,FL,33445,USA,Active,Shopify App,26.4588344,-80.1212485,2025-10-18T00:00:24.000Z,2025-10-18T00:00:24.000Z
68f2d89b6e538285870be288,gid://shopify/Metaobject/153558647104,Skin Fusion Spa,skin-fusion-spa,5166599967,"3501 30th Ave , Suite 213, Astoria, NY, 11103, USA",3501 30th Ave ,Suite 213,Astoria,NY,11103,USA,Active,Shopify App,40.76545429999999,-73.9177493,2025-10-18T00:00:25.000Z,2025-10-18T00:00:25.000Z
68f2d89c6e538285870be289,gid://shopify/Metaobject/153558712640,Evergrace Med Spa,evergrace-med-spa,831-262-5339,"210 Capitol Street , Suite B, Salinas, CA, 93901, USA",210 Capitol Street ,Suite B,Salinas,CA,93901,USA,Active,Shopify App,36.6743642,-121.6606607,2025-10-18T00:00:26.000Z,2025-11-14T23:21:22.000Z
68f2d89c6e538285870be28a,gid://shopify/Metaobject/153558745408,Flora Kim Dermatology,flora-kim-dermatology,214 521 1900,"4300 Mac Arthur Ave , #100, Dallas, TX, 75209, USA",4300 Mac Arthur Ave ,#100,Dallas,TX,75209,USA,Active,Shopify App,32.8228369,-96.81709099999999,2025-10-18T00:00:26.000Z,2025-10-18T00:00:26.000Z
68f2d89c6e538285870be28b,gid://shopify/Metaobject/153558778176,Skin Ritual Co.,skin-ritual-co,415-340-0431,"1766A Union Street, San Francisco, CA, 94123, USA",1766A Union Street,,San Francisco,CA,94123,USA,Active,Shopify App,37.7993105,-122.4264628,2025-10-18T00:00:27.000Z,2025-10-18T00:00:27.000Z
68f2d89c6e538285870be28c,gid://shopify/Metaobject/153558679872,Syn Wellness | Skin by Nari,syn-wellness-or-skin-by-nari,720.902.9597,"3405 N Downing Street, Suite B, Denver, CO, 80205, USA",3405 N Downing Street,Suite B,Denver,CO,80205,USA,Active,Shopify App,39.7646906,-104.9735898,2025-10-18T00:00:25.000Z,2025-10-18T00:00:25.000Z
68f2d89d6e538285870be28d,gid://shopify/Metaobject/153558810944,KÅLLOS: A beauty studio,kallos-a-beauty-studio,612237-6212,"2709 N Mayview Road, Raleigh, NC, 27607, USA",2709 N Mayview Road,,Raleigh,NC,27607,USA,Active,Shopify App,35.797102,-78.67105409999999,2025-10-18T00:00:27.000Z,2025-10-18T00:00:27.000Z
68f2d89d6e538285870be28e,gid://shopify/Metaobject/153558843712,SkinSaintKate LLC,skin-saint-kate-llc,304-692-4003,"3000 Coombs farm road , suite 106, Morgantown, WV, 26508, USA",3000 Coombs farm road ,suite 106,Morgantown,WV,26508,USA,Active,Shopify App,39.6569109,-79.8913031,2025-10-18T00:00:27.000Z,2025-10-22T23:47:28.000Z
68f2d89e6e538285870be28f,gid://shopify/Metaobject/153558909248,Soul Medical LLC,soul-medical-llc,4702896863,"310 Maxwell Rd , Ste 100, Alpharetta, GA, 30009, USA",310 Maxwell Rd ,Ste 100,Alpharetta,GA,30009,USA,Active,Shopify App,34.0673156,-84.29937439999999,2025-10-18T00:00:28.000Z,2025-10-18T00:00:28.000Z
68f2d89e6e538285870be290,gid://shopify/Metaobject/153558876480,Eden Estethics,eden-estethics,7877638585,"239 Ave. Arterial Hostos Ave las Cumbres, San Juan, PR, 00918, USA",239 Ave. Arterial Hostos Ave las Cumbres,,San Juan,PR,00918,USA,Active,Shopify App,18.4317615,-66.0636899,2025-10-18T00:00:28.000Z,2025-10-18T00:00:28.000Z
68f2d89e6e538285870be291,gid://shopify/Metaobject/153558942016,Glow Medical Aesthetics,glow-medical-aesthetics,713-338-9577,"3429 W Holcombe Blvd, Houston, TX, 77025, USA",3429 W Holcombe Blvd,,Houston,TX,77025,USA,Active,Shopify App,29.7056191,-95.43034569999999,2025-10-18T00:00:28.000Z,2025-10-20T18:41:02.000Z
68f2d89f6e538285870be293,gid://shopify/Metaobject/153558974784,C Skin Aesthetics,c-skin-aesthetics,(503) 333-0863,"4 Monroe Pkwy , Suite J, Lake Oswego, OR, 97035, USA",4 Monroe Pkwy ,Suite J,Lake Oswego,OR,97035,USA,Active,Shopify App,45.4318938,-122.703491,2025-10-18T00:00:29.000Z,2025-10-18T00:00:29.000Z
68f2d89f6e538285870be294,gid://shopify/Metaobject/153559040320,NU Med- Westlake,nu-med-westlake,805-373-1111,"925 S Wetlake Blvd, , Ste3, Westlake Village, CA, 91361, USA","925 S Wetlake Blvd, ",Ste3,Westlake Village,CA,91361,USA,Active,Shopify App,34.1541724,-118.8281246,2025-10-18T00:00:29.000Z,2025-10-18T00:00:29.000Z
68f2d8a06e538285870be295,gid://shopify/Metaobject/153559073088,Aesthetically Renewed,aesthetically-renewed,334-316-9261,"3805 GA Highway 62, Blakley, GA, 39823, USA",3805 GA Highway 62,,Blakley,GA,39823,USA,Active,Shopify App,31.3045541,-85.0531914,2025-10-18T00:00:30.000Z,2025-12-08T22:30:09.000Z
68f2d8a06e538285870be296,gid://shopify/Metaobject/153559105856,Ageless Forever Medical Center,ageless-forever-medical-center,916-768-6270,"1851 Heritage Lane , Suite 185, Sacramento, CA, 95815, USA",1851 Heritage Lane ,Suite 185,Sacramento,CA,95815,USA,Active,Shopify App,38.598869,-121.4303283,2025-10-18T00:00:30.000Z,2025-10-18T00:00:30.000Z
68f2d8a06e538285870be297,gid://shopify/Metaobject/153559138624,Euphoria Monterey,euphoria-monterey,831-236-1497,"499 Pacific Street, Monterey, Ca, 93940, USA",499 Pacific Street,,Monterey,Ca,93940,USA,Active,Shopify App,36.5984135,-121.8961868,2025-10-18T00:00:31.000Z,2025-10-18T00:00:31.000Z
68f2d8a06e538285870be298,gid://shopify/Metaobject/153559171392,Skin By T Aesthetics,skin-by-t-aesthetics,8566316411,"212 S. White Horse Pike, Suite 1, Waterford Works, NJ, 08089, USA",212 S. White Horse Pike,Suite 1,Waterford Works,NJ,08089,USA,Active,Shopify App,39.7176709,-74.85593279999999,2025-10-18T00:00:31.000Z,2025-11-11T03:05:18.000Z
68f2d8a16e538285870be299,gid://shopify/Metaobject/153559204160,Spruce2 Beauty Bar,spruce2-beauty-bar,(307) 337-1091,"314 W Midwest Ave, Unit B, Casper, WY, 82601, USA",314 W Midwest Ave,Unit B,Casper,WY,82601,USA,Active,Shopify App,42.8463295,-106.3283154,2025-10-18T00:00:31.000Z,2025-10-18T00:00:31.000Z
68f2d8a26e538285870be29a,gid://shopify/Metaobject/153559236928,The DermBar,the-dermbar,(909) 476-4077,"3333 Concours St. , Building 1 Suite 1201, Ontario, CA, 91764, USA",3333 Concours St. ,Building 1 Suite 1201,Ontario,CA,91764,USA,Active,Shopify App,34.0748304,-117.578704,2025-10-18T00:00:32.000Z,2025-10-18T00:00:32.000Z
68f2d8a26e538285870be29c,gid://shopify/Metaobject/153559302464,Radiance & Renewal by EKATERINA,radiance-renewal-by-ekaterina,(347) 569-3483,"8206 3rd Ave. , Apt 2, Brooklyn, NY, 11209, USA",8206 3rd Ave. ,Apt 2,Brooklyn,NY,11209,USA,Active,Shopify App,40.6262767,-74.0301801,2025-10-18T00:00:32.000Z,2025-10-31T18:57:20.000Z
68f2d8a36e538285870be29d,gid://shopify/Metaobject/153559335232,Bright You Med Lounge,bright-you-med-lounge,702-208-3626,"6035 S Durango Dr., , Suite 215, Las Vegas, NV, 89113, USA","6035 S Durango Dr., ",Suite 215,Las Vegas,NV,89113,USA,Active,Shopify App,36.0794198,-115.2803512,2025-10-18T00:00:33.000Z,2025-10-18T00:00:33.000Z
68f2d8a36e538285870be29e,gid://shopify/Metaobject/153559368000,Dr. Kirman Plastic Surgery,dr-kirman-plastic-surgery,925-344-8008,"114 LA CASA VIA , #210, Walnut Creek, CA, 94598, USA",114 LA CASA VIA ,#210,Walnut Creek,CA,94598,USA,Active,Shopify App,37.9117,-122.0449753,2025-10-18T00:00:33.000Z,2025-10-18T00:00:33.000Z
68f2d8a36e538285870be29f,gid://shopify/Metaobject/153559400768,Evoqe Medical Aesthetics,evoqe-medical-aesthetics,208-863-9999,"124 S Broadway Ave., Boise, ID, 83702, USA",124 S Broadway Ave.,,Boise,ID,83702,USA,Active,Shopify App,43.610122,-116.1930463,2025-10-18T00:00:33.000Z,2025-10-18T00:00:33.000Z
68f2d8a46e538285870be2a0,gid://shopify/Metaobject/153559466304,Purposeful Aesthetics Co,purposeful-aesthetics-co,540-810-4852,"1971 Evelyn Byrd Ave , Suite A, Harrisonburg, VA, 22801, USA",1971 Evelyn Byrd Ave ,Suite A,Harrisonburg,VA,22801,USA,Active,Shopify App,38.4270431,-78.8479005,2025-10-18T00:00:34.000Z,2025-10-18T00:00:34.000Z
68f2d8a46e538285870be2a1,gid://shopify/Metaobject/153559433536,KnoxGlow Aesthetics,knoxglow-aesthetics,8658550498,"10843 Kingston Pike , Suite 7, Knoxville, TN, 37934, USA",10843 Kingston Pike ,Suite 7,Knoxville,TN,37934,USA,Active,Shopify App,35.8926309,-84.14557479999999,2025-10-18T00:00:34.000Z,2025-10-18T00:00:34.000Z
68f2d8a46e538285870be2a2,gid://shopify/Metaobject/153559499072,Sage Health and Wellness Center,sage-health-and-wellness-center,408-345-5022,"1595 Meridian Ave, San Jose, CA, 95125, USA",1595 Meridian Ave,,San Jose,CA,95125,USA,Active,Shopify App,37.2946565,-121.9145365,2025-10-18T00:00:35.000Z,2025-10-18T00:00:35.000Z
68f2d8a56e538285870be2a3,gid://shopify/Metaobject/153559531840,Anova MedSpa,anova-medspa,(307) 752-1849,"1415 N Main St., Sheridan, WY, 82801, USA",1415 N Main St.,,Sheridan,WY,82801,USA,Active,Shopify App,44.8128191,-106.9552894,2025-10-18T00:00:35.000Z,2025-10-18T00:00:35.000Z
68f2d8a66e538285870be2a5,gid://shopify/Metaobject/153559597376,Skin Haus x Madison,skin-haus-x-madison,6147952848,"5051 Forest Dr, New Albany, OH, 43054, USA",5051 Forest Dr,,New Albany,OH,43054,USA,Active,Shopify App,40.0879163,-82.79298279999999,2025-10-18T00:00:36.000Z,2025-10-18T00:00:36.000Z
68f2d8a66e538285870be2a7,gid://shopify/Metaobject/153559662912,"Atelier Skin, LLC",atelier-skin-llc,1-840-1456,"4140 Cedar Lane,, Medford, OR, 97501, USA","4140 Cedar Lane,",,Medford,OR,97501,USA,Active,Shopify App,42.2638037,-122.8329912,2025-10-18T00:00:36.000Z,2025-10-18T00:00:36.000Z
68f2d8a76e538285870be2a8,gid://shopify/Metaobject/153559695680,TruMD,trumd,(949) 922-3554,"441 Old Newport Blvd, Newport Beach, CA, 92663, USA",441 Old Newport Blvd,,Newport Beach,CA,92663,USA,Active,Shopify App,33.6270526,-117.927094,2025-10-18T00:00:37.000Z,2025-10-18T00:00:37.000Z
68f2d8a76e538285870be2a9,gid://shopify/Metaobject/153559728448,BARE AESTHETICS NJ,bare-aesthetics-nj,551-338-0674,"18 Oliver Street, Suite 301, Newark, NJ, 07102, USA",18 Oliver Street,Suite 301,Newark,NJ,07102,USA,Active,Shopify App,40.7271747,-74.1723921,2025-10-18T00:00:37.000Z,2025-10-18T00:00:37.000Z
68f2d8a76e538285870be2aa,gid://shopify/Metaobject/153559761216,Cosmedic Essentials,cosmedic-essentials,8594941399,"512 Sundrop Path, Lexington, KY, 40509, USA",512 Sundrop Path,,Lexington,KY,40509,USA,Active,Shopify App,37.9915139,-84.4126538,2025-10-18T00:00:37.000Z,2025-10-18T00:00:37.000Z
68f2d8a86e538285870be2ab,gid://shopify/Metaobject/153559826752,Modern Esthetics,modern-esthetics,(678) 491-2985,"1030 old peachtree rd NW , Ste 105, Lawrenceville, GA, 30043, USA",1030 old peachtree rd NW ,Ste 105,Lawrenceville,GA,30043,USA,Active,Shopify App,33.9983967,-84.0681244,2025-10-18T00:00:38.000Z,2025-10-18T00:00:38.000Z
68f2d8a96e538285870be2ad,gid://shopify/Metaobject/153559859520,Skin Sanctuary Medspa-Wyomissing,skin-sanctuary-medspa-wyomissing,610-858-5888,"5 Bristol Ct, Wyomissing, PA, 19610, USA",5 Bristol Ct,,Wyomissing,PA,19610,USA,Active,Shopify App,40.34090279999999,-75.9850994,2025-10-18T00:00:39.000Z,2025-10-18T00:00:39.000Z
68f2d8a96e538285870be2ae,gid://shopify/Metaobject/153559892288,Skin Deep Health - Elgin,skin-deep-health-elgin,2244151203,"2490 Bushwood Dr, Elgin, IL, 60124, USA",2490 Bushwood Dr,,Elgin,IL,60124,USA,Active,Shopify App,42.0927373,-88.3376704,2025-10-18T00:00:39.000Z,2025-10-18T00:00:39.000Z
68f2d8a96e538285870be2af,gid://shopify/Metaobject/153559925056,Naturally You Aesthetics Medical Spa,naturally-you-aesthetics-medical-spa,269-208-3370,"3824 M-139, St. Joseph, MI, 49085, USA",3824 M-139,,St. Joseph,MI,49085,USA,Active,Shopify App,42.0487,-86.4357983,2025-10-18T00:00:39.000Z,2025-10-18T00:00:39.000Z
68f2d8aa6e538285870be2b0,gid://shopify/Metaobject/153559957824,Norma Rodriquez Skincare,norma-rodriquez-skincare,209-968-8780,"1130 Coffee Road , Ste 3a, Modesto, CA, 95355-4205, USA",1130 Coffee Road ,Ste 3a,Modesto,CA,95355-4205,USA,Active,Shopify App,37.65915,-120.97535,2025-10-18T00:00:40.000Z,2025-10-18T00:00:40.000Z
68f2d8aa6e538285870be2b1,gid://shopify/Metaobject/153559990592,Nu Image at Lake,nu-image-at-lake,2298532020,"4264 U.S 280 East, Cobb, GA, 31735, USA",4264 U.S 280 East,,Cobb,GA,31735,USA,Active,Shopify App,31.9635003,-83.9361457,2025-10-18T00:00:40.000Z,2025-10-18T00:00:40.000Z
68f2d8aa6e538285870be2b2,gid://shopify/Metaobject/153560023360,Spa MD,spa-md,803-251-9400,"131 State St, West Columbia, SC, 29169, USA",131 State St,,West Columbia,SC,29169,USA,Active,Shopify App,33.9936149,-81.055599,2025-10-18T00:00:41.000Z,2025-10-18T00:00:41.000Z
68f2d8ab6e538285870be2b3,gid://shopify/Metaobject/153560056128,Vault Skin and Wellness,vault-skin-and-wellness,(307) 764-1804,"143 S. Bent Street, , Unit D, Powell, WY, 82435, USA","143 S. Bent Street, ",Unit D,Powell,WY,82435,USA,Active,Shopify App,44.7521196,-108.7571708,2025-10-18T00:00:41.000Z,2025-10-18T00:00:41.000Z
68f2d8ab6e538285870be2b4,gid://shopify/Metaobject/153560088896,Skin Resolutions,skin-resolutions,8055691923,"9 W Islay St, Santa Barbara, CA, 93101, USA",9 W Islay St,,Santa Barbara,CA,93101,USA,Active,Shopify App,34.4285953,-119.7123743,2025-10-18T00:00:41.000Z,2025-10-18T00:00:41.000Z
68f2d8ab6e538285870be2b5,gid://shopify/Metaobject/153560121664,Renew Aesthetics,renew-aesthetics,8505031060,"205 Brooks St SE , #301, Fort Walton Beach, FL, 32548, USA",205 Brooks St SE ,#301,Fort Walton Beach,FL,32548,USA,Active,Shopify App,30.401917,-86.6016965,2025-10-18T00:00:42.000Z,2025-10-18T00:00:42.000Z
68f2d8ac6e538285870be2b6,gid://shopify/Metaobject/153560154432,Image Perfect Laser,image-perfect-laser,9494853866,"Newport Beach, 250 Newport Center Dr. Level M, M101, CA, 92660, USA",Newport Beach,,"250 Newport Center Dr. Level M, M101",CA,92660,USA,Active,Shopify App,33.611054,-117.8736646,2025-10-18T00:00:42.000Z,2025-10-18T00:00:42.000Z
68f2d8ad6e538285870be2b7,gid://shopify/Metaobject/153560187200,Natalia Yermakov,natalia-yermakov,509-828-9089,"9118 E Wabash Rd, Spokane, WA, 99206, USA",9118 E Wabash Rd,,Spokane,WA,99206,USA,Active,Shopify App,47.7032902,-117.2821201,2025-10-18T00:00:43.000Z,2025-10-18T00:00:43.000Z
68f2d8ad6e538285870be2b8,gid://shopify/Metaobject/153560219968,PUR Aesthetics/The Lab,pur-aestheticsthe-lab,651-212-8708,"7240 E Point Douglas Rd S, Cottage Grove, MN, 55016, USA",7240 E Point Douglas Rd S,,Cottage Grove,MN,55016,USA,Active,Shopify App,44.8314369,-92.9572826,2025-10-18T00:00:43.000Z,2025-10-18T00:00:43.000Z
68f2d8ae6e538285870be2b9,gid://shopify/Metaobject/153560252736,Philly Wellness Center,philly-wellness-center,215-709-9710,"834 South Street, Philadelphia, PA, 19147, USA",834 South Street,,Philadelphia,PA,19147,USA,Active,Shopify App,39.9424103,-75.15664120000001,2025-10-18T00:00:44.000Z,2025-10-18T00:00:44.000Z
68f2d8ae6e538285870be2ba,gid://shopify/Metaobject/153560285504,Sugar.Lash.Glow,sugarlashglow,8184880706,"1281 Minton Dr., Big Bear City, CA, 92314, USA",1281 Minton Dr.,,Big Bear City,CA,92314,USA,Active,Shopify App,34.2378224,-116.8541991,2025-10-18T00:00:44.000Z,2025-10-18T00:00:44.000Z
68f2d8ae6e538285870be2bb,gid://shopify/Metaobject/153560318272,The Look & Co,the-look-and-co,843-281-4536,"1031 Chuck Dawley BLVD , suite 4, Mount Pleasant, SC, 29464, USA",1031 Chuck Dawley BLVD ,suite 4,Mount Pleasant,SC,29464,USA,Active,Shopify App,32.7964853,-79.8595685,2025-10-18T00:00:44.000Z,2025-10-18T00:00:44.000Z
68f2d8af6e538285870be2bc,gid://shopify/Metaobject/153560351040,B Barnett Spa,b-barnett-spa,5012232514,"8201 Cantrell Road , #280, Little Rock, AR, 72227, USA",8201 Cantrell Road ,#280,Little Rock,AR,72227,USA,Active,Shopify App,34.7762076,-92.36609229999999,2025-10-18T00:00:45.000Z,2025-10-18T00:00:45.000Z
68f2d8af6e538285870be2bd,gid://shopify/Metaobject/153560383808,Barber Haus,barber-haus,6307546594,"232 S Washington St. , Suite 7, Naperville, IL, 60540, USA",232 S Washington St. ,Suite 7,Naperville,IL,60540,USA,Active,Shopify App,41.7722337,-88.1475517,2025-10-18T00:00:45.000Z,2025-10-18T00:00:45.000Z
68f2d8af6e538285870be2be,gid://shopify/Metaobject/153560416576,Good Rest Med Spa,good-rest-med-spa,(385) 500-5297,"910 E 100 N Ste 155, Payson, UT, 84651, USA",910 E 100 N Ste 155,,Payson,UT,84651,USA,Active,Shopify App,40.04400810000001,-111.7172645,2025-10-18T00:00:45.000Z,2025-10-18T00:00:45.000Z
68f2d8b06e538285870be2bf,gid://shopify/Metaobject/153560449344,Reshape Body Bar,reshape-body-bar,725-780-1150,"9235 W Russell Rd, Suite 258 BOX 186, Las Vegas, NV, 89148, USA",9235 W Russell Rd,Suite 258 BOX 186,Las Vegas,NV,89148,USA,Active,Shopify App,36.0839393,-115.2932628,2025-10-18T00:00:46.000Z,2026-01-20T18:59:32.000Z
68f2d8b06e538285870be2c0,gid://shopify/Metaobject/153560482112,SkinCare by Alana,skincare-by-alana,949-276-5827,"27131 Calle Arroyo , Suite 1702, San Juan Capistrano, CA, 92675, USA",27131 Calle Arroyo ,Suite 1702,San Juan Capistrano,CA,92675,USA,Active,Shopify App,33.499641,-117.6574301,2025-10-18T00:00:46.000Z,2025-10-18T00:00:46.000Z
68f2d8b06e538285870be2c1,gid://shopify/Metaobject/153560514880,The aesthetic by Nevette Santana,the-aesthetic-by-nevette-santana,(786) 674-1303,"2336 Hollywood Blvd, Hollywood, FL, 33020, USA",2336 Hollywood Blvd,,Hollywood,FL,33020,USA,Active,Shopify App,26.0109664,-80.1542515,2025-10-18T00:00:47.000Z,2025-10-18T00:00:47.000Z
68f2d8b16e538285870be2c2,gid://shopify/Metaobject/153560547648,Beauti Pharm MedSpa,beauti-pharm-medspa,8109556683,"8121 Trillium Circle Ave. , Suite 105, Grand Blanc, MI, 48439, USA",8121 Trillium Circle Ave. ,Suite 105,Grand Blanc,MI,48439,USA,Active,Shopify App,42.9275632,-83.62987849999999,2025-10-18T00:00:47.000Z,2025-10-18T00:00:47.000Z
68f2d8b16e538285870be2c3,gid://shopify/Metaobject/153560580416,Enhanced Beauty & Wellness Clinic,enhanced-beauty-and-wellness-clinic,540.751.8140,"151 W Main St., Purcellville, VA, 20132, USA",151 W Main St.,,Purcellville,VA,20132,USA,Active,Shopify App,39.1369398,-77.7157735,2025-10-18T00:00:47.000Z,2025-10-18T00:00:47.000Z
68f2d8b26e538285870be2c4,gid://shopify/Metaobject/153560613184,Injx Bar,injx-bar,480-737-5076,"10200 W Happy Valley Rd, 125, Peoria, AZ, 85383, USA",10200 W Happy Valley Rd,125,Peoria,AZ,85383,USA,Active,Shopify App,33.713351,-112.2787785,2025-10-18T00:00:48.000Z,2025-10-18T00:00:48.000Z
68f2d8b26e538285870be2c5,gid://shopify/Metaobject/153560645952,Jenns Beauty Bar,jenns-beauty-bar,269-370-0672,"9924 Gulf Coast Main St , Studio 17, Fort Myers, FL, 33913, USA",9924 Gulf Coast Main St ,Studio 17,Fort Myers,FL,33913,USA,Active,Shopify App,26.4865624,-81.78670269999999,2025-10-18T00:00:48.000Z,2025-10-18T00:00:48.000Z
68f2d8b26e538285870be2c6,gid://shopify/Metaobject/153560678720,MS Wellness,ms-wellness,+1 (949) 872-4046,"5001 Birch St, , #47, Newport Beach, CA, 92660, USA","5001 Birch St, ",#47,Newport Beach,CA,92660,USA,Active,Shopify App,33.6671504,-117.858594,2025-10-18T00:00:49.000Z,2025-10-18T00:00:49.000Z
68f2d8b36e538285870be2c7,gid://shopify/Metaobject/153560711488,Sugarface Skincare - Sherman Oaks,sugarface-skincare-sherman-oaks,818-300-8459,"13910 Ventura Blvd, Sherman Oaks, CA, 91423, USA",13910 Ventura Blvd,,Sherman Oaks,CA,91423,USA,Active,Shopify App,34.14851460000001,-118.4354965,2025-10-18T00:00:49.000Z,2025-10-18T00:00:49.000Z
68f2d8b36e538285870be2c8,gid://shopify/Metaobject/153560744256,Sōl Aesthetics and Wellness,sol-aesthetics-and-wellness,9493852270,"17621 Irvine Blvd , Ste 209, Tustin, Ca, 92780, USA",17621 Irvine Blvd ,Ste 209,Tustin,Ca,92780,USA,Active,Shopify App,33.7487189,-117.8248104,2025-10-18T00:00:49.000Z,2025-10-18T00:00:49.000Z
68f2d8b46e538285870be2c9,gid://shopify/Metaobject/153560777024,The skin Routine med spa,the-skin-routine-med-spa,541-951-0157,"421 Silverado circle, Medford, OR, 97504, USA",421 Silverado circle,,Medford,OR,97504,USA,Active,Shopify App,42.3208408,-122.8313647,2025-10-18T00:00:50.000Z,2025-10-18T00:00:50.000Z
68f2d8b46e538285870be2ca,gid://shopify/Metaobject/153560809792,MOV Aesthetics,mov-aesthetics,(720) 810-8014,"3005 47th St , Suite F3, Boulder, CO, 80301, USA",3005 47th St ,Suite F3,Boulder,CO,80301,USA,Active,Shopify App,40.0294897,-105.2436168,2025-10-18T00:00:50.000Z,2025-10-18T00:00:50.000Z
68f2d8b46e538285870be2cb,gid://shopify/Metaobject/153560842560,Glow with Tara,glow-with-tara,307-413-2547,"155 E 900 S, Salt Lake City, UT, 84111, USA",155 E 900 S,,Salt Lake City,UT,84111,USA,Active,Shopify App,40.74997570000001,-111.8865071,2025-10-18T00:00:51.000Z,2025-10-18T00:00:51.000Z
68f2d8b56e538285870be2cc,gid://shopify/Metaobject/153560875328,Med-Surg Aesthetics + Laser Academy/Ageless Beauty and Wellness,med-surg-aesthetics-laser-academyageless-beauty-and-wellness,480-785-0085,"8575 E Princess Drive, , Suite A221, Scottsdale, AZ, 85255, USA","8575 E Princess Drive, ",Suite A221,Scottsdale,AZ,85255,USA,Active,Shopify App,33.6449308,-111.8938166,2025-10-18T00:00:51.000Z,2025-10-18T00:00:51.000Z
68f2d8b56e538285870be2cd,gid://shopify/Metaobject/153560908096,Plastic Surgery Institute,plastic-surgery-institute,3102486250,"465 North Roxbury Drive, , Suite 1007, Beverly Hills, CA, 90210, USA","465 North Roxbury Drive, ",Suite 1007,Beverly Hills,CA,90210,USA,Active,Shopify App,34.0681782,-118.4074267,2025-10-18T00:00:51.000Z,2025-10-18T00:00:51.000Z
68f2d8b56e538285870be2ce,gid://shopify/Metaobject/153560940864,The Skin Suite,the-skin-suite,916-223-3704,"3853 Taylor Rd , 675, Loomis, CA, 95650, USA",3853 Taylor Rd ,675,Loomis,CA,95650,USA,Active,Shopify App,38.81568,-121.1990777,2025-10-18T00:00:52.000Z,2025-10-18T00:00:52.000Z
68f2d8b66e538285870be2cf,gid://shopify/Metaobject/153560973632,Graeber & Company,graeber-and-company,208-343-4915,"420 W Main Street , Suite 101A, Boise, ID, 83702, USA",420 W Main Street ,Suite 101A,Boise,ID,83702,USA,Active,Shopify App,43.6138997,-116.1994767,2025-10-18T00:00:52.000Z,2025-10-18T00:00:52.000Z
68f2d8b66e538285870be2d0,gid://shopify/Metaobject/153561006400,KP Esthetics LLC,kp-esthetics-llc,8583767055,"16621 Dove Canyon Rd. , #113, San Diego, CA, 92127, USA",16621 Dove Canyon Rd. ,#113,San Diego,CA,92127,USA,Active,Shopify App,33.0159774,-117.110731,2025-10-18T00:00:52.000Z,2025-10-18T00:00:52.000Z
68f2d8b76e538285870be2d1,gid://shopify/Metaobject/153561039168,LEA Plastic Surgery,lea-plastic-surgery,(949) 945-2168,"20360 SW Birch Street , Ste 180, Newport Beach, CA, 92660, USA",20360 SW Birch Street ,Ste 180,Newport Beach,CA,92660,USA,Active,Shopify App,33.656297,-117.877526,2025-10-18T00:00:53.000Z,2025-10-18T00:00:53.000Z
68f2d8b76e538285870be2d2,gid://shopify/Metaobject/153561071936,Skin Care By Meera,skin-care-by-meera,6504253845,"218 Primrose Rd , suite 12, Burlingame, CA, 94010, USA",218 Primrose Rd ,suite 12,Burlingame,CA,94010,USA,Active,Shopify App,37.5770228,-122.347011,2025-10-18T00:00:53.000Z,2025-10-18T00:00:53.000Z
68f2d8b76e538285870be2d3,gid://shopify/Metaobject/153561104704,Skin Perfections Medical Spa,skin-perfections-medical-spa,(956) 542-2325,"1201 E ALTON GLOOR BLVD, BROWNSVILLE, TX, 78526-3831, USA",1201 E ALTON GLOOR BLVD,,BROWNSVILLE,TX,78526-3831,USA,Active,Shopify App,25.980536,-97.4972634,2025-10-18T00:00:53.000Z,2025-10-18T00:00:53.000Z
68f2d8b76e538285870be2d4,gid://shopify/Metaobject/153561137472,Afterglow Medical Aesthetics,afterglow-medical-aesthetics,415-650-9688,"520 Tamalpais , Ste 204, Corte Madera, CA, 94925, USA",520 Tamalpais ,Ste 204,Corte Madera,CA,94925,USA,Active,Shopify App,37.9257033,-122.5225617,2025-10-18T00:00:54.000Z,2025-10-18T00:00:54.000Z
68f2d8b86e538285870be2d5,gid://shopify/Metaobject/153561170240,Nouvo MedSpa,nouvo-medspa,850-877-2126,"2452 Mahan Dr., Tallahassee, FL, 32308, USA",2452 Mahan Dr.,,Tallahassee,FL,32308,USA,Active,Shopify App,30.4575177,-84.23644589999999,2025-10-18T00:00:54.000Z,2025-10-18T00:00:54.000Z
68f2d8b86e538285870be2d6,gid://shopify/Metaobject/153561203008,Skin by Sarah Ford,skin-by-sarah-ford,9802105147,"9301 Wilshire Blvd, , Suite 315, Beverly Hills, CA, 90210, USA","9301 Wilshire Blvd, ",Suite 315,Beverly Hills,CA,90210,USA,Active,Shopify App,34.0673356,-118.3946809,2025-10-18T00:00:55.000Z,2025-10-20T18:11:11.000Z
68f2d8b96e538285870be2d7,gid://shopify/Metaobject/153561235776,VG Beauty,vg-beauty,346-628-6424,"13303 Champion Forest Drive , Suite 4, Houston, TX, 77069, USA",13303 Champion Forest Drive ,Suite 4,Houston,TX,77069,USA,Active,Shopify App,29.9814862,-95.51539249999999,2025-10-18T00:00:55.000Z,2025-10-18T00:00:55.000Z
68f2d8b96e538285870be2d8,gid://shopify/Metaobject/153561268544,New Skin Medical Spa,new-skin-medical-spa,(206) 222-6985,"10845 Main St, Bellevue, WA, 98004, USA",10845 Main St,,Bellevue,WA,98004,USA,Active,Shopify App,47.6098597,-122.1943744,2025-10-18T00:00:55.000Z,2025-10-18T00:00:55.000Z
68f2d8b96e538285870be2d9,gid://shopify/Metaobject/153561301312,Elevate Medical Aesthetics + IV Bar,elevate-medical-aesthetics-iv-bar,509-414-1003,"210 Stehekin Way, Chelan, WA, 98816, USA",210 Stehekin Way,,Chelan,WA,98816,USA,Active,Shopify App,47.8594777,-120.0471217,2025-10-18T00:00:56.000Z,2025-10-18T00:00:56.000Z
68f2d8ba6e538285870be2da,gid://shopify/Metaobject/153561334080,Polished Skin.Wax: Jamie Egan,polished-skinwax-jamie-egan,360-825-4656,"2135 Roosevelt Ave, Enumclaw, WA, 98022, USA",2135 Roosevelt Ave,,Enumclaw,WA,98022,USA,Active,Shopify App,47.1996166,-121.997079,2025-10-18T00:00:56.000Z,2025-10-18T00:00:56.000Z
68f2d8ba6e538285870be2db,gid://shopify/Metaobject/153561366848,"Pinnacle Dermatology - Barrington, IL",pinnacle-dermatology-barrington-il,833-257-7546,"738 W Northwest Hwy, Barrington, IL, 60010, USA",738 W Northwest Hwy,,Barrington,IL,60010,USA,Active - Non-accruing,Shopify App,42.16793270000001,-88.1563171,2025-10-18T00:00:56.000Z,2026-03-12T21:46:03.000Z
68f2d8bb6e538285870be2dc,gid://shopify/Metaobject/153561399616,Pinnacle/Qualderm - New Horizons Center for Cosmetic Surgery,pinnaclequalderm-new-horizons-center-for-cosmetic-surgery,(847) 674-4646,"9843 Gross Point Rd., Skokie, IL, 60076, USA",9843 Gross Point Rd.,,Skokie,IL,60076,USA,Active,Shopify App,42.05992730000001,-87.7331524,2025-10-18T00:00:57.000Z,2025-10-18T00:00:57.000Z
68f2d8bb6e538285870be2dd,gid://shopify/Metaobject/153561432384,McAuley & Co Aesthetics,mcauley-and-co-aesthetics,480-934-0199,"4936 S Power Rd, , Suite 138, Gilbert, AZ, 85212, USA","4936 S Power Rd, ",Suite 138,Gilbert,AZ,85212,USA,Active,Shopify App,33.3264976,-111.6898128,2025-10-18T00:00:57.000Z,2025-10-18T00:00:57.000Z
68f2d8bb6e538285870be2de,gid://shopify/Metaobject/153561465152,H2 MedSpa,h2-medspa,817-241-2485,"4900 White Settlement Rd, Fort Worth, TX, 76114, USA",4900 White Settlement Rd,,Fort Worth,TX,76114,USA,Active,Shopify App,32.7602376,-97.3964369,2025-10-18T00:00:58.000Z,2025-10-18T00:00:58.000Z
68f2d8bc6e538285870be2df,gid://shopify/Metaobject/153561497920,Root to Rise Yoga,root-to-rise-yoga,(720) 372-7129,"101 Ulster Ct , #101, Denver, CO, 80230, USA",101 Ulster Ct ,#101,Denver,CO,80230,USA,Active,Shopify App,39.7230557,-104.894152,2025-10-18T00:00:58.000Z,2025-10-18T00:00:58.000Z
68f2d8bc6e538285870be2e0,gid://shopify/Metaobject/153561530688,Eternal Glow Med Spa,eternal-glow-med-spa,732-866-4000,"900 W. Main Street , Suite 1, Freehold, NJ, 07728, USA",900 W. Main Street ,Suite 1,Freehold,NJ,07728,USA,Active,Shopify App,40.234617,-74.31245109999999,2025-10-18T00:00:58.000Z,2025-10-18T00:00:58.000Z
68f2d8bd6e538285870be2e1,gid://shopify/Metaobject/153561563456,Mountain Glow Esthetics,mountain-glow-esthetics,208-921-7288,"410 Virginia Street , Suite D, New Meadows, ID, 83654, USA",410 Virginia Street ,Suite D,New Meadows,ID,83654,USA,Active,Shopify App,44.9713769,-116.2823381,2025-10-18T00:00:59.000Z,2025-10-18T00:00:59.000Z
68f2d8bd6e538285870be2e2,gid://shopify/Metaobject/153561596224,Orange Twist - San Juan Capistrano,orange-twist-san-juan-capistrano,949-682-3636,"31001 Rancho Viejo Road, , Suite 120, San Juan Capistrano, CA, 92675, USA","31001 Rancho Viejo Road, ",Suite 120,San Juan Capistrano,CA,92675,USA,Active - Non-accruing,Shopify App,33.5093531,-117.6599772,2025-10-18T00:00:59.000Z,2025-12-03T23:59:19.000Z
68f2d8bd6e538285870be2e3,gid://shopify/Metaobject/153561628992,Pello Wellness Medical Spa,pello-wellness-medical-spa,541-731-3545,"774 Tyson Ln, Eugene, OR, 97404, USA",774 Tyson Ln,,Eugene,OR,97404,USA,Active,Shopify App,44.1182455,-123.1480314,2025-10-18T00:00:59.000Z,2025-10-18T00:00:59.000Z
68f2d8bd6e538285870be2e4,gid://shopify/Metaobject/153561661760,ReJuveCare Clinic & Medical Spa,rejuvecare-clinic-and-medical-spa,406-203-5174,"1300 S Reserve St., , Suite H, Missoula, MT, 59801, USA","1300 S Reserve St., ",Suite H,Missoula,MT,59801,USA,Active,Shopify App,46.8589878,-114.0387386,2025-10-18T00:01:00.000Z,2025-10-18T00:01:00.000Z
68f2d8be6e538285870be2e5,gid://shopify/Metaobject/153561694528,Sacramento Medical Spa,sacramento-medical-spa,925-786-8799,"705 University Ave, Sacramento, CA, 95825, USA",705 University Ave,,Sacramento,CA,95825,USA,Active,Shopify App,38.5659675,-121.4197696,2025-10-18T00:01:00.000Z,2025-10-18T00:01:00.000Z
68f2d8be6e538285870be2e6,gid://shopify/Metaobject/153561727296,"Shawn Thursby-Palmer FNP, MSN",shawn-thursby-palmer-fnp-msn,9518759002,"21166 Placerita Canyon Road, Newhall, CA, 91321, USA",21166 Placerita Canyon Road,,Newhall,CA,91321,USA,Active,Shopify App,34.3797427,-118.5078271,2025-10-18T00:01:01.000Z,2025-10-18T00:01:01.000Z
68f2d8bf6e538285870be2e7,gid://shopify/Metaobject/153561760064,Eucalyptus Lake Forrest,eucalyptus-lake-forrest,818-730-6840,"21975 Trailway Lane, Lake Forrest, CA, 92630, USA",21975 Trailway Lane,,Lake Forrest,CA,92630,USA,Active,Shopify App,33.6435874,-117.6923077,2025-10-18T00:01:01.000Z,2025-10-18T00:01:01.000Z
68f2d8bf6e538285870be2e8,gid://shopify/Metaobject/153561792832,Lindys Facial Room,lindys-facial-room,936-320-8191,"506 Honea Egypt Road- , Suite 407, Magnolia, TX, 77354, USA",506 Honea Egypt Road- ,Suite 407,Magnolia,TX,77354,USA,Active,Shopify App,30.2272214,-95.5668336,2025-10-18T00:01:01.000Z,2025-10-18T00:01:01.000Z
68f2d8bf6e538285870be2e9,gid://shopify/Metaobject/153561825600,Southside Beauty,southside-beauty,7327739040,"2841 LEGACY DR, Anchorage, AK, 99516, USA",2841 LEGACY DR,,Anchorage,AK,99516,USA,Active,Shopify App,61.1027078,-149.82901,2025-10-18T00:01:02.000Z,2025-10-18T00:01:02.000Z
68f2d8c06e538285870be2ea,gid://shopify/Metaobject/153561858368,Nourished IV Drip Bar and Wellness Clinic,nourished-iv-drip-bar-and-wellness-clinic,5405802240,"3214 Electric Rd , #207, Roanoke, VA, 24018, USA",3214 Electric Rd ,#207,Roanoke,VA,24018,USA,Active,Shopify App,37.2300675,-80.00742900000002,2025-10-18T00:01:02.000Z,2025-10-18T00:01:02.000Z
68f2d8c06e538285870be2eb,gid://shopify/Metaobject/153561891136,Buffalo Skin Club,buffalo-skin-club,716-650-1301,"315 Campbell Blvd, Getzville, NY, 14068, USA",315 Campbell Blvd,,Getzville,NY,14068,USA,Active,Shopify App,43.024386,-78.7675828,2025-10-18T00:01:03.000Z,2025-11-11T03:06:47.000Z
68f2d8c16e538285870be2ec,gid://shopify/Metaobject/153561923904,Oak & Stone Wellness,oak-and-stone-wellness,916-872-5895,"198 W Main Street , Suite 16, El Cajon, CA, 92020, USA",198 W Main Street ,Suite 16,El Cajon,CA,92020,USA,Active,Shopify App,32.7963152,-116.9640858,2025-10-18T00:01:03.000Z,2025-10-18T00:01:03.000Z
68f2d8c16e538285870be2ed,gid://shopify/Metaobject/153561956672,Starwood Med Spa,starwood-med-spa,214 705 0400,"6950 Lebanon Road , #105, Frisco, TX, 75034, USA",6950 Lebanon Road ,#105,Frisco,TX,75034,USA,Active,Shopify App,33.1236465,-96.82550289999999,2025-10-18T00:01:03.000Z,2025-10-18T00:01:03.000Z
68f2d8c26e538285870be2ee,gid://shopify/Metaobject/153561989440,XXI SKIN,xxi-skin,+1 480-422-5047,"10752 N 89th Pl , Suite A210, Scottsdale, AZ, 85260, USA",10752 N 89th Pl ,Suite A210,Scottsdale,AZ,85260,USA,Active,Shopify App,33.5840842,-111.8887643,2025-10-18T00:01:04.000Z,2025-10-18T00:01:04.000Z
68f2d8c26e538285870be2ef,gid://shopify/Metaobject/153562022208,SknMuse,sknmuse,419-969-0768,"1989 W 5th Ave, Columbus, OH, 43212, USA",1989 W 5th Ave,,Columbus,OH,43212,USA,Active,Shopify App,39.9891357,-83.0597586,2025-10-18T00:01:04.000Z,2026-02-17T19:12:06.000Z
68f2d8c26e538285870be2f0,gid://shopify/Metaobject/153562054976,Elan Vital Medical Aesthetics,elan-vital-medical-aesthetics,(208) 805-7440,"1576 W Deer Crest St , Suite 100, Meridian, ID, 83646, USA",1576 W Deer Crest St ,Suite 100,Meridian,ID,83646,USA,Active,Shopify App,43.6515024,-116.4135025,2025-10-18T00:01:05.000Z,2025-10-18T00:01:05.000Z
68f2d8c36e538285870be2f1,gid://shopify/Metaobject/153562087744,Nordic Skin Co.,nordic-skin-co,612.267.4747,"18283 Minnetonka Blvd , Suite F, Wayzata,, MN, 55391, USA",18283 Minnetonka Blvd ,Suite F,"Wayzata,",MN,55391,USA,Active,Shopify App,44.9413642,-93.5109827,2025-10-18T00:01:05.000Z,2025-10-18T00:01:05.000Z
68f2d8c36e538285870be2f2,gid://shopify/Metaobject/153562153280,SKIN House of Beauty,skin-house-of-beauty,9178258962,"407 Lincoln Road, Miami Beach, FL, 33139, USA",407 Lincoln Road,,Miami Beach,FL,33139,USA,Active,Shopify App,25.7909882,-80.1321294,2025-10-18T00:01:06.000Z,2025-10-18T00:01:06.000Z
68f2d8c36e538285870be2f3,gid://shopify/Metaobject/153562120512,Beau Monde West Spa,beau-monde-west-spa,316-722-2370,"3815 N Weston St, Wichita, KS, 67101, USA",3815 N Weston St,,Wichita,KS,67101,USA,Active,Shopify App,37.7525766,-97.465955,2025-10-18T00:01:05.000Z,2025-10-18T00:01:05.000Z
68f2d8c46e538285870be2f4,gid://shopify/Metaobject/153562186048,Shunay Skin,shunay-skin,505-800-2685,"810 Calle Mejia , Ste 107, Sante Fe, NM, 87501, USA",810 Calle Mejia ,Ste 107,Sante Fe,NM,87501,USA,Active,Shopify App,35.7018599,-105.9503566,2025-10-18T00:01:06.000Z,2025-10-18T00:01:06.000Z
68f2d8c56e538285870be2f5,gid://shopify/Metaobject/153562218816,Simply Blush Skin Bar,simply-blush-skin-bar,435-659-5924,"228 W 200 S , Suite 2E, Kamas, UT, 84036, USA",228 W 200 S ,Suite 2E,Kamas,UT,84036,USA,Active,Shopify App,40.6406481,-111.2857135,2025-10-18T00:01:07.000Z,2025-10-18T00:01:07.000Z
68f2d8c56e538285870be2f6,gid://shopify/Metaobject/153562251584,Skynn Medical Aesthetics,skynn-medical-aesthetics,8633702042,"201 E Kennedy Blvd , UNIT 410, Tampa, FL, 33602, USA",201 E Kennedy Blvd ,UNIT 410,Tampa,FL,33602,USA,Active,Shopify App,27.947133,-82.458165,2025-10-18T00:01:07.000Z,2025-10-18T00:01:07.000Z
68f2d8c66e538285870be2f7,gid://shopify/Metaobject/153562284352,Vitalify Aesthetics,vitalify-aesthetics,828-508-2262,"1 Dupont Circle NW, Washington, DC, 20036, USA",1 Dupont Circle NW,,Washington,DC,20036,USA,Active,Shopify App,38.9090754,-77.04448289999999,2025-10-18T00:01:08.000Z,2025-10-18T00:01:08.000Z
68f2d8c66e538285870be2f8,gid://shopify/Metaobject/153562317120,Ageless Remedies,ageless-remedies,,"3900 - C Colony Road, Charlotte, NC, 28211, USA",3900 - C Colony Road,,Charlotte,NC,28211,USA,Active,Shopify App,35.1541299,-80.8243706,2025-10-18T00:01:08.000Z,2025-10-18T00:01:08.000Z
68f2d8c66e538285870be2f9,gid://shopify/Metaobject/153562349888,Med Spa Bar & Wellness,med-spa-bar-and-wellness,210-903-1285,"115 Kings Court, San Antonio, TX, 78212, USA",115 Kings Court,,San Antonio,TX,78212,USA,Active,Shopify App,29.4530784,-98.4850654,2025-10-18T00:01:08.000Z,2025-10-18T00:01:08.000Z
68f2d8c66e538285870be2fa,gid://shopify/Metaobject/153562382656,Skin Care by Casey,skin-care-by-casey,206-788-5677,"4509 44th Ave SW, Seattle, WA, 98116, USA",4509 44th Ave SW,,Seattle,WA,98116,USA,Active,Shopify App,47.5626136,-122.3885679,2025-10-18T00:01:09.000Z,2025-10-18T00:01:09.000Z
68f2d8c76e538285870be2fb,gid://shopify/Metaobject/153562415424,Nōor by Noura Warner,noor-by-noura-warner,907-854-4004,"4007 Old Sewerd Hwy , #1000, Anchorage, AK, 99503, USA",4007 Old Sewerd Hwy ,#1000,Anchorage,AK,99503,USA,Active,Shopify App,61.1838486,-149.8671311,2025-10-18T00:01:09.000Z,2025-11-12T18:31:42.000Z
68f2d8c76e538285870be2fc,gid://shopify/Metaobject/153562448192,Visionary Day Spa,visionary-day-spa,870-741-2787,"825 N. Main, , Ste 6, Harrison, AR, 72601, USA","825 N. Main, ",Ste 6,Harrison,AR,72601,USA,Active,Shopify App,36.2395493,-93.1065919,2025-10-18T00:01:10.000Z,2025-10-18T00:01:10.000Z
68f2d8c86e538285870be2fd,gid://shopify/Metaobject/153562480960,Crush Parlor,crush-parlor,(817) 819-0862,"5198 Rufe Snow Dr , suite 101, North Richland Hills, TX, 76180, USA",5198 Rufe Snow Dr ,suite 101,North Richland Hills,TX,76180,USA,Active,Shopify App,32.8432563,-97.2373909,2025-10-18T00:01:10.000Z,2025-10-18T00:01:10.000Z
68f2d8c86e538285870be2fe,gid://shopify/Metaobject/153562513728,Cosmedica Dermatology,cosmedica-dermatology,801-792-0860,"1250 23rd St. NW , Ste 410, Washington, DC, 20037, USA",1250 23rd St. NW ,Ste 410,Washington,DC,20037,USA,Active,Shopify App,38.906295,-77.0503947,2025-10-18T00:01:10.000Z,2025-10-18T00:01:10.000Z
68f2d8c96e538285870be2ff,gid://shopify/Metaobject/153562546496,East Coast Aesthetics,east-coast-aesthetics,774 696 5279,"25055 Riding Plaza , Ste 130, Chantilly, VA, 20152, USA",25055 Riding Plaza ,Ste 130,Chantilly,VA,20152,USA,Active,Shopify App,38.9244902,-77.521785,2025-10-18T00:01:11.000Z,2025-10-18T00:01:11.000Z
68f2d8c96e538285870be300,gid://shopify/Metaobject/153562579264,MedLuxe Wellness,medluxe-wellness,443-640-5711,"14346 Jarrettsville Pike , Suite 300, Phoenix, MD, 21131, USA",14346 Jarrettsville Pike ,Suite 300,Phoenix,MD,21131,USA,Active,Shopify App,39.521786,-76.5595323,2025-10-18T00:01:11.000Z,2025-10-18T00:01:11.000Z
68f2d8c96e538285870be301,gid://shopify/Metaobject/153562612032,Zare Cosmetic Surgery,zare-cosmetic-surgery,248-446-7655,"120 E University Dr. , Suite B, Rochester, MI, 48307, USA",120 E University Dr. ,Suite B,Rochester,MI,48307,USA,Active,Shopify App,42.68197259999999,-83.1329494,2025-10-18T00:01:11.000Z,2025-10-18T00:01:11.000Z
68f2d8ca6e538285870be302,gid://shopify/Metaobject/153562644800,Bentley Medical & Aesthetic,bentley-medical-and-aesthetic,1-423-854-9200,"3135 Peoples St. , Suite 303, Johnson City, TN, 37604, USA",3135 Peoples St. ,Suite 303,Johnson City,TN,37604,USA,Active,Shopify App,36.35001310000001,-82.39776959999999,2025-10-18T00:01:12.000Z,2025-10-18T00:01:12.000Z
68f2d8ca6e538285870be303,gid://shopify/Metaobject/153562677568,Chicago Cosmetic Surgery & Dermatology,chicago-cosmetic-surgery-and-dermatology,312-245-9965,"515 North State Street, Suite 900, Chicago, IL, 60654, USA",515 North State Street,Suite 900,Chicago,IL,60654,USA,Active,Shopify App,41.8914777,-87.6273264,2025-10-18T00:01:12.000Z,2025-10-18T00:01:12.000Z
68f2d8cb6e538285870be304,gid://shopify/Metaobject/153562710336,Southwest Vision + Aesthetics,southwest-vision-aesthetics,435-673-5577,"965 E 700 S, St George, UT, 84790, USA",965 E 700 S,,St George,UT,84790,USA,Active,Shopify App,37.0967116,-113.562728,2025-10-18T00:01:13.000Z,2025-10-18T00:01:13.000Z
68f2d8cb6e538285870be305,gid://shopify/Metaobject/153562743104,The Science of Beauty,the-science-of-beauty,(214) 272-9240,"4101 Bryan St , #100, Dallas, TX, 75204, USA",4101 Bryan St ,#100,Dallas,TX,75204,USA,Active,Shopify App,32.7978875,-96.78107039999999,2025-10-18T00:01:13.000Z,2025-10-18T00:01:13.000Z
68f2d8cb6e538285870be306,gid://shopify/Metaobject/153562775872,Rayne Med Spa Aesthetics,rayne-med-spa-aesthetics,7064052684,"216 N Belair Rd, Evans, GA, 30809, USA",216 N Belair Rd,,Evans,GA,30809,USA,Active,Shopify App,33.5159961,-82.14361819999999,2025-10-18T00:01:13.000Z,2025-10-18T00:01:13.000Z
68f2d8cc6e538285870be307,gid://shopify/Metaobject/153562808640,Elite Physique Body Sculpting,elite-physique-body-sculpting,(832) 880-5709,"16365 Park Ten Place. , #325, Houston, TX, 77084, USA",16365 Park Ten Place. ,#325,Houston,TX,77084,USA,Active,Shopify App,29.7863134,-95.6674334,2025-10-18T00:01:14.000Z,2025-10-18T00:01:14.000Z
68f2d8cc6e538285870be308,gid://shopify/Metaobject/153562841408,Edge Medical Spa/Lounge,edge-medical-spa-lounge,801-281-2273,"32 W. Winchester St., , Suite 100, Murray, UT, 84107, USA","32 W. Winchester St., ",Suite 100,Murray,UT,84107,USA,Active,Shopify App,40.633605,-111.8918818,2025-10-18T00:01:14.000Z,2025-10-22T00:10:05.000Z
68f2d8cc6e538285870be309,gid://shopify/Metaobject/153562906944,Glow Skin Studio,glow-skin-studio,907-230-7500,"3400 E Cottle Loop, Suite 500, Wasilla, AK, 99654, USA",3400 E Cottle Loop,Suite 500,Wasilla,AK,99654,USA,Active,Shopify App,61.5857098,-149.363701,2025-10-18T00:01:15.000Z,2025-12-16T03:13:19.000Z
68f2d8cc6e538285870be30a,gid://shopify/Metaobject/153562874176,The Blue Room Spa Portland,the-blue-room-spa-portland,3109224886,"1536 NW 23rd Ave, Portland, OR, 97210, USA",1536 NW 23rd Ave,,Portland,OR,97210,USA,Active,Shopify App,45.53394189999999,-122.6985405,2025-10-18T00:01:15.000Z,2025-10-18T00:01:15.000Z
68f2d8cd6e538285870be30b,gid://shopify/Metaobject/153562939712,Hive + Co Lacquer Lounge + Spa,hive-co-lacquer-lounge-spa,208-370-4433,"3035 E Barber Valley Drive , Suite 100, Boise, ID, 83716, USA",3035 E Barber Valley Drive ,Suite 100,Boise,ID,83716,USA,Active,Shopify App,43.5767776,-116.1491069,2025-10-18T00:01:15.000Z,2025-10-18T00:01:15.000Z
68f2d8cd6e538285870be30c,gid://shopify/Metaobject/153562972480,The Center for Restorative Medicine,the-center-for-restorative-medicine,(615) 338-0123,"353 New Shackle Road , Suite 207 Building A, Hendersonville, TN, 37075, USA",353 New Shackle Road ,Suite 207 Building A,Hendersonville,TN,37075,USA,Active,Shopify App,36.3251898,-86.62122140000001,2025-10-18T00:01:16.000Z,2025-10-18T00:01:16.000Z
68f2d8ce6e538285870be30d,gid://shopify/Metaobject/153563005248,The Stepanyan Clinic,the-stepanyan-clinic,818-640-9054,"15490 Ventura Blvd, Sherman Oaks, CA, 91403, USA",15490 Ventura Blvd,,Sherman Oaks,CA,91403,USA,Active,Shopify App,34.1544444,-118.4716835,2025-10-18T00:01:16.000Z,2025-10-18T00:01:16.000Z
68f2d8ce6e538285870be30e,gid://shopify/Metaobject/153563038016,Estetiquette- Alexandra,estetiquette-alexandra,,"109 Seventh Street, Garden City, NY, 11530, USA",109 Seventh Street,,Garden City,NY,11530,USA,Active,Shopify App,40.7249109,-73.6365265,2025-10-18T00:01:16.000Z,2025-10-18T00:01:16.000Z
68f2d8cf6e538285870be30f,gid://shopify/Metaobject/153563070784,Jessica Ellam Aesthetics,jessica-ellam-aesthetics,865-357-1138,"10315 Kingston Pike, Knoxville, TN, 37922, USA",10315 Kingston Pike,,Knoxville,TN,37922,USA,Active,Shopify App,35.9003601,-84.1267422,2025-10-18T00:01:17.000Z,2025-10-18T00:01:17.000Z
68f2d8cf6e538285870be310,gid://shopify/Metaobject/153563103552,The Beauty Jungle,the-beauty-jungle,6124334104,"5614 West 36th Street, St. Louis Park, MN, 55416, USA",5614 West 36th Street,,St. Louis Park,MN,55416,USA,Active,Shopify App,44.9379503,-93.3505082,2025-10-18T00:01:17.000Z,2025-10-18T00:01:17.000Z
68f2d8cf6e538285870be311,gid://shopify/Metaobject/153563136320,Daelyn Maree Beauty,daelyn-maree-beauty,812-614-7631,"732 W Main St, Greensburg, IN, 47240, USA",732 W Main St,,Greensburg,IN,47240,USA,Active,Shopify App,39.3367594,-85.4949688,2025-10-18T00:01:18.000Z,2026-02-18T20:32:55.000Z
68f2d8d06e538285870be312,gid://shopify/Metaobject/153563169088,Suyoung Aesthetics,suyoung-aesthetics,7187990031,"40-22 Main St 4th Floor, Flushing, NY, 11354, USA",40-22 Main St 4th Floor,,Flushing,NY,11354,USA,Active,Shopify App,40.7589995,-73.8300737,2025-10-18T00:01:18.000Z,2025-10-18T00:01:18.000Z
68f2d8d06e538285870be313,gid://shopify/Metaobject/153563201856,Charis Skin Care,charis-skin-care,415-225-2652,"6 Bridge Ave , #2, San Anselmo, CA, 94960, USA",6 Bridge Ave ,#2,San Anselmo,CA,94960,USA,Active,Shopify App,37.97740599999999,-122.563974,2025-10-18T00:01:18.000Z,2025-10-18T00:01:18.000Z
68f2d8d06e538285870be314,gid://shopify/Metaobject/153563234624,Pure Medspa,pure-medspa,541-200-2444,"3143 Signature Court, Medford, OR, 97504, USA",3143 Signature Court,,Medford,OR,97504,USA,Active,Shopify App,42.3295487,-122.8182153,2025-10-18T00:01:19.000Z,2025-10-18T00:01:19.000Z
68f2d8d16e538285870be315,gid://shopify/Metaobject/153563267392,Sei Bella,sei-bella,5302638673,"10193 Combie Rd, , D, Auburn, CA, 95602, USA","10193 Combie Rd, ",D,Auburn,CA,95602,USA,Active,Shopify App,39.04267720000001,-121.0904076,2025-10-18T00:01:19.000Z,2025-10-18T00:01:19.000Z
68f2d8d16e538285870be316,gid://shopify/Metaobject/153563300160,Soulmate Skin,soulmate-skin,530.867.9161,"185 First Street, Woodland, CA, 95695, USA",185 First Street,,Woodland,CA,95695,USA,Active,Shopify App,38.6801466,-121.7729479,2025-10-18T00:01:19.000Z,2025-10-18T00:01:19.000Z
68f2d8d16e538285870be317,gid://shopify/Metaobject/153563332928,Glow Lab Skincare,glow-lab-skincare,954-551-1670,"30110 Crown Valley Pwky , Suite 101, Laguna Niguel, CA, 92677, USA",30110 Crown Valley Pwky ,Suite 101,Laguna Niguel,CA,92677,USA,Active,Shopify App,33.5250929,-117.7121677,2025-10-18T00:01:20.000Z,2025-10-18T00:01:20.000Z
68f2d8d26e538285870be318,gid://shopify/Metaobject/153563365696,Injexa,injexa,469 980 8391,"8240 Preston Road , Suite 200, Plano, TX, 75024, USA",8240 Preston Road ,Suite 200,Plano,TX,75024,USA,Active,Shopify App,33.0900655,-96.8047486,2025-10-18T00:01:20.000Z,2025-10-18T00:01:20.000Z
68f2d8d26e538285870be319,gid://shopify/Metaobject/153563398464,Radiant Glow Esthetics,radiant-glow-esthetics,775-397-5132,"247 Bluffs Ave , Suite 102, Elko, NV, 89081, USA",247 Bluffs Ave ,Suite 102,Elko,NV,89081,USA,Active,Shopify App,40.8421114,-115.7912271,2025-10-18T00:01:21.000Z,2025-10-18T00:01:21.000Z
68f2d8d36e538285870be31a,gid://shopify/Metaobject/153563431232,Revive Body Therapy,revive-body-therapy,669-243-0004,"1590 Oakland Rd , B105, San Jose, CA, 95131, USA",1590 Oakland Rd ,B105,San Jose,CA,95131,USA,Active,Shopify App,37.3805408,-121.8947916,2025-10-18T00:01:21.000Z,2025-10-18T00:01:21.000Z
68f2d8d36e538285870be31b,gid://shopify/Metaobject/153563464000,Vie Riche,vie-riche,7708817722,"271 South Avenue Southeast, Alpharetta, GA, 30060, USA",271 South Avenue Southeast,,Alpharetta,GA,30060,USA,Active,Shopify App,33.9456136,-84.5372493,2025-10-18T00:01:21.000Z,2025-10-18T00:01:21.000Z
68f2d8d36e538285870be31c,gid://shopify/Metaobject/153563496768,Body Beauty Team,body-beauty-team,469-231-5740,"202 S. Austin St. , #1 and #8, Allen, TX, 75013, USA",202 S. Austin St. ,#1 and #8,Allen,TX,75013,USA,Active,Shopify App,33.1128019,-96.6958939,2025-10-18T00:01:22.000Z,2025-10-18T00:01:22.000Z
68f2d8d46e538285870be31d,gid://shopify/Metaobject/153563529536,Beauty Wise,beauty-wise,210-290-9444,"700 E Sonterra Blvd , #207, San Antonio, TX, 78258, USA",700 E Sonterra Blvd ,#207,San Antonio,TX,78258,USA,Active,Shopify App,29.6135811,-98.484594,2025-10-18T00:01:22.000Z,2025-10-18T00:01:22.000Z
68f2d8d56e538285870be31e,gid://shopify/Metaobject/153563562304,Botox Barb,botox-barb,818-391-9709,"2806 Holly Hills Lane, Cameron Park, CA, 95682, USA",2806 Holly Hills Lane,,Cameron Park,CA,95682,USA,Active,Shopify App,38.6632349,-120.9888196,2025-10-18T00:01:23.000Z,2025-10-18T00:01:23.000Z
68f2d8d56e538285870be31f,gid://shopify/Metaobject/153563595072,The Scarlett Room LLC,the-scarlett-room-llc,7708202126,"2635 Freedom Pkwy, Cumming, GA, 30041, USA",2635 Freedom Pkwy,,Cumming,GA,30041,USA,Active,Shopify App,34.250448,-84.0896787,2025-10-18T00:01:23.000Z,2025-10-18T00:01:23.000Z
68f2d8d56e538285870be320,gid://shopify/Metaobject/153563627840,Rejuvv Luxury Spa Overland Park,rejuvv-luxury-spa-overland-park,(913) 242-7049,"15106 Glenwood, Overland Park, KS, 66223, USA",15106 Glenwood,,Overland Park,KS,66223,USA,Active,Shopify App,38.8537158,-94.66439059999999,2025-10-18T00:01:23.000Z,2025-10-18T00:01:23.000Z
68f2d8d66e538285870be321,gid://shopify/Metaobject/153563660608,HydroGlō,hydro-glo,209-579-4840,"1175 Geer Rd , Suite C, Turlock, CA, 95380, USA",1175 Geer Rd ,Suite C,Turlock,CA,95380,USA,Active,Shopify App,37.5040224,-120.8494009,2025-10-18T00:01:24.000Z,2025-11-12T18:38:49.000Z
68f2d8d66e538285870be322,gid://shopify/Metaobject/153563693376,Spa One,spa-one,860-928-0121,"28A Mashmoquet Road, Pomfret, CT, 06259, USA",28A Mashmoquet Road,,Pomfret,CT,06259,USA,Active,Shopify App,41.8591568,-71.9621342,2025-10-18T00:01:24.000Z,2025-10-18T00:01:24.000Z
68f2d8d66e538285870be323,gid://shopify/Metaobject/153563758912,Clinical Skin Aesthetics,clinical-skincare-coach,949-687-8904,"20301 Acacia st , Suite 100, Newport Beach, CA, 92660, USA",20301 Acacia st ,Suite 100,Newport Beach,CA,92660,USA,Active,Shopify App,33.6588086,-117.8795593,2025-10-18T00:01:25.000Z,2025-11-13T01:08:29.000Z
68f2d8d66e538285870be324,gid://shopify/Metaobject/153563726144,Bright Beauty Med Spa,bright-beauty-med-spa,801-360-3274,"352 W Center St, Orem, UT, 84057, USA",352 W Center St,,Orem,UT,84057,USA,Active,Shopify App,40.2976859,-111.7039226,2025-10-18T00:01:25.000Z,2025-10-18T00:01:25.000Z
68f2d8d76e538285870be325,gid://shopify/Metaobject/153563791680,New Day Health & Wellness,new-day-health-and-wellness,913-909-5250,"5006 N 22nd, Ozark, MO, 65721, USA",5006 N 22nd,,Ozark,MO,65721,USA,Active,Shopify App,37.0667153,-93.23237379999999,2025-10-18T00:01:25.000Z,2025-10-18T00:01:25.000Z
68f2d8d76e538285870be326,gid://shopify/Metaobject/153563824448,The Skinlife Med Spa,the-skinlife-med-spa,907-242-7546,"12350 Industry Way , Suite 110, Anchorage, AK, 99515, USA",12350 Industry Way ,Suite 110,Anchorage,AK,99515,USA,Active,Shopify App,61.10927839999999,-149.8620967,2025-10-18T00:01:26.000Z,2025-10-18T00:01:26.000Z
68f2d8d86e538285870be327,gid://shopify/Metaobject/153563857216,Larchmont Dermatology,larchmont-dermatology,914-833-3030,"2365 Boston Post Road, , Suite 201, Larchmont, NY, 10538, USA","2365 Boston Post Road, ",Suite 201,Larchmont,NY,10538,USA,Active,Shopify App,40.9233431,-73.7602086,2025-10-18T00:01:26.000Z,2025-10-18T00:01:26.000Z
68f2d8d86e538285870be328,gid://shopify/Metaobject/153563889984,Modern Aesthetics & Wellness,modern-aesthetics-wellness,646-897-8042,"2371 Victory Blvd, Staten Island, NY, 10314, USA",2371 Victory Blvd,,Staten Island,NY,10314,USA,Active,Shopify App,40.6112449,-74.1425762,2025-10-18T00:01:26.000Z,2025-11-01T04:06:27.000Z
68f2d8d96e538285870be329,gid://shopify/Metaobject/153563955520,Defining Within,defining-within,971-983-9287,"5053 Constellation Ave NE, Salem, OR, 97305, USA",5053 Constellation Ave NE,,Salem,OR,97305,USA,Active,Shopify App,45.0004533,-122.9572291,2025-10-18T00:01:27.000Z,2025-10-18T00:01:27.000Z
68f2d8d96e538285870be32a,gid://shopify/Metaobject/153563922752,Aesthetic Plastic Surgery Associate,aesthetic-plastic-surgery-associate,559-432-6212,"1351 E. Spruce Ave , Suite 120, Fresno, CA, 93720, USA",1351 E. Spruce Ave ,Suite 120,Fresno,CA,93720,USA,Active,Shopify App,36.8409288,-119.759259,2025-10-18T00:01:27.000Z,2025-10-18T00:01:27.000Z
68f2d8d96e538285870be32b,gid://shopify/Metaobject/153563988288,Blue Sky Laser & Tox,blue-sky-laser-and-tox,703-966-3223,"1560 Wilson Blvd. , Ste. 850, Arlington, VA, 22209, USA",1560 Wilson Blvd. ,Ste. 850,Arlington,VA,22209,USA,Active,Shopify App,38.8938759,-77.0764733,2025-10-18T00:01:27.000Z,2025-10-18T00:01:27.000Z
68f2d8da6e538285870be32c,gid://shopify/Metaobject/153564021056,Buket Aesthetics & Wellness,buket-aesthetics-and-wellness,4702482050,"501 South Main St. , Ste 202, Alpharetta, GA, 30009, USA",501 South Main St. ,Ste 202,Alpharetta,GA,30009,USA,Active,Shopify App,34.0665579,-84.3076911,2025-10-18T00:01:28.000Z,2025-10-18T00:01:28.000Z
68f2d8da6e538285870be32d,gid://shopify/Metaobject/153564053824,Tina Marie Skincare,tina-marie-skincare,619-665-6965,"7742 Herschel Ave, , Suite J, La Jolla, CA, 92037, USA","7742 Herschel Ave, ",Suite J,La Jolla,CA,92037,USA,Active,Shopify App,32.8446038,-117.2728476,2025-10-18T00:01:28.000Z,2025-10-18T00:01:28.000Z
68f2d8da6e538285870be32e,gid://shopify/Metaobject/153564086592,Harvest Health Center,harvest-health-center,800-619-6501,"6300 W Loop S Fwy Svc Rd , Unit 230, Bellaire, TX, 77401, USA",6300 W Loop S Fwy Svc Rd ,Unit 230,Bellaire,TX,77401,USA,Active,Shopify App,29.7125517,-95.4618907,2025-10-18T00:01:29.000Z,2025-10-18T00:01:29.000Z
68f2d8db6e538285870be32f,gid://shopify/Metaobject/153564119360,Newport Beach Dermatology and Plastic Surgery San Juan Capistrano,newport-beach-dermatology-and-plastic-surgery-san-juan-capistrano,949-706-7886,"27512 Calle Arroyo, San Juan Capistrano, CA, 92675, USA",27512 Calle Arroyo,,San Juan Capistrano,CA,92675,USA,Active,Shopify App,33.5025703,-117.6500391,2025-10-18T00:01:29.000Z,2025-10-18T00:01:29.000Z
68f2d8db6e538285870be330,gid://shopify/Metaobject/153564152128,Alana Rose Skin,alana-rose-skin,360.628.2914,"6279 W 38th Ave, , Suite 6 (Inside Anew You Laser - 2nd floor), Wheat Ridge, CO, 80033, USA","6279 W 38th Ave, ",Suite 6 (Inside Anew You Laser - 2nd floor),Wheat Ridge,CO,80033,USA,Active,Shopify App,39.76980959999999,-105.0663814,2025-10-18T00:01:29.000Z,2025-10-18T00:01:29.000Z
68f2d8dc6e538285870be331,gid://shopify/Metaobject/153564184896,Pore Decisions Med Spa,pore-decisions-med-spa,408-223-5342,"5700 Village Oaks Drive , Suite 30, San Jose, CA, 95123, USA",5700 Village Oaks Drive ,Suite 30,San Jose,CA,95123,USA,Active,Shopify App,37.2480025,-121.8020615,2025-10-18T00:01:30.000Z,2025-10-18T00:01:30.000Z
68f2d8dc6e538285870be332,gid://shopify/Metaobject/153564217664,Fountain LLC,fountain-llc,(616) 291-5090,"16930 Robbins Rd, Grand Haven, MI, 49417, USA",16930 Robbins Rd,,Grand Haven,MI,49417,USA,Active,Shopify App,43.0441972,-86.20879839999999,2025-10-18T00:01:30.000Z,2025-10-18T00:01:30.000Z
68f2d8dc6e538285870be333,gid://shopify/Metaobject/153564250432,OHMI Anti-Aging,ohmi-anti-aging,949-238-7716,"3500 Barranca Pkwy , Suite 290, Irvine, CA, 92606, USA",3500 Barranca Pkwy ,Suite 290,Irvine,CA,92606,USA,Active,Shopify App,33.6862122,-117.8148556,2025-10-18T00:01:30.000Z,2025-11-13T01:15:20.000Z
68f2d8dd6e538285870be334,gid://shopify/Metaobject/153564283200,Avenue K Drugs Pharmacy,avenue-k-drugs-pharmacy,8483338235,"3002 Avenue K, Brooklyn, NY, 11210, USA",3002 Avenue K,,Brooklyn,NY,11210,USA,Active,Shopify App,40.6242405,-73.94609059999999,2025-10-18T00:01:31.000Z,2025-10-18T00:01:31.000Z
68f2d8dd6e538285870be335,gid://shopify/Metaobject/153564315968,Capital Health & Aesthetics,capital-health-and-aesthetics,515-421-4018,"900 42nd St, Des Moines, IA, 50312, USA",900 42nd St,,Des Moines,IA,50312,USA,Active,Shopify App,41.5937946,-93.67454509999999,2025-10-18T00:01:31.000Z,2025-10-18T00:01:31.000Z
68f2d8dd6e538285870be336,gid://shopify/Metaobject/153564348736,I.B. Aesthetique & Wellness,ib-aesthetique-and-wellness,(619) 490-3112,"1555 Palm Ave , Suite J2, San Diego, CA, 92154, USA",1555 Palm Ave ,Suite J2,San Diego,CA,92154,USA,Active,Shopify App,32.5830739,-117.1008087,2025-10-18T00:01:32.000Z,2025-10-18T00:01:32.000Z
68f2d8de6e538285870be337,gid://shopify/Metaobject/153564381504,OM Laser & Wellness,om-laser-and-wellness,757-603-3915,"3709 Strawberry Plains Rd. , Ste A, Williamsburg, VA, 23188, USA",3709 Strawberry Plains Rd. ,Ste A,Williamsburg,VA,23188,USA,Active,Shopify App,37.2658048,-76.7423027,2025-10-18T00:01:32.000Z,2025-10-18T00:01:32.000Z
68f2d8de6e538285870be338,gid://shopify/Metaobject/153564414272,Bare Skin & Body,bare-skin-and-body,209-617-8947,"312 Capitola Ave , Suite D, Capitola, CA, 95010, USA",312 Capitola Ave ,Suite D,Capitola,CA,95010,USA,Active,Shopify App,36.9734208,-121.9522676,2025-10-18T00:01:32.000Z,2025-10-18T00:01:32.000Z
68f2d8de6e538285870be339,gid://shopify/Metaobject/153564447040,Meg Fox Aesthetics Towson,meg-fox-aesthetics-towson,(301) 778-1467,"876 Kenilworth Dr, Towson, MD, 21204, USA",876 Kenilworth Dr,,Towson,MD,21204,USA,Active,Shopify App,39.4119552,-76.6190996,2025-10-18T00:01:33.000Z,2025-10-18T00:01:33.000Z
68f2d8df6e538285870be33a,gid://shopify/Metaobject/153564479808,Align Medical Massage and Spa,align-medical-massage-and-spa,808-250-2639,"203 South Market Street, Wailuku, HI, 96793, USA",203 South Market Street,,Wailuku,HI,96793,USA,Active,Shopify App,20.8857891,-156.501169,2025-10-18T00:01:33.000Z,2026-01-27T01:02:09.000Z
68f2d8df6e538285870be33b,gid://shopify/Metaobject/153564512576,Enriched Aesthetics,enriched-aesthetics,9732385317,"1098 Mt. Kemble Ave - , Suite B, Morristown, NJ, 07960, USA",1098 Mt. Kemble Ave - ,Suite B,Morristown,NJ,07960,USA,Active,Shopify App,40.7411632,-74.5358309,2025-10-18T00:01:33.000Z,2025-10-18T00:01:33.000Z
68f2d8e06e538285870be33c,gid://shopify/Metaobject/153564545344,Freeface Skincare,freeface-skincare,9494448880,"234 E 17th St , #206, Costa Mesa, CA, 92627, USA",234 E 17th St ,#206,Costa Mesa,CA,92627,USA,Active,Shopify App,33.6350268,-117.9169397,2025-10-18T00:01:34.000Z,2025-10-18T00:01:34.000Z
68f2d8e06e538285870be33d,gid://shopify/Metaobject/153564578112,Embody Regenerative Aesthetics,embody-regenerative-aesthetics,5133757001,"11314 Montgomery Road, Cincinnati, OH, 45259, USA",11314 Montgomery Road,,Cincinnati,OH,45259,USA,Active,Shopify App,39.2696999,-84.3270258,2025-10-18T00:01:34.000Z,2025-10-18T00:01:34.000Z
68f2d8e06e538285870be33e,gid://shopify/Metaobject/153564610880,Ethos Aesthetics + Wellness,ethos-aesthetics-wellness-somerville,201-874-9067,"92 E. Main Street, Suite 201, Somerville, NJ, 08876, USA",92 E. Main Street,Suite 201,Somerville,NJ,08876,USA,Active,Shopify App,40.5668273,-74.6092627,2025-10-18T00:01:35.000Z,2025-10-31T23:24:50.000Z
68f2d8e16e538285870be33f,gid://shopify/Metaobject/153564643648,Illuminate Skin,illuminate-skin,(408) 759-4395,"2400 Samaritan Drive , Suite 103, San Jose, CA, 95124, USA",2400 Samaritan Drive ,Suite 103,San Jose,CA,95124,USA,Active,Shopify App,37.2508265,-121.9443806,2025-10-18T00:01:35.000Z,2025-10-18T00:01:35.000Z
68f2d8e16e538285870be340,gid://shopify/Metaobject/153564676416,Sculpting MD,sculpting-md,774-251-7112,"30 Turnpike Road, , Suite 12, Southborough, MA, 01772, USA","30 Turnpike Road, ",Suite 12,Southborough,MA,01772,USA,Active,Shopify App,42.295279,-71.4972042,2025-10-18T00:01:35.000Z,2025-10-18T00:01:35.000Z
68f2d8e26e538285870be341,gid://shopify/Metaobject/153564709184,Skin Truth,skin-truth,888-275-5585,"6835 Shiloh Road East, , Suite C-13, Alpharetta, GA, 30005, USA","6835 Shiloh Road East, ",Suite C-13,Alpharetta,GA,30005,USA,Active,Shopify App,34.1083026,-84.202434,2025-10-18T00:01:36.000Z,2025-10-18T00:01:36.000Z
68f2d8e26e538285870be342,gid://shopify/Metaobject/153564741952,LIVV Natural,livv-natural,(619) 840-6700,"2027 Newcastle Ave, Cardiff, CA, 92007, USA",2027 Newcastle Ave,,Cardiff,CA,92007,USA,Active,Shopify App,33.0227641,-117.2819873,2025-10-18T00:01:36.000Z,2025-10-18T00:01:36.000Z
68f2d8e26e538285870be343,gid://shopify/Metaobject/153564774720,Metamorphosis Beauty Hawaii LLC,metamorphosis-beauty-hawaii-llc,928-607-1544,"74-5614 Palani Rd. , Suite 3, Kailua-Kona, HI, 96740, USA",74-5614 Palani Rd. ,Suite 3,Kailua-Kona,HI,96740,USA,Active,Shopify App,19.6434204,-155.9955203,2025-10-18T00:01:36.000Z,2025-10-18T00:01:36.000Z
68f2d8e36e538285870be344,gid://shopify/Metaobject/153564807488,Strawbridge Skin Co.,strawbridge-skin-co,6025011198,"417 Ronan Way, , Unit B, Spring Hill, TN, 37174, USA","417 Ronan Way, ",Unit B,Spring Hill,TN,37174,USA,Active,Shopify App,35.72228630000001,-86.8822445,2025-10-18T00:01:37.000Z,2025-10-18T00:01:37.000Z
68f2d8e36e538285870be345,gid://shopify/Metaobject/153564840256,A Better You Med Spa,a-better-you-med-spa,865-288-3899,"9307 Kingston Pike, , Suite A, Knoxville, TN, 37923, USA","9307 Kingston Pike, ",Suite A,Knoxville,TN,37923,USA,Active,Shopify App,35.9125935,-84.09267799999999,2025-10-18T00:01:37.000Z,2025-10-18T00:01:37.000Z
68f2d8e36e538285870be346,gid://shopify/Metaobject/153564873024,Feel Fab Aesthetics,feel-fab-aesthetics,9567071130,"6262 McPherson Rd., Laredo, TX, 78041, USA",6262 McPherson Rd.,,Laredo,TX,78041,USA,Active,Shopify App,27.5596199,-99.476788,2025-10-18T00:01:37.000Z,2025-10-18T00:01:37.000Z
68f2d8e46e538285870be347,gid://shopify/Metaobject/153564905792,Kanoelani Skin Therapy,kanoelani-skin-therapy,8083931730,"2845 Lowery Ave, Honolulu, HI, 96822, USA",2845 Lowery Ave,,Honolulu,HI,96822,USA,Active,Shopify App,21.3108661,-157.8087988,2025-10-18T00:01:38.000Z,2025-10-18T00:01:38.000Z
68f2d8e46e538285870be348,gid://shopify/Metaobject/153564938560,Treasure State Eye Care,treasure-state-eye-care,(406) 727-9160,"523 9th Street South, Great Falls, MT, 59405, USA",523 9th Street South,,Great Falls,MT,59405,USA,Active,Shopify App,47.4989917,-111.2919239,2025-10-18T00:01:38.000Z,2025-10-18T00:01:38.000Z
68f2d8e46e538285870be349,gid://shopify/Metaobject/153564971328,Ali’i Nani Aesthetic Medicine,alii-nani-aesthetic-medicine,8086939930,"579 Farrington Hwy , Ste 206, Kapolei, HI, 96707, USA",579 Farrington Hwy ,Ste 206,Kapolei,HI,96707,USA,Active,Shopify App,21.3386892,-158.0766681,2025-10-18T00:01:39.000Z,2025-10-18T00:01:39.000Z
68f2d8e56e538285870be34a,gid://shopify/Metaobject/153565036864,Erin Kukas Esthetics,erin-kukas-esthetics,9167129320,"1700 Alhambra Blvd. , #100, Sacramento, CA, 95816, USA",1700 Alhambra Blvd. ,#100,Sacramento,CA,95816,USA,Active,Shopify App,38.5648062,-121.4689408,2025-10-18T00:01:39.000Z,2025-10-18T00:01:39.000Z
68f2d8e56e538285870be34b,gid://shopify/Metaobject/153565004096,Empire Medspa,empire-medspa,214-906-2988,"297 FM 1903, Greenville, TX, 75402, USA",297 FM 1903,,Greenville,TX,75402,USA,Active,Shopify App,33.0411496,-96.1148927,2025-10-18T00:01:39.000Z,2025-10-18T00:01:39.000Z
68f2d8e56e538285870be34c,gid://shopify/Metaobject/153565069632,Skin by Jenn at Serenity Hill,skin-by-jenn-at-serenity-hill,9402246432,"2921 Southwest Pkwy, Wichita Falls, TX, 76308, USA",2921 Southwest Pkwy,,Wichita Falls,TX,76308,USA,Active,Shopify App,33.8575109,-98.5394384,2025-10-18T00:01:40.000Z,2025-10-18T00:01:40.000Z
68f2d8e66e538285870be34d,gid://shopify/Metaobject/153565102400,Skinfinity,skinfinity,312-538-4164,"1163 N State st. , Suite 16, Chicago, IL, 60610, USA",1163 N State st. ,Suite 16,Chicago,IL,60610,USA,Active,Shopify App,41.9036315,-87.6284779,2025-10-18T00:01:40.000Z,2025-10-18T00:01:40.000Z
68f2d8e66e538285870be34e,gid://shopify/Metaobject/153565135168,And Aesthetics,and-aesthetics,480-707-9300,"640 S New Maney Dr, Wasilla, AK, 99654, USA",640 S New Maney Dr,,Wasilla,AK,99654,USA,Active,Shopify App,61.5775138,-149.3934398,2025-10-18T00:01:40.000Z,2025-10-18T00:01:40.000Z
68f2d8e76e538285870be34f,gid://shopify/Metaobject/153565167936,Belen Aesthetics,belen-aesthetics,720-736-9816,"7180 E Orchard Rd., , Suite 300, Centennial, CO, 80111, USA","7180 E Orchard Rd., ",Suite 300,Centennial,CO,80111,USA,Active,Shopify App,39.6091419,-104.9056206,2025-10-18T00:01:41.000Z,2025-10-18T00:01:41.000Z
68f2d8e76e538285870be350,gid://shopify/Metaobject/153565200704,Elevate Skin Lounge & Spa,elevate-skin-lounge-and-spa,702-661-4242,"221 N Buffalo Dr , Suite A, Las Vegas, NV, 89145, USA",221 N Buffalo Dr ,Suite A,Las Vegas,NV,89145,USA,Active,Shopify App,36.17540109999999,-115.2607325,2025-10-18T00:01:41.000Z,2025-10-18T00:01:41.000Z
68f2d8e76e538285870be351,gid://shopify/Metaobject/153565266240,Redding Transform Health,redding-transform-health,8166827349,"2775 Ventura Street , Ste C, Anderson, CA, 96007, USA",2775 Ventura Street ,Ste C,Anderson,CA,96007,USA,Active,Shopify App,40.4523969,-122.2929471,2025-10-18T00:01:42.000Z,2025-10-18T00:01:42.000Z
68f2d8e76e538285870be352,gid://shopify/Metaobject/153565233472,Gabi Vegh Skincare,gabi-vegh-skincare,7038435815,"1010 N Glebe Rd , Studio #7, Arlington, VA, 22201, USA",1010 N Glebe Rd ,Studio #7,Arlington,VA,22201,USA,Active,Shopify App,38.88332339999999,-77.1169652,2025-10-18T00:01:41.000Z,2025-10-18T00:01:41.000Z
68f2d8e86e538285870be353,gid://shopify/Metaobject/153565299008,Tighten it Spa,tighten-it-spa,(916) 792-0772,"1013 Galleria Blvd , Ste 265, Roseville, CA, 95678, USA",1013 Galleria Blvd ,Ste 265,Roseville,CA,95678,USA,Active,Shopify App,38.7675098,-121.2690458,2025-10-18T00:01:42.000Z,2025-10-18T00:01:42.000Z
68f2d8e86e538285870be354,gid://shopify/Metaobject/153565331776,Mamba Physician Care,mamba-physician-care,772 2009737,"15835 Shaddock Dr , #120, Orlando, FL, 34787, USA",15835 Shaddock Dr ,#120,Orlando,FL,34787,USA,Active,Shopify App,28.4608364,-81.6324881,2025-10-18T00:01:43.000Z,2025-10-18T00:01:43.000Z
68f2d8e96e538285870be355,gid://shopify/Metaobject/153565364544,"Patricia Haupt, LLC",patricia-haupt-llc,770-655-2473,"175 Pine Grove Rd , Suite 215, Cartersville, GA, 30120, USA",175 Pine Grove Rd ,Suite 215,Cartersville,GA,30120,USA,Active,Shopify App,34.137756,-84.8192668,2025-10-18T00:01:43.000Z,2025-11-13T01:25:06.000Z
68f2d8ea6e538285870be357,gid://shopify/Metaobject/153565430080,Supreme Wellness,supreme-wellness,+1 (808) 294-2632,"1631 Kapiolani Blvd , Suite 101, Honolulu, HI, 96814, USA",1631 Kapiolani Blvd ,Suite 101,Honolulu,HI,96814,USA,Active,Shopify App,21.2913453,-157.8391769,2025-10-18T00:01:44.000Z,2025-10-18T00:01:44.000Z
68f2d8ea6e538285870be358,gid://shopify/Metaobject/153565462848,The Beauty Lab Aesthetics & Wellness,the-beauty-lab-aesthetics-and-wellness,702-344-2484,"5770 S Durango Dr , Suite 110, Las Vegas, NV, 89113, USA",5770 S Durango Dr ,Suite 110,Las Vegas,NV,89113,USA,Active,Shopify App,36.0838316,-115.2788909,2025-10-18T00:01:44.000Z,2025-10-18T00:01:44.000Z
68f2d8ea6e538285870be359,gid://shopify/Metaobject/153565495616,AR Aesthetics,ar-aesthetics,8136449964,"4100 W Kennedy Blvd , suite 130, Tampa, FL, 33609, USA",4100 W Kennedy Blvd ,suite 130,Tampa,FL,33609,USA,Active,Shopify App,27.9445125,-82.51245999999999,2025-10-18T00:01:44.000Z,2025-10-18T00:01:44.000Z
68f2d8eb6e538285870be35a,gid://shopify/Metaobject/153565528384,La Belle Medical Spa,la-belle-medical-spa,209-205-2999,"410 E Yosemite Ave , Suite C, Merced, CA, 95340, USA",410 E Yosemite Ave ,Suite C,Merced,CA,95340,USA,Active,Shopify App,37.3315512,-120.4624857,2025-10-18T00:01:45.000Z,2025-10-18T00:01:45.000Z
68f2d8eb6e538285870be35b,gid://shopify/Metaobject/153565561152,Pharm House,pharm-house,865-282-8273,"115 Gresham Road, Knoxville, TN, 37918, USA",115 Gresham Road,,Knoxville,TN,37918,USA,Active,Shopify App,36.0387367,-83.93201859999999,2025-10-18T00:01:45.000Z,2025-10-18T00:01:45.000Z
68f2d8eb6e538285870be35c,gid://shopify/Metaobject/153565593920,Sheila Marie Aesthetics,sheila-marie-aesthetics,(415) 652-3499,"379 derby Ave, San Mateo, CA, 94403, USA",379 derby Ave,,San Mateo,CA,94403,USA,Active,Shopify App,37.5436204,-122.297099,2025-10-18T00:01:46.000Z,2025-10-18T00:01:46.000Z
68f2d8ec6e538285870be35d,gid://shopify/Metaobject/153565626688,Xanadu Med Spa,xanadu-med-spa,+1 970-482-1889,"2105 Bighorn Drive, , Suite 104, Fort Collins, CO, 80525, USA","2105 Bighorn Drive, ",Suite 104,Fort Collins,CO,80525,USA,Active,Shopify App,40.5350926,-105.0388469,2025-10-18T00:01:46.000Z,2025-10-18T00:01:46.000Z
68f2d8ec6e538285870be35e,gid://shopify/Metaobject/153565692224,NNY Esthetician,nny-esthetician,315-212-2194,"46 NY 56,, Colton, NY, 13625, USA","46 NY 56,",,Colton,NY,13625,USA,Active,Shopify App,44.5558004,-74.9434084,2025-10-18T00:01:47.000Z,2025-10-18T00:01:47.000Z
68f2d8ec6e538285870be35f,gid://shopify/Metaobject/153565659456,Beyond Beauty Medspa,beyond-beauty-medspa,925-915-5153,"675 Ygnacio Valley Rd , 100A, Walnut Creek, CA, 94596, USA",675 Ygnacio Valley Rd ,100A,Walnut Creek,CA,94596,USA,Active,Shopify App,37.9061442,-122.0598188,2025-10-18T00:01:46.000Z,2025-10-18T00:01:46.000Z
68f2d8ed6e538285870be360,gid://shopify/Metaobject/153565724992,Pretty Sweet Aesthetics,pretty-sweet-aesthetics,(208) 791-2121,"629 6th Street, Clarkston, WA, 99403, USA",629 6th Street,,Clarkston,WA,99403,USA,Active,Shopify App,46.4171248,-117.0454313,2025-10-18T00:01:47.000Z,2025-10-18T00:01:47.000Z
68f2d8ed6e538285870be361,gid://shopify/Metaobject/153565757760,True Derm Med Spa,true-derm-med-spa,720.800-5716,"6155 S Main St , SUITE #34, Aurora, CO, 80016, USA",6155 S Main St ,SUITE #34,Aurora,CO,80016,USA,Active,Shopify App,39.6015704,-104.7048842,2025-10-18T00:01:47.000Z,2025-10-18T00:01:47.000Z
68f2d8ee6e538285870be362,gid://shopify/Metaobject/153565790528,Hadia Skin Care,hadia-skin-care,650-491-4041,"1199 Howard Ave , Suite 103, Burlingame, CA, 94010, USA",1199 Howard Ave ,Suite 103,Burlingame,CA,94010,USA,Active,Shopify App,37.5778578,-122.3444611,2025-10-18T00:01:48.000Z,2025-10-18T00:01:48.000Z
68f2d8ee6e538285870be363,gid://shopify/Metaobject/153565823296,Illumatox Aesthetic Studio,illumatox-aesthetic-studio,920-585-8115,"704 Main St, Neenah, WI, 54956, USA",704 Main St,,Neenah,WI,54956,USA,Active,Shopify App,44.1889108,-88.4758291,2025-10-18T00:01:48.000Z,2025-10-18T00:01:48.000Z
68f2d8ee6e538285870be364,gid://shopify/Metaobject/153565856064,Jenni Paul Skin,jenni-paul-skin,8479420950,"36 E Hinsdale Ave , Loft 11, Hinsdale, IL, 60521, USA",36 E Hinsdale Ave ,Loft 11,Hinsdale,IL,60521,USA,Active,Shopify App,41.80259239999999,-87.92762019999999,2025-10-18T00:01:49.000Z,2025-10-18T00:01:49.000Z
68f2d8ef6e538285870be365,gid://shopify/Metaobject/153565888832,Skin By Tina,skin-by-tina,336-906-3120,"1014 Shamrock Court, High Point, NC, 27265, USA",1014 Shamrock Court,,High Point,NC,27265,USA,Active,Shopify App,36.0173516,-80.0099472,2025-10-18T00:01:49.000Z,2025-10-18T00:01:49.000Z
68f2d8ef6e538285870be366,gid://shopify/Metaobject/153565921600,20/20 Optometry of Silicon Valley,2020-optometry-of-silicon-valley,408-433-0800,"2555 N 1st Street, San Jose, CA, 95131, USA",2555 N 1st Street,,San Jose,CA,95131,USA,Active,Shopify App,37.3845805,-121.9276892,2025-10-18T00:01:49.000Z,2025-10-18T00:01:49.000Z
68f2d8ef6e538285870be367,gid://shopify/Metaobject/153565954368,Ember Wellness,ember-wellness,253-394-6933,"12815 Canyon Road E, , Suite AB, Puyallup, WA, 98373, USA","12815 Canyon Road E, ",Suite AB,Puyallup,WA,98373,USA,Active,Shopify App,47.1387959,-122.3562646,2025-10-18T00:01:50.000Z,2025-10-18T00:01:50.000Z
68f2d8f06e538285870be368,gid://shopify/Metaobject/153565987136,Enlightened Beauty,enlightened-beauty,(916) 365-7958,"530 12th Street, Sacramento, Ca, 95814, USA",530 12th Street,,Sacramento,Ca,95814,USA,Active,Shopify App,38.5841709,-121.4890327,2025-10-18T00:01:50.000Z,2025-10-18T00:01:50.000Z
68f2d8f06e538285870be369,gid://shopify/Metaobject/153566019904,R Spa Renaissance Club Sport Hotel,r-spa-renaissance-club-sport-hotel,949-330-5550,"50 Enterprise, Aliso Viejo, CA, 92656, USA",50 Enterprise,,Aliso Viejo,CA,92656,USA,Active,Shopify App,33.582453,-117.7300309,2025-10-18T00:01:50.000Z,2025-10-18T00:01:50.000Z
68f2d8f16e538285870be36a,gid://shopify/Metaobject/153566052672,Skin & Sculpt Medical Spa,skin-and-sculpt-medical-spa,865-671-3630,"248 N Peters Road, , Suite 3, Knoxville, TN, 37923, USA","248 N Peters Road, ",Suite 3,Knoxville,TN,37923,USA,Active,Shopify App,35.9161017,-84.08705289999999,2025-10-18T00:01:51.000Z,2025-10-18T00:01:51.000Z
68f2d8f16e538285870be36b,gid://shopify/Metaobject/153566085440,Javan Wellness,javan-wellness,703-338-3149,"4000 Wilson Blvd, , Suite D, Arlington, VA, 22203, USA","4000 Wilson Blvd, ",Suite D,Arlington,VA,22203,USA,Active,Shopify App,38.879518,-77.1079069,2025-10-18T00:01:51.000Z,2025-10-18T00:01:51.000Z
68f2d8f16e538285870be36c,gid://shopify/Metaobject/153566118208,Aesthetic Avenue,aesthetic-avenue,864-540-0888,"1519 N Fant St, Anderson, SC, 29621, USA",1519 N Fant St,,Anderson,SC,29621,USA,Active,Shopify App,34.5193053,-82.6512517,2025-10-18T00:01:52.000Z,2025-10-27T21:46:04.000Z
68f2d8f26e538285870be36d,gid://shopify/Metaobject/153566183744,LiveWellMD Weight Loss Centennial,livewellmd-weight-loss-centennial,720-620-8910,"8200 S Quebec St., , Suite A13, Centennial, CO, 80112, USA","8200 S Quebec St., ",Suite A13,Centennial,CO,80112,USA,Active,Shopify App,39.5673818,-104.9025678,2025-10-18T00:01:52.000Z,2025-10-18T00:01:52.000Z
68f2d8f26e538285870be36e,gid://shopify/Metaobject/153566150976,JL Aesthetics,jl-aesthetics,8086527684,"4347 Rice St , #207, Lihue, HI, 96766, USA",4347 Rice St ,#207,Lihue,HI,96766,USA,Active,Shopify App,21.9736849,-159.3668182,2025-10-18T00:01:52.000Z,2025-10-18T00:01:52.000Z
68f2d8f36e538285870be36f,gid://shopify/Metaobject/153566216512,LongJuve Med Spa,longjuve-med-spa,410-302-8868,"11350 McCormick Road , Executive Plaza 3, Suite 101, Hunt Valley, MD, 21031, USA",11350 McCormick Road ,"Executive Plaza 3, Suite 101",Hunt Valley,MD,21031,USA,Active,Shopify App,39.4937918,-76.6612327,2025-10-18T00:01:53.000Z,2025-10-18T00:01:53.000Z
68f2d8f36e538285870be370,gid://shopify/Metaobject/153566249280,PURE Aesthetics,pure-aesthetics,843-429-8255,"4111 Murrells Inlet Rd, Murrells Inlet, SC, 29576, USA",4111 Murrells Inlet Rd,,Murrells Inlet,SC,29576,USA,Active,Shopify App,33.5586681,-79.0366118,2025-10-18T00:01:53.000Z,2025-10-20T19:23:57.000Z
68f2d8f46e538285870be371,gid://shopify/Metaobject/153566282048,The Body Spa,the-body-spa,4433097583,"180 Grove Lane, Newark, DE, 19711, USA",180 Grove Lane,,Newark,DE,19711,USA,Active,Shopify App,39.682875,-75.73470859999999,2025-10-18T00:01:54.000Z,2025-10-18T00:01:54.000Z
68f2d8f46e538285870be372,gid://shopify/Metaobject/153566314816,Willow Med Spa and Salon,willow-med-spa-and-salon,304-777-2352,"186 Fairchance Rd, Morgantown, WV, 26508, USA",186 Fairchance Rd,,Morgantown,WV,26508,USA,Active,Shopify App,39.6756749,-79.8479043,2025-10-18T00:01:54.000Z,2025-11-13T01:30:45.000Z
68f2d8f46e538285870be373,gid://shopify/Metaobject/153566347584,Advanced Facial Plastic Surgery Center,advanced-facial-plastic-surgery-center,(972) 774-1777,"14755 Preston Rd., , #110, Dallas, TX, 75254, USA","14755 Preston Rd., ",#110,Dallas,TX,75254,USA,Active,Shopify App,32.94871490000001,-96.8041867,2025-10-18T00:01:54.000Z,2025-10-18T00:01:54.000Z
68f2d8f56e538285870be374,gid://shopify/Metaobject/153566380352,American Beauty Medi Spa,american-beauty-medi-spa,9498999335,"23600 Rockfield Blvd , Building 2N, Lake Forest, CA, 92630, USA",23600 Rockfield Blvd ,Building 2N,Lake Forest,CA,92630,USA,Active,Shopify App,33.6296171,-117.7192395,2025-10-18T00:01:55.000Z,2025-10-18T00:01:55.000Z
68f2d8f56e538285870be375,gid://shopify/Metaobject/153566413120,FormMD Aesthetics,formmd-aesthetics,9499982299,"26691 Plaza, , Ste 200, Mission Viejo, CA, 92691, USA","26691 Plaza, ",Ste 200,Mission Viejo,CA,92691,USA,Active,Shopify App,33.5655447,-117.6650198,2025-10-18T00:01:55.000Z,2025-10-18T00:01:55.000Z
68f2d8f56e538285870be376,gid://shopify/Metaobject/153566445888,Glowtox Medical Aesthetics,glowtox-medical-aesthetics,9177568010,"106 West 13th Street - , Lower Level, NY, NY, 10011, USA",106 West 13th Street - ,Lower Level,NY,NY,10011,USA,Active,Shopify App,40.7367213,-73.9980848,2025-10-18T00:01:56.000Z,2025-10-18T00:01:56.000Z
68f2d8f66e538285870be377,gid://shopify/Metaobject/153566478656,Illuminated Beauty & Skincare Den,illuminated-beauty-and-skincare-den,843.937.1477,"179 Ashley Phosphate Rd , Unit A, North Charleston, SC, 29406, USA",179 Ashley Phosphate Rd ,Unit A,North Charleston,SC,29406,USA,Active,Shopify App,32.9343421,-80.0493053,2025-10-18T00:01:56.000Z,2025-10-18T00:01:56.000Z
68f2d8f66e538285870be378,gid://shopify/Metaobject/153566511424,Lady Leona Aesthetics,lady-leona-aesthetics,267-291-4467,"6 South Sycamore Street, Newtown, PA, 18940, USA",6 South Sycamore Street,,Newtown,PA,18940,USA,Active,Shopify App,40.2285319,-74.9394557,2025-10-18T00:01:56.000Z,2025-10-18T00:01:56.000Z
68f2d8f66e538285870be379,gid://shopify/Metaobject/153566544192,Medspa Raphael,medspa-raphael,810-531-2035,"1221 S Ortonville Rd , Suite A, Ortonville, MI, 48462, USA",1221 S Ortonville Rd ,Suite A,Ortonville,MI,48462,USA,Active,Shopify App,42.8334194,-83.4451761,2025-10-18T00:01:57.000Z,2025-10-18T00:01:57.000Z
68f2d8f76e538285870be37a,gid://shopify/Metaobject/153566576960,Oasis Haven Restorative Aesthetics,oasis-haven-restorative-aesthetics,949-334-7988,"3151 Airway Avenue, , Suite F107, Costa Mesa, CA, 92626, USA","3151 Airway Avenue, ",Suite F107,Costa Mesa,CA,92626,USA,Active,Shopify App,33.6776803,-117.8739275,2025-10-18T00:01:57.000Z,2026-02-28T00:16:35.000Z
68f2d8f76e538285870be37b,gid://shopify/Metaobject/153566609728,Sei Tu Bella Aesthetics,sei-tu-bella-aesthetics,352-279-9506,"18125 US HWY 41 , Suite 201, Lutz, FL, 33549, USA",18125 US HWY 41 ,Suite 201,Lutz,FL,33549,USA,Active,Shopify App,28.1368934,-82.462656,2025-10-18T00:01:57.000Z,2025-10-18T00:01:57.000Z
68f2d8f86e538285870be37c,gid://shopify/Metaobject/153566642496,Skin By Peak DBA Peak Beauty,skin-by-peak-dba-peak-beauty,469 547 5764,"4211 Travis St., Dallas, TX, 75205, USA",4211 Travis St.,,Dallas,TX,75205,USA,Active,Shopify App,32.81763660000001,-96.7938664,2025-10-18T00:01:58.000Z,2025-10-18T00:01:58.000Z
68f2d8f86e538285870be37d,gid://shopify/Metaobject/153566675264,Amari Vitality,amari-vitality,931-854-9110,"335 Newman Dr, Suite B, Cookeville, TN, 38501, USA",335 Newman Dr,Suite B,Cookeville,TN,38501,USA,Active,Shopify App,36.1461777,-85.52495119999999,2025-10-18T00:01:58.000Z,2026-02-10T00:36:04.000Z
68f2d8f86e538285870be37e,gid://shopify/Metaobject/153566708032,The Skin & Body Lounge,the-skin-and-body-lounge,559-721-2561,"6097 North Figarden Drive, Fresno, CA, 93722, USA",6097 North Figarden Drive,,Fresno,CA,93722,USA,Active,Shopify App,36.8241894,-119.8707386,2025-10-18T00:01:59.000Z,2025-10-29T18:48:29.000Z
68f2d8f86e538285870be37f,gid://shopify/Metaobject/153566740800,Wolschlager Wellness,wolschlager-wellness,8153544099,"1408 S Main St, Algonquin, IL, 60102, USA",1408 S Main St,,Algonquin,IL,60102,USA,Active,Shopify App,42.1541771,-88.2961254,2025-10-18T00:01:59.000Z,2025-10-18T00:01:59.000Z
68f2d8f96e538285870be380,gid://shopify/Metaobject/153566773568,Boca Skin Club,boca-skin-club,561-558-7571,"5499 N Federal HWY , Suite D, Boca Raton, FL, 33487, USA",5499 N Federal HWY ,Suite D,Boca Raton,FL,33487,USA,Active,Shopify App,26.3977802,-80.0768192,2025-10-18T00:01:59.000Z,2025-10-18T00:01:59.000Z
68f2d8f96e538285870be381,gid://shopify/Metaobject/153566806336,Holself,holself,(916) 246-6076,"3523 Fair Oaks Blvd, Sacramento, CA, 95864, USA",3523 Fair Oaks Blvd,,Sacramento,CA,95864,USA,Active,Shopify App,38.5746498,-121.3817764,2025-10-18T00:02:00.000Z,2025-10-18T00:02:00.000Z
68f2d8fa6e538285870be382,gid://shopify/Metaobject/153566839104,Four Seasons Resort Orlando at Walt Disney World Resort,four-seasons-resort-orlando-at-walt-disney-world-resort,407-313-7777,"10100 Dream Tree Boulevard, Lake Buena Vista, FL, 32836, USA",10100 Dream Tree Boulevard,,Lake Buena Vista,FL,32836,USA,Active - Non-accruing,Shopify App,28.4020821,-81.54573839999999,2025-10-18T00:02:00.000Z,2025-11-13T01:36:19.000Z
68f2d8fa6e538285870be383,gid://shopify/Metaobject/153566871872,Icon Dermatology,icon-dermatology,301-810-3600,"11300 Rockville Pike , Suite 911, North Bethesda, MD, 20852, USA",11300 Rockville Pike ,Suite 911,North Bethesda,MD,20852,USA,Active,Shopify App,39.0415003,-77.1113912,2025-10-18T00:02:00.000Z,2025-10-18T00:02:00.000Z
68f2d8fb6e538285870be384,gid://shopify/Metaobject/153566937408,West Sound Dermatology,west-sound-dermatology,360-834-5474,"19917 7th Ave NE , #203, Poulsbo, WA, 98370, USA",19917 7th Ave NE ,#203,Poulsbo,WA,98370,USA,Active,Shopify App,47.7441397,-122.6407537,2025-10-18T00:02:01.000Z,2025-10-18T00:02:01.000Z
68f2d8fb6e538285870be385,gid://shopify/Metaobject/153566904640,The Med Spa by Vincent Surgical Arts,the-med-spa-by-vincent-surgical-arts,385-853-1011,"11649 S 4000 W , Suite 300, South Jordan, UT, 84009, USA",11649 S 4000 W ,Suite 300,South Jordan,UT,84009,USA,Active,Shopify App,40.539415,-111.9851711,2025-10-18T00:02:01.000Z,2025-10-18T00:02:01.000Z
68f2d8fb6e538285870be386,gid://shopify/Metaobject/153566970176,Beauty by Elena,beauty-by-elena,201-639-4996,"1 Godwin Avenue, Suite 34, Midland Park, NJ, 07432, USA",1 Godwin Avenue,Suite 34,Midland Park,NJ,07432,USA,Active,Shopify App,40.9833467,-74.1361936,2025-10-18T00:02:01.000Z,2025-11-01T03:02:01.000Z
68f2d8fc6e538285870be387,gid://shopify/Metaobject/153567002944,Lai Esthetics,lai-esthetics,5044539288,"6464 Northwest Hwy , #127, Dallas, TX, 75214, USA",6464 Northwest Hwy ,#127,Dallas,TX,75214,USA,Active,Shopify App,32.8574302,-96.7532243,2025-10-18T00:02:02.000Z,2025-10-18T00:02:02.000Z
68f2d8fc6e538285870be388,gid://shopify/Metaobject/153567035712,re:fresh Skin + Injectables,re-fresh-skin-injectables,914-627-8400,"401 Colombus Ave , #205, Valhalla, NY, 10595, USA",401 Colombus Ave ,#205,Valhalla,NY,10595,USA,Active,Shopify App,41.097562,-73.7780764,2025-10-18T00:02:02.000Z,2025-10-31T18:57:51.000Z
68f2d8fc6e538285870be389,gid://shopify/Metaobject/153567068480,Esthetics by Kerry,esthetics-by-kerry,847-417-9170,"34500 US 45 , Unit P, Third Lake, IL, 60030, USA",34500 US 45 ,Unit P,Third Lake,IL,60030,USA,Active,Shopify App,42.3644764,-88.00042959999999,2025-10-18T00:02:03.000Z,2025-11-13T01:38:39.000Z
68f2d8fd6e538285870be38a,gid://shopify/Metaobject/153567101248,LiveWell Medical Aesthetics,livewell-medical-aesthetics,(605) 545-9020,"811 Columbus St, Rapid City, SD, 57701, USA",811 Columbus St,,Rapid City,SD,57701,USA,Active,Shopify App,44.0772432,-103.2327712,2025-10-18T00:02:03.000Z,2025-10-18T00:02:03.000Z
68f2d8fd6e538285870be38b,gid://shopify/Metaobject/153567134016,Pure Vitality Med Spa,pure-vitality-med-spa,980-354-7063,"113 Renee Ford Rd., Locust, NC, 28097, USA",113 Renee Ford Rd.,,Locust,NC,28097,USA,Active,Shopify App,35.2536046,-80.4378928,2025-10-18T00:02:03.000Z,2025-10-18T00:02:03.000Z
68f2d8fd6e538285870be38c,gid://shopify/Metaobject/153567166784,Rituals by Mia,rituals-by-mia,949-550-9381,"1799 Newport Blvd., , STE A106, Costa Mesa, CA, 92627, USA","1799 Newport Blvd., ",STE A106,Costa Mesa,CA,92627,USA,Active,Shopify App,33.6394655,-117.9210213,2025-10-18T00:02:04.000Z,2025-10-18T00:02:04.000Z
68f2d8fe6e538285870be38d,gid://shopify/Metaobject/153567199552,Elite Retreat Spa & Skin Care Store,elite-retreat-spa-and-skin-care-store,469 501 2484,"1264 Harwood Road, Bedford, TX, 76021, USA",1264 Harwood Road,,Bedford,TX,76021,USA,Active,Shopify App,32.8521869,-97.14821549999999,2025-10-18T00:02:04.000Z,2025-10-18T00:02:04.000Z
68f2d8fe6e538285870be38e,gid://shopify/Metaobject/153567232320,Glow Aesthetics,glow-aesthetics-winchester,540-751-8828,"3051 Valley Ave Suite 106, Winchester, VA, 22601, USA",3051 Valley Ave Suite 106,,Winchester,VA,22601,USA,Active,Shopify App,39.1435989,-78.19137289999999,2025-10-18T00:02:04.000Z,2026-03-11T19:30:05.000Z
68f2d8ff6e538285870be38f,gid://shopify/Metaobject/153567265088,Goddessglowbytori,goddessglowbytori,516-491-1919,"1 Old Country Rd , # 102, Garden City, NY, 11530, USA",1 Old Country Rd ,# 102,Garden City,NY,11530,USA,Active,Shopify App,40.7427887,-73.6216142,2025-10-18T00:02:05.000Z,2025-11-11T03:06:08.000Z
68f2d8ff6e538285870be390,gid://shopify/Metaobject/153567297856,Skin Therapy LLC,skin-therapy-llc,267-825-0038,"649 Second Street Pike, Suite A, Southampton, PA, 18966, USA",649 Second Street Pike,Suite A,Southampton,PA,18966,USA,Active,Shopify App,40.1728897,-75.043942,2025-10-18T00:02:05.000Z,2025-12-11T01:19:44.000Z
68f2d8ff6e538285870be391,gid://shopify/Metaobject/153567330624,Jenna Sherman Aesthetics,jenna-sherman-aesthetics,(949) 302-9395,"26582 Mimosa Lane, Mission Viejo, CA, 92691, USA",26582 Mimosa Lane,,Mission Viejo,CA,92691,USA,Active,Shopify App,33.6322638,-117.6667272,2025-10-18T00:02:05.000Z,2025-10-18T00:02:05.000Z
68f2d8ff6e538285870be392,gid://shopify/Metaobject/153567363392,Petroff Center,petroff-center,503-635-4886,"17720 Jean Way , Suite 100, Lake Oswego, OR, 97035, USA",17720 Jean Way ,Suite 100,Lake Oswego,OR,97035,USA,Active,Shopify App,45.3978727,-122.7377412,2025-10-18T00:02:06.000Z,2025-10-18T00:02:06.000Z
68f2d9006e538285870be393,gid://shopify/Metaobject/153567396160,Full Circle Health and Hydration,full-circle-health-and-hydration,(949) 4055788,"1122 Bristol Street, Costa Mesa, CA, 92626, USA",1122 Bristol Street,,Costa Mesa,CA,92626,USA,Active,Shopify App,33.6701105,-117.8870171,2025-10-18T00:02:06.000Z,2025-10-18T00:02:06.000Z
68f2d9006e538285870be394,gid://shopify/Metaobject/153567461696,Skyn Alchemy,skyn-alchemy,619 323 1721,"10330 Friars Rd, , #119, San Diego, CA, 92120, USA","10330 Friars Rd, ",#119,San Diego,CA,92120,USA,Active,Shopify App,32.7921665,-117.1003002,2025-10-18T00:02:07.000Z,2025-10-18T00:02:07.000Z
68f2d9016e538285870be395,gid://shopify/Metaobject/153567428928,GlowHaus Aesthetics,glowhaus-aesthetics,530-524-0103,"2650 Edith Ave, Redding, Ca, 96001, USA",2650 Edith Ave,,Redding,Ca,96001,USA,Active,Shopify App,40.5705759,-122.3993309,2025-10-18T00:02:06.000Z,2025-10-18T00:02:06.000Z
68f2d9016e538285870be396,gid://shopify/Metaobject/153567494464,Megan Eubank Esthetics,megan-eubank-esthetics,850-612-2679,"105 W Central Ave, Springboro, OH, 45066, USA",105 W Central Ave,,Springboro,OH,45066,USA,Active,Shopify App,39.5571905,-84.23652799999999,2025-10-18T00:02:07.000Z,2025-10-18T00:02:07.000Z
68f2d9016e538285870be397,gid://shopify/Metaobject/153567527232,Stacey Folk Md,stacey-folk-md,303.321.6608,"4700 Hale Pkwy, , Suite 520, Denver, CO, 80220, USA","4700 Hale Pkwy, ",Suite 520,Denver,CO,80220,USA,Active,Shopify App,39.7324492,-104.9321367,2025-10-18T00:02:08.000Z,2025-10-18T00:02:08.000Z
68f2d9026e538285870be398,gid://shopify/Metaobject/153567560000,Bloom Aesthetics,bloom-aesthetics,509-990-3054,"1227 W Summit Pkwy Suite A, Spokane, WA, 99201, USA",1227 W Summit Pkwy Suite A,,Spokane,WA,99201,USA,Active,Shopify App,47.6614979,-117.4308462,2025-10-18T00:02:08.000Z,2025-10-20T18:59:53.000Z
68f2d9026e538285870be399,gid://shopify/Metaobject/153567592768,Pretty Please Aesthetics - East Sac,pretty-please-aesthetics-east-sac,(916) 287-1725,"5357 H St, Sacramento, CA, 95819, USA",5357 H St,,Sacramento,CA,95819,USA,Active,Shopify App,38.5682972,-121.436441,2025-10-18T00:02:08.000Z,2025-10-18T00:02:08.000Z
68f2d9036e538285870be39a,gid://shopify/Metaobject/153567625536,Safety Harbor Family Dentistry,safety-harbor-family-dentistry,(727) 726-0865,"353 Main Street, Safety Harbor, FL, 34695, USA",353 Main Street,,Safety Harbor,FL,34695,USA,Active,Shopify App,27.9910257,-82.69097359999999,2025-10-18T00:02:09.000Z,2025-10-18T00:02:09.000Z
68f2d9036e538285870be39c,gid://shopify/Metaobject/153567691072,Ellie and Sass,ellie-and-sass,310-699-5546,"1327 Venice Blvd , Unit B, Venice, CA, 90291, USA",1327 Venice Blvd ,Unit B,Venice,CA,90291,USA,Active,Shopify App,33.995989,-118.449502,2025-10-18T00:02:09.000Z,2025-10-18T00:02:09.000Z
68f2d9046e538285870be39d,gid://shopify/Metaobject/153567723840,Rituals Salon & Spa,rituals-salon-and-spa,804-794-6699,"11400 W. Huguenot Road, Midlothian, VA, 23113, USA",11400 W. Huguenot Road,,Midlothian,VA,23113,USA,Active,Shopify App,37.5259092,-77.60868169999999,2025-10-18T00:02:10.000Z,2025-10-18T00:02:10.000Z
68f2d9046e538285870be39e,gid://shopify/Metaobject/153567756608,Beauty Born MedSpa,beauty-born-medspa,602-962-3838,"2200 E Camelback Rd , Suite 102, Phoenix, AZ, 85016, USA",2200 E Camelback Rd ,Suite 102,Phoenix,AZ,85016,USA,Active,Shopify App,33.5099708,-112.0339438,2025-10-18T00:02:10.000Z,2025-10-18T00:02:10.000Z
68f2d9046e538285870be39f,gid://shopify/Metaobject/153567789376,"Department of Anastasia LLC, DBA ART Aesthetics Denver",department-of-anastasia-llc-dba-art-aesthetics-denver,(630) 433-6789,"323 S Pearl St , #30, Denver, CO, 80209, USA",323 S Pearl St ,#30,Denver,CO,80209,USA,Active,Shopify App,39.7106293,-104.9806256,2025-10-18T00:02:11.000Z,2025-10-18T00:02:11.000Z
68f2d9056e538285870be3a0,gid://shopify/Metaobject/153567822144,Evolve Aesthetics and Wellness,evolve-aesthetics-and-wellness,7725380175,"1800 43rd Ave, Vero Beach, FL, 32960, USA",1800 43rd Ave,,Vero Beach,FL,32960,USA,Active,Shopify App,27.6351005,-80.429756,2025-10-18T00:02:11.000Z,2025-10-18T00:02:11.000Z
68f2d9056e538285870be3a1,gid://shopify/Metaobject/153567854912,Grey Aesthetics,grey-aesthetics,949-418-7495,"4001 Westerly Place , Ste 103, Newport Beach, CA, 92660, USA",4001 Westerly Place ,Ste 103,Newport Beach,CA,92660,USA,Active,Shopify App,33.6637791,-117.8685613,2025-10-18T00:02:11.000Z,2025-10-18T00:02:11.000Z
68f2d9066e538285870be3a2,gid://shopify/Metaobject/153567887680,Rejuve Aesthetics & Wellness,rejuve-aesthetics-wellness,8087721531,"94-210 Pipukahi St , #206, Waipahu, HI, 96797, USA",94-210 Pipukahi St ,#206,Waipahu,HI,96797,USA,Active,Shopify App,21.3811829,-158.0179884,2025-10-18T00:02:12.000Z,2025-10-22T23:53:06.000Z
68f2d9066e538285870be3a3,gid://shopify/Metaobject/153567920448,She's Got The Look,shes-got-the-look,412-375-7103,"1009 Beaver Grade Road , Suite 220, Moon Township, PA, 15108, USA",1009 Beaver Grade Road ,Suite 220,Moon Township,PA,15108,USA,Active,Shopify App,40.5044939,-80.20499939999999,2025-10-18T00:02:12.000Z,2025-10-18T00:02:12.000Z
68f2d9066e538285870be3a4,gid://shopify/Metaobject/153567953216,TLH Medspa,tlh-medspa,8509015740,"2810 Remington Green Cir, Tallahassee, FL, 32308, USA",2810 Remington Green Cir,,Tallahassee,FL,32308,USA,Active,Shopify App,30.4917455,-84.24318439999999,2025-10-18T00:02:12.000Z,2025-10-18T00:02:12.000Z
68f2d9066e538285870be3a5,gid://shopify/Metaobject/153568018752,Cultskin by Jenn,cultskin-by-jenn,504-336-1289,"3701 Magazine St , Suite 1A, New Orleans, LA, 70115, USA",3701 Magazine St ,Suite 1A,New Orleans,LA,70115,USA,Active,Shopify App,29.921775,-90.0934599,2025-10-18T00:02:13.000Z,2025-10-18T00:02:13.000Z
68f2d9076e538285870be3a6,gid://shopify/Metaobject/153568051520,Bliss Esthetics LLC,bliss-esthetics-llc,(808) 462-1220,"803 Kamehameha Highway , Suites 403, Pearl City, HI, 96782, USA",803 Kamehameha Highway ,Suites 403,Pearl City,HI,96782,USA,Active,Shopify App,21.3925339,-157.9677003,2025-10-18T00:02:13.000Z,2025-10-18T00:02:13.000Z
68f2d9076e538285870be3a7,gid://shopify/Metaobject/153568084288,Derma Medical Spa,derma-medical-spa,253-640-6139,"3025 Limited Ln NW, Olympia, WA, 98502, USA",3025 Limited Ln NW,,Olympia,WA,98502,USA,Active,Shopify App,47.0487782,-122.9407795,2025-10-18T00:02:13.000Z,2025-10-18T00:02:13.000Z
68f2d9086e538285870be3a8,gid://shopify/Metaobject/153568117056,Alice Khalkad,alice-khalkad,7186744863,"3 2nd Street, Greenvale, NY, 11548, USA",3 2nd Street,,Greenvale,NY,11548,USA,Active,Shopify App,40.80848049999999,-73.6258644,2025-10-18T00:02:14.000Z,2025-10-18T00:02:14.000Z
68f2d9086e538285870be3a9,gid://shopify/Metaobject/153568149824,Mubi Aesthetics,mubi-aesthetics,516-732-5113,"1050 S Cedar Crest Blvd , Suite 104, Allentown, PA, 18103, USA",1050 S Cedar Crest Blvd ,Suite 104,Allentown,PA,18103,USA,Active,Shopify App,40.5733446,-75.51997999999999,2025-10-18T00:02:14.000Z,2025-10-18T00:02:14.000Z
68f2d9086e538285870be3aa,gid://shopify/Metaobject/153568182592,Nkd Skin Aesthetics Lounge - Henderson,nkd-skin-aesthetics-lounge-henderson,(702) 370-2527,"3255 St. Rose Pkwy , #110, Henderson, NV, 89052, USA",3255 St. Rose Pkwy ,#110,Henderson,NV,89052,USA,Active,Shopify App,35.9975939,-115.1252008,2025-10-18T00:02:15.000Z,2025-10-18T00:02:15.000Z
68f2d9096e538285870be3ab,gid://shopify/Metaobject/153568215360,The Rosefinch Spa,the-rosefinch-spa,4047245811,"1604 Dekalb Ave, Atlanta, GA, 30307, USA",1604 Dekalb Ave,,Atlanta,GA,30307,USA,Active,Shopify App,33.7626421,-84.3350082,2025-10-18T00:02:15.000Z,2025-10-18T00:02:15.000Z
68f2d90a6e538285870be3ad,gid://shopify/Metaobject/153568280896,Core Nutrition and Wellness LLC,core-nutrition-and-wellness,914-231-5249,"145 Palisade St , Suite 209, Dobbs Ferry, NY, 10522, USA",145 Palisade St ,Suite 209,Dobbs Ferry,NY,10522,USA,Active,Shopify App,41.0167909,-73.87801689999999,2025-10-18T00:02:16.000Z,2025-10-31T18:47:15.000Z
68f2d90a6e538285870be3ae,gid://shopify/Metaobject/153568346432,Sai Sei Aesthetics and Wellness,sai-sei-aesthetics-and-wellness,571-487-7473 ,"21430 Cedar Dr. , sutie 214 Studio 131, Sterling, VA, 20264, USA",21430 Cedar Dr. ,sutie 214 Studio 131,Sterling,VA,20264,USA,Active,Shopify App,39.0191224,-77.3782892,2025-10-18T00:02:16.000Z,2025-11-13T01:43:05.000Z
68f2d90a6e538285870be3af,gid://shopify/Metaobject/153568313664,Family First Medical Care,family-first-medical-care,209-522-3362,"1317 Oakdale Rd , Ste 100, Modesto, CA, 95355, USA",1317 Oakdale Rd ,Ste 100,Modesto,CA,95355,USA,Active,Shopify App,37.6626343,-120.9587703,2025-10-18T00:02:16.000Z,2025-10-18T00:02:16.000Z
68f2d90a6e538285870be3b0,gid://shopify/Metaobject/153568379200,Taylored Beauty,taylored-beauty,8156210874,"2209 E State St, Rockford, IL, 61104, USA",2209 E State St,,Rockford,IL,61104,USA,Active,Shopify App,42.2667064,-89.0598651,2025-10-18T00:02:17.000Z,2025-10-18T00:02:17.000Z
68f2d90b6e538285870be3b1,gid://shopify/Metaobject/153568411968,Wild Beauty Aesthetics,wild-beauty-aesthetics,505-328-2567,"99 E Main St , Suite 110, #25, Franklin, TN, 37064, USA",99 E Main St ,"Suite 110, #25",Franklin,TN,37064,USA,Active,Shopify App,35.9265762,-86.8657588,2025-10-18T00:02:17.000Z,2025-10-18T00:02:17.000Z
68f2d90b6e538285870be3b2,gid://shopify/Metaobject/153568444736,Drip Medi Spa,drip-medi-spa,551-580-6509,"15 South Dean Street, Englewood, NJ, 07631, USA",15 South Dean Street,,Englewood,NJ,07631,USA,Active,Shopify App,40.892843,-73.9745073,2025-10-18T00:02:18.000Z,2025-11-11T03:03:59.000Z
68f2d90b6e538285870be3b3,gid://shopify/Metaobject/153568477504,Untouched Allure Medical Aesthetics,untouched-allure-medical-aesthetics,6032416371,"24 Chestnut St , Suite 4, Dover, NH, 03820, USA",24 Chestnut St ,Suite 4,Dover,NH,03820,USA,Active,Shopify App,43.1969819,-70.8767015,2025-10-18T00:02:18.000Z,2025-10-18T00:02:18.000Z
68f2d90c6e538285870be3b4,gid://shopify/Metaobject/153568510272,Esthetics By Hazel,esthetics-by-hazel,8123220075,"101 W Kirkwood Ave , Suite 237, Bloomington, IN, 47408, USA",101 W Kirkwood Ave ,Suite 237,Bloomington,IN,47408,USA,Active,Shopify App,39.1662878,-86.53414959999999,2025-10-18T00:02:18.000Z,2025-10-18T00:02:18.000Z
68f2d90d6e538285870be3b5,gid://shopify/Metaobject/153568543040,Forte Medical Aesthetics,forte-medical-aesthetics,408-723-0125,"6015 Snell Ave, San Jose, CA, 95123, USA",6015 Snell Ave,,San Jose,CA,95123,USA,Active,Shopify App,37.2381356,-121.8312267,2025-10-18T00:02:19.000Z,2025-10-18T00:02:19.000Z
68f2d90d6e538285870be3b6,gid://shopify/Metaobject/153568575808,HER Aesthetics Medical Spa,her-aesthetics-medical-spa,(331) 216-1080,"123 W Washington St , Suite 233, Oswego, IL, 60543, USA",123 W Washington St ,Suite 233,Oswego,IL,60543,USA,Active,Shopify App,41.6841076,-88.3546679,2025-10-18T00:02:19.000Z,2025-10-18T00:02:19.000Z
68f2d90d6e538285870be3b7,gid://shopify/Metaobject/153568608576,Laser Skin Lounge,laser-skin-lounge,702-799-9807,"7910 W Tropical Pkwy , Suite 110, Las Vegas, NV, 89149, USA",7910 W Tropical Pkwy ,Suite 110,Las Vegas,NV,89149,USA,Active,Shopify App,36.2720965,-115.2676526,2025-10-18T00:02:19.000Z,2025-10-18T00:02:19.000Z
68f2d90e6e538285870be3b8,gid://shopify/Metaobject/153568641344,Sanctuary Spa,sanctuary-spa,562-430-3027,"6487 E Pacific Coast Hwy, Long Beach, CA, 90803, USA",6487 E Pacific Coast Hwy,,Long Beach,CA,90803,USA,Active,Shopify App,33.7575016,-118.1080816,2025-10-18T00:02:20.000Z,2025-10-18T00:02:20.000Z
68f2d90e6e538285870be3b9,gid://shopify/Metaobject/153568674112,The Spa at Promontory,the-spa-at-promontory,435-333-4210,"6347 Nicklaus Valley Rd, Park City, UT, 84098, USA",6347 Nicklaus Valley Rd,,Park City,UT,84098,USA,Active,Shopify App,40.7218535,-111.4420513,2025-10-18T00:02:20.000Z,2025-10-18T00:02:20.000Z
68f2d90e6e538285870be3ba,gid://shopify/Metaobject/153568706880,Allure Skin & Laser,allure-skin-and-laser,916 771-0715,"4080 Cavitt Stallman Road , Suite 100A, Granite Bay, CA, 95746, USA",4080 Cavitt Stallman Road ,Suite 100A,Granite Bay,CA,95746,USA,Active,Shopify App,38.7457785,-121.2235105,2025-10-18T00:02:21.000Z,2025-10-18T00:02:21.000Z
68f2d90e6e538285870be3bb,gid://shopify/Metaobject/153568739648,Frontier Dermatology Mill Creek,frontier-dermatology-mill-creek,425-332-7981,"15906 Mill Creek Blvd., Suite 107, Mill Creek, WA, 98012, USA",15906 Mill Creek Blvd.,Suite 107,Mill Creek,WA,98012,USA,Active - Non-accruing,Shopify App,47.8541495,-122.2209375,2025-10-18T00:02:21.000Z,2026-03-12T21:25:38.000Z
68f2d90f6e538285870be3bc,gid://shopify/Metaobject/153568772416,SpaMedics,spamedics,2485541114,"6629 Orchard Lake Rd., West Bloomfield, MI, 48322, USA",6629 Orchard Lake Rd.,,West Bloomfield,MI,48322,USA,Active,Shopify App,42.5413936,-83.35925780000001,2025-10-18T00:02:21.000Z,2025-10-18T00:02:21.000Z
68f2d9106e538285870be3bd,gid://shopify/Metaobject/153568805184,Mask'd Aesthetics,maskd-aesthetics,480-665-2175,"7146 E 1st St , Suite 8B, Scottsdale, AZ, 85251, USA",7146 E 1st St ,Suite 8B,Scottsdale,AZ,85251,USA,Active,Shopify App,33.4924701,-111.927161,2025-10-18T00:02:22.000Z,2025-10-18T00:02:22.000Z
68f2d9106e538285870be3be,gid://shopify/Metaobject/153568837952,Orange Twist - Irvine,orange-twist-irvine,949-335-4662,"8565 Irvine Center Drive, Irvine, CA, 92618, USA",8565 Irvine Center Drive,,Irvine,CA,92618,USA,Active - Non-accruing,Shopify App,33.6458713,-117.7431119,2025-10-18T00:02:22.000Z,2025-10-19T19:26:36.000Z
68f2d9106e538285870be3bf,gid://shopify/Metaobject/153568870720,Atalo Aesthetics,atalo-aesthetics,5139842000,"9309 Montgomery Road, Cincinnati, OH, 45242, USA",9309 Montgomery Road,,Cincinnati,OH,45242,USA,Active,Shopify App,39.2256773,-84.35707579999999,2025-10-18T00:02:23.000Z,2025-10-18T00:02:23.000Z
68f2d9106e538285870be3c0,gid://shopify/Metaobject/153568903488,DNJ Med Boutique,dnj-med-boutique,408-707-0495,"8000 Santa Teresa Blvd , Suite 240, Gilroy, Ca, 95020, USA",8000 Santa Teresa Blvd ,Suite 240,Gilroy,Ca,95020,USA,Active,Shopify App,37.0140553,-121.5988643,2025-10-18T00:02:23.000Z,2025-10-18T00:02:23.000Z
68f2d9116e538285870be3c1,gid://shopify/Metaobject/153568936256,Premier Med Spa,premier-med-spa,773-762-9304,"2071 N Clybourn Ave, Chicago, IL, 60614, USA",2071 N Clybourn Ave,,Chicago,IL,60614,USA,Active,Shopify App,41.9193523,-87.660626,2025-10-18T00:02:23.000Z,2025-10-18T00:02:23.000Z
68f2d9116e538285870be3c2,gid://shopify/Metaobject/153568969024,Blossom Dental,blossom-dental,3869477603,"900 w granada blvd , unit 5, Ormond beach, FL, 32174, USA",900 w granada blvd ,unit 5,Ormond beach,FL,32174,USA,Active,Shopify App,29.2778099,-81.0878891,2025-10-18T00:02:24.000Z,2025-10-18T00:02:24.000Z
68f2d9126e538285870be3c3,gid://shopify/Metaobject/153569001792,Galen Healthcare & Aesthetics,galen-healthcare-and-aesthetics,864-469-5262,"501 C Memorial Drive Extension, Greer, SC, 29651, USA",501 C Memorial Drive Extension,,Greer,SC,29651,USA,Active,Shopify App,34.9510294,-82.23906889999999,2025-10-18T00:02:24.000Z,2025-10-18T00:02:24.000Z
68f2d9126e538285870be3c4,gid://shopify/Metaobject/153569034560,J’adorentina Skin Studio,jadorentina-skin-studio,973-845-8808,"31 Maple St, Summit, NJ, 07901, USA",31 Maple St,,Summit,NJ,07901,USA,Active,Shopify App,40.7175486,-74.3589537,2025-10-18T00:02:24.000Z,2025-10-18T00:02:24.000Z
68f2d9136e538285870be3c5,gid://shopify/Metaobject/153569067328,Omorfia Medical Spa,omorfia-medical-spa,3138464100,"5250 Auto Club Dr. , Suite 280, Dearborn, MI, 48126, USA",5250 Auto Club Dr. ,Suite 280,Dearborn,MI,48126,USA,Active,Shopify App,42.3270381,-83.2201048,2025-10-18T00:02:25.000Z,2025-10-18T00:02:25.000Z
68f2d9136e538285870be3c6,gid://shopify/Metaobject/153569100096,Dulce Aesthetics Medspa,dulce-aesthetics-medspa,352 421 5625,"1830 SE 18th Ave , Suite 2, Ocala, FL, 34471, USA",1830 SE 18th Ave ,Suite 2,Ocala,FL,34471,USA,Active,Shopify App,29.1677206,-82.1142673,2025-10-18T00:02:25.000Z,2025-10-18T00:02:25.000Z
68f2d9136e538285870be3c7,gid://shopify/Metaobject/153569132864,Goddess Aesthetic,goddess-aesthetic,(808) 223-9704,"333 Uluniu st, Kailua, HI, 96734, USA",333 Uluniu st,,Kailua,HI,96734,USA,Active,Shopify App,21.3967367,-157.7424576,2025-10-18T00:02:26.000Z,2025-10-18T00:02:26.000Z
68f2d9146e538285870be3c8,gid://shopify/Metaobject/153569165632,Inspire Skincare,inspire-skincare,617-645-9776,"12 Bonny Lane, North Andover, MA, 01845, USA",12 Bonny Lane,,North Andover,MA,01845,USA,Active,Shopify App,42.7123632,-71.09590899999999,2025-10-18T00:02:26.000Z,2025-10-18T00:02:26.000Z
68f2d9146e538285870be3c9,gid://shopify/Metaobject/153569198400,Intentional Wellness Center,intentional-wellness-center,530-999-4492,"1465 Victor Ave, , Suite A, Redding, CA, 96003, USA","1465 Victor Ave, ",Suite A,Redding,CA,96003,USA,Active,Shopify App,40.5864887,-122.3382661,2025-10-18T00:02:26.000Z,2025-10-18T00:02:26.000Z
68f2d9146e538285870be3ca,gid://shopify/Metaobject/153569231168,Laura Jeannette Aesthetics,laura-jeannette-aesthetics,9782702522,"50 Water St , #139, Newburyport, MA, 01950, USA",50 Water St ,#139,Newburyport,MA,01950,USA,Active,Shopify App,42.81019149999999,-70.86587899999999,2025-10-18T00:02:27.000Z,2025-10-18T00:02:27.000Z
68f2d9156e538285870be3cb,gid://shopify/Metaobject/153569263936,Restoration Medical Aesthetics,restoration-medical-aesthetics,970.396.4856,"5100 W 20th St., , Suite A, Greeley, CO, 80634, USA","5100 W 20th St., ",Suite A,Greeley,CO,80634,USA,Active,Shopify App,40.4066482,-104.7639199,2025-10-18T00:02:27.000Z,2025-10-18T00:02:27.000Z
68f2d9156e538285870be3cc,gid://shopify/Metaobject/153569296704,SKIN BY K,skin-by-k,7079725142,"234 S Main St , #7, Willits, CA, 95490, USA",234 S Main St ,#7,Willits,CA,95490,USA,Active,Shopify App,39.410052,-123.354633,2025-10-18T00:02:27.000Z,2025-10-18T00:02:27.000Z
68f2d9166e538285870be3cd,gid://shopify/Metaobject/153569329472,Skinovatio Med Spa,skinovatio-med-spa,7739102349,"1136 S Delano CT, E202, Chicago, IL, 60605, USA",1136 S Delano CT,E202,Chicago,IL,60605,USA,Active,Shopify App,41.8680396,-87.6329366,2025-10-18T00:02:28.000Z,2025-10-18T00:02:28.000Z
68f2d9166e538285870be3ce,gid://shopify/Metaobject/153569362240,Your Functional Edge,your-functional-edge,339-222-8802,"26202 Oak Ridge Dr. , Suite B-208, The Woodlands, TX, 77380, USA",26202 Oak Ridge Dr. ,Suite B-208,The Woodlands,TX,77380,USA,Active,Shopify App,30.1422481,-95.4478469,2025-10-18T00:02:28.000Z,2025-10-18T00:02:28.000Z
68f2d9166e538285870be3cf,gid://shopify/Metaobject/153569395008,Arcschon Aesthetics,arcschon-aesthetics,602-657-5904,"7316 East Stetson Dr, , Studio #14, Scottsdale, AZ, 85251, USA","7316 East Stetson Dr, ",Studio #14,Scottsdale,AZ,85251,USA,Active,Shopify App,33.4997699,-111.9236974,2025-10-18T00:02:29.000Z,2025-10-18T00:02:29.000Z
68f2d9176e538285870be3d0,gid://shopify/Metaobject/153569427776,208 Med Spa & IV Lounge,208-med-spa-and-iv-lounge,208-408-0976,"125 Commerce Street, McCall, ID, 83638, USA",125 Commerce Street,,McCall,ID,83638,USA,Active,Shopify App,44.8970698,-116.0923288,2025-10-18T00:02:29.000Z,2025-10-18T00:02:29.000Z
68f2d9176e538285870be3d1,gid://shopify/Metaobject/153569460544,Qua Baths & Spa at Caesars Palace,qua-baths-spa-caesars-palace,702-731-7829,"3570 S Las Vegas Blvd, Paradise, NV, 89109, USA",3570 S Las Vegas Blvd,,Paradise,NV,89109,USA,Active - Non-accruing,Shopify App,36.1159646,-115.1769093,2025-10-18T00:02:29.000Z,2025-11-13T01:45:51.000Z
68f2d9176e538285870be3d2,gid://shopify/Metaobject/153569493312,Haven Wellness & Spa,haven-wellness-and-spa,+1 (586) 292-3078,"19539 Mack Ave., Grosse Pointe, MI, 48236, USA",19539 Mack Ave.,,Grosse Pointe,MI,48236,USA,Active,Shopify App,42.4246621,-82.91022439999999,2025-10-18T00:02:30.000Z,2025-10-18T00:02:30.000Z
68f2d9186e538285870be3d4,gid://shopify/Metaobject/153569558848,BT Hair Bar,bt-hair-bar,865-657-5078,"833 Charleston Light, Loudon, TN, 37774, USA",833 Charleston Light,,Loudon,TN,37774,USA,Active,Shopify App,35.7643221,-84.3863208,2025-10-18T00:02:30.000Z,2025-10-18T00:02:30.000Z
68f2d9196e538285870be3d5,gid://shopify/Metaobject/153569591616,Bay Delta Aesthetics,bay-delta-aesthetics,361-800-5109,"321 Texan Trail , Suite 140, Corpus Christi, TX, 78411, USA",321 Texan Trail ,Suite 140,Corpus Christi,TX,78411,USA,Active,Shopify App,27.7560811,-97.38487579999999,2025-10-18T00:02:31.000Z,2025-10-18T00:02:31.000Z
68f2d9196e538285870be3d6,gid://shopify/Metaobject/153569657152,Skinney Medspa,skinney-medspa,917-553-5541,"30 E. 60th Street, NY, NY, 10003, USA",30 E. 60th Street,,NY,NY,10003,USA,Active,Shopify App,40.763742,-73.9701959,2025-10-18T00:02:32.000Z,2025-11-11T03:06:23.000Z
68f2d9196e538285870be3d7,gid://shopify/Metaobject/153569624384,Dahl House Aesthetics,dahl-house-aesthetics,406-454-9450,"500 Country Club Blvd., Great Falls, MT, 59404, USA",500 Country Club Blvd.,,Great Falls,MT,59404,USA,Active,Shopify App,47.4903914,-111.3263617,2025-10-18T00:02:31.000Z,2025-10-18T00:02:31.000Z
68f2d91a6e538285870be3d8,gid://shopify/Metaobject/153569689920,Sugar and Skin Seattle,sugar-and-skin-seattle,206-281-9399,"3209 W McGraw St, Seattle, WA, 98199, USA",3209 W McGraw St,,Seattle,WA,98199,USA,Active,Shopify App,47.6393627,-122.3988454,2025-10-18T00:02:32.000Z,2025-10-18T00:02:32.000Z
68f2d91a6e538285870be3d9,gid://shopify/Metaobject/153569722688,The Fitz Med Spa,the-fitz-med-spa,,"1656 N Wells. St, Chicago, IL, 60614, USA",1656 N Wells. St,,Chicago,IL,60614,USA,Active,Shopify App,41.912676,-87.6352525,2025-10-18T00:02:32.000Z,2025-10-18T00:02:32.000Z
68f2d91b6e538285870be3da,gid://shopify/Metaobject/153569755456,Adiuvo Aesthetics,adiuvo-aesthetics,415-497-2844,"294 W. Napa St., , Suite 103, Sonoma, CA, 95476, USA","294 W. Napa St., ",Suite 103,Sonoma,CA,95476,USA,Active,Shopify App,38.2926917,-122.4633099,2025-10-18T00:02:33.000Z,2025-10-18T00:02:33.000Z
68f2d91b6e538285870be3db,gid://shopify/Metaobject/153569788224,Southern Iris Aesthetics,southern-iris-aesthetics,865-202-1006,"401 Market Street, Clinton, TN, 37716, USA",401 Market Street,,Clinton,TN,37716,USA,Active,Shopify App,36.1037331,-84.12992899999999,2025-10-18T00:02:33.000Z,2025-10-18T00:02:33.000Z
68f2d91b6e538285870be3dc,gid://shopify/Metaobject/153569820992,The Wellnest,the-wellnest,8082072279,"95-1249 Meheula Parkway , #E5, Mililani, HI, 96789, USA",95-1249 Meheula Parkway ,#E5,Mililani,HI,96789,USA,Active,Shopify App,21.4529107,-158.0065092,2025-10-18T00:02:33.000Z,2025-10-18T00:02:33.000Z
68f2d91c6e538285870be3dd,gid://shopify/Metaobject/153569886528,At Lash Inc.,at-lash-inc,617-791-2571,"4 High Street, Unit 108, North Andover, MA, 01845, USA","4 High Street, Unit 108",,North Andover,MA,01845,USA,Active,Shopify App,42.7009023,-71.1257663,2025-10-18T00:02:34.000Z,2025-10-18T00:02:34.000Z
68f2d91c6e538285870be3de,gid://shopify/Metaobject/153569952064,Brooke Nix Medical Aesthetics,brooke-nix-medical-aesthetics,865-333-0186,"111 W Broadway Ave., Maryville, TN, 37801, USA",111 W Broadway Ave.,,Maryville,TN,37801,USA,Active,Shopify App,35.7560149,-83.9718011,2025-10-18T00:02:35.000Z,2025-10-18T00:02:35.000Z
68f2d91c6e538285870be3df,gid://shopify/Metaobject/153569919296,Bright Medical Aesthetics,bright-medical-aesthetics,7324829914,"1 Rt. 27, Bldg 1, , Ste 17, Edison, NJ, 08820, USA","1 Rt. 27, Bldg 1, ",Ste 17,Edison,NJ,08820,USA,Active,Shopify App,40.5549376,-74.34568809999999,2025-10-18T00:02:34.000Z,2025-10-18T00:02:34.000Z
68f2d91c6e538285870be3e0,gid://shopify/Metaobject/153569984832,Enriched by Elle LLC,enriched-by-elle-llc,(541) 645-3546,"420 Industrial St., Hood River, OR, 97031, USA",420 Industrial St.,,Hood River,OR,97031,USA,Active,Shopify App,45.7106958,-121.5146896,2025-10-18T00:02:35.000Z,2025-10-18T00:02:35.000Z
68f2d91d6e538285870be3e1,gid://shopify/Metaobject/153570017600,Hoang Nguyen DO,hoang-nguyen-do,408-708-7053,"2360 McKee Road , #9, San Jose, CA, 95116, USA",2360 McKee Road ,#9,San Jose,CA,95116,USA,Active,Shopify App,37.3663884,-121.8479387,2025-10-18T00:02:35.000Z,2025-10-18T00:02:35.000Z
68f2d91d6e538285870be3e2,gid://shopify/Metaobject/153570050368,The Bungalow,the-bungalow,4016629422,"1 Casino Terrace, Newport, RI, 02840, USA",1 Casino Terrace,,Newport,RI,02840,USA,Active,Shopify App,41.4818354,-71.30777859999999,2025-10-18T00:02:36.000Z,2025-10-18T00:02:36.000Z
68f2d91e6e538285870be3e3,gid://shopify/Metaobject/153570083136,Unmarked Beauty and Wellness,unmarked-beauty-and-wellness,480-737-1394,"2410 S Gilbert Rd, , Suite 1, Chandler, AZ, 85286, USA","2410 S Gilbert Rd, ",Suite 1,Chandler,AZ,85286,USA,Active,Shopify App,33.2716194,-111.7907625,2025-10-18T00:02:36.000Z,2025-10-18T00:02:36.000Z
68f2d91e6e538285870be3e4,gid://shopify/Metaobject/153570115904,VIDA Functional Aesthetics,vida-functional-aesthetics,321-437-9233,"6900 Tavistock Lakes Blvd,  #110, Orlando, FL, 32827, USA",6900 Tavistock Lakes Blvd, #110,Orlando,FL,32827,USA,Active,Shopify App,28.372509,-81.27873980000001,2025-10-18T00:02:36.000Z,2025-10-18T00:02:36.000Z
68f2d91f6e538285870be3e5,gid://shopify/Metaobject/153570148672,Ashley Haut Aesthetics,ashley-haut-aesthetics,831-234-2526,"1220A 41st Ave , Studio #11, Capitola, CA, 95010, USA",1220A 41st Ave ,Studio #11,Capitola,CA,95010,USA,Active,Shopify App,36.969686,-121.9640635,2025-10-18T00:02:37.000Z,2025-10-18T00:02:37.000Z
68f2d91f6e538285870be3e6,gid://shopify/Metaobject/153570181440,The Louisville Aesthetics,the-louisville-aesthetics,646-469-9492,"9345 Leesgate Rd, Louisville, KY, 40222, USA",9345 Leesgate Rd,,Louisville,KY,40222,USA,Active,Shopify App,38.244753,-85.5802442,2025-10-18T00:02:37.000Z,2025-10-18T00:02:37.000Z
68f2d91f6e538285870be3e7,gid://shopify/Metaobject/153570214208,The Spa at Chatham Bars Inn,the-spa-at-chatham-bars-inn,508-945-6907,"297 Shore Road, Chatham, MA, 02633, USA",297 Shore Road,,Chatham,MA,02633,USA,Active - Non-accruing,Shopify App,41.6849731,-69.9523155,2025-10-18T00:02:38.000Z,2025-12-03T23:20:13.000Z
68f2d9206e538285870be3e8,gid://shopify/Metaobject/153570246976,Vanessa Hernandez Skincare,vanessa-hernandez-skincare,310-849-4452,"11677 San Vicente Blvd, , #305, Los Angeles, CA, 90049, USA","11677 San Vicente Blvd, ",#305,Los Angeles,CA,90049,USA,Active,Shopify App,34.0542471,-118.4651397,2025-10-18T00:02:38.000Z,2025-10-18T00:02:38.000Z
68f2d9206e538285870be3e9,gid://shopify/Metaobject/153570279744,Aimee Claire by ACQ Beauty,aimee-claire-by-acq-beauty,(318) 658-5290,"5817 1/2 Kavanaugh Blvd, Little Rock, AR, 72207, USA",5817 1/2 Kavanaugh Blvd,,Little Rock,AR,72207,USA,Active,Shopify App,34.7698917,-92.3391443,2025-10-18T00:02:38.000Z,2025-10-18T00:02:38.000Z
68f2d9216e538285870be3ea,gid://shopify/Metaobject/153570312512,Elle Salon,elle-salon,630-363-1019,"2490 Bushwood Dr. , Elgin, IL, 60124, USA",2490 Bushwood Dr. ,,Elgin,IL,60124,USA,Active,Shopify App,42.0927373,-88.3376704,2025-10-18T00:02:39.000Z,2025-10-18T00:02:39.000Z
68f2d9216e538285870be3eb,gid://shopify/Metaobject/153570378048,Precision Esthetics,precision-esthetics,(828) 764-1188,"114 N. Sterling St., Morganton, NC, 28655, USA",114 N. Sterling St.,,Morganton,NC,28655,USA,Active,Shopify App,35.7460781,-81.68838629999999,2025-10-18T00:02:39.000Z,2025-10-18T00:02:39.000Z
68f2d9216e538285870be3ec,gid://shopify/Metaobject/153570345280,Haven Permanent Cosmetics & Aesthetics,haven-permanent-cosmetics-and-aesthetics,253-509-5359,"5160 Point Fosdick Dr NW , Suite C-100, Gig Harbor, WA, 98335, USA",5160 Point Fosdick Dr NW ,Suite C-100,Gig Harbor,WA,98335,USA,Active,Shopify App,47.3050957,-122.5806853,2025-10-18T00:02:39.000Z,2025-10-18T00:02:39.000Z
68f2d9216e538285870be3ed,gid://shopify/Metaobject/153570410816,Skin & Brows Redefined,skin-and-brows-redefined,678-522-6083,"2100 N. Beltline Blvd A, Columbia, SC, 29204, USA",2100 N. Beltline Blvd A,,Columbia,SC,29204,USA,Active,Shopify App,34.016055,-80.98704289999999,2025-10-18T00:02:40.000Z,2025-10-18T00:02:40.000Z
68f2d9226e538285870be3ee,gid://shopify/Metaobject/153570443584,Arctic Elevation- Roseville,arctic-elevation-roseville,(916) 232-4975,"1470 Eureka Rd, , Suite 150, Roseville, CA, 95661, USA","1470 Eureka Rd, ",Suite 150,Roseville,CA,95661,USA,Active,Shopify App,38.7519988,-121.2526617,2025-10-18T00:02:40.000Z,2025-10-18T00:02:40.000Z
68f2d9226e538285870be3ef,gid://shopify/Metaobject/153570476352,Jordan Valley Dermatology,jordan-valley-dermatology,801-569-1456,"10654 So. River Heights Dr. , Ste 210, South Jordan, UT, 84095, USA",10654 So. River Heights Dr. ,Ste 210,South Jordan,UT,84095,USA,Active,Shopify App,40.5573305,-111.9730592,2025-10-18T00:02:41.000Z,2025-10-18T00:02:41.000Z
68f2d9236e538285870be3f0,gid://shopify/Metaobject/153570509120,Skin & Sugar LLC,skin-sugar-llc,6149749187,"1750 W Lane Ave , Suite 106, Upper Arlington, OH, 43221, USA",1750 W Lane Ave ,Suite 106,Upper Arlington,OH,43221,USA,Active,Shopify App,40.0074932,-83.0568469,2025-10-18T00:02:41.000Z,2025-10-22T00:27:56.000Z
68f2d9236e538285870be3f1,gid://shopify/Metaobject/153570541888,The Lip Bunny Beauty,the-lip-bunny-beauty,4018650795,"484 Highland Ave, Fall River, MA, 02720, USA",484 Highland Ave,,Fall River,MA,02720,USA,Active,Shopify App,41.7122688,-71.14568680000001,2025-10-18T00:02:41.000Z,2025-10-18T00:02:41.000Z
68f2d9246e538285870be3f2,gid://shopify/Metaobject/153570574656,Belle Ame Wellness,belle-ame-wellness,407-915-3575,"712 W 25th St, Sanford, FL, 32771, USA",712 W 25th St,,Sanford,FL,32771,USA,Active,Shopify App,28.787037,-81.27479819999999,2025-10-18T00:02:42.000Z,2025-10-18T00:02:42.000Z
68f2d9246e538285870be3f3,gid://shopify/Metaobject/153570607424,Eunoia Med Spa,eunoia-med-spa,303-349-5032,"5295 DTC Parkway, Greenwood Village, CO, 80111, USA",5295 DTC Parkway,,Greenwood Village,CO,80111,USA,Active,Shopify App,39.6209358,-104.8973711,2025-10-18T00:02:42.000Z,2025-10-18T00:02:42.000Z
68f2d9246e538285870be3f4,gid://shopify/Metaobject/153570640192,Revive Aesthetics Chattanooga,revive-aesthetics-chattanooga,4239943194,"1605 Gunbarrel Rd, Chattanooga, TN, 37421, USA",1605 Gunbarrel Rd,,Chattanooga,TN,37421,USA,Active,Shopify App,35.0188996,-85.1621971,2025-10-18T00:02:42.000Z,2025-10-18T00:02:42.000Z
68f2d9256e538285870be3f6,gid://shopify/Metaobject/153570705728,Timeless Skin & Wellness,timeless-skin-and-wellness,303.800.1821,"2795 N Speer Blvd. , #11, Denver, CO, 80211, USA",2795 N Speer Blvd. ,#11,Denver,CO,80211,USA,Active,Shopify App,39.7572985,-105.0185975,2025-10-18T00:02:43.000Z,2025-10-18T00:02:43.000Z
68f2d9256e538285870be3f7,gid://shopify/Metaobject/153570738496,Best Ever Skin,best-ever-skin,6307160697,"235A Burlington Ave, Clarendon Hills, IL, 60514, USA",235A Burlington Ave,,Clarendon Hills,IL,60514,USA,Active,Shopify App,41.7967714,-87.9573521,2025-10-18T00:02:44.000Z,2025-10-18T00:02:44.000Z
68f2d9266e538285870be3f8,gid://shopify/Metaobject/153570771264,Coastal 757 Aesthetics,coastal-757-aesthetics,(757) 481-4036,"1744 Sir William Osler Dr, Virginia Beach, VA, 23454, USA",1744 Sir William Osler Dr,,Virginia Beach,VA,23454,USA,Active,Shopify App,36.8649407,-76.0297631,2025-10-18T00:02:44.000Z,2025-10-18T00:02:44.000Z
68f2d9266e538285870be3f9,gid://shopify/Metaobject/153570804032,ETHOS SPARTA LLC (Kate),ethos-sparta-llc-kate,973-917-9219,"1A Main Street , Suite 8, Sparta, NJ, 07871, USA",1A Main Street ,Suite 8,Sparta,NJ,07871,USA,Active,Shopify App,41.035843,-74.6355848,2025-10-18T00:02:44.000Z,2025-10-31T23:25:42.000Z
68f2d9266e538285870be3fa,gid://shopify/Metaobject/153570836800,Infuze Aesthetics and Wellness,infuze-aesthetics-and-wellness,702-964-9500,"1590 W Horizon Ridge Pkwy , Ste #110, Henderson, NV, 89012, USA",1590 W Horizon Ridge Pkwy ,Ste #110,Henderson,NV,89012,USA,Active,Shopify App,36.0167771,-115.0564572,2025-10-18T00:02:45.000Z,2025-10-18T00:02:45.000Z
68f2d9266e538285870be3fb,gid://shopify/Metaobject/153570869568,Khoobehi and Associates,khoobehi-and-associates,5047795538,"3901 Veterans Boulevard, Metairie, LA, 70002, USA",3901 Veterans Boulevard,,Metairie,LA,70002,USA,Active,Shopify App,30.0049702,-90.1727379,2025-10-18T00:02:45.000Z,2025-10-18T00:02:45.000Z
68f2d9276e538285870be3fc,gid://shopify/Metaobject/153570902336,Love.Life,lovelife,310.424.7011,"740 S. Pacific Coast Highway, El Segundo, CA, 90245, USA",740 S. Pacific Coast Highway,,El Segundo,CA,90245,USA,Active,Shopify App,33.9061717,-118.3938261,2025-10-18T00:02:45.000Z,2025-10-18T00:02:45.000Z
68f2d9286e538285870be3fd,gid://shopify/Metaobject/153570935104,SkinQ - Roscoe Village,skin-q,312-210-0340,"3519 N Lincoln Ave, Chicago, IL, 60657, USA",3519 N Lincoln Ave,,Chicago,IL,60657,USA,Active,Shopify App,41.9457743,-87.6726587,2025-10-18T00:02:46.000Z,2025-10-30T22:41:28.000Z
68f2d9286e538285870be3fe,gid://shopify/Metaobject/153570967872,The Comstock,the-comstock,480-848-6688,"7300 N Vía Paseo Del Sur , #206, Scottsdale, AZ, 85258, USA",7300 N Vía Paseo Del Sur ,#206,Scottsdale,AZ,85258,USA,Active,Shopify App,33.5438105,-111.9067402,2025-10-18T00:02:46.000Z,2025-10-18T00:02:46.000Z
68f2d9286e538285870be3ff,gid://shopify/Metaobject/153571000640,Mary Lee Cherry MD,mary-lee-cherry-md,9858093883,"1401 Ochsner Blvd, , Suite B, Covington, IL, 70433, USA","1401 Ochsner Blvd, ",Suite B,Covington,IL,70433,USA,Active,Shopify App,30.45362709999999,-90.1464191,2025-10-18T00:02:47.000Z,2025-10-18T00:02:47.000Z
68f2d9296e538285870be400,gid://shopify/Metaobject/153571033408,Radiante Spa,radiante-spa,6155107719,"437 East Iris Dr., Nashville, TN, 37204, USA",437 East Iris Dr.,,Nashville,TN,37204,USA,Active,Shopify App,36.1146647,-86.7636129,2025-10-18T00:02:47.000Z,2025-10-18T00:02:47.000Z
68f2d9296e538285870be401,gid://shopify/Metaobject/153571066176,Lorena Lee Acupuncture,lorena-lee-acupuncture,(718) 791-0501,"3737 Moraga Ave , Suite B210, San Diego, CA, 92117, USA",3737 Moraga Ave ,Suite B210,San Diego,CA,92117,USA,Active,Shopify App,32.8092584,-117.2106773,2025-10-18T00:02:47.000Z,2025-10-18T00:02:47.000Z
68f2d92a6e538285870be402,gid://shopify/Metaobject/153571098944,Medical Aesthetics By Angelica,medical-aesthetics-by-angelica,832-338-8293,"3425 Hwy. 6 , Suite 109, Sugar Land, TX, 77478, USA",3425 Hwy. 6 ,Suite 109,Sugar Land,TX,77478,USA,Active,Shopify App,29.5920888,-95.60150809999999,2025-10-18T00:02:48.000Z,2025-10-18T00:02:48.000Z
68f2d92a6e538285870be403,gid://shopify/Metaobject/153571164480,SABI Studio,sabi-studio,224.655.2295,"119 E. Main St, Barrington, IL, 60010, USA",119 E. Main St,,Barrington,IL,60010,USA,Active,Shopify App,42.1540252,-88.1354523,2025-10-18T00:02:48.000Z,2025-10-18T00:02:48.000Z
68f2d92a6e538285870be404,gid://shopify/Metaobject/153571131712,Eminence Medical Aesthetics,eminence-medical-aesthetics,6096169815,"707 State Road , Suite 221, Princeton, NJ, 08540, USA",707 State Road ,Suite 221,Princeton,NJ,08540,USA,Active,Shopify App,40.3852818,-74.658202,2025-10-18T00:02:48.000Z,2025-10-18T00:02:48.000Z
68f2d92b6e538285870be405,gid://shopify/Metaobject/153571197248,SAINT LORRAINE AESTHETICS AND WELLNESS,saint-lorraine-aesthetics-and-wellness,903-288-3003,"3330 Audley St., Houston, TX, 77098, USA",3330 Audley St.,,Houston,TX,77098,USA,Active,Shopify App,29.7350207,-95.42660339999999,2025-10-18T00:02:49.000Z,2025-10-18T00:02:49.000Z
68f2d92b6e538285870be406,gid://shopify/Metaobject/153571230016,STAAMP- Med Spa,staamp-med-spa,210-616-5385,"341 E. Hildebrand Ave., San Antonio, TX, 78212, USA",341 E. Hildebrand Ave.,,San Antonio,TX,78212,USA,Active,Shopify App,29.46676579999999,-98.48802429999999,2025-10-18T00:02:49.000Z,2025-10-18T00:02:49.000Z
68f2d92c6e538285870be407,gid://shopify/Metaobject/153571262784,Strauhs Studios,strauhs-studios,845-642-2016,"401 Broadway , Suite 213, New York, NY, 10013, USA",401 Broadway ,Suite 213,New York,NY,10013,USA,Active,Shopify App,40.7189608,-74.00279379999999,2025-10-18T00:02:50.000Z,2025-10-18T00:02:50.000Z
68f2d92c6e538285870be408,gid://shopify/Metaobject/153571295552,The Skiny,the-skiny,505-228-0603,"3700 Bosque Plaza Lane NW, Albuquerque, NM, 87120, USA",3700 Bosque Plaza Lane NW,,Albuquerque,NM,87120,USA,Active,Shopify App,35.1583046,-106.6784806,2025-10-18T00:02:50.000Z,2025-11-13T18:25:33.000Z
68f2d92c6e538285870be409,gid://shopify/Metaobject/153571328320,Valerie Yager Skincare,valerie-yager-skincare,(916) 425-0318,"8004 California Ave, Fair Oaks, CA, 95628, USA",8004 California Ave,,Fair Oaks,CA,95628,USA,Active,Shopify App,38.641679,-121.2675589,2025-10-18T00:02:50.000Z,2025-10-18T00:02:50.000Z
68f2d92d6e538285870be40a,gid://shopify/Metaobject/153571361088,Alora Boise Medspa and Salon,alora-boise-medspa-and-salon,(707) 671-2636,"5905 W State St, Garden City, ID, 83703, USA",5905 W State St,,Garden City,ID,83703,USA,Active,Shopify App,43.6578745,-116.2629304,2025-10-18T00:02:51.000Z,2025-10-18T00:02:51.000Z
68f2d92d6e538285870be40b,gid://shopify/Metaobject/153571393856,Anetta Reszko MD,anetta-reszko-m-d,6467598449,"1112 Park Avenue , Suite, 1A, NY, NY, 10128, USA",1112 Park Avenue ,"Suite, 1A",NY,NY,10128,USA,Active,Shopify App,40.782786,-73.95590299999999,2025-10-18T00:02:51.000Z,2025-10-31T18:44:56.000Z
68f2d92d6e538285870be40c,gid://shopify/Metaobject/153571426624,Beauty Haven,beauty-haven,248-421-0445,"580 Forest Ave, , STE 1A, Plymouth, MI, 48170, USA","580 Forest Ave, ",STE 1A,Plymouth,MI,48170,USA,Active,Shopify App,42.3682516,-83.4712318,2025-10-18T00:02:51.000Z,2025-10-18T00:02:51.000Z
68f2d92e6e538285870be40d,gid://shopify/Metaobject/153571459392,Belle Visage Medical Aesthetic,belle-visage-medical-aesthetic,817-720-6320,"509 SW Wilshire Blvd , Suite A, Burleson, TX, 76028, USA",509 SW Wilshire Blvd ,Suite A,Burleson,TX,76028,USA,Active,Shopify App,32.537232,-97.33303649999999,2025-10-18T00:02:52.000Z,2025-10-18T00:02:52.000Z
68f2d92e6e538285870be40e,gid://shopify/Metaobject/153571492160,Cox Medical Aesthetics,cox-medical-aesthetics,209-712-3579,"19 Downtown Mall, Lodi, CA, 95420, USA",19 Downtown Mall,,Lodi,CA,95420,USA,Active,Shopify App,38.1341477,-121.2722194,2025-10-18T00:02:52.000Z,2025-10-18T00:02:52.000Z
68f2d92e6e538285870be40f,gid://shopify/Metaobject/153571524928,Cream Skin Studio,cream-skin-studio,301-300-2656,"8320 Old Courthouse Rd, Suite 401, Vienna, VA, 22182, USA",8320 Old Courthouse Rd,Suite 401,Vienna,VA,22182,USA,Active,Shopify App,38.9150272,-77.2331629,2025-10-18T00:02:53.000Z,2025-12-29T21:25:38.000Z
68f2d92f6e538285870be410,gid://shopify/Metaobject/153571557696,ER Wellness,er-wellness,630-492-0172,"1610 Commons Drive , Studio 14, Geneva, IL, 60134, USA",1610 Commons Drive ,Studio 14,Geneva,IL,60134,USA,Active,Shopify App,41.8925899,-88.3411615,2025-10-18T00:02:53.000Z,2025-10-18T00:02:53.000Z
68f2d92f6e538285870be411,gid://shopify/Metaobject/153571590464,Gattoni Medical Aesthetics & Wellness,gattoni-medical-aesthetics-and-wellness,(720) 923-2200,"250 Steele St., , Suite 214, Denver, CO, 80206, USA","250 Steele St., ",Suite 214,Denver,CO,80206,USA,Active,Shopify App,39.7205094,-104.9495542,2025-10-18T00:02:53.000Z,2025-10-18T00:02:53.000Z
68f2d9306e538285870be412,gid://shopify/Metaobject/153571623232,Hybrid Medical Solution,hybrid-medical-solution,6186984421,"9325 glades rd , suit 208, Boca Raton, FL, 33434, USA",9325 glades rd ,suit 208,Boca Raton,FL,33434,USA,Active,Shopify App,26.3680299,-80.1920018,2025-10-18T00:02:54.000Z,2025-10-18T00:02:54.000Z
68f2d9306e538285870be413,gid://shopify/Metaobject/153571656000,Illuminate Plastic Surgery Palo Alto,illuminate-plastic-surgery-palo-alto,650-433-8621,"101 Addison Ave, Palo Alto, CA, 94301, USA",101 Addison Ave,,Palo Alto,CA,94301,USA,Active,Shopify App,37.439839,-122.157752,2025-10-18T00:02:54.000Z,2025-10-18T00:02:54.000Z
68f2d9306e538285870be414,gid://shopify/Metaobject/153571688768,La Vida Massage & Skincare - Fort Collins,la-vida-massage-and-skincare-fort-collins,970-223-2512,"2733 Council Tree Ave , #119, Fort Collins, CO, 80525, USA",2733 Council Tree Ave ,#119,Fort Collins,CO,80525,USA,Active,Shopify App,40.5252449,-105.0249786,2025-10-18T00:02:54.000Z,2025-10-18T00:02:54.000Z
68f2d9316e538285870be415,gid://shopify/Metaobject/153571721536,Meraki,meraki,701-770-7228,"120 26th St E , #300, Williston, ND, 58801, USA",120 26th St E ,#300,Williston,ND,58801,USA,Active,Shopify App,48.1677324,-103.6201951,2025-10-18T00:02:55.000Z,2025-10-18T00:02:55.000Z
68f2d9316e538285870be416,gid://shopify/Metaobject/153571754304,Modern Aesthetics,modern-aesthetics,248-574-5600,"144 W Maple Rd, Birmingham, MI, 48009, USA",144 W Maple Rd,,Birmingham,MI,48009,USA,Active,Shopify App,42.5467964,-83.2154121,2025-10-18T00:02:55.000Z,2025-12-17T23:48:45.000Z
68f2d9316e538285870be417,gid://shopify/Metaobject/153571787072,Nur Medical Spa,nur-medical-spa,2254057104,"4309 Bluebonnet Blvd, Baton Rouge, LA, 70809, USA",4309 Bluebonnet Blvd,,Baton Rouge,LA,70809,USA,Active,Shopify App,30.409169,-91.078429,2025-10-18T00:02:56.000Z,2025-10-18T00:02:56.000Z
68f2d9326e538285870be418,gid://shopify/Metaobject/153571819840,Ocean Plastic Surgery Center,ocean-plastic-surgery-center,562-594-5996,"10921 Cherry St , Ste 200, Los Alamitos, CA, 90720, USA",10921 Cherry St ,Ste 200,Los Alamitos,CA,90720,USA,Active,Shopify App,33.8039124,-118.0681983,2025-10-18T00:02:56.000Z,2025-10-29T17:59:10.000Z
68f2d9326e538285870be419,gid://shopify/Metaobject/153571852608,Red Rabbit Aesthetics,red-rabbit-aesthetics,732-945-1900,"200 Monmouth Street, Suite 375, Red Bank, NJ, 07701, USA",200 Monmouth Street,Suite 375,Red Bank,NJ,07701,USA,Active,Shopify App,40.3489292,-74.07567550000002,2025-10-18T00:02:56.000Z,2025-10-31T22:17:07.000Z
68f2d9336e538285870be41a,gid://shopify/Metaobject/153571885376,Rise Health WY,rise-health-wy,(307) 206-1005,"431 Main st, Lander, WY, 82520, USA",431 Main st,,Lander,WY,82520,USA,Active,Shopify App,42.8334141,-108.7341286,2025-10-18T00:02:57.000Z,2025-10-18T00:02:57.000Z
68f2d9336e538285870be41b,gid://shopify/Metaobject/153571918144,Sanaré Collective,sanare-collective,610-842-0049,"150 Allendale Road , Suite 3301, King of Prussia, PA, 19406, USA",150 Allendale Road ,Suite 3301,King of Prussia,PA,19406,USA,Active,Shopify App,40.0901305,-75.3809783,2025-10-18T00:02:57.000Z,2025-10-18T00:02:57.000Z
68f2d9336e538285870be41c,gid://shopify/Metaobject/153571950912,Skin Boss MedSpa,skin-boss-medspa,517-420-8078,"16945 Marsh Rd. , Suite B, Haslett, MI, 48840, USA",16945 Marsh Rd. ,Suite B,Haslett,MI,48840,USA,Active,Shopify App,42.770689,-84.412539,2025-10-18T00:02:57.000Z,2025-10-18T00:02:57.000Z
68f2d9336e538285870be41d,gid://shopify/Metaobject/153571983680,Spa in the City,spa-in-the-city,972 588 4485,"5009 W Lovers Ln., Dallas, TX, 75209, USA",5009 W Lovers Ln.,,Dallas,TX,75209,USA,Active,Shopify App,32.851473,-96.8248045,2025-10-18T00:02:58.000Z,2025-10-18T00:02:58.000Z
68f2d9346e538285870be41e,gid://shopify/Metaobject/153572016448,The Saint Louis Med Spa,the-saint-louis-med-spa,6365787596,"525 SOUTH HANLEY RD., Clayton, MO, 63105, USA",525 SOUTH HANLEY RD.,,Clayton,MO,63105,USA,Active,Shopify App,38.6434535,-90.335205,2025-10-18T00:02:58.000Z,2025-10-18T00:02:58.000Z
68f2d9356e538285870be41f,gid://shopify/Metaobject/153572049216,Rejuvenate Center for Medical Aesthetics & Wellness,rejuvenate-center-for-medical-aesthetics-wellness,732-444-4859,"1340 NJ-34, Aberdeen Township, NJ, 07747, USA",1340 NJ-34,,Aberdeen Township,NJ,07747,USA,Active,Shopify App,40.384769,-74.2156426,2025-10-18T00:02:59.000Z,2025-11-01T03:58:24.000Z
68f2d9356e538285870be420,gid://shopify/Metaobject/153572081984,Newport Beach Dermatology & Plastic Surgery,newport-beach-dermatology-and-plastic-surgery,9497067886,"1441 Avocado Avenue , Ste. 702, Newport Beach, CA, 92660, USA",1441 Avocado Avenue ,Ste. 702,Newport Beach,CA,92660,USA,Active,Shopify App,33.6134783,-117.8697252,2025-10-18T00:02:59.000Z,2025-10-18T00:02:59.000Z
68f2d9356e538285870be421,gid://shopify/Metaobject/153572114752,Pure Skin Studios,pure-skin-studios,916-580-9149,"2340 pleasant grove blvd, suite 160, Roseville, CA, 95747, USA",2340 pleasant grove blvd,suite 160,Roseville,CA,95747,USA,Active,Shopify App,38.7717336,-121.3691364,2025-10-18T00:03:00.000Z,2026-01-13T22:41:01.000Z
68f2d9366e538285870be422,gid://shopify/Metaobject/153572147520,Luxe Lift,luxe-lift,217-387-8812,"612 N Logan Ave, , Unit B, Danville, IL, 61833, USA","612 N Logan Ave, ",Unit B,Danville,IL,61833,USA,Active,Shopify App,40.133388,-87.6452082,2025-10-18T00:03:00.000Z,2025-10-18T00:03:00.000Z
68f2d9366e538285870be423,gid://shopify/Metaobject/153572180288,The Skin Spot Aesthetics Wellness Studios,the-skin-spot-aesthetics-wellness-studios,7723234432,"1199 SW Live Oak Cove, Port St. Lucie, FL, 34986, USA",1199 SW Live Oak Cove,,Port St. Lucie,FL,34986,USA,Active,Shopify App,27.3037104,-80.3868822,2025-10-18T00:03:00.000Z,2025-10-18T00:03:00.000Z
68f2d9366e538285870be424,gid://shopify/Metaobject/153572213056,Purity Skin Studio,purity-skin-studio,720.639.3971,"32 Springer Street, Highlands Ranch, CO, 80129, USA",32 Springer Street,,Highlands Ranch,CO,80129,USA,Active,Shopify App,39.5594535,-104.9878176,2025-10-18T00:03:01.000Z,2025-10-18T00:03:01.000Z
68f2d9376e538285870be425,gid://shopify/Metaobject/153572245824,D'Allure Med Spa,dallure-med-spa,214 442 0011,"12655 N. CENTRAL EXPY, , SUITE 650, DALLAS, TX, 75243, USA","12655 N. CENTRAL EXPY, ",SUITE 650,DALLAS,TX,75243,USA,Active,Shopify App,32.9207276,-96.7670919,2025-10-18T00:03:01.000Z,2025-10-18T00:03:01.000Z
68f2d9376e538285870be426,gid://shopify/Metaobject/153572278592,The Plastics Clinic & Spa,the-plastics-clinic-and-spa,801-839-5557,"14658 South Bangerter Parkway , #200, Draper, UT, 84020, USA",14658 South Bangerter Parkway ,#200,Draper,UT,84020,USA,Active,Shopify App,40.4855583,-111.8860779,2025-10-18T00:03:01.000Z,2025-10-18T00:03:01.000Z
68f2d9386e538285870be427,gid://shopify/Metaobject/153572311360,Infinique Skin & Spa,infinique-skin-and-spa,9208581877,"221 S Walter Ave, Appleton, WI, 54915, USA",221 S Walter Ave,,Appleton,WI,54915,USA,Active,Shopify App,44.2601528,-88.3823651,2025-10-18T00:03:02.000Z,2025-10-18T00:03:02.000Z
68f2d9386e538285870be428,gid://shopify/Metaobject/153572344128,Miraval Berkshires Spa,miraval-berkshires-spa,413-551-4821,"55 Lee Road, Lenox, MA, 01240, USA",55 Lee Road,,Lenox,MA,01240,USA,Active - Non-accruing,Shopify App,42.34191819999999,-73.2632672,2025-10-18T00:03:02.000Z,2025-12-03T23:22:37.000Z
68f2d9386e538285870be429,gid://shopify/Metaobject/153572376896,Pure Medical Spa - Meridian,pure-medical-spa-meridian,+1 208-853-7873,"3969 E. Overland Rd, Meridian, ID, 83642, USA",3969 E. Overland Rd,,Meridian,ID,83642,USA,Active,Shopify App,43.5899487,-116.3447913,2025-10-18T00:03:03.000Z,2025-10-18T00:03:03.000Z
68f2d9396e538285870be42a,gid://shopify/Metaobject/153572409664,Nourish Skin and Wellness PLLC,nourish-skin-and-wellness-pllc,832-588-6328,"4700 Homewood Ct , Suite 320, Raleigh, NC, 27609, USA",4700 Homewood Ct ,Suite 320,Raleigh,NC,27609,USA,Active,Shopify App,35.8446807,-78.641926,2025-10-18T00:03:03.000Z,2025-10-18T00:03:03.000Z
68f2d9396e538285870be42b,gid://shopify/Metaobject/153572442432,Atrium Med Spa,atrium-med-spa,2013163684,"380 NJ-17, Upper Saddle River, NJ, 07458, USA",380 NJ-17,,Upper Saddle River,NJ,07458,USA,Active,Shopify App,41.0530856,-74.1188598,2025-10-18T00:03:03.000Z,2025-10-18T00:03:03.000Z
68f2d93a6e538285870be42c,gid://shopify/Metaobject/153572507968,Restorativ Health and Beauty,restorativ-health-and-beauty,717-807-5574,"5015 E Trindle Rd, Mechanicsburg, PA, 17050, USA",5015 E Trindle Rd,,Mechanicsburg,PA,17050,USA,Active,Shopify App,40.22579899999999,-76.9722046,2025-10-18T00:03:04.000Z,2025-10-18T00:03:04.000Z
68f2d93a6e538285870be42d,gid://shopify/Metaobject/153572475200,Essence Glow Wellness Spa,essence-glow-wellness-spa,801-897-8891,"2046 E Murray Holladay Rd , Ste #201, Holladay, UT, 84117, USA",2046 E Murray Holladay Rd ,Ste #201,Holladay,UT,84117,USA,Active,Shopify App,40.6655189,-111.8325423,2025-10-18T00:03:04.000Z,2025-10-18T00:03:04.000Z
68f2d93a6e538285870be42e,gid://shopify/Metaobject/153572540736,B+A Aesthetics,ba-aesthetics,(512) 384-1920,"1410 Medical Pkwy, , Ste 2, Cedar Park, TX, 78613, USA","1410 Medical Pkwy, ",Ste 2,Cedar Park,TX,78613,USA,Active,Shopify App,30.5295527,-97.8107454,2025-10-18T00:03:05.000Z,2025-10-18T00:03:05.000Z
68f2d93b6e538285870be430,gid://shopify/Metaobject/153572606272,Blush Aesthetics & Wellness,blush-aesthetics-and-wellness,214 739 5600,"8201 Preston Rd , #700, Dallas, TX, 75243, USA",8201 Preston Rd ,#700,Dallas,TX,75243,USA,Active,Shopify App,32.8627998,-96.8049092,2025-10-18T00:03:05.000Z,2025-10-18T00:03:05.000Z
68f2d93b6e538285870be431,gid://shopify/Metaobject/153572639040,Nouveau Med Spa and Salon,nouveau-med-spa-and-salon,208-232-7546,"4751 S Afton Pl, Chubbuck, ID, 83202, USS",4751 S Afton Pl,,Chubbuck,ID,83202,USS,Active,Shopify App,42.9191189,-112.4685172,2025-10-18T00:03:06.000Z,2025-10-18T00:03:06.000Z
68f2d93c6e538285870be432,gid://shopify/Metaobject/153572671808,Vida Skin & Wellness,vida-skin-and-wellness,602-512-5121,"15455 N Greenway Hayden Loop,,  C-17, Scottsdale, AZ, 85260, USA","15455 N Greenway Hayden Loop,", C-17,Scottsdale,AZ,85260,USA,Active,Shopify App,33.626296,-111.9193657,2025-10-18T00:03:06.000Z,2025-10-18T00:03:06.000Z
68f2d93c6e538285870be433,gid://shopify/Metaobject/153572704576,Emily Anne Esthetics,emily-anne-esthetics,757-744-4218,"3636 Virginia Beach BIvd , #110, Virgina Beach, VA, 23452, USA",3636 Virginia Beach BIvd ,#110,Virgina Beach,VA,23452,USA,Active,Shopify App,36.841795,-76.0977817,2025-10-18T00:03:06.000Z,2025-10-18T00:03:06.000Z
68f2d93c6e538285870be434,gid://shopify/Metaobject/153572737344,JBELLA Modern Skin,jbella-modern-skin,541-419-9247,"18707 SW Century Drive, Bend, OR, 97701, USA",18707 SW Century Drive,,Bend,OR,97701,USA,Active,Shopify App,44.0015848,-121.3848441,2025-10-18T00:03:07.000Z,2025-10-18T00:03:07.000Z
68f2d93d6e538285870be435,gid://shopify/Metaobject/153572770112,Sonder Beauty Studio,sonder-beauty-studio,925-297-9613,"3441 Mt. Diablo Blvd, Lafayette, CA, 94549, USA",3441 Mt. Diablo Blvd,,Lafayette,CA,94549,USA,Active,Shopify App,37.8925895,-122.112508,2025-10-18T00:03:07.000Z,2025-10-18T00:03:07.000Z
68f2d93d6e538285870be436,gid://shopify/Metaobject/153572802880,Toccare Day Spa,toccare-day-spa,(704) 562-1912,"1419 East Blvd, Charlotte, NC, 28203, USA",1419 East Blvd,,Charlotte,NC,28203,USA,Active,Shopify App,35.2009674,-80.8427523,2025-10-18T00:03:07.000Z,2025-10-18T00:03:07.000Z
68f2d93e6e538285870be437,gid://shopify/Metaobject/153572835648,Alive and Well - Dallas,alive-and-well-dallas,214 919 0444,"4205 Buena Vista Street , #250, Dallas, TX, 75205, USA",4205 Buena Vista Street ,#250,Dallas,TX,75205,USA,Active,Shopify App,32.8179317,-96.7949057,2025-10-18T00:03:08.000Z,2025-10-18T00:03:08.000Z
68f2d93e6e538285870be438,gid://shopify/Metaobject/153572868416,Antalee Wellness Spa,antalee-wellness-spa,847-804-7434,"1352 Patriot Blvd, Glenview, IL, 60026, USA",1352 Patriot Blvd,,Glenview,IL,60026,USA,Active,Shopify App,42.0793118,-87.8196457,2025-10-18T00:03:08.000Z,2025-10-18T00:03:08.000Z
68f2d93e6e538285870be439,gid://shopify/Metaobject/153572901184,Beaute Aesthetics,beaute-aesthetics,(985) 317-7442,"Beauté Aesthetics 347 Girod Street Suite F, Mandeville, LA, 70448, USA",Beauté Aesthetics 347 Girod Street Suite F,,Mandeville,LA,70448,USA,Active,Shopify App,30.3565774,-90.0658826,2025-10-18T00:03:08.000Z,2025-10-18T00:03:08.000Z
68f2d93f6e538285870be43a,gid://shopify/Metaobject/153572933952,"H2O Skin, LLC",h2o-skin-llc,(574) 286-2962,"6910 N Main St 21 e, Granger, IN, 46530, USA",6910 N Main St 21 e,,Granger,IN,46530,USA,Active,Shopify App,41.72303670000001,-86.1767653,2025-10-18T00:03:09.000Z,2025-10-18T00:03:09.000Z
68f2d93f6e538285870be43b,gid://shopify/Metaobject/153572966720,Empire Medical Spa,empire-medical-spa,(314) 497-6046,"110 Triad Center W, O'Fallon, MO, 63368, USA",110 Triad Center W,,O'Fallon,MO,63368,USA,Active,Shopify App,38.788364,-90.7168257,2025-10-18T00:03:09.000Z,2025-10-18T00:03:09.000Z
68f2d93f6e538285870be43c,gid://shopify/Metaobject/153572999488,Meesha Aesthetics,meesha-aesthetics,2159061335,"415 Business Park Lane, Allentown, PA, 18109, USA",415 Business Park Lane,,Allentown,PA,18109,USA,Active,Shopify App,40.62789,-75.4592772,2025-10-18T00:03:10.000Z,2025-10-18T00:03:10.000Z
68f2d9406e538285870be43d,gid://shopify/Metaobject/153573032256,Metairie Beauty Med Spa,metairie-beauty-med-spa,504-221-1256,"3939 Houma Blvd , Building 6 Suite 226, Metairie, LA, 70006, USA",3939 Houma Blvd ,Building 6 Suite 226,Metairie,LA,70006,USA,Active,Shopify App,30.0115268,-90.1802479,2025-10-18T00:03:10.000Z,2026-01-26T17:52:54.000Z
68f2d9406e538285870be43f,gid://shopify/Metaobject/153573097792,Roux Collective,roux-collective,805-239-9499,"821 Pine Street , Suite C, Paso Robles, CA, 93446, USA",821 Pine Street ,Suite C,Paso Robles,CA,93446,USA,Active,Shopify App,35.623107,-120.6887434,2025-10-18T00:03:11.000Z,2025-10-18T00:03:11.000Z
68f2d9416e538285870be440,gid://shopify/Metaobject/153573130560,Second Nature Aesthetics,second-nature-aesthetics,6202581721,"7711 W 119th St, Overland Park, KS, 66213, USA",7711 W 119th St,,Overland Park,KS,66213,USA,Active,Shopify App,38.912246,-94.6749869,2025-10-18T00:03:11.000Z,2025-10-18T00:03:11.000Z
68f2d9416e538285870be441,gid://shopify/Metaobject/153573196096,Wave Plastic Surgery - Costa Mesa,wave-plastic-surgery-costa-mesa,949-288-0624,"720 Paularino Ave , 2nd Floor, Costa Mesa, CA, 92626, USA",720 Paularino Ave ,2nd Floor,Costa Mesa,CA,92626,USA,Active,Shopify App,33.6827243,-117.8866088,2025-10-18T00:03:12.000Z,2025-10-18T00:03:12.000Z
68f2d9416e538285870be442,gid://shopify/Metaobject/153573163328,Europa Salon and Spa,europa-salon-and-spa,386-864-9858,"5 Utility Dr , #21-22-23, Palm Coast, FL, 32137, USA",5 Utility Dr ,#21-22-23,Palm Coast,FL,32137,USA,Active,Shopify App,29.5484993,-81.2102055,2025-10-18T00:03:11.000Z,2025-10-18T00:03:11.000Z
68f2d9426e538285870be443,gid://shopify/Metaobject/153573228864,Dew Skincare Atlanta,dew-skincare-atlanta,6785806355 text only,"680 Gladstone Rd, Atlanta, GA, 30318, USA",680 Gladstone Rd,,Atlanta,GA,30318,USA,Active,Shopify App,33.8148814,-84.4102699,2025-10-18T00:03:12.000Z,2025-10-18T00:03:12.000Z
68f2d9436e538285870be444,gid://shopify/Metaobject/153573261632,Beata Advanced Aesthetics,beata-advanced-aesthetics,7328383500,"151 Markham Pl, Little Silver, NJ, 07739, USA",151 Markham Pl,,Little Silver,NJ,07739,USA,Active,Shopify App,40.3384925,-74.04215289999999,2025-10-18T00:03:13.000Z,2025-10-18T00:03:13.000Z
68f2d9436e538285870be445,gid://shopify/Metaobject/153573294400,Aesthetically Speaking,aesthetically-speaking,775-338-0933,"742 Mill Street, Reno, NV, 89502, USA",742 Mill Street,,Reno,NV,89502,USA,Active,Shopify App,39.5253691,-119.8021404,2025-10-18T00:03:13.000Z,2025-10-18T00:03:13.000Z
68f2d9436e538285870be446,gid://shopify/Metaobject/153573327168,Blush Studio,blush-studio,209-646-9787,"2111 Geer Rd Suite , #504, Turlock, CA, 95382, USA",2111 Geer Rd Suite ,#504,Turlock,CA,95382,USA,Active,Shopify App,37.5129147,-120.8492215,2025-10-18T00:03:13.000Z,2025-10-18T00:03:13.000Z
68f2d9446e538285870be447,gid://shopify/Metaobject/153573359936,Maricopa Wellness Center,maricopa-wellness-center,520-464-6193,"41600 West Smith Enke Rd., , Bldg 14, STE 3, Maricopa, AZ, 85138, USA","41600 West Smith Enke Rd., ","Bldg 14, STE 3",Maricopa,AZ,85138,USA,Active,Shopify App,33.0738743,-112.0159715,2025-10-18T00:03:14.000Z,2025-10-18T00:03:14.000Z
68f2d9446e538285870be448,gid://shopify/Metaobject/153573392704,Modern Beautique,modern-beautique,,"2 Tunxis Road, Tariffville, CT, 06081, USA",2 Tunxis Road,,Tariffville,CT,06081,USA,Active,Shopify App,41.9090439,-72.7609733,2025-10-18T00:03:14.000Z,2025-10-18T00:03:14.000Z
68f2d9446e538285870be449,gid://shopify/Metaobject/153573425472,Bel Viso Medspa,bel-viso-medspa,9372318194,"260 N Detroit Street , Suite 2, Xenia, OH, 45385, USA",260 N Detroit Street ,Suite 2,Xenia,OH,45385,USA,Active,Shopify App,39.6885083,-83.93030159999999,2025-10-18T00:03:14.000Z,2025-10-18T00:03:14.000Z
68f2d9456e538285870be44a,gid://shopify/Metaobject/153573458240,MDR Skin Studio,mdr-skin-studio,(914) 384-6321,"108 SW 9th St, , Suite 17, Miami, FL, 33130, USA","108 SW 9th St, ",Suite 17,Miami,FL,33130,USA,Active,Shopify App,25.7651019,-80.196181,2025-10-18T00:03:15.000Z,2025-10-18T00:03:15.000Z
68f2d9456e538285870be44b,gid://shopify/Metaobject/153573491008,Our little secret aesthetics,our-little-secret-aesthetics,9082162743,"6309 Corporate Court, , Suite 120 Fort, Myers, FL, 33919, USA","6309 Corporate Court, ",Suite 120 Fort,Myers,FL,33919,USA,Active,Shopify App,26.5592564,-81.888031,2025-10-18T00:03:15.000Z,2025-10-18T00:03:15.000Z
68f2d9456e538285870be44c,gid://shopify/Metaobject/153573523776,Radiant Health,radiant-health,307-752-0756,"371 Coffeen Avenue, Sheridan, WY, 82801, USA",371 Coffeen Avenue,,Sheridan,WY,82801,USA,Active,Shopify App,44.7921567,-106.9498701,2025-10-18T00:03:15.000Z,2025-10-18T00:03:15.000Z
68f2d9456e538285870be44d,gid://shopify/Metaobject/153573556544,Gianna Flaaten,gianna-flaaten,408-515-3212,"20401 Santa Maria , Suite B, Castro Valley, CA, 94546, USA",20401 Santa Maria ,Suite B,Castro Valley,CA,94546,USA,Active,Shopify App,37.6968736,-122.0785907,2025-10-18T00:03:16.000Z,2025-10-18T00:03:16.000Z
68f2d9466e538285870be44e,gid://shopify/Metaobject/153573589312,Laura Davis Aesthetics,laura-davis-aesthetics,512.757.3101,"166 Hargraves Dr. , Unit B500, Austin, TX, 78737, USA",166 Hargraves Dr. ,Unit B500,Austin,TX,78737,USA,Active,Shopify App,30.2054301,-97.9784019,2025-10-18T00:03:16.000Z,2025-10-18T00:03:16.000Z
68f2d9466e538285870be44f,gid://shopify/Metaobject/153573654848,Aust Interventional Pain,aust-interventional-pain,985-377-1884,"1375 Corporate Square Drive, Slidell, LA, 70458, USA",1375 Corporate Square Drive,,Slidell,LA,70458,USA,Active,Shopify App,30.2825847,-89.7575179,2025-10-18T00:03:17.000Z,2025-10-18T00:03:17.000Z
68f2d9466e538285870be450,gid://shopify/Metaobject/153573622080,Ritual Med Boutique,ritual-med-boutique,319-310-8144,"5500 fountains Dr NE, , suite 105,, Cedar Rapids, IA, 52411, USA","5500 fountains Dr NE, ","suite 105,",Cedar Rapids,IA,52411,USA,Active,Shopify App,42.03325479999999,-91.6989273,2025-10-18T00:03:17.000Z,2025-10-18T00:03:17.000Z
68f2d9476e538285870be451,gid://shopify/Metaobject/153573687616,California Vein Specialists,california-vein-specialists,9495159377,"180 Newport Center Dr. , Ste. 120, Newport Beach, CA, 92660, USA",180 Newport Center Dr. ,Ste. 120,Newport Beach,CA,92660,USA,Active,Shopify App,33.6108219,-117.8753701,2025-10-18T00:03:17.000Z,2025-10-18T00:03:17.000Z
68f2d9486e538285870be452,gid://shopify/Metaobject/153573720384,Derm Authority,derm-authority,559-804-5655,"3501 S. Mooney Blvd, , Unit 130, Visalia, CA, 93277, USA","3501 S. Mooney Blvd, ",Unit 130,Visalia,CA,93277,USA,Active,Shopify App,36.3004967,-119.315778,2025-10-18T00:03:18.000Z,2025-10-18T00:03:18.000Z
68f2d9486e538285870be453,gid://shopify/Metaobject/153573753152,Kohler Water Spa - Burr Ridge,kohler-water-spa-burr-ridge,630-323-7674,"775 Village Center Drive, Burr Ridge, Burr Ridge, 60527, USA",775 Village Center Drive,,Burr Ridge,Burr Ridge,60527,USA,Active,Shopify App,41.7539938,-87.91244929999999,2025-10-18T00:03:18.000Z,2025-10-18T00:03:18.000Z
68f2d9486e538285870be454,gid://shopify/Metaobject/153573785920,Kohler Water Spa - Lincoln Park,kohler-water-spa-lincoln-park,312-245-9129,"2358 North Lincoln Avenue, Chicago, IL, 60614, USA",2358 North Lincoln Avenue,,Chicago,IL,60614,USA,Active,Shopify App,41.92487879999999,-87.64814679999999,2025-10-18T00:03:18.000Z,2025-10-18T00:03:18.000Z
68f2d9496e538285870be455,gid://shopify/Metaobject/153573818688,Kohler Waters Spa - Kohler,kohler-waters-spa-kohler,920-917-5123,"501 Highland Drive, Kohler, WI, 53044-1516, USA",501 Highland Drive,,Kohler,WI,53044-1516,USA,Active,Shopify App,43.7416235,-87.7802533,2025-10-18T00:03:19.000Z,2025-10-18T00:03:19.000Z
68f2d9496e538285870be456,gid://shopify/Metaobject/153573851456,Laser Legacy Medispa,laser-legacy-medispa,(208) 684-2112,"745 West Bridge , Suite H, Blackfoot, ID, 83221, USA",745 West Bridge ,Suite H,Blackfoot,ID,83221,USA,Active,Shopify App,43.1932204,-112.3525032,2025-10-18T00:03:19.000Z,2025-10-18T00:03:19.000Z
68f2d94a6e538285870be457,gid://shopify/Metaobject/153573916992,Six 8 Collective Costa Mesa,six-8-collective-costa-mesa,(657) 900-2050,"765 Baker Street,  Unit F, Costa Mesa, CA, 92626, USA",765 Baker Street, Unit F,Costa Mesa,CA,92626,USA,Active,Shopify App,33.679817,-117.8889146,2025-10-18T00:03:20.000Z,2025-10-18T00:03:20.000Z
68f2d94a6e538285870be458,gid://shopify/Metaobject/153573884224,Sea Glass Med Spa,sea-glass-med-spa,949-648-7964,"833 Dover Drive, , Ste. 15, Newport Beach, CA, 92663, USA","833 Dover Drive, ",Ste. 15,Newport Beach,CA,92663,USA,Active,Shopify App,33.6235203,-117.9063631,2025-10-18T00:03:20.000Z,2025-10-18T00:03:20.000Z
68f2d94a6e538285870be459,gid://shopify/Metaobject/153573949760,The Regenerative & Joint Clinic + Aesthetics,the-regenerative-and-joint-clinic-aesthetics,208-237-3749,"333 N 18th Avenue,  Suite D1, Pocatello, ID, 83201, USA",333 N 18th Avenue, Suite D1,Pocatello,ID,83201,USA,Active,Shopify App,42.8765845,-112.4328124,2025-10-18T00:03:20.000Z,2025-10-18T00:03:20.000Z
68f2d94b6e538285870be45a,gid://shopify/Metaobject/153573982528,Upper Valley Retreat & Medical Spa,upper-valley-retreat-and-medical-spa,208-851-2266,"135 E Main Street, RIgby, ID, 83442, USA",135 E Main Street,,RIgby,ID,83442,USA,Active,Shopify App,43.672514,-111.9139586,2025-10-18T00:03:21.000Z,2025-10-18T00:03:21.000Z
68f2d94b6e538285870be45b,gid://shopify/Metaobject/153574015296,Charity's Medical Aesthetics,charitys-medical-aesthetics,(480) 745-4638,"36600 N Pima Rd , Suite 104B, Carefree, AZ, 85377, USA",36600 N Pima Rd ,Suite 104B,Carefree,AZ,85377,USA,Active,Shopify App,33.8170264,-111.8920613,2025-10-18T00:03:21.000Z,2025-10-18T00:03:21.000Z
68f2d94b6e538285870be45c,gid://shopify/Metaobject/153574048064,Elysium Aesthetics and Vein Care,elysium-aesthetics-and-vein-care,201-734-3907,"1 Sears Drive, Unit 406, Paramus, NJ, 07652, USA",1 Sears Drive,Unit 406,Paramus,NJ,07652,USA,Active,Shopify App,40.954113,-74.07180079999999,2025-10-18T00:03:21.000Z,2025-11-11T03:04:07.000Z
68f2d94c6e538285870be45d,gid://shopify/Metaobject/153574080832,Just Love Studios,just-love-studios,702.265.5504,"1912 Straight Line Pike, Richmond, IN, 47374, USA",1912 Straight Line Pike,,Richmond,IN,47374,USA,Active,Shopify App,39.8010649,-84.89037909999999,2025-10-18T00:03:22.000Z,2025-10-18T00:03:22.000Z
68f2d94c6e538285870be45e,gid://shopify/Metaobject/153574113600,NM Aesthetics + Wellness,nm-aesthetics-wellness,571-310-3223,"4201 Wilson Blvd. , Suite 250, Arlington, VA, 22203, USA",4201 Wilson Blvd. ,Suite 250,Arlington,VA,22203,USA,Active,Shopify App,38.8803253,-77.11057989999999,2025-10-18T00:03:22.000Z,2025-10-18T00:03:22.000Z
68f2d94c6e538285870be45f,gid://shopify/Metaobject/153574146368,Rev Skin and Wellness,rev-skin-and-wellness,720.384.5245,"999 South Logan Street, , Suite 200, Denver, CO, 80209, USA","999 South Logan Street, ",Suite 200,Denver,CO,80209,USA,Active,Shopify App,39.6984675,-104.9831525,2025-10-18T00:03:23.000Z,2025-10-18T00:03:23.000Z
68f2d94d6e538285870be460,gid://shopify/Metaobject/153574179136,Cheng Plastic Surgery,cheng-plastic-surgery,408-255-3223,"12945 Saratoga Ave, Saratoga, CA, 95070, USA",12945 Saratoga Ave,,Saratoga,CA,95070,USA,Active,Shopify App,37.2807284,-122.0039569,2025-10-18T00:03:23.000Z,2025-10-18T00:03:23.000Z
68f2d94d6e538285870be461,gid://shopify/Metaobject/153574211904,BLUE DIVINE AESTHETICS,blue-divine-aesthetics,(404) 467-4232,"107 West Paces Ferr Rd NW, Atlanta, GA, 30305, USA",107 West Paces Ferr Rd NW,,Atlanta,GA,30305,USA,Active,Shopify App,33.8417171,-84.383859,2025-10-18T00:03:23.000Z,2025-10-18T00:03:23.000Z
68f2d94e6e538285870be462,gid://shopify/Metaobject/153574244672,Haus of Aesthetics - SLC,haus-of-aesthetics-slc,801-997-8199,"705 E 900 S , Suite 100, Salt Lake City, UT, 84105, USA",705 E 900 S ,Suite 100,Salt Lake City,UT,84105,USA,Active,Shopify App,40.7499882,-111.8706738,2025-10-18T00:03:24.000Z,2025-10-22T00:13:38.000Z
68f2d94e6e538285870be463,gid://shopify/Metaobject/153574277440,Prime MD Aesthetics + Wellness,prime-md-aesthetics-wellness,1-423-430-8323,"121 N Commerce St. , Suite 100, Johnson City, TN, 37604, USA",121 N Commerce St. ,Suite 100,Johnson City,TN,37604,USA,Active,Shopify App,36.317597,-82.3533392,2025-10-18T00:03:24.000Z,2025-10-18T00:03:24.000Z
68f2d94e6e538285870be464,gid://shopify/Metaobject/153574310208,Relax and Revive MedSpa,relax-and-revive-medspa,540-252-0154,"181 Reliance Woods Drive, Middletown, VA, 22645, USA",181 Reliance Woods Drive,,Middletown,VA,22645,USA,Active,Shopify App,38.9835144,-78.2028363,2025-10-18T00:03:25.000Z,2025-10-18T00:03:25.000Z
68f2d94f6e538285870be465,gid://shopify/Metaobject/153574342976,Simply Med Spa,simply-med-spa,719-733-9209,"1155 Kelly Johnson Blvd , #111, Colorado Springs, CO, 80920, USA",1155 Kelly Johnson Blvd ,#111,Colorado Springs,CO,80920,USA,Active,Shopify App,38.9472947,-104.8091339,2025-10-18T00:03:25.000Z,2025-10-18T00:03:25.000Z
68f2d94f6e538285870be466,gid://shopify/Metaobject/153574375744,Sunday Skin Aesthetics + Wellness,sunday-skin-aesthetics-wellness,701-577-0311,"311 Main Street, Williston, ND, 58801, USA",311 Main Street,,Williston,ND,58801,USA,Active,Shopify App,48.1470589,-103.6221208,2025-10-18T00:03:25.000Z,2025-10-18T00:03:25.000Z
68f2d94f6e538285870be467,gid://shopify/Metaobject/153574408512,Khrom Dermatology & Aesthetics,khrom-dermatology-aesthetics,347-705-4370,"2797 Ocean Pkwy , Floor 2, Brooklyn, NY, 11235, USA",2797 Ocean Pkwy ,Floor 2,Brooklyn,NY,11235,USA,Active,Shopify App,40.58144799999999,-73.9667031,2025-10-18T00:03:26.000Z,2025-10-31T18:50:38.000Z
68f2d9506e538285870be468,gid://shopify/Metaobject/153574474048,Post Hotel,post-hotel,509-548-7678,"309 8th St, Leavenworth, WA, 98826, USA",309 8th St,,Leavenworth,WA,98826,USA,Active,Shopify App,47.5938708,-120.6619329,2025-10-18T00:03:27.000Z,2025-10-18T00:03:27.000Z
68f2d9506e538285870be469,gid://shopify/Metaobject/153574441280,Skin Fuzion,skin-fuzion,702-280-2284,"11201 S Eastern Ave , #120, Henderson, NV, 89052, USA",11201 S Eastern Ave ,#120,Henderson,NV,89052,USA,Active,Shopify App,35.9885904,-115.1015813,2025-10-18T00:03:26.000Z,2025-10-18T00:03:26.000Z
68f2d9516e538285870be46a,gid://shopify/Metaobject/153574506816,Aiyana Atelier,aiyana-atelier,571-312-5658,"112 S Fayette St, Alexandria, VA, 22314, USA",112 S Fayette St,,Alexandria,VA,22314,USA,Active,Shopify App,38.8052352,-77.05228199999999,2025-10-18T00:03:27.000Z,2025-10-18T00:03:27.000Z
68f2d9526e538285870be46c,gid://shopify/Metaobject/153574572352,Taut Haute Skin Clinic,taut-haute-skin-clinic,480-455-9391,"8060 E. Gelding Dr. , Suite 101, Scottsdale, AZ, 85260, USA",8060 E. Gelding Dr. ,Suite 101,Scottsdale,AZ,85260,USA,Active,Shopify App,33.616415,-111.906669,2025-10-18T00:03:28.000Z,2025-10-18T00:03:28.000Z
68f2d9526e538285870be46e,gid://shopify/Metaobject/153574637888,SKIN I.D. Aesthetics,skin-id-aesthetics,5617279640,"11380 Prosperity Farms Rd , Bldg C Suite 110A, Palm Beach Gardens, FL, 33410, USA",11380 Prosperity Farms Rd ,Bldg C Suite 110A,Palm Beach Gardens,FL,33410,USA,Active,Shopify App,26.8423583,-80.0715214,2025-10-18T00:03:29.000Z,2025-10-18T00:03:29.000Z
68f2d9536e538285870be46f,gid://shopify/Metaobject/153574670656,Skin Like Myne Aesthetics,skin-like-myne-aesthetics,4322362345,"705 W Wadley , #24, midland, TX, 79705, USA",705 W Wadley ,#24,midland,TX,79705,USA,Active,Shopify App,32.0278083,-102.0888078,2025-10-18T00:03:29.000Z,2025-10-18T00:03:29.000Z
68f2d9536e538285870be470,gid://shopify/Metaobject/153574703424,AvaMD,avamd,3108439915,"9915 S. Santa Monica Blvd., Beverly Hills, CA, 90212, USA",9915 S. Santa Monica Blvd.,,Beverly Hills,CA,90212,USA,Active,Shopify App,34.0653685,-118.4122588,2025-10-18T00:03:29.000Z,2025-10-18T00:03:29.000Z
68f2d9536e538285870be471,gid://shopify/Metaobject/153574736192,Beyond Wellness and Aesthetics,beyond-wellness-and-aesthetics,2252449490,"30780 LA-16 , Suite 104/105, Denham Springs, LA, 70726, USA",30780 LA-16 ,Suite 104/105,Denham Springs,LA,70726,USA,Active,Shopify App,30.5098936,-90.95582399999999,2025-10-18T00:03:30.000Z,2025-10-18T00:03:30.000Z
68f2d9546e538285870be472,gid://shopify/Metaobject/153574768960,Michaela Snedrlova,michaela-snedrlova,7185649507,"2358 East 64th Street, Brooklyn, NY, 11234, USA",2358 East 64th Street,,Brooklyn,NY,11234,USA,Active,Shopify App,40.6119426,-73.90887630000002,2025-10-18T00:03:30.000Z,2025-10-18T00:03:30.000Z
68f2d9546e538285870be473,gid://shopify/Metaobject/153574801728,Inertia Concierge and Aesthetics Medicine,inertia-concierge-and-aesthetics-medicine,8139811644,"202 S Rome Ave , Suite 100, Tampa, FL, 33606, USA",202 S Rome Ave ,Suite 100,Tampa,FL,33606,USA,Active,Shopify App,27.9428212,-82.4765449,2025-10-18T00:03:31.000Z,2025-10-18T00:03:31.000Z
68f2d9556e538285870be474,gid://shopify/Metaobject/153574834496,Well & Being Spa at Fairmont Scottsdale Princess,well-being-spa-at-fairmont-scottsdale-princess,480-585-4848,"7575 E Princess Drive, Scottsdale, AZ, 85255, USA",7575 E Princess Drive,,Scottsdale,AZ,85255,USA,Active - Non-accruing,Shopify App,33.6451306,-111.9187136,2025-10-18T00:03:31.000Z,2025-12-03T23:28:08.000Z
68f2d9556e538285870be475,gid://shopify/Metaobject/153574867264,Frontier Dermatology-Salem,frontier-dermatology-salem,206-939-9648,"1793 13th St SE, Salem, OR, 97302, USA",1793 13th St SE,,Salem,OR,97302,USA,Active - Non-accruing,Shopify App,44.920226,-123.0296768,2025-10-18T00:03:31.000Z,2026-03-12T21:26:38.000Z
68f2d9556e538285870be476,gid://shopify/Metaobject/153574900032,It Aesthetix Medspa,it-aesthetix-medspa,732-355-3779,"331 Newman Springs Road, Building 2 - Suite 200, Red Bank, NJ, 07701, USA",331 Newman Springs Road,Building 2 - Suite 200,Red Bank,NJ,07701,USA,Active,Shopify App,40.3342037,-74.09587309999999,2025-10-18T00:03:32.000Z,2025-10-31T20:52:05.000Z
68f2d9566e538285870be477,gid://shopify/Metaobject/153574932800,Montage Palmetto Bluff,montage-palmetto-bluff,843-836-6270,"477 Mount Pelia Road, Bluffton, SC, 29910, USA",477 Mount Pelia Road,,Bluffton,SC,29910,USA,Active - Non-accruing,Shopify App,32.2038434,-80.8840726,2025-10-18T00:03:32.000Z,2025-11-13T02:50:52.000Z
68f2d9566e538285870be478,gid://shopify/Metaobject/153574998336,Estetica Wellness LV,estetica-wellness-lv,702-427-1943,"7660 West Sahara Way, Las Vegas, NV, 89117, USA",7660 West Sahara Way,,Las Vegas,NV,89117,USA,Active,Shopify App,36.1453962,-115.2581057,2025-10-18T00:03:33.000Z,2025-10-18T00:03:33.000Z
68f2d9566e538285870be479,gid://shopify/Metaobject/153574965568,Rye Wellness Center,rye-wellness-center,910-770-2287,"626 Jefferson St., Whiteville, NC, 28472, USA",626 Jefferson St.,,Whiteville,NC,28472,USA,Active,Shopify App,34.3388159,-78.6892206,2025-10-18T00:03:32.000Z,2025-10-18T00:03:32.000Z
68f2d9576e538285870be47a,gid://shopify/Metaobject/153575031104,Nextgen Health,nextgen-health,408-214-3904,"1610 Blossom Hill Road , Ste 3, San Jose, CA, 95124, USA",1610 Blossom Hill Road ,Ste 3,San Jose,CA,95124,USA,Active,Shopify App,37.23583199999999,-121.9043295,2025-10-18T00:03:33.000Z,2025-10-18T00:03:33.000Z
68f2d9576e538285870be47b,gid://shopify/Metaobject/153575063872,Elixir Aesthetics,elixir-aesthetics,813-219-1876,"2908 W Azeele St , Suite B, Tampa, FL, 33609, USA",2908 W Azeele St ,Suite B,Tampa,FL,33609,USA,Active,Shopify App,27.9408706,-82.4909496,2025-10-18T00:03:33.000Z,2025-10-18T00:03:33.000Z
68f2d9586e538285870be47c,gid://shopify/Metaobject/153575096640,MD Skin Center,md-skin-center,209-631-1111,"3351 M Street , Suite 120, Merced, CA, 95348, USA",3351 M Street ,Suite 120,Merced,CA,95348,USA,Active,Shopify App,37.3248261,-120.4787553,2025-10-18T00:03:34.000Z,2025-10-18T00:03:34.000Z
68f2d9586e538285870be47d,gid://shopify/Metaobject/153575129408,Artisan Beaute,artisan-beaute,7706372919,"3150 Roswell Rd , St1 B-1, Atlanta, GA, 30305, USA",3150 Roswell Rd ,St1 B-1,Atlanta,GA,30305,USA,Active,Shopify App,33.8407104,-84.37931019999999,2025-10-18T00:03:34.000Z,2025-10-18T00:03:34.000Z
68f2d9586e538285870be47e,gid://shopify/Metaobject/153575194944,Haus of Marin,haus-of-marin,4152547786,"29 1st St , Suite #100, Corte Madera, CA, 94925, USA",29 1st St ,Suite #100,Corte Madera,CA,94925,USA,Active,Shopify App,37.9255067,-122.5291732,2025-10-18T00:03:35.000Z,2025-10-18T00:03:35.000Z
68f2d9596e538285870be47f,gid://shopify/Metaobject/153575162176,Beauty Culture MedSpa,beauty-culture-medspa,(248) 499-9255,"2525 S Telegraph Rd. , Suite 202, Bloomfield Hills, MI, 48323, USA",2525 S Telegraph Rd. ,Suite 202,Bloomfield Hills,MI,48323,USA,Active,Shopify App,42.6036039,-83.2901495,2025-10-18T00:03:35.000Z,2025-10-18T00:03:35.000Z
68f2d9596e538285870be480,gid://shopify/Metaobject/153575227712,Iconcierge MedSpa,iconcierge-medspa,727-295-6779,"455 99th Ave Nth, St Petersburg, FL, 33702, USA",455 99th Ave Nth,,St Petersburg,FL,33702,USA,Active,Shopify App,27.8624902,-82.6401869,2025-10-18T00:03:35.000Z,2025-10-18T00:03:35.000Z
68f2d9596e538285870be481,gid://shopify/Metaobject/153575260480,Salon Bliss,salon-bliss,,"7075 Grand Ave , Suite 3c, Gurnee, IL, 60031, USA",7075 Grand Ave ,Suite 3c,Gurnee,IL,60031,USA,Active,Shopify App,42.3854586,-87.9771564,2025-10-18T00:03:36.000Z,2025-10-18T00:03:36.000Z
68f2d95a6e538285870be482,gid://shopify/Metaobject/153575326016,Skin Care by Monik,skin-care-by-monik,346-707-8543,"6615 W. Cross Creek Bend Lane , Suite 200, Fulshear, TX, 77441, USA",6615 W. Cross Creek Bend Lane ,Suite 200,Fulshear,TX,77441,USA,Active,Shopify App,29.694629,-95.8720296,2025-10-18T00:03:36.000Z,2025-10-18T00:03:36.000Z
68f2d95a6e538285870be483,gid://shopify/Metaobject/153575293248,Beauty Factory Medspa,beauty-factory-medspa,702-352-3560,"5025 Blue Diamond Rd , Ste 103, Las Vegas, NV, 89139, USA",5025 Blue Diamond Rd ,Ste 103,Las Vegas,NV,89139,USA,Active,Shopify App,36.030803,-115.2097874,2025-10-18T00:03:36.000Z,2025-10-18T00:03:36.000Z
68f2d95b6e538285870be484,gid://shopify/Metaobject/153575358784,AMET,amet,515-720-1107,"207 East Street, Buda, TX, 78610, USA",207 East Street,,Buda,TX,78610,USA,Active,Shopify App,30.0786818,-97.8426458,2025-10-18T00:03:37.000Z,2025-10-18T00:03:37.000Z
68f2d95b6e538285870be485,gid://shopify/Metaobject/153575391552,Clarity Health and Aesthetics,clarity-health-and-aesthetics,(816) 203-1431,"8350 N St Clair Ave , Suite 220, Kansas City, MO, 64151, USA",8350 N St Clair Ave ,Suite 220,Kansas City,MO,64151,USA,Active,Shopify App,39.2455052,-94.6491518,2025-10-18T00:03:37.000Z,2025-10-18T00:03:37.000Z
68f2d95b6e538285870be486,gid://shopify/Metaobject/153575424320,Source Medical Aesthetics,source-medical-aesthetics,732-275-8228,"1032 Rt 34, Matawan, NJ, 07747, USA",1032 Rt 34,,Matawan,NJ,07747,USA,Active,Shopify App,40.4021177,-74.2305208,2025-10-18T00:03:37.000Z,2026-01-22T20:26:11.000Z
68f2d95c6e538285870be487,gid://shopify/Metaobject/153575457088,"Brian S. Biesman, M.D.",brian-s-biesman-md,6153291110,"345 23rd Ave N, , # 416, Nashville, TN, 37203, USA","345 23rd Ave N, ",# 416,Nashville,TN,37203,USA,Active,Shopify App,36.1547388,-86.8096002,2025-10-18T00:03:38.000Z,2025-10-18T00:03:38.000Z
68f2d95c6e538285870be488,gid://shopify/Metaobject/153575489856,Brighter Smiles Med Spa,brighter-smiles-med-spa,5413427483,"390 Coburg Rd , # A, Eugene, OR, 97401, USA",390 Coburg Rd ,# A,Eugene,OR,97401,USA,Active,Shopify App,44.0668502,-123.0733148,2025-10-18T00:03:38.000Z,2025-10-18T00:03:38.000Z
68f2d95c6e538285870be489,gid://shopify/Metaobject/153575522624,R&R Aesthetics + Wellness,rr-aesthetics-wellness,817-688-5756,"6440 Rendon Bloodworth Rd, Fort Worth, TX, 76140, USA",6440 Rendon Bloodworth Rd,,Fort Worth,TX,76140,USA,Active,Shopify App,32.5758548,-97.2221869,2025-10-18T00:03:39.000Z,2025-11-13T02:59:40.000Z
68f2d95d6e538285870be48a,gid://shopify/Metaobject/153575555392,Camille Fields - Restorative Skin Therapy,camille-fields-restorative-skin-therapy,818-212-8780,"13201 Ventura Blvd, Studio City, CA, 91604, USA",13201 Ventura Blvd,,Studio City,CA,91604,USA,Active,Shopify App,34.146395,-118.4199519,2025-10-18T00:03:39.000Z,2025-10-18T00:03:39.000Z
68f2d95d6e538285870be48b,gid://shopify/Metaobject/153575588160,GS Service Group LTD,gs-service-group-ltd,+974 3999 7211,"Marina 50, , 16/F,, Lusail City,, Doha, 00000, QA","Marina 50, ","16/F,","Lusail City,",Doha,00000,QA,Active,Shopify App,25.3845691,51.5250807,2025-10-18T00:03:39.000Z,2025-10-18T00:03:39.000Z
68f2d95e6e538285870be48c,gid://shopify/Metaobject/153575620928,Las Vegas Dermatology,las-vegas-dermatology,(702) 456-3120,"653 N TOWN CENTER DR , STE 414, LAS VEGAS, NV, 89144-0518, USA",653 N TOWN CENTER DR ,STE 414,LAS VEGAS,NV,89144-0518,USA,Active,Shopify App,36.1806954,-115.3156785,2025-10-18T00:03:40.000Z,2025-10-18T00:03:40.000Z
68f2d95e6e538285870be48d,gid://shopify/Metaobject/153575653696,Lunaxy Beauty,lunaxy-beauty,9094966315,"440 Salem Dr., Big Bear City, CA, 92314, USA",440 Salem Dr.,,Big Bear City,CA,92314,USA,Active,Shopify App,34.2551177,-116.8576221,2025-10-18T00:03:40.000Z,2025-10-18T00:03:40.000Z
68f2d95e6e538285870be48e,gid://shopify/Metaobject/153575686464,Luxe Forté Med Spa,luxe-forte-med-spa,310-460-9676,"36 Steele St , #100, Denver, CO, 80206, USA",36 Steele St ,#100,Denver,CO,80206,USA,Active,Shopify App,39.7168928,-104.949607,2025-10-18T00:03:40.000Z,2025-10-18T00:03:40.000Z
68f2d95f6e538285870be48f,gid://shopify/Metaobject/153575719232,Nu Med Spa Encino,nu-med-spa-encino,818.387.6332,"17207 Ventura Blvd., Encino, CA, 91316, USA",17207 Ventura Blvd.,,Encino,CA,91316,USA,Active,Shopify App,34.1607767,-118.5079868,2025-10-18T00:03:41.000Z,2025-10-18T00:03:41.000Z
68f2d95f6e538285870be490,gid://shopify/Metaobject/153575752000,Sevā Skin,seva-skin,401-996-1011,"145 6th Ave, 7th Floor, New York, NY, 10013, USA","145 6th Ave, 7th Floor",,New York,NY,10013,USA,Active,Shopify App,40.7251196,-74.0049023,2025-10-18T00:03:41.000Z,2025-10-18T00:03:41.000Z
68f2d95f6e538285870be491,gid://shopify/Metaobject/153575784768,Admired Radiance,admired-radiance,8083877754,"4510 Salt Lake Blvd , #A6, Honolulu, HI, 96818, USA",4510 Salt Lake Blvd ,#A6,Honolulu,HI,96818,USA,Active,Shopify App,21.3652711,-157.9274901,2025-10-18T00:03:42.000Z,2025-10-18T00:03:42.000Z
68f2d9606e538285870be492,gid://shopify/Metaobject/153575817536,Elevated Esthetics,elevated-esthetics,7576636330,"2545 Sandpiper Rd , UNIT 202, Virginia Beach, VA, 23456, USA",2545 Sandpiper Rd ,UNIT 202,Virginia Beach,VA,23456,USA,Active,Shopify App,36.7444548,-75.9452471,2025-10-18T00:03:42.000Z,2025-10-18T00:03:42.000Z
68f2d9606e538285870be493,gid://shopify/Metaobject/153575850304,Maven Made Aesthetics,maven-made-aesthetics,716-477-3501,"2350 Maple Rd , Suite 400, Studio 6, Williamsville, NY, 14221, USA",2350 Maple Rd ,"Suite 400, Studio 6",Williamsville,NY,14221,USA,Active,Shopify App,42.989842,-78.701465,2025-10-18T00:03:42.000Z,2025-10-18T00:03:42.000Z
68f2d9616e538285870be494,gid://shopify/Metaobject/153575883072,Olive & Grace Aesthetics,olive-and-grace-aesthetics,309-981-9600,"3600 Sisk Road , Suite 46, Modesto, CA, 95356, USA",3600 Sisk Road ,Suite 46,Modesto,CA,95356,USA,Active,Shopify App,37.69019309999999,-121.0604731,2025-10-18T00:03:43.000Z,2025-10-18T00:03:43.000Z
68f2d9616e538285870be495,gid://shopify/Metaobject/153575915840,Pura Vida Wellness,pura-vida-wellness,440-290-0755,"9179 Mentor Ave , # K, Mentor, OH, 44060, USA",9179 Mentor Ave ,# K,Mentor,OH,44060,USA,Active,Shopify App,41.6773605,-81.3105448,2025-10-18T00:03:43.000Z,2025-10-18T00:03:43.000Z
68f2d9626e538285870be497,gid://shopify/Metaobject/153575981376,Skin Society Hawaii,skin-society-hawaii,(808)452-5503,"1144 Koko Head Ave , #201, Honolulu, HI, 96816, USA",1144 Koko Head Ave ,#201,Honolulu,HI,96816,USA,Active,Shopify App,21.2819207,-157.798545,2025-10-18T00:03:44.000Z,2025-10-18T00:03:44.000Z
68f2d9626e538285870be498,gid://shopify/Metaobject/153576014144,Studio 28,studio-28,(949) 381-1730,"18309 Brookehurst St. , Ste. 1 & 2, Fountain Valley, CA, 92708, USA",18309 Brookehurst St. ,Ste. 1 & 2,Fountain Valley,CA,92708,USA,Active,Shopify App,33.6968739,-117.9539662,2025-10-18T00:03:44.000Z,2025-10-18T00:03:44.000Z
68f2d9626e538285870be499,gid://shopify/Metaobject/153576046912,Touch of Class,touch-of-class,(559) 467-0316,"1651 E Prosperity Ave, Tulare, CA, 93274, USA",1651 E Prosperity Ave,,Tulare,CA,93274,USA,Active,Shopify App,36.2251941,-119.3227968,2025-10-18T00:03:45.000Z,2025-10-18T00:03:45.000Z
68f2d9636e538285870be49a,gid://shopify/Metaobject/153576079680,Brightside Esthetics,brightside-esthetics,5303403523,"6060 Warner Ave , #18, Huntington Beach, CA, 92647, USA",6060 Warner Ave ,#18,Huntington Beach,CA,92647,USA,Active,Shopify App,33.7150302,-118.0231374,2025-10-18T00:03:45.000Z,2025-10-18T00:03:45.000Z
68f2d9636e538285870be49b,gid://shopify/Metaobject/153576112448,4 Great Skin Medspa,4-great-skin,248-856-9001,"39850 Van Dyke Ave., Sterling Heights, MI, 48313, USA",39850 Van Dyke Ave.,,Sterling Heights,MI,48313,USA,Active,Shopify App,42.5859923,-83.0296898,2025-10-18T00:03:45.000Z,2025-10-28T16:49:15.000Z
68f2d9646e538285870be49c,gid://shopify/Metaobject/153576145216,Marée Aesthetics & Longevity,maree-aesthetics-and-longevity,6097213806,"655 Martinsville Road - , Unit 18, Basking Ridge, NJ, 07920, USA",655 Martinsville Road - ,Unit 18,Basking Ridge,NJ,07920,USA,Active,Shopify App,40.6527207,-74.57657209999999,2025-10-18T00:03:46.000Z,2025-10-18T00:03:46.000Z
68f2d9646e538285870be49d,gid://shopify/Metaobject/153576177984,Alemi Facial Plastic Surgery,alemi-facial-plastic-surgery,5169731550,"440 Northern Boulevard , Suite 1A, Great Neck, NY, 11021, USA",440 Northern Boulevard ,Suite 1A,Great Neck,NY,11021,USA,Active,Shopify App,40.77951059999999,-73.72171999999999,2025-10-18T00:03:46.000Z,2025-10-18T00:03:46.000Z
68f2d9646e538285870be49e,gid://shopify/Metaobject/153576210752,Cabinet De Dermatologie Esthetique & Laser,cabinet-de-dermatologie-esthetique-and-laser,04.83.93.95.95,"8 Boulevard Victor Hugo, Nice, France, 06000, FR",8 Boulevard Victor Hugo,,Nice,France,06000,FR,Active,Shopify App,43.7003343,7.2660866,2025-10-18T00:03:47.000Z,2025-10-18T00:03:47.000Z
68f2d9646e538285870be49f,gid://shopify/Metaobject/153576243520,Beautilase MedSpa,beautilase-medspa,956-648-8291,"1500 S Bryan Rd, Mission, TX, 78572, USA",1500 S Bryan Rd,,Mission,TX,78572,USA,Active,Shopify App,26.1888932,-98.31454959999999,2025-10-18T00:03:47.000Z,2026-03-06T22:44:45.000Z
68f2d9656e538285870be4a0,gid://shopify/Metaobject/153576276288,LRSS LIMITED,lrss-limited,078393539,"130 Rostevor St, Hamilton Centro, Hamilton, 3204, NZ",130 Rostevor St,,Hamilton Centro,Hamilton,3204,NZ,Active,Shopify App,-37.7836651,175.2734446,2025-10-18T00:03:47.000Z,2025-10-18T00:03:47.000Z
68f2d9656e538285870be4a1,gid://shopify/Metaobject/153576309056,BLU Aesthetics,blu-aesthetics,845-235-0884,"453 Route 211 East , Suite 210, Middletown, NY, 10940, USA",453 Route 211 East ,Suite 210,Middletown,NY,10940,USA,Active,Shopify App,41.4562421,-74.38248759999999,2025-10-18T00:03:48.000Z,2025-10-31T20:46:10.000Z
68f2d9666e538285870be4a2,gid://shopify/Metaobject/153576341824,Melinda Menezes MD Inc.,melinda-menezes-md-inc,808-855-8436,"3145 A AKAHI STREET, LIHUE, HI, 96766, USA",3145 A AKAHI STREET,,LIHUE,HI,96766,USA,Active,Shopify App,21.9783911,-159.3675092,2025-10-18T00:03:48.000Z,2025-10-18T00:03:48.000Z
68f2d9676e538285870be4a4,gid://shopify/Metaobject/153576407360,The Skin Lab,the-skin-lab,346-509-7052,"2800 Kirby Dr. , Suite b224, Houston, TX, 77098, USA",2800 Kirby Dr. ,Suite b224,Houston,TX,77098,USA,Active,Shopify App,29.7408911,-95.41980629999999,2025-10-18T00:03:49.000Z,2025-10-18T00:03:49.000Z
68f2d9676e538285870be4a5,gid://shopify/Metaobject/153576440128,Auburn Dermatology,auburn-dermatology,530-888-1016,"3254 Professional Drive, Auburn, CA, 95602, USA",3254 Professional Drive,,Auburn,CA,95602,USA,Active,Shopify App,38.9433618,-121.1005877,2025-10-18T00:03:49.000Z,2025-10-18T00:03:49.000Z
68f2d9676e538285870be4a6,gid://shopify/Metaobject/153576472896,BaeSkin,baeskin,650-293-1446,"2119 Lanai Ave, San Jose, CA, 95122, USA",2119 Lanai Ave,,San Jose,CA,95122,USA,Active,Shopify App,37.3251841,-121.8336867,2025-10-18T00:03:50.000Z,2025-10-18T00:03:50.000Z
68f2d9686e538285870be4a7,gid://shopify/Metaobject/153576505664,Sculpt Aesthetics,sculpt-aesthetics,406-498-6184,"1230 N 1st, Hamilton, MT, 59840, USA",1230 N 1st,,Hamilton,MT,59840,USA,Active,Shopify App,46.2618047,-114.1569355,2025-10-18T00:03:50.000Z,2025-10-18T00:03:50.000Z
68f2d9686e538285870be4a8,gid://shopify/Metaobject/153576538432,Willows Lodge,willows-lodge,425-424-3900,"14580 NE 145th St., Woodinville, WA, 98072, USA",14580 NE 145th St.,,Woodinville,WA,98072,USA,Active,Shopify App,47.7336812,-122.1469097,2025-10-18T00:03:50.000Z,2025-10-18T00:03:50.000Z
68f2d9696e538285870be4a9,gid://shopify/Metaobject/153576571200,Kingwood Skin Essentials Med Spa,kingwood-skin-essentials-med-spa,(832) 777-6846,"350 Kingwood Medical Dr., Kingwood, TX, 77339, USA",350 Kingwood Medical Dr.,,Kingwood,TX,77339,USA,Active,Shopify App,30.047897,-95.2589543,2025-10-18T00:03:51.000Z,2025-10-18T00:03:51.000Z
68f2d9696e538285870be4aa,gid://shopify/Metaobject/153576603968,Natural State Aesthetics,natural-state-aesthetics,479-222-0983,"3766 North Investment Dr , Suite 150, Fayetteville, AR, 72703, USA",3766 North Investment Dr ,Suite 150,Fayetteville,AR,72703,USA,Active,Shopify App,36.1197424,-94.1594196,2025-10-18T00:03:51.000Z,2025-10-18T00:03:51.000Z
68f2d9696e538285870be4ab,gid://shopify/Metaobject/153576636736,Nichethetics Spa (Owned by JPNutrivida Corp),nichethetics-spa-owned-by-jpnutrivida-corp,833-815-7546,"8595 Rosecrans Ave., Paramount, CA, 90723, USA",8595 Rosecrans Ave.,,Paramount,CA,90723,USA,Active,Shopify App,33.9041616,-118.1493955,2025-10-18T00:03:51.000Z,2025-10-18T00:03:51.000Z
68f2d96a6e538285870be4ac,gid://shopify/Metaobject/153576669504,RNGlo,rnglo,6513151219,"5282 Lyngate Ct, Burke, VA, 22015, USA",5282 Lyngate Ct,,Burke,VA,22015,USA,Active,Shopify App,38.80796770000001,-77.2574037,2025-10-18T00:03:52.000Z,2025-10-18T00:03:52.000Z
68f2d96a6e538285870be4ad,gid://shopify/Metaobject/153576702272,Santa Fe Lash and Beauty Bar,santa-fe-lash-and-beauty-bar,(505)577-3480,"1012 Marquez Place , Unit 101, Santa Fe, NM, 87505, USA",1012 Marquez Place ,Unit 101,Santa Fe,NM,87505,USA,Active,Shopify App,35.6754056,-105.9507484,2025-10-18T00:03:52.000Z,2025-10-18T00:03:52.000Z
68f2d96a6e538285870be4ae,gid://shopify/Metaobject/153576735040,Bare Esthetics NY - Evelina,bare-esthetics-ny-evelina,9172545115,"105-09 Metropolitan Ave, New York, NY, 11375, USA",105-09 Metropolitan Ave,,New York,NY,11375,USA,Active,Shopify App,40.7102035,-73.84796709999999,2025-10-18T00:03:52.000Z,2025-10-18T00:03:52.000Z
68f2d96b6e538285870be4af,gid://shopify/Metaobject/153576767808,Kalon Aesthetics,kalon-aesthetics,509-833-4102,"506 S 1st , Suite C, Selah, WA, 98942, USA",506 S 1st ,Suite C,Selah,WA,98942,USA,Active,Shopify App,46.6461772,-120.5309439,2025-10-18T00:03:53.000Z,2025-10-18T00:03:53.000Z
68f2d96b6e538285870be4b0,gid://shopify/Metaobject/153576800576,Plastic Surgery of Short Hills - Dr. Ovchinsky,plastic-surgery-of-short-hills-dr-ovchinsky,973-379-0101,"1046 South Orange Ave, Short Hills, NJ, 07078, USA",1046 South Orange Ave,,Short Hills,NJ,07078,USA,Active,Shopify App,40.7563681,-74.3139843,2025-10-18T00:03:53.000Z,2025-11-11T03:04:29.000Z
68f2d96b6e538285870be4b1,gid://shopify/Metaobject/153576833344,Andress Aesthetics,andress-aesthetics,770-598-5625,"3285 North Point Pkwy, Alpharetta, GA, 30005, USA",3285 North Point Pkwy,,Alpharetta,GA,30005,USA,Active,Shopify App,34.0744389,-84.25968449999999,2025-10-18T00:03:54.000Z,2025-10-18T00:03:54.000Z
68f2d96c6e538285870be4b2,gid://shopify/Metaobject/153576866112,Blink Beauty Studio,blink-beauty-studio,6099141385,"335 E. Jimmie Leeds Road , Galloway, NJ, 08205, USA",335 E. Jimmie Leeds Road ,,Galloway,NJ,08205,USA,Active,Shopify App,39.4648233,-74.4956851,2025-10-18T00:03:54.000Z,2025-10-18T00:03:54.000Z
68f2d96c6e538285870be4b3,gid://shopify/Metaobject/153576898880,Fountain Aesthetics,fountain-aesthetics,7148817354,"391 S State College , Blvd # A, Brea, CA, 92821, USA",391 S State College ,Blvd # A,Brea,CA,92821,USA,Active,Shopify App,33.9108207,-117.8892962,2025-10-18T00:03:54.000Z,2025-10-18T00:03:54.000Z
68f2d96c6e538285870be4b4,gid://shopify/Metaobject/153576931648,Luxe Aesthetica,luxe-aesthetica,(505)-261-5287,"8311 San Pedro Dr NE , Suite 1, Albuquerque, NM, 87113, USA",8311 San Pedro Dr NE ,Suite 1,Albuquerque,NM,87113,USA,Active,Shopify App,35.1780672,-106.5780018,2025-10-18T00:03:55.000Z,2025-10-18T00:03:55.000Z
68f2d96d6e538285870be4b5,gid://shopify/Metaobject/153576964416,Utica Square Skincare,utica-square-skincare,,"1325 E35th St. , Suite B, Tulsa, OK, 74105, USA",1325 E35th St. ,Suite B,Tulsa,OK,74105,USA,Active,Shopify App,36.1136391,-95.9745774,2025-10-18T00:03:55.000Z,2025-10-18T00:03:55.000Z
68f2d96e6e538285870be4b7,gid://shopify/Metaobject/153577029952,Renew Day Spa,renew-day-spa,817 228 2425,"2116 Mistletoe Blvd, Fort Worth, TX, 76110, USA",2116 Mistletoe Blvd,,Fort Worth,TX,76110,USA,Active,Shopify App,32.7318044,-97.3497357,2025-10-18T00:03:56.000Z,2025-10-18T00:03:56.000Z
68f2d96e6e538285870be4b8,gid://shopify/Metaobject/153577062720,The Injectory,the-injectory,757-302-1030,"204 Carmichael Way, Suite 100, Chesapeake, VA, 23322, USA",204 Carmichael Way,Suite 100,Chesapeake,VA,23322,USA,Active,Shopify App,36.66051650000001,-76.2314316,2025-10-18T00:03:56.000Z,2025-10-29T19:40:19.000Z
68f2d96e6e538285870be4b9,gid://shopify/Metaobject/153577095488,Karli Jillian Esthetics LLC,karli-jillian-esthetics-llc,917-974-0125,"1 Pine West Plaza, , Suite 113, Albany, NY, 12205, USA","1 Pine West Plaza, ",Suite 113,Albany,NY,12205,USA,Active,Shopify App,42.7096733,-73.8640226,2025-10-18T00:03:57.000Z,2025-10-18T00:03:57.000Z
68f2d96f6e538285870be4ba,gid://shopify/Metaobject/153577128256,Orange Twist - McKinney,orange-twist-mckinney,214-831-8556,"8701 University Dr, , Bldg D Suite 150, McKinney, TX, 75023, USA","8701 University Dr, ",Bldg D Suite 150,McKinney,TX,75023,USA,Active - Non-accruing,Shopify App,33.2185349,-96.72949159999999,2025-10-18T00:03:57.000Z,2025-12-03T23:54:09.000Z
68f2d96f6e538285870be4bb,gid://shopify/Metaobject/153577161024,Orange Twist - Newport Beach,orange-twist-newport-beach,949-335-4661,"1634 San Miguel Drive, Newport Beach, CA, 92660, USA",1634 San Miguel Drive,,Newport Beach,CA,92660,USA,Active - Non-accruing,Shopify App,33.6113801,-117.863787,2025-10-18T00:03:57.000Z,2025-10-19T19:26:21.000Z
68f2d9706e538285870be4bc,gid://shopify/Metaobject/153577193792,Orange Twist - Santa Clara,orange-twist-santa-clara,669-255-0770,"2722 Augustine Drive, , Suite 120, Santa Clara, CA, 95054, USA","2722 Augustine Drive, ",Suite 120,Santa Clara,CA,95054,USA,Active - Non-accruing,Shopify App,37.3809542,-121.9749934,2025-10-18T00:03:58.000Z,2025-10-19T19:26:15.000Z
68f2d9706e538285870be4bd,gid://shopify/Metaobject/153577226560,Antibes Drug Store LLC,antibes-drug-store-llc,971 4 236 3080,"Sheikh Zayed Rd., Store No. 22, Near Oasis Centre, Dubai, UAE, UAE","Sheikh Zayed Rd., Store No. 22, Near Oasis Centre",,Dubai,UAE,,UAE,Active - Non-accruing,Shopify App,25.1698768,55.2413349,2025-10-18T00:03:58.000Z,2025-10-19T19:26:01.000Z
68f2d9706e538285870be4be,gid://shopify/Metaobject/153577259328,Lugn Esthetics,lugn-esthetics,(231) 357-0553,"100 E. Front Street , #204, Traverse, MI, 49684, USA",100 E. Front Street ,#204,Traverse,MI,49684,USA,Active,Shopify App,44.7639635,-85.62360269999999,2025-10-18T00:03:59.000Z,2025-10-18T00:03:59.000Z
68f2d9716e538285870be4bf,gid://shopify/Metaobject/153577292096,82 Magnolia Aesthetics & Wellness,82-magnolia-aesthetics-wellness,850-889-8982,"6867 Oak Street, Milton, FL, 32570, USA",6867 Oak Street,,Milton,FL,32570,USA,Active,Shopify App,30.6217114,-87.0364065,2025-10-18T00:03:59.000Z,2026-01-13T22:27:27.000Z
68f2d9716e538285870be4c0,gid://shopify/Metaobject/153577324864,Brendakay Beauty,brendakay-beauty,9163884182,"4148 Windsong St., Sacramento, CA, 95834, USA",4148 Windsong St.,,Sacramento,CA,95834,USA,Active,Shopify App,38.6465661,-121.5313167,2025-10-18T00:03:59.000Z,2025-10-18T00:03:59.000Z
68f2d9716e538285870be4c1,gid://shopify/Metaobject/153577357632,Brow Innovation,brow-innovation,956-437-4731,"2210 E. Expressway 83, , Suite E, Mission, TX, 78572, USA","2210 E. Expressway 83, ",Suite E,Mission,TX,78572,USA,Active,Shopify App,26.1955604,-98.2913122,2025-10-18T00:04:00.000Z,2025-10-18T00:04:00.000Z
68f2d9726e538285870be4c2,gid://shopify/Metaobject/153577390400,Element Wellness,element-wellness,4027408174,"14450 Eagle Run Dr, Omaha, NE, 68116, USA",14450 Eagle Run Dr,,Omaha,NE,68116,USA,Active,Shopify App,41.28817120000001,-96.139929,2025-10-18T00:04:00.000Z,2025-10-18T00:04:00.000Z
68f2d9726e538285870be4c3,gid://shopify/Metaobject/153577423168,Imber Medical,imber-medical,(912) 268-2103,"1620 Frederica Rd., St. Simons Island, GA, 31522, USA",1620 Frederica Rd.,,St. Simons Island,GA,31522,USA,Active,Shopify App,31.161353,-81.3876485,2025-10-18T00:04:00.000Z,2025-10-18T00:04:00.000Z
68f2d9736e538285870be4c4,gid://shopify/Metaobject/153577455936,Proactive Health Labs Encinitas,proactive-health-labs-encinitas,760-230-5808,"191 N El Camino Real , Ste 211, Encinitas, CA, 92024, USA",191 N El Camino Real ,Ste 211,Encinitas,CA,92024,USA,Active,Shopify App,33.0490293,-117.259183,2025-10-18T00:04:01.000Z,2025-10-18T00:04:01.000Z
68f2d9736e538285870be4c5,gid://shopify/Metaobject/153577488704,Voci Med Spa,voci-med-spa,7047528030,"7808-F Rea Road, Charlotte, NC, 28277, USA",7808-F Rea Road,,Charlotte,NC,28277,USA,Active,Shopify App,35.06076,-80.81509,2025-10-18T00:04:01.000Z,2025-10-18T00:04:01.000Z
68f2d9736e538285870be4c6,gid://shopify/Metaobject/153577521472,Beauté Aesthetics & Wellness,beaute-aesthetics-and-wellness,(406) 274-5402,"401 W Main Street, , Suite B, Hamilton, MT, 59840, USA","401 W Main Street, ",Suite B,Hamilton,MT,59840,USA,Active,Shopify App,46.2465607,-114.1603646,2025-10-18T00:04:01.000Z,2025-10-18T00:04:01.000Z
68f2d9736e538285870be4c7,gid://shopify/Metaobject/153577554240,Dimension Cool Aesthetics,dimension-cool-aesthetics,(864) 308-1910,"383 South Pine St, Spartanburg, SC, 29302, USA",383 South Pine St,,Spartanburg,SC,29302,USA,Active,Shopify App,34.946215,-81.91398190000001,2025-10-18T00:04:02.000Z,2025-10-18T00:04:02.000Z
68f2d9746e538285870be4c8,gid://shopify/Metaobject/153577587008,Mountain West Dermatology Aesthetics,mountain-west-dermatology-aesthetics,9706231031,"611 24 Road, Grand Junction, CO, 81505, USA",611 24 Road,,Grand Junction,CO,81505,USA,Active,Shopify App,39.0939055,-108.6086563,2025-10-18T00:04:02.000Z,2025-10-18T00:04:02.000Z
68f2d9756e538285870be4ca,gid://shopify/Metaobject/153577652544,West End Plastic Surgery,west-end-plastic-surgery,202-869-1900,"2440 M St NW , #200, Washington, DC, 20037, USA",2440 M St NW ,#200,Washington,DC,20037,USA,Active,Shopify App,38.9050033,-77.05296059999999,2025-10-18T00:04:03.000Z,2025-10-18T00:04:03.000Z
68f2d9756e538285870be4cb,gid://shopify/Metaobject/153577718080,Mountain West Plastic Surgery,mountain-west-plastic-surgery,406-609-0210,"168 Timberwolf Parkway, Kalispell, MT, 59901, USA",168 Timberwolf Parkway,,Kalispell,MT,59901,USA,Active,Shopify App,48.2383473,-114.3380862,2025-10-18T00:04:04.000Z,2025-10-18T00:04:04.000Z
68f2d9756e538285870be4cc,gid://shopify/Metaobject/153577685312,Imperial Freight Brokers / Montcalm,imperial-freight-brokers-montcalm,,"10890 NW 29th Street, Doral, FL, 33172, USA",10890 NW 29th Street,,Doral,FL,33172,USA,Active,Shopify App,25.7999699,-80.373244,2025-10-18T00:04:03.000Z,2025-10-18T00:04:03.000Z
68f2d9766e538285870be4cd,gid://shopify/Metaobject/153577750848,Savanna Boda Aesthetics,savanna-boda-aesthetics,(214) 222-5887,"2681 Macarthur Blvd , #305, Lewisville, TX, 75067, USA",2681 Macarthur Blvd ,#305,Lewisville,TX,75067,USA,Active,Shopify App,32.9977416,-96.9754033,2025-10-18T00:04:04.000Z,2025-10-18T00:04:04.000Z
68f2d9766e538285870be4cf,gid://shopify/Metaobject/153577816384,Chattanooga Head Spa,chattanooga-head-spa,423-414-1799,"1309 Panorama Drive, Suite 115, Chattanooga, TN, 37363, USA",1309 Panorama Drive,Suite 115,Chattanooga,TN,37363,USA,Active,Shopify App,35.0175519,-85.1699032,2025-10-18T00:04:05.000Z,2026-01-13T22:56:00.000Z
68f2d9776e538285870be4d0,gid://shopify/Metaobject/153577849152,Perfections Skincare & Esthetics,perfections-skincare-and-esthetics,208-589-4859,"468 Spring Meadows Dr, Idaho Falls, ID, 83404, USA",468 Spring Meadows Dr,,Idaho Falls,ID,83404,USA,Active,Shopify App,43.4449008,-112.042958,2025-10-18T00:04:05.000Z,2025-10-18T00:04:05.000Z
68f2d9776e538285870be4d1,gid://shopify/Metaobject/153577881920,321 Skin Glow,321-skin-glow,856-373-0971,"10350 Highway 242 , Suite 200, Conroe, TX, 77385, USA",10350 Highway 242 ,Suite 200,Conroe,TX,77385,USA,Active,Shopify App,30.2079674,-95.4236804,2025-10-18T00:04:05.000Z,2025-10-18T00:04:05.000Z
68f2d9786e538285870be4d2,gid://shopify/Metaobject/153577914688,AVARI Medical,avari-medical,905-808-1219,"1539 7th Ave West, Vancouver, BC, V6J 1S1, CA",1539 7th Ave West,,Vancouver,BC,V6J 1S1,CA,Active,Shopify App,49.2654851,-123.1397597,2025-10-18T00:04:06.000Z,2025-10-18T00:04:06.000Z
68f2d9786e538285870be4d3,gid://shopify/Metaobject/153577947456,Faces SkinGym,faces-skin-gym,858-289-5402,"4510 Executive Dr , #200, San Diego, CA, 92121, USA",4510 Executive Dr ,#200,San Diego,CA,92121,USA,Active,Shopify App,32.8761321,-117.2108689,2025-10-18T00:04:06.000Z,2025-12-09T01:08:23.000Z
68f2d9796e538285870be4d5,gid://shopify/Metaobject/153578012992,LAZ Skincare INC. DBA LAZ Skincare,laz-skincare-inc-dba-laz-skincare,3475065880,"32 Union Square East, , 912, NY, NY, 10003, USA","32 Union Square East, ",912,NY,NY,10003,USA,Active,Shopify App,40.7354868,-73.9892065,2025-10-18T00:04:07.000Z,2025-10-18T00:04:07.000Z
68f2d9796e538285870be4d6,gid://shopify/Metaobject/153578045760,Renew Beauty Med Spa | NorthPark Center,renew-beauty-med-spa-or-northpark-center,214 369 1600,"8687 N Central Expressway , #2220, Dallas, TX, 75225, USA",8687 N Central Expressway ,#2220,Dallas,TX,75225,USA,Active,Shopify App,32.868639,-96.77392979999999,2025-10-18T00:04:07.000Z,2025-10-18T00:04:07.000Z
68f2d9796e538285870be4d7,gid://shopify/Metaobject/153578078528,Spa Carmen,spa-carmen,949-637-6499,"167th and Quivira St, South Overland Park, KS, 66221, USA",167th and Quivira St,,South Overland Park,KS,66221,USA,Active,Shopify App,38.8231886,-94.7240247,2025-10-18T00:04:08.000Z,2025-10-23T21:59:00.000Z
68f2d97a6e538285870be4d8,gid://shopify/Metaobject/153578111296,The Skin Society,the-skin-society,512-971-7322,"2708 S. Lamar Blvd, Austin, TX, 78704, USA",2708 S. Lamar Blvd,,Austin,TX,78704,USA,Active,Shopify App,30.24499879999999,-97.7808676,2025-10-18T00:04:08.000Z,2025-10-18T00:04:08.000Z
68f2d97a6e538285870be4d9,gid://shopify/Metaobject/153578144064,Dangene,dangene,2122498172,"711 5th Avenue, 16th floor Dangene Spa, NY, NY, 10022, USA","711 5th Avenue, 16th floor Dangene Spa",,NY,NY,10022,USA,Active,Shopify App,40.761703,-73.97433319999999,2025-10-18T00:04:08.000Z,2025-10-18T00:04:08.000Z
68f2d97b6e538285870be4da,gid://shopify/Metaobject/153578176832,Epoch Dermatology - Dr. Nicole Lee,epoch-dermatology,516-506-0800,"520 Franklin Ave, Suite 211, Garden City, NY, 11530, USA",520 Franklin Ave,Suite 211,Garden City,NY,11530,USA,Active,Shopify App,40.72298370000001,-73.63344889999999,2025-10-18T00:04:09.000Z,2025-10-31T23:31:47.000Z
68f2d97b6e538285870be4db,gid://shopify/Metaobject/153578242368,Tiev Spa,tiev-spa,951-553-3669,"230 E. 17th St. , Suite 200, Costa Mesa, CA, 92627, USA",230 E. 17th St. ,Suite 200,Costa Mesa,CA,92627,USA,Active,Shopify App,33.6349476,-117.917588,2025-10-18T00:04:10.000Z,2025-10-18T00:04:10.000Z
68f2d97b6e538285870be4dc,gid://shopify/Metaobject/153578209600,Good Vibe Medical - Dr. Jennifer Volpe,good-vibe-medical-dr-jennifer-volpe,973-888-1011,"92 West Main Street, Chester, NJ, 07930, USA",92 West Main Street,,Chester,NJ,07930,USA,Active,Shopify App,40.7827942,-74.7022558,2025-10-18T00:04:09.000Z,2025-11-11T03:04:16.000Z
68f2d97c6e538285870be4dd,gid://shopify/Metaobject/153578275136,Beautiful Antiaging Med Spa,beautiful-antiaging-med-spa,(404) 402-3045,"2405 Macy Dr, Roswell, GA, 30076, USA",2405 Macy Dr,,Roswell,GA,30076,USA,Active,Shopify App,34.0488362,-84.3598942,2025-10-18T00:04:10.000Z,2025-10-18T00:04:10.000Z
68f2d97c6e538285870be4de,gid://shopify/Metaobject/153578307904,Access Aesthetics,access-aesthetics,985-960-5066,"1411 Lindberg Dr., Slidell, LA, 70458, USA",1411 Lindberg Dr.,,Slidell,LA,70458,USA,Active,Shopify App,30.2819018,-89.7532688,2025-10-18T00:04:10.000Z,2025-10-18T00:04:10.000Z
68f2d97d6e538285870be4e0,gid://shopify/Metaobject/153578373440,Coscarart Dermatology,coscarart-dermatology,504-667-3450,"1939 Hickory Ave , Suite 106, Harahan, LA, 70123, USA",1939 Hickory Ave ,Suite 106,Harahan,LA,70123,USA,Active,Shopify App,29.9672092,-90.20644399999999,2025-10-18T00:04:11.000Z,2025-10-18T00:04:11.000Z
68f2d97d6e538285870be4e1,gid://shopify/Metaobject/153578406208,DaeGlo,daeglo,631-383-7452,"132-5 Main Street, Westhampton Beach, NY, 11978, USA",132-5 Main Street,,Westhampton Beach,NY,11978,USA,Active,Shopify App,40.8104073,-72.6425118,2025-10-18T00:04:11.000Z,2025-10-18T00:04:11.000Z
68f2d97d6e538285870be4e2,gid://shopify/Metaobject/153578471744,Juniper Aesthetics,juniper-aesthetics,1-508-274-4158,"1685 Main Street, Chatham, MA, 02633, USA",1685 Main Street,,Chatham,MA,02633,USA,Active,Shopify App,41.6827371,-69.99587149999999,2025-10-18T00:04:12.000Z,2025-10-18T00:04:12.000Z
68f2d97e6e538285870be4e3,gid://shopify/Metaobject/153578438976,June Beauty Lab,june-beauty-lab,801-682-0453,"128 W Pine St, Pinedale, WY, 82941, USA",128 W Pine St,,Pinedale,WY,82941,USA,Active,Shopify App,42.8664197,-109.8632163,2025-10-18T00:04:12.000Z,2025-10-18T00:04:12.000Z
68f2d97e6e538285870be4e4,gid://shopify/Metaobject/153578504512,Larysa Vitovska,larysa-vitovska,646-339-8657,"6 Chestnut Ridge Road, Montvale, NJ, 07645, USA",6 Chestnut Ridge Road,,Montvale,NJ,07645,USA,Active,Shopify App,41.0475125,-74.0721495,2025-10-18T00:04:13.000Z,2025-10-18T00:04:13.000Z
68f2d97f6e538285870be4e7,gid://shopify/Metaobject/153578602816,Peaches + Co,peaches-co,(631) 220-0099,"35 Durbin Station Court, St. Johns, FL, 32259, USA",35 Durbin Station Court,,St. Johns,FL,32259,USA,Active,Shopify App,30.08582539999999,-81.5362463,2025-10-18T00:04:14.000Z,2025-10-18T00:04:14.000Z
68f2d9806e538285870be4e8,gid://shopify/Metaobject/153578635584,Sole + Luna Wellness,sole-luna-wellness,224-505-5990,"1015 Tower Ct, Winnetka, IL, 60093, USA",1015 Tower Ct,,Winnetka,IL,60093,USA,Active,Shopify App,42.116076,-87.742376,2025-10-18T00:04:14.000Z,2025-10-18T00:04:14.000Z
68f2d9806e538285870be4e9,gid://shopify/Metaobject/153578668352,Tawni Dillon Esthetics,tawni-dillon-esthetics,+1 (425) 345-2264,"18205 Alderwood Mall Pkwy , suite A #807, Lynnwood, WA, 98037, USA",18205 Alderwood Mall Pkwy ,suite A #807,Lynnwood,WA,98037,USA,Active,Shopify App,47.8334327,-122.2673936,2025-10-18T00:04:14.000Z,2025-10-18T00:04:14.000Z
68f2d9806e538285870be4ea,gid://shopify/Metaobject/153578701120,The Page Perfect Clinic,the-page-perfect-clinic,+17742310222,"425 Ena Rd C701, Honolulu, HI, 96815, USA",425 Ena Rd C701,,Honolulu,HI,96815,USA,Active,Shopify App,21.2862258,-157.8358039,2025-10-18T00:04:15.000Z,2025-10-18T00:04:15.000Z
68f2d9816e538285870be4eb,gid://shopify/Metaobject/153578733888,The Wellness Lab,the-wellness-lab,508-251-9533,"244 Commercial Street, Provincetown, MA, 02657, USA",244 Commercial Street,,Provincetown,MA,02657,USA,Active,Shopify App,42.0505035,-70.1880109,2025-10-18T00:04:15.000Z,2025-10-18T00:04:15.000Z
68f2d9816e538285870be4ec,gid://shopify/Metaobject/153578766656,Crafted Beauty,crafted-beauty,509-443-3594,"510 West Riverside Ave , Suite 100, Spokane, WA, 99201, USA",510 West Riverside Ave ,Suite 100,Spokane,WA,99201,USA,Active,Shopify App,47.65822319999999,-117.4201137,2025-10-18T00:04:15.000Z,2025-10-18T00:04:15.000Z
68f2d9816e538285870be4ed,gid://shopify/Metaobject/153578799424,Evolution Lash Studio & Spa,evolution-lash-studio-spa,732-921-7257,"2153 NJ-35, #5, Sea Girt, NJ, 08750, USA",2153 NJ-35,#5,Sea Girt,NJ,08750,USA,Active,Shopify App,40.139244,-74.062474,2025-10-18T00:04:16.000Z,2025-11-01T03:44:27.000Z
68f2d9826e538285870be4ee,gid://shopify/Metaobject/153578832192,Robb Facial Plastic Surgery,robb-facial-plastic-surgery,14042908274,"950 North Point Parkway, , Suite 400, Alpharetta, GA, 30005, USA","950 North Point Parkway, ",Suite 400,Alpharetta,GA,30005,USA,Active,Shopify App,34.0792746,-84.2595777,2025-10-18T00:04:16.000Z,2025-10-18T00:04:16.000Z
68f2d9826e538285870be4ef,gid://shopify/Metaobject/153578864960,WestEnd MedSpa,westend-medspa,(970) 429-8243,"220 West Main Street, , Suite 202, Aspen, CO, 81611, USA","220 West Main Street, ",Suite 202,Aspen,CO,81611,USA,Active,Shopify App,39.1920514,-106.8245011,2025-10-18T00:04:16.000Z,2025-10-18T00:04:16.000Z
68f2d9836e538285870be4f0,gid://shopify/Metaobject/153578897728,Artisan of Skin,artisan-of-skin,(424) 280-6221,"421 N Rodeo Dr , Suite A1, Beverly Hills, CA, 90210, USA",421 N Rodeo Dr ,Suite A1,Beverly Hills,CA,90210,USA,Active,Shopify App,34.0695803,-118.4038048,2025-10-18T00:04:17.000Z,2025-10-20T17:49:26.000Z
68f2d9836e538285870be4f1,gid://shopify/Metaobject/153578930496,Beauty by Tifini,beauty-by-tifini,714-244-6160,"16111 Bolsa Chica St , Suite A1, Huntington Beach, CA, 92647, USA",16111 Bolsa Chica St ,Suite A1,Huntington Beach,CA,92647,USA,Active,Shopify App,33.7281937,-118.0419537,2025-10-18T00:04:17.000Z,2025-10-18T00:04:17.000Z
68f2d9846e538285870be4f2,gid://shopify/Metaobject/153578963264,Dr. Anna Land,dr-anna-land,5852814589,"7020 BERRY FARMS CROSSING, , STE 100, FRANKLIN, TN, 37064, USA","7020 BERRY FARMS CROSSING, ",STE 100,FRANKLIN,TN,37064,USA,Active,Shopify App,35.8637258,-86.84175309999999,2025-10-18T00:04:18.000Z,2025-10-18T00:04:18.000Z
68f2d9846e538285870be4f3,gid://shopify/Metaobject/153578996032,Healthxchange Group,healthxchange-group,(720) 541-8296,"6 Hyperion Trade Park, Reading, Berkshire, RG2 0GH, UK",6 Hyperion Trade Park,,Reading,Berkshire,RG2 0GH,UK,Active,Shopify App,51.4304298,-0.9776493999999999,2025-10-18T00:04:18.000Z,2025-10-18T00:04:18.000Z
68f2d9846e538285870be4f4,gid://shopify/Metaobject/153579028800,MedLounge San Ramon,medlounge-san-ramon,925-817-8186,"181 Market PL, San Ramon, CA, 94583, USA",181 Market PL,,San Ramon,CA,94583,USA,Active,Shopify App,37.7633819,-121.9525113,2025-10-18T00:04:18.000Z,2025-10-18T00:04:18.000Z
68f2d9856e538285870be4f5,gid://shopify/Metaobject/153579061568,Regenerative Skin,regenerative-skin,214-556-2929,"1915 Mann Pkwy, Celina, TX, 75009, USA",1915 Mann Pkwy,,Celina,TX,75009,USA,Active,Shopify App,33.3235208,-96.7080494,2025-10-18T00:04:19.000Z,2025-10-18T00:04:19.000Z
68f2d9856e538285870be4f6,gid://shopify/Metaobject/153579094336,SkinBody Memphis,skinbody-memphis,9018713376,"717 S. White Station Rd., , Unit 2, Memphis, TN, 38117, USA","717 S. White Station Rd., ",Unit 2,Memphis,TN,38117,USA,Active,Shopify App,35.1110298,-89.8887755,2025-10-18T00:04:19.000Z,2025-10-18T00:04:19.000Z
68f2d9856e538285870be4f7,gid://shopify/Metaobject/153579127104,The Beauty Icon Medspa,the-beauty-icon-medspa,929-545-6251,"7244 Main Street, Flushing, NY, 11367, USA",7244 Main Street,,Flushing,NY,11367,USA,Active,Shopify App,40.725509,-73.82147909999999,2025-10-18T00:04:19.000Z,2025-10-18T00:04:19.000Z
68f2d9856e538285870be4f8,gid://shopify/Metaobject/153579159872,The Lip Loft,the-lip-loft,617-299-0440,"0 Governors Ave, , Suite 38, Medford, MA, 02155, USA","0 Governors Ave, ",Suite 38,Medford,MA,02155,USA,Active,Shopify App,42.4190641,-71.1118484,2025-10-18T00:04:20.000Z,2025-10-18T00:04:20.000Z
68f2d9866e538285870be4f9,gid://shopify/Metaobject/153579192640,Alive and Well - Austin,alive-and-well-austin,(512) 580-5775,"3944 Ranch Rd 620 S , bldg 6 ste 100, Bee Cave, TX, 78738, USA",3944 Ranch Rd 620 S ,bldg 6 ste 100,Bee Cave,TX,78738,USA,Active,Shopify App,30.3088687,-97.9473793,2025-10-18T00:04:20.000Z,2025-10-18T00:04:20.000Z
68f2d9866e538285870be4fa,gid://shopify/Metaobject/153579225408,Kate Avenali,kate-avenali,1-860-707-6099,"836 E Broadway, Milford, CT, 06460, USA",836 E Broadway,,Milford,CT,06460,USA,Active,Shopify App,41.205104,-73.062603,2025-10-18T00:04:21.000Z,2025-10-18T00:04:21.000Z
68f2d9876e538285870be4fb,gid://shopify/Metaobject/153579258176,Glo Derma Aesthetics & Wellness,glo-derma-aesthetics-wellness,267-399-3456,"204 Floral Vale Blvd, Yardley, PA, 19067, USA",204 Floral Vale Blvd,,Yardley,PA,19067,USA,Active,Shopify App,40.2189609,-74.88374329999999,2025-10-18T00:04:21.000Z,2025-10-29T17:28:06.000Z
68f2d9876e538285870be4fc,gid://shopify/Metaobject/153579290944,Greenwich Street Aesthetics,greenwich-street-aesthetics,212-245-2499,"497 Greenwich Street, Suite 8, New York, NY, 10013, USA",497 Greenwich Street,Suite 8,New York,NY,10013,USA,Active,Shopify App,40.7253596,-74.0090077,2025-10-18T00:04:21.000Z,2025-10-28T19:48:10.000Z
68f2d9876e538285870be4fd,gid://shopify/Metaobject/153579323712,Aesthetic Plastic Surgery Associates,aesthetic-plastic-surgery-associates,865-588-2570,"801 Weisgarber Road, , Suite 500, Knoxville, TN, 37909, USA","801 Weisgarber Road, ",Suite 500,Knoxville,TN,37909,USA,Active,Shopify App,35.9400042,-84.0113305,2025-10-18T00:04:22.000Z,2025-10-18T00:04:22.000Z
68f2d9886e538285870be4fe,gid://shopify/Metaobject/153579356480,Gorin Plastic Surgery & MedSpa,gorin-plastic-surgery-and-medspa,503-692-7222,"6464 SW Borland Road , Suite B1, Tualatin, OR, 97062, USA",6464 SW Borland Road ,Suite B1,Tualatin,OR,97062,USA,Active,Shopify App,45.376106,-122.7428779,2025-10-18T00:04:22.000Z,2025-10-18T00:04:22.000Z
68f2d9886e538285870be4ff,gid://shopify/Metaobject/153579389248,Opulence Glamour Skin Clinic,opulence-glamour-skin-clinic,2129207192,"7506 Metropolitan Avenue, Middle Village, NY, 11379, USA",7506 Metropolitan Avenue,,Middle Village,NY,11379,USA,Active,Shopify App,40.7128221,-73.8774449,2025-10-18T00:04:22.000Z,2025-10-18T00:04:22.000Z
68f2d9896e538285870be500,gid://shopify/Metaobject/153579422016,Refined Beauty Aesthetics,refined-beauty-aesthetics,2535696554,"27971 SR 410 E, Buckley, WA, 98321, USA",27971 SR 410 E,,Buckley,WA,98321,USA,Active,Shopify App,47.1602819,-122.0566305,2025-10-18T00:04:23.000Z,2025-10-18T00:04:23.000Z
68f2d9896e538285870be501,gid://shopify/Metaobject/153579454784,Sioux Valley Family Health,sioux-valley-family-health,(712) 229-5828,"115 E. Maple St, Cherokee, IA, 51012, USA",115 E. Maple St,,Cherokee,IA,51012,USA,Active,Shopify App,42.74858860000001,-95.55051309999999,2025-10-18T00:04:23.000Z,2025-10-18T00:04:23.000Z
68f2d9896e538285870be502,gid://shopify/Metaobject/153579487552,Skin Beautiful RX,skin-beautiful-rx,(443) 365-1977,"180 West Olentangy St. , Ste. C, Powell, OH, 43065, USA",180 West Olentangy St. ,Ste. C,Powell,OH,43065,USA,Active,Shopify App,40.1584528,-83.0814518,2025-10-18T00:04:24.000Z,2025-10-18T00:04:24.000Z
68f2d98a6e538285870be503,gid://shopify/Metaobject/153579520320,The Clean Esthetics,the-clean-esthetics,(206) 530-1317,"5335 Ballard Ave NW , #212, Seattle, WA, 98107, USA",5335 Ballard Ave NW ,#212,Seattle,WA,98107,USA,Active,Shopify App,47.66715019999999,-122.3842501,2025-10-18T00:04:24.000Z,2025-10-18T00:04:24.000Z
68f2d98a6e538285870be504,gid://shopify/Metaobject/153579553088,The Face Lab,the-face-lab,606-413-0180,"311 Main St, Williamsburg, KY, 40769, USA",311 Main St,,Williamsburg,KY,40769,USA,Active,Shopify App,36.7423998,-84.1600067,2025-10-18T00:04:24.000Z,2025-12-17T23:33:19.000Z
68f2d98a6e538285870be505,gid://shopify/Metaobject/153579585856,Your Honest Glow,your-honest-glow,6363580695,"75634 Bayley Place, Yulee, FL, 32097, USA",75634 Bayley Place,,Yulee,FL,32097,USA,Active,Shopify App,30.5977542,-81.6892415,2025-10-18T00:04:25.000Z,2025-10-18T00:04:25.000Z
68f2d98b6e538285870be506,gid://shopify/Metaobject/153579618624,Metropolis Dermatology - Brentwood,metropolis-dermatology-brentwood,424-243-7668,"11645 WIlshire Blvd , Ste 900, Los Angeles, CA, 90025, USA",11645 WIlshire Blvd ,Ste 900,Los Angeles,CA,90025,USA,Active,Shopify App,34.0502548,-118.4603285,2025-10-18T00:04:25.000Z,2025-10-18T00:04:25.000Z
68f2d98b6e538285870be507,gid://shopify/Metaobject/153579651392,Art of Skin Care,art-of-skin-care,+1 530-241-4400,"7273 14th Ave , STE 140, Sacramento, CA, 95820, USA",7273 14th Ave ,STE 140,Sacramento,CA,95820,USA,Active,Shopify App,38.5401877,-121.4189816,2025-10-18T00:04:26.000Z,2025-10-18T00:04:26.000Z
68f2d98c6e538285870be508,gid://shopify/Metaobject/153579684160,Duluth Med Spa,duluth-med-spa,2187212328,"1017 West Central Entrance, , Suite B, Duluth, MN, 55811, USA","1017 West Central Entrance, ",Suite B,Duluth,MN,55811,USA,Active,Shopify App,46.8038746,-92.1508798,2025-10-18T00:04:26.000Z,2025-10-18T00:04:26.000Z
68f2d98c6e538285870be509,gid://shopify/Metaobject/153579716928,NexGen Aesthetic Institute,nexgen-aesthetic-institute,6157070888,"1624 Westgate Cir., , Ste. 150, Brentwood, TN, 37027, USA","1624 Westgate Cir., ",Ste. 150,Brentwood,TN,37027,USA,Active,Shopify App,35.9701899,-86.80336439999999,2025-10-18T00:04:26.000Z,2025-10-18T00:04:26.000Z
68f2d98d6e538285870be50a,gid://shopify/Metaobject/153579749696,Amplified Beauty,amplified-beauty,602-405-6046,"10752 N 89th Pl , Unit C-231, Scottsdale, AZ, 85260, USA",10752 N 89th Pl ,Unit C-231,Scottsdale,AZ,85260,USA,Active,Shopify App,33.5847833,-111.8885997,2025-10-18T00:04:27.000Z,2025-10-18T00:04:27.000Z
68f2d98d6e538285870be50b,gid://shopify/Metaobject/153579815232,Salinas Valley Medical Aesthetics,salinas-valley-medical-aesthetics,831-975-4175,"30 Central Ave, Salinas, CA, 93901, USA",30 Central Ave,,Salinas,CA,93901,USA,Active,Shopify App,36.676953,-121.6569689,2025-10-18T00:04:27.000Z,2025-10-18T00:04:27.000Z
68f2d98d6e538285870be50c,gid://shopify/Metaobject/153579782464,Botanical Beauty & Co.,botanical-beauty-co,508-939-4367,"10 N Summer St, Edgartown, MA, 02539, USA",10 N Summer St,,Edgartown,MA,02539,USA,Active,Shopify App,41.3896823,-70.5123758,2025-10-18T00:04:27.000Z,2025-10-22T00:54:17.000Z
68f2d98e6e538285870be50d,gid://shopify/Metaobject/153579848000,Serene Esthetics,serene-esthetics,831-206-3253,"78 W Alisal Street, Salinas, CA, 93901, USA",78 W Alisal Street,,Salinas,CA,93901,USA,Active,Shopify App,36.6736835,-121.6565907,2025-10-18T00:04:28.000Z,2025-11-11T03:06:30.000Z
68f2d98e6e538285870be50e,gid://shopify/Metaobject/153579880768,The L.A. Facialist,the-la-facialist,310-739-9997,"441 N Bedford Dr, Beverly Hills, CA, 90210, USA",441 N Bedford Dr,,Beverly Hills,CA,90210,USA,Active,Shopify App,34.0684976,-118.4058747,2025-10-18T00:04:28.000Z,2025-10-18T00:04:28.000Z
68f2d98e6e538285870be50f,gid://shopify/Metaobject/153579913536,Art of the Arch Aesthetics,art-of-the-arch-aesthetics,973-715-5152,"221 Sherman Ave, Berkeley Heights, NJ, 07922, USA",221 Sherman Ave,,Berkeley Heights,NJ,07922,USA,Active,Shopify App,40.6835033,-74.4401699,2025-10-18T00:04:29.000Z,2025-11-01T03:33:22.000Z
68f2d98f6e538285870be510,gid://shopify/Metaobject/153579946304,Aurora Beauty Lounge,aurora-beauty-lounge,907-299-3102,"601 E Pioneer Ave , Ste 213, Homer, AK, 99603, USA",601 E Pioneer Ave ,Ste 213,Homer,AK,99603,USA,Active,Shopify App,59.64794819999999,-151.5288261,2025-10-18T00:04:29.000Z,2025-10-18T00:04:29.000Z
68f2d98f6e538285870be511,gid://shopify/Metaobject/153579979072,Evolution Medspa,evolution-medspa,201-306-4613,"240 Park Ave, Rutherford, NJ, 07071, USA",240 Park Ave,,Rutherford,NJ,07071,USA,Active,Shopify App,40.8248842,-74.11119149999999,2025-10-18T00:04:29.000Z,2025-10-18T00:04:29.000Z
68f2d9906e538285870be512,gid://shopify/Metaobject/153580011840,Facelogic Spa Upland,facelogic-spa-upland,9099490385,"1365 E 19th Street, , Ste. C, Upland, CA, 91784, USA","1365 E 19th Street, ",Ste. C,Upland,CA,91784,USA,Active,Shopify App,34.1330545,-117.6313369,2025-10-18T00:04:30.000Z,2025-10-18T00:04:30.000Z
68f2d9906e538285870be513,gid://shopify/Metaobject/153580044608,The Heights Plastic Surgery Med Spa,the-heights-plastic-surgery-med-spa,210-201-4114,"156 West Sunset Road , Suite 202, San Antonio, TX, 78209, USA",156 West Sunset Road ,Suite 202,San Antonio,TX,78209,USA,Active,Shopify App,29.5064866,-98.4685138,2025-10-18T00:04:30.000Z,2025-10-18T00:04:30.000Z
68f2d9906e538285870be514,gid://shopify/Metaobject/153580077376,Hartwater Aesthetics,hartwater-aesthetics,(469) 757-7870,"7200 W University Dr, , Ste 110, McKinney, TX, 75071, USA","7200 W University Dr, ",Ste 110,McKinney,TX,75071,USA,Active,Shopify App,33.2199873,-96.7112018,2025-10-18T00:04:30.000Z,2025-10-18T00:04:30.000Z
68f2d9906e538285870be515,gid://shopify/Metaobject/153580110144,PrimeCare Medspa,primecare-medspa,540-786-1200,"9759 Courthouse Rd, Spotsylvania Courthouse, VA, 22553, USA",9759 Courthouse Rd,,Spotsylvania Courthouse,VA,22553,USA,Active,Shopify App,38.2322529,-77.5598024,2025-10-18T00:04:31.000Z,2025-11-13T03:08:24.000Z
68f2d9916e538285870be516,gid://shopify/Metaobject/153580142912,Arlani Integrative Medicine and Med Spa,arlani-integrative-medicine-medspa,801-716-1007,"244 W Vine St , Unit 232, Murray, UT, 84107, USA",244 W Vine St ,Unit 232,Murray,UT,84107,USA,Active,Shopify App,40.6612681,-111.8984222,2025-10-18T00:04:31.000Z,2025-10-22T00:50:57.000Z
68f2d9926e538285870be517,gid://shopify/Metaobject/153580175680,Aspen Dermatology (Spring St),aspen-dermatology-spring-st,(970) 926-9226,"300 S Spring St, , Ste #103, Aspen, CO, 81611, USA","300 S Spring St, ",Ste #103,Aspen,CO,81611,USA,Active,Shopify App,39.1880763,-106.8160801,2025-10-18T00:04:32.000Z,2025-10-18T00:04:32.000Z
68f2d9926e538285870be518,gid://shopify/Metaobject/153580208448,Mays Plastic Surgery,mays-plastic-surgery,5025766918,"4111 Oechsli Ave, Louisville, KY, 40207, USA",4111 Oechsli Ave,,Louisville,KY,40207,USA,Active,Shopify App,38.254729,-85.6456347,2025-10-18T00:04:32.000Z,2025-10-18T00:04:32.000Z
68f2d9926e538285870be519,gid://shopify/Metaobject/153580241216,Sinder Haus Body & Boutique,sinder-haus-body-boutique,856-745-9620,"60 E Main St, Marlton, NJ, 08053, USA",60 E Main St,,Marlton,NJ,08053,USA,Active,Shopify App,39.8907704,-74.91759809999999,2025-10-18T00:04:32.000Z,2025-11-01T03:51:09.000Z
68f2d9926e538285870be51a,gid://shopify/Metaobject/153580273984,The Spa Face and Body,the-spa-face-and-body,812-881-5901,"1113 15th Street, Lawrenceville, IL, 62439, USA",1113 15th Street,,Lawrenceville,IL,62439,USA,Active,Shopify App,38.7252833,-87.6876441,2025-10-18T00:04:33.000Z,2025-10-18T00:04:33.000Z
68faae3454ad300f1ee42954,gid://shopify/Metaobject/154576585024,Best Aesthetics LLC,best-aesthetics-llc,434-231-5599,"2486 Rivermont Ave, Suite 203, Lynchburg, VA, 24503, USA",2486 Rivermont Ave,Suite 203,Lynchburg,VA,24503,USA,Active,Shopify Staff,37.4351516,-79.1707824,2025-10-23T22:37:38.000Z,2025-10-29T17:44:25.000Z
68fab13254ad300f1ee42955,gid://shopify/Metaobject/154577994048,Davis Cosmetic Plastic Surgery - Cherry Hill,davis-cosmetic-plastic-surgery-cherry-hill,856-424-1700,"1916 Marlton Pike, Suite 1, Cherry Hill Township, NJ, 08003, USA",1916 Marlton Pike,Suite 1,Cherry Hill Township,NJ,08003,USA,Active,Shopify Staff,39.9027989,-74.9648757,2025-10-23T22:50:24.000Z,2025-10-23T22:50:24.000Z
68fab86254ad300f1ee42956,gid://shopify/Metaobject/154582647104,Vitality Medical Aesthetics,vitality-medical-aesthetics,407-315-1089,"1318 N Mills Ave, Orlando, FL, 32803, USA",1318 N Mills Ave,,Orlando,FL,32803,USA,Active,Shopify Staff,28.562594,-81.3646754,2025-10-23T23:21:04.000Z,2025-10-23T23:21:04.000Z
68fade0c54ad300f1ee4295f,gid://shopify/Metaobject/154596475200,Skin & Sugar Co - Powell,skin-sugar-powell,614-601-1184,"16 Crossing St, Unit C, Powell, OH, 43065, USA",16 Crossing St,Unit C,Powell,OH,43065,USA,Active - Non-accruing,Shopify App,40.1579284,-83.0785903,2025-10-24T02:01:46.000Z,2025-10-24T02:01:46.000Z
68fade0c54ad300f1ee42960,gid://shopify/Metaobject/154596507968,Dra. Maria Lozada - Ozone Clinic Condesa Branch,dra-maria-lozada-ozone-clinic-condesa-branch,55-8488-9302,"Jojutla Street 53-A, Condesa Neighborhood, Cuauhtémoc, DF, CP, 6140, MEXICO",Jojutla Street 53-A,Condesa Neighborhood,"Cuauhtémoc, DF",CP,6140,MEXICO,Active - Non-accruing,Shopify App,19.412971,-99.175522,2025-10-24T02:01:46.000Z,2025-10-24T02:01:46.000Z
68fade0d54ad300f1ee42961,gid://shopify/Metaobject/154596606272,Body Preserve,body-preserve,480-452-6229,"3200 N Hayden Rd, ste 275, Scottsdale, AZ, 85251, USA",3200 N Hayden Rd,ste 275,Scottsdale,AZ,85251,USA,Active,Shopify App,33.4845402,-111.9098849,2025-10-24T02:01:47.000Z,2025-10-24T02:01:47.000Z
68fade0d54ad300f1ee42962,gid://shopify/Metaobject/154596573504,Raquel Sarfati Skin Studio,raquel-sarfati-skin-studio,55-5540-6367,"Monte Everest 635 Piso 2, Lomas de Chapultepec, Mexico City, CDMX, 11000, MEXICO",Monte Everest 635 Piso 2,Lomas de Chapultepec,Mexico City,CDMX,11000,MEXICO,Active - Non-accruing,Shopify App,19.4191984,-99.2155366,2025-10-24T02:01:47.000Z,2025-10-24T02:01:47.000Z
68fade0d54ad300f1ee42963,gid://shopify/Metaobject/154596540736,Dra. Maria Lozada - Ozone Clinic Rome Branch,dra-maria-lozada-ozone-clinic-rome-branch,55-8488-9302,"Guanajuato Street 100, Third Floor, Roma District, Cuauhtémoc, DF, CP, 6700, MEXICO","Guanajuato Street 100, Third Floor",Roma District,"Cuauhtémoc, DF",CP,6700,MEXICO,Active - Non-accruing,Shopify App,19.4168201,-99.1588262,2025-10-24T02:01:46.000Z,2025-10-24T02:01:46.000Z
68fade0d54ad300f1ee42964,gid://shopify/Metaobject/154596639040,The Pink House,the-pink-house,(850) 419-4186,"760 A Baldwin Ave, Defuniak Springs, Florida, 32435, USA",760 A Baldwin Ave,,Defuniak Springs,Florida,32435,USA,Active,Shopify App,30.720491,-86.113625,2025-10-24T02:01:47.000Z,2025-10-24T02:01:47.000Z
68fade0d54ad300f1ee42965,gid://shopify/Metaobject/154596671808,Skin Deep by Ash,skin-deep-by-ash,(916) 502-2864,"130 Diamond Creek Place, Suite 2, Roseville, CA, 95747, USA",130 Diamond Creek Place,Suite 2,Roseville,CA,95747,USA,Active,Shopify App,38.7988975,-121.3331427,2025-10-24T02:01:47.000Z,2025-10-24T02:01:47.000Z
68fade0e54ad300f1ee42966,gid://shopify/Metaobject/154596704576,Wildflower Beauty Bar - Chandler,wildflower-beauty-bar-chandler,480-662-3313,"4050 S Arizona Avenue, Suite L2, Chandler, AZ, 85248, USA",4050 S Arizona Avenue,Suite L2,Chandler,AZ,85248,USA,Active,Shopify App,33.2460198,-111.8431165,2025-10-24T02:01:48.000Z,2025-10-28T22:34:33.000Z
68fade0e54ad300f1ee42967,gid://shopify/Metaobject/154596737344,Esthetika MedSpa & Laser Center - by Ageless Las Vegas,esthetika-medspa-laser-center,702-625-5688,"2960 Sunridge Heights Pkwy, Suite 200, Henderson, NV, 89052, USA",2960 Sunridge Heights Pkwy,Suite 200,Henderson,NV,89052,USA,Active,Shopify App,35.9919888,-115.1178752,2025-10-24T02:01:48.000Z,2025-10-28T22:51:45.000Z
68fade0e54ad300f1ee42968,gid://shopify/Metaobject/154596770112,The Derm Project,the-derm-project,346-724-4041,"9010 Sienna Crossing Dr., #100, Missouri City, TX, 77459, USA",9010 Sienna Crossing Dr.,#100,Missouri City,TX,77459,USA,Active,Shopify App,29.5367738,-95.5336904,2025-10-24T02:01:48.000Z,2025-10-24T02:01:48.000Z
68fade0e54ad300f1ee42969,gid://shopify/Metaobject/154596802880,Kyraskin,kyraskin,484-763-0395,"1040 S Cedar Crest Blvd, Allentown, PA, 18103, USA",1040 S Cedar Crest Blvd,,Allentown,PA,18103,USA,Active,Shopify App,40.5736998,-75.5199133,2025-10-24T02:01:48.000Z,2025-10-29T17:12:05.000Z
68fade0e54ad300f1ee4296a,gid://shopify/Metaobject/154596835648,Element Medical Aesthetics,element-medical-aesthetics,203-594-1907,"80 Main Street, New Canaan, CT, 6840, USA",80 Main Street,,New Canaan,CT,6840,USA,Active,Shopify App,41.1481757,-73.4925616,2025-10-24T02:01:49.000Z,2025-10-24T02:01:49.000Z
68fade0f54ad300f1ee4296b,gid://shopify/Metaobject/154596901184,Lotus Wellness Aesthetics,lotus-wellness-aesthetics,678-542-5427,"175 Carnegie Pl, Fayetteville, Georgia, 30214, USA",175 Carnegie Pl,,Fayetteville,Georgia,30214,USA,Active,Shopify App,33.5075323,-84.42822509999999,2025-10-24T02:01:49.000Z,2025-10-24T02:01:49.000Z
68fade0f54ad300f1ee4296c,gid://shopify/Metaobject/154596868416,FACE Colorado,face-colorado,970-515-7878,"4395 Ledge Rock Dr, Suite 140 (BluSky Salon Suites), Johnstown, CO, 80534, USA",4395 Ledge Rock Dr,Suite 140 (BluSky Salon Suites),Johnstown,CO,80534,USA,Active,Shopify App,40.33448,-104.96803,2025-10-24T02:01:49.000Z,2025-10-29T19:20:54.000Z
68fade1054ad300f1ee4296f,gid://shopify/Metaobject/154597097792,Neuskin Esthetics,neuskin-esthetics,831-970-6319,"479 Malorie Wy, Hollister, CA, 95023, USA",479 Malorie Wy,,Hollister,CA,95023,USA,Active,Shopify App,36.8565105,-121.3563095,2025-10-24T02:01:50.000Z,2025-10-24T02:01:50.000Z
68fade1154ad300f1ee42970,gid://shopify/Metaobject/154597130560,Aizza Aesthetics LLC,aizza-aesthetics-llc,707-319-2925,"1034 Second St, Unit B, Lafayette, CA, 94549, USA",1034 Second St,Unit B,Lafayette,CA,94549,USA,Active,Shopify App,37.8938999,-122.1133447,2025-10-24T02:01:51.000Z,2025-10-24T02:01:51.000Z
68fade1a54ad300f1ee42972,gid://shopify/Metaobject/154597163328,Lifted Lounge,lifted-lounge,559-285-5769,"7940 N Maple Ave, Suite 112, Fresno, CA, 93720, USA",7940 N Maple Ave,Suite 112,Fresno,CA,93720,USA,Active,Shopify App,36.8514971,-119.7468186,2025-10-24T02:01:51.000Z,2025-10-24T02:01:51.000Z
68fade1a54ad300f1ee42974,gid://shopify/Metaobject/154597261632,Pretty Please Aesthetics - Roseville,pretty-please-aesthetics-roseville,(916) 899-4707,"1895 E Roseville Pkwy, Ste 100, Roseville, CA, 95661, USA",1895 E Roseville Pkwy,Ste 100,Roseville,CA,95661,USA,Active - Non-accruing,Shopify App,38.7322497,-121.2265696,2025-10-24T02:01:52.000Z,2025-10-24T02:01:52.000Z
68fade1a54ad300f1ee42975,gid://shopify/Metaobject/154597196096,Vanity Compound,vanity-compound,714-227-4459,"16400 Pacific Coast Hwy, Suite #100, Huntington Beach, CA, 92648, USA",16400 Pacific Coast Hwy,Suite #100,Huntington Beach,CA,92648,USA,Active,Shopify App,33.72421690000001,-118.0762392,2025-10-24T02:01:51.000Z,2025-10-24T02:01:51.000Z
68fade1a54ad300f1ee42976,gid://shopify/Metaobject/154597556544,AM Beauty HI,am-beauty-hi,808-204-4860,"3160 Waialae AVE, #220, Honolulu, HI, 96816, USA",3160 Waialae AVE,#220,Honolulu,HI,96816,USA,Active - Non-accruing,Shopify App,21.2881162,-157.8086903,2025-10-24T02:01:54.000Z,2025-10-24T02:01:54.000Z
68fade1a54ad300f1ee42978,gid://shopify/Metaobject/154597294400,Edmonds Skincare Clinic,edmonds-skin-care-clinic,425-672-1333,"21727 76th Ave W, Suite F, Edmonds, WA, 98026, USA",21727 76th Ave W,Suite F,Edmonds,WA,98026,USA,Active - Non-accruing,Shopify App,47.801886,-122.3347802,2025-10-24T02:01:52.000Z,2025-10-24T02:01:52.000Z
68fade1a54ad300f1ee42979,gid://shopify/Metaobject/154597589312,KHLAI MEDICAL,khlai-medical,808-365-4428,"120 KEAWE STREET, SUITE 204D, Hilo, HI, 96720, USA",120 KEAWE STREET,SUITE 204D,Hilo,HI,96720,USA,Active - Non-accruing,Shopify App,19.7254957,-155.0878054,2025-10-24T02:01:55.000Z,2025-10-24T02:01:55.000Z
68fade1b54ad300f1ee4297a,gid://shopify/Metaobject/154596442432,Skin & Sugar Co - Gahanna,skin-sugar-gahanna,614-601-1184,"63 Mill St, Gahanna, OH, 43230, USA",63 Mill St,,Gahanna,OH,43230,USA,Active - Non-accruing,Shopify App,40.0192793,-82.8798454,2025-10-24T02:01:46.000Z,2025-10-24T02:01:46.000Z
68fade1b54ad300f1ee4297d,gid://shopify/Metaobject/154597523776,Renew Health & Aesthetics,renew-health-aesthetics,808-650-5108,"872 Kolu St., Ste. 102, Wailuko, HI, 96793, USA",872 Kolu St.,Ste. 102,Wailuko,HI,96793,USA,Active,Shopify App,20.9032704,-156.4883646,2025-10-24T02:01:54.000Z,2025-10-24T02:01:54.000Z
68fade1b54ad300f1ee4297f,gid://shopify/Metaobject/154597491008,Sensei Health,sensei-health,808-727-8346,"75-170 Hualalai Rd, Suite 203, Kailua-Kona, HI, 96749, USA",75-170 Hualalai Rd,Suite 203,Kailua-Kona,HI,96749,USA,Active - Non-accruing,Shopify App,19.6370919,-155.9890057,2025-10-24T02:01:54.000Z,2025-10-24T02:01:54.000Z
68fade1b54ad300f1ee42980,gid://shopify/Metaobject/154597622080,Aloha Aesthetics MD LLC,aloha-aesthetics-md,808-302-1425,"3221 Waialae Ave, Ste 386, Honolulu, HI, USA",3221 Waialae Ave,Ste 386,Honolulu,HI,,USA,Active - Non-accruing,Shopify App,21.2868477,-157.8074992,2025-10-24T02:01:55.000Z,2025-10-24T02:01:55.000Z
68fade1b54ad300f1ee42981,gid://shopify/Metaobject/154597458240,Legance Esthetics,legance-esthetics,808-721-0957,"379 Kamehameha Hwy, (Beauty Room 2), Pearl City, HI, 96782, USA",379 Kamehameha Hwy,(Beauty Room 2),Pearl City,HI,96782,USA,Active - Non-accruing,Shopify App,21.3877028,-157.9564383,2025-10-24T02:01:53.000Z,2025-10-24T02:01:53.000Z
68fade1b54ad300f1ee42983,gid://shopify/Metaobject/154597065024,XUNA Aesthetics,xuna-aesthetics,707-999-3075,"785 Alamo Drive, Suite 130, Vacaville, CA, 95688, USA",785 Alamo Drive,Suite 130,Vacaville,CA,95688,USA,Active,Shopify App,38.3493572,-121.9995092,2025-10-24T02:01:50.000Z,2025-11-11T03:04:38.000Z
68fade1b54ad300f1ee4297b,gid://shopify/Metaobject/154597425472,Minimalist Skin Therapy,minimalist-skin-therapy,832-795-5032,"11619C Spring Cypress Rd, Suite #11, Tomball, TX, 77377, USA",11619C Spring Cypress Rd,Suite #11,Tomball,TX,77377,USA,Active,Shopify App,30.0116524,-95.60009830000001,2025-10-24T02:01:53.000Z,2025-10-24T02:01:53.000Z
68fade1b54ad300f1ee42984,gid://shopify/Metaobject/154598179136,Spa at the Palms,spa-at-the-palms,702-862-9382,"4321 W. Flamingo Rd, Las Vegas, NV, 89103, USA",4321 W. Flamingo Rd,,Las Vegas,NV,89103,USA,Active - Non-accruing,Shopify App,36.1140617,-115.1928992,2025-10-24T02:01:59.000Z,2025-12-03T23:21:13.000Z
68fade1b54ad300f1ee42985,gid://shopify/Metaobject/154597884224,Vita Nova Aesthetics,vita-nova-aesthetics,808-280-7239,"100 Kanoa St, Wailuku, HI, 96793, USA",100 Kanoa St,,Wailuku,HI,96793,USA,Active - Non-accruing,Shopify App,20.8871775,-156.4984666,2025-10-24T02:01:57.000Z,2025-10-24T02:01:57.000Z
68fade1b54ad300f1ee42988,gid://shopify/Metaobject/154597687616,Morning Dew Aesthetics,morning-dew-aesthetics,808-481-3811,"99-082 Kauhale St, Suite B3, Aiea, HI, 96701, USA",99-082 Kauhale St,Suite B3,Aiea,HI,96701,USA,Active - Non-accruing,Shopify App,21.3793485,-157.9315945,2025-10-24T02:01:55.000Z,2025-10-24T02:01:55.000Z
68fade1b54ad300f1ee42989,gid://shopify/Metaobject/154598080832,Wailana Day Spa,wailana-day-spa,808-478-4571,"469 Kaha St, Kailua, HI, 96734, USA",469 Kaha St,,Kailua,HI,96734,USA,Active - Non-accruing,Shopify App,21.4085224,-157.7516353,2025-10-24T02:01:58.000Z,2025-10-24T02:01:58.000Z
68fade1b54ad300f1ee4298a,gid://shopify/Metaobject/154597327168,Pacific Dermatology-Frontier Dermatology Northgate,pacific-dermatology-frontier-dermatology-northgate,360-370-1170,"11011 Meridian Ave N, #102, Seattle, WA, 98133, USA",11011 Meridian Ave N,#102,Seattle,WA,98133,USA,Active - Non-accruing,Shopify App,47.70886580000001,-122.3346312,2025-10-24T02:01:52.000Z,2025-10-24T02:01:52.000Z
68fade1b54ad300f1ee4298b,gid://shopify/Metaobject/154597753152,Beautiful You,beautiful-you-md,808-322-2544,"78-6831 Ali’i Dr., Kailua-Kona, HI, 96740, USA",78-6831 Ali’i Dr.,,Kailua-Kona,HI,96740,USA,Active - Non-accruing,Shopify App,19.5708674,-155.9617257,2025-10-24T02:01:56.000Z,2025-10-24T02:01:56.000Z
68fade1b54ad300f1ee4298c,gid://shopify/Metaobject/154598408512,Isla Bella Beach Resort & Spa,isla-bella-beach-resort-and-spa,786-652-9045,"1 Knights Key Blvd, Marathon, FL, 33050, USA",1 Knights Key Blvd,,Marathon,FL,33050,USA,Active - Non-accruing,Shopify App,24.7067295,-81.12123439999999,2025-10-24T02:02:01.000Z,2025-12-03T23:24:48.000Z
68fade1b54ad300f1ee4298d,gid://shopify/Metaobject/154598211904,Ritz-Carlton Los Angeles,ritz-carlton-los-angeles,213-743-8800,"900 W Olympic Blvd, Los Angeles, CA, 90015, USA",900 W Olympic Blvd,,Los Angeles,CA,90015,USA,Active - Non-accruing,Shopify App,34.0449684,-118.2668234,2025-10-24T02:01:59.000Z,2025-12-03T22:51:52.000Z
68fade1b54ad300f1ee42982,gid://shopify/Metaobject/154597818688,Olakino Wellness Center,olakino-wellness-center,808-977-3433,"4139 Hardy St., STE C, Lihue, HI, 96766, USA",4139 Hardy St.,STE C,Lihue,HI,96766,USA,Active - Non-accruing,Shopify App,21.9724962,-159.3641587,2025-10-24T02:01:56.000Z,2025-10-24T02:01:56.000Z
68fade1b54ad300f1ee4298e,gid://shopify/Metaobject/154598015296,Beauty Defined Hawaii,beauty-defined-hawaii,808-255-7061,"677 Ala Moana Blvd, #1011, Honolulu, HI, 96813, USA",677 Ala Moana Blvd,#1011,Honolulu,HI,96813,USA,Active - Non-accruing,Shopify App,21.2973958,-157.8622118,2025-10-24T02:01:58.000Z,2025-10-24T02:01:58.000Z
68fade1b54ad300f1ee42992,gid://shopify/Metaobject/154597785920,Restivo Plastic Surgery,restivo-plastic-surgery,808-868-3888,"100 Wailea Ike Dr., Suite 7, Wailea, HI, 96753, USA",100 Wailea Ike Dr.,Suite 7,Wailea,HI,96753,USA,Active - Non-accruing,Shopify App,20.6871752,-156.4392892,2025-10-24T02:01:56.000Z,2025-10-24T02:01:56.000Z
68fade1b54ad300f1ee42993,gid://shopify/Metaobject/154597949760,Skin by Krystin Macey LLC,skin-by-krystin-macey,(808)634-3459,"4253 Rice st., Ste. E, Lihue, HI, 96766, USA",4253 Rice st.,Ste. E,Lihue,HI,96766,USA,Active - Non-accruing,Shopify App,21.9720194,-159.3646736,2025-10-24T02:01:57.000Z,2025-10-24T02:01:57.000Z
68fade1b54ad300f1ee42994,gid://shopify/Metaobject/154597851456,The Infusion Spa,the-infusion-spa,808-688-6231,"354 Ulunui St, Suite 313B, Kailua, HI, 96734, USA",354 Ulunui St,Suite 313B,Kailua,HI,96734,USA,Active - Non-accruing,Shopify App,21.3969413,-157.7432959,2025-10-24T02:01:56.000Z,2025-10-24T02:01:56.000Z
68fade1b54ad300f1ee42995,gid://shopify/Metaobject/154597982528,Spa Halekulani,spa-halekulani,808-931-5322,"2199 Kalia Road, Honolulu, HI, 96815, USA",2199 Kalia Road,,Honolulu,HI,96815,USA,Active - Non-accruing,Shopify App,21.2782123,-157.8323843,2025-10-24T02:01:58.000Z,2025-12-03T23:18:32.000Z
68fade1b54ad300f1ee42996,gid://shopify/Metaobject/154597720384,Nursethetics Wellness and Beauty LLC,nursethetics-wellness-and-beauty,808-387-8996,"98-1256 Kaahumanu St., Suite #303, Pearl City, HI, 96782, USA",98-1256 Kaahumanu St.,Suite #303,Pearl City,HI,96782,USA,Active - Non-accruing,Shopify App,21.3891774,-157.9545591,2025-10-24T02:01:55.000Z,2025-10-24T02:01:55.000Z
68fade1b54ad300f1ee42998,gid://shopify/Metaobject/154598310208,RAKxa Wellness Spa at St Regis Aspen,rakxa-wellness-spa-at-st-regis-aspen,970-429-9650,"315 East Dean Street, Aspen, AZ, 85267, USA",315 East Dean Street,,Aspen,AZ,85267,USA,Active - Non-accruing,Shopify App,34.0489281,-111.0937311,2025-10-24T02:02:00.000Z,2025-12-03T23:20:42.000Z
68fade1b54ad300f1ee42997,gid://shopify/Metaobject/154597916992,Body RX,body-rx,808-773-2763,"92-735 Makakilo Dr., #12, Kapolei, HI, 96707, USA",92-735 Makakilo Dr.,#12,Kapolei,HI,96707,USA,Active - Non-accruing,Shopify App,21.3497776,-158.0867563,2025-10-24T02:01:57.000Z,2025-10-24T02:01:57.000Z
68fade1b54ad300f1ee42990,gid://shopify/Metaobject/154598244672,JW Marriott Camelback Inn,jw-marriott-camelback-inn,2013178365,"5402 E Lincoln Dr, Scottsdale, AZ, 85253, USA",5402 E Lincoln Dr,,Scottsdale,AZ,85253,USA,Active - Non-accruing,Shopify App,33.5373458,-111.9636699,2025-10-24T02:02:00.000Z,2025-10-24T02:02:00.000Z
68fade1b54ad300f1ee42999,gid://shopify/Metaobject/154598474048,Carneros Resort & Spa,carneros-resort-and-spa,707-299-4988,"4048 Sonoma Highway, Napa, CA, 94559, USA",4048 Sonoma Highway,,Napa,CA,94559,USA,Active - Non-accruing,Shopify App,38.2561393,-122.3341343,2025-10-24T02:02:01.000Z,2025-10-24T02:02:01.000Z
68fade1b54ad300f1ee4299c,gid://shopify/Metaobject/154598048064,Maui Beauty Skin & Lashes,maui-beauty-skin-lashes,808-298-4049,"320 Ohukai, #405, Kihei, HI, 96753, USA",320 Ohukai,#405,Kihei,HI,96753,USA,Active - Non-accruing,Shopify App,20.7737927,-156.450984,2025-10-24T02:01:58.000Z,2025-10-24T02:01:58.000Z
68fade1b54ad300f1ee4299d,gid://shopify/Metaobject/154598506816,Montage Kapalua Bay,montage-kapalua-bay,808-665-8282,"1 Bay Drive, Lahaina, HI, 96761, USA",1 Bay Drive,,Lahaina,HI,96761,USA,Active - Non-accruing,Shopify App,21.0026543,-156.6626735,2025-10-24T02:02:02.000Z,2025-12-03T23:26:45.000Z
68fade1c54ad300f1ee4299e,gid://shopify/Metaobject/154598113600,Aloha Laser Aesthetics,aloha-laser-aesthetics,808-792-3937,"1100 Ward Ave, #1000, Honolulu, HI, 96814, USA",1100 Ward Ave,#1000,Honolulu,HI,96814,USA,Active - Non-accruing,Shopify App,21.3035471,-157.8498448,2025-10-24T02:01:58.000Z,2025-10-24T02:01:58.000Z
68fade1c54ad300f1ee4299f,gid://shopify/Metaobject/154598539584,Oleksandra Spa at Treasure Island,oleksandra-spa-at-treasure-island,702-894-7474,"3300 S Las Vegas Blvd., Las Vegas, NV, 89109, USA",3300 S Las Vegas Blvd.,,Las Vegas,NV,89109,USA,Active - Non-accruing,Shopify App,36.1234574,-115.1711414,2025-10-24T02:02:02.000Z,2025-10-24T02:02:02.000Z
68fade1c54ad300f1ee429a2,gid://shopify/Metaobject/154598637888,Hyatt Regency Maui Resort & Spa,hyatt-regency-maui-resort-spa,808-463-6296,"200 Nohea Kai Drive, Lahaina, HI, 96761, USA",200 Nohea Kai Drive,,Lahaina,HI,96761,USA,Active - Non-accruing,Shopify App,20.9121994,-156.6910849,2025-10-24T02:02:03.000Z,2025-12-03T23:28:36.000Z
68fade1d54ad300f1ee429a3,gid://shopify/Metaobject/154598670656,Henderson Beach Resort,henderson-beach-resort,850-424-4400,"200 Henderson Resort Way, Destin, FL, 32541, USA",200 Henderson Resort Way,,Destin,FL,32541,USA,Active - Non-accruing,Shopify App,30.3844642,-86.43149559999999,2025-10-24T02:02:03.000Z,2025-12-03T23:29:40.000Z
68fade1d54ad300f1ee429a4,gid://shopify/Metaobject/154598703424,Pendry Natirar,pendry-natirar,908-901-9500,"400 Natirar Drive, Peapack, NJ, 7977, USA",400 Natirar Drive,,Peapack,NJ,7977,USA,Active - Non-accruing,Shopify App,40.7041189,-74.6412005,2025-10-24T02:02:03.000Z,2025-12-03T23:30:16.000Z
68fade1d54ad300f1ee429a5,gid://shopify/Metaobject/154598736192,CordeValle,cordevalle,408-695-4581,"1 Cordevalle Club Drive, San Martin, CA, 95046, USA",1 Cordevalle Club Drive,,San Martin,CA,95046,USA,Active - Non-accruing,Shopify App,37.067571,-121.6328912,2025-10-24T02:02:03.000Z,2025-10-24T02:02:03.000Z
68fade1d54ad300f1ee429a6,gid://shopify/Metaobject/154598801728,SpaWell at El Conquistador Tucson,spawell-at-el-conquistador-tucson,520-544-1957,"10000 N Oracle Rd, Tucson, AZ, 85704, USA",10000 N Oracle Rd,,Tucson,AZ,85704,USA,Active - Non-accruing,Shopify App,32.3871633,-110.9573696,2025-10-24T02:02:04.000Z,2025-12-03T23:31:56.000Z
68fade1e54ad300f1ee429a7,gid://shopify/Metaobject/154598867264,Milagro Manasquan,milagro-manasquan,732-292-4373,"1904 Atlantic Ave, Manasquan, NJ, 8736, USA",1904 Atlantic Ave,,Manasquan,NJ,8736,USA,Active - Non-accruing,Shopify App,40.1371402,-74.0756231,2025-10-24T02:02:04.000Z,2025-10-24T02:02:04.000Z
68fade1e54ad300f1ee429a8,gid://shopify/Metaobject/154598834496,Milagro Red Bank,milagro-red-bank,732-450-4400,"325 Maple Avenue, Red Bank, NJ, 7701, USA",325 Maple Avenue,,Red Bank,NJ,7701,USA,Active - Non-accruing,Shopify App,40.3408623,-74.0662713,2025-10-24T02:02:04.000Z,2025-10-24T02:02:04.000Z
68fade1f54ad300f1ee429a9,gid://shopify/Metaobject/154598932800,Auberge Resort - Solage Spa,auberge-resort-solage-spa,707-226-0821,"755 Silverado Trail N., Calistoga, CA, 94515, USA",755 Silverado Trail N.,,Calistoga,CA,94515,USA,Active - Non-accruing,Shopify App,38.5843693,-122.5708567,2025-10-24T02:02:05.000Z,2025-10-24T02:02:05.000Z
68fade1f54ad300f1ee429aa,gid://shopify/Metaobject/154598965568,Ageless Beauty and Wellness,ageless-beauty-and-wellness,480-785-0085,"8575 E Princess Drive, Suite A221, Scottsdale, AZ, 85255, USA",8575 E Princess Drive,Suite A221,Scottsdale,AZ,85255,USA,Active,Shopify App,33.6449308,-111.8938166,2025-10-24T02:02:05.000Z,2025-10-24T02:02:05.000Z
68fade2054ad300f1ee429ac,gid://shopify/Metaobject/154599031104,EmmaClaire Esthetics,emma-claire-esthetics,951-953-0379,"24977 Washington Avenue, Suite A, Murrieta, CA, 92562, USA",24977 Washington Avenue,Suite A,Murrieta,CA,92562,USA,Active,Shopify App,33.5509516,-117.2117196,2025-10-24T02:02:06.000Z,2025-12-02T18:34:48.000Z
68fade2054ad300f1ee429ae,gid://shopify/Metaobject/154599096640,Artisan Plastic Surgery,artisan-plastic-surgery,4048511998,"5670 Peachtree Dunwoody Rd Suite 820, Atlanta, GA, 303042, USA",5670 Peachtree Dunwoody Rd Suite 820,,Atlanta,GA,303042,USA,Active,Shopify App,33.9096421,-84.35280519999999,2025-10-24T02:02:06.000Z,2025-10-24T02:02:06.000Z
68fade2054ad300f1ee429af,gid://shopify/Metaobject/154599162176,Fayced Aesthetics NYC,fayced-aesthetics-nyc,(646) 347-4800,"172 E. 75th Street, New York, NY, 10021, USA",172 E. 75th Street,,New York,NY,10021,USA,Active,Shopify App,40.77202870000001,-73.96046969999999,2025-10-24T02:02:07.000Z,2025-10-24T02:02:07.000Z
68fade2054ad300f1ee429b0,gid://shopify/Metaobject/154598768960,Well & Being Spa at Hythe Vail,well-being-spa-at-hythe-vail,970-477-5670,"715 W Lionshead Circle, SPA, Vail, CO, 81657, USA","715 W Lionshead Circle, SPA",,Vail,CO,81657,USA,Active - Non-accruing,Shopify App,39.6428601,-106.3915458,2025-10-24T02:02:04.000Z,2025-12-03T23:31:07.000Z
68fade2154ad300f1ee429b1,gid://shopify/Metaobject/154599194944,Lewis Dermatology & Associates,lewis-dermatology-and-associates,212-288-6133,"120 E. 75th Street, New York, NY, 10021, USA",120 E. 75th Street,,New York,NY,10021,USA,Active,Shopify App,40.7724635,-73.9615603,2025-10-24T02:02:07.000Z,2025-11-11T03:06:15.000Z
68fade2154ad300f1ee429b2,gid://shopify/Metaobject/154598900032,Omni Barton Creek Resort & Spa,omni-barton-creek,512-306-5811,"8212 Barton Club Dr, Austin, TX, 78735, USA",8212 Barton Club Dr,,Austin,TX,78735,USA,Active - Non-accruing,Shopify App,30.2911213,-97.8581311,2025-10-24T02:02:05.000Z,2025-12-03T23:34:02.000Z
68fade2154ad300f1ee429b4,gid://shopify/Metaobject/154599227712,Ethos Med Spa (Summit location),ethos-aesthetics-wellness-summit,,"89 Summit Ave, Summit, NJ, 07901, USA",89 Summit Ave,,Summit,NJ,07901,USA,Active - Non-accruing,Shopify App,40.7174522,-74.35595769999999,2025-10-24T02:02:07.000Z,2025-11-11T03:05:10.000Z
68fade2254ad300f1ee429b6,gid://shopify/Metaobject/154599293248,Dr. German Winder,dr-german-winder,+52 222 293 7938,"C. /Tehuacan Sur 129-Consultorio A, La Paz, Heroica Puebla de Zaragoza,, Puebla, 72160, MX","C. /Tehuacan Sur 129-Consultorio A, La Paz",,"Heroica Puebla de Zaragoza,",Puebla,72160,MX,Active - Non-accruing,Shopify App,19.0532516,-98.2268442,2025-10-24T02:02:08.000Z,2025-10-24T02:02:08.000Z
68fade2254ad300f1ee429b7,gid://shopify/Metaobject/154599326016,Staci Christi Skin,staci-christi-skin,760-633-0123,"317 N. El Camino Real, Suite 102, Encinitas, CA, 92024, USA",317 N. El Camino Real,Suite 102,Encinitas,CA,92024,USA,Active,Shopify App,33.0546951,-117.2601173,2025-10-24T02:02:08.000Z,2025-10-24T02:02:08.000Z
68fade2254ad300f1ee429b8,gid://shopify/Metaobject/154599358784,Shanthala MD Laser and Aesthetic Center,shanthala-md-laser-and-aesthetic-center,(978) 854-5035,"5 Dearborn Way, Middleton, MA, 1949, USA",5 Dearborn Way,,Middleton,MA,1949,USA,Active,Shopify App,42.604316,-70.98284439999999,2025-10-24T02:02:08.000Z,2025-10-24T02:02:08.000Z
68fade2254ad300f1ee429ba,gid://shopify/Metaobject/154599424320,Peace. Love. Med.,peace-love-med,(561) 944-3481,"151 SE Mizner Boulevard, Boca Raton, FL, 33432, USA",151 SE Mizner Boulevard,,Boca Raton,FL,33432,USA,Active,Shopify App,26.3483208,-80.0842632,2025-10-24T02:02:09.000Z,2025-10-24T02:02:09.000Z
68fade2354ad300f1ee429bd,gid://shopify/Metaobject/154599489856,Botox by Meesha,botox-by-meesha,2152347957,"1420 Locust St, Suite 220, Philadelphia, PA, 19102, USA","1420 Locust St, Suite 220",,Philadelphia,PA,19102,USA,Active,Shopify App,39.9479549,-75.1658968,2025-10-24T02:02:09.000Z,2025-10-24T02:02:09.000Z
68fade2354ad300f1ee429be,gid://shopify/Metaobject/154599588160,Heartwater Aesthetics,heartwater-aesthetics,(469) 757-7870,"7200 W University Dr, Ste 110, McKinney, TX, 75071, USA",7200 W University Dr,Ste 110,McKinney,TX,75071,USA,Active,Shopify App,33.2199873,-96.7112018,2025-10-24T02:02:10.000Z,2025-10-24T02:02:10.000Z
68fade2454ad300f1ee429bf,gid://shopify/Metaobject/154599555392,Luxury Skin Bar,luxury-skin-bar,3476564550,"30-4 Hobart St, Woodside, NY, 11377, USA",30-4 Hobart St,,Woodside,NY,11377,USA,Active,Shopify App,40.7597955,-73.9066301,2025-10-24T02:02:10.000Z,2025-10-24T02:02:10.000Z
68fade2454ad300f1ee429c0,gid://shopify/Metaobject/154599620928,Le Derme Medical Skincare,le-derme-medical-skincare,+52 33 3627 3513,"Buenos Aires 2999, Providencia 4a. Secc, Guadalajara, Jalisco, Mexico, 44639, MX","Buenos Aires 2999, Providencia 4a. Secc",,"Guadalajara, Jalisco",Mexico,44639,MX,Active - Non-accruing,Shopify App,20.6967857,-103.3872572,2025-10-24T02:02:10.000Z,2025-10-24T02:02:10.000Z
68fade2454ad300f1ee429c1,gid://shopify/Metaobject/154599653696,Arch Esthetics LLC,arch-esthetics-llc,636-515-5630,"1034 S Brentwood Blvd, #754, Saint Louis, MO, 63117, USA",1034 S Brentwood Blvd,#754,Saint Louis,MO,63117,USA,Active,Shopify App,38.6359297,-90.3440978,2025-10-24T02:02:10.000Z,2025-10-24T02:02:10.000Z
68fade2554ad300f1ee429c4,gid://shopify/Metaobject/154599752000,Sunrise Health Primary Care,sunrise-health-primary-care,386-402-7994,"712 E. 3rd Ave., New Smyrna Beach, FL, 32169, USA",712 E. 3rd Ave.,,New Smyrna Beach,FL,32169,USA,Active,Shopify App,29.02904089999999,-80.8958328,2025-10-24T02:02:11.000Z,2025-10-24T02:02:11.000Z
68fade2554ad300f1ee429c5,gid://shopify/Metaobject/154599817536,Zone Clinic - Galerías Monterrey,zone-clinic-galerias-monterrey,,"Av. Insurgentes 2500, Vista Hermosa, 64620 Monterrey, Nuevo Leon, MX",Av. Insurgentes 2500,Vista Hermosa,64620 Monterrey,Nuevo Leon,,MX,Active - Non-accruing,Shopify App,25.6811354,-100.3545263,2025-10-24T02:02:12.000Z,2025-10-24T02:02:12.000Z
68fade2554ad300f1ee429c6,gid://shopify/Metaobject/154599784768,Med Hero Wellness San Clemente,med-hero-wellness-san-clemente,9492184455,"905 Calle Amanecer Ste. #115, San Clemente, CA, 92673, USA",905 Calle Amanecer Ste. #115,,San Clemente,CA,92673,USA,Active,Shopify App,33.4485354,-117.6077016,2025-10-24T02:02:11.000Z,2025-10-24T02:02:11.000Z
68fade2654ad300f1ee429c7,gid://shopify/Metaobject/154599850304,Simetris,simetris,,"Av. Gomez Morin 1105 Plaza GM3 Local 219/Piso 2 Col., Carrizalejo, San Pedro Garza Garcia, Nuevo Leon, 66254, MX",Av. Gomez Morin 1105 Plaza GM3 Local 219/Piso 2 Col.,Carrizalejo,San Pedro Garza Garcia,Nuevo Leon,66254,MX,Active - Non-accruing,Shopify App,25.6386349,-100.3614127,2025-10-24T02:02:12.000Z,2025-10-24T02:02:12.000Z
68fade2654ad300f1ee429c8,gid://shopify/Metaobject/154599883072,Ysor Institut Spa,ysor-institut-spa,,"C. Ottawa 1568, Providencia, 44630 Guadalajara, Jalisco, MX",C. Ottawa 1568,Providencia,44630 Guadalajara,Jalisco,,MX,Active - Non-accruing,Shopify App,20.7023535,-103.3784271,2025-10-24T02:02:12.000Z,2025-10-24T02:02:12.000Z
68fade2654ad300f1ee429c9,gid://shopify/Metaobject/154599948608,Honest Glow,honest-glow,(636) 358-0695,"75634 Bayley Place, Yulee, FL, 32097, USA",75634 Bayley Place,,Yulee,FL,32097,USA,Active,Shopify App,30.5977542,-81.6892415,2025-10-24T02:02:13.000Z,2025-10-24T02:02:13.000Z
68fade2754ad300f1ee429cb,gid://shopify/Metaobject/154599981376,GoddessglobyTori,goddessglobytori,(516) 491-1919,"14 Jomarr Ct, Suite #105, Massapequa, NY, 11758, USA",14 Jomarr Ct,Suite #105,Massapequa,NY,11758,USA,Active,Shopify App,40.6509497,-73.4759936,2025-10-24T02:02:13.000Z,2025-10-24T02:02:13.000Z
68fade2754ad300f1ee429cc,gid://shopify/Metaobject/154600014144,Skincuress,skincuress,9084001558,"70 Hudson Street- 3rd Floor - Suite 3E, Hoboken, NJ, 7030, USA",70 Hudson Street- 3rd Floor - Suite 3E,,Hoboken,NJ,7030,USA,Active,Shopify App,40.736151,-74.0304282,2025-10-24T02:02:13.000Z,2025-10-24T02:02:13.000Z
68fade2754ad300f1ee429cd,gid://shopify/Metaobject/154600112448,Skin Peak dba Peak Beauty,skin-peak-dba-peak-beauty,469 547 5764,"4211 Travis St., Dallas, TX, 75205, USA",4211 Travis St.,,Dallas,TX,75205,USA,Active,Shopify App,32.81763660000001,-96.7938664,2025-10-24T02:02:14.000Z,2025-10-24T02:02:14.000Z
68fade2754ad300f1ee429ce,gid://shopify/Metaobject/154600046912,The Aesthetic Studio,the-aesthetic-studio,+1 208-996-2769,"2483 E Fairview Ave Suite #101, Meridian, ID, 83642, USA",2483 E Fairview Ave Suite #101,,Meridian,ID,83642,USA,Active,Shopify App,43.6188818,-116.3634773,2025-10-24T02:02:13.000Z,2025-10-24T02:02:13.000Z
68fade2854ad300f1ee429d0,gid://shopify/Metaobject/154600145216,The Sculpting Spa,the-sculpting-spa,(931) 252-1230,"600 12th Ave S, Nashville, TN, 37203, USA",600 12th Ave S,,Nashville,TN,37203,USA,Active,Shopify App,36.1511512,-86.7837108,2025-10-24T02:02:14.000Z,2025-10-24T02:02:14.000Z
68fade2854ad300f1ee429d1,gid://shopify/Metaobject/154600177984,Studio Eleven Eleven Day Spa and Boutique,studio-eleven-eleven,(772) 453-5502,"1424 US-1 Ste A, Ste A, Sebastian, FL, 32958, USA",1424 US-1 Ste A,Ste A,Sebastian,FL,32958,USA,Active,Shopify App,27.8196691,-80.4703033,2025-10-24T02:02:14.000Z,2025-12-12T18:54:02.000Z
68fade2954ad300f1ee429d2,gid://shopify/Metaobject/154600210752,Solmira Spa,solmira-spa,385-3587813,"14501 S Valley Crest Way, Bluffdale, UT, 84065, USA",14501 S Valley Crest Way,,Bluffdale,UT,84065,USA,Active,Shopify App,40.4879207,-111.9600036,2025-10-24T02:02:15.000Z,2025-10-24T02:02:15.000Z
68fade2954ad300f1ee429d3,gid://shopify/Metaobject/154600243520,Efface Aesthetics,efface-aesthetics,3107071993,"1111 Montana Ave., Santa Monica, CA, 90403, USA",1111 Montana Ave.,,Santa Monica,CA,90403,USA,Active,Shopify App,34.030287,-118.4979376,2025-10-24T02:02:15.000Z,2025-10-24T02:02:15.000Z
68fade2954ad300f1ee429d4,gid://shopify/Metaobject/154600276288,Asana Organic Skin & Beauty,asana-organic-skin-and-beauty,8609319605,"730 Hebron Avenue, Glastonbury, CT, 6033, USA",730 Hebron Avenue,,Glastonbury,CT,6033,USA,Active,Shopify App,41.7153828,-72.58432499999999,2025-10-24T02:02:15.000Z,2025-10-24T02:02:15.000Z
68fade2954ad300f1ee429d5,gid://shopify/Metaobject/154600309056,Beaute by Dipsy,beaute-by-dipsy,6304641856,"1308 Commons Dr., Geneva, IL, 60134, USA",1308 Commons Dr.,,Geneva,IL,60134,USA,Active,Shopify App,41.8933866,-88.3412943,2025-10-24T02:02:15.000Z,2025-10-24T02:02:15.000Z
68fade2954ad300f1ee429d6,gid://shopify/Metaobject/154600374592,Medizen Health & Wellness MedSpa,medizen-health-and-wellness-medspa,858-230-6384,"5955 Mira Mesa Blvd, Suite B, San Diego, CA, 92121, USA",5955 Mira Mesa Blvd,Suite B,San Diego,CA,92121,USA,Active,Shopify App,32.90053710000001,-117.1879667,2025-10-24T02:02:16.000Z,2025-10-24T02:02:16.000Z
68fade2a54ad300f1ee429d7,gid://shopify/Metaobject/154600341824,The Skin Revival Studio,the-skin-revival-studio,5868544574,"58177 Van Dyke Ave, Washington, MI, 48094, USA",58177 Van Dyke Ave,,Washington,MI,48094,USA,Active,Shopify App,42.7226287,-83.0361546,2025-10-24T02:02:16.000Z,2025-10-24T02:02:16.000Z
68fade2a54ad300f1ee429d8,gid://shopify/Metaobject/154600407360,Dr Karen Leong,dr-karen-leong,(949) 528-4835,"1617 Westcliff Dr. 207, Newport Beach, CA, 92660, USA",1617 Westcliff Dr. 207,,Newport Beach,CA,92660,USA,Active,Shopify App,33.6257493,-117.9058139,2025-10-24T02:02:16.000Z,2025-10-24T02:02:16.000Z
68fade2a54ad300f1ee429d9,gid://shopify/Metaobject/154600440128,Allura Medical Esthetics,allura-medical-esthetics,4013098227,"13 S Angell St, Providence, RI, 2906, USA",13 S Angell St,,Providence,RI,2906,USA,Active,Shopify App,41.8298113,-71.3875908,2025-10-24T02:02:16.000Z,2025-10-24T02:02:16.000Z
68fade2a54ad300f1ee429da,gid://shopify/Metaobject/154600472896,Khrom Medspa & Wellness,khrom-medspa-wellness,7186154002,"239 Court Street, Brooklyn, NY, 11201, USA",239 Court Street,,Brooklyn,NY,11201,USA,Active,Shopify App,40.6858815,-73.99395539999999,2025-10-24T02:02:17.000Z,2025-10-31T18:50:57.000Z
68fade2b54ad300f1ee429db,gid://shopify/Metaobject/154600538432,"Health at Hand Bodywork + Esthetics, LLC",health-at-hand-bodywork-esthetics-llc,303-278-3330,"2002 Ford St. Unit B, Golden, CO, 80401, USA",2002 Ford St. Unit B,,Golden,CO,80401,USA,Active,Shopify App,39.749792,-105.2132198,2025-10-24T02:02:17.000Z,2025-10-24T02:02:17.000Z
68fade2c54ad300f1ee429e0,gid://shopify/Metaobject/154600669504,The Cupola Salon and Spa,the-cupola-salon-and-spa,(916) 562-3905,"7337 Murieta Drive, Rancho Murrieta, CA, 95683, USA",7337 Murieta Drive,,Rancho Murrieta,CA,95683,USA,Active,Shopify App,38.4933854,-121.0985222,2025-10-24T02:02:18.000Z,2025-11-21T23:09:58.000Z
68fade2c54ad300f1ee429e1,gid://shopify/Metaobject/154600702272,Wave Plastic Surgery - Arcadia,wave-plastic-surgery-arcadia,626-898-9711,"400 N Santa Anita Ave, Arcadia, CA, 91006, USA",400 N Santa Anita Ave,,Arcadia,CA,91006,USA,Active,Shopify App,34.1446103,-118.0312825,2025-10-24T02:02:18.000Z,2025-10-24T02:02:18.000Z
68fade2d54ad300f1ee429e2,gid://shopify/Metaobject/154600735040,Wave Plastic Surgery - Los Angeles,wave-plastic-surgery-los-angeles,(213) 325-1997,"3680 Wilshire Blvd 2nd FL, Los Angeles, CA, 90010, USA",3680 Wilshire Blvd 2nd FL,,Los Angeles,CA,90010,USA,Active,Shopify App,34.06141150000001,-118.306068,2025-10-24T02:02:19.000Z,2025-10-24T02:02:19.000Z
68fade2d54ad300f1ee429e3,gid://shopify/Metaobject/154600767808,Skin Solutions w/ Same Day Care,skin-solutions-w-same-day-care,(805) 868-7960,"145 S Gray St #201, Orcutt, CA, 93455, USA",145 S Gray St #201,,Orcutt,CA,93455,USA,Active,Shopify App,34.8647114,-120.4436524,2025-10-24T02:02:19.000Z,2025-10-24T02:02:19.000Z
68fade2d54ad300f1ee429e4,gid://shopify/Metaobject/154600800576,Smoothies Medical Spa,smoothies-medical-spa,(775) 560-6588,"3670 Grant Dr., Suite 101, Reno, NV, 89509-7300, USA","3670 Grant Dr., Suite 101",,Reno,NV,89509-7300,USA,Active,Shopify App,39.4890931,-119.802969,2025-10-24T02:02:19.000Z,2025-10-24T02:02:19.000Z
68fade2d54ad300f1ee429e5,gid://shopify/Metaobject/154600833344,Dermatology Institute of Southern California - SM,dermatology-institute-of-southern-california-sm,310-392-1111,"2221 Lincoln Boulevard, Suite 100, Santa Monica, CA, 90405, USA","2221 Lincoln Boulevard, Suite 100",,Santa Monica,CA,90405,USA,Active,Shopify App,34.0099471,-118.479609,2025-10-24T02:02:19.000Z,2025-10-24T02:02:19.000Z
68fade2d54ad300f1ee429e6,gid://shopify/Metaobject/154600898880,Skin Intention and Wellness,skin-intention-and-wellness,(808) 462-7467,"3660 Waialae Ave Lounge, Honolulu, HI, 96816, USA",3660 Waialae Ave Lounge,,Honolulu,HI,96816,USA,Active,Shopify App,21.2822026,-157.7973886,2025-10-24T02:02:20.000Z,2025-10-24T02:02:20.000Z
68fade2e54ad300f1ee429e7,gid://shopify/Metaobject/154600866112,Bella Derma Skin Care Solutions,bella-derma-skin-care-solutions,775-771-6999,"6135 Lakeside Drive, Suite 119, Reno, NV, 89509, USA","6135 Lakeside Drive, Suite 119",,Reno,NV,89509,USA,Active,Shopify App,39.4714331,-119.8087349,2025-10-24T02:02:20.000Z,2025-10-24T02:02:20.000Z
68fade2e54ad300f1ee429e8,gid://shopify/Metaobject/154600931648,ReNew By Bri,renew-by-bri,913-547-9822,"712 1st Terrace,, Lansing, KS, 66043, USA","712 1st Terrace,",,Lansing,KS,66043,USA,Active,Shopify App,39.239418,-94.89954589999999,2025-10-24T02:02:20.000Z,2025-10-24T02:02:20.000Z
68fade2e54ad300f1ee429e9,gid://shopify/Metaobject/154600964416,Maui Beauty Skin & Lashes,maui-beauty-skin-and-lashes,808-298-4049,"320 Ohukai #405, Kihei, HI, 96753, USA",320 Ohukai #405,,Kihei,HI,96753,USA,Active,Shopify App,20.7737927,-156.450984,2025-10-24T02:02:20.000Z,2025-10-24T02:02:20.000Z
68fade2f54ad300f1ee429ea,gid://shopify/Metaobject/154600997184,La Belle Med Spa—Madera,la-belle-med-spamadera,209-205-2899,"360 E Almond Ave Suite 103, Madera, CA, 93637, USA",360 E Almond Ave Suite 103,,Madera,CA,93637,USA,Active,Shopify App,36.9452828,-120.0526662,2025-10-24T02:02:21.000Z,2025-10-24T02:02:21.000Z
68fade2f54ad300f1ee429eb,gid://shopify/Metaobject/154601029952,Beauty Worx,beauty-worx,253-345-0000,"2201 N 30th St Suite B, Tacoma, WA, 98403, USA",2201 N 30th St Suite B,,Tacoma,WA,98403,USA,Active,Shopify App,47.275082,-122.4655718,2025-10-24T02:02:21.000Z,2025-10-24T02:02:21.000Z
68fade2f54ad300f1ee429ec,gid://shopify/Metaobject/154601062720,Hidden Oasis,hidden-oasis,307-413-1684,"480 N Main St, Thayne, WY, 83127, USA",480 N Main St,,Thayne,WY,83127,USA,Active,Shopify App,42.9222405,-111.0019312,2025-10-24T02:02:21.000Z,2025-10-24T02:02:21.000Z
68fade3054ad300f1ee429ed,gid://shopify/Metaobject/154601128256,Kimball Cosmetics,kimball-cosmetics,504-442-5353,"4037 Tchoupitoulas St, New Orleans, LA, 70115, USA",4037 Tchoupitoulas St,,New Orleans,LA,70115,USA,Active,Shopify App,29.9176875,-90.09750009999999,2025-10-24T02:02:22.000Z,2025-10-24T02:02:22.000Z
68fade3054ad300f1ee429ee,gid://shopify/Metaobject/154601095488,Claré Beauty Atelier,clare-beauty-atelier,917-860-5716,"1325 N Federal Hwy, Suite 114, Delray Beach, FL, 33483, USA",1325 N Federal Hwy,Suite 114,Delray Beach,FL,33483,USA,Active,Shopify App,26.478769,-80.0661623,2025-10-24T02:02:22.000Z,2026-01-08T21:10:58.000Z
68fade3054ad300f1ee429f0,gid://shopify/Metaobject/154601161024,Wildflower Beauty Bar - Queen Creek,wildflower-beauty-bar-queen-creek,(480)653-7034,"7215 S Power Rd Suite #110, Queen Creek, AZ, 85142, USA",7215 S Power Rd Suite #110,,Queen Creek,AZ,85142,USA,Active,Shopify App,33.2852054,-111.6844479,2025-10-24T02:02:22.000Z,2025-10-24T02:02:22.000Z
68fade3054ad300f1ee429f1,gid://shopify/Metaobject/154601226560,Plush Studios,plush-studios,406-969-2018,"1423 38th St W Suite 1, Billings, MT, 59102, USA",1423 38th St W Suite 1,,Billings,MT,59102,USA,Active,Shopify App,45.7855587,-108.6108775,2025-10-24T02:02:23.000Z,2025-10-24T02:02:23.000Z
68fade3154ad300f1ee429f2,gid://shopify/Metaobject/154601259328,The Skin Edit,the-skin-edit,7874647905,"13711 South TamiAmi Trail Suite 22, Fort Meyers, FL, 33912, USA",13711 South TamiAmi Trail Suite 22,,Fort Meyers,FL,33912,USA,Active,Shopify App,26.5433313,-81.8695578,2025-10-24T02:02:23.000Z,2025-10-24T02:02:23.000Z
68fade3154ad300f1ee429f3,gid://shopify/Metaobject/154601324864,Back to 30 - Boiling Springs,back-to-30-boiling-springs,(864) 372-3342,"2555 Boiling Springs Road, Suite C, Boiling Springs, SC, 29316, USA",2555 Boiling Springs Road,Suite C,Boiling Springs,SC,29316,USA,Active,Shopify App,35.0316601,-81.96976389999999,2025-10-24T02:02:23.000Z,2025-10-24T02:02:23.000Z
68fade3154ad300f1ee429f4,gid://shopify/Metaobject/154601292096,Back to 30 - Simpsonville,back-to-30-simpsonville,(864) 372-3345,"684 Fairview Road, Simpsonville, SC, 29680, USA",684 Fairview Road,,Simpsonville,SC,29680,USA,Active,Shopify App,34.70776310000001,-82.2581565,2025-10-24T02:02:23.000Z,2025-10-24T02:02:23.000Z
68fade3154ad300f1ee429f5,gid://shopify/Metaobject/154601357632,Back to 30 - McBee,back-to-30-mcbee,(864) 372-3341,"500 East McBee Avenue, Suite 107, Greenville, SC, 29601, USA",500 East McBee Avenue,Suite 107,Greenville,SC,29601,USA,Active,Shopify App,34.8476525,-82.39401149999999,2025-10-24T02:02:24.000Z,2025-10-24T02:02:24.000Z
68fade3254ad300f1ee429f6,gid://shopify/Metaobject/154601390400,Back to 30 - Hwy 14 Suite 2,back-to-30-hwy-14-suite-2,(864) 520-1121,"3101 South Highway 14, Greenville, SC, 92615, USA",3101 South Highway 14,,Greenville,SC,92615,USA,Active,Shopify App,34.8396057,-82.2501307,2025-10-24T02:02:24.000Z,2025-10-24T02:02:24.000Z
68fade3254ad300f1ee429f7,gid://shopify/Metaobject/154601455936,Palmer Aesthetics Tampa,palmer-aesthetics-tampa,8135020009,"13145 N Dalemabry Hwy Unit D #5, Tampa, FL, 33618, USA",13145 N Dalemabry Hwy Unit D #5,,Tampa,FL,33618,USA,Active,Shopify App,28.0626896,-82.5031377,2025-10-24T02:02:24.000Z,2025-10-24T02:02:24.000Z
68fade3254ad300f1ee429f8,gid://shopify/Metaobject/154601423168,Ayla Aesthetics,ayla-aesthetics,914-634-1692,"501 E. Boston Post Road, Mamaroneck, NY, 10543, USA",501 E. Boston Post Road,,Mamaroneck,NY,10543,USA,Active,Shopify App,40.9508377,-73.7288686,2025-10-24T02:02:24.000Z,2025-10-24T02:02:24.000Z
68fade3354ad300f1ee429fa,gid://shopify/Metaobject/154601488704,Oakhurst Skin Science,oakhurst-skin-science,(407) 408-6017,"1350 Orange Ave, Suite 226, Winter Park, FL, 32789, USA",1350 Orange Ave,Suite 226,Winter Park,FL,32789,USA,Active,Shopify App,28.5863775,-81.3637933,2025-10-24T02:02:25.000Z,2025-10-24T02:02:25.000Z
68fade3354ad300f1ee429fb,gid://shopify/Metaobject/154601554240,The Laser Loft,the-laser-loft,6144194238,"970 N Hamilton Road, Gahanna, OH, 43230, USA",970 N Hamilton Road,,Gahanna,OH,43230,USA,Active,Shopify App,40.0435754,-82.864049,2025-10-24T02:02:25.000Z,2025-10-24T02:02:25.000Z
68fade3354ad300f1ee429fc,gid://shopify/Metaobject/154601587008,Wildflower Beauty Bar - Gilbert,wildflower-beauty-bar-gilbert,(480)277-0871,"3961 E Guadalupe Rd Suite #4, Gilbert, AZ, 85234, USA",3961 E Guadalupe Rd Suite #4,,Gilbert,AZ,85234,USA,Active,Shopify App,33.3642356,-111.7059711,2025-10-24T02:02:25.000Z,2025-10-24T02:02:25.000Z
68fade3454ad300f1ee429ff,gid://shopify/Metaobject/154601685312,Soulshine Aesthetics,soulshine-aesthetics,843-310-2020,"664 Long Point Rd Unit D, Mt Pleasant, SC, 29464, USA",664 Long Point Rd Unit D,,Mt Pleasant,SC,29464,USA,Active,Shopify App,32.8393069,-79.85428399999999,2025-10-24T02:02:26.000Z,2025-10-24T02:02:26.000Z
68fade3454ad300f1ee42a00,gid://shopify/Metaobject/154601718080,The Aesthetic Clinique,the-aesthetic-clinique,(850) 343-4194,"2050 W County Hwy 30A Suite 114, Santa Rosa, FL, 32459, USA",2050 W County Hwy 30A Suite 114,,Santa Rosa,FL,32459,USA,Active,Shopify App,30.3413143,-86.20004589999999,2025-10-24T02:02:26.000Z,2025-10-24T02:02:26.000Z
68fae01354ad300f1ee42a02,gid://shopify/Metaobject/154602406208,"Alisa & Co. Skin Studio Kauai, LLC",alisa-co-skin-studio-kauai,808-278-3766," 3176 Akahi St, #102, Lihue, HI, 96766, USA", 3176 Akahi St,#102,Lihue,HI,96766,USA,Active - Non-accruing,Shopify Staff,21.9791346,-159.3668824,2025-10-24T02:10:25.000Z,2025-10-24T02:10:25.000Z
68ffdf9954ad300f1ee42a03,gid://shopify/Metaobject/155550449984,Barbara Beyond Skin,barbara-beyond-skin,714-872-7188,"500B S Brea Blvd, Brea, CA, 92821, USA",500B S Brea Blvd,,Brea,CA,92821,USA,Active,Shopify Staff,33.9128941,-117.9021267,2025-10-27T21:09:42.000Z,2025-10-27T21:16:29.000Z
68ffe23b54ad300f1ee42a04,gid://shopify/Metaobject/155552481600,Skin Perfect Medical Aesthetics - Rancho Cucamonga,skin-perfect-medical-rancho-cucamonga,909-281-9020,"10380 Foothill Blvd, Rancho Cucamonga, CA, 91730, USA",10380 Foothill Blvd,,Rancho Cucamonga,CA,91730,USA,Active,Shopify Staff,34.1068986,-117.5782911,2025-10-27T21:20:57.000Z,2025-10-27T21:20:57.000Z
68ffe5c454ad300f1ee42a05,gid://shopify/Metaobject/155554251072,BioRevive Med + Wellness Spa,biorevive-wellness-spa,949-867-7833,"1501 Westcliff Dr, #301, Newport Beach, CA, 92660, USA",1501 Westcliff Dr,#301,Newport Beach,CA,92660,USA,Active,Shopify Staff,33.6250495,-117.9048765,2025-10-27T21:36:02.000Z,2025-10-27T21:36:02.000Z
69011af854ad300f1ee42a06,gid://shopify/Metaobject/155709243712,Aesthetics Refined,aesthetics-refined,805-451-9324,"1221 State St., Suite 11, Santa Barbara, CA, 93101, USA",1221 State St.,Suite 11,Santa Barbara,CA,93101,USA,Active,Shopify Staff,34.4234672,-119.7056077,2025-10-28T19:35:17.000Z,2025-10-28T19:35:17.000Z
69025a1354ad300f1ee42a07,gid://shopify/Metaobject/155963490624,Hair Designs by Ashley,hair-designs-by-ashley,562-879-8675,"10900 Los Alamitos Blvd building 160, Suite 101, Los Alamitos, CA, 90720, USA",10900 Los Alamitos Blvd building 160,Suite 101,Los Alamitos,CA,90720,USA,Active,Shopify Staff,33.8042338,-118.0711152,2025-10-29T18:16:49.000Z,2025-10-29T18:16:49.000Z
6902809854ad300f1ee42a08,gid://shopify/Metaobject/155981218112,The Fitz Aesthetic Club - Kenilworth,the-fitz-aesthetic-club-kenilworth,312-643-1333,"636 Green Bay Rd, Kenilworth, IL, 60043, USA",636 Green Bay Rd,,Kenilworth,IL,60043,USA,Active,Shopify Staff,42.0908393,-87.7213886,2025-10-29T21:01:03.000Z,2025-10-29T21:01:03.000Z
690283b254ad300f1ee42a09,gid://shopify/Metaobject/155981906240,Boston Skin Club,boston-skin-club,781-770-9142,"144 Old Post Rd, Suite 107, Sharon, MA, 02067, USA",144 Old Post Rd,Suite 107,Sharon,MA,02067,USA,Active,Shopify Staff,42.1029589,-71.2263643,2025-10-29T21:14:24.000Z,2025-10-29T21:14:24.000Z
6902856154ad300f1ee42a0a,gid://shopify/Metaobject/155982659904,Fusion Dental & Medspa,fusion-dental-and-medspa,850-897-1100,"4550 East Hwy 20 , Suite C, Niceville, FL, 32578, USA",4550 East Hwy 20 ,Suite C,Niceville,FL,32578,USA,Active,Shopify Staff,30.48603139999999,-86.4171885,2025-10-29T21:21:35.000Z,2025-10-29T21:21:35.000Z
6902875054ad300f1ee42a0b,gid://shopify/Metaobject/155983348032,Haute Beauty Guide,haute-beauty-guide,831-747-1394,"71 Pearl St, Monterey, CA, 93940, USA",71 Pearl St,,Monterey,CA,93940,USA,Active,Shopify Staff,36.59782939999999,-121.8953736,2025-10-29T21:29:43.000Z,2025-10-29T21:29:43.000Z
69028c4b54ad300f1ee42a0c,gid://shopify/Metaobject/155985346880,Alpenglow Aesthetics Medspa,alpenglow-aesthetics-medspa,406-730-8686,"403 E Second St, #103, Whitefish, MT, 59937, USA",403 E Second St,#103,Whitefish,MT,59937,USA,Active,Shopify Staff,48.4104189,-114.3379582,2025-10-29T21:51:05.000Z,2025-10-29T21:51:05.000Z
69028f6b54ad300f1ee42a0d,gid://shopify/Metaobject/155986821440,Venus Skincare & Aesthetics,venus-skincare-aesthetics,267-888-0883,"2331 Street Road, Bensalem, PA, 19020, USA",2331 Street Road,,Bensalem,PA,19020,USA,Active,Shopify Staff,40.1049385,-74.948487,2025-10-29T22:04:25.000Z,2025-10-29T22:04:25.000Z
6902910454ad300f1ee42a0e,gid://shopify/Metaobject/155987247424,Adora Aesthetics,adora-aesthetics,240-223-3559,"12230 Clarksville Pike, Unit K, Clarksville, MD, 21029, USA",12230 Clarksville Pike,Unit K,Clarksville,MD,21029,USA,Active,Shopify Staff,39.21154629999999,-76.938469,2025-10-29T22:11:14.000Z,2025-10-29T22:11:14.000Z
6902931654ad300f1ee42a0f,gid://shopify/Metaobject/155987935552,Golden Oak Aesthetic Lounge,golden-oak-aesthetic-lounge,801-623-7164,"111 E 300 S, Spanish Fork, UT, 84660, USA",111 E 300 S,,Spanish Fork,UT,84660,USA,Active,Shopify Staff,40.1061767,-111.6526962,2025-10-29T22:20:04.000Z,2025-10-29T22:20:04.000Z
69029c6154ad300f1ee42a10,gid://shopify/Metaobject/155991179584,Chic MD - The Skin Bar,chic-md-the-skin-bar,864-412-8200,"512 Augusta Street, Suite B, Greenville, SC, 29605, USA",512 Augusta Street,Suite B,Greenville,SC,29605,USA,Active,Shopify Staff,34.8376917,-82.4065028,2025-10-29T22:59:43.000Z,2025-10-29T22:59:43.000Z
69029eba54ad300f1ee42a11,gid://shopify/Metaobject/155991933248,The Aesthetic Medicine and Anti-Aging Clinics of Louisiana,aesthetic-medicine-anti-aging-clinics-of-louisiana,225-753-1234,"8485 Bluebonnet Blvd, Baton Rouge, LA, 70810, USA",8485 Bluebonnet Blvd,,Baton Rouge,LA,70810,USA,Active,Shopify Staff,30.3725655,-91.1002862,2025-10-29T23:09:44.000Z,2025-10-29T23:09:44.000Z
6902a25b54ad300f1ee42a12,gid://shopify/Metaobject/155993243968,Annie Aesthetics,annie-aesthetics,702-608-6252,"7155 South Rainbow Blvd, Las Vegas, NV, 89118, USA",7155 South Rainbow Blvd,,Las Vegas,NV,89118,USA,Active,Shopify Staff,36.0581837,-115.2436936,2025-10-29T23:25:13.000Z,2025-10-29T23:25:13.000Z
6902a9f754ad300f1ee42a13,gid://shopify/Metaobject/155995046208,Ethos Medical Spa - Chesterfield,ethos-medspa-chesterfield,314-875-9499,"116 Chesterfield Commons E Rd, Chesterfield, MO, 63005, USA",116 Chesterfield Commons E Rd,,Chesterfield,MO,63005,USA,Active,Shopify Staff,38.6666784,-90.58140809999999,2025-10-29T23:57:41.000Z,2025-10-29T23:57:41.000Z
6903aabe54ad300f1ee42a14,gid://shopify/Metaobject/156217114944,Ethos MedSpa Chicago,ethos-medspa-chicago,464-219-0070,"213 W Institute Pl, Suite 306, Chicago, IL, 60610, USA",213 W Institute Pl,Suite 306,Chicago,IL,60610,USA,Active,Shopify Staff,41.8971697,-87.6352282,2025-10-30T18:13:16.000Z,2025-10-30T18:13:16.000Z
6903af1054ad300f1ee42a15,gid://shopify/Metaobject/156219146560,A Shot Of Aesthetics,a-shot-of-aesthetics,530-848-0200,"1115 Cottonwood St, Woodland, CA, 95695, USA",1115 Cottonwood St,,Woodland,CA,95695,USA,Active,Shopify Staff,38.66627580000001,-121.7931189,2025-10-30T18:31:42.000Z,2025-10-30T18:31:42.000Z
6903b5a854ad300f1ee42a16,gid://shopify/Metaobject/156221964608,K2 Aesthetics and Wellness,k2-aesthetics-and-wellness,435-238-7300,"1276 E George Washington Blvd., Suite 4, St George, UT, 84790, USA",1276 E George Washington Blvd.,Suite 4,St George,UT,84790,USA,Active,Shopify Staff,37.0833972,-113.5563905,2025-10-30T18:59:50.000Z,2025-10-30T18:59:50.000Z
6903c9b454ad300f1ee42a17,gid://shopify/Metaobject/156229894464,AB Aesthetics,ab-aesthetics,978-733-1726,"110 High Street, Clinton, MA, 01510, USA",110 High Street,,Clinton,MA,01510,USA,Active,Shopify Staff,42.4179937,-71.68487999999999,2025-10-30T20:25:22.000Z,2025-10-30T20:25:22.000Z
6903cbb654ad300f1ee42a18,gid://shopify/Metaobject/156230648128,Pensacola Self Care Studio,pensacola-self-care-studio,850-619-0892,"1108 N 12th Ave, Unit A, Pensacola, FL, 32501, USA",1108 N 12th Ave,Unit A,Pensacola,FL,32501,USA,Active,Shopify Staff,30.4268754,-87.2031667,2025-10-30T20:33:56.000Z,2025-10-30T20:33:56.000Z
6903cf4454ad300f1ee42a19,gid://shopify/Metaobject/156232384832,Holistx Wellness Spa,holistx-wellness-spa,586-330-4800,"58177 VanDyke Ave., Suite 103, Washington, MI, 48094, USA",58177 VanDyke Ave.,Suite 103,Washington,MI,48094,USA,Active,Shopify Staff,42.7226287,-83.0361546,2025-10-30T20:49:05.000Z,2025-11-20T20:01:45.000Z
6903df2e54ad300f1ee42a1a,gid://shopify/Metaobject/156237168960,Bee Fancy Aesthetics,bee-fancy-aesthetics,903-918-3017,"2340 Sunset Blvd., #100 Studio 23, Rocklin, CA, 95765, USA",2340 Sunset Blvd.,#100 Studio 23,Rocklin,CA,95765,USA,Active,Shopify Staff,38.7959847,-121.265863,2025-10-30T21:57:00.000Z,2025-10-30T21:57:00.000Z
6903e47454ad300f1ee42a1b,gid://shopify/Metaobject/156239298880,Spa Central,spa-central,530-758-7400,"1111 Kennedy Pl, Suite 6, Davis, CA, 95616, USA",1111 Kennedy Pl,Suite 6,Davis,CA,95616,USA,Active,Shopify Staff,38.560186,-121.7377021,2025-10-30T22:19:20.000Z,2025-10-30T22:19:20.000Z
6903ea0454ad300f1ee42a1c,gid://shopify/Metaobject/156241396032,SkinQ - Andersonville,skin-q-andersonville,312-219-3084,"1509 W Berwyn Ave, Suite 201-A, Chicago, IL, 60640, USA",1509 W Berwyn Ave,Suite 201-A,Chicago,IL,60640,USA,Active,Shopify Staff,41.9778522,-87.6686903,2025-10-30T22:43:14.000Z,2025-10-30T22:43:14.000Z
6903edfa54ad300f1ee42a1d,gid://shopify/Metaobject/156243525952,Medimorph Medspa LLC,medimorph-medspa-llc,513-991-6066,"541 Buttermilk Pike, Suite 100, Crescent Springs, KY, 41017, USA",541 Buttermilk Pike,Suite 100,Crescent Springs,KY,41017,USA,Active,Shopify Staff,39.0486705,-84.5778157,2025-10-30T23:00:08.000Z,2025-10-30T23:00:08.000Z
6903f3ce54ad300f1ee42a1e,gid://shopify/Metaobject/156245524800,Grand Aesthetics,grand-aesthetics,307-413-0230,"988 US-89, Jackson, WY, 83001, USA",988 US-89,,Jackson,WY,83001,USA,Active,Shopify Staff,43.4658479,-110.7927743,2025-10-30T23:25:00.000Z,2025-10-30T23:25:00.000Z
6903f4de54ad300f1ee42a1f,gid://shopify/Metaobject/156246049088,B.Leaf Aesthetic Clinic,b-leaf-aesthetic-clinic,406-201-1970,"223 Shiloh Rd, #3, Billings, MT, 59106, USA",223 Shiloh Rd,#3,Billings,MT,59106,USA,Active,Shopify Staff,45.772819,-108.6169579,2025-10-30T23:29:32.000Z,2025-10-30T23:29:32.000Z
6903f60f54ad300f1ee42a20,gid://shopify/Metaobject/156246540608,Covet Beauty SKIN,covet-beauty-skin,406-730-2627,"525 Railway St, #104, Whitefish, MT, 59937, USA",525 Railway St,#104,Whitefish,MT,59937,USA,Active,Shopify Staff,48.41232979999999,-114.3356901,2025-10-30T23:34:38.000Z,2025-10-30T23:34:38.000Z
6905082a54ad300f1ee42a21,gid://shopify/Metaobject/156350284096,PFRANK MD,pfrank-md,516-289-9822,"1049 5th Avenue, Suite 2B, New York, NY, 10028, USA",1049 5th Avenue,Suite 2B,New York,NY,10028,USA,Active,Shopify Staff,40.7810879,-73.9598154,2025-10-31T19:03:58.000Z,2025-10-31T19:03:58.000Z
69050a5854ad300f1ee42a22,gid://shopify/Metaobject/156351037760,Applied Aesthetic,applied-aesthetic,516-243-9907,"1539 Franklin Avenue, Suite 101, Garden City, NY, 11530, USA",1539 Franklin Avenue,Suite 101,Garden City,NY,11530,USA,Active,Shopify Staff,40.7382478,-73.63868,2025-10-31T19:13:25.000Z,2025-10-31T19:13:25.000Z
69050c1554ad300f1ee42a23,gid://shopify/Metaobject/156351660352,The Skin and Beauty Loft,the-skin-and-beauty-loft,631-626-9745,"27 Bowman Lane, Kings Park, NY, 11754, USA",27 Bowman Lane,,Kings Park,NY,11754,USA,Active,Shopify Staff,40.89381270000001,-73.2327683,2025-10-31T19:20:51.000Z,2025-10-31T19:20:51.000Z
69050cf954ad300f1ee42a24,gid://shopify/Metaobject/156351889728,Still Well Med Spa,still-well-med-spa,718-448-6373,"45 McClean Avenue, Staten Island, NY, 10305, USA",45 McClean Avenue,,Staten Island,NY,10305,USA,Active,Shopify Staff,40.5993676,-74.0636851,2025-10-31T19:24:29.000Z,2025-10-31T19:24:29.000Z
69050dc554ad300f1ee42a25,gid://shopify/Metaobject/156352479552,The Skin Renewal,the-skin-renewal,561-862-9172,"127 E. 59th Street, Second Floor, Suite 42, New York, NY, 10022, USA",127 E. 59th Street,"Second Floor, Suite 42",New York,NY,10022,USA,Active,Shopify Staff,40.7625633,-73.9686889,2025-10-31T19:28:03.000Z,2025-10-31T19:28:03.000Z
69050e8854ad300f1ee42a26,gid://shopify/Metaobject/156353036608,New York Dermatology Group,new-york-dermatology-group,212-533-8888,"119 5th Avenue, 2nd Floor, New York, NY, 10005, USA",119 5th Avenue,2nd Floor,New York,NY,10005,USA,Active,Shopify Staff,40.7390481,-73.9909457,2025-10-31T19:31:18.000Z,2025-10-31T19:31:18.000Z
690520ef54ad300f1ee42a27,gid://shopify/Metaobject/156357853504,Alba Aesthetics,alba-aesthetics,929-944-2864,"116 W 23rd St, 5th floor, New York, NY, 10011, USA",116 W 23rd St,5th floor,New York,NY,10011,USA,Active,Shopify Staff,40.7429245,-73.9934741,2025-10-31T20:49:49.000Z,2025-10-31T20:49:49.000Z
690522c354ad300f1ee42a28,gid://shopify/Metaobject/156358050112,Gervaise Gerstner MD,gervaise-gerstner,212-249-2208,"730 Park Avenue, New York, NY, 10021, USA",730 Park Avenue,,New York,NY,10021,USA,Active,Shopify Staff,40.7704869,-73.9648893,2025-10-31T20:57:37.000Z,2025-10-31T21:32:34.000Z
6905288854ad300f1ee42a29,gid://shopify/Metaobject/156360114496,New Skin by Viky,new-skin-by-viky,516-301-6637,"400 Garden City Plaza, Suite 110 - Studio 7, Garden City, NY, 11530, USA",400 Garden City Plaza,Suite 110 - Studio 7,Garden City,NY,11530,USA,Active,Shopify Staff,40.7367095,-73.617102,2025-10-31T21:22:14.000Z,2025-10-31T21:23:26.000Z
69052a5954ad300f1ee42a2a,gid://shopify/Metaobject/156360409408,Glow Getter Beauty + Esthetics,glow-getter-salon,718-569-5261,"97 Storer Avenue, Unit D2, Staten Island, NY, 10309, USA",97 Storer Avenue,Unit D2,Staten Island,NY,10309,USA,Active,Shopify Staff,40.5387116,-74.2344858,2025-10-31T21:29:59.000Z,2025-10-31T21:31:13.000Z
6905414a54ad300f1ee42a2b,gid://shopify/Metaobject/156365291840,Chroma Dental,chroma-dental,646-440-3101,"155 E 55th Street, Suite 301, New York, NY, 10022, USA",155 E 55th Street,Suite 301,New York,NY,10022,USA,Active,Shopify Staff,40.7594661,-73.96909269999999,2025-10-31T23:07:52.000Z,2025-10-31T23:07:52.000Z
690541d054ad300f1ee42a2c,gid://shopify/Metaobject/156365357376,CJ Laser - Gendiana,cj-laser-gendiana,212-601-2889,"1738 86th Street, Brooklyn, NY, 11214, USA",1738 86th Street,,Brooklyn,NY,11214,USA,Active,Shopify Staff,40.6077606,-74.00390279999999,2025-10-31T23:10:06.000Z,2025-10-31T23:10:06.000Z
690543d054ad300f1ee42a2d,gid://shopify/Metaobject/156366209344,The Skin Bar - Heather Rossi,heather-rossi-esthetics,315-901-8750,"1000 Old Seneca Turnpike, Skaneateles, NY, 13152, USA",1000 Old Seneca Turnpike,,Skaneateles,NY,13152,USA,Active,Shopify Staff,42.96484299999999,-76.433527,2025-10-31T23:18:38.000Z,2025-10-31T23:18:38.000Z
6905448d54ad300f1ee42a2e,gid://shopify/Metaobject/156367126848,Pure Spa Life - Olga,pure-spa-life-olga,845-504-3456,"450 Piermont Ave., Piermont, NY, 10968, USA",450 Piermont Ave.,,Piermont,NY,10968,USA,Active,Shopify Staff,41.039577,-73.9162292,2025-10-31T23:21:48.000Z,2025-10-31T23:21:48.000Z
690560f654ad300f1ee42a2f,gid://shopify/Metaobject/156374106432,Beaute Aesthetics NYC,beaute-aesthetics-nyc,646-609-9369,"818 Madison Ave, Floor 3, New York, NY, 10065, USA",818 Madison Ave,Floor 3,New York,NY,10065,USA,Active,Shopify Staff,40.7696674,-73.9672959,2025-11-01T01:22:59.000Z,2025-11-01T01:22:59.000Z
6905643e54ad300f1ee42a30,gid://shopify/Metaobject/156374696256,Just Glam Aesthetics,just-glam-aesthetics,929-919-2767,"28-34 38th Street, Astoria, NY, 11103, USA",28-34 38th Street,,Astoria,NY,11103,USA,Active,Shopify Staff,40.76509490000001,-73.91547589999999,2025-11-01T01:37:00.000Z,2025-11-01T01:37:00.000Z
690568ec54ad300f1ee42a32,gid://shopify/Metaobject/156376039744,Lavish Health and MedSpa,lavish-health-and-med-spa,914-538-3637,"359 E. Main Street, Suite 1A, Mount Kisco, NY, 10549, USA",359 E. Main Street,Suite 1A,Mount Kisco,NY,10549,USA,Active,Shopify Staff,41.1980332,-73.72444999999999,2025-11-01T01:56:58.000Z,2025-11-01T01:56:58.000Z
690577a654ad300f1ee42a33,gid://shopify/Metaobject/156379251008,Revive and Bloom Aesthetics,revive-and-bloom-aesthetics,518-308-8111,"636 Delaware Avenue, Delmar, NY, 12054, USA",636 Delaware Avenue,,Delmar,NY,12054,USA,Active,Shopify Staff,42.6149181,-73.8523875,2025-11-01T02:59:47.000Z,2025-11-01T02:59:47.000Z
6912718ad3b3c541b1d01148,gid://shopify/Metaobject/157142712640,SKULPTD,skulptd,516-247-6464,"1850 Merrick RD, Merrick, NY, 11566, USA",1850 Merrick RD,,Merrick,NY,11566,USA,Active,Shopify Staff,40.6538082,-73.5542826,2025-11-10T22:13:00.000Z,2025-11-11T03:06:40.000Z
6912a300aedcff578ad797d8,gid://shopify/Metaobject/156742189376,Glow By Gabrielle,glow-by-gabrielle,213-632-5510,"180 Avenue at The Commons - Suite 10, Shrewsbury, NJ, 07702, USA",180 Avenue at The Commons - Suite 10,,Shrewsbury,NJ,07702,USA,Active,Shopify Sync,40.3141185,-74.0612245,2025-11-11T02:44:16.502Z,2025-11-11T03:06:56.000Z
6912a300aedcff578ad797db,gid://shopify/Metaobject/156893446464,Angela Desimone Aesthetics LLC,angela-desimone-aesthetics-llc,,"2135 NJ-38, Cherry Hill Township, NJ, 08002, USA",2135 NJ-38,,Cherry Hill Township,NJ,08002,USA,Active,Shopify Sync,39.9354734,-75.0253365,2025-11-11T02:44:16.613Z,2025-11-11T03:04:45.000Z
6912a300aedcff578ad797de,gid://shopify/Metaobject/157124559168,Neves Skin Studio,neves-skin-studio,833-204-0173,"7000 E Belleview Ave, Suite 100, Greenwood Village, CO, 80111, USA",7000 E Belleview Ave,Suite 100,Greenwood Village,CO,80111,USA,Active,Shopify Sync,39.6233049,-104.9069086,2025-11-11T02:44:16.728Z,2025-11-11T03:04:55.000Z
6912a300aedcff578ad797e1,gid://shopify/Metaobject/157128458560,The Skin Lounge,the-skin-lounge,908-509-4552,"10 Fairmount Ave, Chatham, NJ, 07928, USA",10 Fairmount Ave,,Chatham,NJ,07928,USA,Active,Shopify Sync,40.7405487,-74.3838434,2025-11-11T02:44:16.842Z,2025-11-11T03:05:03.000Z
6912a300aedcff578ad797e4,gid://shopify/Metaobject/157162864960,The Aesthetic Edit,the-aesthetic-edit,512-982-0728,"700 Market St, Suite 206, Cedar Park, TX, 78613, USA",700 Market St,Suite 206,Cedar Park,TX,78613,USA,Active,Shopify Sync,30.529522,-97.7855589,2025-11-11T02:44:16.950Z,2025-11-11T03:05:25.000Z
6912a301aedcff578ad797e7,gid://shopify/Metaobject/157163323712,Skin Connection by Giavanna,skin-connection-by-giavanna,650-440-2661,"1875 S Bascom Ave, Suite 2430, Campbell, CA, 95008, USA",1875 S Bascom Ave,Suite 2430,Campbell,CA,95008,USA,Active,Shopify Sync,37.2879299,-121.9332981,2025-11-11T02:44:17.059Z,2025-11-11T03:05:32.000Z
6912a301aedcff578ad797ea,gid://shopify/Metaobject/157326475584,Known Aesthetics,known-aesthetics,724-900-9934,"12982 Perry Hwy, Suite C, Wexford, PA, 15090, USA",12982 Perry Hwy,Suite C,Wexford,PA,15090,USA,Active,Shopify Sync,40.6430437,-80.0675077,2025-11-11T02:44:17.174Z,2025-11-11T03:05:38.000Z
6912a301aedcff578ad797ed,gid://shopify/Metaobject/157331194176,The Skin Center,the-skin-center,800-429-1151,"2275 Swallow Hill Rd, Suite 2400, Pittsburgh, PA, 15220, USA",2275 Swallow Hill Rd,Suite 2400,Pittsburgh,PA,15220,USA,Active,Shopify Sync,40.3891651,-80.07254689999999,2025-11-11T02:44:17.287Z,2025-11-11T03:05:47.000Z
6912a301aedcff578ad797f0,gid://shopify/Metaobject/157343809856,Skin by Dana Lynn,skin-by-dana-lynn,702-809-4861,"601 Whitney Ranch Dr, Suite D21, Henderson, NV, 89014, USA",601 Whitney Ranch Dr,Suite D21,Henderson,NV,89014,USA,Active,Shopify Sync,36.064237,-115.053596,2025-11-11T02:44:17.398Z,2025-11-11T03:05:53.000Z
6912a301aedcff578ad797f3,gid://shopify/Metaobject/157349675328,Seraphe Skin,seraphe-skin,702-279-9922,"3121 Clamdigger Lane, Las Vegas, NV, 89117, USA",3121 Clamdigger Lane,,Las Vegas,NV,89117,USA,Active,Shopify Sync,36.135056,-115.2954687,2025-11-11T02:44:17.505Z,2025-11-11T03:06:00.000Z
6914f8b782644b68317913b9,gid://shopify/Metaobject/158294081856,Bloom Skincare Studio,bloom-skincare-studio,925-223-8043,"4725 1st Street, Suite 205, Pleasanton, CA, 94566, USA",4725 1st Street,Suite 205,Pleasanton,CA,94566,USA,Active,Shopify Staff,37.6571096,-121.8770072,2025-11-12T21:14:29.000Z,2025-11-12T21:14:29.000Z
69151bdc82644b68317913ba,gid://shopify/Metaobject/158307811648,Carly Irene Artistry,carly-irene-artistry,218-791-6111,"4088 South Washington St, Suite 207, Grand Forks, ND, 58201, USA",4088 South Washington St,Suite 207,Grand Forks,ND,58201,USA,Active,Shopify Staff,47.8813373,-97.0463284,2025-11-12T23:44:26.000Z,2025-11-12T23:44:26.000Z
691625ff82644b68317913bc,gid://shopify/Metaobject/158460346688,Skin By Hannah Holley LLC,skin-by-hannah-holley,702-672-9221,"7329 S. Rainbow, Suite 123, Las Vegas, NV, 89139, USA",7329 S. Rainbow,Suite 123,Las Vegas,NV,89139,USA,Active,Shopify Staff,36.0554528,-115.2454942,2025-11-13T18:39:57.000Z,2025-12-23T22:28:23.000Z
69162ed682644b68317913bd,gid://shopify/Metaobject/158463918400,Skin + Tonic,skin-and-tonic,702-854-6654,"3511 Volunteer Blvd., #120, Henderson, NV, 89044, USA",3511 Volunteer Blvd.,#120,Henderson,NV,89044,USA,Active,Shopify Staff,35.9595753,-115.1415953,2025-11-13T19:17:39.000Z,2025-11-13T19:17:39.000Z
69164eee82644b68317913be,gid://shopify/Metaobject/158498652480,The Well Med Spa,the-well-med-spa,949-631-9009,"2216 Newport Blvd, Costa Mesa, CA, 92627, USA",2216 Newport Blvd,,Costa Mesa,CA,92627,USA,Active,Shopify Staff,33.6520367,-117.9073703,2025-11-13T21:34:36.000Z,2025-11-13T21:34:36.000Z
6917a76b82644b68317913bf,gid://shopify/Metaobject/158728388928,Uptown Wellness and Aesthetics,uptown-wellness-and-aesthetic,504-522-6300,"4712 Magazine St, Suite B, New Orleans, LA, 70115, USA",4712 Magazine St,Suite B,New Orleans,LA,70115,USA,Active,Shopify Staff,29.9203766,-90.10535700000001,2025-11-14T22:04:25.000Z,2025-11-14T22:04:25.000Z
6917b39f82644b68317913c0,gid://shopify/Metaobject/158731862336,Chaney Esthetics and Beauty,chaney-esthetics-and-beauty,310-980-2631,"3036 Healthy Way, Suite 125, Vestavia, AL, 35243, USA",3036 Healthy Way,Suite 125,Vestavia,AL,35243,USA,Active,Shopify Staff,33.4300748,-86.73798389999999,2025-11-14T22:56:29.000Z,2025-11-14T23:00:18.000Z
6917c91282644b68317913c1,gid://shopify/Metaobject/158738350400,REV Aesthetics,rev-aesthetics,717-680-6555,"3900 Market St, Suite 101, Camp Hill, PA, 17011, USA",3900 Market St,Suite 101,Camp Hill,PA,17011,USA,Active,Shopify Staff,40.238802,-76.94988029999999,2025-11-15T00:27:59.000Z,2025-11-15T00:43:16.000Z
691b878b82644b68317913c2,gid://shopify/Metaobject/159210668352,Stellar Glo Aesthetics,stellar-glo-aesthetics,703-249-9502,"11732 Bowman Green Dr, Reston, VA, 20190, USA",11732 Bowman Green Dr,,Reston,VA,20190,USA,Active,Shopify Staff,38.9627685,-77.3534796,2025-11-17T20:37:29.000Z,2025-11-17T20:37:29.000Z
691bbde082644b68317913c3,gid://shopify/Metaobject/159228756288,Lash Chance Artistry,lash-chance-artistry,860-942-6978,"6969 E Shea Blvd, #190, Scottsdale, AZ, 85254, USA",6969 E Shea Blvd,#190,Scottsdale,AZ,85254,USA,Active,Shopify Staff,33.5816727,-111.930753,2025-11-18T00:29:18.000Z,2025-11-18T00:29:18.000Z
691bc33d82644b68317913c4,gid://shopify/Metaobject/159230525760,"Dr. Lila Bratani - distributor for Germany, Austria, & Switzerland",dr-lila-bratani,+4971128442550,"Nordbahnhofstraße 115, Stuttgart, 70191, Germany",Nordbahnhofstraße 115,,Stuttgart,,70191,Germany,Active - Non-accruing,Shopify Staff,48.7995105,9.1896191,2025-11-18T00:52:10.000Z,2025-11-18T00:55:31.000Z
691cb2c082644b68317913c5,gid://shopify/Metaobject/159353897280,Blake Charles Salon,blake-charles-salon,415-433-3030,"77 Miden Ln, 2nd Floor, San Francisco, CA, 94108, USA",77 Miden Ln,2nd Floor,San Francisco,CA,94108,USA,Active,Shopify Staff,37.7880861,-122.4048528,2025-11-18T17:54:06.000Z,2025-11-18T17:54:06.000Z
691cb85d82644b68317913c6,gid://shopify/Metaobject/159356780864,Matsuda Dermatology,matsuda-dermatology,808-949-7568,"405 N Kuakini St, Suite 703, Honolulu, HI, 96817, USA",405 N Kuakini St,Suite 703,Honolulu,HI,96817,USA,Active,Shopify Staff,21.3226528,-157.8570599,2025-11-18T18:18:03.000Z,2025-11-18T18:18:03.000Z
691cc27a82644b68317913c7,gid://shopify/Metaobject/159360942400,Skincare Maui,skincare-maui,808-463-4970,"32 Pa'a Street, Unit 2, Kahului, HI, 96732, USA",32 Pa'a Street,Unit 2,Kahului,HI,96732,USA,Active,Shopify Staff,20.8678176,-156.4971238,2025-11-18T19:01:13.000Z,2025-11-18T19:01:13.000Z
691cc58282644b68317913c8,gid://shopify/Metaobject/159362449728,The Skin Care Center @ Gulf Coast Plastic Surgery,the-skin-care-center-gcps,850-474-0155,"540 Brent Ln, Pensacola, FL, 32503, USA",540 Brent Ln,,Pensacola,FL,32503,USA,Active,Shopify Staff,30.4748132,-87.2228877,2025-11-18T19:14:08.000Z,2025-11-18T19:14:08.000Z
691cccae82644b68317913c9,gid://shopify/Metaobject/159366414656,Krista Aesthetics,krista-aesthetics,707-688-5098,"419 Mason St, Suite 200B, Vacaville, CA, 95688, USA",419 Mason St,Suite 200B,Vacaville,CA,95688,USA,Active,Shopify Staff,38.355106,-121.988498,2025-11-18T19:44:43.000Z,2025-11-18T19:44:43.000Z
691cd2bc82644b68317913ca,gid://shopify/Metaobject/159375720768,Lumina Wellness and Med Spa LLC,lumina-wellness-med-spa-llc,847-582-1844,"9950 Lawrence Ave, #104, Schiller Park, IL, 60176, USA",9950 Lawrence Ave,#104,Schiller Park,IL,60176,USA,Active,Shopify Staff,41.9659862,-87.87530489999999,2025-11-18T20:10:34.000Z,2025-11-18T20:10:34.000Z
691cd83682644b68317913cb,gid://shopify/Metaobject/159422021952,Wellness Edge,wellness-edge,916-872-1172,"6049 Douglas Blvd, Suite 9, Granite Bay, CA, 95746, USA",6049 Douglas Blvd,Suite 9,Granite Bay,CA,95746,USA,Active,Shopify Staff,38.7446535,-121.18782,2025-11-18T20:33:56.000Z,2025-11-18T20:33:56.000Z
691cdad882644b68317913cc,gid://shopify/Metaobject/159439552832,Vintage Pearl Salon,vintage-pearl-salon,831-265-7554,"620 San Benito Street, Suite B, Hollister, CA, 95023, USA",620 San Benito Street,Suite B,Hollister,CA,95023,USA,Active,Shopify Staff,36.8500762,-121.4022557,2025-11-18T20:45:10.000Z,2025-11-18T20:45:10.000Z
691cdc2782644b68317913cd,gid://shopify/Metaobject/159446466880,Dr. Shaun Parson Plastic Surgery & Skin Center,dr-shaun-parson-plastic-surgery-skin-center,480-386-1914,"8901 E Mountain View Rd, #118, Scottsdale, AZ, 85258, USA",8901 E Mountain View Rd,#118,Scottsdale,AZ,85258,USA,Active,Shopify Staff,33.5733095,-111.8881797,2025-11-18T20:50:45.000Z,2025-11-18T20:50:45.000Z
691e1b0382644b68317913ce,gid://shopify/Metaobject/159670731072,Stunning Med Spa,stunning-med-spa,908-450-0005,"542 North Ave, Union, NJ, 07083, USA",542 North Ave,,Union,NJ,07083,USA,Active,Shopify Staff,40.67351439999999,-74.2305153,2025-11-19T19:31:13.000Z,2025-11-19T19:31:13.000Z
691e2bd982644b68317913cf,gid://shopify/Metaobject/159681642816,Leo Aesthetics Boutique,leo-aesthetics-boutique,916-721-2802,"6049 Douglas Blvd, Suite 13, Granite Bay, CA, 95746, USA",6049 Douglas Blvd,Suite 13,Granite Bay,CA,95746,USA,Active,Shopify Staff,38.7447096,-121.1877734,2025-11-19T20:43:03.000Z,2025-11-19T20:43:03.000Z
691e2de782644b68317913d0,gid://shopify/Metaobject/159687639360,Olive Oasis Esthetics,olive-oasis-esthetics,702-686-8466,"8465 W Sahara Ave, #111-229, Las Vegas, NV, 89117, USA",8465 W Sahara Ave,#111-229,Las Vegas,NV,89117,USA,Active,Shopify Staff,36.1425874,-115.2762574,2025-11-19T20:51:22.000Z,2025-11-19T20:51:22.000Z
691e425382644b68317913d1,gid://shopify/Metaobject/159697011008,The Skin Standard,the-skin-standard,952-952-7546,"8108 Minnetonka Boulevard, St. Louis Park, MN, 55426, USA",8108 Minnetonka Boulevard,,St. Louis Park,MN,55426,USA,Active,Shopify Staff,44.9498933,-93.382667,2025-11-19T22:18:57.000Z,2025-11-19T22:18:57.000Z
691e468c82644b68317913d2,gid://shopify/Metaobject/159698944320,Beautician Australia (NSW),beautician-australia-nsw,61 404 000670,"105-107 Miranda Road, Shop 3, Miranda, NSW, 2228, Australia","105-107 Miranda Road, Shop 3",,Miranda,NSW,2228,Australia,Active - Non-accruing,Shopify Staff,-34.0406192,151.1084187,2025-11-19T22:36:58.000Z,2025-11-19T22:36:58.000Z
691e46c282644b68317913d3,gid://shopify/Metaobject/159699009856,Byron Eye (QLD),byron-eye-qld,,"2/39 Oxford Street, Bulimba, QLD, 4171, Australia",2/39 Oxford Street,,Bulimba,QLD,4171,Australia,Active - Non-accruing,Shopify Staff,-27.4509155,153.0541642,2025-11-19T22:37:52.000Z,2025-11-19T22:37:52.000Z
691e471c82644b68317913d4,gid://shopify/Metaobject/159699075392,The Beauty Bar Dee Why,beauty-bar-dee-why,411551746,"Shop 5 / 661 Pittwater Road, Dee Why, NSW, 2099, Australia",Shop 5 / 661 Pittwater Road,,Dee Why,NSW,2099,Australia,Active - Non-accruing,Shopify Staff,-33.754038,151.284242,2025-11-19T22:39:22.000Z,2025-11-19T22:39:22.000Z
691e475382644b68317913d5,gid://shopify/Metaobject/159699304768,Derma Wellness Clinic,derma-wellness-clinic,61 4241 70113,"77 Wood Street, Preston, Melbourne, VIC, 3072, Australia",77 Wood Street,Preston,Melbourne,VIC,3072,Australia,Active - Non-accruing,Shopify Staff,-37.7360317,145.0260459,2025-11-19T22:40:17.000Z,2025-11-19T22:40:17.000Z
691e478982644b68317913d6,gid://shopify/Metaobject/159699370304,With Grace Skin Management,with-grace-skin,61 451 178876,"44 Smith Street, Collingwood, Melbourne, VIC, 3066, Australia","44 Smith Street, Collingwood",,Melbourne,VIC,3066,Australia,Active - Non-accruing,Shopify Staff,-37.8070729,144.9831235,2025-11-19T22:41:11.000Z,2025-11-19T22:41:11.000Z
691e47c482644b68317913d7,gid://shopify/Metaobject/159699435840,Facetime Ltd,facetime-ltd,,"4/404 Beach Road, Mairangi Bay, Auckland, 630, New Zealand",4/404 Beach Road,,Mairangi Bay,Auckland,630,New Zealand,Active - Non-accruing,Shopify Staff,-36.738077,174.7528764,2025-11-19T22:42:10.000Z,2025-11-19T22:42:10.000Z
691e481382644b68317913d8,gid://shopify/Metaobject/159699534144,HB Medical Aesthetics,hb-medical-aesthetics,,"44 Honeyeater Place,, Bli Bli, QLD, 4560, Australia","44 Honeyeater Place,",,Bli Bli,QLD,4560,Australia,Active - Non-accruing,Shopify Staff,-26.6036626,153.0171723,2025-11-19T22:43:20.000Z,2025-11-19T22:43:20.000Z
691e483182644b68317913d9,gid://shopify/Metaobject/159699566912,Hi Tech Skin by Linda Downes (VIC),hi-tech-skin,,"16 Llaneast Street, Armadale, VIC, 3143, Australia",16 Llaneast Street,,Armadale,VIC,3143,Australia,Active - Non-accruing,Shopify Staff,-37.8610464,145.0270916,2025-11-19T22:43:59.000Z,2025-11-19T22:43:59.000Z
691e485b82644b68317913da,gid://shopify/Metaobject/159699632448,Holistic Skin Co (VIC),holistic-skin-co-vic,,"159 High Street, Belmont, VIC, 3216, Australia",159 High Street,,Belmont,VIC,3216,Australia,Active - Non-accruing,Shopify Staff,-38.1744879,144.3436607,2025-11-19T22:44:36.000Z,2025-11-19T22:44:36.000Z
691e48a782644b68317913db,gid://shopify/Metaobject/159700025664,LauraBell Beauty,laurabell-beauty,,"21 Maple Road, Sandy Beach, NSW, 2456, Australia",21 Maple Road,,Sandy Beach,NSW,2456,Australia,Active - Non-accruing,Shopify Staff,-30.1462787,153.1964405,2025-11-19T22:45:57.000Z,2025-11-19T22:45:57.000Z
691e48df82644b68317913dc,gid://shopify/Metaobject/159700156736,Waccamaw Dermatology,waccamaw-dermatology,843-484-3086,"8170 Rourk St, #100, Myrtle Beach, SC, 29572, USA",8170 Rourk St,#100,Myrtle Beach,SC,29572,USA,Active,Shopify Staff,33.7566402,-78.817155,2025-11-19T22:46:53.000Z,2025-11-19T22:46:53.000Z
691e48fa82644b68317913dd,gid://shopify/Metaobject/159700222272,Living In Skin,living-in-skin,,"169 Victoria Street, Christchurch Central, Christchurch, 8013, New Zealand",169 Victoria Street,Christchurch Central,Christchurch,,8013,New Zealand,Active - Non-accruing,Shopify Staff,-43.5216548,172.6283976,2025-11-19T22:47:20.000Z,2025-11-19T22:47:20.000Z
691e494882644b68317913de,gid://shopify/Metaobject/159700255040,Loren Ashley Skin Clinic,loren-ashley-skin-clinic,,"130 Rostrevor street, Hamilton, Hamilton central, 3204, New Zealand",130 Rostrevor street,,Hamilton,Hamilton central,3204,New Zealand,Active - Non-accruing,Shopify Staff,-37.7836651,175.2734446,2025-11-19T22:48:38.000Z,2025-11-19T22:48:38.000Z
691e498882644b68317913df,gid://shopify/Metaobject/159700287808,Move Better - Kathleen Seagar,move-better,,"Shop 7, 710 Brunswick Street, New Farm, QLD, 4005, Australia",Shop 7,710 Brunswick Street,New Farm,QLD,4005,Australia,Active - Non-accruing,Shopify Staff,-27.4642369,153.042675,2025-11-19T22:49:42.000Z,2025-11-19T22:49:42.000Z
691e4b2182644b68317913e0,gid://shopify/Metaobject/159701434688,Project Skin,project-skin,,"Shop 6, 340 Hope Island Road, Hope Island, QLD, 4212, Australia",Shop 6,340 Hope Island Road,Hope Island,QLD,4212,Australia,Active - Non-accruing,Shopify Staff,-27.8814678,153.3340971,2025-11-19T22:56:31.000Z,2025-11-19T22:56:31.000Z
691e4b8882644b68317913e2,gid://shopify/Metaobject/159701664064,Selene Spa & Wellness (SA),selene-spa-wellness,,"81 Currie Street, Adelaide, SA, 5000, Australia",81 Currie Street,,Adelaide,SA,5000,Australia,Active - Non-accruing,Shopify Staff,-34.9248212,138.5965519,2025-11-19T22:58:14.000Z,2025-11-19T22:58:14.000Z
691e4bab82644b68317913e3,gid://shopify/Metaobject/159701696832,Simplicite Skin Clinic,simplicite-skin-clinic,,"5 Aputa Place, Waikanae, Kapiti Coast, 5036, New Zealand",5 Aputa Place,,Waikanae,Kapiti Coast,5036,New Zealand,Active - Non-accruing,Shopify Staff,-40.8762413,175.0640895,2025-11-19T22:58:49.000Z,2025-11-19T22:58:49.000Z
691e4bcf82644b68317913e4,gid://shopify/Metaobject/159701729600,Skiin Script,skiin-script,,"9 Perlis Avenue, Cowes, VIC, 3922, Australia",9 Perlis Avenue,,Cowes,VIC,3922,Australia,Active - Non-accruing,Shopify Staff,-38.4544691,145.2280271,2025-11-19T22:59:25.000Z,2025-11-19T22:59:25.000Z
691e4bfe82644b68317913e5,gid://shopify/Metaobject/159701893440,Skin & Body Lounge (QLD),skin-body-lounge-qld,,"62 Laguna Circuit, Tingalpa, QLD, 4173, Australia",62 Laguna Circuit,,Tingalpa,QLD,4173,Australia,Active - Non-accruing,Shopify Staff,-27.4690001,153.1425328,2025-11-19T23:00:12.000Z,2025-11-19T23:00:12.000Z
691e4c1d82644b68317913e6,gid://shopify/Metaobject/159701926208,Skin by Pippa James (NSW),skin-by-pippa,,"177 Johnston Street, Annandale, NSW, 2038, Australia",177 Johnston Street,,Annandale,NSW,2038,Australia,Active - Non-accruing,Shopify Staff,-33.8792729,151.1719754,2025-11-19T23:00:43.000Z,2025-11-19T23:00:43.000Z
691e4c8182644b68317913e7,gid://shopify/Metaobject/159702024512,The Dermal Coach - Rebecca Cowan(NSW),the-dermal-coach,,"34 Westbourne Street, Stanmore, NSW, 2048, Australia",34 Westbourne Street,,Stanmore,NSW,2048,Australia,Active - Non-accruing,Shopify Staff,-33.8901957,151.1619743,2025-11-19T23:02:23.000Z,2025-11-19T23:02:23.000Z
691e4cb382644b68317913e8,gid://shopify/Metaobject/159702090048,The Skin Clinic - Renee Meredith,the-skin-clinic,,"11 103 Majors Bay Road, Concord, NSW, 2137, Australia",11 103 Majors Bay Road,,Concord,NSW,2137,Australia,Active - Non-accruing,Shopify Staff,-33.8548035,151.1033864,2025-11-19T23:03:13.000Z,2025-11-19T23:03:13.000Z
691e4cf482644b68317913e9,gid://shopify/Metaobject/159702286656,Wildflower Skin (QLD),wildflower-skin,,"13 Brendanbri Street, Kearney's Spring, QLD, 4350, Australia",13 Brendanbri Street,,Kearney's Spring,QLD,4350,Australia,Active - Non-accruing,Shopify Staff,-27.5908481,151.9510144,2025-11-19T23:04:09.000Z,2025-11-19T23:04:09.000Z
691e508482644b68317913ea,gid://shopify/Metaobject/159703531840,WDF Plastic Surgery,wdf-plastic-surgery,980-237-6958,"1366 Broadcloth Street, Suite 101, Fort Mill, SC, 29715, USA",1366 Broadcloth Street,Suite 101,Fort Mill,SC,29715,USA,Active,Shopify Staff,35.0270263,-80.9622819,2025-11-19T23:19:30.000Z,2025-11-19T23:19:30.000Z
691e539882644b68317913eb,gid://shopify/Metaobject/159704744256,Gem Aesthetics & Wellness,gem-aesthetics-wellness,406-640-3802,"410 W Spruce, Missoula, MT, 59802, USA",410 W Spruce,,Missoula,MT,59802,USA,Active,Shopify Staff,46.87571459999999,-113.9974177,2025-11-19T23:32:38.000Z,2025-11-19T23:32:38.000Z
691e556082644b68317913ec,gid://shopify/Metaobject/159705334080,Fitshop Med Spa,fitshop-med-spa,505-872-3348,"5010 Cutler Ave NE, Albuquerque, NM, 87110, USA",5010 Cutler Ave NE,,Albuquerque,NM,87110,USA,Active,Shopify Staff,35.1051964,-106.5885169,2025-11-19T23:40:14.000Z,2025-11-19T23:40:14.000Z
691e56e682644b68317913ed,gid://shopify/Metaobject/159706251584,Aethereal Medical Spa & Wellness,aethereal-medical-spa-wellness,702-527-3779,"8935 S. Pecos Rd., Suite 21-A, Henderson, NV, 89074, USA",8935 S. Pecos Rd.,Suite 21-A,Henderson,NV,89074,USA,Active,Shopify Staff,36.0270444,-115.1011607,2025-11-19T23:46:44.000Z,2025-11-19T23:46:44.000Z
691e5d8882644b68317913ee,gid://shopify/Metaobject/159710019904,ReEnvision Aesthetics and MedSpa,re-envision-aesthetics-medspa,805-210-5493,"2650 Jones Way, Suite 8, Simi Valley, CA, 93065, USA",2650 Jones Way,Suite 8,Simi Valley,CA,93065,USA,Active,Shopify Staff,34.288404,-118.7465017,2025-11-20T00:15:02.000Z,2025-11-20T00:15:02.000Z
691e638082644b68317913ef,gid://shopify/Metaobject/159715262784,Larimar Med,larimar-med,630-762-9864,"113 N 2nd Ave, St. Charles, IL, 60174, USA",113 N 2nd Ave,,St. Charles,IL,60174,USA,Active,Shopify Staff,41.9151531,-88.3120477,2025-11-20T00:40:03.000Z,2025-11-20T00:40:03.000Z
691e752d82644b68317913f0,gid://shopify/Metaobject/159724077376,The Clinic Skin Health & Wellness,clinic-skin-health-wellness,," G24/6 Provan Street, Campbell, ACT, 2612, AUSTRALIA", G24/6 Provan Street,,Campbell,ACT,2612,AUSTRALIA,Active - Non-accruing,Shopify Staff,-35.2887831,149.1439552,2025-11-20T01:55:55.000Z,2025-11-20T01:55:55.000Z
691f65c282644b68317913f1,gid://shopify/Metaobject/159833227584,Skin Haven by Lindsey,skin-haven-by-lindsey,908-319-6329,"365 US-202, Suite 45, Bridgewater, NJ, 08807, USA",365 US-202,Suite 45,Bridgewater,NJ,08807,USA,Active,Shopify Staff,40.57838960000001,-74.6281066,2025-11-20T19:01:56.000Z,2026-02-25T22:10:17.000Z
691f6ab982644b68317913f2,gid://shopify/Metaobject/159835554112,Desert Functional Medicine & Aesthetics,desert-functional-medicine-aesthetics,575-964-8025,"3900 N Lovington Hwy, Suite 550, Hobbs, NM, 88240, USA",3900 N Lovington Hwy,Suite 550,Hobbs,NM,88240,USA,Active,Shopify Staff,32.7428294,-103.1624104,2025-11-20T19:23:35.000Z,2025-11-20T19:23:35.000Z
691f6f6f82644b68317913f3,gid://shopify/Metaobject/159837552960,Ageless Medical Aesthetics,ageless-medical-aesthetics,508-713-5337,"3 Brussels St, Suite 302, Worcester, MA, 01610, USA",3 Brussels St,Suite 302,Worcester,MA,01610,USA,Active,Shopify Staff,42.2414677,-71.8149482,2025-11-20T19:43:41.000Z,2025-11-20T19:43:41.000Z
691f766e82644b68317913f4,gid://shopify/Metaobject/159842632000,Bella MedSpa,bella-medspa,413-562-3552,"53 Court St, Westfield, MA, 01085, USA",53 Court St,,Westfield,MA,01085,USA,Active,Shopify Staff,42.1204829,-72.7533861,2025-11-20T20:13:33.000Z,2025-11-20T20:13:33.000Z
6920dcef82644b68317913f5,gid://shopify/Metaobject/160010240320,The Aesthetic Co.,the-aesthetic-co,406-396-7083,"1201 Kensington Ave, Missoula, MT, 59801, USA",1201 Kensington Ave,,Missoula,MT,59801,USA,Active,Shopify Staff,46.853067,-114.0167775,2025-11-21T21:43:09.000Z,2025-11-21T21:43:09.000Z
6924d3ff82644b68317913f6,gid://shopify/Metaobject/160895467840,Plumb & Pine,plumb-and-pine,775-300-1096,"538 W Plumb Ln., Suite B, Reno, NV, 89509, USA",538 W Plumb Ln.,Suite B,Reno,NV,89509,USA,Active,Shopify Staff,39.505012,-119.815995,2025-11-24T21:54:04.000Z,2025-11-24T21:54:04.000Z
6924e50d82644b68317913f7,gid://shopify/Metaobject/160903594304,Reform Aesthetics,reform-aesthetics,818-290-3086,"5400 Balboa Blvd. , Suite 209, Encino, CA, 91316, USA",5400 Balboa Blvd. ,Suite 209,Encino,CA,91316,USA,Active,Shopify Staff,34.1692826,-118.5005298,2025-11-24T23:06:51.000Z,2025-11-24T23:06:51.000Z
6924e6f282644b68317913f8,gid://shopify/Metaobject/160904380736,And Skin Esthetics,and-skin-esthetics,856-208-7674,"36 Ellis Street, Haddonfield, NJ, 08033, USA",36 Ellis Street,,Haddonfield,NJ,08033,USA,Active,Shopify Staff,39.8969232,-75.0310313,2025-11-24T23:14:56.000Z,2025-11-24T23:14:56.000Z
6924e90982644b68317913f9,gid://shopify/Metaobject/160905068864,BLUSH BAR,blush-bar,209-915-3278,"2540 Pacific Ave, Suite 2, Stockton, CA, 95204, USA",2540 Pacific Ave,Suite 2,Stockton,CA,95204,USA,Active,Shopify Staff,37.9736316,-121.3015134,2025-11-24T23:23:51.000Z,2025-11-24T23:23:51.000Z
6924eed582644b68317913fa,gid://shopify/Metaobject/160908312896,Align + Well,align-well,406-513-1403,"1434 N Roberts St, Helena, MT, 59601, USA",1434 N Roberts St,,Helena,MT,59601,USA,Active,Shopify Staff,46.5988552,-112.0169409,2025-11-24T23:48:35.000Z,2025-11-24T23:48:35.000Z
6924f84482644b68317913fb,gid://shopify/Metaobject/160912081216,XEL Medical Spa,xel-medical-spa,608-509-7655,"908 8th Ave, Baraboo, WI, 53913, USA",908 8th Ave,,Baraboo,WI,53913,USA,Active,Shopify Staff,43.476191,-89.75848599999999,2025-11-25T00:28:50.000Z,2025-11-25T00:28:50.000Z
69260d7182644b68317913fc,gid://shopify/Metaobject/161226948928,Omega Aesthetics & Wellness,omega-aesthetics-wellness,801-784-0168,"240 N E Promontory, Regus Suite 200, Farmington, UT, 84025, USA",240 N E Promontory,Regus Suite 200,Farmington,UT,84025,USA,Active,Shopify Staff,40.9831309,-111.9066606,2025-11-25T20:11:27.000Z,2025-11-25T20:11:27.000Z
69260ec382644b68317913fd,gid://shopify/Metaobject/161227637056,The DRIPBaR Mt. Pleasant,the-drip-bar-mt-pleasant,854-800-2377,"1952 Long Grove Dr, Suite #2, Mt Pleasant, SC, 29464, USA",1952 Long Grove Dr,Suite #2,Mt Pleasant,SC,29464,USA,Active,Shopify Staff,32.8221854,-79.8178463,2025-11-25T20:17:05.000Z,2025-11-25T20:17:05.000Z
6926195082644b68317913fe,gid://shopify/Metaobject/161234583872,ShineWell & Co.,shinewell-co,406-602-2880,"1125 W Kagy Blvd, Suite 303, Bozeman, MT, 59715, USA",1125 W Kagy Blvd,Suite 303,Bozeman,MT,59715,USA,Active,Shopify Staff,45.6605334,-111.0525632,2025-11-25T21:02:06.000Z,2025-11-25T21:02:06.000Z
69261c8b82644b68317913ff,gid://shopify/Metaobject/161235894592,Bloom Facial Plastic Surgery,bloom-facial-plastic-surgery,610-762-5666,"2 Town Place, Suite 110, Bryn Mawr, PA, 19010, USA",2 Town Place,Suite 110,Bryn Mawr,PA,19010,USA,Active,Shopify Staff,40.0207235,-75.3140505,2025-11-25T21:15:53.000Z,2025-11-25T21:15:53.000Z
692639c182644b6831791400,gid://shopify/Metaobject/161255063872,Unfiltered Aesthetics,unfiltered-aesthetics,480-798-4756,"5635 N Scottsdale Rd, #130, Scottsdale, AZ, 85250, USA",5635 N Scottsdale Rd,#130,Scottsdale,AZ,85250,USA,Active,Shopify Staff,33.5191703,-111.9253389,2025-11-25T23:20:31.000Z,2025-11-25T23:20:31.000Z
692642e582644b6831791401,gid://shopify/Metaobject/161263550784,Zero Age Med Spa,zero-age-med-spa,281-769-9608,"1325 Main St, Suite 604, Katy, TX, 77494, USA",1325 Main St,Suite 604,Katy,TX,77494,USA,Active,Shopify Staff,29.772358,-95.82327199999999,2025-11-25T23:59:31.000Z,2025-11-25T23:59:31.000Z
6927521c82644b6831791402,gid://shopify/Metaobject/161510261056,Totality Medispa,totality-medispa,843-900-6161,"885 Island Park Dr, Suite B, Daniel Island, SC, 29492, USA",885 Island Park Dr,Suite B,Daniel Island,SC,29492,USA,Active,Shopify Staff,32.8623135,-79.90635809999999,2025-11-26T19:16:42.000Z,2025-11-26T19:16:42.000Z
6927747882644b6831791403,gid://shopify/Metaobject/161525694784,SkinScience Medical Spa,skin-science-medical-spa,925-334-2210,"140 Gregory Ln, Suite 290, Pleasant Hill, CA, 94523, USA",140 Gregory Ln,Suite 290,Pleasant Hill,CA,94523,USA,Active,Shopify Staff,37.9476528,-122.0648585,2025-11-26T21:43:18.000Z,2025-11-26T21:53:20.000Z
692777bf82644b6831791404,gid://shopify/Metaobject/161526579520,Glow Theory Aesthetics and Dermatology Studio,glow-theory-aesthetics-dermatology-studio,760-264-9466,"7750 El Camino Real, Suite F, Carlsbad, CA, 92009, USA",7750 El Camino Real,Suite F,Carlsbad,CA,92009,USA,Active,Shopify Staff,33.082246,-117.2664634,2025-11-26T21:57:17.000Z,2025-11-26T21:57:17.000Z
69277dd082644b6831791405,gid://shopify/Metaobject/161530249536,Dr. Manolis Manolakakis - Advanced Facial Surgery - SCULPT MD,dr-manolis-manolakakis-advanced-facial-surgery,732-542-0755,"1131 Broad St, Suite 109, Shrewsbury, NJ, 07702, USA",1131 Broad St,Suite 109,Shrewsbury,NJ,07702,USA,Active,Shopify Staff,40.3142341,-74.0627841,2025-11-26T22:23:10.000Z,2025-11-26T22:23:10.000Z
692787f682644b6831791406,gid://shopify/Metaobject/161539359040,Acacia House Med Spa,acacia-house-med-spa,858-683-0727,"132 N Acacia Ave, Solana Beach, CA, 92075, USA",132 N Acacia Ave,,Solana Beach,CA,92075,USA,Active,Shopify Staff,32.9927631,-117.2724683,2025-11-26T23:06:28.000Z,2025-11-26T23:14:43.000Z
6927901382644b6831791407,gid://shopify/Metaobject/161547092288,Pretty Hurts x Snug Aesthetics Inc,pretty-hurts-snug-aesthetics-inc,512-970-5835,"250 W Lancaster Ave, Suite 110, Fort Worth, TX, 76102, USA",250 W Lancaster Ave,Suite 110,Fort Worth,TX,76102,USA,Active,Shopify Staff,32.7470029,-97.32906229999999,2025-11-26T23:41:05.000Z,2025-11-26T23:41:05.000Z
692e1a1082644b6831791408,gid://shopify/Metaobject/162204909888,The Indigo Clinic,the-indigo-clinic,929-249-3993,"347 5th Ave, Suite 1206, New York, NY, 10016, USA",347 5th Ave,Suite 1206,New York,NY,10016,USA,Active,Shopify Staff,40.7479783,-73.98469779999999,2025-12-01T22:43:25.000Z,2025-12-01T22:43:25.000Z
692e367782644b6831791409,gid://shopify/Metaobject/162219163968,Serenity Med Spa and Wellness,serenity-med-spa-and-wellness,201-923-6095,"294-298 State St, Hackensack, NJ, 07601, USA",294-298 State St,,Hackensack,NJ,07601,USA,Active,Shopify Staff,40.8875602,-74.0424328,2025-12-02T00:44:37.000Z,2025-12-02T00:44:37.000Z
693080c682644b683179140a,gid://shopify/Metaobject/162567717184,Four Seasons Resort Mauritius at Anahita,four-seasons-resort-mauritius-anahita,+230 402 3100,"MU, Coastal Road , Beau Champ, 71501, Mauritius","MU, Coastal Road ",,Beau Champ,,71501,Mauritius,Active - Non-accruing,Shopify Staff,-20.274592,57.7828305,2025-12-03T18:26:11.000Z,2025-12-03T18:26:11.000Z
693082a982644b683179140b,gid://shopify/Metaobject/162568241472,Elite Medical Tampa,elite-medical-tampa,813-291-4911,"4905 W Laurel St, Suite 202, Tampa, FL, 33607, USA",4905 W Laurel St,Suite 202,Tampa,FL,33607,USA,Active,Shopify Staff,27.9564176,-82.5263283,2025-12-03T18:34:15.000Z,2025-12-03T18:34:15.000Z
69308d0682644b683179140c,gid://shopify/Metaobject/162572960064,CocoBella + Soulstice,cocobella-soulstice,208-767-8102,"32 W Little Ave, Driggs, ID, 83422, USA",32 W Little Ave,,Driggs,ID,83422,USA,Active,Shopify Staff,43.7229855,-111.1115854,2025-12-03T19:18:28.000Z,2025-12-03T20:54:27.000Z
693096f182644b683179140d,gid://shopify/Metaobject/162577482048,Jaruda Aesthetics Center,jaruda-aesthetics-center,628-202-6088,"1905B Palmetto Ave, Pacifica, CA, 94044, USA",1905B Palmetto Ave,,Pacifica,CA,94044,USA,Active,Shopify Staff,37.634488,-122.4917656,2025-12-03T20:00:47.000Z,2025-12-03T20:00:47.000Z
69309bb082644b683179140e,gid://shopify/Metaobject/162579743040,M & Co Skin Clinic Aesthetics & Wellness,m-co-skin-clinic-aesthetics-wellness,925-332-8222,"1986 Tice Valley Blvd, Walnut Creek, CA, 94595, USA",1986 Tice Valley Blvd,,Walnut Creek,CA,94595,USA,Active,Shopify Staff,37.878223,-122.071527,2025-12-03T20:21:02.000Z,2025-12-03T20:21:02.000Z
6930a23282644b683179140f,gid://shopify/Metaobject/162582593856,True Beauty Esthetics,true-beauty-esthetics,916-612-7773,"6040 Stanford Ranch Road, Suite 100, Rocklin, CA, 95765, USA",6040 Stanford Ranch Road,Suite 100,Rocklin,CA,95765,USA,Active,Shopify Staff,38.7952693,-121.2672415,2025-12-03T20:48:48.000Z,2025-12-03T20:48:48.000Z
6930a4a082644b6831791410,gid://shopify/Metaobject/162583576896,Aesthetic Loft,aesthetic-loft,507-740-0250,"1351 Madison Ave, Suite #127, Mankato, MN, 56001, USA",1351 Madison Ave,Suite #127,Mankato,MN,56001,USA,Active,Shopify Staff,44.1660209,-93.97357389999999,2025-12-03T20:59:10.000Z,2025-12-03T20:59:10.000Z
6930a78c82644b6831791411,gid://shopify/Metaobject/162585968960,Skin + Soul Esthetics & Wellness,skin-soul-esthetics-wellness,208-289-0548,"1510 S Robert St, Suite #100, Boise, ID, 83705, USA",1510 S Robert St,Suite #100,Boise,ID,83705,USA,Active,Shopify Staff,43.5905774,-116.2121106,2025-12-03T21:11:38.000Z,2025-12-03T21:11:38.000Z
6930ac9082644b6831791412,gid://shopify/Metaobject/162587771200,Skincare by Alina,skincare-by-alina,,"177 Duane St, New York, NY, 10013, USA",177 Duane St,,New York,NY,10013,USA,Active,Shopify Staff,40.7175868,-74.0099291,2025-12-03T21:33:02.000Z,2025-12-03T21:33:02.000Z
6930b0c682644b6831791413,gid://shopify/Metaobject/162589901120,"Heyday - Scottsdale, AZ",heyday-scottsdale-az,,"6378 N Scottsdale Rd, Unit 140, Scottsdale, AZ, 85253, USA",6378 N Scottsdale Rd,Unit 140,Scottsdale,AZ,85253,USA,Active - Non-accruing,Shopify Staff,33.5310049,-111.9267712,2025-12-03T21:51:00.000Z,2025-12-03T21:51:00.000Z
6930b12682644b6831791414,gid://shopify/Metaobject/162589966656,"Heyday - University Hills, CO",heyday-university-hills-co,,"2770 S Colorado St, Ste 120, Denver, CO, 80222, USA",2770 S Colorado St,Ste 120,Denver,CO,80222,USA,Active - Non-accruing,Shopify Staff,39.665927,-104.9402543,2025-12-03T21:52:35.000Z,2025-12-03T21:52:35.000Z
6930b20b82644b6831791415,gid://shopify/Metaobject/162590720320,"Heyday - Tennyson, CO",heyday-tennyson-co,,"3930 Tennyson St, Denver, CO, 80212, USA",3930 Tennyson St,,Denver,CO,80212,USA,Active - Non-accruing,Shopify Staff,39.7715707,-105.043893,2025-12-03T21:56:25.000Z,2025-12-03T21:56:25.000Z
6930b25182644b6831791416,gid://shopify/Metaobject/162590818624,"Heyday - Assembly Row, MA",heyday-assembly-row-ma,,"315 Assembly Row, Somerville, MA, 02145, USA",315 Assembly Row,,Somerville,MA,02145,USA,Active - Non-accruing,Shopify Staff,42.3925786,-71.0783605,2025-12-03T21:57:36.000Z,2025-12-03T21:57:36.000Z
6930b37282644b6831791417,gid://shopify/Metaobject/162591277376,"Heyday - Seaport, MA",heyday-seaport-ma,,"41 Northern Ave, Boston, MA, 02210, USA",41 Northern Ave,,Boston,MA,02210,USA,Active - Non-accruing,Shopify Staff,42.353201,-71.046942,2025-12-03T22:02:24.000Z,2025-12-03T22:02:24.000Z
6930b3b982644b6831791418,gid://shopify/Metaobject/162591310144,"Heyday - Bethesda, MD",heyday-bethesda-md,,"4922 Elm Street, Bethesda, MD, 20814, USA",4922 Elm Street,,Bethesda,MD,20814,USA,Active - Non-accruing,Shopify Staff,38.9819428,-77.097219,2025-12-03T22:03:35.000Z,2025-12-03T22:03:35.000Z
6930b3e782644b6831791419,gid://shopify/Metaobject/162591408448,"Heyday - Bellaire, TX",heyday-bellaire-tx,,"5103 Bellaire Blvd, Bellaire, TX, 77401, USA",5103 Bellaire Blvd,,Bellaire,TX,77401,USA,Active - Non-accruing,Shopify Staff,29.70509449999999,-95.468322,2025-12-03T22:04:21.000Z,2025-12-03T22:04:21.000Z
6930b42882644b683179141a,gid://shopify/Metaobject/162591506752,"Heyday - 19th Street, NYC",heyday-19th-street-nyc,,"1 W 19th Street, New York, NY, 10011, USA",1 W 19th Street,,New York,NY,10011,USA,Active - Non-accruing,Shopify Staff,40.7392983,-73.99161509999999,2025-12-03T22:05:26.000Z,2025-12-03T22:05:26.000Z
6930b46b82644b683179141b,gid://shopify/Metaobject/162591539520,Heyday - Midtown Atlanta,heyday-midtown-atlanta,,"931 Monroe Drive NE, Unit 111B, Atlanta, GA, 30308, USA",931 Monroe Drive NE,Unit 111B,Atlanta,GA,30308,USA,Active - Non-accruing,Shopify Staff,33.7802217,-84.36873150000001,2025-12-03T22:06:33.000Z,2025-12-03T22:06:33.000Z
6930b86382644b683179141c,gid://shopify/Metaobject/162593014080,Heyday - Krog District ,heyday-krog-district,,"124 Krog Street NE, Suite A140, Atlanta, GA, 30307, USA",124 Krog Street NE,Suite A140,Atlanta,GA,30307,USA,Active - Non-accruing,Shopify Staff,33.7572885,-84.36463900000001,2025-12-03T22:23:29.000Z,2025-12-03T22:23:29.000Z
6930b89e82644b683179141d,gid://shopify/Metaobject/162593079616,Kristin Noelle Skincare,kristin-noelle-skincare,,"2407 California Blvd, Suite 5, Napa, CA, 94558, USA",2407 California Blvd,Suite 5,Napa,CA,94558,USA,Active - Non-accruing,Shopify Staff,38.3076882,-122.3029907,2025-12-03T22:24:28.000Z,2025-12-03T22:24:28.000Z
6930b94d82644b683179141e,gid://shopify/Metaobject/162593472832,Four Seasons Philadelphia,four-seasons-philadelphia,,"One N 19th St, Philadelphia, PA, 19103, USA",One N 19th St,,Philadelphia,PA,19103,USA,Active - Non-accruing,Shopify Staff,40.0102832,-75.1591761,2025-12-03T22:27:23.000Z,2025-12-03T22:27:23.000Z
6930b98982644b683179141f,gid://shopify/Metaobject/162593538368,Inn at the Mission San Juan Capistrano Spa,inn-at-the-mission-san-juan-capistrano-spa,,"26907 Old Mission Rd, San Juan Capistrano, CA, 92675, USA",26907 Old Mission Rd,,San Juan Capistrano,CA,92675,USA,Active - Non-accruing,Shopify Staff,33.5020065,-117.6613131,2025-12-03T22:28:23.000Z,2025-12-03T22:28:23.000Z
6930ba1f82644b6831791420,gid://shopify/Metaobject/162593767744,10X Longevity,10x-longevity,,"Pacific Place, Suite 1102, 88 Queensway, Admiralty, Hong Kong","Pacific Place, Suite 1102",88 Queensway,Admiralty,,,Hong Kong,Active - Non-accruing,Shopify Staff,22.2772459,114.1649087,2025-12-03T22:30:53.000Z,2025-12-03T22:31:03.000Z
6930be7b82644b6831791421,gid://shopify/Metaobject/162595504448,Ritz-Carlton Singapore,ritz-carlton-singapore,,"7 Raffles Ave., Floor 1, Marina Bay, 039799, Singapore",7 Raffles Ave.,Floor 1,Marina Bay,,039799,Singapore,Active - Non-accruing,Shopify Staff,1.2909392,103.8599895,2025-12-03T22:49:29.000Z,2025-12-03T22:52:08.000Z
6930bfbc82644b6831791422,gid://shopify/Metaobject/162595733824,Four Seasons Riyadh,four-seasons-riyadh,,"Kingdom Centre, Olaya St,, Al Olaya, Riyadh, 11321, Saudi Arabia","Kingdom Centre, Olaya St,",Al Olaya,Riyadh,,11321,Saudi Arabia,Active - Non-accruing,Shopify Staff,24.6869236,46.6885021,2025-12-03T22:54:50.000Z,2025-12-03T22:54:50.000Z
6930c0a682644b6831791423,gid://shopify/Metaobject/162596454720,Four Seasons Dubai at Jumeirah,four-seasons-dubai-at-jumeirah,,"Jumeira St - Jumeirah -, Jumeirah 2, Dubai, United Arab Emirates",Jumeira St - Jumeirah -,Jumeirah 2,Dubai,,,United Arab Emirates,Active - Non-accruing,Shopify Staff,25.2031255,55.2414134,2025-12-03T22:58:44.000Z,2025-12-03T22:59:04.000Z
6930c18082644b6831791424,gid://shopify/Metaobject/162596684096,W Hotel Doha,w-hotel-doha,,"Building 262, Street 831, Doha, Qatar","Building 262, Street 831",,Doha,,,Qatar,Active - Non-accruing,Shopify Staff,25.2304366,51.5478459,2025-12-03T23:02:14.000Z,2025-12-03T23:02:14.000Z
6930c26f82644b6831791425,gid://shopify/Metaobject/162597241152,Katara Club,katara-club,,"Katara Cultural Village, Off Shakespeare Street, Doha, Qatar","Katara Cultural Village, Off Shakespeare Street",,Doha,,,Qatar,Active - Non-accruing,Shopify Staff,25.3609635,51.5245304,2025-12-03T23:06:22.000Z,2025-12-03T23:06:22.000Z
6930c4df82644b6831791426,gid://shopify/Metaobject/162598256960,"The Royal Atlantis, The Palm Dubai",the-royal-atlantis-the-palm-dubai,,"Palm Jumeirah - Crescent Rd - Nakhlat Jumeira, Dubai, United Arab Emirates",Palm Jumeirah - Crescent Rd - Nakhlat Jumeira,,Dubai,,,United Arab Emirates,Active - Non-accruing,Shopify Staff,25.1086982,55.1095227,2025-12-03T23:16:45.000Z,2025-12-03T23:16:45.000Z
6930cabf82644b6831791427,gid://shopify/Metaobject/162600124736,Orange Twist - Tustin,orange-twist-tustin,,"3865 Portola Parkway, Suite 900, Irvine, CA, 92602, USA",3865 Portola Parkway,Suite 900,Irvine,CA,92602,USA,Active - Non-accruing,Shopify Staff,33.7348011,-117.7618124,2025-12-03T23:41:49.000Z,2025-12-03T23:41:49.000Z
6930cb2f82644b6831791428,gid://shopify/Metaobject/162600190272,Orange Twist - Alliance,orange-twist-alliance,682-204-3016,"3062 Texas Sage Trail, Suite 4100, Fort Worth, TX, 76177, USA",3062 Texas Sage Trail,Suite 4100,Fort Worth,TX,76177,USA,Active - Non-accruing,Shopify Staff,32.9118976,-97.3117698,2025-12-03T23:43:41.000Z,2025-12-03T23:44:10.000Z
6930cbf782644b6831791429,gid://shopify/Metaobject/162600517952,Orange Twist - Bellevue,orange-twist-bellevue,425-628-4522,"1700 116th Ave. NE, Suite 101, Bellevue, WA, 98004, USA",1700 116th Ave. NE,Suite 101,Bellevue,WA,98004,USA,Active - Non-accruing,Shopify Staff,47.6258071,-122.1850286,2025-12-03T23:47:01.000Z,2025-12-03T23:47:01.000Z
6930ccbb82644b683179142a,gid://shopify/Metaobject/162600845632,Orange Twist - Brea,orange-twist-brea,714-706-9400,"375 W. Birch Street, Brea, CA, 92821, USA",375 W. Birch Street,,Brea,CA,92821,USA,Active - Non-accruing,Shopify Staff,33.9194205,-117.9021662,2025-12-03T23:50:17.000Z,2025-12-03T23:50:17.000Z
6930cd5b82644b683179142b,gid://shopify/Metaobject/162600976704,Orange Twist - Brentwood,orange-twist-brentwood,424-363-9980,"11710 Barrington Court, Brentwood, CA, 90049, USA",11710 Barrington Court,,Brentwood,CA,90049,USA,Active - Non-accruing,Shopify Staff,34.0642035,-118.4694468,2025-12-03T23:52:57.000Z,2025-12-03T23:52:57.000Z
6930ce6c82644b683179142c,gid://shopify/Metaobject/162601664832,Orange Twist - Princeton,orange-twist-princeton,609-445-1200,"3535 US-1 S, Unit 463A, Princeton, NJ, 08540, USA",3535 US-1 S,Unit 463A,Princeton,NJ,08540,USA,Active - Non-accruing,Shopify Staff,40.3147016,-74.66051370000001,2025-12-03T23:57:30.000Z,2025-12-03T23:57:41.000Z
6930d01582644b683179142d,gid://shopify/Metaobject/162602549568,Orange Twist - South Bay,orange-twist-south-bay,310-647-5694,"730 South Allied Way, , Suite C, El Segundo, CA, 90245, USA","730 South Allied Way, ",Suite C,El Segundo,CA,90245,USA,Active - Non-accruing,Shopify Staff,33.906247,-118.390548,2025-12-04T00:04:35.000Z,2025-12-04T00:04:56.000Z
6930d0e582644b683179142e,gid://shopify/Metaobject/162603139392,Orange Twist - Sugarland,orange-twist-sugarland,832-821-8706,"18851 University Blvd, Suite 250, Sugar Land, TX, 77479, USA",18851 University Blvd,Suite 250,Sugar Land,TX,77479,USA,Active - Non-accruing,Shopify Staff,29.5513484,-95.5845789,2025-12-04T00:07:55.000Z,2025-12-04T00:07:55.000Z
6930d16082644b683179142f,gid://shopify/Metaobject/162603270464,Orange Twist - Fort Worth,orange-twist-fort-worth,817-717-6753,"5925 Convair Drive , Suite 545, Fort Worth, TX, 76109, USA",5925 Convair Drive ,Suite 545,Fort Worth,TX,76109,USA,Active - Non-accruing,Shopify Staff,32.6987214,-97.4123448,2025-12-04T00:10:04.000Z,2025-12-04T00:10:31.000Z
6930d20382644b6831791430,gid://shopify/Metaobject/162604024128,Orange Twist - Highland Village,orange-twist-highland-village,940-248-4932,"1101 Shoal Creek,, Suite 120, Highland Village, TX, 75077, USA","1101 Shoal Creek,",Suite 120,Highland Village,TX,75077,USA,Active - Non-accruing,Shopify Staff,33.0731334,-97.08700840000002,2025-12-04T00:12:48.000Z,2025-12-04T00:13:21.000Z
6930d30b82644b6831791431,gid://shopify/Metaobject/162604646720,Orange Twist - Houston,orange-twist-houston,346-552-8310,"5160 Buffalo Speedway, Houston, TX, 77005, USA",5160 Buffalo Speedway,,Houston,TX,77005,USA,Active - Non-accruing,Shopify Staff,29.7268358,-95.429857,2025-12-04T00:17:12.000Z,2025-12-04T00:17:37.000Z
6930d3f282644b6831791432,gid://shopify/Metaobject/162605007168,Orange Twist - Mockingbird Station,orange-twist-mockingbird-station,972-430-8181,"5331 E. Mockingbird Ln , Suite 130, Dallas, TX, 75206, USA",5331 E. Mockingbird Ln ,Suite 130,Dallas,TX,75206,USA,Active - Non-accruing,Shopify Staff,32.8373457,-96.77632559999999,2025-12-04T00:21:04.000Z,2025-12-04T00:21:22.000Z
6930d49982644b6831791433,gid://shopify/Metaobject/162605171008,Orange Twist - Westlake Village,orange-twist-westlake-village,805-202-4676,"30750 Russell Ranch Rd , Suite F, Westlake Village, CA, 91362, USA",30750 Russell Ranch Rd ,Suite F,Westlake Village,CA,91362,USA,Active - Non-accruing,Shopify Staff,34.147066,-118.7947197,2025-12-04T00:23:51.000Z,2025-12-04T00:23:51.000Z
6931e6d582644b6831791434,gid://shopify/Metaobject/162753577280,My Shaping Spa & Aesthetics,my-shaping-spa-aesthetics,619-999-7082,"3410 Highland Ave, #41, National City, CA, 91950, USA",3410 Highland Ave,#41,National City,CA,91950,USA,Active,Shopify Staff,32.6533063,-117.089751,2025-12-04T19:53:54.000Z,2025-12-04T19:53:54.000Z
6931fb2b82644b6831791435,gid://shopify/Metaobject/162772517184,L.O. Aesthetic Studio,lo-aesthetic-studio,573-723-1332,"3738 Osage Beach Pkwy, Suite 102, Osage Beach, MO, 65065, USA",3738 Osage Beach Pkwy,Suite 102,Osage Beach,MO,65065,USA,Active,Shopify Staff,38.1639747,-92.6079579,2025-12-04T21:20:41.000Z,2025-12-04T21:20:41.000Z
6931fdb082644b6831791436,gid://shopify/Metaobject/162775302464,Lumaura Wellness,lumaura-wellness,508-505-8222,"1728 Union St, Suite #302, San Francisco, CA, 94123, USA",1728 Union St,Suite #302,San Francisco,CA,94123,USA,Active,Shopify Staff,37.7983416,-122.4278959,2025-12-04T21:31:26.000Z,2025-12-04T21:31:26.000Z
6931ff0e82644b6831791437,gid://shopify/Metaobject/162777203008,Bloom RX,bloom-rx,559-549-4452,"9447 N Fort Washington Rd, #102, Fresno, CA, 93730, USA",9447 N Fort Washington Rd,#102,Fresno,CA,93730,USA,Active,Shopify Staff,36.8742386,-119.7781037,2025-12-04T21:37:15.000Z,2025-12-04T21:37:15.000Z
6933557982644b6831791438,gid://shopify/Metaobject/162926297408,"David P. Rapaport, MD, FACS - Plastic Surgery",david-p-rapaport-md-facs,212-249-9955,"905 5th Ave, Suite 1C, New York, NY, 10021, USA",905 5th Ave,Suite 1C,New York,NY,10021,USA,Active,Shopify Staff,40.7720112,-73.9671053,2025-12-05T21:58:15.000Z,2025-12-05T21:58:15.000Z
6933576982644b6831791439,gid://shopify/Metaobject/162927411520,Coolspa (Flatiron),coolspa-flatiron,212-249-4990,"103 5th Ave, 3rd Floor, New York, NY, 10003, USA",103 5th Ave,3rd Floor,New York,NY,10003,USA,Active,Shopify Staff,40.7381119,-73.9917212,2025-12-05T22:06:31.000Z,2025-12-05T22:06:31.000Z
6933727082644b683179143a,gid://shopify/Metaobject/162937438528,Aethos NYC (Upper East Side),aethos-nyc-upper-east-side,212-520-1129,"50 E 61st St, Unit 1F, New York, NY, 10065, USA",50 E 61st St,Unit 1F,New York,NY,10065,USA,Active,Shopify Staff,40.76431059999999,-73.96946299999999,2025-12-06T00:01:50.000Z,2025-12-06T00:01:50.000Z
6933768d82644b683179143b,gid://shopify/Metaobject/162938683712,4Ever Young Anti-Aging Solutions - Spring Lake,4ever-young-anti-aging-solutions-spring-lake,732-344-4833,"1933 NJ-35, #122, Wall Township, NJ, 07719, USA",1933 NJ-35,#122,Wall Township,NJ,07719,USA,Active,Shopify Staff,40.1557409,-74.0547224,2025-12-06T00:19:23.000Z,2025-12-06T00:19:23.000Z
6933855682644b683179143c,gid://shopify/Metaobject/162943172928,Youth Lab Aesthetics,youth-lab-aesthetics,208-985-6075,"1510 W Ustick Rd, Suite 100, Meridian, ID, 83646, USA",1510 W Ustick Rd,Suite 100,Meridian,ID,83646,USA,Active,Shopify Staff,43.6345889,-116.4130044,2025-12-06T01:22:28.000Z,2025-12-06T01:22:28.000Z
6933a15f82644b683179143d,gid://shopify/Metaobject/162953003328,Lux Aeterna Med Spa,lux-aeterna-med-spa,707-775-0526,"10 4th St, Suite 208, Santa Rosa, CA, 95401, USA",10 4th St,Suite 208,Santa Rosa,CA,95401,USA,Active,Shopify Staff,38.4369948,-122.7212155,2025-12-06T03:22:05.000Z,2025-12-06T03:22:05.000Z
6933bb3182644b683179143e,gid://shopify/Metaobject/162958410048,Excellurate Medical Spa LLC,excellurate-medical-spa-llc,502-572-4701,"3424 Broadway St, Unit B, Quincy, IL, 62301, USA",3424 Broadway St,Unit B,Quincy,IL,62301,USA,Active,Shopify Staff,39.9347197,-91.35998889999999,2025-12-06T05:12:15.000Z,2025-12-08T17:39:13.000Z
693779b782644b683179144e,gid://shopify/Metaobject/163297263936,Kirei Aesthetics,kirei-aesthetics,406-858-1044,"151 Business Center Loop, Suite 2 B, Kalispell, MT, 59901, USA",151 Business Center Loop,Suite 2 B,Kalispell,MT,59901,USA,Active,Shopify Staff,48.3072492,-114.3366765,2025-12-09T01:21:57.000Z,2025-12-09T22:53:39.000Z
69386ed282644b6831791450,gid://shopify/Metaobject/163395633472,Simply Beautiful Esthetics,simply-beautiful-esthetics,412-862-9898,"2630 Noblestown Rd, Pittsburgh, PA, 15205, USA",2630 Noblestown Rd,,Pittsburgh,PA,15205,USA,Active,Shopify Staff,40.4235668,-80.0670961,2025-12-09T18:47:44.000Z,2025-12-09T18:47:44.000Z
6938a61582644b6831791451,gid://shopify/Metaobject/163433152832,Après Aesthetics,apres-aesthetics,307-200-2322,"5237 HHR Ranch Rd, Suite 1, Wilson, WY, 83014, USA",5237 HHR Ranch Rd,Suite 1,Wilson,WY,83014,USA,Active,Shopify Staff,43.4983049,-110.8673922,2025-12-09T22:43:31.000Z,2025-12-09T22:43:31.000Z
693a19c882644b6831791452,gid://shopify/Metaobject/163633037632,The Standard Medspa,the-standard-medspa,440-212-1546,"13880 York Rd, North Royalton, OH, 44133, USA",13880 York Rd,,North Royalton,OH,44133,USA,Active,Shopify Staff,41.3134541,-81.7563819,2025-12-11T01:09:26.000Z,2025-12-11T01:09:26.000Z
693a1e4282644b6831791453,gid://shopify/Metaobject/163634282816,LeClaire Skincare,leclaire-skincare,619-629-6032,"3737 Moraga Ave, Suite A-1, San Diego, CA, 92117, USA",3737 Moraga Ave,Suite A-1,San Diego,CA,92117,USA,Active,Shopify Staff,32.8092584,-117.2106773,2025-12-11T01:28:32.000Z,2025-12-11T01:28:32.000Z
693a2f8d82644b6831791454,gid://shopify/Metaobject/163641590080,Elevaré Med Spa,elevare-med-spa,646-577-2543,"436 Central Ave, Cedarhurst, NY, 11516, USA",436 Central Ave,,Cedarhurst,NY,11516,USA,Active,Shopify Staff,40.6204186,-73.72599459999999,2025-12-11T02:42:18.000Z,2025-12-11T02:42:18.000Z
693a319082644b6831791455,gid://shopify/Metaobject/163642376512,Lucid Med Spa,lucid-med-spa,804-352-2106,"100 Concourse Blvd, #108, Glen Allen, VA, 23059, USA",100 Concourse Blvd,#108,Glen Allen,VA,23059,USA,Active,Shopify Staff,37.6879893,-77.5912326,2025-12-11T02:50:53.000Z,2025-12-11T02:50:53.000Z
693a330a82644b6831791456,gid://shopify/Metaobject/163643162944,Sanctuary Skin,sanctuary-skin,757-646-7985,"1624 Laskin Road, Suite #734, Virginia Beach, VA, 23451, USA",1624 Laskin Road,Suite #734,Virginia Beach,VA,23451,USA,Active,Shopify Staff,36.8529549,-76.02033,2025-12-11T02:57:12.000Z,2025-12-11T02:57:12.000Z
693a349c82644b6831791457,gid://shopify/Metaobject/163643785536,Tesia Lee Aesthetics,tesia-lee-aesthetics,626-242-8730,"28012 Palos Verdes Dr East, Rancho Palos Verdes, CA, 90275, USA",28012 Palos Verdes Dr East,,Rancho Palos Verdes,CA,90275,USA,Active,Shopify Staff,33.7655799,-118.3255335,2025-12-11T03:03:54.000Z,2025-12-11T03:03:54.000Z
693a367482644b6831791458,gid://shopify/Metaobject/163644244288,NouVo Med,nouvo-med,985-778-2420,"3902 LA-22, Mandeville, LA, 70471, USA",3902 LA-22,,Mandeville,LA,70471,USA,Active,Shopify Staff,30.3948542,-90.09409889999999,2025-12-11T03:11:46.000Z,2025-12-11T03:11:46.000Z
693b3bd582644b683179145a,gid://shopify/Metaobject/163881058624,Aesthetically Renewed - Dothan,aesthetically-renewed-dothan,334-316-9261,"105 Professional Ln, Dothan, AL, 36301, USA",105 Professional Ln,,Dothan,AL,36301,USA,Active,Shopify Staff,31.2282425,-85.4154295,2025-12-11T21:46:59.000Z,2025-12-11T21:46:59.000Z
693c607782644b683179145b,gid://shopify/Metaobject/164282237248,The Healing Hamsa,healing-hamsa,314-450-8399,"119 Clarkson Executive Pk, Ellisville, MO, 63011, USA",119 Clarkson Executive Pk,,Ellisville,MO,63011,USA,Active,Shopify Staff,38.6006717,-90.5865792,2025-12-12T18:35:32.000Z,2025-12-12T18:35:32.000Z
693c684982644b683179145c,gid://shopify/Metaobject/164285677888,Illuminate Mee Aesthetics,illuminate-mee-aesthetics,470-615-7286,"380 Stonewall Ave W, Fayetteville, GA, 30214, USA",380 Stonewall Ave W,,Fayetteville,GA,30214,USA,Active,Shopify Staff,33.4472338,-84.4625185,2025-12-12T19:08:55.000Z,2025-12-12T19:08:55.000Z
693c6c5182644b683179145d,gid://shopify/Metaobject/164287775040,R & R Aesthetics,r-r-aesthetics,404-326-0961,"425 E Crossville Rd, Suite E 111, Roswell, GA, 30075, USA",425 E Crossville Rd,Suite E 111,Roswell,GA,30075,USA,Active,Shopify Staff,34.0384546,-84.3492555,2025-12-12T19:26:07.000Z,2025-12-12T19:26:07.000Z
6940aa6e82644b683179145e,gid://shopify/Metaobject/164999921984,Radi8 Aesthetics & Wellness,radi8-aesthetics-wellness,480-219-1734,"8360 E Raintree Dr, Suite 105, Scottsdale, AZ, 85260, USA",8360 E Raintree Dr,Suite 105,Scottsdale,AZ,85260,USA,Active,Shopify Staff,33.6193183,-111.8989981,2025-12-16T00:40:12.000Z,2025-12-16T00:40:12.000Z
6940ae6a82644b683179145f,gid://shopify/Metaobject/165002346816,One Steamboat Place,one-steamboat-place,970-870-5100,"2250 Apres Ski Way, Steamboat Springs, CO, 80487, USA",2250 Apres Ski Way,,Steamboat Springs,CO,80487,USA,Active,Shopify Staff,40.4563061,-106.8043335,2025-12-16T00:57:12.000Z,2025-12-16T00:57:12.000Z
6940b02682644b6831791460,gid://shopify/Metaobject/165002903872,Horizon Med Spa & Wellness,horizon-med-spa-wellness,816-321-1090,"4901 Wornall Rd, Suite 1, Kansas City, MO, 64112, USA",4901 Wornall Rd,Suite 1,Kansas City,MO,64112,USA,Active,Shopify Staff,39.0381928,-94.5914343,2025-12-16T01:04:36.000Z,2025-12-16T01:04:36.000Z
6941a3fc82644b6831791461,gid://shopify/Metaobject/165104451904,Poke Me Pretty,poke-me-pretty,480-673-6297,"20783 N 83rd Ave, #111, Peoria, AZ, 85382, USA",20783 N 83rd Ave,#111,Peoria,AZ,85382,USA,Active,Shopify Staff,33.6726809,-112.2379383,2025-12-16T18:24:58.000Z,2025-12-16T18:24:58.000Z
6941a5f282644b6831791462,gid://shopify/Metaobject/165105041728,Anita Falslund - Skin Couture ,anita-falslund-skin-couture,,"Isafjordsgade 15, Copenhagen S, 2300, Denmark",Isafjordsgade 15,,Copenhagen S,,2300,Denmark,Active - Non-accruing,Shopify Staff,55.6647541,12.5776463,2025-12-16T18:33:12.000Z,2025-12-16T18:33:12.000Z
6941c1f382644b6831791463,gid://shopify/Metaobject/165123195200,Vida Bella Aesthetics,vida-bella-aesthetics,201-966-9875,"400 Rella Blvd, Suffern, NY, 10901, USA",400 Rella Blvd,,Suffern,NY,10901,USA,Active,Shopify Staff,41.1156957,-74.1055442,2025-12-16T20:32:49.000Z,2025-12-16T20:33:10.000Z
6941c61f82644b6831791464,gid://shopify/Metaobject/165124636992,Oak House Medspa,oak-house-medspa,504-222-2995,"1640 Hickory Ave, Suite A, Harahan, LA, 70123, USA",1640 Hickory Ave,Suite A,Harahan,LA,70123,USA,Active,Shopify Staff,29.9620553,-90.2051434,2025-12-16T20:50:36.000Z,2025-12-16T20:50:36.000Z
6941d7f582644b6831791465,gid://shopify/Metaobject/165132468544,Magnolia Dermatology - Jackson,magnolia-dermatology-jackson,601-910-3004,"1659 Lelia Dr, Jackson, MS, 39216, USA",1659 Lelia Dr,,Jackson,MS,39216,USA,Active,Shopify Staff,32.3323961,-90.14501779999999,2025-12-16T22:06:43.000Z,2025-12-16T22:06:43.000Z
6941de1d82644b6831791466,gid://shopify/Metaobject/165135024448,Haus of Arte Aesthetics,haus-of-arte-aesthetics,404-620-6761,"3740 Village Way, Suite C, Braselton, GA, 30517, USA",3740 Village Way,Suite C,Braselton,GA,30517,USA,Active,Shopify Staff,34.1146147,-83.81826769999999,2025-12-16T22:32:59.000Z,2025-12-16T22:32:59.000Z
6941e0cb82644b6831791467,gid://shopify/Metaobject/165135876416,Erkyna Medical Aesthetics,erkyna-medical-aesthetics,725-529-9873,"900 S Pavilion Center Dr, #180, Las Vegas, NV, 89144, USA",900 S Pavilion Center Dr,#180,Las Vegas,NV,89144,USA,Active,Shopify Staff,36.161171,-115.3294994,2025-12-16T22:44:25.000Z,2025-12-16T22:44:25.000Z
6941eb4a82644b6831791468,gid://shopify/Metaobject/165138825536,JHS Medical Center,jhs-medical-center,818-240-9911,"1030 S Glendale Ave, #404, Glendale, CA, 91205, USA",1030 S Glendale Ave,#404,Glendale,CA,91205,USA,Active,Shopify Staff,34.1337793,-118.2516116,2025-12-16T23:29:12.000Z,2025-12-16T23:29:12.000Z
6941ef9682644b6831791469,gid://shopify/Metaobject/165139906880,Hailstone Family Practice,hailstone-family-practice,725-485-2080,"9065 S Pecos Rd, #190, Henderson, NV, 89074, USA",9065 S Pecos Rd,#190,Henderson,NV,89074,USA,Active,Shopify Staff,36.0249194,-115.1015505,2025-12-16T23:47:32.000Z,2025-12-16T23:47:32.000Z
6941f0ac82644b683179146a,gid://shopify/Metaobject/165140529472,Injectology Aesthetics,injectology-aesthetics,530-822-6105,"1408 Live Oak Blvd, #C, Yuba City, CA, 95991, USA",1408 Live Oak Blvd,#C,Yuba City,CA,95991,USA,Active,Shopify Staff,39.1493839,-121.620936,2025-12-16T23:52:10.000Z,2025-12-16T23:52:10.000Z
6941f40e82644b683179146b,gid://shopify/Metaobject/165142004032,Amara Med Spa,amara-med-spa,435-419-5202,"558 E Riverside Dr, St. George, UT, 84790, USA",558 E Riverside Dr,,St. George,UT,84790,USA,Active,Shopify Staff,37.0865423,-113.5706878,2025-12-17T00:06:36.000Z,2025-12-17T00:06:36.000Z
6941fbd682644b683179146c,gid://shopify/Metaobject/165145674048,Tahum Aesthetic Lab,tahum-aesthetic-lab,773-332-8502,"1309 W Chicago Ave, Suite 029, Chicago, IL, 60642, USA",1309 W Chicago Ave,Suite 029,Chicago,IL,60642,USA,Active,Shopify Staff,41.8960176,-87.6598814,2025-12-17T00:39:48.000Z,2025-12-17T00:39:48.000Z
6941ff8182644b683179146d,gid://shopify/Metaobject/165146984768,Benjamin & Co. Esthetique,benjamin-co-esthetique,217-607-1497,"807 W Springfield Ave, Champaign, IL, 61820, USA",807 W Springfield Ave,,Champaign,IL,61820,USA,Active,Shopify Staff,40.1123999,-88.2569281,2025-12-17T00:55:27.000Z,2025-12-17T00:55:27.000Z
6942ebf882644b683179146e,gid://shopify/Metaobject/165297258816,Camellia Scalp & Skin Lounge,camellia-scalp-skin-lounge,626-217-8998,"4375 S Buffalo Dr, Suite 109B, Las Vegas, NV, 89147, USA",4375 S Buffalo Dr,Suite 109B,Las Vegas,NV,89147,USA,Active,Shopify Staff,36.1093617,-115.2617176,2025-12-17T17:44:23.000Z,2025-12-17T17:44:23.000Z
6943006182644b683179146f,gid://shopify/Metaobject/165307679040,The Boujee Blonde,the-boujee-blonde,504-919-3850,"1389 Lakewood Dr, Suite B, Unit 119, Slidell, LA, 70458, USA",1389 Lakewood Dr,"Suite B, Unit 119",Slidell,LA,70458,USA,Active,Shopify Staff,30.2833935,-89.75895009999999,2025-12-17T19:11:26.000Z,2025-12-17T19:11:26.000Z
6943024882644b6831791470,gid://shopify/Metaobject/165308170560,Aspen Medical Aesthetics & Laser Clinic,aspen-medical-aesthetics-laser-clinic,262-241-2273,"11037 N Towne Square Rd, Mequon, WI, 53092, USA",11037 N Towne Square Rd,,Mequon,WI,53092,USA,Active,Shopify Staff,43.2187303,-87.9270887,2025-12-17T19:19:34.000Z,2025-12-17T19:19:34.000Z
6943040d82644b6831791471,gid://shopify/Metaobject/165309022528,Bella Aesthetica Medical Spa,bella-aesthetica-medical-spa,505-252-8743,"8400 Osuna Rd NE, Suite 1D, Albuquerque, NM, 87111, USA",8400 Osuna Rd NE,Suite 1D,Albuquerque,NM,87111,USA,Active,Shopify Staff,35.137141,-106.5500147,2025-12-17T19:27:07.000Z,2025-12-17T19:27:07.000Z
6943089d82644b6831791472,gid://shopify/Metaobject/165310857536,True Life Canvas,true-life-canvas,208-292-8315,"1859 N Lakewood Dr, Ste 301, Coeur d'Alene, ID, 83814, USA",1859 N Lakewood Dr,Ste 301,Coeur d'Alene,ID,83814,USA,Active,Shopify Staff,47.692602,-116.806505,2025-12-17T19:46:35.000Z,2025-12-17T19:46:35.000Z
69430af582644b6831791473,gid://shopify/Metaobject/165312201024,Kiss Me Med Spa,kiss-me-med-spa,559-838-0500,"7050 N Recreation Ave, Suite #103, Fresno, CA, 93720, USA",7050 N Recreation Ave,Suite #103,Fresno,CA,93720,USA,Active,Shopify Staff,36.838129,-119.7398565,2025-12-17T19:56:35.000Z,2025-12-17T19:56:35.000Z
69430c0682644b6831791474,gid://shopify/Metaobject/165312692544,Karter Advanced Facial Plastic Surgery,karter-advanced-facial-plastic-surgery,860-775-5595,"120 Hebron Ave, Suite 2A, Glastonbury, CT, 06033, ISA",120 Hebron Ave,Suite 2A,Glastonbury,CT,06033,ISA,Active,Shopify Staff,41.7120514,-72.6055638,2025-12-17T20:01:08.000Z,2025-12-17T20:01:08.000Z
6944916782644b6831791475,gid://shopify/Metaobject/165548851520,MY Huntress,my-huntress,,"4200 N Flagler Dr, West Palm Beach, FL, 33407, USA",4200 N Flagler Dr,,West Palm Beach,FL,33407,USA,Active,Shopify Staff,26.7489292,-80.0513533,2025-12-18T23:42:29.000Z,2025-12-18T23:42:29.000Z
6945a76582644b6831791476,gid://shopify/Metaobject/165661278528,Cashmir Esthetics,cashmir-esthetics,505-435-3332,"6524 Desert Spirit Rd NW, Albuquerque, NM, 87114, USA",6524 Desert Spirit Rd NW,,Albuquerque,NM,87114,USA,Active,Shopify Staff,35.2132262,-106.7232655,2025-12-19T19:28:35.000Z,2025-12-19T19:28:35.000Z
6945ab6d82644b6831791477,gid://shopify/Metaobject/165662720320,Alpine Glow Wellness & Medspa,alpine-glow-wellness-medspa,717-991-9513,"30 S 8th St, Lemoyne, PA, 17043, USA",30 S 8th St,,Lemoyne,PA,17043,USA,Active,Shopify Staff,40.2431341,-76.9006308,2025-12-19T19:45:47.000Z,2025-12-19T19:45:47.000Z
6945b1ba82644b6831791478,gid://shopify/Metaobject/165665112384,Spa Aesthetics,spa-aesthetics,484-237-9550,"3445 High Point Blvd., Bethlehem, PA, 18017, USA",3445 High Point Blvd.,,Bethlehem,PA,18017,USA,Active,Shopify Staff,40.65899,-75.4166941,2025-12-19T20:12:41.000Z,2025-12-19T20:12:41.000Z
6945cfcd82644b6831791479,gid://shopify/Metaobject/165675991360,Evolve Skin Spa and Wellness,evolve-skin-spa-and-wellness,760-576-1558,"3044 Harding St, Carlsbad, CA, 92008, USA",3044 Harding St,,Carlsbad,CA,92008,USA,Active,Shopify Staff,33.1615962,-117.3439511,2025-12-19T22:20:59.000Z,2025-12-19T22:20:59.000Z
6949bf9682644b683179147a,gid://shopify/Metaobject/166248350016,La Bella MD,la-bella-md,843-823-5477,"4600 Oleander Dr, Myrtle Beach, SC, 29577, USA",4600 Oleander Dr,,Myrtle Beach,SC,29577,USA,Active,Shopify Staff,33.7301776,-78.86323949999999,2025-12-22T22:00:52.000Z,2025-12-22T22:00:52.000Z
6949e4b082644b683179147b,gid://shopify/Metaobject/166270107968, Bella Glow Charleston,bella-glow-charleston,843-259-2248,"2005 Slack Tide Dr, Johns Island, SC, 29455, USA",2005 Slack Tide Dr,,Johns Island,SC,29455,USA,Active,Shopify Staff,32.7332035,-80.05858119999999,2025-12-23T00:39:10.000Z,2025-12-23T00:50:27.000Z
6949e8d682644b683179147c,gid://shopify/Metaobject/166271418688,Radiance Advanced Skincare & Laser,radiance-advanced-skincare-laser,413-386-8000,"75 Post Office Park, #7504, Wilbraham, MA, 01095, USA",75 Post Office Park,#7504,Wilbraham,MA,01095,USA,Active,Shopify Staff,42.1514057,-72.4446189,2025-12-23T00:56:51.000Z,2025-12-23T00:56:51.000Z
694ab9b282644b683179147d,gid://shopify/Metaobject/166368051520,Bonnie Frances Skin,bonnie-frances-skin,+14807349676,"3530 East Indian School Rd, STE 201, Phoenix, Arizona, 85018, United States",3530 East Indian School Rd,STE 201,Phoenix,Arizona,85018,United States,Active,Shopify Staff,33.4955136,-112.0055093,2025-12-23T15:48:00.000Z,2025-12-23T15:48:00.000Z
694b287682644b683179147e,gid://shopify/Metaobject/166412910912,Tivoli Aesthetics,tivoli-aesthetics,725-233-1919,"430 S. Rampart Blvd, Suite 150, Las Vegas, NV, 89145, USA",430 S. Rampart Blvd,Suite 150,Las Vegas,NV,89145,USA,Active,Shopify Staff,36.1666646,-115.287046,2025-12-23T23:40:36.000Z,2025-12-23T23:40:36.000Z
6952f5bd82644b683179147f,gid://shopify/Metaobject/167263240512,SKN by Rachel,skn-by-rachel,843-419-7512,"850 Bacons Bridge Rd, #204, Summerville, SC, 29485, USA",850 Bacons Bridge Rd,#204,Summerville,SC,29485,USA,Active,Shopify Staff,32.9985032,-80.1846174,2025-12-29T21:42:19.000Z,2025-12-29T21:42:19.000Z
6954402482644b6831791480,gid://shopify/Metaobject/167421935936,Montana Medical Aesthetics Clinic,montana-medical-aesthetics-clinic,406-969-6622,"2664 Grand Ave, Billings, MT, 59102, USA",2664 Grand Ave,,Billings,MT,59102,USA,Active,Shopify Staff,45.783614,-108.5842923,2025-12-30T21:12:02.000Z,2025-12-30T21:12:02.000Z
695446fe82644b6831791481,gid://shopify/Metaobject/167424655680,"Jordyn Brown, The Arkansas Esthetician at Affinity Day Spa",jordyn-brown-the-arkansas-esthetician-affinity-day-spa,479-207-1369,"4034 Rogers Ave D, Fort Smith, AR, 72903, USA",4034 Rogers Ave D,,Fort Smith,AR,72903,USA,Active,Shopify Staff,35.3692959,-94.38747219999999,2025-12-30T21:41:08.000Z,2026-01-06T00:51:46.000Z
69544f0682644b6831791482,gid://shopify/Metaobject/167428161856,Bloom Precision Aesthetics,bloom-precision-aesthetics,910-986-2460,"90 Cherokee Rd, Suite 2AB, Pinehurst, NC, 28374, USA",90 Cherokee Rd,Suite 2AB,Pinehurst,NC,28374,USA,Active,Shopify Staff,35.1942962,-79.46918699999999,2025-12-30T22:15:32.000Z,2025-12-30T22:15:32.000Z
6954518382644b6831791483,gid://shopify/Metaobject/167429407040,Liquid Beauty Orange County,liquid-beauty-orange-county,714-800-3091,"18700 Main St, Suite 104, Huntington Beach, CA, 92648, USA",18700 Main St,Suite 104,Huntington Beach,CA,92648,USA,Active,Shopify Staff,33.69038150000001,-117.9925684,2025-12-30T22:26:09.000Z,2025-12-30T22:26:09.000Z
6954551d82644b6831791484,gid://shopify/Metaobject/167431471424,The MD Aesthetics Medical Spa,the-md-aesthetics-medical-spa,916-294-7428,"4355 Town Center Blvd, Suite 210, El Dorado Hills, CA, 95762, USA",4355 Town Center Blvd,Suite 210,El Dorado Hills,CA,95762,USA,Active,Shopify Staff,38.6507249,-121.0670562,2025-12-30T22:41:23.000Z,2025-12-30T22:41:23.000Z
6954573482644b6831791485,gid://shopify/Metaobject/167432487232,Wellity,wellity,402-858-2052,"7155 Kentwell Ln, Suite 100, Lincoln, NE, 68516, USA",7155 Kentwell Ln,Suite 100,Lincoln,NE,68516,USA,Active,Shopify Staff,40.7390822,-96.6408491,2025-12-30T22:50:26.000Z,2025-12-30T22:50:26.000Z
6954589d82644b6831791486,gid://shopify/Metaobject/167432978752,Glow Skin Lab,glow-skin-lab,210-510-0777,"18402 U.S. Hwy 281 N, #257, San Antonio, TX, 78259, USA",18402 U.S. Hwy 281 N,#257,San Antonio,TX,78259,USA,Active,Shopify Staff,29.610766,-98.46629879999999,2025-12-30T22:56:27.000Z,2025-12-30T22:56:27.000Z
69545a8782644b6831791487,gid://shopify/Metaobject/167433470272,Magic Touch Salon & Spa,magic-touch-salon-spa,602-461-6650,"7103 N Black Canyon Hwy, Phoenix, AZ, 85021, USA",7103 N Black Canyon Hwy,,Phoenix,AZ,85021,USA,Active,Shopify Staff,33.5402265,-112.1116553,2025-12-30T23:04:37.000Z,2025-12-30T23:04:37.000Z
69545bd582644b6831791488,gid://shopify/Metaobject/167434092864,Bare Aesthetics LA,bare-aesthetics-la,562-819-7568,"12200 Washington Blvd, Unit G, Whittier, CA, 90606, USA",12200 Washington Blvd,Unit G,Whittier,CA,90606,USA,Active,Shopify Staff,33.9666904,-118.0516033,2025-12-30T23:10:03.000Z,2025-12-30T23:10:03.000Z
69545ea882644b6831791489,gid://shopify/Metaobject/167435469120,Wellspring Health and Aesthetics,wellspring-health-and-aesthetics,406-370-1600,"500 W Broadway St, Floor 4, Missoula, MT, 59802, USA",500 W Broadway St,Floor 4,Missoula,MT,59802,USA,Active,Shopify Staff,46.8755594,-114.0000297,2025-12-30T23:22:14.000Z,2025-12-30T23:22:14.000Z
6954606a82644b683179148a,gid://shopify/Metaobject/167436353856,Majestic Aesthetics and Wellness,majestic-aesthetics-and-wellness,208-886-0774,"1505 Madrona St N, Suite 1200, Twin Falls, ID, 83301, USA",1505 Madrona St N,Suite 1200,Twin Falls,ID,83301,USA,Active,Shopify Staff,42.5887422,-114.4527363,2025-12-30T23:29:44.000Z,2025-12-30T23:29:44.000Z
6954655d82644b683179148b,gid://shopify/Metaobject/167439696192,Tiev Medspa,tiev-medspa,714-340-7861,"230 E 17th St, Suite 200, Costa Mesa, CA, 92627, USA",230 E 17th St,Suite 200,Costa Mesa,CA,92627,USA,Active,Shopify Staff,33.6349476,-117.917588,2025-12-30T23:50:51.000Z,2025-12-30T23:50:51.000Z
6954687282644b683179148c,gid://shopify/Metaobject/167441301824,Yeralin Aesthetics,yeralin-aesthetics,919-885-3227,"1925 SW 18th Ct, #101, Ocala, FL, 34471, USA",1925 SW 18th Ct,#101,Ocala,FL,34471,USA,Active,Shopify Staff,29.169411,-82.155852,2025-12-31T00:04:00.000Z,2025-12-31T00:04:00.000Z
69546a1282644b683179148d,gid://shopify/Metaobject/167442645312,Boulder Beauty Collective,boulder-beauty-collective,509-435-7238,"6260 Lookout Rd, Boulder, CO, 80301, USA",6260 Lookout Rd,,Boulder,CO,80301,USA,Active,Shopify Staff,40.0700211,-105.2074372,2025-12-31T00:10:56.000Z,2026-01-10T00:33:05.000Z
69546c2e82644b683179148e,gid://shopify/Metaobject/167444414784,Amy Berisha Aesthetics,amy-berisha-aesthetics,949-887-2800,"1501 Westcliff Dr, #230, Newport Beach, CA, 92660, USA",1501 Westcliff Dr,#230,Newport Beach,CA,92660,USA,Active,Shopify Staff,33.6250103,-117.9049027,2025-12-31T00:19:56.000Z,2025-12-31T00:19:56.000Z
69546dd082644b683179148f,gid://shopify/Metaobject/167445037376,Pure Luxe Medispa,pure-luxe-medispa,732-337-6964,"171 First Ave, Atlantic Highlands, NJ, 07716, USA",171 First Ave,,Atlantic Highlands,NJ,07716,USA,Active,Shopify Staff,40.4105199,-74.0397891,2025-12-31T00:26:54.000Z,2025-12-31T00:26:54.000Z
6954749682644b6831791490,gid://shopify/Metaobject/167447658816,sol nova functional health,sol-nova-functional-health,617-581-2019,"317 N Main St, Natick, MA, 01760, USA",317 N Main St,,Natick,MA,01760,USA,Active,Shopify Staff,42.31291660000001,-71.3597779,2025-12-31T00:55:47.000Z,2025-12-31T00:55:47.000Z
695478a282644b6831791491,gid://shopify/Metaobject/167448871232,SKN Medical Spa,skn-medical-spa,248-565-5841,"320 W Nine Mile Rd, Suite A, Ferndale, MI, 48220, USA",320 W Nine Mile Rd,Suite A,Ferndale,MI,48220,USA,Active,Shopify Staff,42.4607815,-83.1387254,2025-12-31T01:13:04.000Z,2025-12-31T01:13:04.000Z
69547a6682644b6831791492,gid://shopify/Metaobject/167449493824,DaVinci Salon & Medi Spa,davinci-salon-medi-spa,351-204-7212,"1274 Osgood St, North Andover, MA, 01845, USA",1274 Osgood St,,North Andover,MA,01845,USA,Active,Shopify Staff,42.720983,-71.1120329,2025-12-31T01:20:36.000Z,2025-12-31T01:20:36.000Z
69547ccf82644b6831791493,gid://shopify/Metaobject/167450378560,The Unfiltered Facialist,the-unfiltered-facialist,559-395-3506,"6643 N Milburn Ave, Suite 107, Fresno, CA, 93722, USA",6643 N Milburn Ave,Suite 107,Fresno,CA,93722,USA,Active,Shopify Staff,36.8343268,-119.8795087,2025-12-31T01:30:53.000Z,2025-12-31T01:30:53.000Z
6955a0b982644b6831791494,gid://shopify/Metaobject/167576928576,Lola and Sofi Aesthetics,lola-and-sofi-aesthetics,626-426-1369,"132 Avocado Crest Rd, La Habra Heights, CA, 90631, USA",132 Avocado Crest Rd,,La Habra Heights,CA,90631,USA,Active,Shopify Staff,33.9493405,-117.9611052,2025-12-31T22:16:23.000Z,2025-12-31T22:16:23.000Z
6955a36e82644b6831791495,gid://shopify/Metaobject/167578042688,Routine Aesthetics & Wellness,routine-aesthetics-wellness,307-363-4040,"501 S Douglas Hwy, Gillette, WY, 82716, USA",501 S Douglas Hwy,,Gillette,WY,82716,USA,Active,Shopify Staff,44.2899295,-105.493632,2025-12-31T22:27:56.000Z,2025-12-31T22:27:56.000Z
6955a61d82644b6831791496,gid://shopify/Metaobject/167579386176,Commonwealth Dermatology,commonwealth-dermatology,774-389-0887,"100 Martin Luther King Jr Blvd, Suite 200, Worcester, MA, 01608, USA",100 Martin Luther King Jr Blvd,Suite 200,Worcester,MA,01608,USA,Active,Shopify Staff,42.26683269999999,-71.7966916,2025-12-31T22:39:21.000Z,2025-12-31T22:39:21.000Z
6955aeca82644b6831791497,gid://shopify/Metaobject/167582236992,Salt Martha's Vineyard Medspa,salt-marthas-vineyard-medspa,207-604-4332,"93 Dukes County Ave, Oak Bluffs, MA, 02557, USA",93 Dukes County Ave,,Oak Bluffs,MA,02557,USA,Active,Shopify Staff,41.45139,-70.563862,2025-12-31T23:16:25.000Z,2025-12-31T23:16:25.000Z
6955b23482644b6831791498,gid://shopify/Metaobject/167583154496,Bronze and Brows Skin Lab,bronze-and-brows-skin-lab,860-304-8395,"348 E Main St, Clinton, CT, 06413, USA",348 E Main St,,Clinton,CT,06413,USA,Active,Shopify Staff,41.273308,-72.48762289999999,2025-12-31T23:30:58.000Z,2025-12-31T23:30:58.000Z
6955b48282644b6831791499,gid://shopify/Metaobject/167584268608,Fade & Flourish,fade-flourish,702-525-1289,"11201 S Eastern Ave, #115, Henderson, NV, 89052, USA",11201 S Eastern Ave,#115,Henderson,NV,89052,USA,Active,Shopify Staff,35.9885761,-115.1015371,2025-12-31T23:40:48.000Z,2025-12-31T23:40:48.000Z
6955b5f782644b683179149a,gid://shopify/Metaobject/167584530752,Arianah Esthetics,arianah-esthetics,402-452-6684,"7021 Maple St, Omaha, NE, 68104, USA",7021 Maple St,,Omaha,NE,68104,USA,Active,Shopify Staff,41.2846874,-96.0212127,2025-12-31T23:47:01.000Z,2025-12-31T23:47:01.000Z
6955b88f82644b683179149b,gid://shopify/Metaobject/167585153344,Skin by Cynthia,skin-by-cynthia,707-287-5489,"605 Cabot Way, Napa, CA, 94559, USA",605 Cabot Way,,Napa,CA,94559,USA,Active,Shopify Staff,38.2810064,-122.2890005,2025-12-31T23:58:06.000Z,2025-12-31T23:58:06.000Z
6955ba0682644b683179149c,gid://shopify/Metaobject/167585677632,RAE Regenerative Aesthetics,rae-regenerative-aesthetics,412-550-3676,"521 Cedar Way, #100, Oakmont, PA, 15139, USA",521 Cedar Way,#100,Oakmont,PA,15139,USA,Active,Shopify Staff,40.5191461,-79.844852,2026-01-01T00:04:20.000Z,2026-01-01T00:04:20.000Z
6955bd4582644b683179149d,gid://shopify/Metaobject/167586955584,NP Empowered Wellness,np-empowered-wellness,916-243-5098,"1917 Douglas Blvd 89, Suite 133, Roseville, CA, 95661, USA",1917 Douglas Blvd 89,Suite 133,Roseville,CA,95661,USA,Active,Shopify Staff,38.7458298,-121.2560021,2026-01-01T00:18:11.000Z,2026-01-01T00:18:11.000Z
695c627f82644b683179149e,gid://shopify/Metaobject/168239923520,SkinStandard Hawaii,skin-standard-hawaii,949-813-4025,"1441 Kapiolani Blvd, Suite 1114, Honolulu, HI, 96814, USA",1441 Kapiolani Blvd,Suite 1114,Honolulu,HI,96814,USA,Active,Shopify Staff,21.291298,-157.8433791,2026-01-06T01:16:44.000Z,2026-01-06T01:16:44.000Z
695d6ba482644b683179149f,gid://shopify/Metaobject/168819687744,La Femme Plastic Surgery,la-femme-plastic-surgery,702-359-5462,"5770 S Durango Dr, Suite 100, Las Vegas, NV, 89113, USA",5770 S Durango Dr,Suite 100,Las Vegas,NV,89113,USA,Active,Shopify Staff,36.0838276,-115.2788967,2026-01-06T20:08:02.000Z,2026-01-06T20:08:02.000Z
695d9bd382644b68317914a0,gid://shopify/Metaobject/168842920256,SLS Aesthetics,sls-aesthetics,702-882-1346,"6123 S Rainbow Blvd, Suite B, Las Vegas, NV, 89118, USA",6123 S Rainbow Blvd,Suite B,Las Vegas,NV,89118,USA,Active,Shopify Staff,36.0771647,-115.2437358,2026-01-06T23:33:37.000Z,2026-01-06T23:33:37.000Z
696003ca82644b68317914a1,gid://shopify/Metaobject/169088287040,Alternative Skincare and Wellness,alternative-skincare-and-wellness,909-703-3550,"7365 Carnelian St, Suite 101, Rancho Cucamonga, CA, 91730, USA",7365 Carnelian St,Suite 101,Rancho Cucamonga,CA,91730,USA,Active,Shopify Staff,34.1203048,-117.615246,2026-01-08T19:21:44.000Z,2026-01-08T19:21:44.000Z
6961393382644b68317914a2,gid://shopify/Metaobject/169196781888,AestheticsbyCliff SPA,aesthetics-by-cliff-spa,801-833-4297,"970 E 3300 S, #9, Millcreek, UT, 84106, USA",970 E 3300 S,#9,Millcreek,UT,84106,USA,Active,Shopify Staff,40.6990959,-111.8632023,2026-01-09T17:21:53.000Z,2026-01-09T17:21:53.000Z
69613ae982644b68317914a3,gid://shopify/Metaobject/169197338944,Avanti Day Resort,avanti-day-resort,732-780-0222,"345 US-9, Manalapan Township, NJ, 07726, USA",345 US-9,,Manalapan Township,NJ,07726,USA,Active,Shopify Staff,40.3094938,-74.30558789999999,2026-01-09T17:29:11.000Z,2026-01-09T17:29:11.000Z
6961898582644b68317914a4,gid://shopify/Metaobject/169241313600,Delray Dermatology and Cosmetic Center,delray-dermatology-and-cosmetic-center,561-440-8020,"550 SE 6th Ave, Suite 100, Delray Beach, FL, 33483, USA",550 SE 6th Ave,Suite 100,Delray Beach,FL,33483,USA,Active,Shopify Staff,26.4527362,-80.0671945,2026-01-09T23:04:34.000Z,2026-01-09T23:36:47.000Z
6961a67282644b68317914a5,gid://shopify/Metaobject/169251537216,Vein & Body Specialists,vein-body-specialists,419-301-4390,"615 Fulton St, Suite 200 and 300, Port Clinton, OH, 43452, USA",615 Fulton St,Suite 200 and 300,Port Clinton,OH,43452,USA,Active,Shopify Staff,41.50597519999999,-82.9316685,2026-01-10T01:07:49.000Z,2026-01-10T01:07:49.000Z
6965289b82644b68317914a6,gid://shopify/Metaobject/169562571072,The Ozoned Studio,the-ozoned-studio,504-264-7117,"234 W Harrison Ave, Suite A, New Orleans, LA, 70124, USA",234 W Harrison Ave,Suite A,New Orleans,LA,70124,USA,Active,Shopify Staff,30.0054865,-90.1177877,2026-01-12T17:00:09.000Z,2026-01-12T17:00:09.000Z
6965395782644b68317914a7,gid://shopify/Metaobject/169570730304,Pure Skin by Maggie,pure-skin-by-maggie,808-358-4697,"401 Kamakee St, #407, Honolulu, HI, 96814, USA",401 Kamakee St,#407,Honolulu,HI,96814,USA,Active,Shopify Staff,21.294613,-157.851371,2026-01-12T18:11:33.000Z,2026-03-09T17:43:47.000Z
6965508f82644b68317914a8,gid://shopify/Metaobject/169581117760,The St. Regis Hotel,the-st-regis-hotel,52 55 5228 1818,"Av. P.º de la Reforma 439, Col. Cuauhtémoc, Ciudad de México, CDMX, 06500, México",Av. P.º de la Reforma 439,Col. Cuauhtémoc,Ciudad de México,CDMX,06500,México,Active - Non-accruing,Shopify Staff,19.4256427,-99.172342,2026-01-12T19:50:37.000Z,2026-01-12T19:50:37.000Z
6965525c82644b68317914a9,gid://shopify/Metaobject/169581642048,The Beauty Lounge - Dra. Maria Jose Nuño,dra-maria-jose-nuno,3312614740,"Av. Cuauhtémoc 2246, Col. CIUDAD DEL SOL, Zapopan, Jalisco, 45050, México",Av. Cuauhtémoc 2246,Col. CIUDAD DEL SOL,Zapopan,Jalisco,45050,México,Active - Non-accruing,Shopify Staff,20.6475476,-103.4082305,2026-01-12T19:58:18.000Z,2026-01-12T19:59:01.000Z
696555ec82644b68317914aa,gid://shopify/Metaobject/169583083840,Amanda Peuri - The Skin Studio,amanda-peuri-the-skin-studio,8184742129,"Plaza Tanarah, Av. José Vasconcelos 345-Ote, Santa Engracia, San Pedro Garza García, Nuevo Leon, 66267, México","Plaza Tanarah, Av. José Vasconcelos 345-Ote",Santa Engracia,San Pedro Garza García,Nuevo Leon,66267,México,Active - Non-accruing,Shopify Staff,25.6541223,-100.3485553,2026-01-12T20:13:30.000Z,2026-01-12T20:13:30.000Z
696557e882644b68317914ab,gid://shopify/Metaobject/169583706432,María Cervantes - Dermocosmiatra,maria-cervantes-dermocosmiatra,+52 81 1822 5431,"Av. Manuel Gómez Morín 900-Local 207, Col. CARRIZALEJO, San Pedro Garza García, Nuevo Leon, 66254, México",Av. Manuel Gómez Morín 900-Local 207,Col. CARRIZALEJO,San Pedro Garza García,Nuevo Leon,66254,México,Active - Non-accruing,Shopify Staff,25.638469,-100.3619519,2026-01-12T20:21:58.000Z,2026-01-12T20:21:58.000Z
6965937b82644b68317914ac,gid://shopify/Metaobject/169628762432,HOLYSKIN - Alicia Villareal,holyskin-alicia-villareal,8115756563,"Rio San Lorenzo, Av. Manuel Gómez Morín 494-Piso 2 Local 6, Col. Del Valle, San Pedro Garza García, Nuevo Leon, 66220, México","Rio San Lorenzo, Av. Manuel Gómez Morín 494-Piso 2 Local 6",Col. Del Valle,San Pedro Garza García,Nuevo Leon,66220,México,Active - Non-accruing,Shopify Staff,25.6597977,-100.3562341,2026-01-13T00:36:09.000Z,2026-01-13T00:36:09.000Z
6965946e82644b68317914ad,gid://shopify/Metaobject/169629057344,Youth For Us - Polanco,youth-for-us-polanco,6681258125,"Av. Homero 1410, Polanco, Polanco II Secc, , Miguel Hidalgo, Ciudad de México, CDMX, 11530, México","Av. Homero 1410, Polanco, Polanco II Secc, ",Miguel Hidalgo,Ciudad de México,CDMX,11530,México,Active - Non-accruing,Shopify Staff,19.4359885,-99.20369099999999,2026-01-13T00:40:05.000Z,2026-01-13T00:40:05.000Z
6965961b82644b68317914ae,gid://shopify/Metaobject/169630499136,bnatural,bnatural,6623300913,"Fray Toribio de Benavente 62 Entre olivares, Fray Bernardino de Sahagún y, Los Arcos, Hermosillo, Sonora, 83250, México","Fray Toribio de Benavente 62 Entre olivares, Fray Bernardino de Sahagún y",Los Arcos,Hermosillo,Sonora,83250,México,Active - Non-accruing,Shopify Staff,29.0781574,-110.9758128,2026-01-13T00:47:21.000Z,2026-01-13T00:51:34.000Z
6965979f82644b68317914af,gid://shopify/Metaobject/169630925120,Facial Company by Paola Garza,facial-company-by-paola-garza,5545405059,"Carr Nacional 5002-C107, La Rioja, Monterrey, Nuevo Leon, 64988, México",Carr Nacional 5002-C107,La Rioja,Monterrey,Nuevo Leon,64988,México,Active - Non-accruing,Shopify Staff,25.5801885,-100.2499357,2026-01-13T00:53:49.000Z,2026-01-13T00:53:49.000Z
6966b85082644b68317914b0,gid://shopify/Metaobject/169737650496,My Med North,my-med-north,406-871-0268,"2316 US Hwy 93 N, Kalispell, MT, 59901, USA",2316 US Hwy 93 N,,Kalispell,MT,59901,USA,Active,Shopify Staff,48.2053728,-114.3166904,2026-01-13T21:25:34.000Z,2026-01-13T21:25:34.000Z
6966bf5682644b68317914b1,gid://shopify/Metaobject/169740140864,Meraki Medical Spa,meraki-medical-spa,225-408-7515,"8221 Goodwood Blvd, Suite E, Baton Rouge, LA, 70806, USA",8221 Goodwood Blvd,Suite E,Baton Rouge,LA,70806,USA,Active,Shopify Staff,30.4429731,-91.1014017,2026-01-13T21:55:32.000Z,2026-01-13T21:55:32.000Z
6968182482644b68317914b3,gid://shopify/Metaobject/169894805824,Show Me Younger,show-me-younger,573-664-1215,"301 N Washington St, #1, Farmington, MO, 63640, USA",301 N Washington St,#1,Farmington,MO,63640,USA,Active,Shopify Staff,37.7832125,-90.42069230000001,2026-01-14T22:26:41.000Z,2026-01-14T22:26:41.000Z
6968333882644b68317914b4,gid://shopify/Metaobject/169906176320,Dax Design Face LLC,dax-design-face-llc,908-577-4955,"24 Mechanic St, Red Bank, NJ, 07701, USA",24 Mechanic St,,Red Bank,NJ,07701,USA,Active,Shopify Staff,40.3512569,-74.0641459,2026-01-15T00:22:14.000Z,2026-01-15T00:22:14.000Z
696838c982644b68317914b5,gid://shopify/Metaobject/169908306240,Preservation Beauty,preservation-beauty,469-949-4047,"8335 Westchester Dr, Suite 60, Dallas, TX, 75225, USA",8335 Westchester Dr,Suite 60,Dallas,TX,75225,USA,Active,Shopify Staff,32.8644966,-96.807469,2026-01-15T00:45:59.000Z,2026-01-15T00:45:59.000Z
6969705b82644b68317914b6,gid://shopify/Metaobject/170035642688,Elever Aesthetics & Wellness,elever-aesthetics-wellness,619-977-4685,"365 E Windmill Ln., Suite 200, Las Vegas, NV, 89123, USA",365 E Windmill Ln.,Suite 200,Las Vegas,NV,89123,USA,Active,Shopify Staff,36.0419622,-115.155607,2026-01-15T22:55:20.000Z,2026-01-15T22:55:20.000Z
6969726182644b68317914b7,gid://shopify/Metaobject/170036592960,Feels and Peels,feels-and-peels,714-351-4446,"1151 Dove St, Suite 115, Newport Beach, CA, 92660, USA",1151 Dove St,Suite 115,Newport Beach,CA,92660,USA,Active,Shopify Staff,33.6605632,-117.8656812,2026-01-15T23:03:59.000Z,2026-01-15T23:03:59.000Z
6969747e82644b68317914b8,gid://shopify/Metaobject/170037444928,Pacific Crest Dermatology,pacific-crest-dermatology,775-451-3376,"1525 Vista Ln, Suite 120, Carson City, NV, 89703, USA",1525 Vista Ln,Suite 120,Carson City,NV,89703,USA,Active,Shopify Staff,39.1978353,-119.7825348,2026-01-15T23:13:00.000Z,2026-01-15T23:13:00.000Z
696979a982644b68317914b9,gid://shopify/Metaobject/170039411008,The Skin Science Collective,the-skin-science-collective,610-255-7232,"50 National Ave, Sola Salon, Suite R8C, Malvern, PA, 19355, USA",50 National Ave,"Sola Salon, Suite R8C",Malvern,PA,19355,USA,Active,Shopify Staff,40.049883,-75.5180618,2026-01-15T23:35:03.000Z,2026-01-15T23:35:03.000Z
69697c0c82644b68317914ba,gid://shopify/Metaobject/170040852800,Mana Hair Spa and Facial Studio,mana-hair-spa-and-facial-studio,310-804-5024,"26527 Agoura Road, Suite 106, Calabasas, CA, 91302, USA",26527 Agoura Road,Suite 106,Calabasas,CA,91302,USA,Active,Shopify Staff,34.1447317,-118.700652,2026-01-15T23:45:14.000Z,2026-01-15T23:45:14.000Z
69698a2382644b68317914bb,gid://shopify/Metaobject/170045768000,REGEN Society,regen-society,615-465-0465,"8119 Isabella Ln, #100, Brentwood, TN, 37027, USA",8119 Isabella Ln,#100,Brentwood,TN,37027,USA,Active,Shopify Staff,35.9613572,-86.8030102,2026-01-16T00:45:21.000Z,2026-01-16T00:45:21.000Z
696a80b782644b68317914bc,gid://shopify/Metaobject/170150887744,Revive at the Parlor,revive-at-the-parlor,480-660-7357,"9115 E Baseline Rd, Suite #C103, Mesa, AZ, 85209, USA",9115 E Baseline Rd,Suite #C103,Mesa,AZ,85209,USA,Active,Shopify Staff,33.3769407,-111.6373174,2026-01-16T18:17:25.000Z,2026-02-20T22:49:58.000Z
696a967482644b68317914bd,gid://shopify/Metaobject/170159472960,Soluna Holistic Skincare & Wellness,soluna-holistic-skincare-wellness,973-224-7263,"520 Speedwell Ave, #202, Morris Plains, NJ, 07950, USA",520 Speedwell Ave,#202,Morris Plains,NJ,07950,USA,Active,Shopify Staff,40.8259165,-74.4805866,2026-01-16T19:50:10.000Z,2026-01-16T19:50:10.000Z
696a993182644b68317914be,gid://shopify/Metaobject/170160292160,Verity Aesthetics,verity-aesthetics,559-972-7026,"1747 W Walnut Ave, #101, Visalia, CA, 93277, USA",1747 W Walnut Ave,#101,Visalia,CA,93277,USA,Active,Shopify Staff,36.311962,-119.310306,2026-01-16T20:01:51.000Z,2026-01-16T20:01:51.000Z
696aa4cb82644b68317914bf,gid://shopify/Metaobject/170165403968,Reformed Skin Care LLC,reformed-skin-care-llc,608-434-8178,"414 Broadway St, Suite 200A, Baraboo, WI, 53913, USA",414 Broadway St,Suite 200A,Baraboo,WI,53913,USA,Active,Shopify Staff,43.4696375,-89.7441102,2026-01-16T20:51:21.000Z,2026-01-16T20:51:21.000Z
696aa65582644b68317914c0,gid://shopify/Metaobject/170165993792,JUST AESTHETIC NURSING - Scranton,just-aesthetic-nursing-scranton,570-800-9202,"222 Linden St, Scranton, PA, 18503, USA",222 Linden St,,Scranton,PA,18503,USA,Active,Shopify Staff,41.4107979,-75.6655737,2026-01-16T20:57:55.000Z,2026-01-16T20:57:55.000Z
696aa9c482644b68317914c1,gid://shopify/Metaobject/170167763264,WEST & GOLDN AESTHETICS,west-goldn-aesthetics,858-203-5911,"12625 High Bluff Dr, #102, San Diego, CA, 92130, USA",12625 High Bluff Dr,#102,San Diego,CA,92130,USA,Active,Shopify Staff,32.9474958,-117.2395873,2026-01-16T21:12:34.000Z,2026-01-16T21:12:34.000Z
696ace1682644b68317914c2,gid://shopify/Metaobject/170240999744,Bair Skin Studio,bair-skin-studio,404-433-9099,"3355 Lenox Rd NE, 404-433-9099, Atlanta, GA, 30326, USA",3355 Lenox Rd NE,404-433-9099,Atlanta,GA,30326,USA,Active,Shopify Staff,33.8995787,-84.46700589999999,2026-01-16T23:47:32.000Z,2026-01-19T20:42:40.000Z
696e9a2f82644b68317914c3,gid://shopify/Metaobject/171790565696,Skin Bar by Mila,skin-bar-by-mila,925-428-9647,"5500 2nd St, Suite #3, Long Beach, CA, 90803, USA",5500 2nd St,Suite #3,Long Beach,CA,90803,USA,Active,Shopify Staff,33.7573798,-118.1269204,2026-01-19T20:55:03.000Z,2026-01-19T20:55:03.000Z
696fc38082644b68317914c4,gid://shopify/Metaobject/171929207104,Legacy Plastic Surgery,legacy-plastic-surgery,610-524-8244,"460 Creamery Way, #110, Exton, PA, 19341, USA",460 Creamery Way,#110,Exton,PA,19341,USA,Active,Shopify Staff,40.0205028,-75.6542489,2026-01-20T18:03:42.000Z,2026-01-20T18:03:42.000Z
696fc93682644b68317914c5,gid://shopify/Metaobject/171930911040,True Skin and Waxing,true-skin-and-waxing,239-601-2118,"9924 Gulf Coast Main St, A100, Suite 14, Fort Myers, FL, 33913, USA",9924 Gulf Coast Main St,"A100, Suite 14",Fort Myers,FL,33913,USA,Active,Shopify Staff,26.4867578,-81.78677069999999,2026-01-20T18:28:04.000Z,2026-01-20T18:28:04.000Z
696fd50082644b68317914c6,gid://shopify/Metaobject/171935695168,Rae Claire Aesthetics,rae-claire-aesthetics,504-458-4776,"5101 W Esplanade Ave, Metairie, LA, 70006, USA",5101 W Esplanade Ave,,Metairie,LA,70006,USA,Active,Shopify Staff,30.018296,-90.2002502,2026-01-20T19:18:21.000Z,2026-01-20T19:18:21.000Z
696febf482644b68317914c7,gid://shopify/Metaobject/171944378688,Bad Skin,bad-skin,415-669-0888,"2115 Broadway, Suite 28, Redwood City, CA, 94063, USA",2115 Broadway,Suite 28,Redwood City,CA,94063,USA,Active,Shopify Staff,37.48623250000001,-122.2286501,2026-01-20T20:56:18.000Z,2026-01-20T20:56:18.000Z
697001c482644b68317914c8,gid://shopify/Metaobject/171952505152,Purpose Aesthetix,purpose-aesthetix,551-305-3378,"521 Livingston St, #113 Suite 6, Norwood, NJ, 07648, USA",521 Livingston St,#113 Suite 6,Norwood,NJ,07648,USA,Active,Shopify Staff,40.9997355,-73.9541484,2026-01-20T22:29:22.000Z,2026-01-30T21:01:56.000Z
697010ec82644b68317914c9,gid://shopify/Metaobject/171966792000,Aesthetic Artistry Med Spa,aesthetic-artistry-med-spa,850-716-0581,"184 Eglin Pkwy NE, SUITE 7, Fort Walton Beach, FL, 32548, USA",184 Eglin Pkwy NE,SUITE 7,Fort Walton Beach,FL,32548,USA,Active,Shopify Staff,30.4229572,-86.6101856,2026-01-20T23:34:02.000Z,2026-01-20T23:34:02.000Z
6972930982644b68317914ca,gid://shopify/Metaobject/172250628416,Full Spectrum Aesthetics,full-spectrum-aesthetics,469-715-7095,"3790 Woodbine Ln, Prosper, TX, 75078, USA",3790 Woodbine Ln,,Prosper,TX,75078,USA,Active,Shopify Staff,33.2305427,-96.8628652,2026-01-22T21:13:43.000Z,2026-01-22T21:13:43.000Z
6977c58e82644b68317914cb,gid://shopify/Metaobject/173242777920,Southern Skin & Wellness,southern-skin-wellness,504-900-8575,"644 Camp St, New Orleans, LA, 70130, USA",644 Camp St,,New Orleans,LA,70130,USA,Active,Shopify Staff,29.9471355,-90.0698044,2026-01-26T19:50:35.000Z,2026-01-26T19:50:35.000Z
69791ea182644b68317914ce,gid://shopify/Metaobject/173394297152,Jessica Carrier,jessica-carrier,775-560-5145,"4894 Sparks Blvd, Sparks, NV, 89436, USA",4894 Sparks Blvd,,Sparks,NV,89436,USA,Active,Shopify Staff,39.5813527,-119.7230598,2026-01-27T20:22:54.000Z,2026-01-27T20:22:54.000Z
697920e782644b68317914cf,gid://shopify/Metaobject/173395673408,Future Face and Body,future-face-and-body,212-680-4069,"42 W 72nd St, New York, NY, 10023, USA",42 W 72nd St,,New York,NY,10023,USA,Active,Shopify Staff,40.7768504,-73.9781426,2026-01-27T20:32:37.000Z,2026-01-27T20:32:37.000Z
697922b182644b68317914d0,gid://shopify/Metaobject/173396689216,Glo Limited,glo-limited,479-571-4456,"577 Millsap Rd, Fayetteville, AR, 72703, USA",577 Millsap Rd,,Fayetteville,AR,72703,USA,Active,Shopify Staff,36.1141073,-94.14938219999999,2026-01-27T20:40:14.000Z,2026-01-27T20:40:14.000Z
6979247b82644b68317914d1,gid://shopify/Metaobject/173397639488,Juliette Sherin Skin Rx,juliette-sherin-skin-rx,479-466-7705,"3201 S Market St, #105, Rogers, AR, 72758, USA",3201 S Market St,#105,Rogers,AR,72758,USA,Active,Shopify Staff,36.3069817,-94.1881401,2026-01-27T20:47:53.000Z,2026-01-27T20:47:53.000Z
6979275e82644b68317914d2,gid://shopify/Metaobject/173398884672,GAIA Integrative Aesthetics,gaia-integrative-aesthetics,973-866-6909,"170 E 61st St, 4th Floor, New York, NY, 10065, USA",170 E 61st St,4th Floor,New York,NY,10065,USA,Active,Shopify Staff,40.7628545,-73.9662471,2026-01-27T21:00:12.000Z,2026-01-27T21:00:12.000Z
6979403295d6744897cc4191,gid://shopify/Metaobject/173408485696,The Wellness Edit Med Spa & Longevity Center,the-wellness-edit-med-spa-longevity-center,734-540-3348,"11839 Tecumseh-Clinton Hwy, Clinton, MI, 49236, USA",11839 Tecumseh-Clinton Hwy,,Clinton,MI,49236,USA,Active,Shopify Staff,42.0621698,-83.9661643,2026-01-27T22:42:08.000Z,2026-01-27T22:42:08.000Z
697947b782644b68317914d4,gid://shopify/Metaobject/173414121792,Glo LLC,glo-llc,314-285-4033,"5359 State Rte N, Cottleville, MO, 63304, USA",5359 State Rte N,,Cottleville,MO,63304,USA,Active,Shopify Staff,38.7473291,-90.65255309999999,2026-01-27T23:18:13.000Z,2026-01-27T23:18:13.000Z
6979501c82644b68317914d5,gid://shopify/Metaobject/173417955648,Pleasant View Skincare,pleasant-view-skincare,615-314-7490,"1808 Pinnacle Rd, Suite D, Pleasant View, TN, 37146, USA",1808 Pinnacle Rd,Suite D,Pleasant View,TN,37146,USA,Active,Shopify Staff,36.3919315,-87.0171706,2026-01-27T23:54:02.000Z,2026-01-27T23:54:02.000Z
697951cb82644b68317914d6,gid://shopify/Metaobject/173418807616,Adari Spa,adari-spa,830-268-8653,"1240 W Oaklawn Rd, Suite 106, Pleasanton, TX, 78064, USA",1240 W Oaklawn Rd,Suite 106,Pleasanton,TX,78064,USA,Active,Shopify Staff,28.9512475,-98.498888,2026-01-28T00:01:12.000Z,2026-01-28T00:01:12.000Z
6979546f82644b68317914d7,gid://shopify/Metaobject/173419397440,K3 Health and Wellness,k3-health-wellness,916-572-1153,"2384 Maritime Dr, Unit 220, Elk Grove, CA, 95758, USA",2384 Maritime Dr,Unit 220,Elk Grove,CA,95758,USA,Active,Shopify Staff,38.4108404,-121.4829656,2026-01-28T00:12:25.000Z,2026-01-28T17:23:56.000Z
697a817d82644b68317914d8,gid://shopify/Metaobject/173573734720,The Refinery Medical Aesthetics,the-refinery-medical-aesthetics,785-329-3499,"2420 SW 17th St, Suite 150, Topeka, KS, 66604, USA",2420 SW 17th St,Suite 150,Topeka,KS,66604,USA,Active,Shopify Staff,39.0372303,-95.7082989,2026-01-28T21:36:59.000Z,2026-01-28T21:36:59.000Z
697a83ff82644b68317914d9,gid://shopify/Metaobject/173575012672,Elevated Esthetics.,elevated-esthetics-arkansas,870-761-5262,"509 Southwest Dr, Suite A, Jonesboro, AR, 72401, USA",509 Southwest Dr,Suite A,Jonesboro,AR,72401,USA,Active,Shopify Staff,35.8159657,-90.7106862,2026-01-28T21:47:41.000Z,2026-01-28T21:49:02.000Z
697d045fbd5d26487ec0ef3c,gid://shopify/Metaobject/173995000128,The Klinic by KSW Medical Aesthetics,the-klinic-ksw-medical-aesthetics,339-298-7766,"675 Main St, Woburn, MA, 01801, USA",675 Main St,,Woburn,MA,01801,USA,Active,Shopify Staff,42.4919872,-71.15401899999999,2026-01-30T19:19:57.000Z,2026-01-30T19:19:57.000Z
697d115182644b68317914db,gid://shopify/Metaobject/173999161664,Main Street Med Spa LLC,main-street-med-spa-llc,575-530-0468,"500 N Main St, Clovis, NM, 88101, USA",500 N Main St,,Clovis,NM,88101,USA,Active,Shopify Staff,34.4029811,-103.2057372,2026-01-30T20:15:11.000Z,2026-01-30T20:15:11.000Z
697d478f82644b68317914dd,gid://shopify/Metaobject/174023704896,The Elevate Spa,the-elevate-spa,734-945-6555,"100 W Washington Ave, Suite 101, Jackson, MI, 49201, USA",100 W Washington Ave,Suite 101,Jackson,MI,49201,USA,Active,Shopify Staff,42.2458055,-84.4060564,2026-01-31T00:06:37.000Z,2026-01-31T00:06:37.000Z
69823e4182644b68317914de,gid://shopify/Metaobject/174421967168,Regenerize Me,regenerize-me,248-946-0025,"41620 Six Mile Rd, Suite 102, Northville, MI, 48168, USA",41620 Six Mile Rd,Suite 102,Northville,MI,48168,USA,Active,Shopify Staff,42.411749,-83.4529708,2026-02-03T18:28:10.000Z,2026-02-03T18:28:10.000Z
698242c682644b68317914df,gid://shopify/Metaobject/174424392000,Werschler Aesthetics,werschler-aesthetics,509-344-3223,"324 S Sherman St, Suite B, Spokane, WA, 99202, USA",324 S Sherman St,Suite B,Spokane,WA,99202,USA,Active,Shopify Staff,47.6528206,-117.4041474,2026-02-03T18:47:32.000Z,2026-02-03T18:47:32.000Z
6982697782644b68317914e0,gid://shopify/Metaobject/174437105984,Tricia's Skincare,tricias-skincare,209-747-0604,"330 S Fairmont Ave, Suite 4, Lodi, CA, 95240, USA",330 S Fairmont Ave,Suite 4,Lodi,CA,95240,USA,Active,Shopify Staff,38.1287804,-121.2854802,2026-02-03T21:32:37.000Z,2026-02-03T21:32:37.000Z
6983c5edbd5d26487ec0f465,gid://shopify/Metaobject/174879539520,GLOSS BEAUTY,gloss-beauty,415-457-3067,"1127 Magnolia Ave, Larkspur, CA, 94939, USA",1127 Magnolia Ave,,Larkspur,CA,94939,USA,Active,Shopify Staff,37.9472966,-122.5476373,2026-02-04T22:19:23.000Z,2026-02-04T22:19:23.000Z
6983d7efbd5d26487ec0f481,gid://shopify/Metaobject/174885896512,There She Glows Atelier,there-she-glows-atelier,405-816-0498,"4232 NW 61st St, Oklahoma City, OK, 73112, USA",4232 NW 61st St,,Oklahoma City,OK,73112,USA,Active,Shopify Staff,35.5331509,-97.5960326,2026-02-04T23:36:13.000Z,2026-02-04T23:36:13.000Z
6983de5882644b68317914e3,gid://shopify/Metaobject/174891172160,Esthetics Center - Sacramento,esthetics-center-sacramento,916-259-9971,"2224 Fair Oaks Blvd, #707, Sacramento, CA, 95825, USA",2224 Fair Oaks Blvd,#707,Sacramento,CA,95825,USA,Active - Non-accruing,Shopify Staff,38.5737906,-121.4139077,2026-02-05T00:03:34.000Z,2026-02-05T00:03:34.000Z
6983e21982644b68317914e4,gid://shopify/Metaobject/174894088512,Esthetics Center - Rocklin,esthetics-center-rocklin,916-259-9967,"5428 Crossings Dr, #105, Rocklin, CA, 95650, USA",5428 Crossings Dr,#105,Rocklin,CA,95650,USA,Active - Non-accruing,Shopify Staff,38.8006462,-121.2033835,2026-02-05T00:19:35.000Z,2026-02-05T00:19:35.000Z
6983e9d782644b68317914e5,gid://shopify/Metaobject/174898708800,Golden State Dermatology - Livermore,golden-state-dermatology-livermore,925-443-0980,"1074 Murrieta Blvd, Livermore, CA, 94550, USA",1074 Murrieta Blvd,,Livermore,CA,94550,USA,Active,Shopify Staff,37.6763039,-121.7826868,2026-02-05T00:52:27.000Z,2026-02-05T00:52:27.000Z
6984c3b7bd5d26487ec0f533,gid://shopify/Metaobject/174976500032,Herasme Beauty,herasme-beauty,551-346-0204,"20 Nordhoff Pl, Suite 029, Englewood, NJ, 07631, USA",20 Nordhoff Pl,Suite 029,Englewood,NJ,07631,USA,Active,Shopify Staff,40.8819491,-73.9852986,2026-02-05T16:22:13.000Z,2026-02-05T16:22:13.000Z
6984f2ecbd5d26487ec0f56a,gid://shopify/Metaobject/175000912192,Greta Hall Aesthetics,greta-hall-aesthetics,781-516-6809,"60 South St, Hingham, MA, 02043, USA",60 South St,,Hingham,MA,02043,USA,Active,Shopify Staff,42.2417652,-70.8896137,2026-02-05T19:43:37.000Z,2026-02-05T19:43:37.000Z
6984f615bd5d26487ec0f56c,gid://shopify/Metaobject/175001862464,Aura Med Spa & Aesthetics,aura-med-spa-aesthetics,831-243-6946,"601 E Romie Ln, #4, Salinas, CA, 93901, USA",601 E Romie Ln,#4,Salinas,CA,93901,USA,Active,Shopify Staff,36.6598919,-121.6440948,2026-02-05T19:57:06.000Z,2026-02-05T19:57:06.000Z
6986328382644b68317914e9,gid://shopify/Metaobject/175203352896,Alternative Health Associates Premier Med Spa,alternative-health-associates-premier-med-spa,703-683-5736,"215 N Washington St, Alexandria, VA, 22314, USA",215 N Washington St,,Alexandria,VA,22314,USA,Active,Shopify Staff,38.8067728,-77.04632289999999,2026-02-06T18:27:10.000Z,2026-02-06T18:27:10.000Z
698688ab82644b68317914eb,gid://shopify/Metaobject/175232024896,Kristin Ellyn Aesthetics,kristin-ellyn-aesthetics,817-689-2253,"4130 S Bowen Rd, Suite 101, Room 10, Arlington, TX, 76016, USA",4130 S Bowen Rd,"Suite 101, Room 10",Arlington,TX,76016,USA,Active,Shopify Staff,32.6784013,-97.15138600000002,2026-02-07T00:34:50.000Z,2026-02-07T00:34:50.000Z
698a4c2688b039a294241510,gid://shopify/Metaobject/175528804672,Elevate Medical Aesthetics & Wellness,elevate-medical-aesthetics-wellness,231-622-8103,"2230 E. Mitchell Rd., Suite 1A, Petoskey, MI, 49770, USA",2230 E. Mitchell Rd.,Suite 1A,Petoskey,MI,49770,USA,Active,Shopify Staff,45.3734555,-84.9229428,2026-02-09T21:05:40.000Z,2026-03-02T19:25:08.000Z
698a886488b039a294241533,gid://shopify/Metaobject/175549153600,Alive Dental,alive-dental,970-472-0488,"4027 Boardwalk Dr, Fort Collins, CO, 80525, USA",4027 Boardwalk Dr,,Fort Collins,CO,80525,USA,Active,Shopify Staff,40.53122339999999,-105.0721328,2026-02-10T01:22:42.000Z,2026-02-10T01:22:42.000Z
698b971882644b68317914ee,gid://shopify/Metaobject/175758278976,Elite Vein Specialists,elite-vein-specialists,925-937-8346,"675 Ygnacio Valley Rd, Suite B214, Walnut Creek, CA, 94596, USA",675 Ygnacio Valley Rd,Suite B214,Walnut Creek,CA,94596,USA,Active,Shopify Staff,37.9059437,-122.0599241,2026-02-10T20:37:41.000Z,2026-02-10T20:39:26.000Z
698cced982644b68317914ef,gid://shopify/Metaobject/175855567168,Golden Hour Esthetics,golden-hour-esthetics,817-320-1664,"1437 Hwy 98 E, Suite 1, Columbia, MS, 39429, USA",1437 Hwy 98 E,Suite 1,Columbia,MS,39429,USA,Active,Shopify Staff,31.2508708,-89.7875014,2026-02-11T18:47:51.000Z,2026-02-11T18:47:51.000Z
698cd17888b039a29424165d,gid://shopify/Metaobject/175856353600,Infinity Glow,infinity-glow,714-604-4569,"151 N Kraemer Blvd, UNIT 206, Placentia, CA, 92870, USA",151 N Kraemer Blvd,UNIT 206,Placentia,CA,92870,USA,Active,Shopify Staff,33.8720469,-117.8633942,2026-02-11T18:59:01.000Z,2026-02-11T18:59:01.000Z
698cd50782644b68317914f1,gid://shopify/Metaobject/175857369408,Zen Concierge Nursing,zen-concierge-nursing,415-990-3800,"3354 20th St, San Francisco, CA, 94110, USA",3354 20th St,,San Francisco,CA,94110,USA,Active,Shopify Staff,37.7590373,-122.4159551,2026-02-11T19:14:13.000Z,2026-02-11T19:14:13.000Z
698cd69982644b68317914f2,gid://shopify/Metaobject/175857795392,MerLeaux Aesthetic Solutions,merleaux-aesthetic-solutions,228-265-3204,"412 US-90, Suite 2, Bay St Louis, MS, 39520, USA",412 US-90,Suite 2,Bay St Louis,MS,39520,USA,Active,Shopify Staff,30.317785,-89.34257459999999,2026-02-11T19:20:55.000Z,2026-02-11T19:20:55.000Z
698cd93988b039a294241661,gid://shopify/Metaobject/175858581824,VIOR Aesthetics,vior-aesthetics,208-419-9329,"160 Valley River Dr, #4, Rexburg, ID, 83440, USA",160 Valley River Dr,#4,Rexburg,ID,83440,USA,Active,Shopify Staff,43.8330825,-111.7793275,2026-02-11T19:32:07.000Z,2026-02-11T19:32:07.000Z
698cda0282644b68317914f4,gid://shopify/Metaobject/175858909504,Andreea Skin Studio,andreea-skin-studio,646-726-2054,"28-52 34th St, Astoria, NY, 11103, USA",28-52 34th St,,Astoria,NY,11103,USA,Active,Shopify Staff,40.76607120000001,-73.9188913,2026-02-11T19:35:28.000Z,2026-02-11T19:35:28.000Z
698cdc5782644b68317914f6,gid://shopify/Metaobject/175859728704,LivGr8 Health,liv-gr8-health,866-957-9382,"100 Bradford Rd, #320, Wexford, PA, 15090, USA",100 Bradford Rd,#320,Wexford,PA,15090,USA,Active,Shopify Staff,40.642255,-80.0683108,2026-02-11T19:45:25.000Z,2026-02-11T19:45:25.000Z
698cddc188b039a294241664,gid://shopify/Metaobject/175860351296,Rae Anne Aesthetics,rae-anne-aesthetics,832-225-2491,"7107 Farm to Market 2920, Suite 400A, Spring, TX, 77379, USA",7107 Farm to Market 2920,Suite 400A,Spring,TX,77379,USA,Active,Shopify Staff,30.0731239,-95.5263391,2026-02-11T19:51:27.000Z,2026-02-11T19:51:27.000Z
698ce17c82644b68317914f8,gid://shopify/Metaobject/175861694784,GlamGrin Medical Spa,glam-grin-medical-spa,559-331-4975,"1921 Hillman St, Tulare, CA, 93274, USA",1921 Hillman St,,Tulare,CA,93274,USA,Active,Shopify Staff,36.2333893,-119.3319293,2026-02-11T20:07:23.000Z,2026-02-11T20:07:23.000Z
698ce41d82644b68317914f9,gid://shopify/Metaobject/175862448448,Lani Beauty,lani-beauty,702-203-7633,"10120 S Eastern Ave, Suite 130, Henderson, NV, 89052, USA",10120 S Eastern Ave,Suite 130,Henderson,NV,89052,USA,Active,Shopify Staff,36.0061874,-115.1109401,2026-02-11T20:18:35.000Z,2026-02-11T20:18:35.000Z
698ce58988b039a294241667,gid://shopify/Metaobject/175863071040,Healthy Solutions MedSpa,healthy-solutions-medspa,267-388-0300,"3488 York Rd, Furlong, PA, 18925, USA",3488 York Rd,,Furlong,PA,18925,USA,Active,Shopify Staff,40.2955159,-75.0831982,2026-02-11T20:24:39.000Z,2026-02-11T20:24:39.000Z
6994c95382644b68317914fb,gid://shopify/Metaobject/176561193280,Stratus Plastic Surgery,stratus-plastic-surgery,614-956-5757,"400 Stonehenge Pkwy, Suite A, Dublin, OH, 43017, USA",400 Stonehenge Pkwy,Suite A,Dublin,OH,43017,USA,Active,Shopify Staff,40.0829922,-83.12792069999999,2026-02-17T20:02:24.000Z,2026-02-17T20:02:24.000Z
6994f23830eba24fe0eca902,gid://shopify/Metaobject/176574792000,GlowDoll Skin,glow-doll-skin,732-693-1369,"40 Old Country Rd, Suite 2C, Middletown Township, NJ, 07748, USA",40 Old Country Rd,Suite 2C,Middletown Township,NJ,07748,USA,Active,Shopify Staff,40.4084921,-74.1288411,2026-02-17T22:56:54.000Z,2026-02-17T22:56:54.000Z
6994f99b82644b68317914fd,gid://shopify/Metaobject/176576561472,Klose 2 Your Heart,klose-2-your-heart,+61 433 455 510,"Shop 3, 260 Military Rd, Neutral Bay, NSW, 2089, Australia","Shop 3, 260 Military Rd",,Neutral Bay,NSW,2089,Australia,Active - Non-accruing,Shopify Staff,-33.8307934,151.2246329,2026-02-17T23:28:23.000Z,2026-02-17T23:48:27.000Z
6995163230eba24fe0eca91d,gid://shopify/Metaobject/176584917312,Webb Plastic Surgery,webb-plastic-surgery,602-428-7127,"5410 N Scottsdale Rd, #C100, Paradise Valley, AZ, 85253, USA",5410 N Scottsdale Rd,#C100,Paradise Valley,AZ,85253,USA,Active,Shopify Staff,33.5152402,-111.9267443,2026-02-18T01:30:24.000Z,2026-02-18T01:30:24.000Z
69961a7282644b68317914ff,gid://shopify/Metaobject/176660939072,Aurora Aesthetics Company,aurora-aesthetics-company,907-204-0725,"3755 Alaska Ave, Ketchikan, AK, 99901, USA",3755 Alaska Ave,,Ketchikan,AK,99901,USA,Active,Shopify Staff,55.3590011,-131.6919844,2026-02-18T20:00:47.000Z,2026-02-18T20:00:47.000Z
699622fa30eba24fe0eca9c1,gid://shopify/Metaobject/176664314176,Wingate Plastic Surgery,wingate-plastic-surgery,610-595-9811,"1125 Lancaster Ave, Suite 2B, Berwyn, PA, 19312, USA",1125 Lancaster Ave,Suite 2B,Berwyn,PA,19312,USA,Active,Shopify Staff,40.0436658,-75.45132799999999,2026-02-18T20:37:12.000Z,2026-02-18T20:37:12.000Z
6996242882644b6831791501,gid://shopify/Metaobject/176664740160,La Serena Villas,la-serena-villas,760-832-8044,"339 S Belardo Rd, Palm Springs, CA, 92262, USA",339 S Belardo Rd,,Palm Springs,CA,92262,USA,Active,Shopify Staff,33.8188529,-116.5480718,2026-02-18T20:42:14.000Z,2026-02-18T20:42:14.000Z
699625bc82644b6831791502,gid://shopify/Metaobject/176665002304, Health Resonates,health-resonates,207-200-3070,"773 Congress St, Portland, ME, 04102, USA",773 Congress St,,Portland,ME,04102,USA,Active,Shopify Staff,43.653809,-70.2715463,2026-02-18T20:48:57.000Z,2026-02-18T20:48:57.000Z
6998c9fb82644b6831791503,gid://shopify/Metaobject/176861282624,Pure Skin By Navia,pure-skin-by-navia,818-913-2254,"3111 Los Feliz Blvd, #100, Los Angeles, CA, 90039, USA",3111 Los Feliz Blvd,#100,Los Angeles,CA,90039,USA,Active,Shopify Staff,34.1245018,-118.2671224,2026-02-20T20:54:17.000Z,2026-02-20T20:54:17.000Z
6998eebf82644b6831791504,gid://shopify/Metaobject/176870588736,Bare Aesthetix LLC,bare-aesthetix-llc,925-786-9515,"1 Crow Canyon Ct, Suite 200, San Ramon, CA, 94583, USA",1 Crow Canyon Ct,Suite 200,San Ramon,CA,94583,USA,Active,Shopify Staff,37.7781489,-121.9800652,2026-02-20T23:31:08.000Z,2026-02-20T23:31:08.000Z
699cd5c730eba24fe0ecad64,gid://shopify/Metaobject/177141645632,Venus Skincare Spa,venus-skincare-spa,910-695-1313,"210 S Bennett St, Southern Pines, NC, 28387, USA",210 S Bennett St,,Southern Pines,NC,28387,USA,Active,Shopify Staff,35.1743681,-79.3948633,2026-02-23T22:33:40.000Z,2026-02-23T22:33:40.000Z
699cdcca82644b6831791506,gid://shopify/Metaobject/177143873856,MAC’s Lash & Skin Studio,ma-cs-lash-skin-studio,412-704-5259,"4403 Old William Penn Hwy, Murrysville, PA, 15668, USA",4403 Old William Penn Hwy,,Murrysville,PA,15668,USA,Active,Shopify Staff,40.42744980000001,-79.67859109999999,2026-02-23T23:03:36.000Z,2026-02-23T23:03:36.000Z
699ce05f82644b6831791507,gid://shopify/Metaobject/177144824128,Rinnova Skin Care,rinnova-skin-care,303-444-0664,"2600 30th St, Suite 100, Boulder, CO, 80301, USA",2600 30th St,Suite 100,Boulder,CO,80301,USA,Active,Shopify Staff,40.0271181,-105.2534183,2026-02-23T23:18:53.000Z,2026-02-23T23:18:53.000Z
699cf53b82644b6831791508,gid://shopify/Metaobject/177155768640,Beau Aesthetics,beau-aesthetics,406-298-9007,"2631 St Johns Ave, Billings, MT, 59102, USA",2631 St Johns Ave,,Billings,MT,59102,USA,Active,Shopify Staff,45.772122,-108.583479,2026-02-24T00:47:53.000Z,2026-02-24T00:47:53.000Z
699f92ef82644b6831791509,gid://shopify/Metaobject/177397760320,Advanced Electrolysis & MedSpa,advanced-electrolysis-medspa,801-782-5868,"1690 N Washington Blvd, Suite 3, North Ogden, UT, 84404, USA",1690 N Washington Blvd,Suite 3,North Ogden,UT,84404,USA,Active,Shopify Staff,41.28869299999999,-111.9685995,2026-02-26T00:25:17.000Z,2026-02-26T00:25:17.000Z
69a0bdec82644b683179150a,gid://shopify/Metaobject/177627824448,Eman Aesthetics,eman-aesthetics,937-310-1121,"5289 Cornerstone N Blvd, Centerville, OH, 45440, USA",5289 Cornerstone N Blvd,,Centerville,OH,45440,USA,Active,Shopify Staff,39.663171,-84.1079274,2026-02-26T21:40:58.000Z,2026-02-26T21:40:58.000Z
69a0ce421c8017f7973590db,gid://shopify/Metaobject/177634672960,Skin Awakening,skin-awakening,,"25 Franklin Street, Lenox, MA, 01240, USA",25 Franklin Street,,Lenox,MA,01240,USA,Active - Non-accruing,Shopify Staff,42.3596982,-73.28227489999999,2026-02-26T22:50:39.000Z,2026-02-26T22:50:39.000Z
69a0cee61c8017f7973590dc,gid://shopify/Metaobject/177634902336,Skin Clinic - Vacaville,skin-clinic-vacaville,,"405 Boyd Street, Vacaville, CA, 95688, USA",405 Boyd Street,,Vacaville,CA,95688,USA,Active - Non-accruing,Shopify Staff,38.3546136,-121.9884908,2026-02-26T22:53:24.000Z,2026-02-26T22:53:24.000Z
69a0cfff82644b683179150d,gid://shopify/Metaobject/177635295552,N-vie Skincare by Maureen Grogan (Billerica),n-vie-skincare-by-maureen-grogan-billerica,978-667-0225,"330 Boston Road, Unit 7, Billerica, MA, 01862, USA",330 Boston Road,Unit 7,Billerica,MA,01862,USA,Active - Non-accruing,Shopify Staff,42.5697329,-71.2743715,2026-02-26T22:58:06.000Z,2026-02-26T22:58:06.000Z
69a0d04d1c8017f7973590dd,gid://shopify/Metaobject/177635459392,N-vie Skincare by Maureen Grogan (Newburyport),n-vie-skincare-by-maureen-grogan-newburyport,978-667-0225,"23 Middle Street, Newburyport, MA, 01950, USA",23 Middle Street,,Newburyport,MA,01950,USA,Active - Non-accruing,Shopify Staff,42.8104867,-70.8689679,2026-02-26T22:59:23.000Z,2026-02-26T22:59:23.000Z
69a0d1bf82644b683179150f,gid://shopify/Metaobject/177636475200,Portofino Resort Spa,portofino-resort-spa,850-916-3455,"10 Portofino Dr, Pensacola Beach, FL, 32561, USA",10 Portofino Dr,,Pensacola Beach,FL,32561,USA,Active - Non-accruing,Shopify Staff,30.3452346,-87.0807119,2026-02-26T23:05:33.000Z,2026-02-26T23:05:33.000Z
69a0d39582644b6831791510,gid://shopify/Metaobject/177637228864,Huntington Hotel - Nob Hill,huntington-hotel-nob-hill,415-745-9001,"1075 California Street, San Francisco, CA, 94108, USA",1075 California Street,,San Francisco,CA,94108,USA,Active - Non-accruing,Shopify Staff,37.7914031,-122.4122011,2026-02-26T23:13:23.000Z,2026-02-26T23:13:23.000Z
69a0d4871c8017f7973590e0,gid://shopify/Metaobject/177637523776,Heyday - Nomad,heyday-nomad,646-869-3601,"1130 Broadway, New York, NY, 10010, USA",1130 Broadway,,New York,NY,10010,USA,Active - Non-accruing,Shopify Staff,40.7432867,-73.988817,2026-02-26T23:17:25.000Z,2026-02-26T23:17:25.000Z
69a0d4ea1c8017f7973590e1,gid://shopify/Metaobject/177637949760,Heyday - Upper West Side,heyday-upper-west-side,212-796-7796,"67 W 71st Street, New York, NY, 10023, USA",67 W 71st Street,,New York,NY,10023,USA,Active - Non-accruing,Shopify Staff,40.7766169,-73.97872799999999,2026-02-26T23:19:04.000Z,2026-02-26T23:19:04.000Z
69a0d57a82644b6831791513,gid://shopify/Metaobject/177638441280,Heyday - Kirkland,heyday-kirkland,425-553-1922,"148 Lake St S, Kirkland, WA, 98033, USA",148 Lake St S,,Kirkland,WA,98033,USA,Active - Non-accruing,Shopify Staff,47.6745426,-122.2058296,2026-02-26T23:21:28.000Z,2026-02-26T23:21:28.000Z
69a0d5de82644b6831791514,gid://shopify/Metaobject/177638637888,Holland Michael Artistry,holland-michael-artistry,,"21152 Calistoga Street, Suite 104, Middletown, CA, 95161, USA",21152 Calistoga Street,Suite 104,Middletown,CA,95161,USA,Active - Non-accruing,Shopify Staff,38.7521109,-122.6150815,2026-02-26T23:23:08.000Z,2026-02-26T23:23:08.000Z
69a0d8ab82644b6831791515,gid://shopify/Metaobject/177639719232,The Face Space,the-face-space-studio,832-742-4660,"17310 State Hwy 3, Suite A, Webster, TX, 77598, USA",17310 State Hwy 3,Suite A,Webster,TX,77598,USA,Active,Shopify Staff,29.5421652,-95.1235847,2026-02-26T23:35:05.000Z,2026-02-27T18:05:44.000Z
69a2242b82644b6831791516,gid://shopify/Metaobject/177750704448,EG Aesthetics,eg-aesthetics,216-559-0409,"27600 Chagrin Blvd, #200, Woodmere, OH, 44122, USA",27600 Chagrin Blvd,#200,Woodmere,OH,44122,USA,Active,Shopify Staff,41.4618043,-81.4833877,2026-02-27T23:09:29.000Z,2026-02-27T23:09:29.000Z
69a22c3582644b6831791517,gid://shopify/Metaobject/177754243392,Marie Padilla Medical Aesthetics,marie-padilla-medical-aesthetics,209-923-3159,"290 Rose St, Danville, CA, 94526, USA",290 Rose St,,Danville,CA,94526,USA,Active,Shopify Staff,37.8236254,-122.0004924,2026-02-27T23:43:47.000Z,2026-02-27T23:43:47.000Z
69a60eb182644b6831791518,gid://shopify/Metaobject/178053972288,UPMC Facial Plastics - Shadyside,upmc-facial-plastics-shadyside,412-621-0123,"5200 Centre Avenue,, Suite 211, Pittsburgh, PA, 15232, USA","5200 Centre Avenue,",Suite 211,Pittsburgh,PA,15232,USA,Active,Shopify Staff,40.4544027,-79.9408266,2026-03-02T22:26:55.000Z,2026-03-02T22:26:55.000Z
69a6145682644b6831791519,gid://shopify/Metaobject/178056036672,Rebel Face Aesthetics,rebel-face-aesthetics,724-799-5556,"4835 Butler St, Pittsburgh, PA, 15201, USA",4835 Butler St,,Pittsburgh,PA,15201,USA,Active,Shopify Staff,40.4770283,-79.95718169999999,2026-03-02T22:51:00.000Z,2026-03-02T22:53:27.000Z
69a6349f82644b683179151a,gid://shopify/Metaobject/178064458048,Skin Rejuv Aesthetics,skin-rejuv-aesthetics,586-741-5069,"44720 Hayes Rd, #100, Clinton Township, MI, 48038, USA",44720 Hayes Rd,#100,Clinton Township,MI,48038,USA,Active,Shopify Staff,42.6250177,-82.9723892,2026-03-03T01:08:46.000Z,2026-03-03T01:08:46.000Z
69a6371482644b683179151b,gid://shopify/Metaobject/178065473856,JLG Medical Spa,jlg-medical-spa,716-932-7546,"8560 Main St,, Suite 4, Williamsville, NY, 14221, USA","8560 Main St,",Suite 4,Williamsville,NY,14221,USA,Active,Shopify Staff,42.96569849999999,-78.6743805,2026-03-03T01:19:14.000Z,2026-03-03T01:19:14.000Z
69a727111c8017f797359a7b,gid://shopify/Metaobject/178131173696,Dr. Robert Nossa,dr-robert-nossa,508-492-3200,"3880 Falmouth Rd, Marstons Mills, MA, 02648, USA",3880 Falmouth Rd,,Marstons Mills,MA,02648,USA,Active,Shopify Staff,41.6480789,-70.42562989999999,2026-03-03T18:23:11.000Z,2026-03-03T18:23:11.000Z
69a7690c1c8017f797359aa1,gid://shopify/Metaobject/178224726336,Center for Beauty,center-for-beauty,502-897-7546,"224 Chenoweth Ln, Louisville, KY, 40207, USA",224 Chenoweth Ln,,Louisville,KY,40207,USA,Active,Shopify Staff,38.2573313,-85.65956109999999,2026-03-03T23:04:42.000Z,2026-03-03T23:04:42.000Z
69a76c041c8017f797359aa6,gid://shopify/Metaobject/178225348928,Hannah Pcheny Aesthetics,hannah-pcheny-aesthetics,864-906-8546,"104 W Rd, Greer, SC, 29650, USA",104 W Rd,,Greer,SC,29650,USA,Active,Shopify Staff,34.9216142,-82.23635159999999,2026-03-03T23:17:22.000Z,2026-03-03T23:17:22.000Z
69a76f3d1c8017f797359aad,gid://shopify/Metaobject/178226430272,Asheville Beauty Co.,asheville-beauty-co,828-505-1197,"200 District Dr,, #106, Asheville, NC, 28803, USA","200 District Dr,",#106,Asheville,NC,28803,USA,Active,Shopify Staff,35.5666224,-82.534988,2026-03-03T23:31:08.000Z,2026-03-03T23:31:08.000Z
69a77d9f1c8017f797359ab1,gid://shopify/Metaobject/178231050560,Lotus & Sage Beauty,lotus-and-sage-beauty,916-575-0563,"2847 35th St, Sacramento, CA, 95817, USA",2847 35th St,,Sacramento,CA,95817,USA,Active,Shopify Staff,38.55077259999999,-121.4685149,2026-03-04T00:32:29.000Z,2026-03-04T00:32:29.000Z
69a7894882644b6831791521,gid://shopify/Metaobject/178234032448,Sarah Hamilton FACE Med Spa,sarah-hamilton-face-med-spa,509-210-0228,"1334 N Whitman Ln,, Suite #210, Liberty Lake, WA, 99019, USA","1334 N Whitman Ln,",Suite #210,Liberty Lake,WA,99019,USA,Active,Shopify Staff,47.6691765,-117.1104132,2026-03-04T01:22:14.000Z,2026-03-04T01:22:14.000Z
69a872b81c8017f797359b2a,gid://shopify/Metaobject/178488213824,Alive Wellness and Aesthetics,alive-wellness-and-aesthetics,252-650-8990,"4051 S Memorial Dr,, Unit C-3, Winterville, NC, 28590, USA","4051 S Memorial Dr,",Unit C-3,Winterville,NC,28590,USA,Active,Shopify Staff,35.55443959999999,-77.4050212,2026-03-04T17:58:15.000Z,2026-03-04T17:58:15.000Z
69a875e682644b6831791524,gid://shopify/Metaobject/178489196864,Alaya Health & Wellness Integrative Functional Medicine,alaya-health-wellness,435-574-8014,"1062 E Riverside Dr,, #203, St. George, UT, 84790, USA","1062 E Riverside Dr,",#203,St. George,UT,84790,USA,Active,Shopify Staff,37.0872979,-113.5599119,2026-03-04T18:11:48.000Z,2026-03-04T18:11:48.000Z
69a8798682644b6831791525,gid://shopify/Metaobject/178490179904,Aleutian Spa,aleutian-spa,406-570-6581,"12097 Gayton Rd, Henrico, VA, 23238, USA",12097 Gayton Rd,,Henrico,VA,23238,USA,Active,Shopify Staff,37.6144354,-77.63661619999999,2026-03-04T18:27:16.000Z,2026-03-04T18:27:16.000Z
69a87b7782644b6831791526,gid://shopify/Metaobject/178490868032,Evolve Aesthetics,evolve-aesthetics,804-543-1175,"3850 Gaskins Rd,, Suite 230, Richmond, VA, 23233, USA","3850 Gaskins Rd,",Suite 230,Richmond,VA,23233,USA,Active,Shopify Staff,37.6424479,-77.5704944,2026-03-04T18:35:33.000Z,2026-03-04T18:35:33.000Z
69a880ea1c8017f797359b37,gid://shopify/Metaobject/178493194560,Colonial Aesthetics,colonial-aesthetics,757-585-4162,"1309 Jamestown Rd,, Suite 204, Williamsburg, VA, 23185, USA","1309 Jamestown Rd,",Suite 204,Williamsburg,VA,23185,USA,Active,Shopify Staff,37.2520958,-76.73811649999999,2026-03-04T18:58:48.000Z,2026-03-04T18:58:48.000Z
69a883cd82644b6831791528,gid://shopify/Metaobject/178495652160,WellCo Studio,well-co-studio,540-358-8654,"129 Salem Ave SW, Roanoke, VA, 24011, USA",129 Salem Ave SW,,Roanoke,VA,24011,USA,Active,Shopify Staff,37.2727449,-79.9437476,2026-03-04T19:11:08.000Z,2026-03-04T19:21:24.000Z
69a88ac082644b6831791529,gid://shopify/Metaobject/178498568512,Charleston Medical Spa,charleston-medical-spa,843-225-3223,"1950 Maybank Hwy,, Suite A, Charleston, SC, 29412, USA","1950 Maybank Hwy,",Suite A,Charleston,SC,29412,USA,Active,Shopify Staff,32.7628509,-79.9853148,2026-03-04T19:40:46.000Z,2026-03-04T19:40:46.000Z
69a890bf82644b683179152a,gid://shopify/Metaobject/178499977536,Cove Health and Wellness,cove-health-and-wellness,843-225-3223,"1950 Maybank Hwy,, Suite A, Charleston, SC, 29412, USA","1950 Maybank Hwy,",Suite A,Charleston,SC,29412,USA,Active,Shopify Staff,32.7628509,-79.9853148,2026-03-04T20:06:21.000Z,2026-03-04T20:06:21.000Z
69a892d582644b683179152b,gid://shopify/Metaobject/178500272448,Rhonda's Hair Care,rhondas-hair-care,573-644-4828,"4191 Hwy U, Linn, MO, 65051, USA",4191 Hwy U,,Linn,MO,65051,USA,Active,Shopify Staff,38.3994529,-91.8833763,2026-03-04T20:15:15.000Z,2026-03-04T20:15:15.000Z
69a8b6051c8017f797359b51,gid://shopify/Metaobject/178510463296,Ageless Medical,ageless-medical,307-256-2385,"6228 Yellowstone Rd, Cheyenne, WY, 82009, USA",6228 Yellowstone Rd,,Cheyenne,WY,82009,USA,Active,Shopify Staff,41.17624319999999,-104.8292874,2026-03-04T22:45:23.000Z,2026-03-04T22:45:23.000Z
69a8be6782644b683179152d,gid://shopify/Metaobject/178512494912,Vida Beauty and Wellness,vida-beauty-and-wellness,209-808-5283,"2353 Pacific Ave, Suite A, Stockton, CA, 95204, USA",2353 Pacific Ave,Suite A,Stockton,CA,95204,USA,Active,Shopify Staff,37.9724405,-121.3016166,2026-03-04T23:21:09.000Z,2026-03-04T23:21:09.000Z
69a8bfaa82644b683179152e,gid://shopify/Metaobject/178512953664,Keowee Aesthetics,keowee-aesthetics,864-722-0369,"501 Forest Ln,, Suite D, Clemson, SC, 29631, USA","501 Forest Ln,",Suite D,Clemson,SC,29631,USA,Active,Shopify Staff,34.6887919,-82.8211583,2026-03-04T23:26:33.000Z,2026-03-04T23:26:33.000Z
69a9cf7c1c8017f797359bf0,gid://shopify/Metaobject/178774475072,B Beautiful - East Hill,b-beautiful-east-hill,850-438-7568,"2899 N 12th Ave, Pensacola, FL, 32503, USA",2899 N 12th Ave,,Pensacola,FL,32503,USA,Active,Shopify Staff,30.4434345,-87.2073735,2026-03-05T18:46:18.000Z,2026-03-05T18:46:18.000Z
69a9d6be82644b6831791530,gid://shopify/Metaobject/178776703296,Cultivé Medical Aesthetics,cultive-medical-aesthetics,619-259-0202,"3311 Fourth Ave, San Diego, CA, 92103, USA",3311 Fourth Ave,,San Diego,CA,92103,USA,Active - Non-accruing,Shopify Staff,32.7400547,-117.1610103,2026-03-05T19:17:16.000Z,2026-03-05T19:17:47.000Z
69a9dd031c8017f797359bf5,gid://shopify/Metaobject/178778767680,Mulberry Medspa,mulberry-medspa,619-884-7815,"16486 Bernardo Center Dr,, Suite 140, San Diego, CA, 92128, USA","16486 Bernardo Center Dr,",Suite 140,San Diego,CA,92128,USA,Active - Non-accruing,Shopify Staff,33.0143603,-117.0786516,2026-03-05T19:44:02.000Z,2026-03-05T19:44:02.000Z
69a9e66882644b6831791532,gid://shopify/Metaobject/178806161728,Cosmetic Laser Dermatology,cosmetic-laser-dermatology,858-943-2113,"9339 Genesee Ave,, Suite 300, San Diego, CA, 92121, USA","9339 Genesee Ave,",Suite 300,San Diego,CA,92121,USA,Active - Non-accruing,Shopify Staff,32.8760991,-117.2131775,2026-03-05T20:24:07.000Z,2026-03-05T20:24:07.000Z
69a9e73582644b6831791533,gid://shopify/Metaobject/178806423872,House of Aesthetix & Regenerative Medicine,house-of-aesthetix-regenerative-medicine,858-284-4254,"409 Camino del Rio S,, #102, San Diego, CA, 92108, USA","409 Camino del Rio S,",#102,San Diego,CA,92108,USA,Active - Non-accruing,Shopify Staff,32.7607407,-117.1610144,2026-03-05T20:27:31.000Z,2026-03-05T20:27:31.000Z
69ab3d9c82644b6831791534,gid://shopify/Metaobject/178907316544,Royal Aesthetics,royal-aesthetics,713-898-5846,"15295 Lake Lamond Rd, Conroe, TX, 77384, USA",15295 Lake Lamond Rd,,Conroe,TX,77384,USA,Active,Shopify Staff,30.2360461,-95.5057144,2026-03-06T20:48:26.000Z,2026-03-06T20:48:26.000Z
69ab555a82644b6831791535,gid://shopify/Metaobject/178914165056,NuRemedy Wellness,nu-remedy-wellness,813-833-8037,"400 Frandorson Cir, Suite 4218, Apollo Beach, 33572, USA",400 Frandorson Cir,Suite 4218,Apollo Beach,,33572,USA,Active,Shopify Staff,27.76895,-82.3937613,2026-03-06T22:29:44.000Z,2026-03-06T22:29:44.000Z
69ab56e01c8017f797359cd7,gid://shopify/Metaobject/178914656576,Skin Therapy by Nancy,skin-therapy-by-nancy,773-206-0318,"1528 W Monroe St,, Suite 100, Chicago, IL, 60607, USA","1528 W Monroe St,",Suite 100,Chicago,IL,60607,USA,Active,Shopify Staff,41.8805402,-87.6655102,2026-03-06T22:36:14.000Z,2026-03-06T22:36:14.000Z
69ab57eb82644b6831791537,gid://shopify/Metaobject/178914754880,SkinQ - Lincoln Park,skin-q-lincoln-park,312-291-1396,"709 W Belden Ave, Chicago, IL, 60614, USA",709 W Belden Ave,,Chicago,IL,60614,USA,Active,Shopify Staff,41.9235003,-87.6467996,2026-03-06T22:40:41.000Z,2026-03-06T22:40:41.000Z
69af0c381c8017f797359e9c,gid://shopify/Metaobject/180751663424,Beauty ReNew Aesthetics & Wellness,beauty-re-new-aesthetics-wellness,616-209-9990,"11539 E Lakewood Blvd,, Suite 100/110, Holland, MI, 49424, USA","11539 E Lakewood Blvd,",Suite 100/110,Holland,MI,49424,USA,Active,Shopify Staff,42.8054959,-86.0659835,2026-03-09T18:06:46.000Z,2026-03-09T18:06:46.000Z
69af19f182644b6831791539,gid://shopify/Metaobject/180756513088,Lily & Rose,lily-and-rose,470-231-6424,"2250 Marietta Blvd NW,, Suite 308, Atlanta, GA, 30318, USA","2250 Marietta Blvd NW,",Suite 308,Atlanta,GA,30318,USA,Active,Shopify Staff,33.8167949,-84.44836190000001,2026-03-09T19:05:19.000Z,2026-03-09T19:05:19.000Z
69af375b6ed129bb08f2027c,gid://shopify/Metaobject/180781482304,Savanah Summer Beauty,savanah-summer-beauty,314-502-4999,"10505 Big Bend Rd, Kirkwood, MO, 63122, USA",10505 Big Bend Rd,,Kirkwood,MO,63122,USA,Active,Shopify Staff,38.5674551,-90.4026413,2026-03-09T21:10:49.000Z,2026-03-09T21:10:49.000Z
69af882882644b683179153b,gid://shopify/Metaobject/180812349760,Beer & Zeitler Dermatology,beer-zeitler-dermatology,646-452-8111,"110 E 60th St,, Suite 1002, New York, NY, 10022, USA","110 E 60th St,",Suite 1002,New York,NY,10022,USA,Active,Shopify Staff,40.7631169,-73.9688291,2026-03-10T02:55:34.000Z,2026-03-10T02:55:34.000Z
69af8f1d82644b683179153c,gid://shopify/Metaobject/180815626560,Dolce 202,dolce-202,480-403-1895,"7231 E Princess Blvd,, Suite 202, Scottsdale, AZ, 85255, USA","7231 E Princess Blvd,",Suite 202,Scottsdale,AZ,85255,USA,Active,Shopify Staff,33.6467093,-111.9220751,2026-03-10T03:25:14.000Z,2026-03-10T03:25:14.000Z
69b05a2e6ed129bb08f20319,gid://shopify/Metaobject/186646167872,Atelier Skin,atelier-skin,602-299-3241,"5115 N Scottsdale Rd,, Suite 14, Scottsdale, AZ, 85250, USA","5115 N Scottsdale Rd,",Suite 14,Scottsdale,AZ,85250,USA,Active,Shopify Staff,33.5124667,-111.9255139,2026-03-10T17:51:39.000Z,2026-03-10T17:51:39.000Z
69b1d7ed82644b683179153e,gid://shopify/Metaobject/190582686016,Restorative Health Functional Medicine,restorative-health-functional-medicine,530-878-3785,"16770 Placer Hills Rd,, Suite B, Meadow Vista, CA, 95722, USA","16770 Placer Hills Rd,",Suite B,Meadow Vista,CA,95722,USA,Active,Shopify Staff,38.9956073,-121.0228262,2026-03-11T21:00:27.000Z,2026-03-11T21:00:27.000Z
69b3159d82644b683179153f,gid://shopify/Metaobject/193714061632,Facework by Kim,facework-by-kim,971-385-5730,"16416 SE Sunnyside Rd,, Suite 100, Clackamas, OR, 97015, USA","16416 SE Sunnyside Rd,",Suite 100,Clackamas,OR,97015,USA,Active,Shopify Staff,45.42674239999999,-122.4942639,2026-03-12T19:35:55.000Z,2026-03-12T19:35:55.000Z
69b33c33dca5c96754bb5081,gid://shopify/Metaobject/193746501952,Pivot Aesthetics,pivot-aesthetics,785-261-0616,"3915 SW 19th St, Topeka, KS, 66604, USA",3915 SW 19th St,,Topeka,KS,66604,USA,Active,Shopify Staff,39.0329338,-95.72571789999999,2026-03-12T22:20:33.000Z,2026-03-12T22:20:33.000Z
69b4705e82644b6831791541,gid://shopify/Metaobject/198565560640,Graceology Med Spa,graceology-med-spa,913-354-6002,"8077 W 159th St, Overland Park, KS, 66223, USA",8077 W 159th St,,Overland Park,KS,66223,USA,Active,Shopify Staff,38.8399432,-94.6839827,2026-03-13T20:15:20.000Z,2026-03-13T20:15:20.000Z
69b4751c82644b6831791542,gid://shopify/Metaobject/198566478144,Wellness & Hormones Avenue,wellness-hormones-avenue,725-222-8260,"7965 W Sahara Ave, Las Vegas, NV, 89117, USA",7965 W Sahara Ave,,Las Vegas,NV,89117,USA,Active,Shopify Staff,36.1429096,-115.2642181,2026-03-13T20:35:38.000Z,2026-03-13T20:35:38.000Z
69b8588ddca5c96754bb52e4,gid://shopify/Metaobject/204462063936,The Injection Room,the-injection-room,970-699-3380,"588 N Lincoln Ave, Suite 589, Loveland, CO, 80537, USA",588 N Lincoln Ave,Suite 589,Loveland,CO,80537,USA,Active,Shopify Staff,40.397399,-105.072879,2026-03-16T19:22:51.000Z,2026-03-16T19:22:51.000Z
69b8619582644b6831791544,gid://shopify/Metaobject/204465963328,Remedy Pain & Restoration,remedy-pain-restoration,432-634-1007,"1407 W Texas Ave, Midland, TX, 79701, USA",1407 W Texas Ave,,Midland,TX,79701,USA,Active,Shopify Staff,31.9963623,-102.0899415,2026-03-16T20:01:23.000Z,2026-03-16T20:01:23.000Z
69b887b282644b6831791545,gid://shopify/Metaobject/204481102144,The Esthetic Standard,the-esthetic-standard,858-370-4475,"1150 Silverado St,, Suite 303, La Jolla, CA, 92037, USA","1150 Silverado St,",Suite 303,La Jolla,CA,92037,USA,Active,Shopify Staff,32.8457513,-117.2720665,2026-03-16T22:44:00.000Z,2026-03-16T22:44:00.000Z
69b89a28dca5c96754bb5313,gid://shopify/Metaobject/204489326912,Premier Skin Clinic,premier-skin-clinic,970-221-1285,"1603 Oakridge Dr,, #200, Fort Collins, CO, 80525, USA","1603 Oakridge Dr,",#200,Fort Collins,CO,80525,USA,Active,Shopify Staff,40.5221696,-105.0484423,2026-03-17T00:02:46.000Z,2026-03-17T00:02:46.000Z
69b8a60482644b6831791547,gid://shopify/Metaobject/204492636480,Treasure Valley Plastic Surgery and Medical Spa,treasure-valley-plastic-surgery-medical-spa,208-753-2400,"3277 E Louise Dr,, Suite 375, Meridian, ID, 83642, USA","3277 E Louise Dr,",Suite 375,Meridian,ID,83642,USA,Active,Shopify Staff,43.6027348,-116.3525513,2026-03-17T00:53:22.000Z,2026-03-17T00:53:22.000Z
69b8accc82644b6831791548,gid://shopify/Metaobject/204496568640,Rocky Mountain Beauty Bar,rocky-mountain-beauty-bar,720-464-1846,"665 Frontage Rd,, Suite 250, Longmont, CO, 80501, USA","665 Frontage Rd,",Suite 250,Longmont,CO,80501,USA,Active,Shopify Staff,40.1504701,-105.1208705,2026-03-17T01:22:18.000Z,2026-03-17T01:22:18.000Z
69b9b1ef82644b6831791549,gid://shopify/Metaobject/209812717888,Sarah Hamilton FACE - CDA,sarah-hamilton-face-cda,208-277-0018,"2120 Northwest Blvd, Coeur d'Alene, ID, 83814, USA",2120 Northwest Blvd,,Coeur d'Alene,ID,83814,USA,Active,Shopify Staff,47.6959007,-116.8042796,2026-03-17T19:56:28.000Z,2026-03-17T19:56:28.000Z
69b9bb2082644b683179154a,gid://shopify/Metaobject/209818190144,Couri Center,couri-center,309-692-6838,"6708 Knoxville Ave,, Suite 1, Peoria, IL, 61614, USA","6708 Knoxville Ave,",Suite 1,Peoria,IL,61614,USA,Active,Shopify Staff,40.7690912,-89.60154349999999,2026-03-17T20:35:42.000Z,2026-03-17T20:35:42.000Z
69bafaf682644b683179154b,gid://shopify/Metaobject/218844594496,Sugaring SD,sugaring-sd,619-399-9274,"930 W Washington St, Suite 9 (second floor), San Diego, CA, 92103, USA",930 W Washington St,Suite 9 (second floor),San Diego,CA,92103,USA,Active,Shopify Staff,32.7501377,-117.1719234,2026-03-18T19:20:20.000Z,2026-03-18T19:20:20.000Z
69bb16b8dca5c96754bb543e,gid://shopify/Metaobject/218855932224,Face Lounge Aesthetics,face-lounge-aesthetics,480-597-4603,"8952 E Desert Cove Ave,, Suite E202, Scottsdale, AZ, 85260, USA","8952 E Desert Cove Ave,",Suite E202,Scottsdale,AZ,85260,USA,Active,Shopify Staff,33.5855804,-111.8881999,2026-03-18T21:18:46.000Z,2026-03-18T21:18:46.000Z
69bc54e682644b683179154d,gid://shopify/Metaobject/219026424128,Gild Beauty Bar,gild-beauty-bar,530-949-2511,"1650 East St, Redding, CA, 96001, USA",1650 East St,,Redding,CA,96001,USA,Active,Shopify Staff,40.5832659,-122.3878338,2026-03-19T19:56:20.000Z,2026-03-19T19:56:20.000Z
69bc719f82644b683179154e,gid://shopify/Metaobject/219032912192,Awaken Aesthetics,awaken-aesthetics,561-574-7007,"11670 US-1,, Suite 110, Palm Beach Gardens, FL, 33408, USA","11670 US-1,",Suite 110,Palm Beach Gardens,FL,33408,USA,Active,Shopify Staff,26.8466501,-80.05877480000001,2026-03-19T21:58:52.000Z,2026-03-19T21:58:52.000Z
69bc83b1dca5c96754bb5514,gid://shopify/Metaobject/219037794624,Glo Wellness,glo-wellness,720-437-9570,"11020 S Pikes Peak Dr,, Suite 240B, Parker, CO, 80138, USA","11020 S Pikes Peak Dr,",Suite 240B,Parker,CO,80138,USA,Active,Shopify Staff,39.516787,-104.761762,2026-03-19T23:15:59.000Z,2026-03-19T23:15:59.000Z
69bc8ad482644b6831791550,gid://shopify/Metaobject/219039301952,You. Unedited Aesthetics and Wellness,you-unedited-aesthetics-and-wellness,928-438-9571,"912 N Beaver St,, Suite 1, Flagstaff, AZ, 86001, USA","912 N Beaver St,",Suite 1,Flagstaff,AZ,86001,USA,Active,Shopify Staff,35.206667,-111.645914,2026-03-19T23:46:26.000Z,2026-03-19T23:46:26.000Z
69bd8f8e82644b6831791551,gid://shopify/Metaobject/219136524608,Simply Skin by Julianna Smith,simply-skin-by-julianna-smith,617-304-0975,"2670 Madison St, Suite E, Clarksville, TN, 37043, USA",2670 Madison St,Suite E,Clarksville,TN,37043,USA,Active,Shopify Staff,36.5036395,-87.254629,2026-03-20T18:18:42.000Z,2026-03-20T18:20:09.000Z
69bdcfebdca5c96754bb5621,gid://shopify/Metaobject/219150811456,True Skin Aesthetics,true-skin-aesthetics,832-615-0513,"6699 Chimney Rock Rd, Suite 201, Houston, TX, 77081, USA",6699 Chimney Rock Rd,Suite 201,Houston,TX,77081,USA,Active,Shopify Staff,29.7077224,-95.4759598,2026-03-20T22:53:29.000Z,2026-03-20T22:53:29.000Z
