id,name,latitude,longitude,address_line_1,address_line_2,city,state,postal_code,country,phone,website,email,description
118253021,‘Med Spa Jamaica,51.39479141,-0.29227210,"2 Seymour Ave, Unit 29",,Kingston,FL,00875,,,http://Www.emedspajamaica.com,,
118253342,‘Med Spa Jamaica,41.38995661,-73.08165780,"2 Seymour Ave, unit 29 Seymour Park",,Jamaica,FL,00876,,(876) 648-8180,http://Www.emedspajamaica.com,,
118253058,@Skyn Stuff Esthetics,37.08506076,-76.46751253,729 Thimble shoals blvd,,Newport News,VA,23606,,(757) 952-5893,http://Skynstuff.com,,
118252007,111 Phase,40.57116647,-74.51271221,409 Union Ave - Suite 4,,Middlesex,NJ,08846,,(908) 502-8005,http://111phase.com,,
118250862,20!20 Vision,34.01505573,-81.00091327,1600 St. Julien Pl,,Columbia,SC,29204,,(803) 748-9994,http://www.2020visionsc.com,,
118253427,29:11 Aesthetics & Wellness,32.59669194,-93.71190634,182 Barclay Blvd,,Bossier City,LA,71111,,(318) 716-8963,http://2911aestheticsandwellness.com,,
118253429,32 Cryo Studio & Med Spa,31.76154520,-93.08665153,133 Denis,,Natchitoches,LA,71457,,(318) 228-3520,http://cryostudio-la.com,,
118252841,321 Medspa & Hydration,35.72035852,-79.17231297,287 east st,,Pittsboro,NC,27312,,(984) 282-2555,http://321medspa.com,,
118251576,360 body med spa,33.09155422,-96.80315860,8308 Preston rd unit 200 suite 235,,Plano,TX,75024,,(945) 426-9177,http://www.360bodymedspa.com,,
118251625,360 Esthetics,26.28884307,-98.16741608,"1409 S. 9th Avenue, Suite 308",,Edinburg,TX,78539,,(830) 278-0778,http://www.instagram.com/_360esthetics_?igsh=MXNtNmJiM3R1dzVyZA%3D%3D&utm_source=qr,,
118251626,360 Esthetics,26.28884307,-98.16741608,"1409 S 9th Avenue, Suite 308",,Edinburg,TX,78539,,(830) 278-0778,http://www.instagram.com/_360esthetics_?igsh=MXNtNmJiM3R1dzVyZA%3D%3D&utm_source=qr,,
118252466,4 Ever Glow Med Spa and Salon,29.78147170,-95.80098810,722 Katy Fort Bend Dr,,Richmond,TX,77407,,(281) 394-2207,,,
118252282,417 Refine,37.15806088,-93.23741528,2918 East Battlefield Road,,Springfield,MO,65804,,(417) 221-6419,http://417-refine.com,,
118253104,417 Refine - Joplin,37.08640300,-94.51244700,516 S. Virginia Ave,,Joplin,MO,64801,,(417) 414-0148,http://417-refine.com,,
118251794,4Ever Young - Wellington,26.64994300,-80.21530000,10620 W. Forest Hill Blvd Suite 50,,Wellington,FL,33414,,,http://4everyoungantiaging.com,,
118251452,4Ever Young Anti Aging Solutions,41.50996801,-87.85114394,91 Bankview Drive,,Frankfort,IL,60423,,(779) 246-3272,http://4everyoungantiaging.com/location/frankfort/,,
118252084,4Ever Young Anti Aging Solutions- Vintage Park,29.99734600,-95.57650800,10850 louetta rd suite 1000,,Houston,TX,77070,,(346) 660-4007,http://4everyoungantiaging.com/location/vintage-houston/,,
118252447,4Ever Young Anti-aging Solutions,33.04054133,-97.09611591,4251 Cross Timbers Rd #160,,Flower Mound,TX,75022,,(469) 658-4256,http://Www.4everyoungantiaging.com,,
118251147,4Ever Young Anti-Aging solutions,30.08904930,-95.52041565,6535 Grand PKWY Suite 215,,Spring,TX,77389,,(832) 650-0953,http://4everyoungantiaging.com,,
118251352,4Ever Young Anti-Aging Solutions,26.25384301,-81.79971340,9100 Strada Place Suite #2135,,Naples,FL,34108,,,http://4everyoungantiaging.com,,
118251228,4Ever Young Anti-Aging Solutions,26.46169000,-80.07716000,"401 W. Atlantic Ave, Suite R-12",,Delray Beach,FL,33444,,,http://4everyoungantiaging.com,,
118251105,4Ever Young Anti-Aging Solutions,26.18164290,-80.11991313,4331 N Federal Highway Suite 100,,Fort Lauderdale,FL,33308,,,http://Www.4everyoungantiaging.com,,
118251104,4Ever Young Anti-Aging Solutions,26.36274319,-80.12851313,5458 Town Center Road Suite 19,,Boca Raton,FL,33486,,,http://Www.4everyoungantiaging.com,,
118251106,4Ever Young Anti-Aging Solutions,26.30643100,-80.28051315,5988 Coral Ridge Dr,,Parkland,FL,33076,,,http://Www.4everyoungantiaging.com,,
118251148,4Ever Young Anti-Aging solutions,29.78148793,-95.39715630,550 Heights BLVD Suite A,,Houston,TX,77007,,(713) 893-8064,http://4everyoungantiaging.com,,
118251146,4Ever Young Anti-Aging Solutions - Spring TX,30.08904930,-95.52041565,"6535 Grand Parkway, Ste 215",,Spring,TX,77389,,(832) 585-8008,http://www.4everyoungspringtx.com,,
118251730,4Ever Young Anti-Aging Solutions-Kingwood,30.06772800,-95.24896200,30130 rock creek dr #300,,kingwood,TX,77339,,(281) 242-1724,http://4everyoungantiaging.com/location/kingwood/botox/,,
118251604,4Ever Young Anti-Aging solutions-Voss,29.74914874,-95.49971565,1695 s voss rd,,houston,TX,77057,,(832) 734-6996,http://4everyoungantiaging.com/location/houston-voss/,,
118253531,4Ever Young Fleming Island,30.09673500,-81.70922600,1845 East West Parkway Ste 17,,Fleming Island,FL,32003,,(904) 456-1170,http://www.4everyoungflemingisland.com,,
118251289,4Ever Young Katy,29.73490000,-95.76887300,23128 Westhiemer Pwky,,Katy,TX,77494,,(346) 527-0500,http://4everyoungantiaging.com/location/katy/appointment/,,
118253691,4Ever Young Med Spa & Wellness,35.08808700,-80.84549500,7510 Pineville-Matthews Rd Suite 1B,,Charlotte,NC,28226,,(980) 470-4711,http://4everyoungantiaging.com,,
118251309,"4Ever Young, Katy, TX",29.73484872,-95.76881569,23128 Westheimer Pkwy,,Katy,TX,77494,,(346) 527-0500,http://www.4EverYoungKatyTX.com,,
118252775,4EverYoung Anti-Aging Solutions,35.73546300,-78.84651600,"76 Hunter Street, Suite 110",,Apex,NC,27526,,(984) 319-4448,http://4everyoungantiaging.com/apex/,,
118252929,5280 Vitality Aesthetics & Wellness,39.65464970,-104.88641718,"8751 E Hampden Avenue, Suite A3",,Denver,CO,80231,,(720) 798-2005,http://www.5280-vitality.com,,
118251057,5th & Wellness,26.34544316,-80.08711312,37 SE 5th St #100,,Boca Raton,FL,33432,,,http://www.5thandwell.com,,
118253271,614 BEAUTY,40.10665711,-83.01613601,7140 North High St Ste 220,,Worthington,OH,43085,,(614) 400-9604,http://614beauty.com,,
118253007,614 Beauty,40.10656571,-83.01613601,7140 North High St St 210,,Worthington,OH,43085,,(614) 400-9604,http://614beauty.com,,
118252323,82 Magnolia Aesthetics,30.62175017,-87.03851426,6815 Caroline St,,Milton,FL,32570,,(850) 889-8982,http://www.82magnolia.com,,
118251675,928 SKIN,34.47355648,-114.32381873,"2121 Swanson Ave., Suite A",,Lake Havasu City,AZ,86403,,(928) 230-8503,http://www.linktr.ee/928skin,,
118250700,A Better You at Skinsations,41.28167636,-72.68011908,35 Boston St.,,Guilford,CT,06437,,(203) 453-0368,http://www.abetteryouatskinsations.com,,
118253443,A Hidden Gem Beauty Bar,30.39538498,-90.09298148,3902 Highway 22,,Mandeville,LA,70471,,(985) 778-0448,http://Www.ahiddengembeautybar.com,,
118250667,A New You Skin & Body Clinic,34.10155872,-84.52571385,145 Towne Lake Pkwy Unit 101,,Woodstock,GA,30188,,(678) 739-0040,http://www.anewyouclinic.com,,
118253177,A Shot of Aesthetics,38.66663351,-121.79319955,1115 Cottonwood St,,Woodland,CA,95695,,(530) 848-0200,http://ashotofaesthetics.com,,
118251404,ABA Aesthetics,32.89075389,-96.48071581,"2109 Summer Lee Drive. unit 103, suite 304",,Rockwall,TX,75032,,(469) 802-0802,http://www.abaaesthetics.net,,
118252756,ABA AESTHETICS,32.89075389,-96.48071581,"2109 Summer Lee Dr. Unit 103, Suite 304",,Rockwall,TX,75032,,(945) 227-9400,http://www.abaaesthetics.net,,
118253587,Abilene Beauty Bus,32.44247532,-99.74882163,758 Sayles Dr,,Abilene,TX,79605,,(325) 280-0984,http://Abilenebeautybus.com,,
118252191,ABK Skin,35.21162700,-80.83557900,1133 Metropolitan Ave #150 Loft 2,,Charlotte,NC,28204,,(815) 319-5076,http://www.abkskin.com,,
118252574,ABMED Aesthetics,26.56242000,-82.00960600,"1716 Cape Coral Pkwy W, Suite 1",,Cape Coral,FL,33914,,(239) 471-2056,http://www.abmedaesthetics.com,,
118250845,About Face Aesthetics & Wellness,34.71515688,-81.62321337,112 E. Main St,,Union,SC,29379,,(864) 441-0431,http://www.aboutfaceaesthetics.com,,
118253085,Absolute Aesthetics & Wellness Med Spa,39.79106519,-89.70591470,949 Clocktower Dr.,,Springfield,IL,62704,,(217) 679-3598,http://aesthetics-wellness.com,,
118253441,AC Aesthetics & Wellness,35.58646200,-97.73007500,11528 Hackney Lane,,Yukon,OK,73099,,(405) 201-4207,,,
118252398,AC Esthetics & Wellness,37.92697200,-122.38521800,"124 Washington Ave, Suite F",,Richmond,CA,94801,,(510) 375-0064,http://www.acestheticswellness.com/,,
118253524,Acadian Skincare & Laser Center,30.20421700,-92.01458200,1000 W. Pinhook Suite 201C,,Lafayette,LA,70503,,(337) 234-6193,http://www.acadianent.com/skin-care,,
118252355,Acadian Skincare & Laser Center,30.20414949,-92.01461508,"1000 W Pinhook Road, Suite 201c",,Lafayette,LA,70503,,(337) 234-6193,http://www.acadianent.com/skin-care-laser-center/,,
118250968,ACCLAIM DERMATOLOGY,29.56404844,-95.69141568,17510 W GRAND PKWY SUITE 385,,SUGAR LAND,TX,77479,,,,,
118251311,AcneClinicNYC,40.75296677,-73.98611212,"108 w 39th St, suite 1601",,NY,NY,10018,,(929) 490-7770,,,
118252479,Adarling Aesthetics,39.67216500,-104.95891720,2496 S University Blvd,,Denver,CO,8020,,(757) 739-2748,http://imagestudios360.com/salon_pros/hannah-landis-suite-117/,,
118252838,Addison Rose Aesthetics,36.06895910,-79.50921303,3192 Walden Ln,,Burlington,NC,27215,,(336) 270-4394,http://www.addisonroseaesthetics.com,,
118252844,Addison Rose Aesthetics,36.06895910,-79.50921303,3192 Walden Ln,,Burlington,NC,27215,,(336) 270-4394,http://www.addisonroseaesthetics.com,,
118253086,Adore Aesthetics,39.90565382,-88.97481458,1110 W. Arbor Dr. Ste A,,Decatur,IL,62526,,(217) 413-8331,http://adore-aesthetics.net,,
118253203,Advanced Aesthetics Medispa,39.78865190,-75.69712402,7450 Lancaster Pike,,Hockessin,DE,19707,,(302) 239-7546,http://www.advancedaesthetics-medispa.com/,,
118252125,"Advanced Dermatology Care, APMC",32.53653308,-92.10151509,2409 Broadmoor Blvd. unit 140,,Monroe,LA,71201,,(318) 323-8799,,,
118250690,ADVANCED Skin Care,33.96985566,-84.54821385,711 Canton Road Suite 400B,,Marietta,GA,30060,,(770) 771-5155,http://www.advancedskincarepro.com,,
118250941,AdvancedMD Aethetics of Atlanta,33.91272900,-84.46683300,"1640 Powers Ferry Road, S.E., Building 30",,Marietta,GA,30067,,(678) 336-5858,http://advancedmdaesthetics.com,,
118253801,Advocare ENT Specialty Center,39.88599580,-74.92583800,406 Lippincott Dr. Ste F,,Marlton,NJ,08053,,(484) 354-4855,http://www.advocareentspecialtycenter.com,,
118251574,Aesteem Aesthetics,32.84705382,-96.77051585,4925 Greenville Ave Suite 550,,Dallas,TX,75206,,(945) 230-1341,http://aesteemaesthetics.com/,,
118250820,Aesthete,47.61987802,-122.19520021,"1020 108th AVE NE Suite 200, Unit 23",,Bellevue,WA,98004,,,http://www.aesthete-skin.com,,
118251918,Aesthetic Alchemy,33.49495488,-101.90431670,10905 Quaker Avenue,,Lubbock,TX,79424,,(806) 722-9855,http://Aestheticalchemylbk.com,,
118253199,Aesthetic Atelier Med Spa & Wellness,42.46069567,-83.65213706,125 W Lake St,,South Lyon,MI,48178,,(248) 573-7009,http://www.aestheticatelier.co,,
118251035,Aesthetic Avenue,34.51945656,-82.65131354,1519 N. Fant St.,,Anderson,SC,29621,,(864) 540-0888,http://www.aestheticsave.com,,
118250935,Aesthetic Beauty Bar,35.48545814,-97.57051599,1601 N Drexel Blvd Suite 1,,Oklahoma City,OK,73107,,(405) 361-7700,http://aestheticbeautybarllc.com,,
118251829,aesthetic by Cara Audrey,42.10516899,-70.76661159,20 Corporate Park Drive suite 140 (in Sage Salon),,Pembroke,MA,02359,,(802) 355-4161,http://www.caraaudrey.com,,
118251473,Aesthetic by Nevette Ramos,26.01094262,-80.15421313,2336 Hollywood Blvd,,Hollywood,FL,33020,,,http://www.theaestheticbynevette.com,,
118253634,Aesthetic Center Greenville,34.83755200,-82.33621000,615 Halton Rd Ste 100,,Greenville,SC,29607,,(864) 689-3542,http://expertplasticsurgeon.com,,
118252866,Aesthetic Center of Excellence ACE,35.60805834,-97.62561599,6200 W Memorial Rd suite H,,Oklahoma City,OK,73142,,(405) 452-0055,http://acemedspa.com,,
118252874,Aesthetic Center of Excellence ACE,35.60805834,-97.62561599,6200 W Memorial Rd suite H,,Oklahoma City,OK,73142,,(405) 452-0055,http://acemedspa.com,,
118253610,Aesthetic Clinique,30.34141000,-86.19997800,"2050 West County Highway 30A, Suite 114",,Santa Rosa Beach,FL,32459,,(850) 290-7695,http://www.theclinique.com,,
118253566,Aesthetic Cove,37.96274300,-92.98523300,"1191 State Hwy KK, Suite 202",,Osage Beach,MO,65065,,(573) 981-2683,http://aestheticcove.com,,
118253313,Aesthetic Plastic Surgery & Med Spa,26.19242913,-81.76813397,3699 Airport-Pulling Rd N,,Naples,FL,34105,,(239) 262-5662,http://www.drhasen.com,,
118252381,"Aesthetic Surgery and Dermatology of Cherry Creek: The Office of Adrienne Stewart, MD",39.71746507,-104.94791719,"3300 E 1st Avenue, STE #400",,Denver,CO,80206,,(303) 333-6060,http://Adriennestewartmd.com,,
118251198,Aesthetic Surgery Associates,40.58376649,-75.55871238,"250 Cetronia Road, #301",,Allentown,PA,18104,,(610) 437-2378,http://Asasurgery.com,,
118252353,Aesthetica,36.13075920,-94.14691543,4285 N Shiloh Dr. Ste 104,,Fayetteville,AR,72703,,(479) 302-8588,http://www.youraesthetica.net,,
118250831,Aesthetica Med Spa,30.30834966,-97.82841603,"500 North Capital Texas Highway Building 6, Suite 100",,Austin,TX,78746,,(512) 899-2639,http://www.amedspa.com,,
118250758,Aesthetica Med Spa,30.30834966,-97.82841603,"500 North Capital of Texas Highway Bldg 6, Suite 100",,Austin,TX,78746,,(512) 899-2639,http://www.amedspa.com/,,
118252236,Aesthetica Medical Spa,32.52445329,-94.74211552,1618 Judson Road,,Longview,TX,75601,,(903) 757-5220,http://Aestheticamedicalspa.com,,
118253088,Aesthetically Pleasing,38.59356323,-90.50961483,115 Woods Mill Rd,,Manchester,MO,63011,,(314) 492-3067,http://apstlmedspa.com,,
118253138,Aesthetically Yours,30.07249271,-94.12715422,"3480 Fannin St, Suite H",,Beaumont,TX,77701,,(409) 223-1003,,,
118251948,Aesthetics at Cima Health,26.83624397,-80.10431312,10800 N Military Tr #111,,Palm Beach Gardens,FL,33410,,,http://www.aestheticsatcimahealth.com,,
118252060,Aesthetics by Alexia,26.54444349,-81.86841341,13711 S Tamiami Trail,,Fort Myers,FL,33912,,,http://www.aestheticsbyalexia.com,,
118252580,Aesthetics By Andrea,26.59384357,-81.88521342,"1510 Royal Palm Square Blvd, Suite 105",,Fort Myers,FL,33919,,(239) 245-8899,http://www.abamedicalspa.com,,
118252911,Aesthetics by Cait (at The VIBE Medical Aesthetics),44.75917333,-69.71651142,56 Main Street,,Skowhegan,ME,04976,,(207) 855-3800,http://thevibeaesthetics.com,,
118252893,Aesthetics by Cait at The Vibe Medical Aesthetics,44.75917333,-69.71651142,56 Main Street,,Skowhegan,ME,04976,,,http://thevibeaesthetics.com,,
118251907,Aesthetics by Jocelyn,45.70867489,-121.51411991,315 Oak St.,,Hood River,OR,97031,,,,,
118253022,Aesthetics by Juju,25.63034600,-80.34331100,"9275 Sw 152nd St, Suite 206",,Miami,FL,33157,,(305) 803-1529,http://www.aestheticsbyjuju.com,,
118253260,Aesthetics By Katie,42.84970205,-106.32617421,132 South David Street,,Casper,WY,82601,,(406) 781-5112,http://www.vagaro.com/aestheticsbykatie,,
118251074,Aesthetics by Kayla,44.04997217,-121.33221988,133 SW Century Drive Suite 104,,Bend,OR,97702,,(541) 221-8785,,,
118251273,Aesthetics by KimJ,30.19511200,-95.45209600,8851 Metropark Dr. Suite:500,,The woodlands,TX,77385,,(281) 906-3063,http://aesthetics-by-kimj-109692.square.site/?fbclid=PAAaYFX_3j4K9pik_MwgSekSD7YGb3lK4oRGa_foKKculuSn4iqq4xCLCTlUE_aem_AaPMANxnej47v87RjchBO9gFyyEzhM4UJ54yaFGOEeqhdHyayvd6rIwhf5eTt-jPdDU,,
118250767,Aesthetics by Lisa Garrison,34.02035574,-84.27251381,"3005 Old Alabama Road Building E, Suite 10",,Johns Creek,GA,30022,,(678) 525-1157,,,
118253697,Aesthetics by Rodoula,28.15199200,-82.75735700,104 Athens Street,,Tarpon Springs,FL,34689,,(727) 485-3052,http://www.aestheticsbyrodoula.square.site,,
118252348,Aesthetics By Toy,43.03175900,-87.90415300,522 E. Menomonee,,Milwaukee,WI,53202,,(414) 306-9926,,,
118250673,Aesthetics of Atlanta,33.92325558,-84.35281382,6160 Peachtree Dunwoody Suite A 105,,Atlanta,GA,30328,,(470) 673-0027,http://www.atlantaaesthetician.com,,
118253272,AestheticsbyHadil,32.73453632,-117.16019196,2760 5th Ave Ste 205A,,San Diego,CA,92103,,(760) 333-2336,http://AestheticsbyHadil.com,,
118252414,Aesthetikos Skin Studio,41.99556881,-87.82871439,417 W. Talcott Road,,Park Ridge,IL,60068,,(716) 801-1916,,,
118252507,Aesthetix Skin Lounge,35.61125835,-97.56801599,13833 N May Ave,,Oklahoma City,OK,73134,,(405) 254-5520,http://aesthetixokc.com,,
118251582,Aeterna Aesthetics,39.75996514,-105.00841720,2535 17th St. Suite D,,Denver,CO,80211,,(720) 909-3565,http://aeternaaesthetics.com,,
118251110,Affinity Wellness Studio,39.40826457,-79.40781301,210 E Alder St,,Oakland,MD,21550,,,http://affinityws.glossgenius.com,,
118251208,Affinity Wellness Studio,39.40826457,-79.40781301,210 E Alder St,,Oakland,MD,21550,,,http://affinityws.glossgenius.com/,,
118250728,Afina Beauty & Wellness LLC,29.57831735,-95.15790626,139290 Osprey Court Suite A,,Webster,TX,77598,,(281) 464-9100,,,
118252908,Afterglow by D&C Wellness Aesthetics,29.78594880,-90.81261488,400 N Acadia Road,,Thibodaux,LA,70301,,,,,
118252421,AftrgLo Medical Aesthetics,34.82005705,-89.96941474,1150 Monteith Avenue Suite 101,,Hernando,MS,38632,,(662) 403-4561,http://www.aftrglohernando.com,,
118252209,Age Revival MedSpa,27.12122300,-82.45261200,479 Tamiami Trail South,,Nokomis,FL,34175,,(941) 303-6798,http://agerevivalmedspa.com,,
118252083,Ageless Aesthetics,45.08003500,-93.06170100,4503 allendale drive,,white bear,MN,55127,,(612) 865-0898,http://www.agelessaesthetics.net/,,
118252634,Ageless Aesthetics,42.77007007,-71.07511645,145 South Main Street,,Haverhill,MA,01835,,(978) 815-7704,http://agelessaesthetics.co,,
118251783,Ageless Aesthetics by Sonia,33.78332300,-84.40816700,1042 Northside Dr. NW #M210,,Atlanta,GA,30318,,(404) 690-6880,http://agelessaestheticsbysonia.com/,,
118251155,Ageless by Ezzo,29.52544837,-95.19701560,700 S Friendswood Dr Suite A,,Friendswood,TX,77546,,(281) 947-8926,http://agelessezzo.com,,
118252283,Ageless Med Spa,38.92746378,-90.19051478,3011 Godfrey Rd,,Godfrey,IL,62035,,(618) 374-6100,http://Agelessmedspallc.com,,
118252409,AgeLess Spa The Skin Bar,42.14469049,-77.05712625,85 west market St,,Corning,NY,14830,,(607) 846-3962,http://Agelessspas.com,,
118250939,Ageless Vitality,34.23225609,-80.67291322,29 Boulware Rd,,Lugoff,SC,29078,,(678) 906-1234,,,
118251348,Ageless Wellness,33.39985472,-84.59121386,1000 Commerce Dr #300,,Peachtree City,GA,30269,,(678) 364-8414,http://agelesswellnessptc.com/,,
118253790,Agenacare Aesthetics,37.23488002,-80.02401935,2727 Electric Road ste. 100,,Roanoke,VA,24018,,(540) 529-5692,http://www.agenacareaesthetics.com,,
118251427,Aggieland Aesthetics MedSpa,30.67275025,-96.37581579,305 West 27th St Suite 114,,Bryan,TX,77803,,(979) 450-0979,http://www.aggielandaesthetics.com,,
118253390,Aging with Grace,41.23420676,-96.18627158,17330 W Center Rd,,Omaha,NE,68130,,(402) 278-1014,http://www.agingwith-grace.com,,
118252415,AGLOW Aesthetics,33.45265481,-90.65131485,"100 FRONT AVENUE, Suite C",,Indianola,MS,38751,,(662) 836-7251,,,
118252139,AGLOW Aesthetics,33.45320200,-90.65112500,100 Front Avenue,,Indianola,MS,38751,,,,,
118252195,"Agoddess Spa & Wellness - Zatika Gray, FNP",32.59259400,-96.75598800,143 Historic Town Square,,Lancaster,TX,75146,,(469) 807-1002,http://www.agoddesswellness.com,,
118252176,"Agoddess Spa & Wellness, LLC",32.86046300,-96.76918100,"8080 N. Central Expressway, Suite 1250",,Dallas,TX,75206,,(469) 807-1002,http://www.agoddesswellness.com,,
118251999,Aiken Medical Aesthetics,33.51295491,-81.72041339,931 Dougherty Rd,,Aiken,SC,29803,,(803) 830-4940,http://www.aikenmedicalaesthetics.com,,
118251795,Aiken Medical Aesthetics,33.51295491,-81.72041339,931 Dougherty Rd,,Aiken,SC,29801,,(803) 830-2920,http://aikenmedicalaesthetics.com/,,
118252198,Aimora,40.87036800,-74.19150700,900 Valley Road - Unit B8,,Clifton,NJ,07013,,(973) 296-6977,,,
118251560,Aire Medspa,27.25244465,-82.49791352,"7126 S. Beneva Rd, Unit 100",,Sarasota,FL,34238,,(941) 226-9965,http://airemedspa.com/,,
118253565,Aisthetikos MedSpa,30.50554998,-90.45981482,209 E. Charles St.,,Hammond,LA,70401,,(985) 777-3018,http://www.aisthetikosbykjn.com,,
118251839,Aisthetikos MedSpa,30.50554998,-90.45981482,209 E. Charles St.,,Hammond,LA,70401,,(985) 777-3018,http://www.aisthetikosbykjn.com,,
118252587,AIVI Aesthetics Skin Health Clinic,34.14345594,-118.75201946,28720 Roadside Dr Ste 373,,Agoura Hills,CA,91301,,(818) 851-9900,http://www.aiviaesthetics.com,,
118252522,Alaya Health and Wellness,37.08726076,-113.55991861,1062 E Riverside Dr #203,,St. George,UT,84790,,(435) 574-8014,http://alayahealthandwellness.com/,,
118253089,Alcheme Medical Aesthetics,36.79246028,-89.95621474,101 S. Locust St Ste B,,Dexter,MO,63841,,(573) 625-9122,http://alchememedicalspa.com,,
118252287,Alcheme Medical Spa,36.79236028,-89.95601474,101 S Locust,,Dexter,MO,63841,,(573) 625-9122,http://Alchememedicalspa.com,,
118251051,Alchemy Aesthetics,35.78715863,-78.77711291,216 E. Chatham St.,,Cary,NC,27511,,(919) 818-7473,http://www.alchemycary.com,,
118251371,Alchemy Beauty,30.34254971,-97.73791601,6701 Burnet Rd #163/B4,,Austin,TX,78757,,(512) 768-7179,http://www.thealchemybeauty.com,,
118251180,Alchemy Beauty,30.33704970,-97.75821602,"5511 Parkcrest Drive, #100",,Austin,TX,78731,,(512) 788-6562,http://www.thealchemybeauty.com,,
118253730,Alchemy Skin and Health,40.82523387,-91.14155113,1601 N Roosevelt Ave,,Burlington,IA,52601,,(319) 237-0800,http://www.alchemyskinandhealth.com,,
118251238,Alchemy Wellness Medical Spa,30.30665000,-97.75145600,3405 Glenview Ave,,Austin,TX,78703,,(512) 561-0971,http://alchemywellnessatx.com/,,
118250827,Alcove Integrative Medicine,42.29006929,-71.42561170,410 Union Ave,,Framingham,MA,01702,,(508) 203-7723,http://www.alcovemed.com,,
118253090,Alea Health & Wellness,38.66463348,-90.44201482,456 N. New Ballas Rd #290,,Creve Coeur,MO,63141,,(314) 947-5178,http://aleahealthandwellness.com,,
118252159,Alexanne Aesthetics,29.45930202,-94.63353397,1980 Hwy 87,,Crystal Beach,TX,77650,,(713) 419-2484,http://www.alexanneaestheticsllc.com,,
118251493,Alexsandra Esthetics,43.45757120,-70.76421159,312 Cottage Street Suite C,,Sanford,ME,04073,,(207) 569-4407,http://www.alexsandraesthetics.com,,
118252668,Alice Khalkad House of Skin,40.80496685,-73.64691207,"55 Bryant Ave, suite 301&302",,Roslyn,NY,11576,,,,,
118252341,Align Aesthetics,30.00624916,-90.18021478,3434 Houma Blvd. Suite 201,,Metairie,LA,70006,,(504) 547-7463,http://Alignnola.com,,
118251758,Align Aesthetics,41.71735600,-111.83591000,775 S Main Street Suite A,,Logan,UT,84321,,(435) 562-3133,http://www.align-aesthetic.com/,,
118251822,Align Medspa,41.61980900,-87.84826500,"288 Orland Square Mall, Upper Level",,Orland Park,IL,60462,,(708) 722-8849,http://align-medspa.com/,,
118252377,All About Aesthetics,26.36054319,-80.15313132,21301 Powerline Rd. Suite 108,,Boca Raton,FL,33433,,,http://allaboutaestheticsfl.com,,
118251585,All About Skin,39.60716489,-104.88921719,6001 S Willow Dr. Ste 175 Studio #10 (Inside Sola Salon),,Greenwood Village,CO,80111,,(720) 583-5336,http://AllAboutSkinInc.com,,
118251403,All Things Aesthetics,33.79244955,-84.38777114,-,,Atlanta,GA,30309,,,http://www.allthingsaesthetics.com,,
118252239,All Things Beautiful,32.49895325,-94.73811552,420 North Center Street,,Longview,TX,75601,,(903) 241-1076,http://Alabeautysuites.com,,
118251545,All Things Face Esthetic Lounge,29.87004894,-97.66916002,1205 S. Main st.,,Lockhart,TX,78644,,(512) 620-1718,http://www.vagaro.com/allthingsface,,
118252361,Allay Primary Care,29.77404878,-95.79631570,24510 kingsland blvd,,KATY,TX,77494,,(281) 394-2390,http://www.allaypc.com/,,
118253484,Allen Gabriel plastic surgery,45.62682500,-122.67002800,703 Broadway St Suite 700,,Vancouver,WA,98660,,,,,
118252563,Allerica Aesthetics,40.77386680,-96.65471584,4727 Cooper Ave,,Lincoln,KS,68506,,(402) 781-4195,http://www.allerica.com/,,
118251921,Alli McCay Aesthetics,36.03465682,-94.58374782,67877 Hwy 59,,Westville,OK,74965,,(866) 979-7864,http://Allimccayaethetics.glossgenius.com,,
118250985,Allura Medical Esthetics,41.82978100,-71.38752300,13 South Angell Street,,Providence,RI,02906,,(401) 300-1427,http://www.alluramedesthetics.com,,
118251085,Allura MedSpa + Wellness,26.64073000,-80.20618100,2655 S. State Rd 7 E830,,Wellington,FL,33414,,,http://Alluraaesthetics.com,,
118251084,Allura MedSpa + Wellness,26.53104347,-80.14871313,6695 West Boynton Blvd,,Boynton Beach,FL,33437,,,http://alluraaesthetics.com,,
118253591,Allure Aesthetics,33.00906541,-83.53597137,126 W Clinton St,,Gray,GA,31032,,(478) 365-9681,http://www.allureaestheticsga.com/,,
118252630,allure by injector beth,41.71248700,-93.61825900,"1380 SW Vintage Parkway, Suite 209/Room 102",,Ankeny,IA,50023,,(515) 480-0150,http://Www.injectorbeth.com,,
118250978,ALLURE DERMATOLOGY,26.25844302,-98.20361609,5009 S MCCOLL RD SUITE B,,EDINBURG,TX,78539,,,,,
118252227,Allure laser studio,29.92693000,-95.64743000,9822 whithorn dr # A,,Houston,TX,77095,,(832) 583-1676,http://allurelaserstudio.com/,,
118251283,Alluring Aesthetics,29.59044848,-98.52811614,16530 Huebner Rd,,San Antoino,TX,78248,,(210) 714-5390,http://www.alluringaesthetics.com/,,
118253277,Almas Gelyana,32.80853753,-116.93819159,1224 Broadway ste 103,,El Cajon,CA,92021,,(619) 820-9490,,,
118253335,Almas Gelyana,32.80806300,-116.93891900,1224 Broadway,,El Cajon,CA,92021,,(619) 820-9490,,,
118253334,Almas Gelyana,32.85320600,-116.96612000,9724 Follett Dr,,Santee,CA,92071,,(619) 820-9490,,,
118251122,Aloha Med Spa,21.97046300,-159.38353400,4473 Pahe'e St. Ste H,,Lihue,HI,96766,,(808) 241-7546,http://alohamedspa.com,,
118252045,Alter Ego Aesthetics,46.83318500,-96.80809500,1701 32nd Ave South,,Fargo,ND,58103,,(701) 809-4627,http://Alteregoaesthetics.janeapp.com,,
118251648,Alter Ego Spa,43.61857146,-116.36621907,"1492 N. Webb Way, Suite 100",,Meridian,ID,83642,,(208) 996-8016,http://www.alteregohairstudios.com,,
118252688,Alternative Medicine and Aesthetics,26.55744400,-81.89006600,"8140 College Parkway, Suite 202",,Fort Myers,FL,33919,,(239) 645-6400,http://alternativemedicineandaesthetics.com,,
118250784,Aluma Aesthetic Medicine,45.51267457,-122.65292010,1421 SE 13th Ave,,Portland,OR,97214,,(503) 688-9235,http://www.alumapdx.com,,
118250712,ALXS SKN GYM,42.34906938,-71.08521165,297 Newbury St. Suite 3,,Boston,MA,02115,,(617) 284-0756,http://www.skngym.com,,
118251650,AM Skin,44.56349600,-123.26097300,"257 SW Madison, Suite 211",,Corvallis,OR,97333,,,http://www.amskinstudio.com,,
118251382,Amadi Aesthetic and Plastic Surgery,47.63247804,-122.35992005,1503 2nd Ave W,,Seattle,WA,98119,,(206) 216-4500,http://www.amadiaesthetics.com,,
118251260,Amadika Aesthetics,39.08145640,-108.48281178,3070 I-70 Business Loop. Suite B2,,Grand Junction,CO,81504,,(970) 683-8798,http://Www.Amadikaaesthetics.com,,
118251276,Amanda James Aesthetics,33.55405497,-111.88171833,9210 E. Via De Ventura Suite 112 (Door 102),,Scottsdale,AZ,85258,,(623) 363-5567,http://www.instagram.com/amandajames_aesthetics,,
118252520,Amanda Taylor Esthetics,34.15415596,-118.80001946,"5655 Lindero Canyon Rd, Unit 403",,Westlake Village,CA,91362,,(818) 457-1475,http://www.amandatayloresthetics.com,,
118250989,Amani Aesthetics,32.84254000,-104.40125700,402 W Main Street,,Artesia,NM,88210,,(575) 703-6108,http://www.amaniaesthetics.com,,
118250893,Amani Aesthetics,32.84254000,-104.40125700,402 W Main Street,,Artesia,NM,88210,,(575) 736-2511,http://www.Amaniaesthetics.com,,
118252539,Amare Wellness Center,31.82645214,-106.52317453,5860 North Mesa Street,,El Paso,TX,79912,,(915) 222-1348,http://www.amarewellnesscenter.org,,
118250677,AMAZIN AESTHETICS,39.68446502,-104.93771719,1777 S Bellaire St Suite 102,,Denver,CO,80222,,(303) 931-5226,http://www.amazinaesthetics.com,,
118253217,Amazing Skin,40.56566463,-75.51612373,1251 South Cedar Crest Blvd Suite 303a,,Allentown,PA,18103,,(610) 297-6249,http://getamazingskincare.com/,,
118251470,Amazing Skin Laser & Aesthetics,40.56576646,-75.51691237,1251 S Cedar Crest Blvd.- Suite 303,,Allentown,PA,18103,,(610) 297-6249,http://getamazingskincare.com/,,
118251744,Amber Preston Aesthetics,40.06204200,-83.09285200,4602 Sawmill Rd,,Columbus,OH,43220,,(614) 966-7782,,,
118252175,Ambiance MD Medical Spa,44.46837286,-87.99361442,1808 Allouez Avenue,,Greenbay,WI,54311,,(920) 228-2274,http://ambiancemd.com/,,
118252332,Amelia Aesthetics,37.97576222,-87.49361433,"111 S Green River Rd, Suite F",,Evansville,IN,47715,,(812) 541-4388,http://Akkamelia.com,,
118253083,Amelia Aesthetics,38.78006354,-90.52491483,1551 Wall St. Ste 420,,St. Charles,MO,63303,,(636) 329-4036,http://www.askamelia.com,,
118252694,Amelia Aesthetics,35.81447700,-78.69507200,2304 Wesvill Ct Suite 110,,Raleigh,NC,27607,,(919) 785-1220,http://www.askamelia.com,,
118253518,Amelia Aesthetics Evansville,37.97497622,-87.49270143,111 S Green River Rd,,EVANSVILLE,IN,47715,,(812) 541-4388,http://www.askamelia.com/medspa/evansville,,
118253292,Amelia Aesthetics Tampa Bay,27.79545540,-82.33513490,13109 US Hwy 301 South,,Riverview,FL,33578,,(813) 531-8515,http://www.askamelia.com/locations/tampa-bay,,
118252521,Amor Med Spa and Medical Aesthetics,37.10916080,-113.58081861,"126 E City Center St, St. George, UT 84770",,St. George,UT,84770,,(435) 218-6340,http://amormedspa.com/,,
118250779,Amoura Esthetics,45.52887459,-122.81702012,"13635 NW Cornell Rd., Suite 170",,Portland,OR,97229,,,http://www.amouraesthetics.net,,
118251259,Ana Csere Skincare,26.41234327,-80.07613120,7001 N Federal Hwy,,Boca Raton,FL,33487,,,http://anacsere.com,,
118250668,Anderson Aesthetics,34.06944700,-84.28197200,2710 Old Milton Pkwy Suite 150,,Alpharetta,GA,30009,,(404) 996-6530,http://www.andersonaesthetics.com,,
118252614,Anderson Dermatology,34.51585655,-82.65431354,1501 N Main St,,Anderson,SC,29621,,(864) 716-0063,http://andersondermatologysc.com,,
118250824,Andi's Aesthetics Med Spa,41.90755300,-71.05059700,473 S St. W Suite 17,,Raynham,MA,02767,,(508) 369-3680,http://www.andisaesthetics.com,,
118250702,Andover Medical Aesthetics,42.65569887,-71.13961166,52 Main St. Suite A,,Andover,MA,01810,,(978) 806-3900,http://www.andovermedicalaesthetics.com,,
118251464,Andreea skin studio,40.76606679,-73.91881211,28-52 34th St,,Astoria,NY,11102,,(646) 726-2054,http://Andreeaskinstudio.com,,
118252221,Aneu Beauty,45.05657200,-92.80672100,"226 Myrtle St E, Ste 1",,Stillwater,MN,55082,,(651) 323-0554,http://www.aneubeauty.com,,
118252273,ANEU Med Spa,43.01467048,-89.30041463,4717 Dale Curtin Drive,,McFarland,WI,53558,,(608) 838-1772,http://www.aneumedspa.com,,
118251161,Aneva Skin,33.18575437,-96.70611584,6700 Alma RD Suite 100,,Mckinney,TX,75072,,(214) 909-2757,http://www.anevaskin.com,,
118252759,Angel Aesthetics,39.71436507,-104.94711719,"3400 E Bayaud Avenue, Suite 333",,Denver,CO,80209,,(303) 324-2114,http://Www.skincarebyangel.com,,
118252725,Angel Aesthetics,39.71436507,-104.94711719,"3400 East Bayaud, Suite 333",,Denver,CO,80209,,(303) 324-2114,http://www.skincarebyangel.com,,
118251153,Angel Aesthetics,26.18942909,-80.10831312,2800 E. Commercial Blvd Suite 208,,Fort Lauderdale,FL,33308,,,http://angelaesthetics.com,,
118253491,Angel Rose Aesthetics & Wellness,31.32872513,-89.37310146,423 Weathersby Rd #160,,Hattiesburg,MS,39402,,(601) 255-5153,http://www.angelroseaestheticsandwellness.com,,
118251811,Angel Rose Aesthetics and Wellness,31.33075133,-89.37131464,423 Weathersby Road #160,,Hattiesby,MS,39403,,(601) 255-5153,,,
118251046,Anissa Skincare Studio,30.31274966,-97.85421603,300 Beardsley Lane suite #100,,Austin,TX,78746,,(512) 296-6543,http://www.anissaskincarestudio.com,,
118250958,ANNA POLK,31.65302700,-94.65210400,4800 NE Stallings DR Suite 114,,Nacadoches,TX,75965,,(713) 331-5541,,,
118251660,Anna Sofia Aesthetics,28.17684616,-80.60501321,599 Sherwood Ave Unit 201,,Satellite Beach,FL,32940,,(845) 624-9670,http://annasofiaaesthetics.com/,,
118252131,Anna Stephens Aesthetics,32.55110200,-92.63987400,2022 North Trenton Suite 4,,Ruston,LA,71270,,,,,
118252973,Annapolis Aesthetics,39.07446402,-76.54771254,537-B Baltimore Annapolis Blvd,,Severna Park,MD,21146,,(410) 793-5135,http://Annapolisaesthetics.com,,
118252632,Anne Therese Aesthetic Medicine,26.56304352,-81.95641343,831 Cape Coral Pkwy E,,Cape Coral,FL,33904,,(239) 686-0885,http://annetherese.com,,
118250719,Anti-Aging Centers of Connecticut,41.27956763,-72.95471195,761 Campbell Ave,,West Haven,CT,06516,,(203) 848-1484,http://www.aacofct.com,,
118250825,"Anti-Aging Centers of Connecticut, Fairfield",41.16667447,-73.23411999,1100 Kings Hwy E Suite 3C,,Fairfield,CT,06825,,(203) 256-0095,http://www.aacofct.com,,
118251969,Antoinette Esthetics,40.80856686,-81.42521334,1008 Whipple Ave NW,,Canton,OH,44685,,(941) 223-5710,http://antoinetteesthetics.glossgenius.com/,,
118252086,ANV Aesthetics,40.80638100,-73.21756400,2170 JoshuaÕs Path,,Hauppauge,NY,11776,,(631) 609-7561,http://Anvaesthetics@yahoo.com,,
118251827,Aoife Aesthetics,42.14576905,-71.25391167,7 West Street (2nd floor),,Walpole,MA,02081,,(617) 663-8778,http://aoifeaesthetics.com,,
118251272,Apple Aesthetics,47.65484710,-122.68715190,Bay Side Professional Building Suite 101,,Silverdale,WA,98383,,(360) 473-7103,http://appleesthetins.as.me,,
118252572,Apres Beauty and Wellness,41.03106723,-74.63761223,74 Woodport Rd - Suite 1,,Sparta,NJ,07871,,(973) 570-9312,http://apresbeautyandwellness.com,,
118251327,April Marie Glow,33.36525467,-111.82681832,1714 W Guadalupe Rd Suite 111,,Gilbert,AZ,85233,,(480) 248-4040,http://www.aprilmarieglow.com,,
118253081,Aqua Med Spa,26.56944353,-81.94341343,"4419 Del Prado Blvd, Unit 4",,Cape Coral,FL,33904,,(239) 541-8481,http://www.aquamedspaandwellness.com,,
118251806,AR Aesthetics,27.94444578,-82.51251352,"4100 W. Kennedy Blvd., #130",,Tampa,FL,33609,,(813) 644-9964,http://ar-aesthetics.com/,,
118251095,Arabella Aesthetics,34.14795595,-83.96281376,940 Gainesville Hwy Bld. A Suite 20,,Buford,GA,30518,,(678) 725-2308,http://www.arabellaaesthetics.com,,
118252925,Ardent Aesthetics + Academy,42.43056952,-83.48411368,"133 W Main Street, Suite #612",,Northville,MI,48167,,(931) 213-1758,http://www.ardentaestheticsandacademy.com,,
118253144,Are Aesthetics,34.06755817,-118.40619400,436 N Roxbury Dr Suite 115,,Beverly Hills,CA,90210,,(424) 303-6420,http://aereaesthetics.com/,,
118253143,Are Aesthetics,39.61864911,-104.90217187,7400 E Crestline Cir Ste 130,,Greenwood Village,CO,80111,,(303) 834-3395,http://aereaesthetics.com/,,
118252109,Aria Aesthetics,34.59263800,-112.43150200,1955 Commerce Center Circle Suite A&B,,Prescott,AZ,08631,,(928) 298-5974,http://aria-aesthetics-pmu.com/,,
118251529,Arkansas Plastic Surgery,34.74365692,-92.38041514,9500 Kanis Rd Suite 502,,Little Rock,AR,72205,,(501) 219-8388,http://harkansasplasticsurgery.com/,,
118251392,Arlie Aesthetics,40.29966603,-80.08881312,344 Juniper Way,,McMurray,PA,15317,,(724) 949-0040,http://Arlieaesthetics.com,,
118251832,Art of Aesthetic Medical Spa,42.01666884,-71.02861164,345 W Center St. Suite 3,,West Bridgewater,MA,02379,,,http://artofaestheticsmedicalspa.com,,
118251201,Art of Skin,33.81525540,-84.31213814,"2929-D North Druid Hills Rd., Studio 118",,Atlanta,GA,30329,,(678) 670-4495,http://artofskinatl.com/,,
118250742,Arte De Phi Wellness & Aesthetics,29.91474901,-95.58511566,9717 Jones RD,,Houston,TX,77065,,(713) 331-5541,http://www.artedephi.com/,,
118250956,Arte De Phi Wellness & Aesthetics,29.91474901,-95.58511566,9717 Jones RD,,Houston,TX,77065,,(713) 331-5541,,,
118253091,Artemis Esthetics & Wellness,40.74426676,-89.57414676,4615 N. Prospect Rd. Ste A,,Peoria Heights,IL,61616,,(309) 369-0401,http://artemispeoria.com,,
118250678,Artemis Vein and Aesthetics,39.88676535,-105.07531722,10431 Town Center Drive Suite 400,,Westminster,CO,80021,,(303) 955-8314,http://www.artemis-colorado.com,,
118250814,ARTISAN BEAUTƒ BUCKHEAD,33.84085544,-84.37971382,3150 Roswell Rd. NW Suite B1,,Atlanta,GA,30305,,(177) 063-7291,http://www.artisanbeaute.com,,
118252304,Artisan Plastic Surgery,33.90955558,-84.35291382,5670 Peachtree Dunwoody Road Suite 820,,Atlanta,GA,30342,,(404) 851-1998,http://www.artisanplasticsurgery.com/,,
118251461,Artistry Beauty Bar,32.58281200,-85.44045800,"2301 Ogletree Village Lane, Suite 106",,Auburn,AL,36830,,(334) 209-0499,http://artistrybeautybar3@gmail.com,,
118253462,Ash and Oak Aesthetics,30.42104800,-91.10145500,"8312 Jefferson Hwy, Ste 4",,Baton Rouge,LA,70809,,(225) 244-6057,http://www.ashandoakaesthetics.com,,
118251509,Ash and Oak Studio,30.42114984,-91.10101493,"8312 Jefferson Hwy, Suite 4",,Baton Rouge,LA,70809,,(225) 244-6057,http://www.ashandoak.studio,,
118253156,Ashley Jernigan Esthetics,28.03645936,-81.94913427,"721 E Palmetto St, Lakeland, FL 33801",,Lakeland,FL,33801,,(813) 650-3785,http://www.ajesthetics.com/,,
118252264,Ashley Thomas Aesthetics,38.57536320,-121.41021989,530 Pavilions Lane Suite 203,,Sacramento,CA,95825,,(916) 832-1915,,,
118252662,Aspen Prime MedSpa,40.73636674,-74.03051213,74 Hudson Street,,Hoboken,NJ,07030,,(201) 984-4777,http://Apenprimemedspa.com,,
118251267,Aspire Regenerative Therapy,29.52834838,-98.51851614,1901 NW Military Hwy Suite #222,,San Antonio,TX,78213,,(210) 977-0070,http://www.AspireTherapy.Health,,
118252596,Assembled Esthetics,32.41335311,-90.12561477,6 Professional Parkway,,Ridgeland,MS,39157,,(601) 540-7874,http://app.squarespacescheduling.com/schedule.php?owner=24115558,,
118251596,Associated Dermatologists,42.49616963,-83.16591363,27901 Woodward Ave Suite 200,,Berkley,MI,48072,,(248) 307-8201,http://www.michderm.com,,
118251595,Associated Dermatologists,42.49469622,-83.50421368,46325 W 12 Mile Rd Suite 370,,Novi,MI,48377,,(248) 773-3647,http://www.michderm.com,,
118251594,Associated Dermatologists,42.59186978,-83.47391368,9640 Commerce Road Suite 100,,Commerce,MI,48382,,(248) 694-6391,http://www.michderm.com,,
118251593,Associated Dermatologists,42.54546971,-83.36151366,6330 Orchard Lake Rd Suite 120,,West Bloomfield,MI,48322,,(248) 855-6213,http://www.michderm.com,,
118253329,Atalla Plastic Surgery Skin + Laser,36.96647400,-86.43045800,1048 Ashley St Suite 303,,Bowling Green,KY,42103,,,http://www.atallamd.com,,
118251439,Atelier Skin,42.26371900,-122.83295900,4140 Cedar Lane,,Medford,OR,97501,,(541) 840-1456,http://www.medfordesthetician.com,,
118252319,Atlanta Medical Associates,33.81055395,-84.39213827,2045 Peachtree Rd Suite 412,,Atlanta,GA,30309,,(404) 383-0945,http://www.atlantamedicalassociates.com,,
118253623,Atlanta Medical Associates,33.81051800,-84.39151300,2045 Peachtree Rd NE,,Atlanta,GA,30309,,(404) 383-0945,http://Www.Atlantamedicalassociates.com,,
118252483,Atlanta Medical Associates,33.81055395,-84.39213827,2045 Peachtree Rd Suite #412,,Atlanta,GA,30309,,(404) 383-0945,http://Www.atlantamedicalassociates.com,,
118252318,Atlanta Medical Associates,33.81055395,-84.39213827,"2045 Peachtree Rd NE, Suite 412",,Atlanta,GA,30309,,(404) 383-0945,http://atlantamedicalassociates.com/,,
118250854,Atlanta Skin Wellness Center,33.92855588,-84.36221382,"755 Mount Vernon Hwy NE, Suite 305",,Atlanta,GA,30328,,(404) 446-4840,http://www.atlantaskinwellnesscenter.com,,
118252803,Atlas Dermatology,30.39394980,-91.15871494,163 Burgin Avenue,,Baton Rouge,LA,70808,,(225) 313-4560,http://Atlasdermatology.com,,
118252909,Atlas Dermatology,30.27594200,-90.98521500,14151 Highway 73,,Prairieville,LA,70769,,,http://Atlasdermatology.com,,
118253458,Atlas Dermatology,30.27594200,-90.98521500,14151 Highway 73,,Prairieville,LA,70769,,(225) 313-4560,http://www.atlasdermatology.com,,
118252257,Atrium Aesthetics,39.73676510,-121.81241996,1550 Humboldt Rd Suite 6,,Chico,CA,95928,,(530) 720-2245,http://Atrium-aesthetics.com,,
118251088,Attain Med Spa,40.23666592,-74.00601213,304 Main Street,,Allenhurst,NJ,07711,,(848) 420-0080,http://attainmedspa.com,,
118251089,Attain Med Spa,32.80245374,-79.94413098,601 Meeting Street - Suite 150,,Charleston,SC,29403,,(854) 300-2352,http://attainmedspa.com,,
118251087,Attain Med Spa,40.74726676,-74.03791213,720 Monroe Street - Suite E407,,Hoboken,NJ,07030,,(201) 559-8840,http://attainmedspa.com,,
118252544,Attain Medspa,32.80245374,-79.94413098,601 Meeting St # 150,,Charleston,SC,29403,,(854) 999-1757,http://attainmedspa.com,,
118252082,Atx Aesthetics,30.26464959,-97.73316013,908 east 5th street #114a,,Austin,TX,78702,,9795408,http://Www.atxaesthetics.com,,
118253236,AubreyÕs Aesthetics,30.29049628,-87.59314351,25299 Canal Rd Unit 2,,Orange Beach,AL,36561,,(866) 971-6971,http://pocketsuite.io/book/aubreysaesthetics,,
118251184,Augusta Plastic Surgery,33.54365496,-82.08421345,569 Furys Ferry Road,,Martinez,GA,30907,,(706) 724-5611,http://www.augplastic.com,,
118252379,Aura aesthetics,30.31404967,-95.45481564,512 n second st,,Conroe,TX,77302,,(832) 512-5100,,,
118253637,Aura Aesthetics & Wellness,34.84719500,-82.33675600,850 Woods Crossing Rd Suite 132,,Greenville,SC,29607,,(864) 640-2379,http://auraaestheticsgvl.com,,
118252467,Aura Beauty + Aesthetics,30.31404967,-95.45481564,512 N Second St,,Conroe,TX,77301,,(832) 314-5100,http://aurabeautyaesthetics.square.site/,,
118250707,Aura Beauty Lounge,42.42699900,-71.07073800,134 Pleasant St.,,Malden,MA,02148,,(781) 605-0232,http://www.aurabeautyloungeinc.com,,
118251779,Aura Health + Spa,42.36488400,-83.46951100,851 S Main Street,,Plymouth,MI,48170,,(734) 245-9990,http://Www.myauraspa.com,,
118251588,AuraMed Aesthetics,26.34934317,-80.08441312,99 Minzer Blvd,,Boca Raton,FL,33432,,,http://Auramedboca.com,,
118251171,Aurora Aesthetics Company,55.35899070,-131.69192158,3755 Alaska Ave,,Ketchikan,AK,99901,,(907) 204-0725,http://auroraaestheticsco.com,,
118251144,Authenticity Skin Health,37.11246081,-113.54681860,"230 North 1680 East, Bldg. C-2",,St. George,UT,84770,,(435) 669-6443,http://www.vagaro.com/authenticityskinhealth,,
118252149,Autumn Christine Skincare,40.88697800,-81.47942400,7327 Wales Ave NW,,North Canton,OH,44720,,(330) 705-7767,http://Vagaro.com/autumnchristineskincare,,
118252833,Avail Aesthetics,35.74169000,-78.77902000,251 Keisler Drive suite 201,,Cary,NC,27518,,(919) 322-5440,http://Www.availaesthetics.com,,
118252835,Avail Aesthetics,35.80472100,-78.64661500,2006 Fairview Roas,,Raleigh,NC,27608,,(919) 803-7082,http://www.availaesthetics.com,,
118252834,Avail Aesthetics,35.95227100,-78.52528300,2824 RogerÕs Road suite 102,,Wake Forest,NC,27587,,(919) 435-0230,http://www.availaesthetics.com,,
118252836,Avail Aesthetics,35.59279000,-82.55079300,60 Biltmore ave suite 003,,Asheville,NC,28801,,(828) 505-1957,http://www.availaesthetics.com,,
118253655,AvaMD Beverly Hills,34.06536000,-118.41236000,9915 South Santa Monica Blvd,,Beverly Hills,CA,90212,,(310) 843-9915,http://www.avamd.com,,
118253656,AvaMD Santa Monica,34.02996862,-118.48024950,"2021 Santa Monica Blvd, Suite 600E",,Santa Monica,CA,90404,,(310) 828-2282,http://www.avamd.com,,
118251280,Avant Tous Beauty & Med Spa,30.43174986,-91.10911493,7575 Jefferson Hwy Bldg J,,Baton Rouge,LA,70806,,(225) 456-2620,http://www.avanttous.com,,
118251281,Avant Tous Beauty & Med Spa,30.52113500,-91.03914600,13438 Magnolia Sq Dr. Ste C,,Baton Rouge,LA,70818,,(225) 448-3962,http://www.avanttous.com,,
118251282,Avant Tous Beauty and Med Spa,30.37394976,-91.08781492,8210 Village Plaza Ct. Ste 1A,,Baton Rouge,LA,70810,,(225) 636-2606,http://www.avanttous.com,,
118250710,Avanta Aesthetics,41.71246834,-72.60451190,131 New London Turnpike STE 105,,Glastonbury,CT,06033,,(860) 430-5599,http://www.avantaclinic.com,,
118252528,Avante Laser & Medi Spa,30.18444945,-95.48021564,8708 Technology Forest Pl suite 125,,The woodlands,TX,77381,,(281) 419-0080,http://avantemedispa.com/,,
118253690,Avi Aesthetics,35.08633200,-80.85149600,10722 Carmel Commons Blvd Ste 420,,Charlotte,NC,28226,,(704) 266-0334,http://aviaesthetics.com,,
118252268,Avilla Esthetics,37.69861766,-121.01319827,4101 Tully Rd Ste 101,,Modesto,CA,95356,,(209) 541-5744,http://Www.avillaesthetics.com,,
118251158,Awaken Aesthetics,26.85154399,-80.05771312,11940 US-1 N Suite 205 Studio 125,,Palm Beach Gardens,FL,33408,,,http://www.vagaro.com/awakenaestheticsfl,,
118251919,Awaken Medical Aesthetics,35.15095759,-101.94501670,9200 Town Square Blvd #1150,,Amarillo,TX,79119,,(806) 354-8600,http://awakenmedicalaesthetics.com,,
118250900,AYA Mecial Spa- Northside,33.90736900,-84.35591800,"975 Johnson Ferry Road, NE, Suite 120",,Atlanta,GA,30342,,(404) 975-1405,http://www.ayaskincare.com/,,
118250899,AYA Medical Spa- Buckhead,33.83834100,-84.37508400,"371 East Paces Ferry Rd. NE, Suite 150",,Atlanta,GA,30305,,(404) 795-7919,http://www.ayaskincare.com/,,
118250898,Aya Medical Spa- Colony Square,33.78837200,-84.38252700,"145 15th Street NE, Suite 103",,Atlanta,GA,30309,,(470) 431-4411,http://www.ayaskincare.com/,,
118250897,Aya Medical Spa- Decatur,33.77595534,-84.30361381,431 W. Ponce De Leon,,Decatur,GA,30030,,(470) 558-0859,http://www.ayaskincare.com/,,
118250901,AYA Medical Spa- Phipps Plaza,33.85294400,-84.36061500,"3500 Peachtree Road, Suite #H2C",,Atlanta,GA,30326,,(404) 975-1405,http://www.ayaskincare.com/,,
118250902,AYA Medical Spa- The Works,33.80275538,-84.42861383,"1235 Chattahoochee Avenue NW, Suite 106",,Atlanta,GA,30318,,(404) 748-1155,http://www.ayaskincare.com,,
118253092,Ayla Aesthetics and Laser,38.73055340,-90.64456276,1080 Wolfum Rd.,,St. Charles,MO,63304,,(636) 206-6322,http://aylastl.com,,
118251249,ayla Med Spa,33.67485517,-111.92341834,20701 N Scottsdale Road #105,,Scottsdale,AZ,85255,,(602) 810-4680,http://www.aylamedspa.com,,
118252813,Azala Skin Clinic,25.72734215,-80.24313147,"3444 Main Hwy, Unit 23, 3rd floor",,Coconut Grove,FL,33133,,(786) 949-5512,http://Azalaskinclinic.com,,
118252799,AZALA Skin Clinic,25.72734215,-80.24313147,"3444 Main Hwy, Unit 23-3rd floor",,Coconut grove,FL,33133,,(786) 949-5512,http://azalaskinclinic.com,,
118252561,Azalea Medical Spa,38.96876385,-94.78221553,16961 City Center Dr,,Lenexa,KS,66219,,(913) 379-6566,http://azaleamedspa.com/,,
118250811,Azouz Plastic & Cosmetic Surgery,32.91195392,-96.77361586,"7777 Forest Lane, Building C, Suite 802",,Dallas,TX,75230,,(972) 702-8888,http://www.drazouz.com,,
118253164,B Leaf,45.77274994,-108.61617796,223 Shiloh Rd #3,,Billings,MT,59106,,(406) 201-1970,http://ourbleaf.com,,
118252669,B Wellness,31.85645219,-103.09291689,202 S Poplar St,,Kermit,TX,79745,,(505) 330-5933,http://Www.bwellnessandaesthetics.com,,
118252653,B. Beauty Medical Aesthetics,37.80016193,-122.43762006,3322 Steiner Street,,San Francisco,CA,94124,,,http://Bbeauty.us,,
118251390,B.Aesthetics & Co.,30.02814920,-97.88851604,"115 Kohlers Crossing, Suite 450",,Kyle,TX,78640,,(737) 615-8436,http://www.baestheticsandco.com,,
118253093,B3 Beauty by Bailey,38.38696289,-90.60014844,7204 Executive Pkwy,,House Springs,MO,63051,,(314) 703-6011,,,
118251341,B3 Performance & Aesthetics Medicine,39.77567652,-89.71016147,2131 W White Oaks Dr,,Springfield,IL,62704,,(217) 837-1496,http://www.b3healthcare.org/,,
118251930,BA Med Spa & Weight Loss Center,36.05696100,-95.79805100,510 N Elm Pl,,Broken Arrow,OK,74012,,(918) 417-1729,http://baweightspa.com,,
118253626,Back to 30,34.85069700,-82.23039100,3101 Highway 14 Ste 1,,Greenville,SC,29615,,(864) 791-5496,http://backto30.com,,
118253629,Back to 30,34.70784900,-82.25814600,684 Fairview Rd Ste A,,Simpsonville,SC,29680,,(864) 791-5496,http://backto30.com,,
118253627,Back to 30,35.03166100,-81.96928000,2555 Boiling Springs Rd Ste C,,Boiling Springs,SC,29316,,(864) 791-5496,http://backto30.com,,
118253628,Back to 30,34.84750000,-82.39426600,500 E McBee Ave Ste 107,,Greenville,SC,29601,,(864) 791-5496,http://backto30.com,,
118253269,Balance Wellness,37.59661598,-77.60291271,"10431 Patterson Ave, Suite B17",,Henrico,VA,23238,,(804) 313-9109,http://www.balancew.com,,
118251405,Balanced Aesthetics Med Spa,33.80365538,-84.39411383,1800 Peachtree Street NW #855,,Atlanta,GA,30309,,(470) 226-2390,http://www.balancedaestheticsmedspa.com,,
118251524,Balanced Aesthetics Med Spa,33.80303200,-84.39318000,1800 Peachtree Rd NW #855,,Atlanta,GA,30309,,(470) 226-2390,http://balancedaestheticsmedspa.com/,,
118253503,Balanced Beauty Aesthetics,39.60016300,-86.15951100,1150 S. SR-135,,Greenwood,IN,46143,,(317) 727-4011,http://www.balancedbeautymedicalaesthetics.com,,
118251631,Banerji Plastic Surgery,29.54040005,-95.10984465,135 Water Street,,Webster,TX,77546,,(281) 971-9711,http://www.banerjiplasticsurgery.com/,,
118253258,Bare Aesthetics,32.81053756,-96.80715861,"3300 Oak Lawn Ave #106, Dallas, TX 75219",,Dallas,TX,75219,,(214) 980-4371,http://www.bareaestheticsdallas.com/,,
118251507,Bare Aesthetics NJ,40.72766727,-74.17241215,"18 Oliver Street, Suite 301",,Newark,NJ,07102,,(201) 240-5770,http://Www.bareaestheticsnj.com,,
118252281,Bare Alchemy Med Spa,37.14476086,-93.32361529,"2225 W. Chesterfield Blvd, Suite 101",,Springfield,MO,65807,,(417) 512-8288,http://Bare417.com,,
118252845,Bare Beauty Aesthetics,40.19136585,-92.57271517,502 S Baltimore St,,Kirksville,MO,63501,,(660) 956-9972,http://barebeautyaesthetics.net,,
118251852,Bare Canvas,27.91645739,-82.50631352,3201 S. Dale Mabry Highway,,Tampa,FL,33629,,(813) 501-7708,http://barecanvas.skincaretherapy.net/,,
118251998,Bare Essentials Medical Spa,33.50695490,-80.86121325,1180 Boulevard St. C,,Orangeburg,SC,29115,,(803) 878-3030,,,
118252565,Bare Esthetics,40.71016670,-73.84801210,105-09 metropolitan ave,,Forest Hills,NY,11375,,,,,
118251072,Bare Glow Advanced Aesthetics,29.53134838,-98.58691615,4910 Golden Quail Northwest Side,,San Antonio,TX,78240,,,http://dikuw.myaestheticrecord.com/online-booking,,
118252840,Bare Skin,41.27956763,-73.22871200,6540 Main Street 3A,,Trumbull,CT,06611,,(475) 235-5643,,,
118253706,Bare Skin Aesthetics,35.26363500,-81.18319300,169 W Main Ave,,Gastonia,NC,28052,,(631) 678-7324,http://bareskinaesthetics.com,,
118251935,BARE Skin and Laser,40.21596589,-80.19961314,100 Adios Drive - Suite 1070,,Washington,PA,15317,,(724) 909-0289,http://bareskin-laser.com,,
118253776,Bare Skin Marin,37.95464210,-122.54642281,901 Sir Francis Drake Blvd,,Kentfield,CA,94904,,(415) 639-4864,http://bareskinmarin.com,,
118253729,Bartow Plastic Surgery,29.93274904,-90.08351476,1603 Second Street,,New Orleans,LA,70130,,(504) 895-7200,http://www.bartowplasticsurgery.com,,
118252593,Bartow Plastic Surgery,29.93274904,-90.08351476,1603 Second Street,,New Orleans,LA,70130,,(504) 895-7200,http://Bartowplasticsurgery.com,,
118253492,Bartow Plastic Surgery,29.93274904,-90.08351476,1603 Second Street,,New Orleans,LA,70130,,(504) 895-7200,http://Bartowplasticsurgery.com,,
118251983,Bay Hills Plastic Surgery,37.84896201,-122.03321999,3201 Danville Blvd #120,,Alamo,CA,94507,,(925) 257-0775,http://www.bayhillsmd.com,,
118252968,Bayside Aesthetics and Wellness,38.77206352,-76.21121249,1110 S. Talbot Street Suite 9,,St. Michaels,MD,21663,,(410) 490-6214,http://bayside-aesthetics.com,,
118253753,BBR MEDSPA,42.54916971,-83.08611361,2100 15 Mile Rd.,,sterling heights,MI,48310,,(248) 697-7099,http://www.bbrmed.com,,
118252499,BE Aesthetics,37.73886183,-97.22971593,9300 E 29th St N Suite 315,,Wichita,KS,67226,,(316) 425-9925,http://beaestheticsks.com,,
118252569,Be Well MD,30.45484990,-90.13611477,70457 Hwy 21 Studio 105,,Covington,LA,70433,,(985) 206-4060,http://BeWell-md.com,,
118250736,Be Well Spa,35.62273900,-97.51240300,130 NE 150th St,,Edmond,OK,74013,,(405) 974-0531,,,
118250797,Beach Aesthetics,33.72325400,-78.86771700,3573 St. James Ave,,Myrtle Beach,SC,29577,,(843) 631-3991,http://www.beachaestheticsmb.com,,
118251016,Beachcare Urgent & Family Medical Center,34.73585691,-76.79851258,5059 Hwy 70 West,,Morehead,NC,28557,,(252) 808-3696,http://www.beachcaremedical.com,,
118252009,Beam Aesthetics,45.41717441,-122.73862011,6000 Meadows Rd. Suite 104,,Lake Oswego,OR,97035,,(503) 800-8022,http://www.beampdx.com,,
118251511,Beata Advanced Aesthetics,40.33856609,-74.04211213,151 Markham Place,,Little Silver,NJ,07739,,(732) 838-3500,http://www.beataaesthetics.com,,
118250810,Beaute Haus,43.61064500,-116.39180100,717 N. Main St,,Meridian,ID,83642,,(208) 809-7575,http://www.beaute.haus,,
118251164,Beaute Par Co.,35.56825827,-77.35041267,3701 Charles Blvd #112,,Greenville,NC,27858,,(252) 258-4143,http://www.beauteparco.com,,
118251659,Beauteous Aesthetics,26.18159400,-81.79173500,2977 Goodlette-Frank Rd. Suite 58,,Naples,FL,34103,,,,,
118252637,Beauteous Aesthetics,30.35664974,-90.06591476,347 Girod Street Suite F,,Mandeville,LA,70448,,(985) 317-7442,http://Beautelouisiana.com,,
118253079,Beautiful Beginnings,41.63826822,-70.96861163,100 State Rd.#100,,Dartmouth,MA,02747,,(508) 501-3689,http://www.beautifulbeginningsma.com,,
118250705,Beautiful by Bri at SIZSLE,42.56916975,-70.93811162,20 Locust St. Unit A,,Danvers,MA,01923,,(508) 527-0970,http://www.beautifulbybrianna.com,,
118253396,Beautiful Eyes Aestetics,42.59835200,-72.59344700,33 Riddell St Suite 3,,Greenfield,MA,01301,,(978) 939-3128,http://www.eyecenterma.com/aesthetics/,,
118253400,Beautiful Eyes Aesthetics,42.59835200,-72.59344700,33 Riddell St. Suite 3,,Greenfield,MA,01301,,(978) 321-2588,http://eyecenterma.com,,
118253095,Beautiful Reflections,38.35596284,-90.98131491,7 Paul Parks Dr.,,St. Clair,MO,63077,,(636) 575-0811,http://beautifulreflectionsesthetics.com,,
118252832,Beautifully Bare Esthetics,26.43099000,-81.79923400,"9510 Corkscrew Palms Circle, Suite 3",,Estero,FL,33928,,(941) 888-0172,http://beautifullybareswfl.com,,
118252460,Beautifully Reborn,32.83553798,-109.70801797,312 S First Ave,,Safford,AZ,85546,,(928) 651-0295,http://mysite.vagaro.com/beautifullyreborn,,
118253094,Beautifully You Aesthetics,38.61516633,-90.53873148,14882 Clayton Rd,,Chesterfield,MO,63017,,(314) 605-9671,http://bellaraaesthetics.com,,
118250975,BEAUTILASE MEDICAL SPA,26.18884291,-98.31451611,1500 S BRYAN RD,,MISSION,TX,78572,,,,,
118252992,BeautiSpot,42.36976942,-83.47091368,905 West Ann Arbor Trail,,Plymouth,MI,48170,,(313) 444-2925,http://thebeautispot.com/,,
118250960,BEAUTOPIA MEDICAL SPA,29.79148810,-95.39921563,1119 Yale Street,,HOUSTON,TX,77008,,(713) 331-5541,,,
118253096,Beauty + Wellness,37.12656083,-93.48091532,133 State Hwy 174,,Republic,MO,65738,,(417) 590-8200,http://beautyandwellnessco.com,,
118252753,Beauty + Wellness,37.12656083,-93.48091532,133 State Hwy 174,,Republic,MO,65738,,(417) 590-8200,http://www.beautyandwellnessco.com/,,
118251728,Beauty Abound Aesthetics,31.43910200,-100.49203000,"4238 Sherwood Way, Suite 1",,San Angelo,TX,76901,,(325) 770-1220,http://Www.MedSpaSanAngelo.com,,
118252351,Beauty Abound Aesthetics,31.43910200,-100.49203000,"4238 Sherwood Way, Suite 1",,San Angelo,TX,76901,,(325) 770-1220,http://MedSpaSanAngelo.com,,
118252975,Beauty and Sophistication,33.53086300,-101.91900900,5137 69th st Suite a/b,,Lubbock,TX,79424,,(806) 474-9845,http://www.beautyandsophistication.com,,
118252394,Beauty and Sophistication LLC,33.53086300,-101.91900900,5137 69th St Suite A,,Lubbock,TX,79424,,(806) 474-9845,http://www.beautyandsophistication.com/,,
118250969,BEAUTY AND WELLNESS CENTER,26.18544290,-98.23621610,2200 S 10TH ST F23,,MCALLEN,TX,78503,,,,,
118253758,Beauty Awakened,37.51104219,-77.66347043,1014 Winterlake Ct A.,,Midlothian,VA,23113,,(804) 801-9830,http://beautyawakenedrva.com,,
118250741,Beauty B,35.53371700,-97.56807500,"6051 North Brookline Ave, Suite 110",,Oklahoma City,OK,73112,,(405) 209-6267,http://www.beautybokc.com,,
118252858,Beauty Bar,40.34766106,-94.87201554,120 E 3rd St,,Maryville,MO,64468,,(660) 224-0866,http://beautybar-nwmo.com,,
118252869,Beauty Bar 34,35.28540948,-95.58204778,34 JC Watts Jr Ave,,Eufala,OK,74432,,(918) 701-9774,http://beautybar34.com,,
118252604,Beauty Bar Med Aesthetics,42.21616917,-71.41341170,118 Washington Street 1st floor,,Holliston,MA,01746,,(508) 243-0157,http://beautybarmedaesthetics.com,,
118252061,Beauty Bliss,28.98290000,-95.96794800,1824 7th street,,Bay city,TX,77414,,(979) 428-5273,,,
118252153,Beauty Bliss Spa and Boutique,28.98290000,-95.96794800,1824 7th Street,,Bay City,TX,77414,,(979) 318-3428,http://Vagaro.com/beautybliss1,,
118252154,Beauty Bliss Spa and Boutique,28.98290000,-95.96794800,1824 7th Street,,Bay City,TX,77414,,(979) 318-3428,http://Vagaro.com/beautybliss1,,
118252804,Beauty Boss Co. Aesthetics & Wellness,34.94705100,-92.00922400,1604 S Pine Street Suite C,,Cabot,AR,72023,,(501) 628-8642,http://www.cabotmedspa.com,,
118252805,Beauty Boss Co. North Little Rock,34.76605487,-92.25940023,739 N Hills Blvd Suite 100,,North Little Rock,AR,72116,,(501) 831-6100,http://www.cabotmedspa.com,,
118253276,Beauty by Gigi,41.90068650,-87.94114408,111 N. Addison Ave #204,,Elmhurst,IL,60126,,(630) 854-0521,http://Www.beautybygigi.us,,
118251847,Beauty By Reanne,42.54916971,-83.08611361,2100 15 Mile Rd,,Sterling Heights,MI,48310,,(248) 697-7099,,,
118252480,Beauty Esthetics by Beatriz,31.72551979,-106.27111741,12240 Pellicano Dr,,El Paso,TX,79936,,(915) 383-3835,,,
118252616,Beauty From Ashes Aesthetics,27.92194575,-82.29271348,677 W Lumsden Rd,,Brandon,FL,33511,,(813) 486-5646,http://beautyfromashesaesthetics.com,,
118253415,Beauty Fusion Aesthetics,42.54260500,-83.20978900,555 S. Old Woodward Street Suite 20U,,Birmingham,MI,48009,,(248) 731-7102,http://beautyfusionaesthetics.com,,
118253023,Beauty ICU,25.90754245,-80.32601316,14750 NW 77th Ct,,Miami Lakes,FL,33016,,(786) 383-3727,http://Www.beautyicu.com,,
118253344,Beauty ICU,25.90754245,-80.32601316,14750 NW 77th Ct,,Miami Lakes,FL,33016,,(786) 383-3727,http://Www.beautyicu.com,,
118253070,Beauty Innovations,33.98635568,-118.44341941,4268 Lincoln Blvd,,Marina Del Rey,CA,90292,,(310) 780-1602,http://www.beautyinnovations.net,,
118253672,Beauty Lounge Medspa and Salon,29.13660600,-80.99953200,"731 Dunlawton Ave, Suite 103",,Port Orange,FL,32127,,(386) 310-7929,http://beautyloungeportorange.com,,
118253721,Beauty Lounge Sarasota,27.31013738,-82.53004017,2650 South Tamiami Trail,,Sarasota,FL,34240,,(941) 365-7707,http://www.beautyloungesarasota.com,,
118252493,Beauty Now Med Spa,40.68736666,-111.86161833,1045 E 3900 S Suite 202,,Millcreek,UT,84124,,(801) 260-3030,http://beautynowmedspa.com/,,
118251682,Beauty nurse NYC,40.54216000,-74.16353000,3930 Richmond ave,,Staten Island,NY,12054,,(646) 565-7889,http://Beautynursenyc.com,,
118251589,Beauty Rehab,39.62836493,-106.04541737,"124 Main St, Suite 204",,Dillon,CO,80435,,(970) 368-5707,http://thebeauty-rehab.com/,,
118251624,Beauty Room,37.11647500,-121.64553601,16275 Monterey Road Suite F,,Morgan Hill,CA,95037,,(408) 430-9350,http://beautyroommh.com,,
118251571,Beauty Skin Bar,38.84406364,-77.28881266,9918 Main St,,Fairfax,VA,22031,,(571) 564-5656,http://www.beautyskinbar.com,,
118251067,Beauty Skin Soul,28.45524662,-81.49113352,"7450 Dr. Phillips Boulevard, Suite 311",,Orlando,FL,32819,,(703) 867-8541,,,
118251760,Beauty Theory Esthetics,40.64026658,-111.85518326,1252 Vine St,,Murray,UT,84121,,(385) 457-8529,http://beautytheoryesthetics.com/,,
118251142,Beauty Wise Med Spa | Weight Loss,29.62348534,-98.49411614,"19054 Stone Oak Pkwy, Suite 104",,San Antonio,TX,78201,,(210) 290-9444,http://bw.webguava.com/#,,
118253649,BeautyMark West Chester,39.91969654,-75.57559124,1211 Wilmington Pike,,West Chester,PA,19382,,(610) 708-2842,http://BeautyMarkWC.com,,
118252190,Bednar Cosmetic Surgery,35.18996600,-80.80547700,439 N. Wendover Rd,,Charlotte,NC,28211,,(704) 366-6700,http://www.drbednar.com,,
118251900,Bee Well Day Spa,36.16655926,-82.81361357,441 E. Bernard Ave,,Greeneville,TN,37745,,(423) 823-8894,http://www.beewelldayspaandsalon.com,,
118253267,Begin SalonSp,44.92173600,-93.27815283,4456 Nicollet Ave. S,,Minneapolis,MN,55419,,(763) 439-8416,http://www.beginsalonspa.com,,
118253579,Bel Ange MedSpa,40.72224667,-74.01015121,70 Laight Street,,New York,NY,10013,,(855) 594-4300,http://www.belangemedspa.com/,,
118253686,Bel Viso Medspa,39.68851300,-83.93023200,260 North Detroit St Suite 2,,Xenia,OH,54385,,(937) 231-8194,http://Belvisomedspas.com,,
118252256,Belae Aesthetics,41.24366757,-110.98881818,195 Featherway Suite 150,,Evanston,WY,82930,,(307) 799-7255,http://www.belaeaesthetics.com/,,
118253473,Bella Aesthetics and Wellness,30.43744000,-88.83259200,6615 Washington Ave Unit E,,Ocean Springs,MS,39564,,(228) 369-3308,http://www.msbellaaesthetics.com,,
118252375,Bella Bela Aesthetics,42.24036921,-71.36931169,11 S Main St.,,Sherborn,MA,01770,,(857) 800-3597,http://bellabelaaesthetics.com,,
118251865,Bella Bela Aesthetics,42.16769087,-71.35671169,840 Main st Suite 205,,Millis,MA,02054,,(617) 799-6411,http://www.bellabelaaesthetics.com,,
118252967,Bella Bliss Med Spa,39.09116405,-77.17631264,1409 Research Blvd Suite 22,,Rockville,MD,20850,,(571) 635-6549,http://bellablissmedspa.com,,
118253772,Bella Day Spa and Transform Med Spa,40.62304537,-79.18113610,"101 Heritage Run Road, suite 1",,indiana,PA,15701,,(724) 549-1246,http://www.bellaspaandbeauty.com,,
118251058,Bella Donna Skin Studio,33.46625483,-117.69881928,"24672 San Juan Avenue, Suite 104",,Dana Point,CA,92629,,(949) 238-7202,http://www.belladonnaskinstudio.com,,
118250730,Bella Grace Aesthetics,30.19349469,-98.00601606,14101 W Hwy 290 Bldg 500B,,Austin,TX,78737,,(512) 270-1249,http://www.bellagraceaesthetics.com,,
118252535,Bella Medici Medical Spa,37.06716073,-93.23321528,2209 Petrus Circle,,Ozark,MO,65721,,(417) 551-4541,http://www.bellamedici.com,,
118250698,Bella Medspa,33.87555501,-84.37881382,4603 Wieuca Rd NE,,Atlanta,GA,30342,,(678) 908-3491,http://www.bellamedspaatl.com,,
118250671,Bella Medspa,34.07985584,-84.29521381,1020 Powers Pl,,Alpharetta,GA,30009,,(470) 282-0397,http://www.bellamedspaatl.com,,
118252881,Bella Pelle,37.68586174,-97.34751595,225 N Sycamore St suite 100-2,,Wichita,KS,67203,,(316) 213-3365,http://bellapelleict.com,,
118250686,Bella Pelle Esthetics & Brows,47.02742400,-122.91604500,"2415 Evergreen Park Drive SW, Suite C3",,Olympia,WA,98502,,(541) 661-1011,http://www.bellapelleestheticsandbrows.com,,
118251487,Bella Piel Med Spa,18.41941399,-66.06630701,321 Av. Eleanor Roosevelt,,San Juan,PR,00918,,,http://www.bellapielmedspa.com,,
118252695,"Bella Sol Medical Spa, PLLC",36.09478400,-80.27688500,115 S Stratford Rd,,Winston Salem,NC,27104,,(336) 448-0300,http://www.bellasolmedicalspa.com,,
118251068,Bella Toscana MedSpa,28.81847215,-81.71371339,1699 Mayo Drive,,Tavares,FL,32778,,(352) 742-7727,http://bellatoscanaspa.com,,
118252410,Bella Tu Medical,37.09566078,-113.56501861,736 South 900 East STE 104,,St. George,UT,84790,,(435) 574-7582,http://bellatumedical.com/,,
118251549,Bella Vita Med Spa,31.07895092,-97.69981601,"4400-3 E Central Texas EXPY, suite A",,Killeen,TX,76543,,(254) 226-3500,http://Www.BellaVitaMedSpaTX.com,,
118251443,Bellasense Med Spa,41.76529270,-87.94488316,6747 Kingery Highway,,Willowbrook,IL,60527,,(630) 934-2332,http://www.elbornocenters.com/facial-rejuvenation.html,,
118252867,Bellaviso Skin Care Studio,34.77305697,-96.67791584,111 E 12th st,,Ada,OK,74820,,(580) 279-1555,,,
118251530,Belle & Blush,34.76775696,-92.45921515,17815 Chenal Parkway Suite F109,,Little Rock,AR,72223,,(501) 448-2290,http://www.belleandblush.com,,
118251531,Belle & Blush,34.77045697,-92.33641513,5600 Kavanaugh Boulevard,,Little Rock,AR,72207,,(501) 448-2290,http://www.belleandblush.com,,
118253364,Belle Aesthetics PLLC,36.31933595,-78.41540128,116 E Dabney Drive,,Henderson,NC,27536,,,,,
118251003,Belle Ame Aesthetics,29.35549481,-98.12181161,221 San Antonio Rd,,La Vernia,TX,78121,,(210) 218-6276,http://www.belleameesthetics.com,,
118252701,Belle Marin Aesthetic Medicine,37.90385000,-122.54185100,250 E Blithedale Ave Suite B,,Mill Valley,CA,94941,,(415) 887-8718,http://bellemarin.com,,
118253379,Belle Reve Aesthetics,42.20303691,-83.15038136,113 Elm Street,,Wyandotte,MI,48192,,(734) 991-1982,http://Www.bellereveaesthetics.com,,
118251336,Belle Sante,37.24846103,-80.03411311,1906 Electric Road,,Roanoke,VA,24018,,(540) 566-3519,http://www.bellesantespa.com/,,
118251209,Belle Sante,37.24846103,-80.03411311,1906 Electric Road,,Roanoke,VA,24018,,(540) 566-3519,http://bellesantespa.com/,,
118253519,Belle Sante Med Spa,41.06331673,-85.20713140,5010 West Jefferson Blvd,,Fort Wayne,IN,46804,,(260) 436-6900,http://bellesantemedspa.com,,
118251966,Belleza Spa,39.58006485,-104.90511719,7200 East Dry Creek Road Suite E105,,Centennial,CO,80112,,(720) 492-7150,http://www.bellezaspasalon.com,,
118252196,Bellissima Aesthetics,43.95583300,-92.45945800,4530 Maine Ave SE,,Rochester,MN,55904,,(507) 421-6856,http://bellissimaaestheticsbyliz.com,,
118251421,Beloved Clinical,33.94725562,-118.11541935,9047 Florence Ave Unit G,,Downey,CA,90240,,(562) 755-1230,,,
118252475,Belton Health Spa,31.05645088,-97.46271597,111 N. East Street,,Belton,TX,76513,,(254) 444-9566,http://beltonhealthspa.com,,
118251677,Bene Skin & Laser,30.32324968,-97.72561601,5555 N. Lamar Blvd. Suite C121,,Austin,TX,78751,,(512) 817-3113,http://www.beneskinandlaser.com,,
118252229,Berman Plastic Surgery & Spa,26.36343500,-80.10038400,670 Glades Rd. Suite 240,,Boca Raton,FL,33431,,,http://www.drberman.com,,
118251546,Bespoke Aesthetics,33.63081000,-111.92738900,15825 North 71st Street,,Scottsdale,AZ,85254,,(480) 729-5630,,,
118251666,Bespoke Aesthetics,33.75595531,-84.36621382,659 Auburn Avenue NE Ste. 505,,Atlanta,GA,30312,,(714) 722-9955,http://bespokeacm.com/,,
118252032,Bespoke Skin Boutique,35.13165756,-106.52421745,10401 Montgomery Pkwy NE,,Albuquerque,NM,87111,,(505) 226-2158,http://www.bespokelajolla.com,,
118251409,Best Ever Skin,41.79616848,-87.95361441,"99 Park Avenue, Suite 201",,Clarendon Hills,IL,60514,,(630) 716-0697,http://www.besteverskin.com/,,
118251581,Best skin and Body,40.64236659,-73.64221207,310 woods ave,,Oceanside,NY,11572,,(516) 600-9853,,,
118252508,Bests Med Aesthetics,33.50654896,-101.95561670,6442 98th st suite 100,,Lubbock,TX,79424,,(806) 702-4309,http://besosaesthetics.square.site,,
118252047,Bethany Aesthetics,34.05001400,-84.28405100,970 North Point Drive,,Alpharetta,GA,30040,,,,,
118251186,Better Beauty Aesthetics,34.15955967,-84.20941380,4505 Atwood Drive,,Cumming,GA,30040,,(770) 840-5502,http://www.betterbeautyaesthetics.com,,
118252019,Better Beauty Skin Studio,31.49825161,-97.22015929,110 Midway Center,,Woodway,TX,76712,,(254) 242-6894,http://betterbeautyskinstudio.com/,,
118252998,Bevel Up MedSpa,27.94463600,-82.44964700,1047 East Cumberland Ave,,Tampa,FL,33602,,(813) 497-1869,http://www.bevelup.com,,
118252999,Bevel Up MedSpa,27.95294580,-82.50391352,3720 Midtown Drive,,Tampa,FL,33607,,(813) 807-7200,http://www.bevelup.com,,
118251044,Beverly Hill Rejuvanation Center,29.49864833,-98.48051614,7322 Jones Maltsberger RD,,San Antonio,TX,78209,,(661) 902-8676,http://www.bhrcmedspasatx.com/,,
118251356,Beverly Hills Rejuvenation Center,29.49804833,-98.47991613,"7322 Jones Maltsberger Rd, Ste 144",,San Antonio,TX,78209,,(210) 774-4655,http://www.bhrcmedspasatx.com,,
118252453,Beverly Hills Rejuvenation Center,30.20804949,-97.97816053,"12400 us 290, bldg 5, Ste 460",,Austin,TX,78737,,(737) 260-3955,http://Www.bhrcmedspa.com,,
118252872,Beyond Aesthetics,33.49725549,-101.95673167,10703 Milwaukee Ave,,Lubbock,TX,79424,,(806) 777-1350,http://beyondaestheticslbk.com,,
118252235,Beyond Skin,42.02536885,-87.89131440,1535 Lee Street,,Des Plaines,IL,60016,,(669) 350-5080,,,
118253166,Beyond Skin Aesthetics,40.07265654,-82.91413585,540 Office Pl Suite 120,,Gahanna,OH,43230,,(614) 532-6423,http://www.beyondskinaesthetics.com,,
118251741,Beyond Skin Aesthetics,40.00496554,-82.86013576,540 Officenter pl Suite 120,,Gahanna,OH,43230,,(614) 532-6423,,,
118253589,Big Country Laser Center,32.38694700,-99.76626200,5200 Buffalo Gap Rd Bldg F,,Abilene,TX,79606,,(325) 721-5542,http://Bigcountrylaser.com,,
118253588,Big Country Med Spa,32.40129531,-99.75124163,2301 Industrial Blvd,,Abilene,TX,79605,,(325) 400-6830,http://Bigcountrymedspa.com,,
118251226,Bina's Advanced Aesthetics,28.12914609,-80.63081321,1365 Cypress Avenue,,Melbourne,FL,32935,,(321) 831-8646,http://binasadvancedaesthetics.com,,
118253593,BioImage,32.37423800,-99.74870300,#5 Hospital Drive Suite A,,Abilene,TX,79606,,(325) 665-6782,http://bioimagemedspa.com,,
118253366,Biorevive Aesthetics,40.98010671,-74.12210121,12 West Ridgewood Avenue,,Ridgewood,NJ,07450,,(201) 444-7949,http://www.wonderlashstudionj.com/,,
118251621,Bird Of Paradise Skin Therapy,34.16955983,-118.60719433,22030 Clarendon st #111,,Woodland Hills,CA,91367,,(818) 797-5202,http://Bopskintherapy.com,,
118253711,Birkdale Dental,35.44509500,-80.87937900,8712 Lindholm Dr #200,,Huntersville,NC,28078,,(704) 997-8280,http://birkdaledental.com,,
118251623,Black Lotus Skin Bar,44.51177293,-89.55031467,3525 Patch Street,,Stevens Point,WI,54481,,(715) 991-0911,,,
118250754,Blank Med Spa,36.11492592,-95.97646157,1135 E 33rd Pl,,Tulsa,OK,74105,,(918) 400-0104,http://www.BlankMedSpa.com,,
118252697,Blank slate,30.14188900,-95.55101100,26345 kuykendahl suite 500,,The Woodlands,TX,77375,,(346) 730-6757,http://Blankslatebeauty.com,,
118251920,Blasthetics,36.37745960,-100.79771651,2309 S Cedar St,,Perryton,TX,79070,,(806) 648-4869,http://Blasthetics.com,,
118251192,Blasthetics Medical Spa,36.37735960,-100.79761651,2309 S Cedar,,Perryton,TX,79070,,(806) 570-2224,http://Blasthetics.com,,
118251414,Blasthetics Medical Spa,36.37735960,-100.79761651,2309 S Cedar,,Perryton,TX,79070,,(806) 648-4869,http://Blasthetics.com,,
118251013,Blendid Skincare,33.49915488,-111.92301834,4328 n Wells Fargo ave suite 1,,Scottsdale,AZ,85251,,(480) 698-4650,http://www.blendidskincare.com,,
118252222,Bleu RX Solutions,30.83059802,-90.14948701,44608 J Meadie Knight Drive,,Franklinton,LA,70438,,(985) 289-2100,http://Bleurxsolutions.com,,
118253343,Blonde Girl Aesthetics,25.80368800,-80.18946800,"2800 Biscayne Boulevard, Suite 303",,Miami,FL,33137,,(786) 833-8366,http://blondegirlaesthetics.com/,,
118251231,Bloom Aesthetic Boutique,33.54815497,-101.89921670,3833 50th Street Unit #5,,Lubbock,TX,79413,,(806) 412-1250,http://dglnt.myaestheticrecord.com/online-booking/book-appointment,,
118252996,Bloom Aesthetics,33.90895556,-117.32751922,7893 Mission Grove Pkwy S. Suite A,,Riverside,CA,92508,,(951) 776-8128,http://Bloomriversideca.com,,
118253317,Bloom Aesthetics,27.39544885,-82.44613508,9015 Town Center Parkway,,Bradenton,FL,34202,,(941) 896-2640,http://www.bloombeautyfl.com,,
118251609,Bloom Aesthetics Spa & Facial Bar,30.45614990,-84.27781381,"1240 Thomasville Road., Suite 200",,Tallahassee,FL,32303,,(850) 545-5222,http://bloomestheticstallahassee.com/,,
118251111,Bloom Beauty Boutique & Spa,25.01041410,-80.51567132,91951 Overseas Hwy,,Tavernier,FL,33070,,,http://www.bloomsugar.com,,
118253707,Bloom Esthetics Day Spa,35.26292113,-81.55471241,208 3 Brothers Ave,,Shelby,NC,28152,,(704) 300-9108,http://bloomestheticsdayspa.com,,
118251256,Blooming Medical Aesthetics,42.31736100,-71.36301600,35 Main St. #3,,Wayland,MA,01778,,(508) 433-0779,http://Www.bloomingmedicalaesthetics.com,,
118253065,Blu Magnolia Med Spa,32.89495390,-97.30841594,3418 N. Tarrant Pkwy #340,,Fort Worth,TX,76177,,(817) 471-7635,http://blumagnoliaaesthetics.com,,
118251669,Blu Medical Aesthetics,39.56769900,-104.92281300,8222 S Holly Street,,Centennial,CO,80122,,(303) 720-5625,http://Www.blumedaesthetics.com,,
118251432,BLUE DIVINE AESTHETICS,33.84175545,-84.38381383,107 W Paces Ferry Rd NW,,Atlanta,GA,30305,,(404) 467-4232,http://www.bluedivine.com/,,
118250846,Blue Door Beauty Med Spa,30.57505009,-98.27291610,"701 N Hwy 281, Suite D",,Marble Falls,TX,78654,,(830) 220-5502,http://www.bluedoorbeautymd.com,,
118253647,Blue Lakes Aesthetics,40.39586300,-105.07336200,407 North Lincoln Avenue suite 100,,Loveland,CO,80537,,(303) 819-8348,http://www.bluelakesaesthetics.com,,
118251176,Blue Spiral Med Spa,33.96995566,-83.39681366,355 Oneta St D-600,,Athens,GA,30601,,(706) 955-1313,http://www.bluespiralmedspa.com,,
118252223,Bluebonnet Laser Aesthetics,30.37648500,-91.10050700,8080 Bluebonnet Blvd Suite 3000,,Baton Rouge,LA,70810,,(225) 408-6858,http://Bluebonnetlaser.com,,
118252406,BlueZone Medical,40.42776624,-111.85011833,"61 W 3200 N, Suite C4",,Lehi,UT,84043,,(385) 342-4335,http://bluezonemedicalgroup.com/,,
118252598,Blum Med Spa,32.15555268,-110.76861815,10501 E 7 Generations Way Ste 104,,Tucson,AZ,85747,,(520) 534-7199,http://blummedspa.com,,
118252555,Blush Aesthetic Bar,38.92822200,-94.68769400,"8717 W 110th St, Suite 270",,Overland Park,KS,66210,,(913) 232-7171,http://www.blushaestheticbarkc.com/,,
118252044,Blush Aesthetics,41.46767940,-87.05821426,57 Michigan Avenue,,Valparaiso,IN,46383,,(219) 241-2850,,,
118252856,Blush Beaute and Wellness,35.18565765,-101.88131669,3712 Olsen Blvd,,Amarillo,TX,79109,,(806) 877-2583,,,
118253613,Blush Beauty Lounge,30.33664700,-86.16648300,"32 East County Highway 30A, Suite 202",,Santa Rosa Beach,FL,32459,,(850) 467-8035,http://www.blushbeautylounge.com,,
118251360,Blush Beauty Lounge,32.48105322,-95.39541563,2561 South Main Street Bldg. C,,Lindale,TX,75771,,(903) 225-9041,http://Blushbeautyloungetx.com,,
118253612,Blush Beauty Lounge,30.34286900,-86.07093600,"6925 US-98 E, Suite 102",,Santa Rosa Beach,FL,32459,,(850) 641-0200,http://www.blushbeautylounge.com,,
118252907,Blush Skin Studio,30.24284495,-92.26938151,712 The Blvd,,Rayne,LA,70578,,,http://Blushskinstudio.com,,
118250809,Blushing Beaut Skincare,47.42737770,-122.24992003,19435 Ave. S. #S100,,Kent,WA,98032,,(206) 919-5308,,,
118251000,Blushisme by Aldana Aesthetics,31.73345199,-106.29217415,11490 Don Haskins A2,,El Paso,TX,79936,,(915) 873-3255,http://blushisme.net,,
118251154,BMC Aesthetic Medicine,18.47722936,-66.32959960,Urb estancias de cerro Gordo #97,,Vega alta,PR,00692,,,,,
118252141,Body Anew Esthetic,32.51712200,-90.11008500,1040 Gluckstadt Rd. Suite B,,Madison,MS,39110,,,,,
118252358,Body Balance,36.09845914,-94.15915427,"124 W Sunbridge Drive, Suite 1",,Fayetteville,AR,72703,,(479) 315-6229,http://www.nwabodybalance.com,,
118252240,Body Envy Med Spa,29.75309200,-95.39112000,919 W Gray,,Houston,TX,77019,,(281) 673-8308,http://www.bodyenvymedspa.com,,
118252408,Body Krush,40.65386661,-73.67131207,92 Atlantic Ave,,Lynbrook,NY,11563,,(516) 344-5061,,,
118252000,Body Revolution Aesthetics & Wellness,33.73293600,-78.85974300,1211 48th Ave N,,Myrtle Beach,SC,29577,,(843) 213-1633,http://www.bodyrevolutionwellness.com,,
118252914,BodyBrite,30.30249647,-97.73811601,3701 Guadalupe St. Ste 105,,Austin,TX,78705,,(512) 454-2639,http://www.bodybriteusa.com,,
118253262,Bold Confidence Aesthetics,33.01554092,-117.07719182,"16110 Iberia Place, Suite 102",,San Diego,CA,92128,,(858) 223-9044,http://www.boldconfidentyou.com,,
118250889,Bold Esthetics,43.46057121,-111.97741835,3884 Taylorview Ln.,,Ammon,ID,83406,,(208) 569-7015,,,
118252387,Bolingbrook Wellness Center,41.64891500,-87.77660800,"13301 Ridgeland Avenue, Suite A",,Palos Heights,IL,60463,,(630) 410-2620,,,
118253027,Bomb Belle Beauty,34.43235641,-100.22131642,1511 Ave F NW Suite 1,,Childress,TX,79201,,(940) 585-7761,http://www.bombbellebeauty.com,,
118251031,Bombshell Skin Clinic,29.62604854,-98.49301614,20330 Huebner Rd Suite 105,,San Antonio,TX,78258,,(210) 772-5662,http://Bombshellskinsa.com,,
118253263,BonaVita Aesthetics,41.99168798,-72.57211890,74 Palomba Drive Unit C,,Enfield,CT,06082,,(860) 333-8944,http://Bonavitaaesthetics@gmail.com,,
118252589,Bopp Dermatology & Facial Plastic Surgery,30.01124917,-90.15411477,3421 North Causeway Blvd. Suite 102,,Metairie,LA,70002,,(504) 273-7167,http://Boppskin.com,,
118251503,Boston Skincare LLC,42.47116958,-71.02571164,999 Broadway suite 406,,Saugus,MA,01906,,,http://Bostonskincarellc.com,,
118252077,Botox Boss,29.57423100,-95.05862900,613 B Kirby RD,,Seabrook,TX,77586,,(281) 925-7734,http://www.thebotoxboss.com/,,
118250872,Botox by Jackie,41.42126786,-73.10471198,248 Oxford Rd.,,Oxford,CT,06478,,,,,
118252557,Botox RN,29.62348535,-95.59751566,13511 Southwest Freeway,,SUGARLAND,TX,77478,,(832) 268-6976,http://botoxrn.com/,,
118252382,Boujee Nurse,39.73416510,-104.98781720,1111 N Broadway #301,,Denver,CO,80203,,(303) 900-8751,http://Www.boujeenurse.com,,
118251635,Boutique Dermatology,28.59824686,-81.32813325,"201 N. Lakemont Avenue, Suite 2300",,Winter Park,FL,32792,,(407) 305-9195,http://boutique-dermatology.com/,,
118251317,Bracciano Dermatology,27.39345000,-82.45345000,"8430 Cooper Creek Blvd., Suite 102",,Bradenton,FL,34201,,(941) 360-2255,http://www.braccianodermatology.com/,,
118252465,Brassell Eye Care and Med Spa,30.00014915,-95.56381566,10130 Louetta RD,,Houston,TX,77082,,(281) 251-8133,,,
118253447,Bridges Skin + Body,30.39268800,-89.05051300,38 PASS RD STE A,,GULFPORT,MS,39507,,(228) 280-8072,http://www.bridgesskinbody.com,,
118252906,Bridges Skin + Body,30.39274980,-89.05041459,38 Pass Road Suite A,,Gulfport,MS,39507,,,http://Bridgesskinbody.com,,
118250692,Bright & Bold Aesthetics,47.02737705,-122.91552014,"2415 Evergreen Park Drive, Suite C3",,Olympia,WA,98502,,,,,
118252585,Bright Aesthetics,39.75186513,-94.23251544,602B Lana Drive,,Cameron,MO,64429,,(816) 649-5467,http://brightaestheticsmedicalspa.com/,,
118252738,BRIGHTWATER The Spa at Skin Care Institute,39.21156424,-76.88371260,"10705 Charter Drive, #330",,Columbia,MD,21044,,(410) 740-0007,http://www.brightwaterspa.com,,
118251620,Brilliance Beauty Bar,33.64045512,-112.16811838,17145 N. 51st Ave Suite 100,,Glendale,AZ,86308,,(480) 535-8899,http://Www.brilliancebeautybar.com,,
118253635,Brio Aesthetics,34.83369571,-82.33957135,2 Bella Grove Drive,,Greenville,SC,29607,,(864) 849-8102,http://brioaestheticsgvl.com,,
118252384,Broadway Plastic Surgery & Med Spa,39.53946478,-104.88641718,"9777 S Yosemite Street, Suite 220",,Lone Tree,CO,80124,,(303) 680-8989,http://www.broadwayplasticsurgery.com,,
118253004,Brooklyn Anti-Aging and Acne Clinic,30.58116000,-96.32765800,4067 General Park Way,,College Station,TX,77845,,(435) 215-6566,http://www.brooklynsskin.com/,,
118251894,Brows and Beauty,32.50543500,-84.95304600,4401 Armour Rd Suite A,,Columbus,GA,31904,,(706) 329-7645,http://Www.mybrowsandbeauty.com,,
118251528,Brows and Beauty Studio,31.77995207,-106.38601743,7500 Viscount C 49,,El Paso,TX,79925,,(915) 539-0004,http://Browsandbeautystudio.com,,
118253466,Bruce Wellness & Aesthetics,35.74381586,-78.81764129,160 Macgregor Pines Drive #310A,,Cary,NC,27511,,(919) 390-2848,http://www.bwamed.com,,
118251295,BTFL Medical Aesthetics,40.16636581,-74.05091213,"1825 NJ-35, Plaza 35, Salons by JC, Suite 7",,Wall,NJ,07719,,(732) 359-2170,http://BTFLmedicalaesthetics.com,,
118251972,Bubble Bar Spa,39.76126699,-121.83469503,1074 East U,,Chico,CA,95926,,(530) 966-7292,http://bubblebarspa.com,,
118251206,Bubolo Medical,34.04875579,-84.70071388,3889 Cobb Parkway NW,,Acworth,GA,30101,,(770) 282-1852,http://bubolomedical.com/,,
118250732,Bueso Aesthetics,29.74854874,-95.36711562,1315 St Joseph pkwy STE 1810,,Houston,TX,77002,,(512) 680-9733,http://www.buesoaesthetics.com,,
118250913,Bueso Aesthetics,29.73371300,-95.47613700,3033 Chimney Rock Rd,,Houston,TX,77005,,(512) 680-9733,,,
118252115,Buffalo skin club,43.02466900,-78.76695700,315 Campbell Ave suite 2,,Getzville,NY,14068,,(315) 314-2317,http://Buffaloskinclub.com,,
118253722,Bungalow Day Spa,35.14569563,-120.64496846,"1401 Dolliver Street, Unit #103",,Pismo Beach,CA,93449,,(805) 295-6485,http://www.bungalowdayspa.com,,
118253250,Butter Medspa,40.89367000,-73.97212120,22 Engle Street,,Englewood,NJ,07631,,(201) 655-4276,http://www.buttermedspa.com/,,
118252471,BX3 Aesthetics,42.27169258,-71.77471176,400 Shrewsbury St.,,Worcester,MA,01604,,(508) 293-1819,http://www.bx3aesthetics.com,,
118251686,By Chance,61.58541009,-149.32342447,"5031 E. Mayflower Lane, STE 6",,Wasilla,AK,99654,,(907) 841-2102,,,
118252610,C. Skin Co.,43.58771414,-70.34771153,308 US Rt. 1 (Building E Unit 2),,Scarborough,ME,04074,,(207) 219-8007,http://cskinco.com,,
118252088,C&S Aesthetics,34.24411000,-118.60659000,9568 Topanga Canyon Blvd,,Los Angeles,CA,91311,,(818) 810-7726,,,
118253573,Caceres Facial Plastic Surgery,27.75264600,-82.74133400,"1615 Pasadena Ave. S., Suite 220",,St. Petersburg,FL,33707,,(727) 870-3223,http://www.kevincaceresmd.com,,
118253657,Caela Esthetics,34.08294900,-118.37406200,"8453 Melrose Avenue, Unit A",,West Hollywood,CA,90069,,(323) 419-0033,http://www.caelaesthetics.com,,
118252853,Cahaba Dermatology Skin Health Center,33.46065482,-86.73051421,3965 Crosshaven Dr STE 113,,Vestavia Hills,AL,35243,,(205) 214-7546,http://cahabaderm.com/,,
118252852,Cahaba Dermatology Skin Health Center,33.36355466,-86.76414215,2279 Valleydale Rd. Suite 100,,Hoover,AL,35244,,(205) 214-7546,http://cahabaderm.com/,,
118252854,Cahaba Dermatology Skin Health Center,33.23454451,-87.54111434,1649 McFarland Blvd N Ste 201,,Tuscaloosa,AL,35406,,(205) 214-7546,http://cahabaderm.com/,,
118251929,Caldwell Medical Group,36.07745911,-95.81441570,2601 N Aspen Ave,,Tulsa,OK,74012,,(918) 380-2608,http://Caldwell.com,,
118251389,Camedspa,40.63466575,-73.63961207,3173 Long Beach Rd,,Oceanside,NY,11572,,(917) 749-5362,http://Camedspa.com,,
118253072,Cameron Optical and Cosmetic Eye,30.35844974,-95.59321566,15260 Highway 105 W Ste 127,,Montgomery,TX,77316,,(936) 448-1200,http://www.cameronoptical.com,,
118251866,"Cape & Islands Plastic Surgery, Hyannis",41.65466825,-70.27411514,26 Gleason Street,,Hyannis,MA,02601,,(508) 771-8967,http://capeplasticsurgery.com/,,
118251867,"Cape & Islands Plastic Surgery, Plymouth",41.92546869,-70.65541158,110 Long Pond Road suite 201,,Plymouth,MA,02360,,(508) 747-1322,http://capeplasticsurgery.com/,,
118252800,Capital Health & Aesthetics,41.59386815,-93.67471535,900 42nd Street,,Des Moines,IA,50312,,(515) 421-4018,http://capitalchirodsm.com,,
118253168,CAPS,40.05765630,-83.07913612,5005 Arlington Centre Blvd,,Upper Arlington,OH,43220,,(614) 516-4534,http://www.experiencecaps.com,,
118253167,CAPS,40.05465626,-82.88613580,1356 Cherry Way Drive,,Gahanna,OH,43230,,(614) 516-4534,http://Www.experiencecaps.com,,
118253170,CAPS,40.10465707,-83.11013617,6753 Longshore Street,,Dublin,OH,43017,,(614) 516-4534,http://www.experiencecaps.com,,
118253169,CAPS,40.14565774,-82.94313590,405 Polaris Parkway,,Westerville,OH,43082,,(614) 516-4534,http://www.experiencecaps.com,,
118252717,Captivate IV and Wellness Beauty Bar,43.03523800,-76.06899000,4306 E Genesee St,,Syracuse,NY,13214,,(443) 293-2012,,,
118252718,Captivate IV Wellness and Beauty Bar,42.94670364,-76.43011252,3 Fennell St,,Skaneateles,NY,13152,,(443) 293-2012,,,
118251994,Cara Luna Skincare,34.86545712,-120.41711973,1145 E. Clark Ste. D,,Orcutt,CA,93455,,(805) 268-2323,,,
118250768,Cardinal Wellness & Aesthetics,34.01212200,-81.17228500,"4721 Sunset Blvd, Suite D",,Lexington,SC,29072,,(803) 520-0506,http://www.cardinalagemanagement.com,,
118252558,Care Aesthetics,30.34244971,-95.08751558,117 E Houston Street,,Cleveland,TX,77327,,(281) 592-0597,http://care-esthetics.com/cleveland-tx/,,
118252808,Careen Aesthetics,37.31046113,-120.46819738,2812 G St. Suite #5,,Merced,CA,95341,,(209) 439-3900,http://careenaesthetics.com,,
118251138,carey ink.,44.14737233,-121.33041988,"64654 Cook Avenue, Suite 1",,Bend,OR,97703,,(541) 604-6752,http://careyink.com,,
118252073,Carli Angela Aesthetics,26.11444279,-80.14651313,308 SW 6th Street,,Fort Lauderdale,FL,33315,,,http://carliangelaaesthetics.com,,
118253420,Carlino Aesthetics,35.81249000,-78.70249900,3633 Harden Road Suite 201,,Raleigh,NC,27607,,(919) 785-9696,http://Carlinoaesthetics.com,,
118252720,Carma Aesthetics,28.55246780,-81.59351337,14015 West Colonial Drive,,Winter Garden,FL,34787,,,http://www.carmaaesthetics.com,,
118253709,Carolina Age Management Institute,35.43834400,-80.87076100,16315 Northcross Dr. Ste A,,Huntersville,NC,28078,,(704) 313-5219,http://carolinaagemanagement.com,,
118253795,Carolina Cosmetic Surgery,34.99781653,-80.85723599,"1040 Edgewater Corporate Pkwy, suite 101",,Indian Land,SC,29707,,(704) 594-7717,http://carolinacosmeticsurgery.org,,
118250940,Carolina Health & Wellness,32.74566400,-80.03658900,2754 Maybank Hwy Suite B,,Johns Island,SC,29455,,(843) 996-4908,http://www.carolinahealthwell.com,,
118251481,Carolina Plastic Surgery,34.96815729,-81.94031343,100 Wood St. #100,,Spartanburg,SC,29303,,(864) 721-9643,http://www.carolinaplasticsurgery.com,,
118253643,Carolinas Dermatology,34.15887500,-79.75653900,1702 Freedom Blvd,,Florence,SC,29505,,(843) 407-2030,http://carolinasdermatology.com,,
118253535,Caroline Price Dermatology,34.85685571,-82.32758135,10 Enterprise Blvd #207,,Greenville,SC,29615,,(864) 331-2505,http://www.carolinepricedermatology.com,,
118251611,Carter MD Aesthetics,40.05446563,-76.39531252,805 Estelle Drive - Suite 214,,Lancaster,PA,17601,,(717) 735-3900,http://Cartermdaesthetics.com,,
118253510,CAS Medispa,39.19507642,-86.53393142,2815 N Walnut St,,Bloomington,IN,47404,,(812) 822-0988,http://www.casmedispa.com,,
118250957,CASA BELLA AESTHETICS,30.19314947,-95.44731564,18720 CENTRO MAIN ST,,SHENANDOAH,TX,77385,,(713) 331-5541,,,
118253696,Castellano Cosmetic Surgery Center,27.94406700,-82.49350600,"105 S. MacDill Ave., Suite 203",,Tampa,FL,33609,,(813) 803-6581,http://www.castellanocosmeticsurgery.com,,
118251449,CaTara Medical Spa,41.90056865,-87.62571436,67 E. Oak Street,,Chicago,IL,60611,,(773) 630-6000,http://cataraspa.com,,
118251185,CaTara Medical Spa,42.16536908,-88.29441447,308 S. Main Street,,Algonquin,IL,60102,,(847) 658-1300,http://www.Cataraspa.com,,
118252892,CC the NP,42.34846938,-71.09561165,"500 Commonwealth Avenue, Suite #526",,Boston,MA,02115,,(617) 398-7857,http://CctheNP.square.site,,
118252896,CC the NP,42.65766989,-70.99081163,43 Topsfield Road,,Boxford,MA,01921,,,http://ccthenp.com,,
118251264,Cedar City Skin Clinic & Spa,37.66349700,-113.06479900,195 W 820 S,,Cedar City,UT,84720,,(435) 559-1396,http://cedarcityskinclinic.com/,,
118251232,Cedar City Skin Clinic & Spa,37.66349700,-113.06479900,195 W 820 S,,Cedar City,UT,84720,,(435) 559-1396,,,
118253663,Celeste Rodrigues Beverly Hills,34.06808600,-118.40634200,"436 N Roxbury Dr, Suite 217",,Beverly Hills,CA,90210,,(312) 890-2100,http://www.celesterodrigues.com,,
118253410,Celestial Aesthetics,41.24940400,-96.04752300,"8715 Countryside Plaza, Studio 7",,Omaha,NE,68114,,(402) 658-2801,http://celestialaestheticsomaha.com,,
118252224,Center for advanced rejuvenation & esthetics New Orleans (CARE),29.95305900,-90.07983600,1615 Poydras Street. Suite 350,,New Orleans,LA,70112,,(504) 356-1717,http://Careneworleans.com,,
118253717,Center for Aesthetics,42.77113500,-73.75585400,8 Century Hill Drive,,Latham,NY,12110,,(802) 430-2230,http://centerforaestheticsny.com/,,
118253355,Center for Aesthetics and Plastic Surgery / RegenCen,42.94268800,-85.57111600,1151 E Paris Ave SE #200,,Grand Rapids,MI,49546,,(616) 328-8800,http://www.stevenringlermd.com,,
118252948,Center for Plastic Surgery,46.83327673,-96.85971587,3171 44th St. S.,,Fargo,ND,58104,,(701) 412-2400,http://cfpsfargo.com,,
118251024,Center for Plastic Surgery,38.85396366,-77.22441265,3299 Woodburn Rd Suite 490,,Annandale,VA,22003,,(703) 560-2850,http://www.cpsdocs.com,,
118251025,Center for Plastic Surgery,38.96363839,-77.09041263,5550 Friendship Blvd Suite 130,,Chevy Chase,MD,20815,,(301) 652-7700,http://www.cpsdocs.com,,
118253314,CG Aesthetics,26.66643690,-81.94713426,1260 NE 8th Street,,Cape Coral,FL,33909,,(239) 822-2000,http://www.cgaesthetics.net,,
118252199,Chameleon Medical Spa,32.64607200,-96.88005300,941 York Dr Ste 200,,Desoto,TX,75115,,(972) 296-2045,http://Chameleonmedspa.com,,
118252345,Channings Studio & Spa,41.90056600,-87.62575700,"67 E. Oak Street, Suite 3W",,Chicago,IL,60611,,(312) 280-1994,http://channings.com,,
118250987,Charleston Aesthetics,32.97754030,-80.08671312,3700 Ingleside Blvd,,Ladson,SC,29456,,(843) 762-9014,http://www.charlestonaesthetics.com,,
118251627,Charlotte James Skincare,34.03655766,-118.44201941,2211 Corinth Ave. Suite 100,,Los Angeles,CA,90064,,(310) 478-5100,http://Www.charlottejamesskincare.com,,
118253437,Charmed House of Beauty,35.49319582,-97.53584160,1516 NW 23rd st,,Oklahoma City,OK,73106,,(405) 412-6531,,,
118253406,Chelsea Vacca Medical Aesthetics,27.33870400,-82.53077100,240 North Washington Blvd,,Sarasota,FL,34236,,(941) 262-0400,http://www.chelseavaccamedical.com,,
118251974,Cheng Plastic Surgery,37.28076108,-122.00391999,12945 Saratoga Ave,,Saratoga,CA,95070,,(408) 741-9982,http://www.cffbr.com,,
118251514,Chiara Skin Clinic,40.85716694,-74.48905122,4 Gibraltar Drive,,Morris Plains,NJ,07950,,(908) 591-6092,http://Chiaraskinclinic.com,,
118251965,Choctaw Health and Wellness,35.43485806,-97.26611594,14890 SE 29th st suite 106,,Choctaw,OK,73020,,(405) 281-1027,http://Choctawhealthandwellnessok.com,,
118252052,Christopher Chen MD,37.68716175,-121.87671997,4439 Stoneridge Drive Suite 110,,Pleasanton,CA,94588,,(925) 461-2840,http://doctorchrischen.com,,
118253481,Chronos,30.00798492,-90.16073148,3200 N. Arnoult Road,,Metairie,LA,70002,,(504) 267-4549,http://chronosbhw.com,,
118251121,Chronos BHW,30.00794917,-90.16081477,3200 North Arnoult Road,,Metairie,LA,70002,,(504) 267-4549,http://www.ChronosBHW.com,,
118253545,Chronos Body Health & Wellness,30.00798492,-90.16073148,3200 N Arnoult Rd,,Metairie,LA,70002,,(504) 267-4549,http://www.chronosbhw.com,,
118251234,CHRYSALIS SKIN & BODY,29.72964871,-95.42011563,2615 SOUTHWEST FREEWAY SUITE 240,,HOUSTON,TX,77098,,(713) 522-2111,http://SPACHRYSALIS.COM,,
118251566,Ciao Bella Aesthetics,30.18149449,-92.02211508,"850 Kaliste Saloom Rd., STE 117",,Lafayette,LA,70508,,(337) 356-8884,http://ciaobella.buzz/,,
118252597,Civano EyeCare,32.15555268,-110.76861815,10501 E. 7 Generations Way Ste 101,,Tucson,AZ,85747,,(520) 777-3515,http://civanoeyecare.com,,
118251676,CK Beauty Bar,38.93756380,-89.93591474,1411 Biscay Drive,,Edwardsville,IL,62025,,(618) 866-5207,http://www.ckbeautybarspa.com/,,
118253306,Clarity Health & Aesthetics,39.24564300,-94.64915507,"8350 N St Clair Ave, Suite 220",,Kansas City,MO,64151,,(816) 203-1431,http://claritydpc.com,,
118251842,Clarity Spa,40.58816650,-73.66761207,"120 W Park Ave, suite 307",,Long Beach,NY,11561,,(516) 543-7793,,,
118253456,Claytor Noone Plastic Surgery,40.01863656,-75.31989123,135 s bryn mawr ave,,bryn mawr,PA,19010,,(610) 527-4833,http://www.cnplasticsurgery.com,,
118253375,Claytor Plastic Surgery,40.01866500,-75.31991500,"135 S BRYN MAWR AVE, SUITE 300",,Bryn Mawr,PA,19010,,(610) 527-4833,http://www.cnplasticsurgery.com,,
118253290,Claytor Plastic Surgery,40.01865566,-75.32012340,135 S Bryn Mawr Ave Suite 300,,Bryn Mawr,PA,19010,,(610) 527-4833,http://www.cnplasticsurgery.com,,
118252217,Clean Slate Aesthetics,29.50909800,-95.18853100,105 w parkwood ave suite 105,,friendswood,TX,77546,,(281) 889-2735,http://Cleanslateesthetics.net,,
118252540,Cleanse Face & Body Bar,33.33454615,-111.78441831,"235 E. Warner Road, 106",,Gilbert,AZ,85296,,(480) 420-3977,http://www.cleansefaceandbody.com,,
118253422,Clear Skin Solution Studio,41.71648000,-72.76593700,1600 SE RD suite 14,,Farmington,CT,06032,,(860) 259-8572,,,
118253556,Clearskin Institute of Laser Aesthetics,33.49054100,-112.07427000,3636 N. Central Ave. 700,,Phoenix,AZ,85012,,(602) 274-8254,http://www.clearskininstitute.com,,
118252411,Clementine Skin Bar,33.39505471,-111.72121830,5114 E Southern Ave Suite 123,,Mesa,AZ,85205,,,http://www.clementineskinbar.com,,
118252349,Clinic Concierge,32.71618700,-97.35982800,2966 Park Hill Dr,,Fort Worth,TX,76109,,(817) 697-1401,http://www.clinicconcierge.com,,
118252204,Clinic Ellena Aesthetics,44.98459500,-93.25532100,125 SE Main St Suite 235,,Minneapolis,MN,55414,,(952) 500-0577,http://www.ellenaaesthetics.com/,,
118251468,Clinica Ideal Harwin,29.71714869,-95.51461565,7447 harwin dr suite 145,,houston,TX,77036,,(832) 582-4040,http://myidealclinic.com/,,
118250840,Cloud28 Aesthetics,31.75725203,-106.35151742,"10201 Gateway Blvd. West, Suite #330",,El Paso,TX,79925,,(915) 503-8432,http://instagram.com/cloud28aesthetics?igshid=YmMyMTA2M2Y=,,
118250904,Clover Skin,40.33556609,-111.71341830,"135 S State St., Suite 19",,Lindon,UT,84042,,(801) 471-0782,http://cloverskinbar.com,,
118251784,Coast Aesthetics,30.41384983,-88.81831455,1801 Government Street Suite C,,Ocean Springs,MS,39564,,(228) 200-6869,http://Www.coastaesthetics.net,,
118251383,Coastal Aesthetics,34.22225607,-77.82351275,1904 Eastwood Rd. Suite 105,,Wilmington,NC,28403,,(910) 679-5027,http://www.coastalaestheticsilm.com,,
118252912,Coastal Aesthetics,48.50887948,-122.61292009,"1610 Commercial Ave, Suite A",,Anacortes,WA,98221,,(360) 340-9282,http://www.coastalaestheticsanacortes.com,,
118252758,Coastal Care Partners,31.94035233,-81.05213280,4 Skidaway Village Walk #B,,avannah,GA,31411,,(912) 598-6312,http://www.coastalcarepartners.com,,
118253584,Coastal Glo Skin Clinic,27.70127800,-97.37441597,5525 S Staples St Suite E1 Office 7,,Corpus Christi,TX,78411,,(361) 273-5005,http://Coastalglo.net,,
118251497,Coastal Glow Skin Clinic,42.24346921,-71.17251166,"91 Eastern Ave., Ste. 20",,Dedham,MA,02026,,(339) 298-7840,http://www.coastalglowskinclinic.com,,
118251073,Coastal Ketamine and Aesthetics,32.80025374,-80.01261311,1700 Ashley River Rd Suite B,,Charleston,SC,29407,,(843) 324-6726,http://www.charlestonaesthetics.com,,
118252260,Coastal Skin Aesthetics,30.26981496,-87.59335144,3099 Loop Rd,,Orange Beach,AL,36561,,(251) 271-5859,http://coastalskinco.com,,
118251364,"Coastal Thyme Holistic Skin + Wellness Clinic: Dr. Ashley Dumont, ND",43.07947058,-70.75901159,208 Market St. #23,,Portsmouth,NH,03801,,(603) 957-2725,http://coastalthymeskin.com,,
118253698,Coberly Plastic Surgery,27.93885600,-82.48870500,"508 S. Habana Ave., Suite 180",,Tampa,FL,33609,,(813) 448-6550,http://www.drcoberly.com,,
118251314,Cohn Plastic Surgery,33.43454779,-86.73351421,3127 Blue Lake Drive,,Birmingham,AL,35243,,(205) 590-9900,http://cohnplasticsurgery.com,,
118252937,Commonwealth Dermatology,42.26686925,-71.79661176,100 Martin Luther King Jr. Blvd suite 200,,Worcester,MA,01608,,,http://cwdermworcester.com,,
118251902,Complete Clinics,42.38516944,-87.94211441,"1800 Nations Drive, Suite 112",,Gurnee,IL,60031,,(877) 547-6567,http://www.completeclinics.com/,,
118250788,Complete Laser Clinic,35.70225849,-81.28511332,2537 US Hwy 70 SE,,Hickory,NC,28602,,(828) 652-0047,http://www.completelaserclinic.com,,
118252927,COMPLEXION MED SPA,42.53066968,-83.35931366,7423 Orchard Lake Rd,,West Bloomfield,MI,48322,,(248) 737-6912,http://Www.complexionspa.com,,
118251096,Complexion Med Spa & Aesthetics,34.70095685,-76.74012573,201 W. Fort Macon Rd,,Atlantic Beach,NC,28512,,(252) 773-0841,http://www.atlanticbeachmedspa.com,,
118251942,Complexions Aesthetics and Permanent Cosmetics,30.30075900,-93.20193200,"407 Sam Houston Jones Parkway, Suite E",,Lake Charles,LA,70611,,(337) 905-1441,http://Complexionsmb.com,,
118253464,Complexions Esthetics & Permanent Cosmetics,30.30075900,-93.20193200,407 Sam Houston Jones Pkwy Suite E,,Lake Charles,LA,70611,,(337) 905-1441,http://www.complexionsmb.com,,
118252107,Composure Aesthetics,33.21231800,-97.13054700,220 E. Sycamore St.,,Denton,TX,76201,,(940) 383-4400,http://www.composuredfw.com,,
118252462,Confidence by Mariah Ashlen,29.60764851,-98.50561614,946 N Loop 1604 W. Suite 114,,San Antonio,TX,78232,,(443) 351-4995,http://confidencebyma.com,,
118253387,Confidence Olathe Med Spa,38.90769000,-94.77859400,"2235 E Kansas City Rd, Suite 3",,Olathe,KS,66061,,(913) 890-3601,http://confidence-kc.com,,
118251050,"Confident Skin Aesthetics, LLC",34.99075733,-114.59841878,5717 Highway 95 Suite 2,,Fort Mohave,AZ,86426,,(702) 721-5891,http://www.confidentskinaesthetics.com,,
118252624,Consa Regenerative Medicine,43.46218171,-88.92632815,213 Hawk Road,,Beaver Dam,WI,53916,,(847) 291-4999,http://www.consarx.com,,
118251759,Constantine Cosmetic Surgery,40.64155800,-111.88284900,5929 Fashion Blvd,,Murray,UT,84107,,(801) 261-3637,http://www.constantinecosmeticsurgery.com/,,
118252093,Copper View Eye Care and Aesthetics,40.53743700,-112.02220000,5474 West Daybreak Pkway Suite G3,,South Jordan,UT,84009,,(801) 923-3935,http://ooppervieweyecare.com/,,
118252710,"Cora Esthetics, LLC",33.53451200,-101.94163200,"5820 66th St, Suite 400",,Lubbock,TX,79424,,(214) 729-6036,http://coraesthetics.glossgenius.com,,
118252931,Core Aesthetics,26.40394326,-81.80771340,23106 Fashion Drive,,Estero,FL,33928,,(239) 503-9216,http://www.coreaestheticsspa.com,,
118252357,Corner Stone Spa Salon,42.91737032,-89.22021462,213 S. Division St.,,Stoughton,WI,53589,,(608) 873-5542,http://www.cornerstonespaandsalon.com,,
118252110,Corrective Skin Christy,40.36369000,-111.96536200,4095 E Pony Express Pkwy Ste 12,,Eagle mountain,UT,84005,,(920) 716-0890,http://Www.correctiveskinchristy.com,,
118251366,Corrective Skin Christy,40.36376613,-111.96531834,4095 E Pony Express PKWY Suite 12 Room 12,,Eagle Mountain,UT,84045,,(920) 716-0890,http://www.correctiveskinchristy.com,,
118253080,Cosmetic Enhancement Center of New England,43.65417152,-70.31901152,1945 Congress St. Building C,,Portland,ME,04102,,(207) 560-8630,http://cecofne.com,,
118253349,Cosmetic Skin & Laser Center - Ann Arbor,42.24451300,-83.74721800,"315 E Eisenhower Pkwy, #8",,Ann Arbor,MI,48108,,(734) 794-3786,http://www.cslcbeauty.com,,
118253353,Cosmetic Skin & Laser Center - Bloomfield Hills,42.58466698,-83.24535136,40646 Woodward Ave.,,Bloomfield Hills,MI,48304,,(248) 855-1004,http://www.cslcbeauty.com,,
118253350,Cosmetic Skin & Laser Center - Chelsea,42.29844300,-84.02910200,"1620 Commerce Park Dr., Suite 100",,Chelsea,MI,48118,,(734) 475-2921,http://www.cslcbeauty.com,,
118253347,Cosmetic Skin & Laser Center - Downtown Naples,26.14898700,-81.79807700,"700 2nd Avenue N, Suite 205",,Naples,FL,34102,,(239) 367-7353,http://www.cslcbeauty.com,,
118253360,Cosmetic Skin & Laser Center - East Lansing,42.72875000,-84.46173000,1504 E Grand River Ave. Suite 202,,East Lansing,MI,48823,,(231) 347-7395,http://www.cslcbeauty.com,,
118253354,Cosmetic Skin & Laser Center - Fenton,42.79415701,-83.70662137,116 Mill St.,,Fenton,MI,48430,,(810) 701-8088,http://www.cslcbeauty.com,,
118253356,Cosmetic Skin & Laser Center - Hobe Sound,27.06035443,-80.12951131,11810 SE Dixie Hwy,,Hobe Sound,FL,33455,,(561) 290-2656,http://www.cslcbeauty.com,,
118253459,Cosmetic Skin & Laser Center - Lake Mary,32.96014540,-96.70925158,964 International Pkwy. #1620,,Lake Mary,FL,32746,,(407) 636-7539,http://www.cslcbeauty.com,,
118253348,Cosmetic Skin & Laser Center - North Naples,26.27305430,-81.68261134,"8855 Immokalee Rd., #11",,Naples,FL,34120,,(239) 302-3540,http://www.cslcbeauty.com,,
118253357,Cosmetic Skin & Laser Center - Palm Beach,26.70530200,-80.04012500,"340 Royal Palm Way, Suite 101",,Palm Beach,FL,33480,,(561) 290-2656,http://www.cslcbeauty.com,,
118253148,Cosmetic Skin & Laser Center - Petoskey,45.37474341,-84.96213920,116 W. Mitchell St.,,Petoskey,MI,49770,,(231) 347-7395,http://cslcbeauty.com,,
118253346,Cosmetic Skin & Laser Center - Traverse City,44.76272800,-85.64567200,3529 W. Front St.,,Traverse City,MI,49684,,(231) 347-7395,http://www.cslcbeauty.com,,
118253359,Cosmetic Skin & Laser Center - Vero Beach,27.65119800,-80.35745500,3111 Cardinal Dr. Suite SE,,Vero Beach,FL,32963,,(239) 367-7353,http://www.cslcbeauty.com,,
118253358,Cosmetic Skin & Laser Center - Wellington,26.64977800,-80.24159100,"12300 S Shore Blvd, Suite #101",,Wellington,FL,33414,,(561) 290-2656,http://www.cslcbeauty.com,,
118253352,Cosmetic Skin & Laser Center - Winter Park,28.60994469,-81.36341133,2105 N Park Ave.,,Winter Park,FL,32789,,(347) 636-7539,http://www.cslcbeauty.com,,
118252503,Cosmetic Surgery Affiliates,35.53649800,-97.54824600,2100 NW 63rd st,,Oklahoma City,OK,73116,,(405) 842-6677,http://csaok.com,,
118252504,Cosmetic Surgical Arts,35.59585832,-97.58721599,12324 Saint AndrewÕs Dr,,Oklahoma City,OK,73120,,(405) 607-1333,http://cosmeticsurgicalartsokc.com,,
118253209,Cosmic Glow Aesthetics,40.28366000,-76.65412559,203 W Caracas Ave. Suite 202,,Hershey,PA,17033,,(717) 580-5866,http://www.cosmicglowaesthetics.com,,
118251701,Courtney Peabody Aesthetics,47.89747848,-97.05671590,3610 S Washington St,,Grand Forks,ND,58201,,(701) 203-2060,http://courtneypeabodyaesthetics.com/,,
118251667,Courtney Peabody Aesthetics,47.89747848,-97.05671590,3610 S Washington Street,,Grand Forks,ND,58201,,,http://www.courtneypeabodyaesthetics.com,,
118251959,Courtney Taylor Esthetics,37.72426181,-97.44531597,2243 N Tyler Rd Suite 521,,Wichita,KS,67205,,(316) 300-6722,,,
118251831,Couture Med Spa,42.78977011,-71.51591172,449 Amherst St. Suite 3,,Nashua,NH,03063,,,http://couturemedspa.com,,
118253766,Couture Med Spa,37.27604490,-76.74165911,4640 Monticello Avenue #9B,,Williamsburg,VA,23188,,(757) 974-8773,http://www.couturemedspa.com,,
118251225,Couture Med Spa - Lake Mary,28.78184716,-81.35691333,1109 International Parkway #1651,,Lake Mary,FL,32746,,(407) 917-5151,http://www.couturemedspa.com,,
118251223,Couture Med Spa - Ocoee,28.55024678,-81.54141336,10956 W. Colonial Drive,,Ocoee,FL,34761,,(407) 452-5545,http://couturemedspa.com,,
118251224,Couture Med Spa - Oviedo,28.65194694,-81.20631330,21 Alafaya Woods Blvd,,Oviedo,FL,32765,,(407) 898-5788,http://www.couturemedspa.com,,
118251222,Couture Med Spa - Winter Park,28.58894684,-81.36113330,"1155 N. Orange Avenue, Unit 2",,Winter Park,FL,32789,,(407) 907-6300,http://www.couturemedspa.com,,
118253756,Covet Beauty Skin,48.41238730,-114.33639426,525 Railway Street Unit 104,,Whitefish,MT,59937,,(406) 730-2627,http://covetbeautyskin.com/,,
118253771,CPG Plastic Surgery,40.32220070,-78.92089144,1 Tech Park Drive Suite 1200,,Johnstown,PA,15901,,(814) 534-6750,,,
118251114,Crantford Costa Skin Clinic,32.78355371,-79.94361310,247 Calhoun St.,,Charleston,SC,29401,,(843) 722-5904,http://www.ccplastics.com,,
118252441,Crave Medical Spa,32.72555362,-97.38821596,3550 Hulen St,,Fort Worth,TX,76107,,(817) 727-9260,http://Www.cravemedicalspa.com,,
118252741,Cream Skin Studio,38.91506376,-77.23291265,"8320 Old Courthouse Road, Suite 401",,Vienna,VA,22182,,(703) 947-9146,http://www.creamskinstudio.com,,
118250964,CREOLE CONTOUR AESTHETICS BY CMWH,30.01296900,-95.60781400,17138 NORTH ELDRIDGE PKWY SUITE D,,TOMBALL,TX,77375,,,,,
118251486,Crispin Plastic Surgery,33.91035556,-84.35021382,5673 Peachtree Dunwoody Rd Suite 100A,,Atlanta,GA,30342,,(404) 257-0064,http://www.crispinplasticsurgery.com/,,
118251099,Crosby Skin Studio,48.01486787,-122.45432006,2920 Hi Crest Rd,,Langley,WA,98260,,(360) 632-6149,,,
118252837,CRU Medical Aesthethics Atelier,32.43611100,-81.76933300,420 Gentilly Place Unit A,,Statesboro,GA,30458,,,http://crustatesboro.com,,
118253318,Cruzin Dental,26.61643609,-81.67613382,3003 Lee Blvd,,Lehigh Acres,FL,33971,,(239) 369-0019,http://www.cruzindental.com,,
118250864,Crystal Clear Skin & Beauty,34.08375584,-118.37519395,8469 Melrose Place,,West Hollywood,CA,90069,,(310) 962-5595,http://www.crystalclearskinandbeauty.com,,
118251644,Cucumber & Mint,33.48643100,-82.03087000,469 B Highland Ave,,Augusta,GA,30904,,(706) 733-4546,http://www.cucumberandmint.com,,
118251086,Cultura Beauty Esthetics,36.10825916,-115.11871886,4472 S Eastern Ave,,Las Vegas,NV,89119,,(619) 727-0838,http://culturabeautyesthetics.glossgenius.com/,,
118250699,Cunningham Clinic,39.70406505,-104.94111719,695 S Colorado Blvd STE 160,,Denver,CO,80246,,(720) 650-4550,http://www.cunninghamclinic.com,,
118253601,Cupid Lips,34.09176559,-118.38071194,8648 West Sunset Blvd,,West Hollywood,CA,90069,,(424) 667-0036,http://www.cupid-lips.com,,
118252592,CW Esthetics,31.80785211,-106.51071745,"4855 North Mesa Street, STE 103",,El Paso,TX,79912,,(435) 668-0319,http://cw-esthetics.com,,
118252541,Cypress Physicians Associates,30.09054930,-95.44891564,2255 East Mossy RD Suite 680,,Spring,TX,77389,,(281) 537-0300,http://cypresspa.com,,
118252526,D-Essence Wellness,41.45476792,-74.05541213,"871 Blooming Grove Turnpike, suite 102",,New York,NY,12586,,(845) 282-6437,http://Dessencenewellness.com,,
118251680,D.Skin.Loft,40.90686702,-73.29681201,3 North Field Dr,,Northport,NY,11768,,(631) 741-5985,,,
118253511,Daelyn Maree Beauty LLC,39.33635900,-85.49455300,727 west main street,,Greensburg,IN,47240,,(812) 614-7631,http://daelynmareebeauty.com,,
118252178,Daelyn Maree Beauty LLC,39.33635900,-85.49455300,727 West Main Street,,Greensburg,IN,47240,,(812) 614-7631,http://www.facebook.com/daelynmareebeauty,,
118251756,Dahl House Aesthetics,47.49037781,-111.32631824,500 Country Club Blvd,,Great Falls,MT,59404,,(406) 454-9450,http://dahlhouseaesthetics.com/,,
118252027,Dallas Family Medical Aesthetics,32.98205100,-96.82959200,"16901 Dallas Parkway, Suite 208",,Addison,TX,75001,,(972) 248-2020,http://dallasfamilymedical.com/,,
118252696,Danielle Graham Esthetics,35.89444400,-80.56153400,82 Court Square,,Mocksville,NC,27028,,(336) 753-8088,http://www.daniellegrahamesthetics.com,,
118252291,Dash of Fab Med Spa,33.50945490,-112.01801835,2929 E. Camleback Rd suite 114,,Phoenix,AZ,85016,,(602) 361-1209,http://www.dashoffabmedspa.com,,
118253098,Dawn of Life Aesthetics & Wellness Med Spa,37.29356110,-89.57114675,3203 Blattner Dr. #2,,Cape Girardeau,MO,63703,,(573) 803-1884,http://dawnoflifemedspa.com,,
118253126,DazzleMe Skin and Body,34.10965589,-118.19201936,5720 N Figueroa Street,,Los Angeles,CA,90042,,(213) 451-8010,http://dazzlemeskin.com,,
118252449,DCW Aesthetics,41.72666837,-112.16721838,300 West 1400 South,,Garland,UT,84312,,,http://drdouglaswalker.com,,
118251239,De la Belle Wellness & Spa,35.13235756,-89.95901474,3086 Poplar Ave,,Memphis,TN,38111,,(901) 433-9024,http://Delabelle.net,,
118252897,De La Cruz Plastic Surgery,29.87984896,-95.63341567,15016 fm 529 w,,houston,TX,77095,,(832) 776-1134,http://www.delacruzplasticsurgery.com,,
118251777,De Sanchez Med Spa,26.21709600,-98.23302700,1308 N 15th ST,,MCALLEN,TX,78501,,(956) 682-1306,http://www.desanchez.com/,,
118251143,Defining withing Ink & Esthetics,44.93957363,-123.04032016,"198 Commercial St. SE Suite, 160",,Salem,OR,97301,,(971) 719-2388,http://definingwithin.com,,
118253099,Dellay Aging,38.50566309,-90.63014849,300 W. 4th St C,,Eureka,MO,63025,,(636) 579-4800,http://dellayaging.com,,
118251187,Delray Dermatology,26.45274334,-80.06711312,550 SE 6th Ave,,Delray Beach,FL,33483,,,http://delrayskin.com,,
118251102,Deosoli Beauty,33.31075458,-111.74151831,"2268 E Williams Field Rd, #105",,Gilbert,AZ,85295,,(480) 274-9945,http://www.deosoli.com,,
118250981,Derma Beauty Aesthetics,33.67800500,-117.87559900,"3140 Red Hill Avenue, Suite 170",,Costa Mesa,CA,92626,,,http://www.dermabeautystore.com,,
118252542,Derma Laser Medspa,34.13715593,-84.17191379,979 Peachtreee Pkwy B,,Cumming,GA,30041,,,http://www.dermalasermedspa.com,,
118252123,Derma MediQ,32.53225330,-92.09391509,1705 Lamy Lane,,Monroe,LA,71201,,(318) 807-1060,,,
118250774,Dermaculture Skin & Spa,34.24805611,-85.16821395,203 Glenn Milner Blvd,,Rome,GA,30161,,(706) 290-3979,http://www.dermacultureskinandspa.com/,,
118253488,Dermage Aesthetic Studio,45.65839748,-122.54269201,5027 NE 126th Ave,,Vancouver,WA,98682,,,,,
118253538,Dermagnify,30.21331800,-81.37867000,"100 Executive Way, Suite 114",,Ponte Vedra Beach,FL,32082,,(904) 842-3632,http://www.dermagnify.com,,
118252016,Dermalase Medical Spa Ocala,29.14076000,-82.18976200,"4414 SW College Road, #1470",,Ocala,FL,34471,,(352) 240-3699,http://dermalasemedicalspa.com/,,
118252444,Dermani Med Spa,32.57295337,-97.11771591,620 US Hwy 287 N Frontage Rd #106,,Mansfield,TX,76063,,(817) 225-2328,http://Www.dermanimedspa.com,,
118251242,Dermani Med Spa Buckhead (Atlanta),33.83375543,-84.38431383,2900 Peachtree Road NW Suite 111,,Atlanta,GA,30305,,(770) 212-2242,http://www.dermanimedspa.com,,
118251245,Dermani Med Spa Buford,34.06955820,-83.98513760,3310 Buford Drive NE Suite 33,,Buford,GA,30519,,(770) 212-2242,http://www.dermanimedspa.com,,
118251247,Dermani Med Spa Johns Creek,34.06725582,-84.16913790,11720 Medlock Bridge Road Suite 140,,Johns Creek,GA,30097,,(770) 212-2242,http://www.dermanimedspa.com,,
118251244,Dermani Med Spa Sandy Springs,33.91785557,-84.38161383,5950 Roswell Road,,Sandy Springs,GA,30328,,(770) 212-2242,http://www.dermanimedspa.com,,
118251243,Dermani Med Spa Vinings,33.86545549,-84.46681384,4300 Paces Ferry Road Suite 245,,Atlanta,GA,30339,,(770) 212-2242,http://www.dermanimedspa.com,,
118251381,Dermani Medspa,30.13334494,-95.23441156,21383 Valley Ranch Boulevard,,New Caney,TX,77353,,(281) 888-0245,http://dermanimedspa.com/valley-ranch-new-caney-tx/,,
118252081,Dermani Medspa,40.07679600,-75.68972000,510 Simpson Drive,,Chester Springs,PA,19425,,(609) 923-6322,,,
118251876,Dermani MedSpa,26.54874350,-81.80781340,8911 Daniels Parkway Suite 6,,Fort Myers,FL,33912,,,http://dermanimedspa.com,,
118253694,Dermani Medspa Ballantyne,35.03061775,-80.85227461,16045 Lancaster Hwy Suite E,,Charlotte,NC,28277,,(704) 749-0440,http://dermanimedspa.com,,
118251816,Dermani Medspa Dallas,32.90853917,-96.80541586,11661 Preston Rd. Suite 210,,Dallas,TX,75230,,(214) 751-6742,http://Dermanimedspa.com,,
118251522,dermani MEDSPA Duluth,33.99965570,-84.09321378,6603 Sugarloaf Pkwy Suite 108,,Duluth,GA,30097,,(678) 271-6858,http://dermanimedspa.com/duluth/,,
118251334,Dermani Medspa Dunwoody,33.92207300,-84.31673100,4512 Chamblee Dunwoody Rd,,Dunwoody,GA,30338,,(770) 679-3284,http://dermanimedspa.com/dunwoody/,,
118251523,dermani MEDSPA East Cobb,33.97695567,-84.41901383,1205 Johnson Ferry Rd Suite 129,,Marietta,GA,30068,,(404) 282-7154,http://dermanimedspa.com/east-cobb-marietta-ga/,,
118253504,dermani MEDSPA Granger,41.72006835,-86.17014118,"605 E University Dr, Suite B",,Granger,IN,46530,,(574) 521-1355,http://dermanimedspa.com/granger,,
118252020,dermani Medspa of Granger,41.72006835,-86.17014118,"605 E University Dr, Suite B",,Granger,IN,46530,,(574) 521-1355,http://www.dermanimedspa.com/granger,,
118251335,Dermani Medspa Park Ridge,42.01850500,-87.84339500,535B Busse Hwy,,Park Ridge,IL,60068,,(847) 906-8536,http://dermanimedspa.com/park-ridge-il-des-plaines-niles/,,
118251380,dermani MEDSPA¨ Alpharetta,34.04435578,-84.29321381,6480 North Point Pkwy #1100a,,Alpharetta,GA,30022,,(404) 885-8701,http://dermanimedspa.com/alpharetta/,,
118251379,dermani MEDSPA¨ Buckhead/Chastain,33.88945900,-84.38167000,4920 Roswell Rd #19,,Atlanta,GA,30342,,(404) 383-8453,http://dermanimedspa.com/buckhead-atlanta-chastain/,,
118251378,Dermani Peachtree Corners,33.98045567,-84.21901380,5165 Peachtree Pkwy Unit 230,,Peachtree Corners,GA,30092,,(404) 383-1108,http://www.dermanimedspa.com,,
118251515,Dermani- Roswell,34.06265581,-84.39721383,1133 Woodstock Rd Suite 140,,Roswell,GA,30075,,(770) 526-0908,http://www.dermanimedspa.com,,
118251516,Dermani- Snellville,33.86715549,-84.01531377,2050 Scenic Hwy N Suite F,,Snellville,GA,30078,,(678) 251-9290,http://www.dermanimedspa.com,,
118251463,Dermastar,40.74846676,-73.99301212,"352 7th ave , #807",,NY,NY,10001,,(917) 993-6998,,,
118250653,Dermatology Affiliates (Buckhead),33.84065544,-84.37181382,"3131 Maple Drive, Suite 102",,Atlanta,GA,30305,,(404) 816-7900,http://www.DermatologyAffiliates.com,,
118250654,Dermatology Affiliates (East Cobb),33.96645565,-84.40851383,"4939 Lower Roswell Road, Suite 104",,Marietta,GA,30068,,(404) 816-7900,http://www.dermatologyaffiliates.com,,
118250655,Dermatology Affiliates (Midtown),33.78625536,-84.41081383,"691 14th Street, Suite E",,Atlanta,GA,30318,,(404) 816-7900,http://www.dermatologyaffiliates.com,,
118251753,"Dermatology and Aesthetics Center of Utah: Amy V. Curtis, MD",40.92046704,-111.89631833,1222 Legacy Crossing Blvd #200,,Centerville,UT,84014,,(801) 298-3802,http://www.bountifuldermatology.com/,,
118250657,"Dermatology and Surgery Specialists of North Atlanta, PC (DESSNA)",33.96865565,-84.41281383,"4800 Olde Towne Parkway, Suite 250",,Marietta,GA,30068,,(770) 971-3376,http://www.dessna.com,,
118252787,"Dermatology Associates of Western Connecticut, New Milford",41.60616817,-73.40291203,120 Park Lane Rd.,,New Milford,CT,06776,,(860) 350-4152,http://www.dermwestconn.com,,
118252786,"Dermatology Associates of Western Connecticut, Newtown",41.41626786,-73.36781202,170 Mount Pleasant Road Suite 201,,Newtown,CT,06470,,(203) 792-4151,http://www.dermwestconn.com,,
118252788,"Dermatology Associates of Western Connecticut, Ridgefield",41.29026765,-73.49491204,10 South Street,,Ridgefield,CT,06877,,(203) 438-1101,http://www.dermwestconn.com,,
118252789,"Dermatology Associates of Western Connecticut, Southbury",41.47816796,-73.21371200,77 Main St. North suite 107,,Southbury,CT,06488,,(203) 264-3903,http://www.dermwestconn.com,,
118251386,Dermatology Care of Charlotte,35.04765742,-80.76761323,11835 Southmore Drive Suite 203,,Charlotte,NC,28277,,(704) 341-0090,http://www.dermcarecharlotte.com,,
118251178,Dermatology Consultants,33.60105505,-83.84913738,4151 Hospital Drive,,Covington,GA,30014,,(770) 784-0343,http://www.dermatologyconsultants.org,,
118251177,Dermatology Consultants,33.84345545,-84.42891383,"3280 Howell Mill Road, NW Suite 101",,Atlanta,GA,30327,,(404) 351-7546,http://www.dermatologyconsultants.org,,
118253056,Dermatology Group of Arkansas,34.57445665,-92.58531517,5 Medical Park Dr. Suite 200,,Benton,AR,72015,,(501) 776-3800,http://dermgroupar.com,,
118252900,"Dermatology Partners, Inc.",42.32466934,-71.25371167,"65 Walnut Street, Suite 480",,Wellesley,MA,02481,,(781) 431-7733,http://dermatologypartnersinc.com,,
118251607,"Dermatology Physicians, Inc.",40.06516564,-76.30421250,1613 Oregon Pike,,Lancaster,PA,17601,,(717) 824-3007,http://Www.dermphys.com,,
118251339,Dermatrition,33.80085538,-84.39221383,"1745 Peachtree St. NE Suite F, Studio 104",,Atlanta,GA,30309,,(404) 805-3059,http://ehealthgirl.com/,,
118251377,Dermatrition,33.80116700,-84.39192400,"1745 Peachtree St. NE, Suite F, Studio 104",,Atlanta,GA,30309,,(404) 805-3059,http://www.ehealthgirl.com,,
118253223,DermDox Dermatology Centers Bethlehem,40.66366624,-75.39141235,5325 Northgate Dr #205,,Bethlehem,PA,18017,,(610) 936-8050,http://dermdoxcenters.com,,
118253781,Dermesteitcs,38.79524293,-77.61043101,7504 Iron Bar Ln.,,Gainesville,VA,20155,,,http://www.dermestetics.com,,
118253782,Dermesteitcs,38.72882964,-77.79953278,147,,Warrenton,VA,20186,,,http://www.dermestetics.com,,
118253783,Dermestetics,38.88197500,-77.22948400,2672 J Avenir Pl,,Vienna,VA,22180,,,http://www.dermestetics.com,,
118253784,Dermestetics,38.93488878,-77.17656647,1400 Chain Bridge Road,,McLean,VA,22101,,,http://www.dermestetics.com,,
118253785,Dermestetics,38.88179307,-77.09121300,3000 Washington Blvd F,,Arlington,VA,22201,,,http://www.dermestetics.com,,
118252519,Dermsurgery Associates,29.60334850,-95.63201567,1415 Highway 6 C400,,Sugarland,TX,77478,,(281) 491-9278,http://www.dermsurgery.org/locations/sugar-land-texas,,
118251838,DermSurgery Associates,29.70695800,-95.46123200,6700 west loop south suite 500,,Houston,TX,77401,,(713) 791-9021,http://www.dermsurgery.org/,,
118251719,Des'Nu Esthetics,28.59201600,-81.37264100,"668 Cherry Street, Suite A",,Winter Park,FL,32789,,(407) 912-7445,http://www.desnuesthetics.com,,
118250890,Desert Dream Esthetics,33.50125489,-111.99501835,"4417 N. 40th Street, Suite 3 Building 200",,Phoenix,AZ,85018,,(480) 299-5183,http://www.desertdreamesthetics.com,,
118250929,Desert Hills Rejuvenation,36.77103600,-108.18485900,"4760 N Butler Ave, Suite B2",,Farmington,NM,87401,,(505) 427-3351,http://www.deserthillsrejuvenation.com,,
118250851,Desert Moon Wellness,36.07315910,-115.28721889,"8945 W. Post Rd., Suite 100",,Las Vegas,NV,89148,,(702) 901-9812,http://www.desertmoonwellness.com,,
118250915,Desert Moon Wellness,36.07315910,-115.28721889,"8945 W. Post Rd., Suite 100",,Las Vegas,NV,89148,,(702) 901-9812,http://www.desertmoonwellness.com,,
118252402,Desert Skin Glow,33.70964400,-116.28603500,46650 Adams st,,La Quinta,CA,92253,,(760) 238-6970,http://www.desertskinglow.com,,
118252339,Desert Skin Glow,33.71129200,-116.28604600,46610 Adams St. Suite 111,,La Quinta,CA,92253,,(760) 238-6970,http://desertskinglow.com,,
118253741,Destination Aesthetics Medical Spa,38.75617090,-121.30986067,10006 Foothills Blvd,,Roseville,CA,95678,,(916) 844-4913,http://destinationaesthetics.com,,
118252254,Detroit Skin Club,42.54126970,-83.20513632,801 S Adams rd Suite 100,,Birmingham,MI,48009,,(248) 266-5733,http://Www.detroitskinclub.com,,
118251608,Dew Skin Studio,32.80595375,-79.94421310,1 Cool Blow St. Suite 122,,Charleston,SC,29403,,(843) 619-3578,http://www.dewskinstudio.com,,
118251880,Dewy Aesthetics,40.71306900,-74.00962100,100 Church Street 7th Floor,,NY,NY,10007,,(917) 397-4543,http://www.dewyaesthetics.com,,
118251078,Dewy Aesthetics,47.96877859,-122.20862002,3632 Colby Ave,,Everett,WA,98201,,(425) 209-7762,http://dewyaesthetics.co,,
118251416,dewySKIN holistic + corrective SPA,33.58195502,-79.02861295,12060 Hwy 17 Bypass Unit D,,Murrells Inlet,SC,29576,,(803) 239-8734,,,
118251988,Diamond Beauty Aesthetics,36.81376032,-119.70121961,1416 Clovis Ave Suite 216,,Clovis,CA,93612,,,http://tanyaclevinger.glossgenius.com/services,,
118251407,Dimension Cool Aesthetics,34.94625100,-81.91401600,383 S. Pine St.,,Spartanburg,SC,29302,,(864) 308-1910,http://www.dcaesthetics.com,,
118252590,Direct Aesthetics,43.12067065,-85.55971402,27 N. Main St,,Rockford,MI,49341,,(616) 213-1804,http://www.direct-aesthetics.com,,
118252963,District Injector,38.90836375,-77.04231262,1341 Connecticut Avenue Suite 4.2,,Washington,DC,20036,,(202) 800-0612,http://thedistrictinjector.com,,
118252278,Divine Complexions,45.33457428,-122.76502011,25700 SW Argyle Ave. Suite C,,Wilsonville,OR,97070,,(503) 757-8280,http://www.divinecomplexions.com,,
118253011,Divinity Med Spa,28.46846643,-82.50631352,13248 Spring Hill Drive,,Spring Hill,FL,34609,,(352) 606-2980,http://www.divinitymedspa.com,,
118251257,DK Aesthetic Clinic,41.29466766,-72.78011924,375 East Main Street,,Branford,CT,06405,,,http://dkaestheticclinic.com/,,
118252780,DMC Aesthetics,32.08795257,-110.77611815,10042 E Old Vail Road,,Tucson,AZ,85747,,(520) 240-2634,http://www.aestheticsdmc.com,,
118250755,DMP Beauty Medspa,31.12885100,-97.47201597,12015 FM 2305,,Belton,TX,76513,,(254) 217-3241,http://www.dmpbeauty.com,,
118253244,Dontage,38.86763680,-77.23312654,3040 Williams Drive STE 105,,Fairfax,VA,22031,,(703) 573-1524,http://www.dontageva.com,,
118253751,Dontage,38.86763680,-77.23312654,3040 Williams Drive STE 105,,Fairfax,VA,22031,,(703) 573-1524,http://www.dontageva.com,,
118252976,Dontage,38.86736368,-77.23381265,3040 williams dr STE 105,,fairfax,VA,22031,,(703) 573-1524,http://www.dontageva.com,,
118252374,DOSED RX,42.32116934,-71.63321174,112 Main St. Suite 103,,Northborough,MA,01775,,(858) 367-3379,http://dosedrx.com,,
118253228,Downtown Medspa,40.71966715,-74.04312131,115 Christopher Columbus Dr Ste 404,,Jersey City,NJ,07302,,(201) 221-3083,http://www.downtownmedspa.com,,
118251679,Dr Amy Lewis,40.77246680,-73.96151212,120 E 75th St,,NY,NY,10021,,(212) 288-6133,,,
118252564,Dr Anna Supoyna,40.61316654,-74.03381213,"9920 4th ave, #206",,Brooklyn,NY,11209,,(917) 202-4155,,,
118252901,Dr Courtney Plastic Surgery,29.73454708,-95.40912010,2024 Richmond Ave,,Houston,TX,77098,,(713) 489-1630,http://www.drcourtney.com,,
118250954,DR KRISTIN SCHMIDT,29.79440800,-95.70470500,2222 GREENHOUSE RD SUITE 1800,,HOUSTON,TX,77084,,(832) 930-7018,,,
118251716,Dr Lee Ann Klausner,40.78073300,-73.95710800,"1050 Park Avenue, Suite 1B",,NY,NY,10028,,(212) 288-1011,http://Leeannklausnerinstitute.com,,
118251914,Dr Yael Halaas,40.76066782,-73.97061212,"120 E 56th St, suite 800, Fl 8",,New York,NY,10022,,(323) 239-6439,http://Drhalaas.com,,
118253659,Dr. Behrooz Torkian,34.06487558,-118.41045194,201 S Lasky Drive,,Beverly Hills,CA,90212,,(424) 453-8535,http://www.drtorkian.com,,
118252547,Dr. Benjamin Cohen - Dermatology and Laser Center,40.29366602,-74.05461213,145 Wyckoff Road - Suite 200,,Eatontown,NJ,07724,,(732) 222-8323,http://Www.njdermatology.co,,
118251275,Dr. Black Plastic Surger,30.00344916,-90.16821477,3798 Veterans Blvd. Ste 100,,M,LA,70002,,(504) 883-8900,http://nolaplasticsurgery.com,,
118250771,"Dr. Happe Medical Aesthetics, LLC",42.32636935,-71.22471167,15 Homestead St.,,Waban,MA,02468,,(617) 597-2600,http://www.drhappe.com,,
118252438,Dr. Jesse Smith,32.88475388,-97.15591592,75 Main St #150,,Colleyville,TX,76034,,(817) 503-2442,http://Www.drjessesmithmd.com,,
118253669,Dr. Jessica Wu,34.06928400,-118.40544300,"433 N Camden Dr, Suite 620",,Beverly Hills,CA,90210,,(310) 473-5878,http://www.drjessicawu.com,,
118252743,Dr. Joseph Michaels,39.04776398,-77.12741264,"6120 Executive Blvd., #250",,Rockville,MD,20852,,(301) 468-5991,http://www.josephmichaelsmd.com,,
118253369,Dr. Kari Lynn Purcott,33.18470500,-117.28792600,2095 West Vista Way suite 106,,Vista,CA,92083,,(760) 295-0664,http://www.purcottmd.com,,
118250826,"Dr. Kathleen M. Greco, MD",42.46026957,-71.13241165,77 Swanton St.,,Winchester,MA,01890,,(781) 729-6869,http://physicians.lahey.org,,
118252050,Dr. Kirman,37.91192600,-122.04517600,114 La Casa Via #210,,Walnut Creek,CA,94598,,(925) 344-8008,http://www.drkirman.com,,
118251500,Dr. Mark Garrity: Cosmetic Health,41.60757000,-70.48572300,5 Sugar Pine Circle,,Mashpee,MA,02649,,(508) 477-5434,http://drmarkgarrity.com,,
118253150,Dr. Phillips Aesthetics,28.59846856,-81.32513324,"242 N Edinburgh Dr, Winter Park, FL 32792",,Winter Park,FL,32792,,(321) 203-2050,http://drphillipsaesthetics.net/,,
118251565,Dr. Randy Rudderman Plastic Surgery and Medical Spa,34.06945582,-84.26261381,3400 old Milton Pkwy #450,,Alpharetta,GA,30005,,(678) 566-7200,http://Www.drrudderman.com,,
118251564,Dr. Randy Rudderman Plastic Surgery and Medical Spa,33.78555535,-84.38813826,1110 West Peachtree St. NW Suite 820,,Atlanta,GA,30309,,(167) 856-6720,http://www.drrudderman.com/,,
118252505,Dr. Ronni Farris MD,35.26175578,-97.49715974,3928 W Tecumseh Rd,,Norman,OK,73072,,(405) 701-6717,http://ronnifarrismd.com,,
118251065,Dr. Scott Rotatori,28.59734685,-81.35931333,"800 W. Morse Blvd., Suite 5",,Winter Park,FL,32789,,(407) 628-5476,http://www.orlandofloridaplasticsurgery.com,,
118252436,Dr. Stuart Lipton,33.04675414,-97.00661589,591 W. Main St,,Lewisville,TX,75057,,(972) 420-0023,http://Www.drlipton.com,,
118250762,Dream Aesthetic,34.02035574,-80.96111326,5101 Forest Drive,,Columbia,SC,29206,,(803) 358-8375,http://www.dreamaestheticcola.com,,
118251711,Drip IV Bar & Medspa,25.90584244,-80.32351316,14575 NW 77 Ave. Suite 304,,Miami Lakes,FL,33014,,,http://dripivbarandmedspa.com,,
118252939,Drips on the Glow Med Spa,42.34146937,-83.28761365,25350 W Warren Street,,Dearborn Heights,MI,48127,,(313) 600-4722,http://Www.dripsontheglow.com,,
118252162,DRVN Aesthetics,30.17233700,-95.45478300,Mobile Aesthetics,,The Woodlands,TX,77380,,(281) 720-6300,http://www.drvnaesthetics.com,,
118253736,Duality Aesthetics Med Spa,37.50301637,-122.21174387,503 Seaport Ct Suite 102,,Redwood City,CA,94063,,(209) 505-6288,http://www.dualityaesthetics.janeapp.com,,
118251699,Duluth Med Spa,46.80718600,-92.17219500,2510 Maple Grove Rd,,Duluth,MN,55811,,(218) 481-1800,http://duluthmedspa.com,,
118251250,Duluth Med Spa,46.80718600,-92.17219500,2510 Maple Grove Rd,,Duluth,MN,55811,,,http://duluthmedspa.com/,,
118250648,Dunes Medical Solutions Spa,33.73245527,-78.86011292,4710 Oleander Drive,,Myrtle Beach,SC,29577,,(843) 450-4429,http://www.dunesmedspamyrtle.com,,
118251462,Dyana Raskin Aesthetics,40.76720900,-73.92033000,3119 newton Ave suite 801,,Astoria,NY,11102,,(718) 255-6025,http://Dyanaraskin.com,,
118252338,E Aesthetics and Acne Care,45.34462000,-122.65472600,1880 Willamette Falls Dr. Suite 260,,West Linn,OR,97068,,,,,
118253419,EA Beaty Studio,33.51004000,-82.10376900,4020 Washington Rd Suite F,,Martinez,GA,30907,,(706) 832-1928,,,
118251649,EB Glow,47.67837812,-122.19932002,"400 Urban Plaza, Suite 100",,Kirkland,WA,98033,,,http://www.ebglow.com,,
118251791,Ebb Tide Comprehensive Care,32.88865388,-79.93471310,669 MARINA DR SUIT 2 A,,Charleston,SC,29492,,(843) 491-9955,http://www.ebbtidecomprehnesivecare.com,,
118252004,Ebb Tide Comprehensive Care,32.88865388,-79.93471310,669 Marina Drive #2A,,Charleston,SC,29492,,(843) 491-9955,http://www.ebbtidecomprehensivecare.com,,
118253362,EBSKIN,32.77359537,-117.04652192,5200 lake Murray blvd,,La Mesa,CA,91942,,(858) 832-0172,http://www.ebskin.com,,
118253502,Eclectic Esthetics,39.76727700,-86.07319300,211 S Ritter Ave Suite K,,Indianapolis,IN,46219,,(812) 774-1395,,,
118253567,Edgewood Aesthetics,40.76031900,-96.64383500,"5200 S 56th St, Suite 2A",,Lincoln,NE,68516,,(402) 265-0770,http://edgewoodaesthetics.com,,
118252724,edit Aesthetics & wellness,45.88447518,-95.38415628,700 cedar street unit #115,,Alexandria,MN,56308,,(612) 940-3238,http://tr.ee/_GRc_c-8pu,,
118252712,eK Aesthetics and Wellness,34.76605696,-92.38561514,"10020 N. Rodney Parham Rd., Suite C",,little rock,AR,72227,,(501) 910-9522,http://linktr.ee/ekaestheticsandwellness,,
118253376,Elan Aesthetics,27.93739458,-82.47493135,1503 W. Swann Ave.,,Tampa,FL,33606,,(813) 440-8743,http://www.elan-aesthetics.com,,
118253142,Elan Beauty Aesthetics,42.27469263,-71.74211754,246 Boston Turnpike unit 2,,Shrewsbury,MA,01545,,(508) 719-8550,http://elanbeautyaesthetics.com,,
118253162,Elase,43.62271472,-116.35319063,3243 East Village Dr.,,Meridian,ID,83646,,(208) 579-5900,http://elase.com,,
118252981,Elase Med Spa,27.38944487,-82.45781351,8204 Tourist Center Dr,,Bradenton,FL,34201,,(941) 291-0660,http://www.elase.com,,
118252983,Elase Med Spa,27.78164552,-82.66361354,"2299 9th Ave N, Suite 1B",,St Petersburg,FL,33701,,(727) 620-2977,http://www.elase.com,,
118252982,Elase Med Spa,27.93264576,-82.50651352,1155 S Dale Mabry Hwy,,Tampa,FL,33629,,(813) 921-8770,http://www.elase.com,,
118251761,Elation Esthetics,40.65440700,-111.86552800,921 Executive Park Dr B,,Murray,UT,84117,,(435) 862-2496,,,
118251107,Electrolysis by Kenzie,41.03883672,-111.94238183,240 n 200 w,,Kaysville,UT,84040,,(801) 528-8105,http://www.electrolysiskenzie.com,,
118251215,Elegant Beauty Salon & Med Spa,30.75619100,-98.20890600,"1803 E Polk St, Ste 106",,Burnet,TX,78611,,(512) 234-8173,,,
118250836,Elegant Beauty spa,47.90857849,-122.22412003,"620 SE Everett Mall Way, Unit 275",,Everett,WA,98208,,(425) 783-9130,,,
118251705,Elegantly Ageless Medical Spa,44.92807361,-93.35521530,4033 Brookside Ave,,Saint Louis Park,MN,55416,,(541) 346-9536,http://www.elegantlyagelessbeauty.com/,,
118253135,Element Skin Therapy,45.77437500,-108.57591779,411 24th St W Ste. 113,,Billings,MT,59102,,(406) 208-7822,http://www.elementskintherapy.com/,,
118253100,Elemental Esthetics,38.66866335,-90.43971482,11605 Studt Ave Ste 120,,Creve Coeur,MO,63141,,(314) 279-6069,http://elementalesthetics.com,,
118250838,Elements Laser Spa,30.29564964,-97.72061601,1012 E 38th 1/2 St,,Austin,TX,78751,,(512) 444-4600,http://www.elementslaserspa.com,,
118253403,Elev8 Health & Wellness,41.86852600,-71.43432900,1243 Mineral Spring Ave suite 200,,North Providence,RI,02904,,(401) 388-3899,http://elev8h-w.com,,
118252344,ElevaredMD Hinsdale,41.80135000,-87.92992900,14 W. 1st Street,,Hinsdale,IL,60521,,(630) 359-3430,http://www.elevaremd.com,,
118252951,ElevareMD,41.80136849,-87.92914406,14 West 1st Street,,Hinsdale,IL,60521,,(630) 359-3430,http://www.elevaremd.com/,,
118252950,ElevareMD,41.94326872,-87.66361436,3357 N SOUTHPORT AVE,,Chicago,IL,60657,,(773) 598-4440,http://www.elevaremd.com/,,
118251612,ElevareMD,41.94326872,-87.66361436,3357 N. Southport Avenue,,Chicago,IL,60657,,(773) 598-4440,http://www.elevaremd.com/,,
118252143,Elevate Aesthetics,32.35405301,-90.15081477,4500 I-55 North Suite 239,,Jackson,MS,39211,,,,,
118252924,Elevate Aesthetics,42.24586922,-84.40601383,100 W. Washington Ave. suite 101,,Jackson,MI,49201,,(517) 796-3007,http://www.theelevatespa.com,,
118251963,Elevate Arsthetics,37.24196102,-96.99771589,709 Main St,,Winfield,KS,67156,,(620) 222-9531,http://Elevateyouraesthetic.com,,
118252033,Elevate Esthetics,33.45143300,-111.76482200,3049 E McKellips Rd,,Mesa,AZ,85213,,(480) 737-8258,,,
118251860,Elevate Medical Aesthetics + IV Bar,47.83947838,-120.01041966,502 E. Woodin Ave. B,,Chelan,WA,98816,,(509) 414-1003,,,
118252543,Elevate Medical Spa (Dr. Thornwell Parker III),32.88175387,-96.76111585,8230 Walnut Hill Lane Suite 820,,Dallas,TX,75231,,(844) 238-6194,http://elevatemedicalspa.com,,
118252643,Elevate Medical Spa and Cosmetic Surgery,32.88175387,-96.76111585,8230 Walnut Hill Ln Building 3 Ste. 820,,Dallas,TX,75231,,(214) 696-9193,http://Elevatemedicalspa.com,,
118252739,Elevate Wellness,39.63626494,-78.83421292,1226 National Highway,,Lanvale,MD,21502,,(814) 977-2332,http://Elevatewellness.glossgenius.com,,
118253676,Elevate Wellness & Aesthetics,34.00254557,-79.20242130,2750 7th Ave,,Aynor,SC,29511,,(843) 484-5751,,,
118253562,Elevate Wellness and Medspa,35.67666400,-88.85252500,"121 Stonebridge Boulevard, STE C & D",,Jackson,TN,38305,,(731) 213-1212,http://www.elevatewellnessandmedspa.com,,
118250971,ELEVATED AESTHETICS,30.04887100,-95.23562900,1330 KINGWOOD DR SUITE 100,,KINGWOOD,TX,77339,,,,,
118251129,Elevated Aesthetics,35.38403691,-77.99582472,112 E. Mulberry St,,Goldsboro,NC,27530,,(919) 429-9532,http://elevatedaestheticsNC.com,,
118251254,Elevated Aesthetics Med Spa,42.49536962,-71.12871165,500 west cummings park suite 4350,,Woburn,MA,01801,,,http://elevatedlashandmedspa.com/,,
118252880,Elevation Aesthetics & Wellness,37.67536173,-97.43161596,520 S Holland St suite 201,,Wichita,KS,67209,,(316) 272-6358,http://elevationaestheticswellness.com,,
118252690,ELEVE Plastic & Reconstructive Surgery,33.92044500,-84.34844300,6105 Peachtree Dunwoody Building C Suite 250,,Atlanta,GA,30328,,(404) 857-4242,http://www.eleveplastics.com,,
118251808,Eleven Wellness,32.86515385,-96.80571586,6117 Berkshire Lane,,Dallas,TX,75225,,(833) 848-2511,http://Elevenwellness.com,,
118252763,Eleven11 Laser + Skincare,39.61354000,-105.01541500,2336 Main Street,,Littleton,CO,80210,,(720) 556-4505,http://Www.eleven11spa.com,,
118252764,Eleven11 Laser + Skincare,39.76566515,-104.98017200,"3195 Blake Street, Suite #102",,Denver,CO,80205,,(720) 556-4505,http://Www.eleven11spa.com,,
118253178,Elinea SF,37.76061867,-122.43320060,4035 18th St,,San Francisco,CA,94114,,(415) 400-5315,http://elineasf.com,,
118253157,Elite Aesthetics Skin & Wellness Center,28.81247206,-81.26813315,"107 N Oak Ave, Sanford, FL 32771",,Sanford,FL,32771,,(407) 878-7993,http://eliteaestheticsllc.com/,,
118251742,Elite Body & Laser,40.15756579,-83.01961360,60 Powell Rd,,Lewis Center,OH,43035,,(614) 987-4995,,,
118251557,Elite Medical Aesthetics,27.95644580,-82.52631352,"4905 W. Laurel Street, Suite 202",,Tampa,FL,33607,,(813) 291-4911,http://www.elitemedicaltampa.com/,,
118253076,Elite Medical Spa,42.91911700,-71.54095200,360 State Route 101 Unit 11,,Bedford,NH,03110,,(603) 637-0037,http://elitemedspanh.com,,
118251440,Elite Retreat Spa & Skin Care Store,32.85227500,-97.14809100,1264 Harwood Road,,Bedford,TX,76021,,(469) 501-2484,http://www.skinelite.com/elite-retreat/,,
118250726,Elite Wellness,30.09864931,-94.13015422,2700 Toccoa St,,Beaumont,TX,77703,,(409) 225-5004,,,
118252883,Elite Wellness MedSpa,30.09864931,-94.13081542,2700 Toccoa Rd,,Beaumont,TX,77703,,(409) 225-5004,http://www.elitewellnessotx.com,,
118250709,Elivate Med Spa and Wellness,41.04636725,-73.57141205,1455 E Putnam Ave,,Old Greenwich,CT,06870,,(203) 990-3700,http://www.elivatemedspa.com,,
118252966,Ella Skin,39.09116405,-77.17631264,1409 Research Blvd Suite 25,,Rockville,MD,20850,,(301) 335-5153,http://ellaskin.com,,
118252116,Ellani esthetics and Wellness,40.66746663,-73.40031203,80 G Montauk Hwy suite 2,,Amityville,NY,11701,,(631) 471-5007,,,
118253615,Elle Luxe Spa + Beauty,33.83372554,-87.27868143,507 18th Street West,,Jasper,AL,35501,,(205) 282-2063,http://www.elleluxejasper.com,,
118253454,Elle Medical & Aesthetics,30.17413000,-92.01462200,"626 Verot School Rd, Ste B",,Lafayette,LA,70508,,(337) 651-9120,http://www.ellemedicalandaesthetics.com,,
118252490,Elle Medical Clinic,30.17414944,-92.01441508,626 Verot School Road Suite B,,Lafayette,LA,70508,,(337) 651-9120,,,
118253461,Elless,30.40095300,-90.11222100,"4700 Hwy 22, Suite 3",,MANDEVILLE,LA,70471,,(984) 666-7721,http://www.EllessOnline.com,,
118252809,Ellevi Medical Aethetics,37.76296187,-121.96151998,160 Sunset Dr STE 113,,San Ramon,CA,94583,,(925) 359-5218,http://ellevibeauty.com,,
118253727,Elm Beauty,30.23455700,-95.50588300,15317 Lake Lamond Rd,,Conroe,TX,77384,,(936) 203-4791,http://www.elmbeautytx.com,,
118251285,Elysian Aesthetics,29.56294844,-95.80971570,503 Houston street suite B,,Rosenberg,TX,77471,,(281) 562-7662,http://Elysianaesthetics.net,,
118251307,Elysian Aesthetics,29.56294844,-95.80971570,"503 Houston St Suite B,",,Rosenberg,TX,77451,,(281) 562-7662,http://www.elysianaesthetics.net,,
118250932,Elysian Aesthetics,43.83597182,-70.43231154,48 Tandberg Trail,,Windham,ME,04062,,(207) 572-4160,http://www.elysianspa.net,,
118251703,Elysian Aesthetics,45.37477743,-93.32912153,2523 223rd Lane NW,,Oak Grove,MN,55011,,(612) 701-0773,http://www.elysianaestheticsmn.com/,,
118252612,Elysian House of Beauty,42.31886934,-89.05731459,6121 N. Second Street,,Loves Park,IL,61111,,(815) 543-0367,,,
118253006,Elysian Med Spa,30.18391100,-85.76117800,312 Thomas Dr,,Panama City,FL,32405,,(850) 775-4498,http://elysianpcb.com/,,
118251033,Elysian Skin and Beauty Studio LLC,35.17115762,-79.39521301,375 SE Broad St. Suite E,,Southern Pines,NC,28382,,(910) 725-0292,http://www.elysianskinandbeauty.com,,
118253671,Elysium Aesthetics & Wellness,40.71648900,-75.22312700,1800 Sullivan Trail,,Easton,PA,18040,,(484) 545-3400,http://www.vagaro.com/elysiumaestheticsandwellness,,
118252177,Eman Aesthetics,39.66311200,-84.10795500,5289 Cornerstone N Blvd.,,Centerville,OH,45440,,(937) 310-1121,http://Www.emanaesthetics.com,,
118252179,Eman Aesthetics,39.66311200,-84.10795500,5289 cornerstone north boulevard,,Centerville,OH,45440,,(937) 310-1121,http://www.emanaesthetics.com,,
118253742,Embry & Co.,43.69826252,-85.48212719,108 South Michigan Avenue,,Big Rapids,MI,49307,,(231) 598-8828,http://embryandcompany.com,,
118251459,Emerald Aesthetics,36.27915944,-94.14861543,4305 S PLEASANT CROSSING BLVD UNIT 103,,ROGERS,AR,72758,,(479) 202-5048,http://emeraldaestheticsnwa.com,,
118252017,Emerald Luxe Medical Spa,28.89284734,-81.30671332,58 N Charles Richard Beall Blvd Ste C,,DeBary,FL,32713,,(386) 588-2999,http://www.emeraldluxemedicalspa.com/,,
118250731,Emface Queen,29.73374872,-95.47611564,3033 Chimney Rock Rd Suite 435-1,,Houston,TX,77056,,(512) 680-9733,http://www.buesoaesthetics.com,,
118252501,Emily Jones NP Concierge LLC,37.76116187,-97.41421596,6109 W Kollmeyer Ct,,Wichita,KS,67205,,(316) 260-0155,,,
118251616,Emmaly Elizabeth Aesthetics,41.09856734,-81.73581339,1348 Sharon Copley Rd,,Wadsworth,OH,44281,,(216) 778-0022,http://www.emmalyelizabeth.com,,
118253101,Empire Aesthetics Medical Spa,38.78863551,-90.71681486,110 Triad Center W,,O'Fallon,MO,63366,,(314) 497-6046,http://empiremedicalspa.com,,
118251308,Empower Esthetics,39.65453500,-104.87057000,3443 S Galena st,,Denver,CO,80231,,(720) 645-5307,http://www.empoweresthetics.com,,
118253571,Emsa Aesthetics,27.77149455,-82.39454135,256 Apollo Beach Blvd.,,Apollo Beach,FL,33572,,(813) 505-5039,http://www.apollobeachaesthetician.com,,
118251745,Emsthetics,42.66855200,-83.13513500,"906 S Rochester Rd, Suite 103",,Rochester Hills,MI,48307,,(248) 989-0452,http://www.emstheticsskin.com,,
118251939,Encompass Wellness and Aesthetics,35.64858406,-97.44181596,2925 Astoria Way,,Edmond,OK,73034,,(405) 254-3000,http://Encompassspa.com,,
118253182,Encore Medspa,37.89662090,-122.06619999,1160 Alpine Rd,,Walnut Creek,CA,94596,,(925) 932-1843,http://Encoremdspa.com,,
118253219,Energi Wellness,40.58766499,-75.55912380,4626a Broadway,,Allentown,PA,18104,,,,,
118250920,Enhance Aesthetics MedSpa,30.45364990,-89.09941460,"11428 Highway 49 N, Suite 203",,Gulfport,MS,39503,,(228) 216-7389,http://www.enhanceaestheticsmedspa.com,,
118252160,enhance Medical Aesthetics,40.20516587,-83.06191361,1197 haverhill ct,,Delaware,OH,43015,,(740) 272-2305,http://www.enhance-medical.com,,
118253320,Enhance Wellness and Medspa,35.17157626,-79.42213013,138 Brucewood Rd,,Southern Pines,NC,28387,,(910) 405-1161,http://www.enhancemedspanc.com,,
118250870,Enhanced by Erica Marie,42.76957007,-71.48131171,"14B Broad St., Suite D",,Nashua,NH,03064,,(978) 995-2375,,,
118250756,Enilsa Skin Essentials Acne & Anti-Aging Clinic,31.06655090,-97.71871601,"2904 Stan Schlueter Loop, Ste E-503",,Killeen,TX,76542,,(254) 628-7335,http://www.enilsa.co,,
118250812,Enlighten MD,32.90953918,-96.81711586,"5232 Forest Lane, Suite 170",,Dallas,TX,75244,,(214) 964-0860,http://www.enlightenmd.com,,
118251570,Enlightened Beauty,38.58415300,-121.48902200,530 12th st,,Sacramento,CA,95814,,(916) 365-7958,http://EnlightenedBeautySacramento.com,,
118252062,Enliven Medical,40.66971800,-111.84058700,4646 s Highland Dr. STE 100,,Millcreek,UT,84117,,(801) 871-9446,http://enlivenyourself.com/about/,,
118253602,Entire Dermatology,40.73867100,-73.99374200,29 W 17th St FL 9,,New York,NY,10011,,(917) 522-1825,http://www.entierederm.com/,,
118253102,Enve Med Spa,37.94826217,-91.77511504,505 W 6th St Ste A,,Rolla,MO,65401,,(573) 466-3210,http://envemedspa.com,,
118253039,Envision Med Spa - Eye Care Plus,35.15095759,-101.91916698,5221 S Coulter St,,Amarillo,TX,79119,,(806) 358-3594,http://eyecareplus.com,,
118252641,EpiCentre Skin Care & Laser Center,32.87245386,-96.77131586,9101 N. Central Expy #500,,Dallas,TX,75231,,(214) 887-1577,http://epicentreskincare.com,,
118251476,Erickson Dermatology,41.89606864,-87.62341436,"737 N. Michigan Avenue, Suite 900",,Chicago,IL,60611,,(312) 300-6858,http://www.ericksondermatology.com,,
118253434,Erker Clinic,37.66372500,-97.57163600,701 N. Goddard Rd Suite A (PO Box 212),,Goddard,KS,67052,,(316) 550-6055,http://erkerclinic.com,,
118252232,ESSE MEDSPA + PMU,39.68535400,-104.93704400,"1720 S BELLAIRE ST SUITE 905 DENVER, CO 80222",,Denver,CO,80222,,(303) 900-8833,http://www.essemedspa.com,,
118253803,Essence Of Health,27.25146459,-80.28824375,5470 Bryson Court,,Naples,FL,34109,,(239) 451-9747,http://www.essenceofhealthnaples.com,,
118251130,Essential Aesthetics,21.35223498,-158.03632589,91-1770 Mee Loop,,Ewa Beach,HI,96706,,,http://sunkissedhawaii.glossgenius.com/,,
118251950,Essential Me,32.02881500,-81.09555000,5102 Paulson St Building 8A,,Savannah,GA,31405,,(912) 921-9562,http://www.essentialmespa.com,,
118253755,Essential Skincare,41.87397565,-87.79417124,821 s. Oak Park Ave,,Oak Park,IL,60304,,(708) 341-6775,http://Theessentialskincare.com,,
118251045,Esslinger Medical and Aesthetics,34.19125602,-84.79121389,300 Courtyard Dr.,,Cartersville,GA,30120,,(470) 243-2691,http://esslingermedaesthetics.com/,,
118250934,Esthela Pimienta for Beautiful Skin,32.71858300,-114.64048300,461 S 17th Ave.,,Yuma,AZ,85365,,(928) 580-9775,http://instagram.com/esthelapimienta?igshid=MmIzYWVlNDQ5Yg==,,
118252842,esthetician skin,30.01154917,-95.60011566,11619 C Spring Cypress RD #11,,Tomball,TX,77377,,(832) 795-5032,http://estheticianskin.com,,
118253465,Esthetics Beauty Clinic,30.48107499,-90.46556148,811 C M Fagan Dr,,Hammond,LA,70403,,(985) 974-4990,http://www.estheticsbeautyclinic.com,,
118250931,Esthetics by Cati,43.17205600,-79.04090800,"130 South 5th Street, Unit 2",,Lewiston,NY,14092,,(716) 216-0488,,,
118250891,Esthetics by Chelaine,43.99927209,-124.10192033,3757 US-101,,Florence,OR,97439,,(541) 997-9771,,,
118251484,Esthetics by Christa LLC,35.50045816,-82.96581359,1715 Asheville Rd,,Waynesville,NC,28786,,(828) 400-8019,,,
118253608,Esthetics by Emi,34.17290300,-86.85070400,304 Hickory Avenue SW,,Cullman,AL,35055,,(256) 595-2217,http://www.estheticsbyemi.com,,
118250722,Esthetics by Gia,42.42970500,-71.02280300,750 Washington Ave,,Revere,MA,02151,,(781) 420-4656,http://www.estheticsbygia.com,,
118252745,Esthetics by Kelsi,39.52896476,-76.36271251,"260 Gateway Drive, Suite 6C",,Bel Air,MD,21014,,(443) 206-1524,,,
118251846,Esthetics by Sarae,26.20392700,-80.14873300,6237 N Andrews Ave. Studio 33,,Fort Lauderdale,FL,33069,,,,,
118250878,Esthetics by Shawna,42.42256951,-71.08941165,"469 Salem Street, Suite 25",,Medford,MA,02155,,(617) 804-0460,http://www.estheticsbyshawna.com,,
118252645,Esthetics Center,38.71063423,-121.08319838,2211 Francisco Drive,,El Dorado Hills,CA,95762,,(916) 243-0214,http://estheticscenter.com,,
118252647,Esthetics Center,38.57376320,-121.41391989,2224 Fair Oaks Blvd,,Sacramento,CA,95862,,(916) 259-9436,http://estheticscenter.com,,
118252646,Esthetics Center,38.80066357,-121.20321986,5428 Crossings Drive #105,,Rocklin,CA,95677,,(916) 269-9681,http://estheticscenter.com,,
118253187,Esthetics Center Fair Oaks,38.66563349,-121.22519862,5442 Hazel Ave #504,,Fair Oaks,CA,95628,,(279) 465-0372,http://estheticscenter.com,,
118251886,EstheticsbyLL,34.14640000,-114.28780000,"1317 Joshua Ave., Suite 7",,Parker,AZ,85333,,(192) 821-6030,,,
118250813,Estheva Esthetics,46.15411756,-122.97791201,2220 36th Ave,,Longview,WA,98632,,(360) 431-0560,,,
118251961,Eternal Beauty,37.67965000,-97.46023800,10100 W Maple St Suite 217,,Wichita,KS,67209,,(316) 841-6453,http://eternalbeautyspa.info,,
118253261,Eternal Med Spa,27.27044680,-82.48713515,4049 Clark Rd,,Sarasota,FL,34233,,(941) 216-5221,http://www.eternal-medspa.com,,
118250963,ETERNAL WELLNESS AND SPA,26.28267431,-98.21712161,8801 N 10 TH STREET,,MCALLEN,TX,78504,,(713) 331-5541,,,
118250816,Ethereal Aesthetics,45.80341300,-122.69667300,"2501 NE 134TH ST
Suite 203",,Vancouver,WA,98686,,(360) 852-1672,http://www.etherealaestheticsllc.com,,
118251471,Ethereal Skin Med Spa,40.27766599,-80.15791313,"335 Morganza Road, Suite 103",,Canonsburg,PA,15317,,(412) 477-9564,http://etherealskinmedspa.com/,,
118251372,Etre Cosmetic Dermatology and Laser Center,29.94054905,-90.07371476,1224 St Charles Avenue,,New Orleans,LA,70130,,(504) 227-3873,http://Etrecosmeticderm.com,,
118252048,Eunoia Medispa,36.69926013,-121.61981993,1528 Constitution Blvd,,Salinas,CA,93905,,(831) 293-9344,http://www.eunoiamedispa.com,,
118251893,Euphoria Esthetics & Wellness,39.75826514,-74.25631217,770 Lighthouse Drive - Suite 110,,Barnegat,NJ,08005,,(609) 891-2781,http://www.euphoriaestheticswellness.com/,,
118253774,Euphoria Esthetics & Wellness,39.75884862,-74.25477432,"770 Lighthouse Dr, Ste 110",,Barnegat,NJ,08005,,(609) 891-2781,http://Www.euphoriaestheticsandwellness.com,,
118251916,European beauty by B,40.62275666,-73.63306121,8 Wexford Ln,,Oceanside,NY,11572,,(856) 278-6394,http://Europeanbeautybyb.com,,
118252568,Evenflow Aesthetics,43.09015400,-77.51382500,"19 state st, 2nd Fl",,Pittsford,NY,14534,,(585) 410-5745,,,
118253365,Ever Vita Aesthetic,40.95095600,-74.20978000,"401 Hamburg Turnpike, Suite 204",,Wayne,NJ,07470,,(201) 485-1243,http://evervitaaesthetic.com/,,
118252434,Everglow at The Woman's Clinic,34.74495693,-92.38121514,9601 Baptist Health Dr,,Little Rock,AR,72205,,(501) 664-4131,http://getyoureverglow.com/,,
118253133,Evergreen Aesthetics,43.48171240,-110.76101815,180 N Center St Suite 10,,Jackson,WY,83001,,(307) 413-2573,http://www.evergreenaestheticsjh.com/contact,,
118250887,Evergreen Esthetics,61.58331009,-149.44524485,"231 E. Swanson Ave, Suite 65",,Wasilla,AK,99654,,(907) 414-3695,http://bio.site/Evergreen,,
118252676,Everybody is Beautiful Med Spa,26.36924320,-80.13711313,2499 Glades Rd #202,,Boca Raton,FL,33431,,,http://ebbmedspa.com,,
118253296,Evie Aesthetics,34.46456466,-114.33418733,450 Lake Havasu Ave S Suite 208,,Lake Havasu City,AZ,86403,,(928) 766-5029,http://www.evieaesthetics.com,,
118251819,Evoke Aesthetics,34.15655961,-118.64151944,"23622 Calabasas Rd, Suite 144",,Calabasas,CA,91302,,(310) 564-6794,http://www.evokemed.com,,
118252895,Evoke Medical Aesthetics,42.16546908,-70.95491163,1132 Main Street Unit 3,,Weymouth,MA,02190,,,http://evokemedicalaesthetic.com,,
118252090,Evolution Lash Aacdemy,40.13918400,-74.06279100,2153 Highway 35 - Suite #5,,Sea Girt,NJ,08750,,(732) 336-9847,http://evolutionlashstudio.com,,
118253234,Evolve Aesthetics,31.47351567,-97.20315926,519 N. Hewitt Drive,,Hewitt,TX,76643,,(254) 242-6295,,,
118252509,Evolve Aesthetics & Wellness,33.50665490,-101.95561670,6414 98th st Suite 200,,Lubbock,TX,79424,,(806) 252-3411,http://evolvelbk.com,,
118250869,Evolve Aesthetics & Wellness,45.63227476,-122.66892010,330 E. Mill Plain Blvd #401,,Vancouver,WA,98660,,(360) 726-4399,http://evolvepdx.com,,
118251825,Evolve Med Spa,32.87954100,-96.76127400,8160 Walnut Hill Lane Ste 214,,Dallas,TX,75231,,(197) 281-6471,http://evolvemedspadallas.com/,,
118253303,Evolve Skin Spa and Wellness,33.16154332,-117.34192256,3044 Harding St,,Carlsbad,CA,92008,,(760) 567-1556,http://www.evolveskinspa.com,,
118251904,EvolveMD,43.04607053,-88.04791443,1233 N. Mayfair Road,,Wauwatosa,WI,53226,,(414) 479-0113,http://evolvmd.com/,,
118252851,Evolving Wellness,38.90916375,-94.66421551,6842 W 121st Ct,,Overland Park,KS,66209,,(913) 912-9585,http://evolvingwellnessnow.com,,
118253218,Evri Aesthetics,39.75365132,-75.55912380,1300 Pennsylvania Avenue,,Wilmington,DE,19806,,(302) 666-5034,http://evriaesthetics.com,,
118253293,Excellence Health Medical Spa,29.14247748,-80.98911327,224 Dunlawton Ave,,Port Orange,FL,32127,,(386) 271-8093,http://www.excellencemedspa.net,,
118250777,EXCLUSIVE BEAUTY,36.03215904,-115.09951886,66 N Pecos Road Unit A.,,Henderson,NV,89074,,(725) 204-9650,http://www.exclusivebeautylv.com,,
118251026,Exclusive Beauty / Ellie Schwartz,36.03215904,-115.09951886,66 N Pecos Road Unit A.,,Henderson,NV,89074,,(725) 204-9650,http://www.exclusivebeautylv.com,,
118251220,Exclusive Med Aesthetics,28.47804666,-81.58841337,"13704 Village Lakeview Ave., Suite 250",,Windermere,FL,34786,,(407) 408-7931,http://exclusivemedaesthetics.com/,,
118251261,Exhale Chiro Spa,33.96075564,-78.08101279,4320 Southport Supply Rd SE Unit 400,,Southport,NC,28461,,(910) 297-0487,http://www.exhalechirospa.com/,,
118252068,Exhibit Medical Aesthetics,40.89741900,-74.49167400,282 W Main Street - Suite A,,Denville,NJ,07834,,(973) 957-7171,http://info@exhibitmedicalaesthetics.com,,
118253103,EXO Med Spa,38.78451635,-89.97983147,2 157 Center,,Edwardsville,IL,62025,,(618) 692-9696,http://visitexo.com,,
118251586,Extraordinary Wellness & Aesthetics,34.22485607,-77.92661277,Nora Station 916 S 17th St Suite 8,,Wilmington,NC,28401,,(910) 604-9586,http://ewawilmington.com,,
118253570,Exuberance Aesthetics,42.58306600,-71.00728400,149 S Main St. unit P,,Middleton,MA,01949,,,,,
118253600,Exuberance Aesthetics,42.58306600,-71.00728400,149 S Main Street unit P,,Middleton,MA,01949,,(781) 867-4003,http://Www.exuberanceaesthetics.com,,
118253551,Eye Consultants,47.65692300,-117.20142200,15106 E. Sprague Ave,,Spokane Valley,WA,99037,,(509) 484-5710,http://eyeconsultantsnw.com/aesthetic-services/,,
118252172,FAC Aesthetics,33.11595426,-97.18681592,140 Old Town Blvd N#100,,Argyle,TX,76226,,(940) 240-1257,http://www.facaesthetics.com,,
118251848,Face Candy Skin and Beauty,42.59659400,-83.16977500,5381 Crooks Rd,,Troy,MI,48098,,(248) 925-2347,,,
118252685,Face First Aesthetics and Acne Clinic,34.03974600,-77.89371000,704 St Joseph St unit 101,,Carolina Beach,NC,28428,,(910) 877-8559,http://facefirstaesthetics.com/,,
118252230,Face First Aesthetics and Acne Clinic,34.03943100,-77.89404200,703 St Joseph Street unit 101,,Carolina Beach,NC,28428,,(910) 877-8559,http://Www.facefirstaesthetics.com,,
118253130,Face Fit,29.79664882,-95.56271566,1400 W Sam Houston PKWY N Suite 100,,Houston,TX,77043,,(346) 472-4633,http://facefitwell.com,,
118252220,Face form aesthetics,40.73266737,-73.61131206,"623 Stewart Ave , suite 106",,Garden City,NY,11530,,(718) 559-7746,,,
118252333,Face Forward A Medical Spa,42.10608100,-87.73288000,542 Lincoln Avenue,,Winnetka,IL,60093,,(847) 441-5077,http://www.faceforwardamedicalspa.com/,,
118252347,Face Forward A Medical Spa,42.10608100,-87.73288000,542 Lincoln Avenue,,Winnetka,IL,60093,,(847) 441-5077,http://faceforwardamedicalspa.com,,
118250670,Face Haven,33.95811200,-84.30268100,2462 Jett Ferry Road Unit 310,,Atlanta,GA,30338,,(770) 695-0308,http://www.face-haven.com,,
118250908,Face It Aesthetics,32.33945298,-110.97821818,"7315 N Oracle Road LuxSpace Building 51, Suite 22",,Tucson,AZ,85704,,(520) 820-5464,http://Faceitaestheticsaz.com,,
118250879,Face It Aesthetics,32.33945298,-110.97821818,"7315 North Oracle Road Building 51, Suite 22",,Tucson,AZ,85704,,(520) 820-5464,http://Faceitaestheticsaz.com,,
118252831,Face It Botox Bar,26.42884000,-81.80913200,"21401 Corkscrew Village Lane, Suite 3",,Estero,FL,33928,,(239) 323-3737,http://faceitbotoxbar.com,,
118252830,Face It Botox Bar,26.56145500,-81.88180900,12424 Brantley Commons Court,,Fort Myers,FL,33907,,(239) 322-3815,http://faceitbotoxbar.com,,
118250919,Face Plant Esthetics,40.30042600,-111.69789900,"175 N State St., Suite 24",,Orem,UT,84651,,(385) 283-7130,http://faceplantesthetics.com,,
118250974,FACE TO FACE AT CINCO RANCH,29.71478400,-95.81269400,27131 CINCO RANCH BLVD SUITE 750,,KATY,TX,77494,,,,,
118253278,Face to Face Spa,30.49849969,-97.77716020,14900 Avery Ranch Blvd Unit C-100,,Austin,TX,78717,,(512) 614-0821,http://facetofacespa.com,,
118253053,Face to Face Spa,34.96125728,-89.99051474,35 GoodMan Rd W ste F,,Southhaven,MS,38671,,(662) 913-7512,http://facetofacespa.com/southaven,,
118250734,Face to Face Spa at Bee Cave,30.30514965,-97.94221605,12815 Shops Parkway Suite 150,,Bee Cave,TX,78738,,(512) 502-5589,http://www.facetofacespa.com/locations/bee-cave/,,
118250746,Face to Face Spa at Dripping Springs,30.19354947,-98.04441606,"2690 E Hwy 290, Suite 200",,Dripping Springs,TX,78620,,(512) 829-5470,http://www.Facetofacespa.com,,
118251152,Face to Face Spa at The Woodlands,30.16744943,-95.50411565,4775 W. Panther Creek Dr suite 220 B,,The Woodlands,TX,77381,,(281) 466-2807,http://Facetofacespa.com,,
118251151,Face to Face Spa at Townelake,29.92004902,-95.68981568,18121 Tuckerton Rd suite 110,,Cypress,TX,77433,,(832) 322-3223,http://Facetofacespa.com,,
118250733,Face to Face Spa at West 6th,30.27581400,-97.76514800,1717 West 6th St Suite #120-R,,Austin,TX,78703,,(512) 806-3535,http://www.facetofacespa.com/locations/downtown-austin/,,
118252244,Face to Face Spa- Promenade at Crocker,41.46106793,-81.95341343,"30171 Detroit Rd, Westlake, OH 44145",,Westlake,OH,44145,,(440) 210-4411,http://www.facetofacespa.com,,
118252206,Face to Face Spa- Promenade at Crocker,41.46103500,-81.95350200,30171 Detroit Rd.,,Westlake,OH,44145,,(440) 210-4411,http://Facetofacespa.com,,
118253300,Face To Face With Angela,28.19034619,-82.63513539,2154 Duck Slough Blvd. Suite. 101,,Trinity,FL,34655,,(727) 777-9472,http://www.facetofacewithangela.com,,
118251350,FACEBYMACE,40.36376613,-111.96531834,4095 e pony express pkwy STE 1215,,Eagle Mountain,UT,84005,,(970) 581-9367,http://www.face-by-mace.com/,,
118250806,Faced Skin & Lash Bar,36.00625899,-115.09421886,"2486 w Horizon Ridge pkwy, Suite 19",,Henderson,NV,89052,,(702) 677-5473,,,
118251747,faceIQ,39.08246403,-104.85911718,17230 Jackson Creek Pkwy Ste 200,,Monument,CO,80132,,(719) 402-2121,http://Www.faceiqmedspa.com,,
118252770,FaceIQ Medspa,39.08246403,-104.85911718,"17230 Jackson Creek Pkwy, #200",,Monument,CO,80132,,(719) 402-2121,http://Www.faceiqmedspa.com,,
118251857,FACELAB,45.42597443,-122.51362007,13327 SE Misty Dr. Suite 102,,Happy Valley,OR,97086,,(503) 737-7268,http://www.facelabpdx.com/,,
118252642,FACEOLOGIE,32.88185387,-96.76061585,8220 Walnut Hill Ln #206,,Dallas,TX,75231,,(469) 949-4293,http://faceologie.com,,
118252397,Faces Advanced Skincare,39.73264700,-121.83832700,250 Vallombrosa Ave Suite 125,,Chico,CA,95926,,(530) 570-1254,http://www.facesadvancedskincare.com/,,
118251125,Faces Clinical Skincare LLC,42.81017014,-70.87141161,21 Pleasant St. suite 233,,Newburyport,MA,01950,,(978) 387-7407,http://faces-newburyport.com/,,
118251399,Faces From Paris,40.23856593,-76.95301261,4076 Market Street - Suite 203,,Camp Hill,PA,17011,,(717) 636-8679,http://FacesfromParis.com,,
118253210,Faces from paris,40.23856593,-76.95312608,4076 market street,,Camp hill,PA,17011,,,http://Facesfromparis.com,,
118253425,Faces PPLC,32.44507532,-90.15147148,1115 Highland Colony Pkwy,,Ridgeland,MS,39157,,(601) 607-3033,http://facesdr.com,,
118251770,Facework by Kim,45.45558100,-122.58049500,9353 SE 82nd Ave,,Happy Valley,OR,97086,,(971) 257-1130,,,
118251218,Facial Aesthetics of Buckhead,33.83585544,-84.37751382,2975 N. Fulton Dr NE,,Atlanta,GA,30305,,(770) 617-7321,http://www.facialaestheticsbuckhead.com/,,
118251543,Facial Aesthetics Team,29.77874879,-95.45611564,710 N Post Oak Rd #200,,Houston,TX,77024,,(713) 637-9001,http://www.facialaestheticsteam.com/,,
118253149,Facial Artistry & Aesthetics,32.33552978,-110.94181774,1745 E. Skyline Dr.,,Tucson,AZ,85718,,(520) 790-1234,http://facialartistryaesthetics.com,,
118253340,Facial mania med spa coral gables,25.73421422,-80.26093131,4015 laguna st,,Miami,FL,33145,,(305) 376-7261,http://Www.facialmaniamedspamiami.com,,
118253061,Facial Mania Med Spa Coral Gables,25.73442163,-80.26091315,4015 Laguna Street,,Coral Gables,FL,33145,,(305) 376-7261,http://facialmaniamedspamiami.com/locations/coral-gables/,,
118253341,Facial mania med spa doral,25.82529500,-80.33677900,5645 nw 87th ave suite 117,,Doral,FL,33178,,(305) 509-8241,http://www.facialmaniamedspamiami.com,,
118253063,Facial Mania Med Spa Doral,25.88085842,-80.35797132,3055098241,,miami,FL,33178,,(305) 509-8241,http://facialmaniamedspamiami.com/locations/,,
118253060,Facial Mania Med Spa Kendall,25.68474208,-80.39221317,12038 SW 88th Street,,Miami,FL,33186,,(305) 705-5330,http://facialmaniamedspamiami.com/locations/kendall/,,
118253062,Facial Mania Med Spa Midtown,25.80294228,-80.18881314,2711 Biscayne Boulevard,,Miami,FL,33127,,(305) 614-3987,http://facialmaniamedspamiami.com/locations/midtown/,,
118253339,Facial mania med spa midtown,25.80297423,-80.18916131,2711 biscayne blvd,,Miami,FL,33127,,(305) 614-3987,http://Www.facialmaniamedspamiami.com,,
118253338,Facial Mania Med Spas Miami,25.68469700,-80.39247600,12038 sw 88 street,,Miami,FL,33186,,(305) 705-5330,http://www.facialmaniamedspamiami.com,,
118253288,Facial Rejuvenation Centre,29.86848937,-81.33113325,1750 tree blvd Suite 10,,Saint Augustine,FL,32086,,(904) 810-5434,http://frcentre.com,,
118251513,Facial Studio Magdalena,41.89636864,-87.63301436,"770 N. LaSalle Drive, Suite 201",,Chicago,IL,60654,,(630) 750-2449,http://www.facialstudiomagdalena.com/,,
118250740,Fair Oaks Podiatry,38.86616368,-77.36101267,12011 Lee Jackson Memorial Hwy,,Fair Oaks,VA,22033,,(703) 865-6801,http://www.fairoaksfeet.com/,,
118252910,Faviola Mendoza Aesthetics,30.02234919,-90.24001478,3612 Florida Avenue,,Kenner,LA,70065,,(504) 462-5493,,,
118252727,Faviola Mendoza Aesthetics,30.02234919,-90.24001478,3612 Florida Avenue,,Kenner,LA,70065,,(504) 462-5493,,,
118251006,Felicite Day Spay,40.47876632,-80.10301312,1800 Pine Hollow Road - Suite 2B,,McKees Rocks,PA,15136,,(412) 788-4772,http://www.felicitedayspa.com,,
118251800,Femme Beauty ATX,30.33564970,-97.80431602,"3801 N capital of texas hwy, salons by JC, suite 18",,austin,TX,78746,,(929) 295-1235,http://femmebeautyatx.glossgenius.com,,
118251992,Femme Face Bar,47.78197829,-122.15442001,5809 238th Street Se Unit 1,,Woodinville,WA,98072,,(917) 539-4958,http://www.femmefacrbar.com,,
118252556,Field of Aesthetics,43.59237142,-70.35441153,800 Technology Way,,Scarborough,ME,04074,,(207) 576-6542,http://fieldofaesthetic.com,,
118252288,Fifty Seven Third,37.28946110,-89.57151468,"465 Mt Auburn Rd, Ste 102",,Cape Girardeau,MO,63703,,(573) 979-3565,http://Fiftyseventhird.com,,
118250748,Fig Medical Spa,36.03355904,-95.92131572,"8921 S Yale Ave, Suite B",,Tulsa,OK,74133,,(918) 932-8810,http://www.figtulsa.com,,
118251924,Firm Medical Spa,36.06605909,-95.92141572,6711 S Yale Ave suite 100,,Tulsa,OK,74136,,(918) 800-4434,http://firmmedicalspa.com,,
118250666,First Body,34.08795585,-84.33971382,12540 Broadwell Road Ste 2102,,Milton,GA,30004,,(770) 769-2649,http://www.firstbodywellnesscenter.com,,
118252167,Fit and Healthy Health Spa,29.77564878,-95.83011570,26077 Nelson Way,,Katy,TX,77494,,(281) 904-5970,http://www.fitandhealthytx.com,,
118253413,Five2 Spa,41.24887300,-96.19461500,"17925 Barker Ct., Studio 5",,Omaha,NE,68118,,(402) 660-8987,http://five2spa.com,,
118253449,Flair Skin and Beauty,29.79182600,-90.82771300,824 Ridgefield Road,,Thibodaux,LA,70301,,(985) 438-1233,http://flair-skin-and-beauty-by-kait.square.site/,,
118251766,Flash Lab Skin and Laser,40.75346677,-73.99101212,"240 w 37th St, Fl 5",,NY,NY,10018,,(347) 661-3598,,,
118253797,Flatiron Dermatology,40.84845164,-73.93847237,"928 Broadway, Suite 301",,New York,NY,10010,,(646) 421-6064,http://www.flatirondermatology.com/,,
118253578,Flatiron Family Medical,40.74061200,-73.99159400,"12 West 21st Street, 6th Floor",,New York,NY,10010,,(212) 343-2222,http://www.flatironfamilymedical.com/our-team,,
118250650,Flawless Aesthetics & Anti-Aging,30.17505800,-92.04276104,1042 Camellia Blvd Suite 16,,Lafayette,LA,70508,,(337) 501-6870,http://www.flawlessaesthetics-antiaging.com,,
118252335,Flawless Aesthetics & Wellness,29.53022500,-95.20218200,313 S Friendswood Dr Suite 105,,Friendswood,TX,77546,,(832) 569-4238,http://www.flawlessskinlounge.com/,,
118251159,Flawless by Melissa Fox,25.74804219,-80.26431315,470 Biltmore Way #102,,Coral Gables,FL,33134,,,http://Flawlessbymelissafox.com,,
118252024,Flawless Skin,36.85666039,-75.99012450,968 S. Oriole Dr. Unit #103,,Virginia Beach,VA,23451,,(757) 633-6901,http://www.flawlessskinbyalexis.com/,,
118250801,Flawless Skin Aesthetics,40.86395100,-73.08467600,115 Mark Tree Rd,,Centereach,NY,11720,,(631) 285-3494,http://www.flawlessskinaesthetics.com,,
118250775,Flawless Skin Boutique,33.84295545,-84.38261383,"110 E Andrews Dr. NW, Suite 203",,Atlanta,GA,30305,,(678) 263-2777,http://www.flawless-skin-boutique.com/,,
118252578,Florida Lakes Spa,27.04634431,-82.32731349,"19790 Wellen Park Blvd, Unit 201A",,Venice,FL,34293,,(941) 777-7772,http://www.wellenpark.flspa.com,,
118251720,Florida Skin Girl,29.28214798,-81.06751328,355 W. Granada Blvd,,Ormond Beach,FL,32174,,(386) 566-2166,,,
118250910,Flourish wellness,33.32995461,-111.79241832,"1094 s Gilbert Rd., Suite 103",,Gilbert,AZ,85296,,(480) 765-8795,http://instagram.com/alida_skintherapy?igshid=OGQ5ZDc2ODk2ZA==,,
118250697,Flowers Medical,33.90585555,-84.46713839,1950 Spectrum Cir Suite 505 A,,Marietta,GA,30067,,(678) 303-4420,http://www.flowersmedical.com/,,
118252245,Forever Radiant Aesthetics,29.51114835,-98.54041614,2941 Mossrock rd ste 205,,san antonio,TX,78253,,(210) 488-3280,http://www.foreverradiantaesthetic.comm,,
118250883,Forever Young Aesthetics,34.99835734,-80.85741325,"1040 Edgewater Corporate Pkwy., Suite 105",,Fort Mill,SC,29707,,(704) 448-2723,http://www.forever-young-you.com,,
118251112,Forget Me Not Esthetics,47.61337801,-122.19782002,10655 NE 4th St,,Bellevue,WA,98004,,(425) 231-8104,,,
118252566,Form and Function Aesthetics,40.71486671,-73.57281205,"325 Merrick Ave ,#200",,East Meadow,NY,11554,,(516) 515-9113,http://formandfunctionaesthetics.com/,,
118253201,Forma Medical Aesthetics,40.65826661,-75.29712337,2591 Baglyos circle Unit C51,,BETHLEHEM,PA,18020,,(610) 704-7777,,,
118253553,Fort Worth Concierge Medical & Wellness,32.70024800,-97.41322700,3701 Vision Dr. Suite 103,,Fort Worth,TX,76109,,(817) 259-2365,http://fwcplus.com,,
118253554,Fort Worth Concierge Plus,32.73532200,-97.48550000,2600 Alemeda St Unit 202,,Fort Worth,TX,76108,,(817) 727-2002,http://fwcplus.com,,
118252021,Forum Health,43.04552300,-89.32640700,606 River Place,,Monona,WI,53716,,(608) 765-5163,http://forumhealthmadison.com/,,
118253321,Forward Wellness & Aesthetics,30.23749540,-84.36291382,1616 Crawfordville Hwy Suite D,,Crawfordville,FL,32327,,(850) 343-5800,http://www.forwardwellnessgroup.com,,
118253539,Forward Wellness Group,30.23680300,-84.36240800,"1616 Crawfordville Highway, Suite D",,Crawfordville,FL,32327,,(850) 343-5800,http://www.forwardwellnessgroup.com,,
118250763,Foxy MD Spa,39.53796478,-104.88301718,"9227 E Lincoln Ave, Suite 700",,Lone Tree,CO,80124,,(720) 495-0839,http://www.foxymdspa.com,,
118251369,Frances Parker Aesthetics,35.04125741,-89.66381469,140 South Main Street,,Collierville,TN,38017,,,http://www.francesparkeraesthetics.com,,
118251837,Frances Parker Aesthetics,35.04125741,-89.66381469,140 S Main St.,,Collierville,TN,38017,,(901) 491-2585,http://www.francesparkeraesthetics.com,,
118250865,Francheska Esthetics,27.46304500,-82.60071353,4012 Cortez Road West #2206,,Bradenton,FL,34210,,(941) 962-7450,http://www.francheskaesthetics.com,,
118252134,Franklin Medical Center,32.15918000,-91.70523300,2106 Loop Road,,Winnsboro,LA,71295,,(318) 435-9411,,,
118253333,Franklin Skin Studio,35.92424300,-86.86496600,230 1st Ave S,,Franklin,TN,37064,,(615) 509-4730,http://Www.franklinskinstudio.com,,
118250672,Free Spirit Aesthetics,33.98765569,-84.26961381,8465 Holcomb Bridge Rd #410,,Alpharetta,GA,30022,,(770) 641-8014,http://www.fsaesthetics.com,,
118251288,Free Your Skin Aesthetics,36.03659042,-86.80161422,18 Cadillac Drive suite 400,,Brentwood,TN,37027,,(615) 569-7374,http://www.freeyourskinaesthetics.com,,
118251117,Fresh Aesthetics,41.32116770,-75.79121242,48 S Main Street - Suite 200,,Pittston,PA,18640,,(570) 938-4405,http://freshaestheticsnepa.com,,
118253485,Fresh Faces rx,45.53502700,-122.69758600,2235 NW Savior St,,Portland,OR,97210,,,http://Www.freshfacesrx.com,,
118253726,Fresh Medical Aesthetics Inc,41.92741300,-70.64567400,121-1 Camelot Drive,,Plymouth,MA,02360,,(774) 454-4934,http://www.freshmedicalaesthetics.com,,
118250752,Fresh Slate,30.20374949,-97.97861605,"166 Hargraves Dr., B500, Suite 207",,Austin,TX,78737,,(541) 907-1742,http://www.salon-mystique.com,,
118251841,Fuchsia Spa - High Street,33.67596300,-111.96432900,"5410 East High Street, Suite 111",,Phoenix,AZ,85054,,(602) 388-1130,http://www.fuchsiaspa.com/high-street,,
118253568,ƒLEVƒ Aesthetics & Wellbeing,38.96866000,-94.78265900,"8801 Penrose Ln, Suite 106",,Lenexa,KS,66219,,(913) 437-4747,http://www.elevekc.com,,
118250970,GABBY THE AESTHETICIAN,27.71725100,-97.38283100,4949 EVERHART RD SUITE 110,,CORPUS CHRISTI,TX,78411,,,,,
118250946,GabbyTheAesthetician,27.71725100,-97.38283100,"4949 Everhart Rd., Suite 110",,Corpus Christi,TX,78414,,(361) 692-4676,http://gabbytheaesthetician.square.site/,,
118253540,Gainesville Dermatology,29.65388500,-82.42502300,120 NW 76th Drive,,Gainesville,FL,32607,,(352) 333-3223,http://www.gainesvilledermatologyskinsurgery.com,,
118251441,Galore Medical,26.28656300,-80.22709900,7522 Wiles Road Suite B20,,Coral Springs,FL,33067,,,http://www.galoremedical.com,,
118252525,Gavino Dermatology,30.64185020,-97.84031603,"9073 W State Hwy 29, STE 108",,Liberty Hill,TX,78642,,(737) 377-3143,http://gavinodermatology.com,,
118253699,Gayoso Plastic Surgery,27.78327500,-82.64686000,1116 Dr. Martin L. King St. N.,,St. Petersburg,FL,33705,,(727) 353-8146,http://www.gayosoplasticsurgery.com,,
118252492,Gemini Glow Aesthetics,40.71036670,-112.02518354,2750 S 5600 West Ste 149,,West Valley,UT,84120,,(801) 230-9388,,,
118253119,Genesis Med Spa,38.00516227,-90.22001478,255 Boderman Ln,,Bloomsdale,MO,63627,,(573) 483-9700,http://medpsagenesis.com,,
118250930,Genesis Wellness Spa and Medical Aesthetics,42.08876896,-71.06531164,"1 Pearl Street, Suite 2300 A",,Brockton,MA,02301,,(508) 687-0370,http://genesis-ws.com,,
118253688,Genevieve & Co,35.20173400,-80.84394000,1315 East Blvd. #150,,Charlotte,NC,28203,,(704) 270-8537,http://medspaclt.com,,
118250795,Geo Aesthetics,36.15887400,-95.89139900,7715 E 2nd St #114,,Tulsa,OK,74134,,(918) 609-3626,http://www.geoaesthetics.com,,
118251141,Geo Aesthetics,36.00405899,-95.89151571,7711 E 111th St S Ste 106,,Tulsa,OK,74133,,(918) 609-3626,http://geoaesthetics.glossgenius.com/,,
118251518,Georgia Aesthetics and Wellness,34.10515588,-83.87311374,2304B Thompson Mill Rd,,Buford,GA,30519,,(706) 340-7914,http://www.georgiaaesthetics.com,,
118252321,Georgia Center for Plastic & Reconstructive Surgery,32.87385386,-83.76021372,6326 Peake Rd,,Macon,GA,31210,,(478) 254-6608,http://georgiaplasticcenter.com,,
118251203,Georgia Skin Specialists,33.80981701,-84.39228604,"2021 Peachtree Road, Suite 500",,Atlanta,GA,30309,,(404) 352-1730,http://georgiaskinspecialists.com/,,
118250783,GH Allure,34.35230900,-82.93222700,16 South Forest Ave,,Hartwell,GA,30643,,(706) 436-2852,http://www.theghallure.com,,
118252418,Gibson & Guthrie Dermatology,34.79085700,-92.39861514,4200 N Rodney Parham Rd #202,,Little Rock,AR,72212,,(501) 227-4323,http://www.gibsondermatology.com,,
118253517,Gillian Institute,39.91237654,-86.03982141,8455 Clearvista Place,,Indianapolis,IN,46256,,(317) 913-3260,http://Indyplasticsurgery.com,,
118252423,Girl Makes Face,35.09675750,-89.80141471,1914 Exeter Rd suite 2,,Germantown,TN,38138,,(901) 213-6125,http://www.girlmakesface.com,,
118251704,Glacial Lakes Aesthetics,45.23527411,-94.93841555,143 Lake Ave N,,Spicer,MN,56288,,(320) 444-0856,http://www.glaciallakesaesthetics.com/,,
118250821,Glam Rx Aesthetics,40.29996603,-111.69821830,"175 N State St, Suite 16",,Orem,UT,84057,,(801) 796-2236,http://www.glamrxaesthetics.com,,
118252705,GlamGrin Medical Spa,36.22965500,-119.33117900,1921 Hillman St,,Tulare,CA,93274,,(559) 366-7811,,,
118251762,Glamorous Beauties Esthetics,40.65440700,-111.86552800,921 Executive Park Dr B,,Murray,UT,84117,,(801) 875-5366,,,
118250983,Glisten and Glow Spa by Linley,41.43506789,-96.47231581,1900 E military suite 240,,FREMONT,NE,68025,,(402) 719-9961,http://www.glistenandglowspabylinley.com,,
118252995,Glo,33.94375561,-117.39021923,6700 Indiana Ave suite 210,,Riverside,CA,92506,,(951) 336-0447,http://Www.glosocal.com,,
118251211,Glo Aesthetics at Bridgeport,39.28876437,-80.24291315,449 E Main Street,,Bridgeport,WV,26330,,,http://gloaestheticsatbridgeport.com,,
118251743,Glo MD Aesthetics and Wellness,40.16806581,-83.07841361,74 Clairedan Dr,,Powell,OH,43065,,(614) 962-6233,,,
118252121,Glo Med Spa,31.30205129,-92.48715153,146 Yorktown Dr.,,Alexandria,LA,71303,,(318) 451-2959,,,
118252422,Glo Medical Aesthetics,35.12657551,-89.98731474,703 New York St,,Memphis,TN,38104,,(901) 552-3461,http://www.glomedmemphis.com,,
118253438,GLO Skin Spa,43.65072300,-84.24644500,5800 Eastman Ave,,Midland,TX,48640,,(989) 465-7721,http://glo-skispa.com,,
118253252,Glo Spa,40.71166702,-74.00812126,225 Broadway Unit 1815,,New York,NY,10007,,(212) 220-9092,http://glospany.com,,
118252524,GLO with Jeanine,38.64015900,-90.47919400,"12977 North Outer 40 Rd, Suite 309",,Saint Louis,MO,63141,,(314) 301-9107,http://glowithjeanine.com,,
118251532,GLOKC,35.60271200,-97.61803200,5700 NW 130TH STE 4,,Oklahoma City,OK,73142,,(580) 656-1780,http://glokc.glossgenius.com,,
118252251,GloLux at Midwest Breast and Aesthetic Surgery,40.04646561,-82.86131358,"1080 Beecher Xing N, Suite A",,Columbus,OH,43230,,(855) 687-6227,http://www.gloluxmedspa.com,,
118252904,Glorious Glow Medspa,30.46424991,-90.08311476,2070 N Hwy 190. Suite B,,Covington,LA,70437,,,http://Gloriousglowmedspa.com,,
118251665,Glow Aesthetics,34.51405655,-84.93331392,668 Red Bud Road,,Calhoun,GA,30701,,(770) 548-3318,http://glowaestheticsllc.com/,,
118252714,Glow Aesthetics,35.22395771,-92.38421514,28 Business Park Drive,,Greenbrier,AR,72058,,(501) 679-0870,http://Www.glowgreenbrier.com,,
118253750,Glow Aesthetics Bar,40.42372911,-78.39434086,200 Bedford St,,Hollidaysburg,PA,16648,,(814) 554-1823,http://glowaestheticsbarllc.com,,
118251246,Glow Aesthetics Center,39.14356413,-78.19141281,3051 Valley Ave. Suite 106,,Winchester,VA,22599,,(540) 751-8828,http://www.glowaestheticscenter.com,,
118252773,GLOW Aesthetics Miami,25.96764255,-80.14871313,20770 W Dixie Highway,,Aventura,FL,33180,,(786) 822-1105,http://glow-med-spa.com,,
118250858,Glow and Behold Esthetics,47.49177810,-117.57101926,"1010 1st St., Suite A",,Cheney,WA,99004,,(509) 599-1602,,,
118253154,Glow and Grace Aesthetics,29.11247698,-82.21813471,"7494 SW 60th Ave Suite A #3, Ocala, FL 34476",,Ocala,FL,34476,,(352) 220-2007,http://glow-and-grace.webflow.io/,,
118252798,Glow and Lash Co,34.56815664,-112.37281841,1701 Emerald Dr,,Prescott,AZ,86301,,(928) 533-9082,http://www.glowandlashco.com/,,
118250882,Glow Beauty Aesthetics,40.69629667,-111.98385183,"3881 W 3500 S, Suite 118",,West Valley,UT,84129,,(801) 837-8304,http://glowbeautyaesthetics.com/,,
118253675,Glow Beauty Lab Med Spa,33.76963553,-78.86687129,956 International Dr.,,Myrtle Beach,SC,29579,,(843) 903-0108,http://glowbeautylabmedspa.com,,
118251475,Glow by Courtney Grace,26.20392700,-80.14873300,"400 NE 3rd Avenue, Suite 2114",,Fort Lauderdale,FL,33301,,,http://www.glowbycourtneygrace.com,,
118252042,Glow by Gabrielle,40.31416605,-74.06121213,"180 Avenue at the Commons, Suite 10",,Shrewsbury,NJ,07702,,(973) 791-5292,http://glowbygabrielle.net,,
118251279,Glow By Gabrielle,40.31496605,-74.06591213,"1026 Broad Street, Unit 10, Suite 5",,Shrewsbury,NJ,07702,,(415) 655-0355,http://Www.glowbygabrielle.net,,
118253311,Glow By Krissy,48.19478962,-96.77215855,115 South Main Street,,Warren,MN,56762,,,http://www.glowbykrissy.com,,
118251640,Glow by the Coast Esthetics,34.86457122,-120.44361973,145 S. Gray St. Suite 102D,,Santa Maria,CA,93455,,(619) 876-6963,http://www.beacons.ai/glowbythecoast,,
118250850,Glow Doctors,33.48635486,-111.91711834,3301 N Miller Rd,,Scottsdale,AZ,85251,,(480) 980-5794,http://www.glowdoctor.com,,
118253299,Glow Getter,40.53866419,-74.23412163,97 Storer Ave Unit D2,,Staten Island,NY,10309,,(718) 569-5261,http://glowgetterny.com/,,
118252213,Glow Getter Studio,28.55547900,-81.36399400,1209 Park Lake Street,,Orlando,FL,32803,,(407) 724-6721,http://www.glowgetterstudio.com,,
118250936,Glow Getter Studio,40.28250700,-111.68658100,373 e 800 s,,Orem,UT,84097,,(801) 258-1174,http://www.glowgetterstudiosuites.com,,
118251116,Glow Haus,33.86735549,-118.38341940,"1426 Aviation Blvd, Suite 103B",,Redondo Beach,CA,90278,,(310) 946-9318,http://glowhausla.gettimely.com,,
118253770,Glow Lab Aesthetics,38.91380778,-77.23109869,8230 Old Courthouse Road #105A,,Vienna,VA,22182,,,http://www.glowbymitra.com,,
118251717,Glow labs facial bar,40.63547666,-73.63332121,228 Dwight St,,Oceanside,NY,11572,,(347) 417-3883,http://Glowlabsskincare.com,,
118251017,Glow Laser and Beauty,30.10164932,-97.87561604,251 FM 1626 Ste 1B,,Buda,TX,78610,,(512) 361-0803,http://www.glowlaserandbeauty.com,,
118253038,Glow Medspa,25.96764255,-80.14871313,20770 west dixie hwy,,Miami,FL,33180,,(786) 822-1105,,,
118253761,Glow Salon Med Spa & Boutique,33.10771999,-83.25670175,186 Roberson Mill Rd,,Milledgeville,GA,31061,,(478) 451-4912,http://www.glowsalonmedspa.com,,
118250684,Glow Skincare & Wax,47.75547824,-122.21422002,17509 95th Ave NE,,Bothell,WA,98011,,(206) 200-6780,http://www.glowskincareandwax.com,,
118253398,Glow up Aesthetics,42.50878900,-71.12429100,4 West Street suite 107,,Reading,MA,01867,,(781) 779-4929,http://glowupaesthetics781.com,,
118252958,Glow Up Aesthetics,42.29696930,-85.64481403,4506 W Main st,,Kalamazoo,MI,49006,,(269) 692-5044,http://www.glowup-aesthetics.com,,
118253395,Glow Up Aesthetics,42.29696930,-85.64481403,4506 W Main st,,Kalamazoo,MI,49006,,(269) 692-5044,http://www.glowup-aesthetics.com,,
118253019,Glow Up Skin Aesthetics,41.75468410,-87.91171440,"800 Village Center Dr, Suite 218",,burr ridge,IL,60527,,(708) 586-9888,http://www.glowupskinaesthetics.com,,
118251906,Glow Within Aesthetics,44.27407254,-121.17451985,339 SW 6th Street,,Redmond,OR,97756,,(503) 459-1450,,,
118250829,GlowBar,47.19277319,-122.29412004,105 A W Main,,Puyallup,WA,98371,,(425) 876-9850,http://www.prioritybeautybar.com,,
118252174,Glowedup Skin,31.80252105,-106.50821745,4201 Camelot Heights,,El paso,TX,79912,,(915) 861-6964,http://glowedupskin.booksy.com,,
118252279,Glowing Lotus Wellness Solutions,47.42307770,-120.30519711,151 S. Worthen St. Suite 1,,Wenatchee,WA,98801,,,,,
118252606,GMD Aesthetics & Artistry,42.30056931,-71.43191170,855 Worcester Rd.,,Framingham,MA,01701,,(781) 790-6385,http://gmdaestheticsandartistry.com,,
118251036,Gold Stone Beauty,26.23942990,-98.22561609,1109 w nolana ave,,Mcallen,TX,78504,,(956) 600-9577,,,
118250965,GOLD STONE BEAUTY,26.23895400,-98.22545600,1109 W NOLANA AVENUE SUITE 305,,MCALLEN,TX,78501,,,,,
118251868,Golden Aesthetics,35.52605821,-108.74381782,300 W. Aztec (Basement Suite #6),,Gallup,NM,87301,,(505) 207-3643,http://www.gallupmedspa.com,,
118251124,Golden Aesthetics,41.38934600,-73.28631900,125 S Main Street suite D,,Newtown,CT,06470,,(203) 999-9041,http://golden-aesthetics.com/,,
118251274,Golden Bubble,47.69037814,-122.35772005,101 N. 85th St Suite 204,,Seattle,WA,98103,,(206) 280-3972,http://www.golden-bubble.com,,
118251043,Golden Co. Beauty Studios,43.82889718,-111.77481831,125 E. N,,Rexburg,ID,83440,,(208) 715-0090,,,
118252405,Golden Hour Skin Clinic,40.75112600,-96.60213100,"6016 S 87th St, Suite 110",,Lincoln,NE,68526,,(402) 364-3221,http://goldenhourskinclinic.com,,
118252292,Golden Hour Skincare,30.23354953,-97.75841602,2900 S Congress Ave Suite 109,,Austin,TX,78704,,(512) 537-5506,http://www.goldenhourskincare.com,,
118251062,Golden Medical Aethetics,43.60417144,-116.38001907,82 Baltic Place,,Meridian,ID,83642,,(208) 599-8860,http://goldenmedaesthetics.com,,
118251119,Golden Rose Wellness & MedSpa,28.67514698,-81.38961333,"691 Douglas Avenue, Suite 103",,Altamonte Springs,FL,32714,,(352) 316-7342,http://goldenrosemedspa.com,,
118253747,Goldenberg Dermatology,40.77396060,-73.96479584,14 E 75th St,,New York,NY,10021,,(212) 405-8202,http://goldenbergdermatology.com/,,
118251093,Good Chemistry Health & Med Spa,34.21767500,-84.14530700,451 Vision Drive Suite H103,,Cumming,GA,30040,,(770) 691-3656,http://www.getgoodchemistry.com,,
118253448,GOODFACE,29.93191490,-90.07407148,1113 St Mary St,,New Orleans,LA,70130,,(504) 427-2868,http://www.goodfacenola.com,,
118251324,Grace MedSpa,30.44349800,-97.77512800,"13091 Pond Springs Road, unit 160",,Austin,TX,78729,,2299169,http://GraceMedSpaAustin.com,,
118251310,Grace MedSpa,30.44349800,-97.77512800,"13091 Pond Springs Road, unit 160",,Austin,TX,78729,,2299169,http://GraceMedSpaAustin.com,,
118252607,Graceful Aesthetics,41.35856776,-72.39501186,67 N Main St,,Essex,CT,06475,,(860) 581-7220,http://www.gracefulaestheticsct.com,,
118250780,Graceful Touch Esthetics,29.53764839,-95.14981559,1507 Bay Area Blvd Unit B1 #135,,Webster,TX,77598,,(940) 923-5191,http://www.linktr.ee/Gte.laceylucido,,
118253521,Grafton Dermatology and Cosmetic Surgery,29.63860486,-90.75225149,327 Bayou Gardens Blvd,,Houma,LA,70364,,(985) 876-5000,http://www.graftonderm.com,,
118251653,Grafton Dermatology and Cosmetic Surgery,29.63860486,-90.75225149,327 Bayou Gardens Blvd,,Houma,LA,70364,,(985) 876-5000,http://www.graftonderm.com,,
118253251,Gramercy Park Dermatology,40.73866746,-73.98612122,60 Gramercy Park N,,New York,NY,10010,,(212) 475-2312,http://gramercyparkdermatology.com,,
118253642,Grand Strand Dermatology,33.66078900,-79.01299600,7410 Highway 707,,Myrtle Beach,SC,29588,,(843) 215-1100,http://gsderm.com,,
118251385,Graper Harper Cosmetic Surgery,35.14885759,-80.82951324,2915 Coltsgate Rd. Suite 103,,Charlotte,NC,28211,,(704) 375-7111,http://www.ghsurgery.com,,
118253731,"Great Lakes Health, Wellness & Aesthetics",42.20057075,-83.15034140,3247 Biddle Avenue,,Wyandotte,MI,48192,,(734) 287-3000,http://www.greatlakeshealthandwellness.com,,
118251286,Green Skin Esthetics,45.42977443,-122.82882012,"14900 SW Barrtows Rd. Unit 102, Studio 23",,Beaverton,OR,97007,,(971) 800-1202,http://www.greenskinesthetics.com,,
118253282,Greene Emerald Med Spa,30.23249532,-81.51213355,"11512 Lake Mead Ave, Building 530, Suite 536-B",,Jacksonville,FL,32256,,(904) 707-4367,http://GreeneEmeraldMedSpa.com,,
118253281,GREENE EMERALD MED SPA,30.23249532,-81.51213355,11512 Lake Mead Ave Bldg 530 SUITE 536-B,,JACKSONVILLE,FL,32256,,(904) 707-4367,http://WWW.GREENEEMERALDMEDSPA.COM,,
118253581,Greenwich Street 497 Premier Aesthetics and Plastic Surgery,40.72151667,-74.00987121,497 Greenwich Street,,New York,NY,10013,,(212) 245-2499,http://greenwichstreet497.com/,,
118250852,Grit & Grace Aesthetics,33.23525445,-111.72261830,"6318 S Higley Road, Suite 102 Studio 8",,Gilbert,AZ,85298,,(520) 840-5028,http://www.gritandgraceaesthetics.net,,
118253479,Gulf Coast Cosmetics,28.17997300,-82.66430800,"1404 Epiphany Way, Unit Q-103",,Trinity,FL,34655,,(727) 389-4442,http://www.gulfcoastcosmetics.com,,
118253146,Gulf Coast Med Spa,26.06684271,-81.69713385,"6845 Collier Blvd, #103",,Naples,FL,34114,,(239) 682-1885,http://www.gcmedspa.com,,
118251316,Gunn Dermatology,33.48531900,-86.77319200,391 Rele Street,,Mtn. Brook,AL,35223,,(205) 415-7536,http://gunndermatology.com,,
118251315,Gunn Dermatology- Crestline,33.50115489,-86.75451421,32 Church Street,,Mtn. Brook,AL,35213,,(205) 415-7536,http://gunndermatology.com,,
118253312,H G esthetics,40.05565627,-82.85513575,5122 Morse road,,Columbus,OH,43230,,(614) 288-0953,,,
118250922,H-Town Aesthetics,29.75937100,-95.73435300,"21003 Highland Knolls Drive, Suite 300",,Katy,TX,77450,,(832) 600-1907,http://www.htownaesthetics.com,,
118253059,H.A.N.D.S. Esthetics and Med Spa,36.07475910,-95.90321571,6125 S. Sheridan Rd. Ste. A,,Tulsa,OK,74133,,(539) 777-3671,http://www.hemedspa.com,,
118252969,Hagerstown Dermatology and Skin Care,39.63564939,-77.69651273,1101 Opal Ct Suite 315A,,Hagerstown,MD,21740,,(240) 469-4835,http://hagerstownderm.com,,
118251255,Hailo Aesthetics,41.44586790,-73.40471203,246 Federal Rd. unit CL41-1 (3rd floor),,Brookfield,CT,06804,,,http://hailoaesthetics.com,,
118253660,"Haleh Bakshandeh, MD",34.06681500,-118.40735900,"9730 Wilshire Blvd, Suite 115",,Beverly Hills,CA,90212,,(310) 274-7623,http://www.drbdermatology.com,,
118253604,Haley Dermatology - A Forefront Dermatology Practice,30.56821501,-87.89199144,202 Rock Creek Parkway,,Fairhope,AL,36532,,(251) 928-3844,http://www.haleyderm.com,,
118252913,Haley Dermatology- Foley,30.42634985,-87.68241437,1620 N. McKenzie St,,Foley,AL,36535,,(251) 501-2240,http://www.haleyderm.com,,
118252370,Halie Jean Aesthetics,42.34106937,-71.58311173,33 Boston Post Rd W suite 130,,Marlborough,MA,01752,,(508) 449-0502,http://haliejeanaesthetics.com,,
118250856,Halo Haus of Beauty LLC,36.15845924,-115.24211888,"6771 W Charleston Blvd., STE A",,Las Vegas,NV,89146,,(208) 513-9461,http://www.halohausofbeauty.com,,
118252464,Hana Clinic,29.73134871,-95.59131566,12000 Richmond Ave,,Houston,TX,77082,,(832) 805-2738,,,
118253042,Hands Esthetics & Med Spa,36.07475910,-95.90321571,6125 S Sheridan Rd Suite A,,Tulsa,OK,74133,,(538) 777-3671,http://hemedspa.com,,
118253393,Hanna Horne Esthetics,35.38290300,-77.93382600,"1299 Parkway Dr, Suite F",,Goldsboro,NC,27534,,,http://hannahorneesthetics.glossgenius.com/,,
118253596,Hanna Horne Esthetics,35.38290300,-77.93382600,1299 Parkway Dr Suite F,,Goldsboro,NC,27534,,,http://hannahorneesthetics.glossgenius.com,,
118252390,Haus of Aesthetics,40.75008200,-111.87072200,"705 East 900 South, #100",,Salt Lake City,UT,84105,,,http://hausofaestheticsslc.com/,,
118253607,Haus of Beauty,33.47402548,-86.80892142,1015 Stuart Street,,Homewood,AL,35209,,,http://www.hausofbeautybham.com,,
118252106,Haus of Glow,41.52205100,-73.93956100,621 NY-52,,Beacon,NY,12508,,(917) 569-9509,http://www.glowfessional.com/,,
118253752,Haus of Glow,41.49971059,-73.95520437,61 Falconer St,,Beacon,NY,12508,,,http://glowfessional.com/,,
118251982,Haus of Marin,37.92552621,-122.52922201,29 1st St #100,,Corte Madera,CA,94925,,(415) 255-5728,http://www.hausofmarin.com,,
118253455,Haven Skin & Aesthetics,31.57934517,-90.44187148,122 E Monticello St,,Brookhaven,MS,39601,,(601) 967-2336,http://www.havenskinandaesthetics.com,,
118252636,Haven Skin and Aesthetics,31.57895174,-90.44131482,122 E Monticello Street,,Brookhaven,MS,39601,,(601) 967-2336,http://Havenskinandaesthetics.janeapp.com,,
118253227,Haven Wellness & Aesthetics,40.36166128,-74.04012131,21 Cedar Ave Ste 201 B,,Fair Haven,NJ,07704,,(848) 360-5302,http://havenfh.com,,
118251406,Haydel Dermatology,29.58274847,-90.74501487,578 Valhi Blvd,,Houma,LA,70360,,(985) 223-3871,http://Haydeldermatology.com,,
118252649,Hayes Valley Medical Aesthetics,37.77486189,-122.42232006,182 Gough Street,,San Francisco,CA,94102,,(415) 255-9510,http://hayesvalleymed.com,,
118252651,Hayes Valley Medical Aesthetics,37.93326215,-122.53632008,265 Magnolia Ave #201,,Larkspur,CA,94939,,(415) 464-8801,http://hayesvalleymed.com,,
118252650,Hayes Valley Medical Aesthetics,37.79926193,-122.43562006,3214 Fillmore Street,,San Francisco,CA,94123,,(415) 875-9444,http://hayesvalleymed.com,,
118253212,Hazel & Honey Beauty Co.,39.83265261,-75.53751238,5321 Brandywine parkway,,Wilmington,DE,19803,,(302) 866-0322,http://Www.hazelhoneybeauty.com,,
118252879,Hazel + Honey Med Spa,37.69366176,-97.18951592,494 N 127th st E suite 200,,Wichita,KS,67206,,(316) 500-7603,http://hazelandhoneymedspa.com,,
118251237,Hazel and Honey Beauty,39.83206526,-75.53751238,5321 Brandywine Pkwy,,Wilmington,DE,19803,,(302) 866-0322,http://hazelandhoneybeauty.com,,
118251197,Hazel and Honey Beauty Co.,39.83206526,-75.53751238,"5321 Brandywine Parkway, Suite 7",,Wilmington,DE,19803,,(302) 866-0322,http://hazelandhoneybeauty.com,,
118252945,HD Medical & Aesthetics,34.18165600,-77.91831277,1407 Barclay Pointe Blvd Suite 402,,Wilmington,NC,28412,,(910) 270-0052,http://www.hdmedicalaesthetics.com,,
118252944,HD Medical & Aesthetics,34.38885634,-77.68661273,16717 Hwy 17 Suite 206,,Hampstead,NC,28443,,(910) 270-0052,http://www.hdmedicalaesthetics.com,,
118253052,HD Medical Aesthetics,40.75316677,-96.64281583,"5815 S 58th S, Suite D",,Lincoln,NE,68516,,(531) 229-4048,http://Www.lincolnhd.com,,
118251435,Healing Touch Beauty Spa,34.17147400,-118.56992700,20011 Ventura Blvd Suite 1008,,Woodland Hills,CA,91364,,(310) 894-8114,http://Www.healingtouchbeautyspa.com,,
118251277,Healthy Glow Aesthetics,26.19204291,-80.11411313,5353 N federal hwy Suite 220,,Fort Lauderdale,FL,33308,,,http://healthyglowaestheticss.com,,
118250923,Healthy Skin Las Vegas,36.03355700,-115.10161400,"2625 Wigwam Parkway, Suite 104",,Henderson,NV,89074,,(702) 985-7194,http://healthyskinlasvegas.com,,
118252270,Healthy Skin Oasis,18.42106200,-66.06517101,URB Roosevelt 354 Calle Jose R. Acosta,,San Juan,PR,00918,,,,,
118253389,Healthylooks Med Spa & Wellness,38.89784300,-94.66635700,"12701 Metcalf Ave, Suite 103",,Overland Park,KS,66213,,(913) 815-4701,http://www.healthylooks.com,,
118252187,Heartful Aesthetics,42.32748400,-122.86392900,832 E. Main St #8,,Medford,OR,97504,,(541) 690-8779,http://www.heartfulaesthetics.com,,
118253106,Heartland Plastic Surgery & Med Spa,37.29616111,-89.56721467,319 S. Silver Springs Rd Ste C,,Cape Girardeau,MO,63703,,(888) 515-2847,http://heartlandplastic.com,,
118252826,Heavenly Face and Body,40.95085800,-73.89273900,"455 North Broadway, suite 84",,Yonkers,NY,10701,,(914) 407-2953,,,
118251465,Heights dermatology,40.69406667,-73.99371212,115 1/2 remsen St,,Brooklyn,NY,11201,,(929) 552-1481,http://Heightsderm.com,,
118253585,Heights Dermatology and Aesthetics,33.45319200,-86.73819400,4325 Dolly Ridge Road,,Vestavia Hills,AL,35243,,(205) 591-2169,http://www.heightsdermatologyandaesthetics.com,,
118253255,Heights Med Beauty Spot,40.84666923,-73.93412113,248 Audubon Ave Ste 1,,New York,NY,10033,,(191) 435-3030,http://heightsmedbeautyspot.com/,,
118253546,Helendale Dermatology & Medical Spa,43.17970600,-77.54442400,"500 Helendale Road, Suite 100",,Rochester,NY,14609,,(585) 266-5420,http://www.helendaledermatology.com,,
118253547,Hello Hydration,40.91802100,-74.07636900,M9A 1 Garden State Plaza Blvd,,Paramus,NJ,07652,,(551) 465-7083,http://hellohydrationnj.com/,,
118253548,Hello Hydration,40.86263000,-74.38451300,1116 US-46 Suite B,,Parsippany,NJ,07054,,(551) 465-7083,http://hellohydrationnj.com/,,
118251320,Hello Smooth Med Spa,30.10204932,-81.52113357,"155 Bartram Market Dr, #125",,St. Johns,FL,32259,,(904) 342-2383,http://www.hellosmooth.com/,,
118251230,Henara Skin Company,30.22549521,-97.82101603,5601 Brodie Ln St. 502,,Austin,TX,78748,,(512) 506-0535,http://Www.henaraskinco.com,,
118251899,Hera Health,31.46085155,-100.44581646,439 W Harris Ave,,San Angelo,TX,76903,,(325) 238-7286,http://www.herahealthpllc.com,,
118252330,Here She Glows,34.15755964,-118.75731946,5911 Kanan Td,,Agoura Hills,CA,91303,,(818) 414-5777,http://Heresheglowsspa.com,,
118250737,Heron Med Spa /Dr. Linda Myers,38.80832300,-77.04935200,321 Patrick Street,,Alexandria,VA,22314,,(571) 384-4536,http://www.heronmedspa.com/,,
118251740,HerSpace Med Spa,40.33566085,-74.05561213,200 White Road - Suite 111,,Little Silver,NJ,07739,,(732) 747-7935,http://Www.herspacemedspa.com,,
118252554,Hideaway Wellness & Aesthetics,38.71886344,-94.46071548,217 N Main,,Peculiar,MO,64078,,(816) 300-8264,http://www.hideawaymedicalspa.com/,,
118252591,HideOut Boutique,26.59604357,-81.88971342,"1342 Colonial Blvd, H57",,Fort Myers,FL,33907,,(239) 936-0758,http://hideoutboutique.com,,
118252570,Higgy Skin,39.68566502,-104.98081720,"1705 S Pearl St, Suite 6",,Denver,CO,80210,,(720) 868-7127,http://www.higgyskin.com,,
118252588,Highland Hills Aesthetics,30.36304975,-91.05051492,9580 Pecue Lane. Suite 200,,Baton Rouge,LA,70810,,(225) 408-0017,http://Na02.patientnow.com,,
118253450,Highland Hills Aesthetics,30.36341900,-91.05028000,"9580 Pecue Ln, Suite 200",,Baton Rouge,LA,70810,,(225) 408-0017,http://highlandhillsbr.com,,
118251805,Highland Park Aesthetic Medicine (Dr. Lynley McAnalley),32.86266000,-96.81011300,5949 Sherry Ln Suite 1420,,Dallas,TX,75225,,(214) 692-8844,http://www.drlynley.com/,,
118251489,Hola Bonita Esthetics,31.78205207,-106.41571744,5959 Gateway W Blvd Suite 445,,El Paso,TX,79938,,,http://holabonita.glossgenius.com,,
118252584,Holaday Aesthetics Med Spa,39.77006516,-94.84471554,1216 Fredrick Ave,,St. Joseph,MO,64501,,(816) 244-5430,http://www.holadayaesthetics.com/,,
118250819,Holistique Med Spa and Wellness Center,34.29725619,-83.83351374,723 Washington Street NW Suite 2,,Gainesville,GA,30501,,(770) 531-0998,http://www.holistiquewellness.com,,
118251706,Hollywood Skin & Injectables,29.72193500,-98.14622200,2345 Loop 337,,New Braunfels,TX,78130,,(210) 806-7262,http://Www.hollywoodskin.net,,
118251707,Hollywood Skin & Injectables,32.93505396,-103.36431694,1311 S 13th,,Lovington,NM,88260,,(806) 790-7509,http://Www.hollywoodskin.net,,
118251853,Homme Studio,47.54887790,-122.31762004,6007 12th Ave S. Suite F,,Seattle,WA,98108,,,http://www.hommestudio.as.me,,
118250766,Honaest Aesthetics,34.36935631,-84.04321377,"100 Dawson Commons Circle, Suite 140",,Dawsonville,GA,30534,,(470) 272-8730,http://www.Honaest.com,,
118252814,Honest Aesthetics,26.55034350,-81.91211342,"13141 McGregor Blvd, Suite 10",,Fort Myers,FL,33919,,(239) 212-0017,http://Honestfl.com,,
118253008,Honey Aesthetics,44.96717367,-93.44321531,1700 plymouth rd. #D,,Minnetonka,MN,55305,,(612) 963-2784,http://honeyaestheticsclinic.com,,
118250876,Honey Glow Beauty Co.,47.84577839,-122.29752004,"16825 48th Ave W., Ste. 254",,Lynwood,WA,98037,,(425) 418-8229,http://www.honeyglowbeauty.co,,
118250830,Honey Rose Aesthetics,47.15447726,-122.32112004,"8114 112th St. Court, Suite A",,Puyallup,WA,98373,,(253) 753-2332,http://www.hraskin.com,,
118252365,Hormonally Balanced,42.49436962,-71.19481166,83 Cambridge Street suite 1c,,Burlington,MA,01803,,(781) 730-3270,http://hormonallybalanced.com,,
118252168,Hotze Health and Wellness Center,29.78344880,-95.72215683,20214 Braidwood,,Katy,TX,77450,,(281) 579-3600,http://www.hotzehwc.com,,
118251517,House of Lore Med Spa,33.96975566,-83.41281367,1000 Hawthorne Ave #R,,Athens,GA,30606,,(706) 955-1248,http://www.holmedspa.com,,
118251814,House of Preservation,32.81660800,-96.79354800,3219 N. Fitzhugh Ave,,Dallas,TX,75204,,(469) 571-3740,,,
118251655,Houston Dermatology and PalsticSurgery,29.74904000,-95.75133000,2030 South Mason RD,,KATY,TX,77450,,(281) 665-2626,http://www.beautybecomesyou.com/,,
118250955,HOUSTON INJECTIONS MED SPA BAR,29.73574872,-95.45821564,3005 WEST LOOP SOUTH UNIT 250,,HOUSTON,TX,77027,,(832) 930-7018,,,
118252098,Houston Skin Dermatology Associates of Texas,29.53521700,-95.12670700,451 north texas avenue,,webster,TX,77598,,(281) 333-3376,http://houstonskin.com,,
118252097,Houston Skin Dermatology Associates of Texas,29.56085700,-95.38869200,10907 memorial hermann dr suite 170,,pearland,TX,77584,,(281) 333-3376,http://houstonskin.com,,
118253009,Hubbell Dermatology & Aesthetics,30.16844943,-92.03991508,309 Settlers Trace Boulevard Suite 100,,Lafayette,LA,70508,,(337) 981-6065,http://Skinexpert.com,,
118250665,Hudes Laser and Aesthetica,34.21435000,-84.13583200,416 Dahlonega Street,,Cumming,GA,30040,,(678) 935-0655,http://www.hudeslaseraesthetica.com,,
118252218,Hunnie Aesthetics,42.72385600,-88.99509300,"3515 Milton Avenue, Suite 100",,Janesville,WI,53545,,(608) 695-9133,http://hunnieaesthetics.com/,,
118253515,Hush Aesthetics,39.20334900,-85.92170300,325 5th st,,Columbus,IN,47201,,(812) 546-1713,http://Www.hushaestheticswellness.com,,
118253516,Hush aesthetics,38.95881638,-85.89223141,324 w 2nd st,,Seymour,IN,47274,,(812) 546-1713,http://Www.hushaestheticswellness.com,,
118252579,Hush Beauty Lab,26.60294359,-81.80921340,"7940 Dani Drive Unit 135, Suite 302",,Fort Myers,FL,33966,,(239) 426-8126,http://www.hushbeautylab.com,,
118253254,I wanna be pretty,40.70666693,-74.00512125,161 Water St Suite 2308,,New York,NY,10038,,(609) 774-7093,http://iwannabepretty.com/,,
118253249,iAesthetic Medspa,42.10668987,-80.13313129,988 West Erie Plaza Drive,,Erie,PA,16505,,(814) 240-2228,http://www.i-aesthetic.com,,
118251782,Icon Aesthetics & Wellness,26.09542754,-80.24761315,1970 South University Drive Suite 25,,Davie,FL,33324,,,http://icon-wellness.com,,
118252818,Ideal Body & Skin,34.15315596,-118.25751938,500 N Central Avenue #900,,Glendale,CA,91203,,(818) 378-8891,http://www.idealbodyskin.com/,,
118250948,Ideal Body Image,30.67034100,-97.69638500,3613 Williams Dr. Ste 701,,Georgetown,TX,78628,,(512) 567-3592,http://www.myidealbodyimage.com,,
118253226,Ideal Weight and Aesthetics,40.88666988,-74.11912144,160 Lanza Ave,,Garfield,NJ,07026,,(732) 436-1924,http://www.idealweightandaesthetics.com/,,
118252955,iGlow Aesthetics,27.95644580,-82.52871352,"5005 W Laurel St, Unit 112",,Tampa,FL,33607,,(813) 522-5521,http://www.iglowskins.com,,
118253569,IL_MRA Skin,35.80799587,-78.62338129,1017 E Whitaker Mill Rd,,Raleigh,NC,27608,,(919) 503-4361,http://Ilumraskin.com,,
118251060,Illumatox,44.18887240,-88.47581450,704 Main Street,,Neenah,WI,54956,,(920) 585-8115,http://www.Illumatox.com,,
118252990,Illume Aesthetics,38.74696348,-90.65311485,5344 SSR-N,,Cottleville,MO,63304,,(636) 675-7991,http://www.illumeaestheticsmo.com/,,
118253310,Illume Med Spa,39.00263902,-94.35915460,817 NE Anderson Lane,,Lee's Summit,MO,64064,,(816) 214-5260,http://www.illumemedspa.com,,
118252675,ILLUME Medical Spa,30.19524947,-85.66181403,2614 Jenks Avenue,,Panama City,FL,32405,,(850) 771-8540,http://illume-medspa.com,,
118252884,Illuminate Esthetics,29.55081460,-95.11476790,"17726 Mercury Dr, Suite 150",,Webster,TX,77058,,(832) 846-4426,http://www.illuminateestheticshtx.com,,
118251061,Illuminate Me,47.65297807,-122.69642010,"3888 NW Randall Way, Suite 203",,Silverdale,WA,98383,,(360) 204-5202,http://limnt.me,,
118252861,Ilume Aesthetics,42.91651300,-89.22090500,"135 W Main St, Suite 205",,Stoughton,WI,53589,,(608) 492-4222,http://ilumeaesthetics.com,,
118252774,Image Aesthetics,26.36744320,-80.12601313,2200 Glades Road,,Boca Raton,FL,33431,,(561) 601-3655,,,
118253586,Image Sculptors,32.37926531,-99.74336163,5 Windmill Circle,,Abilene,TX,79606,,(325) 793-5128,http://imagesculptors.com,,
118252456,Image Wellness Boutique,26.27464305,-81.73991339,2575 Northbrooke Plaza Drive Suite 309,,Naples,FL,34119,,,http://imagewellnessboutique.com,,
118251393,Impeccable Beatz and Spa,42.69220900,-73.87133200,1853 western ave,,Albany,NY,11205,,(518) 242-6478,http://Impeccablebeatz.com,,
118253708,In Depth Skin,35.22042000,-81.09655100,3816 S. New Hope Rd,,Gastonia,NC,28056,,(704) 879-6269,http://indepthskin.com,,
118252058,In Skin,46.23687575,-119.09711951,707 W. Margaret St.,,Pasco,WA,99301,,,http://www.inskin.glossgenius.com,,
118252489,INA Chicago,41.89426864,-87.63611436,"308 W. Erie, Suite 100",,Chicago,IL,60654,,(312) 877-5155,http://www.inachicago.com,,
118252796,InBloom Health + Medispa,42.85137021,-71.35861169,25 Buttrick Road C1,,Londonderry,NH,03053,,,http://inbloomhealthnh.com,,
118252806,Inclusion Medspa,43.10337062,-77.46521269,2828 Baird Rd,,Fairport,NY,14450,,(585) 347-6100,,,
118252538,Indian Hills Aesthetics,33.22455444,-87.54671434,825 Rice Mine Rd N,,Tuscaloosa,AL,35406,,(205) 462-7372,http://www.indianhillsaesthetics.com,,
118251442,Indigo Bloom Skinspa,44.66416700,-90.17658600,"108 W. 4th Street, Suite E",,Marshfield,WI,54449,,(715) 383-5512,http://www.facebook.com/indigobloomskinspa/,,
118251425,InfiniteSerenity MedSpa,26.37524321,-80.08651312,2701 NW 2nd Ave # 115,,Boca Raton,FL,33431,,,http://infiniteserenitymedspa.business.site,,
118251710,Infinity MedSpa and Wellness,35.14925759,-80.82751324,2809 Coltsgate Rd #100,,Charlotte,NC,28211,,(704) 733-9202,http://www.infinitymedspaandwellness.com,,
118253319,Infinity Medspa of Glastonbury,41.71368344,-72.60811896,36 Welles Street Suite 220,,Glastonbury,CT,06033,,(860) 430-5264,http://infinitymedspaglastonbury.com,,
118253233,Infinity MedSpa of Glastonbury,41.71368344,-72.60811896,"36 Welles Street, Suite 220",,Glastonbury,CT,06033,,(860) 430-5264,http://infinitymedspaglastonbury.com/,,
118251874,Inject Beauty,32.50088000,-92.12347700,218 Trenton St.,,West Monroe,LA,71291,,(318) 235-6153,http://injectbeautyla.com/,,
118252663,Inject Studio,30.42274984,-91.15331493,3535 Perkins Road. Suite 350,,Baton Rouge,LA,70808,,(225) 335-5455,,,
118253460,Inject Studio,30.42190200,-91.15367600,"3535 Perkins Road, Suite 350",,Baton Rouge,LA,70808,,(225) 335-5455,http://www.injectstudio.com,,
118250873,Inject Zen at The Zen Med Spa,42.54776971,-70.97981163,8 Bourbon St. 1A,,Peabody,MA,01960,,(978) 896-6593,,,
118253435,Injection Fix and Wellness LLC,35.14284576,-101.88313167,4168 Business Park Dr,,Amarillo,TX,79110,,(806) 690-7192,http://tanyateel.glossgenius.com,,
118252699,Injectology Aesthetics,39.14930000,-121.62095000,1408 Live Oak Blvd,,Yuba City,CA,95991,,(530) 822-6105,http://injectologyaesthetics.com,,
118252238,Injectology2,32.27605288,-95.33821562,6713 Old Jackson HWY Syite 106,,Tyler,TX,75703,,(888) 979-7864,http://Injectology2.glossgenius.com,,
118252237,Injectology2,32.27605288,-95.33821562,6713 Old Jackson HWY Syite 106,,Tyler,TX,75703,,(888) 979-7864,http://Injectology2.glossgenius.com,,
118251877,Injx Bar,33.71335524,-112.27881840,10200 W Happy Valley Parkway,,Peoria,AZ,85383,,(480) 737-5076,http://Injxbar.com,,
118252201,Injx Bar Aesthetics & Wellness,33.71348300,-112.27880300,10200 W Happy Valley Pkwy suite 125,,Peoria,AZ,85383,,(480) 737-5076,http://Injxbar.com,,
118253140,Innovation Beauty,29.47048285,-95.08415579,1535 W FM 646,,League City,TX,77573,,(281) 967-1609,http://innovationbeautylc.com,,
118252452,Innovative Directions in Health,44.86637351,-93.32971529,"7550 France Avenue South, Suite 215",,Edina,MN,55435,,(952) 922-2345,http://idinhealth.com,,
118250949,Inside Out Skincare,33.36685467,-111.78921832,963 N Gilbert Rd. South Building Suite 7,,Gilbert,AZ,85234,,(928) 814-9004,http://linktr.ee/insideoutskincare?utm_source=linktree_profile_share&ltsid=11926210-9d50-4b2a-872b-666cb2279aaa,,
118253469,Inspired Skin Care,30.40911000,-91.06974200,10226 Jefferson Hwy,,Baton Rouge,LA,70809,,(225) 776-1999,,,
118251547,Inspired Skin Care,30.40900498,-91.06974149,10226 Jefferson Hwy Suite 101,,Baton Rouge,LA,70809,,(225) 776-1999,,,
118252253,Integrated Concierge,30.43744987,-90.08661476,201 Holiday Blvd Suite 100,,Covington,LA,70433,,(985) 322-3005,,,
118252545,Integrative Behavioral Care,40.71296670,-74.35281218,33 Overlook Road - Suite #210,,Summit,NJ,07902,,(908) 522-6617,http://Www.ibcnj.com,,
118253159,Integrative Health,46.37575982,-116.97019165,3510 12th Street,,Lewiston,ID,83501,,(120) 879-9333,http://ihmedspa.com/,,
118253738,Integrative Skin and Body,39.36194340,-84.28169455,"5378 Cox-Smith Rd, Suite D",,Mason,OH,45040,,(513) 515-3687,http://www.vagaro.com/integrativeskinandbodyllc,,
118251028,Integrative Skin Center,40.81276687,-74.22081216,33 Plymouth Street - Academy Square - Suite 102,,Montclair,NJ,07042,,(973) 585-4099,http://www.integrativeskincenter.com,,
118250823,INTERLOCKS MedSpa,42.81247014,-70.87311161,58 Merrimac Street,,Newburyport,MA,01950,,(978) 465-3010,http://www.interlockssalon.com,,
118252546,Internal Medicine and Geriatrics Practice,40.88336698,-74.14751215,1414 Main Ave,,Clifton,NJ,07011,,(973) 253-6000,,,
118251954,Intown Smile Studio MedSpa,33.78005535,-84.38801383,"950 W PEACHTREE ST NW, STE 245",,Atlanta,GA,30309,,(404) 381-8586,http://intownsmilestudio.com/services/facial-aesthetics/,,
118252859,Inverness Dermatology and Laser,33.41555475,-86.70341421,250 Inverness Center Drive,,Hoover,AL,35242,,(205) 995-5575,http://invernessderm.com,,
118252548,Iorio Plastic Surgery,40.36426661,-74.14812149,101 Crawfords Corner Road,,Holmdel,NJ,07733,,(732) 780-9191,http://Www.iorioplasticsurgery.com,,
118251981,Isabelle McLeod Aesthetics,37.79086192,-122.43420060,2500 Clay St,,San Francisco,CA,94115,,(415) 623-6461,http://www.isabellemcleod.com,,
118253025,Issa Selflove Oasis,25.65704204,-80.42441318,14221 sw 120th st suite 106,,Miami,FL,33186,,(786) 405-9246,http://issaselfloveoasis.glossgenius.com,,
118251118,It Aesthetix,40.32296607,-74.07151214,535 Sycamore Ave,,Shrewsbury,NJ,07702,,(848) 243-8802,http://Itaesthetix.com,,
118253677,It is Well Health & Wellness,33.82465300,-78.67714800,601 Main St,,North Myrtle Beach,SC,29582,,(843) 825-8222,http://itiswellmed.com,,
118252306,It is Well Healthcare,33.91275556,-84.83921390,105 Village Walk Suite 277,,Dallas,GA,30132,,(770) 800-6780,http://itiswellhealthcare.com/,,
118252395,Iuvenis Aesthetics,38.73143200,-87.68654200,406 15th Street,,Lawrenceville,IL,62439,,(618) 354-0357,http://www.iuvenisaesthetics.com,,
118253107,Iuvenis Aesthetics,38.74463479,-88.07551443,1102 N. East St,,Olney,IL,62450,,(618) 354-0357,http://iuvenisaesthetics.com,,
118251622,Iuvenis Aesthetics,38.74442299,-88.07555497,1102 N East Street,,Olney,IL,62450,,(618) 354-0357,http://www.iuvenisaesthetics.com/,,
118253134,Ivy & Jade Medical Aesthetics,42.09409690,-111.87806183,41 W 1st S,,Preston,ID,83263,,,http://www.ivyjadeaesthetics.com/,,
118252870,Ivy Garden Infusion Lounge PLLC,34.82071571,-102.40254168,709 Main St,,Hereford,TX,79045,,(806) 454-9370,http://theivygardeninfusionlounge.com,,
118252782,J Marie Skin Studio,40.13406576,-105.10311722,1125 Neon Forest Cir #100,,Longmont,CO,80504,,(303) 641-8670,http://jmarieskinstudio.com,,
118253670,J Spot Wellness,39.94601300,-75.17840100,501 S 22nd Street,,Philadelphia,PA,19146,,(215) 437-7300,http://www.jspotwellness.com,,
118252915,"Jack Peterson, MD",39.05663990,-95.69541568,"631 SW Horne St, Suite #400",,Topeka,KS,66606,,(785) 330-9888,http://drjackpeterson.com,,
118251601,JADE | Restorative Skincare,39.53686478,-104.88831718,"8683 E Lincoln Avenue, Suite 100 (Inside of Beauty Lounge Denver)",,Lone Tree,CO,80124,,(303) 941-2008,http://www.beautyloungedenver.com,,
118252771,JADE FACE AND BODY,19.72443232,-155.08752541,190 Keawe St. Unit 30,,Hilo,HI,96720,,(808) 304-1913,http://jadefacebody.com,,
118253428,Jade MedSpa,32.42498531,-93.72231154,8600 Fern Ave,,Shreveport,LA,71105,,(318) 213-1772,http://wallcenter.com,,
118251170,Jadwig Skin Care,40.84766692,-74.22921216,420 Pompton Ave,,Cedar Grove,NJ,07009,,(973) 933-6614,http://jadwigskincare.com,,
118251428,Jai of Beverly Hills,34.05315579,-118.41781940,10309 Lauriston Ave,,Los Angeles,CA,90025,,(310) 201-0586,http://Www.Jaiofbeverlyhills.com,,
118252161,JaLaine Aesthetics and Wellness,30.36468800,-95.61510200,"16495 SH 105 E, Suite A",,Montgomery,TX,77356,,(832) 699-1237,http://www.jalaineaesthetics.com,,
118252638,Jalaja Medi Spa,32.21360528,-90.15195148,1201 US 49. Suite 16,,Richland,MS,39218,,(601) 203-2186,http://Jalajamedispa.com,,
118253662,Jalalabadi Plastic Surgery,34.06928400,-118.40544300,"433 N Camden Dr, Floor 11, Suite 1177",,Beverly Hills,CA,90210,,(310) 620-2111,http://www.jalalabadiplasticsurgery.com,,
118251373,"Jane Olson, MD",30.37334976,-91.10091493,8440 Bluebonnet Blvd Suite B,,Baton Rouge,LA,70810,,(225) 766-0005,http://Doctorjaneolson.com,,
118252709,JC Glow Medspa,38.36518200,-121.95712000,311 Nut Tree Rd Suite A,,Vacaville,CA,95687,,(707) 470-7355,http://jc-glow.com,,
118252821,JC Total Health,38.59336323,-92.23715112,"3207 W Truman Blvd, Suite A",,Jefferson City,MO,65109,,(573) 298-6855,http://jctotalhealth.com,,
118253253,Jected by Josie,40.70646669,-74.00771213,70 Pine St,,New York,NY,10005,,(770) 630-3624,http://jectedbyjosie.com,,
118253405,Jen Holliday Aesthetics,26.63710436,-81.87560134,1853 Victoria Ave,,Ft Myers,FL,33901,,(239) 299-6369,http://www.jenhollidayaesthetics.glossgenius.com,,
118251908,Jen Woodburn,37.82318900,-121.99785500,306 Diablo Road,,Danville,CA,94526,,(925) 575-7013,http://www.jenwoodburn.com,,
118252652,Jenesys Aesthetics,38.74396348,-121.20191986,"5290 Douglas Blvd, Suite 103",,Granite Bay,CA,95746,,(916) 250-8950,http://jenesysaesthetics.com,,
118250717,Jennifer Kendall NP Medical Aesthetics & Wellness Infusions,42.05376890,-71.34091169,513 South St. Suite 202,,Wrentham,MA,02093,,(508) 560-3688,http://www.jenniferkendallnp.com,,
118250848,Jennifer Rae Esthetics LLC,35.29974000,-111.55692800,11105 N Lupine Ln,,Flagstaff,AZ,86004,,(480) 216-7681,,,
118252744,Jenny Luu Skin Care,38.96363838,-77.08741263,"5480 Wisconsin Ave., Suite LL6",,Chevy Chase,MD,20815,,(301) 533-7546,,,
118251909,JessAnne Aesthetics L.L.C.,29.55414842,-98.67081617,11851 Bandera rd #115,,San Antonio,TX,78023,,(432) 638-0642,http://jessanneguzman.glossgenius.com/,,
118251583,Jessthetics Skincare,39.51558647,-119.85956196,9610 S. McCarran Blvd. Suite 13,,Reno,NV,89523,,(775) 830-5958,http://WWW.JESSTHETICSSKINCARE.COM,,
118251179,Jestheva Aesthetics,26.14494284,-81.78971340,"1333 3RD AVE S, SUITE 307, RM 9",,Naples,FL,34102,,(813) 230-2219,http://jesthevaaesthetics.com,,
118251962,Jeuje Aesthetics,37.72236180,-97.22821593,9449 E 21st st suite 200,,Wichita,KS,67206,,(316) 352-7126,http://Jeujeaesthetics.com,,
118251479,JHA Skincare & Aesthetics,41.18046747,-112.06171836,"3384 W 4600 S, Suite 3",,West Haven,UT,84401,,3174060,http://www.jhaskincare.com,,
118251091,Jilan Wise Aesthetics,35.99895898,-115.10118858,10624 S Eastern Ave,,Henderson,NV,89074,,(541) 515-2767,http://www.jilanwiseaesthetics.com,,
118252760,"Jmarie Skin Studio, LLC",40.13406576,-105.10311722,"1125 Neon Forest Circle, Suite 100",,Longmont,CO,80504,,(303) 641-8670,http://Www.jmarieskinstudio.com,,
118251200,John L. LeRoy M.D. Cosmetic & Plastic Surgery,33.91035556,-84.35021382,"5673 Peachtree Dunwoody Rd., NE Suite 375",,Atlanta,GA,30342,,(404) 843-0840,http://johnleroymd.com/,,
118252899,Johnson County Dermatology,38.85426366,-94.82081554,151 W 151st St,,Olathe,KS,66061,,(913) 764-1125,http://Www.jocoderm.com,,
118251764,Johnson Dermatology,35.27205779,-94.36911546,5921 Riley Park Drive,,Fort Smith,AR,72916,,(479) 649-3376,http://www.johnsondermatology.com,,
118251542,Joia Skin,28.47154665,-81.36831333,"6021 S. Orange Avenue, Suite B",,Orlando,FL,32809,,(407) 504-2920,http://joiaskin.com/,,
118252793,Jolie Kristine Budau,32.96035400,-117.26461921,1555 Camino Del Mar Unit#203 space 28,,Del Mar,CA,92014,,(858) 888-3018,http://www.joliekristinebudau.com,,
118250952,Jolie Wellness Med Spa,29.72037600,-95.49935900,6666 Harwin Dr Suite 280,,Houston,TX,77036,,(832) 930-7018,,,
118251603,Joon Aesthetics Bar,30.52065001,-97.82041603,715 Discovery Blvd Suite #111,,Cedar Park,TX,78613,,(512) 643-3606,http://joonaestheticsbar.com,,
118253576,Joon Medical Spa,30.22424300,-95.53980500,4849 FM 1488 Ste 300,,Magnolia,TX,77354,,(832) 335-5282,http://joonmed.com,,
118250815,"Jordyn Brown, The Arkansas Esthetician",35.36920800,-94.38748200,"4034 Rogers Avenue, STE. D",,Fort Smith,AR,72903,,(479) 207-1369,,,
118251834,Joseph A Russo MD Cosmetic Center,42.31926934,-71.19311664,575 Boylston St.,,Newton Center,MA,02459,,,http://josephrussomd.com,,
118251641,Josephines Day Spa &Salon,29.76714900,-95.62312100,1127 Eldridge Parkway 1008,,houston,TX,77077,,(281) 870-0083,http://josephinesdayspa.com,,
118250729,Joslin Medica Spa,30.64028300,-97.68995500,"100 River Hills Drive, Suite 100",,Georgetown,TX,78628,,(512) 341-2800,http://www.Joslinmedicalspa.com,,
118251030,Joslin Medical Spa by Thompson Plastic Surgery,30.64050201,-97.68991601,"100 River Hills Drive, Suite #100",,Georgetown,TX,78628,,(512) 341-2800,http://Joslinmedicalspa.com,,
118253409,Journey Wellness & Spa,38.92750638,-94.70078155,9906 College Blvd,,Overland Park,KS,66210,,(913) 415-7791,http://journeywellnessspa.com,,
118253297,Joven Aesthetics,40.89367000,-74.47212202,16 Pocono Rd STE 217,,Denville,NJ,07834,,(973) 557-1255,http://jovenmedicalaesthetics.com,,
118253622,JP AESTHETICS Jacqueline Peterson Aesthetics,44.96629500,-93.34905000,1675 Park Place Blvd Suite #7,,St. Louis Park,MN,55426,,(612) 408-7698,http://Www.jacquelinepetersonskincare.com,,
118253336,JP Beauty Aesthetics,40.65683000,-74.30863400,19 Holly St Suite 13,,Cranford,NJ,07016,,(908) 333-2966,http://jpbeautyaesthetics.com/,,
118251796,JR Skinnovation inside of Sculpt Aesthetic Center,33.11365425,-96.80591586,4109 Preston Rd,,Frisco,TX,75034,,(214) 601-4178,http://www.jrskinnovationspa.com/,,
118251270,JTAV clinical skincare,40.76471800,-73.96994300,"29 e 61st St, Fl 2",,NY,NY,10065,,(212) 755-1155,http://Jtavclinicalskincare.com,,
118253394,Judy Kim Aesthetics,38.90909600,-77.25634700,450 Maple Ave East Suite 210,,Vienna,VA,22180,,(703) 966-2608,http://judykimaesthetics.glossgenius.com/,,
118251109,juju skinlove,40.31286605,-111.70951830,560 w 800 n suite #122,,Orem,UT,84097,,(208) 709-5638,http://www.jujuskinlove.wixsite.com/juju,,
118253048,Julie Barker Skincare,34.15435596,-99.28416267,1609 Main St,,Vernon,TX,76384,,(940) 886-6470,http://skincare.skincaretherapy.net,,
118253444,Juliet Beauty Injectables,32.35243530,-89.66727147,5136 Hwy 80,,Morton,MS,39117,,(601) 940-2999,,,
118250927,June Beauty Lab,42.86444100,-109.85853300,225 S Sublette Ave,,Pinedale,WY,82941,,(307) 228-5863,http://www.junebeautylab.com,,
118252063,JUNO,39.22791800,-84.32349800,9471 Loveland Madeira road,,Cincinnati,OH,45242,,(513) 640-2684,http://Www.thejunomedspa.com,,
118252294,Juno Medspa,39.22791800,-84.32349800,9471 Loveland Madeira road,,Cincinnati,OH,45242,,(513) 640-2684,http://Www.thejunomedspa.com,,
118251165,Just Aesthetic Nursin,40.56886647,-75.54661238,4536 Hamilton Blvd,,Allentown,PA,18103,,(610) 400-5100,http://justaestheticnursing.com,,
118251166,Just Aesthetic Nursing,40.56886647,-75.54661238,4536 Hamilton Blvd,,Allentown,PA,18103,,(610) 400-5100,http://justaestheticnursing.com,,
118253109,Just Glo,38.74516348,-90.65141485,5291 5th St,,Cottleville,MO,63304,,(314) 308-7478,http://justglonetwork.com,,
118251418,Just Peachie Wellness,28.88084732,-96.99615892,104 Broadmoor St suite 300,,Victoria,TX,77905,,(361) 894-2244,http://www.justpeachiewellness.com,,
118252843,Just Peachie Wellness,28.81404721,-96.98915891,1412 East Red River Street,,victoria,TX,77901,,(361) 894-2244,http://justpeachiewellness.com/,,
118251453,Just Peachy Esthetics,42.60236980,-87.84851439,"3203 Washington Road, Suite C",,Kenosha,WI,53144,,(262) 383-6167,,,
118253141,Just Refreshed Aesthetics,40.30266032,-76.84412590,"2553 Brindle Drive, Suite 20",,Harrisburg,PA,17110,,(717) 884-8083,http://www.justrefreshedaesthetics.com,,
118250991,Juve Skin Care,36.08695912,-114.93081883,101 Via Vin Santo,,Henderson,NV,89011,,(702) 333-5229,http://www.vagaro.com/juveskincare,,
118251911,K Spence Aesthetics,33.06525417,-117.30421922,919 Neptune Ave,,Encinitas,CA,92024,,(760) 216-3033,http://www.kristaspence.com,,
118253733,Kaga Institute,39.63813684,-74.69732722,555 NJ-18,,"East Brunswick, NJ 08816",NJ,08816,,(732) 719-2001,http://drkaga.com/,,
118251103,KAHT Beauty LV,36.11416100,-115.09130900,4180 S Sandhill Rd,,Las Vegas,NV,89121,,(702) 301-2154,,,
118251752,Kaitlyn Blackburn Esthetics,38.27996272,-112.60021845,2094 E Spring Dr,,Beaver,UT,84713,,(435) 421-4096,,,
118253391,Kallos ReDefined,41.18069800,-96.04654000,"8610 Brentwood Drive, Suite #4",,La Vista,NE,68128,,(402) 407-0777,http://www.kallos-redefined.square.site,,
118251446,Kalon Clinic,30.50291000,-90.74118800,14098 Florida Blvd Suite Cc,,Livingston,LA,70754,,(225) 686-6305,http://Kalonclinic.com,,
118251490,Kalon Medical Spa,41.72368360,-72.58101189,221 Addison Road suite 104,,Glastonbury,CT,06033,,(860) 800-2808,http://kalonmedspa.com,,
118253110,Kanvas by Kristen,36.78096026,-90.42631482,2445 N. Westwood Blvd,,Poplar Bluff,MO,63901,,(573) 714-3556,http://kanvasbykristen.com/contact,,
118250735,Karen Barbalace Aesthetics,35.20374800,-97.46617400,1636 West Lindsey St,,Norman,OK,73069,,(405) 351-1585,http://www.karenbaesthetics.com,,
118252807,Karina Miller Aesthetics,40.77816681,-73.97981212,"133 w 72nd St, #604",,New York,NY,10023,,(646) 784-2041,,,
118251313,Karlee Lauren Aesthetics,26.60722100,-81.80954700,9345 Ben C Pratt Six Mile Cypress Pkwy Unit 130 Suite 12,,Fort Myers,FL,33966,,,http://www.karleelaurenaesthetics.com,,
118251580,Karli Jillian and esthetics,42.70956998,-73.86401210,"1 Pine West Plaza, suite 113",,Albany,NY,12205,,(917) 974-0125,,,
118252721,Kat Eyes Aesthetics,34.75556944,-92.34231513,"6105 Father Tribou Street, Suite 4",,Little Rock,AR,72205,,(501) 291-1625,http://www.kateyesesthetics.com,,
118251647,KayDee Reanne Esthetics,47.65190400,-117.40575500,351 E. 5th Ave,,Spokane,WA,99202,,(509) 449-3963,http://www.kdreanneesthetics.com,,
118251100,KC Advanced Aesthetics,46.00787538,-123.90052030,2214 Middlefork Circle,,Seaside,OR,97138,,(503) 440-1993,http://kimclarkskin.com,,
118253392,KC Health Solutions,38.85691637,-94.79716155,1817 S Ridgeview Rd,,Olathe,KS,66062,,(913) 709-7422,http://www.kchealthsolutions.com,,
118253145,KC Wellness And Spa,27.85545638,-82.33813490,10036 Water Works Lane,,Riverview,FL,33578,,(813) 308-2335,,,
118252817,Keenly Crafted Aesthetics,43.65757153,-116.26351905,"5995 W. State Street, Suite C",,Boise,ID,83703,,(208) 370-8383,http://www.keenlycrafted.co,,
118252243,Kelly Lynn Aesthetics,44.81291500,-93.21743200,"4040 Eagan Outlets Parkway, STE 20",,Eagan,MN,55122,,(612) 790-7045,http://www.kellylynnaesthetics.com,,
118253480,Kelly's Laser Aesthetics,30.40587000,-91.08158800,4750 Bluebonnet Blvd Suite A,,Baton Rouge,LA,70809,,(225) 936-3789,http://www.kellyslaseraesthetics.com,,
118251572,Kellys Laser Aesthetics,30.40584982,-91.08151492,"4750 Bluebonnet Blvd, Suite A",,Baton Rouge,LA,70809,,(225) 936-3789,http://Www.kellyslaseraesthetics.com,,
118252188,Kept & Co.,35.19601628,-80.87167431,The Platform Suite 104 3232 South Blvd,,Charlotte,NC,28209,,(704) 900 5111,http://www.keptandco.com,,
118252208,Keziah X Beauty,27.93772264,-82.25456191,"1943 East Brandon Blvd., Suite 404",,Valrico,FL,33594,,(813) 293-5925,http://keziahxbeauty.as.me,,
118252863,KG Bare Skin,26.15831900,-81.78987400,"720 Goodlette-Frank Rd N, Suite 300",,Naples,FL,34102,,(239) 228-6924,http://kgbareskin.com,,
118251895,Kimtox Skin Studio,34.76615696,-92.38561514,"10020 Rodney Parham Rd., Suite C",,Little Rock,AR,72227,,(501) 910-9522,http://Linktr.ee/kimtoxskinstudio,,
118252104,Kin and Kin Aesthetics and Wellness,34.16826300,-84.12531600,1455 Haw Creek Cir E Suite 603,,Cumming,GA,30041,,(770) 415-2515,http://www.kandkaesthetics.com,,
118251548,King Skin Health,26.54964350,-80.07541312,1034 Gateway Blvd #102,,Boynton Beach,FL,33426,,,,,
118251478,Kingwood Skin Essentials,30.04922200,-95.24033700,350 Kingwood Dr Suite 310,,Kingwood,TX,77339,,(832) 777-6846,http://kingwoodskinessentials.com/,,
118252265,Kintsu Med Spa,37.90326210,-122.27772003,303 Arlington Ave,,Berkeley,CA,94707,,(510) 898-1254,http://Www.kintsuspa.com,,
118252266,Kintsu Med Spa Davis,38.56356318,-121.73021994,1736 Picasso Ave Suite C,,Davis,CA,95618,,(530) 500-0795,http://Www.kintsuspa.com,,
118252751,Kiss Aesthetics,30.12604936,-95.43281564,606 Rayford Road D,,Spring,TX,77386,,(281) 560-3955,http://kissaestheticstx.com,,
118252015,KIVA MedSpa & IV Lounge,28.54246765,-81.36813331,"17 N. Summerlin Avenue, Suite 100",,Orlando,FL,32801,,(407) 410-3847,http://kivamedspa.com/,,
118251600,Klar Skin & Medical Spa,43.00482200,-88.80760400,125 S. Main Street,,Jefferson,WI,53549,,(262) 716-4476,http://www.klarskinspa.com,,
118253382,KM Aesthetics,39.74318651,-104.97956172,620 E 17th Avenue,,Denver,CO,80203,,(720) 883-6041,http://www.highaltitudeskin.com,,
118253111,Knockout Aesthetics,38.70386341,-91.43814981,408 Market St,,Hermann,MO,65041,,(573) 777-0908,http://knockoutmedspa.com,,
118251492,Knockout Beauty Bar,42.39086945,-71.56971173,18 Washington St.,,Hudson,MA,01749,,(978) 875-1453,http://linktr.ee/Knockout_Beauty_Bar,,
118253237,Known Aesthetics,40.64366590,-80.06713118,12982 Perry Highway Suite C,,Wexford,PA,15090,,(724) 900-9934,http://www.knownaesthetics.com,,
118251936,Known Aesthetics,40.64306659,-80.06741312,12982 Perry Hwy. - Suite C,,Wexford,PA,15090,,(724) 900-9934,http://Knownaesthetics.com,,
118252942,Koch & Carlisle Plastic Surgery,41.55986809,-93.76801536,"4855 Mills Civic Pkwy, #100",,Des Moines,IA,50265,,(515) 277-5555,http://www.kochandcarlisle.com,,
118252002,Koniver Aesthetics,32.80945376,-80.02951311,1470 Tobias Gadson Blvd Suite 100A,,Charleston,SC,29407,,(843) 405-5906,http://www.koniveraesthetics.com,,
118253274,Kristina Kushner Aesthetics,47.61489900,-122.17955700,"606 120th Ave. NE, Suite D204",,Bellevue,WA,98005,,(425) 559-8918,http://www.vagaro.com/kristinakushneraesthetics,,
118253024,KSL SKIN,25.69844210,-80.28551315,7800 SW 57TH AVE #302-D,,Miami,FL,33143,,(786) 863-7402,http://www.kslskin.com,,
118252055,KSL Skin,25.68040800,-80.31689800,"9700 South Dixie Highway, #830",,Miami,FL,33156,,,http://www.kslskin.com,,
118251539,KT Aesthetics + Beauty,34.29061100,-92.10005300,9810 Dollarway Rd. Ste. 102,,White Hall,AR,71602,,(870) 540-7282,http://Ktaestheticsandbeauty.com,,
118251340,KT Aesthetics and Beauty,34.28965618,-92.10051509,9810 Dollawrway Rd. Ste 102,,White Hall,AR,71602,,,http://ktaestheticsandbeauty.com/,,
118251431,KT SKIN,29.65195800,-95.19695000,"1001 Fairmont Pkwy, Suite E",,Pasadena,TX,77504,,(832) 514-9520,http://www.vagaro.com/us04/ktskin,,
118250724,Kumi Laser & Medspa,29.78644880,-95.74541569,21788 Katy Freeway 600,,Katy,TX,77449,,(281) 206-7570,http://www.kumimedspa.com/,,
118253520,Kurate Aesthetics,41.20067600,-85.13180000,"12730 Coldwater Road, Suite 103",,Fort Wayne,IN,46845,,(260) 437-2803,http://kurateaesthetics.com,,
118253534,Kurate Aesthetics,41.20067600,-85.13180000,"12730 Coldwater Road, Suite 103",,Fort Wayne,IN,46845,,(260) 437-2803,http://kurateaesthetics.com,,
118251039,Kutis Medical Aesthetics,36.03615904,-115.03401885,98 Corporate Park Dr,,Henderson,NV,89074,,(702) 779-3790,http://www.kutismedicalaesthetics.com,,
118251454,KW Skin,40.74416000,-89.57322300,1312 E. Duryea Avenue,,Peoria Heights,IL,61616,,(309) 678-7450,http://www.kwskin.com/,,
118253214,KYRASKIN Aesthetics & Acne Specialists,40.57366476,-75.52012373,1040 s Cedar Crest Blvd.,,Allentown,PA,18103,,(484) 763-0395,http://kyraskinmedspa.com,,
118251014,L Wellness,40.66736663,-75.38191235,81 Highland Avenue - Suite 240,,Bethlehem,PA,18017,,(610) 936-9155,http://www.lwellness.com,,
118251411,L. Spa,27.33134478,-82.53913523,"556 S Pineapple Ave, Suite C",,Sarasota,FL,34236,,(941) 906-1358,http://lspasarasota.com/,,
118252600,L.O. Aesthetic Studio,38.16406253,-92.60799152,"3738 Osage Beach Pkwy, Suite 102",,Osage Beach,MO,65049,,(573) 587-7412,http://linktr.ee/loaestheticstudio,,
118252693,L'io Beauty and Wellness,42.19437700,-73.36176600,287 Main Street,,Great Barrington,MA,01230,,(413) 296-8363,http://liobeautyandwellness.com,,
118251477,LA BEAUTé LOUNGE,36.33588000,-94.19250100,"1401 Se Walton Blvd, Suite 209",,Bentonville,AR,72712,,(479) 321-1247,http://www.labeautelounge.com,,
118252458,La Bella Skin & Wellness,33.49215487,-86.70421421,"4510 Overton Road, Suite 110",,Birmingham,AL,35210,,(205) 994-8906,http://www.labellabirmingham.com,,
118253575,La Belle MD Aesthetics,30.02819000,-95.47416000,4201 Cypress Creek Parkway Unit 447,,Houston,TX,77068,,(832) 244-8107,http://www.labellemdaesthetics.com,,
118253621,La Belle Vie Aesthetics,26.54490800,-81.86901200,13711 S Tamiami Trail #3 Suite 14,,Ft Myers,FL,33912,,(509) 251-1136,http://www.labellevieaesthetics.com,,
118252284,La Boussole Medical Spa and Wellness Center,37.07636075,-94.58711550,5594 West Junge Blvd,,Joplin,MO,64804,,(417) 434-4449,http://Laboussolejoplin.com,,
118251115,La Fleur Aesthetics,35.65058410,-78.83312916,314 Raleigh St.,,Holly Springs,NC,27540,,(919) 899-1443,http://www.lafleuraesthetics.com,,
118250818,LA JOLLA SKIN STUDIO,32.84865382,-117.27081921,"1295 Prospect St., Suite 109",,La Jolla,CA,92037,,(858) 247-7434,http://www.lajollaskinstudio.com,,
118251878,La Lumiere Esthetique,32.87825387,-96.71571585,"9850 Walnut Hill Lane Suite 227, #30",,Dallas,TX,75238,,(214) 529-2640,http://Lalumiereesthetiques.com,,
118251807,La Lumiere Esthetiques,32.87825387,-96.71581585,"9850 Walnut Hill Lane Ste. 277, #30",,Dallas,TX,75238,,(214) 529-2640,http://Www.lalumiereesthetiques.com,,
118252792,La Medspa,32.34125299,-86.17291412,7123 Halcyon Park Drive,,Montgomery,AL,36117,,(334) 676-2555,http://www.LaMedspaMontgomery.com,,
118252791,La Medspa,32.34125299,-86.17291412,7123 Halcyon Park Drive,,Montgomery,AL,36117,,(334) 425-3711,http://www.LaMedspaMontgomery.com,,
118252790,La Medspa,32.34125299,-86.17291412,7123 Halcyon Park Drive,,Montgomery,AL,36117,,(334) 676-2555,http://www.LaMedspaontgomery.com,,
118251287,La Piel Clinic,45.42727443,-122.74962011,7000 SW Hampton St. Ste. 217,,Tigard,OR,97223,,(503) 597-8868,http://www.lapielclinic.com,,
118252711,LA Skin Lab,32.62955346,-85.45691400,"2298 E. University Drive, Ste A-202",,Auburn,AL,36830,,(334) 737-9882,http://www.laskinlab.com,,
118250682,La Tana Beauty,48.28007910,-116.56261910,722 N Ella Ave,,Sandpoint,ID,83864,,(970) 420-7589,http://www.samato.glossgenius.com,,
118251986,La Vie MD,37.81976196,-121.99719988,390 Railroad Ave #100,,Danville,CA,94526,,(833) 528-4310,http://laviemd.us,,
118252702,La Vie MD,37.23495700,-121.97757100,652 N Santa Cruz Ave Suite A,,Los Gatos,CA,95030,,(833) 528-4310,http://laviemd.us,,
118252326,La Vraie Beaute - Boerne,29.78748804,-98.72861618,609 South Main Street,,Boerne,TX,78006,,(210) 687-1110,http://www.lvbsa.com,,
118252327,La Vraie Beaute - San Antonio,29.50684834,-98.46661613,"7979 Broadway, Suite 101",,San Antonio,TX,78209,,(210) 688-4106,http://www.lvbsa.com,,
118251094,Labella Aesthetics,34.87825714,-83.40213665,91 E. Savannah Stree,,Clayton,GA,30525,,(706) 949-1089,,,
118253174,LAC Aesthetics,37.31061130,-120.46197376,2822 G Street,,Merced,CA,95340,,(209) 930-0018,http://Lacaesthetics.org,,
118252380,Ladner Plastic Surgery,39.62389600,-104.89360500,"Central Tower, 8200 E Belleview Avenue, STE 320c",,Greenwood Village,CO,80111,,(719) 259-7138,http://Www.drkeithladner.com,,
118253113,Ladue Medical Spa,38.67366336,-90.44401482,845 N. New Ballas Ct #105,,Creve Coeur,MO,63141,,(314) 705-3539,http://laduemedspa.com,,
118251175,LaHaye Skin Care,29.78554880,-90.82161488,100 Pecan Street,,Thibodaux,LA,70301,,(985) 414-2640,http://www.lahayeskincare.com,,
118251430,Lahey Medical Center for Cosmetic and Laser Surgery,42.42246950,-71.23401167,16 Hayden Ave,,Lexington,MA,02421,,(877) 867-0707,,,
118252031,Lajori's Beauty Bar & Spa,33.54405496,-84.22151380,4340 N. Henry Blvd Suite 210,,Stockbridge,GA,30281,,(404) 882-2405,http://www.lajorisbeauty.com,,
118252601,Lake Medical Spa,38.09486241,-92.68515186,985 Executive Dr,,Osage Beach,MO,65065,,(573) 348-3882,http://lakemedicalspa.com/,,
118250798,Lake Murray Aesthetics,34.13846100,-81.31774200,279 Chapin Rd.,,Chapin,SC,29016,,(803) 575-8645,http://www.lakemurrayaesthetics.com,,
118253002,Lakecrest Aesthetics,32.43619531,-97.79471602,608 South Morgan Street,,Granbury,TX,76048,,(817) 579-5476,,,
118251702,Lakes Area Cosmetic Bar,46.35857595,-94.21781544,424 James St Suite 1,,Brainerd,MN,56401,,(218) 341-0037,http://lakesareacosmeticbar.com/,,
118250950,"Lakeside Integrative, PLLC",36.02259400,-79.97537400,2205 Eastchester Drive Suite 103,,High Point,NC,27265,,(336) 715-0007,,,
118253316,Lakewood Ranch Plastic Surgery,27.38744872,-82.44391351,6274 Lake Osprey Drive,,Lakewood Ranch,FL,34202,,(941) 500-3350,http://www.drwidmyer.com,,
118253301,Lane Beauty Professional,39.71766800,-104.94795200,3330 E 1st Ave Loft 36,,Cherry Creek,CO,80206,,(720) 518-3225,,,
118253302,Lane Beauty Professional,39.71766800,-104.94795200,3330 E 1st Ave Loft 36,,Cherry Creek,CO,80206,,(720) 158-3225,http://Lanebeautypro.com,,
118251897,Lasala Spa Services,32.25165284,-110.83381816,7459 E Tanque Verde Rd,,Tucson,AZ,85715,,(520) 795-3341,http://www.lasalaspaservices.com,,
118251813,Lasala Spa Services,32.25165284,-110.83381816,7459 E Tanque Verde Rd,,Tucson,AZ,85715,,(520) 795-3341,http://www.LasalaSpaServices.com,,
118251810,Laser Essentials,33.01665409,-96.76581585,1212 Coit Street,,Plano,TX,75075,,(972) 599-0745,http://Laseressentials.net,,
118250765,Laser Med Skin and Vein Clinic,34.03246952,-84.29006567,"10405 Old Alabama Road Con, Suite 201",,Alpharetta,GA,30022,,(678) 990-4900,http://www.lasermedskinclinic.com,,
118252247,Laser Skin & Wellness,26.84154398,-80.09631312,4270 Design Center Dr,,Palm Beach Gardens,FL,33410,,,http://www.laserskinsolutions.com,,
118252248,Laser Skin & Wellness,26.60836600,-80.08926700,4610 S Congress ave #100-A,,Lake worth,FL,33461,,,http://www.laserskinsolutions.com,,
118250720,Laserderm Medispa,42.27516926,-71.73721175,6 Gordon Rd,,Shrewsbury,MA,01545,,(508) 752-7113,,,
118251297,Lasertouch MD,36.33560900,-94.20116300,800 SE Walton,,Bentonville,AR,72712,,(479) 268-4573,http://Www.lasertouchmd.com,,
118251018,Lash and Beauty Bar,37.50416145,-122.48362007,270 Capistrano rd ste 4,,Half Moon Bay,CA,94019,,(650) 518-6937,http://Lashandbeautybarhmb.com,,
118251828,Lash Line Studio Aesthetics,42.38216944,-71.10181165,425 Somerville Avenue,,Somerville,MA,02143,,(617) 313-7800,http://Lashlinestudio.com,,
118251683,Lashing out studio & Level aesthetics,41.46567937,-74.03361213,"318 Bloomimg Grove Tpk, suite 100",,New windsor,NY,12553,,(845) 549-4504,http://levelskincareny.com/,,
118253013,Lasting Impressions Laser,27.76524549,-82.39491350,"101 Flamingo Drive, Suite A",,Apollo Beach,FL,33572,,(813) 645-7502,http://www.lastingimpressionslaser.com,,
118253294,Laura Beauty Center,28.23546261,-82.18413465,5343 6th Street,,Zephyrhills,FL,33524,,(813) 701-9947,http://www.laurabeautycenter.com,,
118252749,Lauren's Aesthetics,39.20816424,-94.64941551,5901 NW 63rd Terr,,Kansas City,MO,64151,,,http://www.laurensaesthetics.info,,
118251931,Lavender & Sage Aesthetics,34.17147600,-97.12515300,300 E Main St suite 5,,Ardmore,OK,73401,,(580) 399-7198,,,
118253714,Lavish Face & Skin Spa,29.65859100,-98.43870800,3011 TPC Parkway Ste 203,,San Antonio,TX,78259,,,,,
118253549,Lavish Grace Wellness Med Spa,27.47105800,-81.45427200,2221 US 27th South,,Sebring,FL,33870,,(863) 592-2981,http://www.lavishgracewellness.com,,
118250912,Lavish Skincare,29.05137100,-95.44506400,"215 Oak Drive South, Suite F",,Lake Jackson,TX,77515,,(979) 583-8049,http://rainiar.glossgenius.com/about,,
118251354,LAZ Skincare,40.73556674,-73.98921212,"32 union square E, suite 912",,NY,NY,10003,,(347) 899-6664,http://Lazskincare.com,,
118252038,Le Parlour NYC Laser Spa,40.74436676,-73.98701212,"245 5th ave , suite 34",,New York,NY,10016,,(347) 387-7195,http://Leparlournyc.com,,
118251610,Le Visage Atelier,33.93013000,-84.33913500,115 Perimeter Center Place Suite 150,,Atlanta,GA,30346,,,http://www.levisageatelier.com,,
118253648,Lean & Lovely Nursing Inc.,33.07044800,-117.06581200,"200 E Via Rancho Pkwy, Ste 135/Studio 206",,Escondido,CA,92025,,(760) 304-1473,http://www.leanandlovelyaesthetics.com,,
118251960,LeClair Aesthetics,37.67583500,-97.43178500,520 S Holland Suite 305,,Wichita,KS,67209,,(316) 518-0063,http://leclairaesthetics.com,,
118252001,Legacy Health & Wellness,35.04325741,-80.98841327,127 Ben Casey Dr. Suite 106,,Fort Mill,SC,29708,,(803) 547-6800,http://www.legacyhealthwellness.com,,
118250867,LehCar Aesthetics,34.14625595,-84.17351379,"634 Peachtree Pkwy., Suite 201",,Cumming,GA,30041,,(678) 773-6117,http://www.LehCarAesthetics.com,,
118253666,"Leif Rogers, MD",34.06741200,-118.40766200,"9735 Wilshire Blvd, PH Suite",,Beverly Hills,CA,90210,,(310) 388-1851,http://www.leifrogersmd.com,,
118252926,Leithauser Skin Institute,44.76187334,-85.65231403,5199 N Royal Drive,,Traverse City,MI,49684,,(231) 486-0230,http://www.tcskinsurgery.com,,
118251590,LeJeune Aesthetic Center,34.84625709,-82.33991349,530 Haywood Road,,Greenville,SC,29607,,(864) 775-5304,http://LeJeuneaesthetics.com,,
118253679,Lemonade Aesthetics Spa & Clinic,39.18997100,-96.60378800,"2505 Anderson Ave, # 104",,Manhattan,KS,66502,,(785) 274-9015,http://www.lemonadeaesthetics.com,,
118253749,Lena Luxe Aesthetics,40.35666120,-80.12313127,"197 Millers Run Road, Suite 220, Suite 9A",,Bridgeville,PA,15017,,(412) 914-3627,http://www.lenaluxeaesthetics.com,,
118253204,Lena Luxe Aesthetics,40.35666120,-80.12313127,"197 Millers Run Road, Suite 220, Suite 9A",,Bridgeville,PA,15017,,(412) 914-3627,http://www.lenaluxeaesthetics.com,,
118251780,Lennox Aesthetics,26.33527900,-80.08865500,1615 S. Federal Hwy,,Boca Raton,FL,33432,,,http://www.lennoxaesthetics.com,,
118251126,Leo Medspa Clinic,41.73486838,-72.70131191,602 New Britain Ave,,Hartford,CT,06106,,(860) 249-0975,http://leoclinic.care/,,
118250945,LetÕs Glow Esthetics in Salon Salon Hair and Spa,40.59318200,-111.83064300,8669 S. Highland Drive,,Sandy,UT,84093,,(801) 201-1119,http://Letsglowesthetics.glossgenius.com,,
118253404,Lev Lounge,40.33058000,-73.98074900,36 Beach Rd Suite 1,,Monmouth Beach,NJ,07750,,(732) 719-8101,http://levlounge.com,,
118252419,Levy Dermatology,35.10165751,-89.85451472,6254 Poplar Ave.,,Memphis,TN,38119,,(901) 624-3333,http://www.levydermatology.com,,
118251536,Lexa Aesthetics,47.20257734,-122.24022003,909 Alder Ave Suite 202,,Sumner,WA,98390,,(253) 378-6942,http://www.lexaaesthetics.com,,
118250833,Lexington Aesthetics Medical Spa,34.00281400,-81.21202300,561 Whiteford Way,,Lexington,SC,29072,,(803) 399-1753,http://www.lexaesthetics.com,,
118251168,LH Spa - Livingston,40.78796683,-74.31361218,250 S Livingston Ave,,Livingston,NJ,07039,,(973) 295-5988,http://Lhspaandrejuvenation.com,,
118251167,LH Spa - Madison,40.75886678,-74.41291219,10-12 Elmer Street,,Madison,NJ,07940,,(973) 295-5991,http://Lhspaandrejuvenation.com,,
118252941,Liberty MD,38.40656293,-96.17971576,708 Commercial St,,Emporia,KS,66801,,(620) 263-3777,http://libertymdemporia.com,,
118252494,Life Sculpt MD,29.78744880,-95.69541568,18300 Katy Freeway suite 565,,Houston,TX,77094,,(281) 717-4003,http://lifesculptmd.com/,,
118253509,Lifetime Skin Care Centers,40.21888659,-85.39104140,401 W McGalliard Rd,,Muncie,IN,47303,,(765) 288-6200,http://www.lifetimeskincarecenters.com,,
118252659,Lift Beauty and Wellness,40.59772665,-124.14766203,1740 Main Street Suite C,,Fortuna,CA,95540,,,http://Liftbeautyandwellness.com,,
118250953,Light and Tight Medical Spa,29.65945500,-95.73483900,9825 Mason RD Suite 245,,RICHMOND,TX,77406,,(832) 930-7018,,,
118253564,Lilivy Aesthetics & Wellness,41.07409673,-85.27215140,9941 Illinois Road,,Fort Wayne,IN,46804,,,http://www.lilivyhealth.com/,,
118252740,Lillie Aesthetics X Vital Skin,39.41776458,-76.45831253,"9722 Belair Road, Unit 3",,Nottingham,MD,21236,,(410) 800-7911,http://www.lilliexvital.com,,
118250906,Lily June Aesthetics,42.74647004,-124.49782040,929 Oregon St.,,Port Orford,OR,97465,,,http://lilyjuneaesthetics.glossgenius.com,,
118252371,Linda Pele Esthetics,42.96147039,-71.48121171,40 South River Rd unit 63,,Bedford,NH,03110,,(603) 557-7852,http://lindapeleesthetics.com,,
118252127,LindyÕs Facial Room,30.22722700,-95.56692000,506 Honea Egypt,,Montgomery,TX,77316,,(936) 320-8191,http://www.vagaro.com/us04/lindysfacialroom,,
118250980,LINDYS FACIAL ROOM,30.26796800,-95.54637200,215 ALLEGRO CT,,MONTGOMERY,TX,77316,,,,,
118252135,Linz Klaire Beauty,31.56035171,-91.40281498,403 main St.,,Natchez,MS,39120,,,,,
118252772,Lisa Blu Beauty,33.61214700,-117.87198700,"366 San Miguel Drive, Suite 300",,Newport Beach,CA,92660,,(760) 831-4293,http://Lisablubeauty.com,,
118250947,Lisa Blu Beauty,33.61214700,-117.87198700,"366 San Miguel Drive, Suite 300",,Newport Beach,CA,92660,,(760) 831-4293,http://Lisablubeauty.com,,
118253222,Lisa Erhard,40.99467166,-76.07112464,6 Brookhill Square South,,Sugarloaf,PA,18249,,(570) 843-9995,http://dermdoxcenters.com/skinsolutions/,,
118252527,Lissome Medspa,40.60456653,-73.97151212,485 Kingshighway,,Brooklyn,NY,11223,,(347) 261-3146,,,
118252211,Lit & Aesthetics Spa,29.99374600,-95.74194500,"15103 Mason Rd Building D1, Suite 107",,Cypress,TX,77443,,(832) 415-9077,http://litaestheticsrn.com,,
118252511,LIV Aesthetics,34.60925670,-98.41851612,1919 W Gore Blvd suite 3,,Lawton,OK,73501,,(580) 695-6708,http://livaestheticsswok.com,,
118251689,Liv for Aesthetics,33.37755469,-111.93691834,209 East Baseline are E201 #4,,Tempe,AZ,85283,,(480) 420-8843,http://Livforaesthetics.glossgenius.com,,
118251940,LIV Medical Spa,35.68105846,-97.50291597,2600 Covell Village Drive,,Edmond,OK,73003,,(405) 888-9293,http://Livmedicalspa.com,,
118251736,Liv Well Aesthetics and Wellness,30.20184948,-92.02911508,913 South College Road Suite 110,,Lafayette,LA,70503,,(337) 237-5008,,,
118253127,Live Hydration Spa,30.22284952,-95.56451566,6402 FM 1488 #1,,Magnolia,TX,77354,,(936) 333-7926,http://locations.livehydrationspa.com/tx/magnolia/1488.html,,
118253439,Lively Wellness & Aesthetics,31.85231522,-102.36498168,608 N Muskingum Ave,,Odessa,TX,79761,,(432) 580-9168,http://doclivelymd.com,,
118252902,LiveWell MD,39.56767604,-104.90230673,8200 S Quebec St Ste A13 and A14,,Centennial,CO,80112,,(720) 775-5939,http://livewellmd.net,,
118253114,LiveWellMD Webster Groves,38.58246321,-90.35891480,8730 Big Bend Blvd,,Webster Groves,MO,63119,,(314) 528-2221,,,
118252092,Livia MedSpa,28.08874100,-82.50249800,"15241 North Dale Mabry Hwy, Suite 26",,Tampa,FL,33618,,(813) 230-2219,http://www.liviamedspa.com,,
118253583,LivWellMD,33.51941000,-117.16502900,27349 Jefferson Ave #209,,Temecula,CA,92590,,(951) 471-2500,http://livewellmd.net/temecula/,,
118253265,Liz Diane Aesthetics,32.74253645,-97.32315946,201 S Calhoun St #125,,Fort Worth,TX,76104,,(682) 231-2047,,,
118251108,Lizii Skincare Studio,36.07359103,-115.11171886,"6362 MCLEOD DR, STE 10",,Las Vegas,NV,89120,,(702) 810-4905,http://www.liziiskincarestudio.com,,
118251229,LJ Aesthetics Medicine,27.78684553,-82.64641354,1535 DR MLK JR ST N,,St. Petersburg,FL,33704,,(727) 201-2471,http://ljaestheticsmed.com,,
118252185,LK Esthetics,45.20121700,-93.35212600,"12725 Riverdale Blvd, Suite 16",,Coon Rapids,MN,55448,,(612) 741-3951,http://www.facebook.com/estheticsbylogann,,
118251855,LOLA - Lake Oswego Laser Aesthetics,45.39877438,-122.73762011,"17704 Jean Way, Suite 101",,Lake Oswego,OR,97035,,(503) 692-1190,http://www.lakegroveent.com,,
118251123,Lola Aesthetics,43.86227186,-70.10421149,42 Mallett Dr. Suite 3,,Freeport,ME,04032,,(207) 494-5652,http://lolaaestheticsme.com/,,
118251820,LoneStar Health & Wellness,33.47152300,-94.06355300,1724 Galleria Oaks Drive,,Texarkana,TX,75503,,(903) 306-0838,http://Lonestarhealthwellness.com,,
118253115,Long Creek Medical and Spa,39.80995652,-88.83924146,2550 S. 70th St.,,Decatur,MO,62521,,(217) 330-0407,http://longcreek-medicalandspa.org,,
118253028,Look Med Spas,38.91196375,-94.64215506,5037 W. 119th St.,,Overland Park,KS,66209,,(913) 286-1561,http://Lookmedspas.com,,
118253029,Look Med Spas,39.02216393,-94.64715507,5417 Johnson Dr.,,Mission,KS,66205,,(913) 286-1488,http://lookmedspas.com,,
118251413,Loren Skin & Body,28.58974684,-81.35913330,"976 N. Orange Avenue, Suite B",,Winter Park,FL,32789,,(407) 795-0304,http://lorenskinbody.com/,,
118253759,Lorton Medical Spa,38.70448918,-77.21019473,7764 Armistead Rd. Suite 240b,,Lorton,VA,22079,,(703) 483-8941,http://www.lortonmedicalspa.com,,
118251755,Lotti Aesthetics and Wellness,41.00178600,-111.90316100,670 W 1275 N STE 102,,Farmington,UT,84025,,(801) 877-1769,http://lottiwellness.com,,
118251990,Lotus & Sage Beauty,38.55076316,-121.46851990,2847 35th St,,Sacramento,CA,95817,,(916) 575-0563,http://lotusandsagebeauty.glossgenius.com,,
118253304,Lotus Health Aesthetics Spa,40.33766089,-74.07712137,46 Newman Springs Rd,,Red Bank,NJ,07701,,(732) 219-8699,http://lotushealthaesthetics.com,,
118250773,Lotus Skin + Brow,34.28127900,-85.16496700,200 Chatillon Rd NE,,Rome,GA,30161,,(706) 802-9898,http://www.Lotusrome.com,,
118252502,Lou Lou Med Spa,35.61858357,-97.57281599,14510 Bogart Parkway,,Oklahoma City,OK,73134,,(405) 774-1989,http://louloumedspa.com,,
118251213,Louisiana Aesthetics and Skin Care,30.30144965,-90.96941490,"16158 Airline Hwy., Suite 102",,Prairieville,LA,70769,,(225) 636-2603,http://louisianaaesthetics.com,,
118251182,Louisiana Aesthetics and Skin Care,30.30144965,-90.96941490,"16158 Airline Hwy., Suite 102",,Prairieville,LA,70769,,(225) 636-2603,http://www.louisianaaesthetics.com,,
118253468,Louisiana Aesthetics and Skincare,30.30144965,-90.96941490,"16158 Airline Hwy, Suite 102",,Prairieville,LA,70769,,(225) 636-2603,http://www.louisianaaesthetics.com,,
118252003,Love Skin By Angie Thomas,35.06645745,-80.77151323,10614 Providence Rd Suite 14,,Charlotte,NC,28277,,(704) 200-0558,http://www.angieloveskin.com,,
118252621,LSB Aesthetics,31.22001300,-85.43118500,2948 Ross Clark Circle,,Dothan,AL,36301,,(334) 699-2011,http://www.lsbaesthetics.com,,
118252056,Luana Beauty Lounge,47.42197770,-120.30901971,201A S. Wenatchee Ave,,Wenatchee,WA,98801,,(509) 607-6056,http://www.luanabeauty.com,,
118252510,Lubbock Plastic Surgery Institute,33.50235489,-101.90371670,10105 Quaker Ave,,Lubbock,TX,79424,,(806) 797-6398,http://lpsitexas.com,,
118251241,Lulu's Beauty Lounge,26.35964319,-81.80651340,26251 S. Tamiami Trl Suite 3,,Bonita Springs,FL,34134,,,,,
118250807,LUM Aesthetics & Skincare,34.11465589,-83.81831373,3740 Village Way Unit C,,Braselton,GA,30517,,(706) 621-7133,http://www.lum-aesthetics.com,,
118251345,Luma Medspa,37.99186225,-85.71514044,155 North Buckman Street,,Shepardsville,KY,40165,,(502) 531-1030,,,
118253574,LUMA SKIN STUDIO,46.20803500,-119.23633600,30 S Louisiana St,,kennewick,WA,99336,,(509) 643-8723,,,
118251434,Lumina Skin Therapy,34.25651302,-118.46775200,10237 1/2 Sepulveda Blvd,,Mission Hills,CA,91345,,(661) 418-2312,http://Www.Luminaskinca.com,,
118253768,Luminara Aesthetics,30.11939800,-95.38000700,"4057 Riley Fuzzel Rd., #700 Spa 2",,spring,TX,77386,,(832) 928-1950,http://www.luminara-aesthetics.com,,
118251927,Luminate Clinic,36.14088800,-95.96609500,1723 E 15th st,,Tulsa,OK,74104,,(918) 340-7090,http://Luminateclinic.com,,
118252079,Luminescence Aesthetics,45.09834500,-93.44721100,7900 Wedgewood Lane N Suite132,,Maple Grove,MN,55327,,(763) 670-3743,http://luminescence-aesthetics-llc.square.site,,
118253594,Luminescence Aesthetics,45.09835300,-93.44721900,7900 Wedgewood Lane N Suite 132,,Maple Grove,MN,55327,,(763) 670-3743,http://luminescence-aesthetics-llc.square.site,,
118252658,Luminescence MedSpa,40.73456674,-96.70111584,"7401 S 15th St, Suite A",,Lincoln,NE,68512,,(402) 413-2094,http://www.luminescencemedspa.com/,,
118252192,Luminous Aesthetics,32.79866700,-80.00791900,1525 Ashley River Rd Suite A,,Charleston,SC,29407,,(484) 788-1443,,,
118253067,Luminous Glow Med Spa,33.09285422,-97.13215914,2652 FM 407 E. #135,,Bartonville,TX,76226,,(972) 345-8900,,,
118252442,Luminous Glow Med Spa,33.09285422,-97.13215914,2652 FM 407 #135,,Bartonville,TX,76226,,(972) 345-8900,http://Www.luminousglowmedspa.com,,
118253298,Luminous Luxe Spa,40.81466870,-74.16212151,381 Centre St,,Nutley,NJ,07110,,(973) 320-5054,http://luminousluxespa.com/,,
118252829,Luminous Medical Spa,29.77583600,-95.77969100,410 W Grand Pkwy S # Suite 310,,Katy,TX,77494,,(281) 665-3666,http://luminousmedispa.com/,,
118250685,Luminous Skin Atlanta,33.81555403,-84.31231381,2929-D N Druid Hills Rd NE Suite 124,,Atlanta,GA,30329,,(770) 896-8326,http://www.luminousskinatlanta.com,,
118251971,Luminous You,37.68826175,-121.01101983,3430 Tully Rd. Suite 18,,Modesto,CA,95350,,(209) 860-2122,http://luminousyouinc.com,,
118250747,Lumis MedSpa,29.84804890,-95.50681565,13201 Northwest Freeway Suite 275,,Houston,TX,77040,,(832) 864-7598,http://www.lumismedspa.com,,
118253739,Luna Beauty Studio,39.07081279,-84.46971460,"90 alexandria pike, unit 11.",,Fort Thomas,KY,41075,,(786) 613-9798,http://www.lunabeautystudios.com,,
118252559,Luna beauty studios,29.60764851,-98.50561614,946 N Loop 1604 W Suite 116,,San Antonio,TX,78232,,(786) 613-9798,http://Www.lunabeautystudios.com,,
118253522,Lupo Center for Aesthetic & General Dermatology,30.02031600,-90.11144200,"145 Allen Toussaint Blvd., Suite 302",,New Orleans,LA,70124,,(504) 777-3047,http://www.drmarylupo.com,,
118251361,Lupo Center for Aesthetics and General Dermatology,30.02024919,-90.11131476,145 Allen Toussaint Blvd Suite #302,,New Orleans,LA,70124,,(504) 777-3047,http://www.DrMaryLupo.com,,
118250911,LURE Boutique Medical Spa,36.13245920,-115.24231888,"3140 S. Rainbow Blvd., Ste 401",,Las Vegas,NV,89146,,(702) 910-8314,http://luremedicalspa.com,,
118253442,Lush Aesthetics,33.47047548,-101.94278167,5902 136th st,,Lubbock,TX,79424,,(806) 441-4834,http://lushaestheticslbk.com,,
118252487,Lush Aesthetics,42.08436895,-87.93281441,91 Randhurst Village Drive,,Mount Prospect,IL,60056,,(224) 391-2599,,,
118250853,Lush Skin Babe,33.36755467,-111.78921832,"979 N Gilbert Rd., Suite 110",,Gilbert,AZ,85234,,(602) 702-1932,http://lushskinbabebooking.square.site,,
118251632,Lusso Spa,28.35237800,-80.70103900,"315 S. Courtenay Parkway, Suite 106",,Merritt Island,FL,32952,,(321) 222-3158,http://lussospa.com/,,
118252767,Lux & Lavish Aesthetics,38.79463561,-104.80251717,1694 E Cheyenne Mountain Blvd,,Colorado Springs,CO,80906,,(719) 960-7558,http://Www.myluxandlav.com,,
118251903,Lux Aesthetics,47.63937805,-122.39882005,3209 W. McGraw St,,Seattle,WA,98119,,(425) 331-9092,http://wwwluxestheticsseattle.com,,
118253173,Lux Aeterna Medspa,38.43762975,-122.72120107,10 Fourth St Suite 208,,Santa Rosa,CA,95401,,(707) 775-0526,http://luxaeternamedspa.com,,
118251559,LUX Injectables,27.98724585,-82.74581356,1831 N. Belcher Road Unit C-1,,Clearwater,FL,33765,,(727) 698-8225,http://luxinjectables.com/,,
118253175,Lux MD,37.68461743,-121.76519950,2602 Old First St,,Livermore,CA,94550,,(925) 292-9203,http://luxmdmedspa.com,,
118250676,Lux Med Spa,33.88285551,-84.38013825,4684 Roswell Rd. Ste A,,Atlanta,GA,30342,,(404) 465-1234,http://www.luxmedspa.com,,
118253800,Luxe Aesthetics,37.41643904,-79.91344756,90 Town Center St. Suite 201,,Daleville,VA,24083,,(540) 200-1710,http://www.luxeaestheticsllc.com,,
118253765,LuXe Concierge Aesthetics,26.05783137,-80.20788633,"11336 W SR 84, suite 7",,Davie,FL,33325,,(754) 715-5667,http://www.luxeconciergeaesthetics.com,,
118253248,Luxe Electrology & Aesthetic Studio,42.32169339,-71.63311736,112 Main Street,,Northborough,MA,01532,,(508) 393-2517,http://Luxeelectrology.com,,
118251134,Luxe in Lou,38.32267200,-85.56551000,10514 Meeting Street Suite 101,,Prospect,KY,40059,,(502) 257-5893,http://www.luxeinlou.com,,
118251349,Luxe Lift Aesthetics and WomenÕs Wellness,40.13336575,-87.64511436,"612 N Logan Ave, Unit B",,Danville,IL,61832,,(217) 387-8812,http://Luxeliftpllc.com,,
118253116,Luxe Looks Derm Aesthetics,38.57936321,-90.40601481,200 S. Kirkwood Rd. Ste 150,,Kirkwood,MO,63122,,(314) 728-5893,http://luxelooksdermaesthetics.com,,
118253232,Luxe Medspa,44.36372685,-98.21216091,304 Kansas Ave SE,,Huron,SD,57350,,(605) 350-3330,http://Myluxemedspa.com,,
118253417,Luxe Salon and Medspa,47.71529782,-117.41695192,314 West Francis Avenue,,Spokane,WA,99205,,(509) 474-9576,http://luxespokane.com/medspa/,,
118250675,Luxe Skin Aesthetics,34.17519248,-86.83907239,421 3rd Ave SE #120,,Cullman,AL,35055,,(256) 531-3451,http://www.luxeskinaestheticscullman.com,,
118251076,Luxe Skin Clinic,29.53414839,-98.68071617,9910 West Loop 1604 North #128,,San Antonio,TX,78254,,(210) 544-6676,http://luxeskinclinics.com,,
118252023,LUXESKINSTUDIO,30.84765054,-93.30481529,1808 HWY190W SUITE D,,DeRidder,LA,70634,,(337) 304-3846,,,
118252882,Luxury Lounge Aesthetics & IV Wellness,33.52049600,-102.00697100,602 Donald Preston Dr #102,,Wolffored,TX,79382,,(806) 680-0808,http://luxuryloungelbk.com,,
118252022,Luxx Beauty Lounge,44.95767366,-89.65601469,514 S. 17th Avenue,,Wausau,WI,54401,,(715) 803-3988,,,
118250745,Luxx Rx,42.35146939,-71.13181165,"161 Harvard Ave, Suite 1A",,Boston,MA,02134,,(781) 990-8362,,,
118252986,Luxy Aesthetics,29.71274868,-95.46101564,"6300 W Loop, Suite 335",,Bellaire,TX,77401,,(713) 571-4214,http://www.luxeprimarypractice.com,,
118251613,LV Skin Aesthetics,33.11479500,-96.80239300,9300 John Hickman Pkwy Ste. 204,,Frisco,TX,75035,,(972) 294-5362,http://Www.lvskinaesthetics.com,,
118250997,Lyf Aesthetics,25.63334200,-80.33841316,14707 S Dixie Hwy PH403,,Miami,FL,33176,,,,,
118252363,"Lyss Skin Studio, Alyssa Brock",40.51736638,-88.95681457,"1531 Fort Jesse Road, Suite 5B",,Normal,IL,61716,,(309) 660-9380,http://lyssskinstudio.com/,,
118253158,M Browz Med Spa,41.75268407,-83.62513701,7579 Secor Rd,,Lambertville,MI,48144,,(734) 715-9594,http://www.mbrowz.com,,
118250880,M2 Medical Spa and Wellness,35.05365743,-80.81213240,8430 Rea Rd #E,,Charlotte,NC,28277,,(704) 243-9720,http://www.m2medicalspaandwellness.com,,
118252497,MAC Aesthetics and Wellness,35.08855749,-92.47215151,705 Club Ln #104,,Conway,AR,72034,,(501) 470-6995,http://www.macaestheticsandwellness.co,,
118252376,Machelle Edmiston Permanent Cosmetics And Skin,39.76456515,-89.71331470,"3121 Hedley Road, Suite C",,Springfield,IL,62704,,(217) 622-5217,http://mebrows.com,,
118253211,MACÕs Lash & Skin Studio,40.42766236,-79.67813055,4403 Old William Penn Highway,,Murrysville,PA,15668,,(412) 704-5259,http://macslashandskin.com,,
118251550,MACÕs Lash and Skin Studio,40.42746624,-79.67861305,4403 Old William Penn Hwy,,Murrysville,PA,15668,,(412) 704-5259,http://Www.macslashandskin.com,,
118252140,MAD Esthetics,32.52753293,-90.09921476,272 Calhoun Station pkwy. Suite E,,Madison,MS,39110,,(601) 559-2033,,,
118251722,Mad Skin Aesthetics,40.43171400,-111.89689400,2961 W Maple Loop Dr # 130,,Lehi,UT,84043,,(385) 336-8380,http://madskinaesthetics.com/,,
118252407,Madison Avenue Aesthetics,40.75886678,-73.97521212,"488 Madison Ave, suite 1712",,New York,NY,10022,,(212) 593-2869,http://Www.Madisonavenueaesthetics.com,,
118252905,Magnolia Aesthetics and Wellness,30.39634980,-88.88341456,156 Nixon Street,,Biloxi,MS,39530,,,http://Magnolia-aesthetics.com,,
118253432,Magnolia Dermatology,32.33293530,-90.14636148,1659 Lelia Dr,,Jackson,MS,39216,,(601) 910-3004,http://magnoliaderm.org,,
118251628,Magnolia Dermatology,29.93955606,-95.72259434,10547 Fry Rd,,Cypress,TX,77443,,(832) 834-3349,http://magnoliadermtx.com/,,
118252978,Magnolia Dermatology and Aesthetics,33.47395484,-88.82071455,106 Strange Rd,,Starkville,MS,39759,,(601) 910-3004,http://www.magnoliaderm.org,,
118253496,Magnolia Plastic Surgery & MedSpa,29.92045000,-90.10294100,4500 Magazine St Ste 1,,New Orleans,LA,70115,,(504) 571-5908,http://www.drheathcharvet.com,,
118252949,Magnolia Plastic Surgery and Medspa,29.92044902,-90.10291476,4500 Magazine Street,,New Orleans,LA,70115,,(504) 571-5908,http://Drheathcharvet.com,,
118252212,Main Street Medical Center & The Vue MediSpa,30.76015900,-86.57103100,369 Main Street,,Crestview,FL,32536,,(850) 398-6963,http://crestviewmsmc.com,,
118251169,Mainland Aesthetics,39.32656443,-74.59951222,415 New Road,,Somers Point,NJ,08244,,(609) 214-6003,,,
118250681,Majestic Aesthetics & Wellness,42.58964601,-114.45174398,"1505 Madrona St. N, Ste 1200",,Twin Falls,ID,83301,,(208) 886-0774,http://www.majesticaestheticswellness.com,,
118252303,MAR Skin Health & Wellness,33.76465532,-84.34191382,378 Oakdale Road Northeast,,Atlanta,GA,30307,,,http://www.mar-skin.com/,,
118251258,Mari Herrera Skincare,25.76334221,-80.25881315,901 Ponce de Leon Blvd Suite 301,,Coral Gables,FL,33134,,,http://www.mariherreraskincare.com,,
118252747,Maria Hawkins Aesthetics,39.42076459,-77.40912683,512 N Market Street,,Frederick,MD,21701,,(240) 439-4305,http://www.hawkinsaesthetics.com,,
118253046,Mariposa Aesthetics & Laser Center,35.51358186,-97.53361598,4214 N Classen Blvd,,Oklahoma City,OK,73118,,(405) 367-3706,http://mariposaokc.com,,
118252262,Marissa Magsino M.D.,28.45524662,-81.49131335,7450 Dr Phillips Blvd Suite 204,,Orlando,FL,32819,,(407) 292-6778,http://marissamagsino.com,,
118252626,Mary Philstetler Beauty,42.47766960,-72.60911190,8 B Elm Street,,South Deerfield,MA,01373,,(413) 512-0792,http://maryphilstetlerbeauty.com,,
118250892,Mashpee Family Medicine,41.60506817,-70.49441155,"5 Industrial Dr., STE 100",,Mashpee,MA,02649,,(508) 539-6188,http://www.mashpeefamilymedicine.net,,
118252898,MATTHEW JAMES SKIN + PMU,43.23647084,-70.58931157,119 Perkins Cove Rd,,Ogunquit,ME,03907,,,,,
118252364,Matthew James Skin Spa,42.70069961,-71.12621165,4 High St. suite 207,,North Andover,MA,01845,,(978) 494-4838,http://matthewjamesskinspa.com,,
118250694,Maxwell Aesthetics,44.94190700,-123.04007400,223 Commercial Street NE Suite 105,,Salem,OR,97301,,(503) 979-7143,http://www.maxwellaestheticsco.com,,
118252742,May Aesthetics Boutique,38.96926385,-77.73421274,10 S Liberty Street,,Middleburg,VA,20117,,(703) 653-0781,http://www.mayaestheticsboutique.com,,
118252980,May Aesthetics Boutique,38.96926385,-77.73421274,10 S Liberty St.,,Middleburg,VA,20105,,(703) 653-0781,http://Www.mayaestheticsboutique.com,,
118252424,McDonald Murrmann Skin & Laser,35.11585753,-89.82214717,"7205 Wolf River Blvd, Suite 155",,Germantown,TN,38138,,(901) 322-7020,http://www.mmcwh360.com,,
118251938,McKinzie Aesthetic Center,35.63745839,-97.45461597,2000 E 15th st Building 100,,Edmond,OK,73013,,(405) 341-6223,http://Themacokc.com,,
118251412,MD Age Management,28.58514683,-81.37331333,1345 Clay Street,,Winter Park,FL,32789,,(407) 369-8994,http://mdage.com/,,
118253720,MD Health Spa,26.14055279,-81.79448861,"625 9th Street N, Suite 304",,Naples,FL,34102,,(239) 963-6022,http://www.ymdhealthspa.com,,
118252618,MD Wellness and Aesthetics,33.41684400,-86.69500100,650 Inverness Cors,,Birmingham,AL,35242,,(205) 582-9216,http://www.mdwellnessandaesthetics.com,,
118251321,ME Aesthetics,27.58304519,-80.32991316,1030 Treasure Ln.,,Vero Beach,FL,32963,,(978) 761-8228,http://www.meaestheticsvero.com/,,
118251975,ME Aesthetics & Wellness,37.92996214,-122.01361999,3093 Citrus Cir suite 102,,Walnut Creek,CA,94598,,(925) 250-5154,http://meaestheticsca.com,,
118251958,Meadow Aesthetics,37.73646183,-97.20851593,11124 E 28th sr N,,Wichita,KS,67226,,(316) 302-4744,http://Meadowaesthetics.com,,
118251374,Med Soa if Morgan City,29.70424867,-91.20261494,1103 8th Street,,Morgan City,LA,70380,,(985) 255-4448,http://Medspaofmorgancity.com,,
118253035,Med Spa 360,38.71916344,-77.80541275,360 Church St,,Warrenton,VA,20186,,(540) 347-7546,http://finkelderm.com,,
118251420,MedAndSpa,41.75096840,-87.91131440,320 Burr Ridge Parkway,,Burr Ridge,IL,60527,,(630) 635-6661,http://medandspa.com,,
118252461,MedChic Aesthetics,26.16774287,-80.10941313,2771 E. Oakland Park Blvd. Suite 5,,Fort Lauderdale,FL,33306,,,http://medchicfl.com,,
118252894,Medical Aesthetics Associates Network,42.40726948,-71.25531167,303 Wyman St. suite 150,,Waltham,MA,02451,,,http://maanetwork.com,,
118252794,Medical Aesthetics Bar,41.71386834,-72.66461191,"449 Silas Deane Hwy, suite 303",,Wethersfield,CT,06109,,,http://medicalaestheticsbar.com,,
118252729,Medical Aesthetics Concierge,33.47135484,-82.02901344,2611 Central Avenue,,Augusta,GA,30904,,(706) 901-4467,http://www.medicalaestheticsconcierge.com,,
118251063,Medical Anti-Aging,26.14054283,-80.11451313,1840 SE 1st Ave,,Fort Lauderdale,FL,33316,,,,,
118252129,Medical FX,32.51532300,-92.15110500,401 McMillan Rd.,,West Monroe,LA,71291,,,,,
118252594,Medical Skin Care,39.04256397,-94.60321550,1421 W. 47th Street,,Kansas City,MO,64112,,(816) 616-7018,http://www.medicalskincarekc.com/,,
118253724,Medical Spa Buffalo,42.77703493,-78.74526016,3911 N Buffalo St,,Orchard Park,NY,14127,,,,,
118253725,Medical Spa Buffalo,42.96287472,-78.74406088,6461 Main St,,Williamsville,NY,14221,,,,,
118253723,Medical Spa Buffalo,42.90392201,-78.68520873,786 Terrace Blvd,,Depew,NY,14043,,,,,
118252573,MediGlow,40.86976696,-73.95761212,140 Sylvan Ave. - #108,,Englewood Cliffs,NJ,07632,,(201) 676-3922,http://Medi-glow.com,,
118253775,MedSpa 360,38.71916089,-77.80471440,360 Church Street,,Warrenton,VA,20186,,,http://www.finkelderm.com,,
118251205,Medspa Downtown,33.58055019,-85.07511394,104 Rome Street,,Carrollton,GA,30117,,(404) 301-4042,http://medspadowntown.com/,,
118251196,MedSpa Downtown,33.58055019,-85.07511394,104 Rome Street,,Carrollton,GA,30117,,(404) 301-4042,http://medspadowntown.com,,
118251298,Meesha Aesthetics,40.62796656,-75.45921236,415 Business Park Lane,,Allentown,PA,18109,,(610) 349-6390,http://botoxbymeesha.com,,
118253225,Meesha Aesthetics,40.62796656,-75.45921236,415 Business Park Lane,,Allentown,PA,18109,,(610) 349-6390,http://www.botoxbymeesha.com/,,
118253402,Meg & Co. Medical Aesthetics and Laser,43.72434900,-70.22987700,251 U.S. Rte 1 suite 16,,Falmouth,ME,04105,,(207) 331-4177,http://megandcoaesthetics.com,,
118251156,Meg BOdi Skincare,30.29814964,-97.72031601,"927 E. 41st Street, Suite 2",,Austin,TX,78751,,(512) 630-2473,http://www.megbodiskincare.com,,
118251968,Meg Fox Aesthetics,39.41179400,-76.61895900,876 Kenilworth Drive,,Towson,MD,21204,,(301) 778-1467,http://www.megfoxaesthetics.com/,,
118250874,Megan Cushman Skincare,44.20582400,-69.06976500,78 Elm St. #11,,Camden,ME,04843,,(207) 691-5925,,,
118253606,MELA Medical Spa,30.47992900,-87.21922400,5855 Creek Station Drive,,Pensacola,FL,32504,,(850) 480-3075,http://www.melamedspa.com,,
118253486,Meraki Medical aesthetics,45.41996400,-122.66492200,425 2nd street suite 100,,Lake Oswego,OR,97034,,,,,
118253472,Meraki Medical Spa,30.44303600,-91.10136800,"8221 Goodwood Blvd, Ste E",,Baton Rouge,LA,70806,,(225) 408-7515,http://www.merakimedicalspa.com,,
118251734,Meraki Medical Spa,30.44349878,-91.10131493,8221 Goodwood Blvd Suite E,,Baton Rouge,LA,70806,,(225) 408-7515,,,
118250808,Meraki Skin + Beauty,46.13894600,-122.93548000,"1402 Broadway, Suite 206",,Longview,WA,98632,,,http://meraki-skinbeauty.square.site,,
118251040,Mercy Med Spa,26.14870600,-97.99062500,1016 South Texas Blvd,,Weslaco,TX,79596,,(956) 532-4868,http://Mercy-medspa.com,,
118250787,Mercy Med Spa,26.14854284,-97.99071605,1016 South Texas,,Weslaco,TX,78596,,(956) 532-4868,,,
118253015,Meridian Med Spa,26.37743217,-81.80851340,"24850 S Tamiami Trail, Suite 4",,Bonita Springs,FL,34134,,(239) 319-2200,http://www.meridianmedicalspa.com,,
118253016,Meridian Med Spa,26.14246500,-81.79815100,670 4th Ave S,,Naples,FL,34102,,(239) 319-2200,http://www.meridianmedicalspa.com,,
118251190,Meridian Medical Spa,26.37743217,-81.80851340,24850 S. Tamiami Trail Suite 4,,Bonita Springs,FL,34134,,,http://meridianmedicalspa.com,,
118253470,MerLeaux Aesthetic Solutions,30.31784700,-89.34269800,"412 Highway 90, Suite 3",,Bay Saint Louis,MS,39520,,(228) 265-3204,http://www.merleauxglow.com,,
118253500,MerLeaux Aesthetic Solutions,30.31784700,-89.34269800,412 Highway 90 Suite 2,,Bay Saint Louis,MS,39520,,(228) 265-3204,http://Www.MerLeauxglow.com,,
118253471,MerLeaux Aesthetics & Wellness Serenity Med Spa,30.31784700,-89.34269800,"412 Highway 90, Suite 3",,Bay Saint Louis,MS,39520,,(228) 265-3204,http://www.merleauxglow.com,,
118251873,Mes Amies Medical Spa,26.55874351,-81.90621342,9140 West College Pointe Dr Suite 5,,Fort Myers,FL,33919,,,http://www.mesamiesmedspa.com,,
118252403,Metamorphic Skin,33.43787600,-111.78741200,1225 N Gilbert Rd,,Mesa,AZ,85203,,,http://www.metamorphicskin.com,,
118251926,Metamorphis Wellness and Aesthetics,36.03315904,-95.90531571,8988 S Sheridan Rd,,Tulsa,OK,74133,,(539) 867-1809,http://Themorph.com,,
118252300,Metro Medspa,38.50536309,-90.37851481,12608 Lamplighter Square Shoppiing Center,,St. Louis,MO,63128,,(314) 842-5600,http://Themetromedspa.com,,
118252301,Metro Medspa Town and Country,38.59976324,-90.50814829,971 Brittany Pkwy Dr,,Manchester,MO,63011,,(314) 842-5600,http://Themetromedspa.com,,
118250805,MetroDerm,33.90655552,-84.35911382,875 Johnson Ferry Road NE Suite 300,,Atlanta,GA,30342,,(404) 257-9933,http://www.metroderm.org,,
118252322,Metroderm-Hiram,33.90075554,-84.78101389,"148 Bill Carruth Parkway, Suite 280",,Hiram,GA,30141,,(678) 363-3343,http://metroderm.org,,
118252656,Miami Primary Health Wellness and Aesthetics,25.92144247,-80.15413133,15807 Biscayne BLVD Suite 115,,NORTH MIAMI BEACH,FL,33160,,,http://www.miamiprimary.com,,
118252200,Michelle Aesthetics,29.54730400,-95.55260496,7070 knights Ct Ste 401,,Missouri,TX,77453,,(504) 729-8049,http://micheleaesthetics.com/,,
118250966,MICHELLE EVETTE AESTHETICS & WELLNESS,30.05379800,-95.24453800,605 ROCKMEAD DR SUITE 100,,KINGWOOD,TX,77339,,,,,
118253737,Michelle Martin NP- Michelle's Advanced Skincare,38.13425975,-121.27769366,404 W Pine Street #14,,Lodi,CA,95240,,(209) 607-8937,,,
118252124,Mickel Plastic Surgery,32.50880100,-92.12229800,903 North 2nd Street,,Monroe,LA,71201,,(318) 388-2050,,,
118252035,Middleburg Skin Care,38.96796385,-77.73511274,3 W. FEDERAL STREET,,Middleburg,VA,20117,,(540) 758-7546,http://www.middleburgskincare.com/,,
118251426,Milc Medspa and Muse Plastic Surgery,33.87295550,-84.38171383,4310 Roswell Rd NE,,Atlanta,GA,30342,,(404) 882-9948,http://wrightjonesplasticsurgery.com/,,
118252617,Mills Urgent Care,32.63195346,-85.49581401,"1850 Shug Jordan Pkwy, St 101",,Auburn,AL,36832,,(334) 209-1117,http://Millsurgentcare.com,,
118253561,Mind Body Wellness Medspa,38.80597636,-77.62589127,14535 John Marshall Hwy #109,,Gainesville,VA,20155,,(703) 754-0425,http://mindbodywellnesslfm.com/,,
118252119,Mindy Simpson Aesthetics,40.74006675,-111.83101832,1370 S 2100 E Suite 102,,Salt Lake City,UT,84108,,(801) 694-6699,,,
118251331,Mira Aesthetics,42.51465000,-90.75077100,5070 Asbury Road,,Asbury,IA,52002,,(563) 207-1660,http://www.miraaesthetics.org,,
118251787,Mira Med Spa,27.89465457,-82.26700135,1110 E Bloomingdale Ave,,Valrico,FL,33596,,(813) 654-6472,http://www.miramedspa.com/,,
118251303,Miramae Medical Skin Care Studio,35.20255768,-80.84591325,1232 East Blvd,,Charlotte,NC,28203,,(980) 221-6487,http://www.miramaestudio.com,,
118252625,mission: SKIN,38.93466379,-94.63161550,4030 Indian Creek Parkway,,Overland Park,KS,66207,,(913) 730-8050,http://Missionskinkc.com,,
118253121,Missouri Dermatology Laser & Vein Center,38.52766312,-90.47581482,1011 Bowles Ave Ste 120,,Fenton,MO,63026,,(314) 200-2713,http://missouridermmd.com,,
118252640,MK Aesthetics,37.95676219,-84.53451385,243 East Brannon Road Suites 110-111,,Nicholasville,KY,40356,,(859) 460-8118,http://mkaesthetics.glossgenius.com,,
118251304,MK Aesthetics and Wellness,35.11757536,-80.71201322,616 Matthews Mint Rd. Suite G,,Matthews,NC,28105,,,http://www.mkaestheticsandwellness.com,,
118251069,Mne Aesthetics,29.59354849,-95.61911567,2745 Town Center Blvd N Ste. 134,,Sugar Land,TX,77479,,(346) 315-0430,http://www.mneaesthetics.com,,
118251081,Mne Aesthetics,29.59354849,-95.61911567,"2745 Town Center Blvd N., Suite 134",,Sugar Land,TX,77459,,(346) 315-0430,http://www.MneAesthetics.com,,
118251338,Moda Beauty Bar,41.41991200,-87.24964700,10921 Miami Street,,Winfield,IN,46307,,(219) 779-3238,http://www.modabeautybar.com/,,
118253184,Modern Aesthetics Medical Spa,37.30961128,-121.95019980,919 S Winchester Blvd,,San Jose,CA,95128,,(408) 357-4917,http://modernaestheticsmed.com,,
118253653,Modern Esthetics,34.06972500,-118.40008800,343 N Canon Dr,,Beverly Hills,CA,90210,,(310) 507-7759,http://www.modernesthetics.com,,
118252343,Modern Face Co LLC,36.50934300,-87.27860800,2206 Madison Street,,Clarksville,TN,37043,,,http://linktr.ee/alexisgrooms,,
118253071,Modern Glo Medical Aesthetic Skin Studio,41.72506836,-72.82301193,7 Brick walk lane,,Farmington,CT,06032,,(860) 431-3063,http://www.modern-skinglo.com,,
118251240,Modern Looks Med Spa,33.91835557,-84.37741382,5975 Roswell Eoad Unit E355,,Atlanta,GA,30328,,(404) 480-4015,http://www.modernlooksmedspa.com,,
118252312,Modern Med,38.59966324,-90.39771481,10334 Manchester Road,,Kirkwood,MO,63122,,(314) 394-0204,http://Modernmedstl.com,,
118252940,Modern Med Aesthetics & Wellness,38.94966382,-77.37311268,12359 Sunrise Valley Dr. Suite 180,,Reston,VA,20191,,(571) 599-1835,http://www.modernmedva.com,,
118253793,Modern Med Aesthetics and Wellness,38.95057362,-77.37288298,12359 Sunrise Valley Drive unit 180,,Reston,VA,20191,,(571) 599-1835,http://www.modernmedva.com,,
118252777,Modern Medical Aesthetics,27.89234570,-82.66231354,104 Main Street North,,St. Petersburg,FL,33716,,(727) 362-4101,http://modernmedicalfl.com,,
118252276,Modern Medical Spa,46.28137583,-119.27581954,1045 Jadwin Ave. Ste A,,Richland,WA,99352,,(509) 392-5007,http://www.modern-medical-spa.com,,
118253256,Modern Skin Aesthetics,28.77847151,-81.35813330,"920 International Pkwy, Suite # 5",,Lake Mary,FL,32746,,,http://www.modernskinaesthetics.com/,,
118251979,Modern Skin Bar,38.80126357,-121.20919859,5130 Commons Dr Suite 101 Room #101,,Rocklin,CA,95677,,(916) 755-2441,http://www.vagaro.com/modernskinbar,,
118251658,Modern Skin Med Spa,33.11635426,-96.82871586,6560 John Hickman Pwky. #300,,Frisco,TX,75034,,(469) 962-2165,http://www.themodernskin.com,,
118252608,Modern Skin Solutions CT,41.37136778,-72.05141180,495 Gold Star Highway suite 200,,Groton,CT,06340,,,http://modernskinsolutionsct.com,,
118252386,Moke Aesthetics,37.64136167,-77.58301271,3781 Westerre Parkway Suite C,,Henrico,VA,23233,,(804) 905-8091,http://www.MokeAesthetics.com,,
118251450,Moksha Aesthetics,39.01863927,-77.20971265,10220 River Rd Suite 3,,potomac,MD,20854,,(240) 907-5009,http://www.mokshaaesthetics.com,,
118251480,Moksha Aesthetics,39.01863927,-77.20971265,10220 River Rd Suite 3,,potomac,MD,20854,,(240) 499-8854,http://mokshaaesthetics.com,,
118252850,Mommy Make Over Doctor,29.81284885,-95.46021564,10500 Northwest Freeway suite 140,,Houston,TX,77092,,(281) 864-0000,http://www.drmamaslatinas.com,,
118253673,Monarch Esthetics,32.79265200,-79.94078500,562 King St Suite 100,,Charleston,SC,29403,,(843) 737-0568,http://monarchcharleston.com,,
118253641,MonArte Beauty Collective,32.79822600,-79.89275600,270 W Coleman Blvd #200,,Mt Pleasant,SC,29464,,(843) 256-4265,http://monartebeautycollectivesc.com,,
118251826,Mongael Aesthetic,41.89146863,-87.62491436,"520 N. Michigan Avenue, Suite 300",,Chicago,IL,60611,,(312) 806-2946,http://mongael.com/,,
118251750,Montrose Dermatology - Medical and Cosmetic Skin Care and Laser Treament Center,38.45556301,-107.86671767,2730 Commercial Way,,Montrose,CO,81401,,(970) 964-4036,http://Www.montrosedermatology.com,,
118252765,Montrose Dermatology + Cosmetics,38.45556301,-107.86671767,2730 Commercial Way,,Montrose,CO,81401,,(970) 964-4036,http://Www.montrosedermatology.com,,
118251925,Moon Phase Esthetics,36.10045915,-95.94015719,4436 S Harvard Ave,,Tulsa,OK,74135,,(918) 884-5733,http://Moonphaseesthetics.com,,
118252692,Motox Skin Science,43.64025900,-70.25406000,48 Ocean St.,,South Portland,ME,04106,,(207) 200-4380,http://Www.motoxskinscience.com,,
118252684,Motox Skin Science,43.64025900,-70.25406000,48 Ocean St.,,South Portland,ME,04106,,,http://www.motoxskinscience.com,,
118252359,Moxi Aesthetics & Lasers,35.16540800,-101.88964500,4300 Teckla Blvd #17,,Amarillo,TX,79109,,(806) 699-6694,http://www.moxi-amarillo.com,,
118251901,MUSE Med Spa,41.57868123,-87.04414261,"501 Allen Court, Suite 1101",,Chesterton,IN,46304,,(219) 786-0923,http://www.musemedspas.com/,,
118251672,Muse Med Spa,41.42476787,-87.23971429,10660 Randolph Street,,Crown Point,IN,46307,,(219) 786-0923,http://www.musemedspas.com/,,
118251455,Muse Medical Aesthetics and Laser,30.37849772,-91.09361492,10156 Perkins Rowe Suite F165,,Baton Rouge,LA,70810,,(225) 243-1277,http://Museaestheticsbr.com,,
118251005,Muse Modern Med Spa,40.62606656,-75.47311237,352 5th Street - Suite B,,Whitehall,PA,18052,,(610) 851-4081,,,
118251584,Museo Medical Aesthetics,29.49994833,-98.70041617,6626 W Loop 1604 N. Suite 105 (#38),,San Antonio,TX,78254,,(210) 774-3917,http://www.MuseoSA.com,,
118252513,Museums Healthcare and Medical Spa,36.57555993,-94.77031553,2104 South Main St,,Grove,OK,74344,,(918) 969-7071,http://musumahealthcareandmedicalspa.com,,
118250995,My Best Skin,28.54654677,-81.37781333,"320 N. Magnolia Avenue, Suite A3",,Orlando,FL,32801,,(407) 385-9267,,,
118252582,My Houston Surgeons,30.19004946,-95.45571564,18354 I-45 suite 100,,Shenandoah,TX,77384,,(346) 646-3518,http://myhoustonsurgeons.com,,
118253598,My Skin Care Girl,39.73355100,-75.63781000,3620 kirkwood hwy suite 303,,Wilmington,DE,19808,,(302) 743-1230,http://Www.Myskincaregirl.com,,
118251739,My Skin Care Girl LLC,39.73355100,-75.63781000,3620 Kirkwood Hwy Suite 303,,Wilmington,DE,19808,,(302) 743-1230,http://www.myskincaregirl.com,,
118251402,My Skin Dealer,26.35034317,-80.08013120,364 E. Palmetto Park Rd. Suite 4,,Boca Raton,FL,33432,,,http://Myskindealer.com,,
118250658,MYBODYMD Plastic Surgery,29.78254880,-95.54551565,"929 Gessner Rd., #2250",,Houston,TX,77024,,(713) 467-0102,http://www.mybodymd.com/,,
118253286,N_OR by Noura Warner,61.18410024,-149.86724554,4007 Old Seward Highway #1000,,Anchorage,AK,99515,,,http://Www.nourawarner.com,,
118253683,Naaman Clinic,33.35209300,-86.78659300,"100 Concourse Parkway, Suite 265",,Birmingham,AL,35244,,(205) 453-4195,http://www.naamanclinic.com,,
118253684,Naaman Clinic,33.42043845,-86.66758078,6234 Tattersall Blvd.,,Birmingham,AL,35244,,(205) 470-2866,http://www.naamanclinic.com,,
118252631,Naples Laser and Skin Aesthetics,26.18914291,-81.79813402,"3641 10th St N, Suite B",,Naples,FL,34103,,(239) 610-4977,http://napleslaserandskinaesthetics.com,,
118253328,Nashville Skin Studio,35.96021700,-86.80028000,9160 Carothers Pkwy #101,,Franklin,TN,37067,,,http://www.nashvilleskinstudio.com,,
118252732,National Institute of Medical Aesthetics,36.07635911,-115.26141888,6111 S Buffalo Drive #170,,Las Vegas,NV,89113,,,http://nima.edu,,
118253285,Natural Body Wellness Clinic,30.18349453,-81.70213386,"534 Park Avenue, Suite 6",,Orange Park,FL,32073,,(904) 999-1363,http://naturalbodywellnessclinic.com,,
118253592,Natural Glow Aesthetics & Wellness,33.94827000,-84.55232000,36 Trammell St. SW Suite 101,,Marietta,GA,30064,,(770) 779-8173,http://www.naturalglowga.com/,,
118251294,Natural Image Skin Center,40.78916683,-74.31281218,"201 South Livingston Ave, Suite 1C",,Livingston,NJ,07039,,(908) 509-1938,http://Www.naturalimageskincenter.com,,
118251293,Natural Image Skin Center,40.86646696,-74.81551226,"108 Bilby Road, Suite #202",,Hackettstown,NJ,07840,,(908) 514-4737,http://Www.naturalimageskincenter.com,,
118252034,Naturally Aesthetic,40.37336615,-74.00021212,118 East River Road,,Rumson,NJ,07760,,(732) 924-6245,http://Naturallyaesthetic.com,,
118253152,Naturally Rae Aesthetics & Wellness,29.18047809,-82.13413457,"207 SE 8th St, Ocala, FL 34471",,Ocala,FL,34471,,(352) 877-3050,http://www.naturallyrae.com/,,
118252517,Navi Esthetics,35.19325766,-101.87101669,2921 Interstate 40,,Amarillo,TX,79109,,(806) 803-2173,http://naviiesthetics.com,,
118252887,Nectar Skin Studio,45.67897484,-111.03611819,40 E. Main St. Ste 240,,Bozeman,MT,59715,,(406) 341-0333,http://Www.nectarskinstudio.com,,
118250680,Needles and Tox,39.67736501,-104.90881719,2121 South Oneida St,,Denver,CO,80224,,,http://www.needlesandtox.com,,
118250759,Neighborhood Wellness Clinic,29.60244850,-98.28031610,6051 Fm 3009 Ste 255,,Schertz,TX,78154,,(210) 651-1744,http://www.neighborhoodwellnessclinic.com,,
118253257,Nelly B Beauty,33.88655520,-117.58192646,280 N Lincoln #9,,Corona,CA,92882,,(909) 999-2866,http://Www.nellybbeauty.com,,
118252633,Neves Skin Studio,39.70376505,-104.98021720,712 S Pearl St,,Denver,CO,80209,,(833) 204-0173,http://www.nevesskinstudio.com,,
118253206,New Beauty Medical Aesthetics,40.26765974,-80.12951313,4050 Washington Rd,,McMurray,PA,15317,,(724) 255-2926,http://www.newbeautymedicalaesthetics.com,,
118253308,New Beginnings Women's Care and Aesthetics,29.92549030,-95.70215680,10242 Greenhouse RD #801,,Cypress,TX,77433,,(713) 300-3939,http://nbcypressaesthetics.com,,
118253036,New Image MD,35.91345884,-79.02571295,"101 Glen Lennox Drive, suite 170",,Chapel Hill,NC,27517,,(919) 240-7014,http://Www.newimagemd.com,,
118253788,New Jersey Plastic Surgery,40.83093453,-74.20620933,29 Park St,,Montclair,NJ,07042,,(973) 834-6910,http://newjerseyplasticsurgery.com,,
118251643,New Life Cosmetic Surgery and Medspa,29.77434878,-98.72581618,117 Waterview Pkwy,,Boerne,TX,78006,,(830) 515-5193,http://www.newlifeboerne.com,,
118253034,New Skin by Sandra Chica,25.59804194,-80.35221316,18423 S Dixie Hwy,,Suite 33,FL,33157,,(786) 916-1068,http://www.newskinbysandra.com,,
118251233,New Skin Rituals,36.00058984,-115.10161886,2645 W. Horizon Ridge Parkway #140,,Henderson,NV,89052,,(702) 324-0801,http://newskinrituals.com/,,
118252334,NEW YOU MEDICAL CENTER-RICHMOND,29.67352498,-95.75264604,5550 LONG PRAIRIE TRACE,,RICHMOND,TX,77407,,(832) 432-1004,http://newyoumc.com/,,
118252644,New You Weight and Wellness,32.50535326,-94.74015522,905 Judson Rd,,Longview,TX,75601,,(903) 212-0556,http://Newyoulongview.com,,
118253650,New You Weight Loss & Aesthetics,39.98656700,-75.39700500,3574 West Chester Pike,,Newtown Square,PA,19073,,(610) 619-0066,http://www.newyouaestheticspa.com,,
118252959,New You Wellness and Esthetics Clinic,30.19064946,-85.68711404,"1714 W 23rd street, suite G",,Panama City,FL,32405,,(850) 624-0996,http://Www.newyouwellnessesthetics.com,,
118251993,NewSkin Medical Spa,47.60987800,-122.19432002,10845 Main St.,,Bellevue,WA,98004,,(206) 222-1225,http://www.newskin.com,,
118251445,NewVue Dermatology Aesthetics and Wellness,47.67694800,-122.20621800,140 Central Way,,Kirkland,WA,98033,,(425) 300-6656,http://newvuemedical.com,,
118253687,NexDerm Clinic,40.36256400,-74.04148800,623 River Rd,,Fair Haven,NJ,07704,,(732) 838-3376,http://nexdermclinic.com/,,
118252715,Next Jen Aesthetics,32.72495362,-97.38781596,3600 Hulen St. B3,,Fort Worth,TX,76107,,(817) 224-2241,http://Nextjenaesthetics.com,,
118252567,Next level aesthetics,40.58471500,-73.95788700,"3190 Shore Parkway , ground fl",,Brooklyn NY,NY,11235,,(917) 229-9999,,,
118250750,Next Level Aesthetics + Wellness,31.55445170,-97.13861592,1005 Columbus Avenue,,Waco,TX,76701,,(254) 300-5077,http://aestheticsxashtyn.myaestheticrecord.com/book/appointments,,
118253295,NIKS Medical Spa,32.95385399,-117.26219212,"318 9th Street, Suite A",,Del Mar,CA,92014,,(619) 333-0051,http://www.niksmedicalspa.com,,
118253153,Nirvana Medical Spa,29.15647771,-82.16913463,"3020 SW 27th Ave, Ocala, FL 34471",,Ocala,FL,34471,,(352) 671-1591,http://nirvanamedicalspa.com/,,
118250764,Nirvana Medspa and Laser Centre,34.05465580,-84.23291380,4380 Kimball Bridge Road,,Alpharetta,GA,30022,,(678) 256-6320,http://www.nirvanalasercentre.com,,
118252708,NNK Aesthetics,38.59212500,-121.41907400,1446 Ethan Way Suite #63,,Sacramento,CA,95825,,,http://nnkaesthetics.com,,
118251987,No Filter Brazilian MedSpa,37.56182300,-122.31863900,800 S B St,,San Mateo,CA,94401,,(415) 802-8620,http://nofilteradvanced.com,,
118252746,NoBe Aesthetics & Wellness,39.05236398,-77.12821264,6278 Montrose Road,,North Bethesda,MD,20852,,(240) 221-7002,http://www.nobeinjectables.com,,
118251856,Noble Beauty,46.42167606,-117.02611917,527 Main St.,,Lewiston,ID,83501,,(208) 305-0183,http://www.noble-beauty-33.square.site,,
118252214,Nona MedSpa,28.36686000,-81.28574600,"6718 Lake Nona Blvd., Suite 140",,Orlando,FL,32827,,(407) 857-3937,http://nonamedspa.com,,
118252529,North Atlanta Plastic Surgery,34.07505583,-84.25831380,3180 North Point Parkway Suite 530,,Alpharetta,GA,30005,,(470) 381-3615,http://www.dramyalderman.com,,
118251396,North Fourty Esthetics,42.19429691,-112.24919184,136 West 400 North,,Malad,ID,83252,,(435) 640-2737,,,
118252427,North Texas Plastic Surgery,32.70995359,-97.40781596,5668 Edwards Ranch Road #300,,Fort Worth,TX,76107,,(817) 309-7097,http://Www.northtexasplasticsurgery.com,,
118252425,North Texas Plastic Surgery,32.94045397,-97.14501592,415 E. Southlake Blvd #101,,Southlake,TX,76092,,(817) 809-3155,http://Www.northtexasplasticsurgery.com,,
118252433,North Texas Plastic Surgery,32.86275384,-96.80471586,8201 Preston Rd #160,,Dallas,TX,75225,,(817) 309-7097,http://Www.northtexasplasticsurgery.com,,
118252431,North Texas Plastic Surgery,33.01555409,-96.80981586,5412 W. Plano Pkwy #101,,Plano,TX,75093,,(817) 309-7097,http://Www.northtexasplasticsurgery.com,,
118252429,North Texas Plastic Surgery,33.15315432,-96.83681587,5858 Main Street #280,,Frisco,TX,75034,,(817) 309-7097,http://Www.northtexasplasticsurgery.com,,
118252605,"Northeast Dermatology Associates, Hopkinton",42.21006916,-71.55011723,22 South Street Suite 206,,Hopkinton,MA,01748,,(978) 691-5690,http://nedermatology.com,,
118251328,Northeast Georgia Plastic Surgery,34.30555621,-83.81271373,1296 Sims Street NE Suite B,,Gainesville,GA,30501,,(770) 534-1856,http://www.plasticsurgeryofgainesville.com,,
118251329,Northeast Georgia Plastic Surgery,34.11755898,-83.83981374,1515 River Place Suite 365,,Braselton,GA,30517,,(770) 534-1856,http://www.plasticsurgeryofgainesville.com,,
118253451,Northshore Plastic Surgery,30.37470498,-90.08374148,3401 East Causeway Approach,,Mandeville,LA,70448,,(985) 401-8787,http://www.drboudreaux.com,,
118251433,Northshore Plastic Surgery,30.37524977,-90.08571476,3401 E Causeway Approach,,Mandeville,LA,70448,,(985) 237-6050,http://Drboudreaux.com,,
118252354,Nouriche Wellness and Aesthetics,30.17284944,-92.04151508,"605 Silverstone Road, Suite 100",,Lafayette,LA,70508,,(133) 745-6730,http://www.nourichemedspa.com,,
118252577,Nourish Skin Co,27.01494426,-82.13261346,19669 Cochran Blvd,,Port Charlotte,FL,33948,,,,,
118252420,Nova Aesthetics,30.19549472,-95.45181564,8851 Metropark Dr Suite 38,,Shenandoah,TX,77385,,(832) 763-1837,,,
118253595,NOVA Med Spa,41.21037800,-96.07872900,4905 S 107th Ave STE 200,,Omaha,NE,68127,,(402) 899-8093,http://www.novaomaha.org,,
118252943,Nova MedSculpt,38.86616368,-77.36101267,12011 US 50 Suite 205,,Fairfax,VA,22033,,(703) 682-1709,http://www.novamedsculpt.com,,
118252620,Novaesthetics Medspa,30.19549472,-95.45181564,8851 Metropark Dr Ste. 38,,Shenandoah,TX,77385,,(713) 887-1560,http://novaestheticsmedspa.com,,
118253701,Novella Form & Facial,35.00253900,-80.69887500,5955 Weddington Road,,Wesley Chapel,NC,28104,,(704) 680-6058,http://experiencenovella.com,,
118251778,Novi Skin & Body Center,42.48666961,-83.52201368,26850 Providence Pkwy. Suite 450,,Novi,MI,48374,,(248) 980-6235,http://www.noviskinandbodycenter.com,,
118252921,Novi Skin & Body Center,42.48666961,-83.52213684,"26850 Providence Parkway, Suite 450",,Novi,MI,48374,,(248) 980-6235,http://noviskinandbodycenter.com,,
118252130,Novi Te Medical Esthetics,32.54341900,-92.63608000,206 E Reynolds Dr. Suite J1,,Ruston,LA,71270,,(318) 253-3022,,,
118253463,Novi TŽ Medical Esthetics,32.54341900,-92.63608000,206 E Reynolds,,Ruston,LA,71270,,(318) 253-3022,http://Novitemed.com,,
118250713,NOVU Aesthetics,42.51226965,-71.03611164,12 Salem Street,,Lynnfield,MA,01940,,(781) 224-3334,http://www.novuaesthetics.com,,
118252366,NR Aesthetic Nurse Injector LLC,41.61206818,-70.91841162,127 W Rodney French Blvd suite #2-108,,New Bedford,MA,02744,,(508) 322-1426,http://nr-aesthetic.com,,
118253185,Nu Era Aesthetics,38.81763599,-121.19619857,3793 Taylor Road Suite 2,,Loomis,CA,95650,,(916) 710-0790,http://nueraaesthetics.com,,
118253740,NUE Aesthetics + Wellness,38.23501359,-122.64088016,159 Petaluma Blvd North,,Petaluma,CA,94952,,(707) 775-7393,http://nueaestheticsandwellness.com,,
118252207,NUEVA Aesthetics,27.81058400,-82.63930900,4200 4th Street N. Suite D,,St. Petersburg,FL,33703,,(727) 304-1616,http://www.nuevaaesthetics.com,,
118250996,Nugenesis Medical,28.60234686,-81.32251332,2275 Aloma Avenue,,Winter Park,FL,32792,,(407) 743-2627,http://nugenesismedical.com,,
118252448,NUGlow by Meg,44.31547261,-94.46151548,211 N Minnesota st,,New ulm,MN,56073,,(507) 276-0324,http://nuglowbymegpromo.com/home,,
118252412,Nur,30.40914982,-91.07841492,4309 Bluebonnet Blvd,,Baton Rouge,LA,70809,,(225) 255-2963,http://Nurnedicalspa.com,,
118252011,NUR Med Spa & Wellness Center,28.38384650,-81.24271331,"12617 Narcoossee Rd., Suite 111",,Orlando,FL,32832,,(407) 487-8855,http://www.thenurmedspa.com/,,
118253467,Nur Medical Spa,30.40914982,-91.07841492,4309 Bluebonnet Blvd,,Baton Rouge,LA,70809,,(225) 255-2963,http://www.nurmedispa.com,,
118253078,Nurse Nel Aesthetics,43.19919708,-70.87617116,10 4th Street suite 100,,Dover,NH,03820,,(512) 293-8347,http://nursenelaesthetics.com,,
118251947,NurturHer Aesthetics,43.01537048,-89.48214661,"6317 Mckee Road, Suite 200",,Fitchburg,WI,53719,,(608) 212-3524,http://www.nurturheraesthetic.com/,,
118252037,NurturHer Aesthetics,43.19087076,-89.23201462,768 Lois Drive,,Sun Prairie,WI,53590,,(608) 313-5627,http://www.nurturheraesthetic.com/,,
118251773,NV Aesthetics,38.21135300,-84.25100300,519 Main Street,,Paris,KY,40361,,(859) 988-2000,http://nv-aesthetics.com,,
118253183,NV Regenerative Aesthetics,38.31462774,-122.28520035,700 Central Avenue Suite A,,Napa,CA,94558,,(707) 320-5999,http://nvregenerative.com,,
118253240,"NWA Lasers and Healthcare, LLC",36.13059196,-94.14715425,4285 N Shiloh Dr. Suite 104,,Fayetteville,AR,72703,,(479) 841-1080,http://nwalasers.com,,
118251561,Nyoka Skincare,27.33044778,-82.53813523,701 S. Orange Avenue,,Sarasota,FL,34236,,(941) 365-6100,http://nyokaskincare.com/,,
118252549,O'Neill Plastic Surgery,32.85935384,-79.90921309,245 Seven Farms Drive #210,,Charleston,SC,29492,,(843) 881-2130,http://oneillplasticsurgery.com,,
118251943,O2 Face and Body Spa,30.16929600,-92.03735900,201 Settlers Trace Blvd #3006,,Lafayette,LA,70508,,(337) 234-1313,http://O2faceandbody.com,,
118251346,OA Facial Plastics,39.95936547,-86.15971412,11725 Illinois St Suite 449,,Carmel,IN,46032,,(317) 708-6984,http://oafacialplastics.com/,,
118253482,OAK HOUSE MED SPA,29.96237100,-90.20538700,"1640 HICKORY AVE, SUITE A",,HARAHAN,LA,70123,,(504) 289-9068,http://www.oakhousemedspa.com,,
118251843,Oakhouse Med Spa,29.96724910,-90.20641478,1939 Hickory Ave STE 208,,Harahan,LA,70123,,(504) 222-2995,http://Oakhousemedspa.com,,
118251066,Oakhurst Skin Science,28.58646836,-81.36381333,"1350 N. Orange Avenue, Suite 226",,Winter Park,FL,32789,,(407) 408-6017,http://www.oakhurstskinscience.com,,
118253279,Oasis Aesthetics & Wellness,29.58548473,-95.64815671,13440 University BLVD SUITE #130,,Sugarland,TX,77479,,(281) 800-9050,,,
118250843,Oasis Medspa & IV Bar,43.57627140,-116.39561907,"151 Galvani Dr., Suite 100",,Meridian,ID,83642,,(208) 514-5563,http://www.oasismedspaofidaho.com,,
118252285,Oasis Salon & Day Spa,37.05856072,-94.48001548,2915 East 29th Street,,Joplin,MO,64804,,(417) 206-9999,http://Oasissalonanddayspa.com,,
118252477,OC Skin Vibes,33.58065502,-117.72861929,75 Vantis Dr,,Aliso Viejo,CA,92656,,(949) 337-5678,,,
118250990,Ocala Family Medical Center - Dermatology & Aesthetic Center,29.16674779,-82.16021346,2121 SW 22nd Place,,Ocala,FL,34471,,(352) 237-4133,http://www.ocalafamilymedicalcenter.com/copy-of-aesthetics,,
118253163,Odara Medical Spa,47.66778098,-117.42519239,1105 N. Lincoln St.,,Spokane,WA,99201,,(509) 443-4622,http://www.odaramedicalspa.com,,
118252096,Odomi Medical Spa,32.00846900,-81.11798100,7506 White Bluff Rd Suite B,,Savannah,GA,31406,,(912) 274-0006,http://Www.odomimedspa.com,,
118251599,Ohio Plastic Surgery Specialist,40.04653300,-82.85885800,1085 E. Johnstown Rd,,Gahanna,OH,43230,,(614) 682-5095,http://www.ohioplasticsurgeryspecialist.com,,
118250868,Olansky Dermatology & Aesthetics,34.17715600,-84.14011379,1505 Northside Blvd #1500,,Cumming,GA,30041,,(177) 078-1507,http://www.olanskydermatology.com/,,
118250866,Olansky Dermatology & Aesthetics,33.84785546,-84.36581382,"3379 Peachtree Rd. NE, Suite 500",,Atlanta,GA,30326,,(404) 355-5484,http://www.olanskydermatology.com,,
118250918,Olansky Dermatology and Aesthetics,34.06685582,-84.32751382,11755 Pointe Place,,Roswell,GA,30076,,(404) 355-5484,http://www.olanskydermatology.com,,
118251638,Olea Aesthetics,28.09946038,-82.69121355,4958 Ridgemoor Blvd.,,Palm Harbor,FL,34685,,(727) 773-0073,http://oleaaesthetics.com/,,
118251890,Olga Belle Aesthetics,36.02655903,-80.38401317,2575 Old Glory Rd Suite 620,,Clemmons,NC,27012,,(336) 582-6627,http://www.olgabelleaesthetics.com,,
118251301,Olga Belle Aesthetics,36.02655903,-80.38401317,2575 Old Glory Rd. Suite 620,,Clemmons,NC,27012,,(336) 582-6627,,,
118253117,Olive You Aesthetics,38.59346323,-90.52821483,14615 Manchester Rd. Ste 103,,Ballwin,MO,63011,,(314) 402-1989,http://oliveyoustl.com,,
118251469,Olivia Grace Aesthetics,47.26687744,-122.51502007,1919 N. Pearl St Suite A2,,Tacoma,WA,98406,,(323) 636-9459,http://oliviagraceaesthetics.com,,
118251785,Olivia Murray,33.37755469,-111.93691834,209 East Baseline Road E201 #4,,Tempe,AZ,85283,,(480) 420-8843,http://Livforaesthetics.glossgenius.com,,
118251496,Omaggio Medical Spa,42.78167009,-71.22711167,130 main St unit 102A,,Salem,NH,03079,,(603) 458-2919,http://omaggiosalem.com,,
118253651,OmbrŽ Beauty Bar,39.86524500,-75.54411500,391 Wilmington West Chester Pike Suite 4,,Glen Mills,PA,19342,,(484) 800-8215,http://www.ombrespraybar.com,,
118253411,Omne Luxe,41.24726676,-96.19514158,17931 Pierce Plaza,,Omaha,NE,68130,,(531) 867-7799,http://www.omne-luxe.com,,
118251933,Omni Lux Med Spa,35.61295200,-97.60328400,13921 N Meridian Ave suite 202,,Oklahoma City,OK,73134,,(405) 237-9915,http://omniluxmedspa.com,,
118253207,Omni Skin,40.09765695,-76.42512522,190 Stony Battery Rd.,,Landisville,PA,17538,,(717) 892-6740,http://Omniskinpa.com,,
118253041,OmniCare Aesthetics & Wellness,37.65106169,-97.48581597,2319 S Upland Hills St,,Wichita,KS,67235,,(316) 303-7368,http://omnicareks.com,,
118251278,Omorphia Aesthetics,39.78086518,-75.10011230,123 Egg Harbor Road - Suite 202,,Sewell,NJ,08080,,(856) 288-1100,http://Omorphiaaesthetics.com,,
118250802,OMY! BEAUTY,36.04995906,-115.17111887,7686 S Las Vegas Blvd #107,,Las Vegas,NV,89123,,(775) 600-1796,http://www.omybeautyco.com,,
118253408,Only Med Glam,25.75222422,-80.26244132,385 Alhambra circle,,Coral Gables,FL,33134,,(786) 355-7770,http://onlymedglam.com,,
118253380,Onyx Med Spa Vahabzadeh,40.96416200,-76.90999600,115 Farley Circle suite 202,,Lewisburg,PA,17837,,(570) 423-7443,http://www.theonyxmedspa.com,,
118251708,Opal Aesthetics,32.72367315,-80.07773444,508 Hayes Park Blvd,,Johns Island,SC,29455,,(843) 226-1884,http://www.opalcharleston.com,,
118250782,Opal Aesthetics & Wellness,30.19294947,-98.08816071,206 W. Mercer St,,Dripping Springa,TX,78620,,(512) 601-0092,http://www.opalmedspa.com,,
118251587,Opal Day Spa,27.20204457,-80.20141314,3727 SE Ocean Blvd Suite 102,,Stuart,FL,34996,,,,,
118251534,Opaline Beauty,47.25507742,-122.48200685,611 S. Proctor St,,Tacoma,WA,98405,,(253) 370-9359,http://www.opalinebeauty.com,,
118252336,Ophelia Aesthetics,37.13215930,-121.64973350,17705 Suite I-5,,Morgan Hill,CA,95037,,(408) 607-5428,http://Opheliaaesthetics@glossgenius.com,,
118253796,Ophir Aesthetics,47.99940300,-122.10317300,9506 4th St NE Suite 201,,Lake Stevens,WA,98258,,(425) 382-2482,http://ophiraesthetics.com/,,
118250749,Optimal Health,35.57005828,-97.51191598,9800 Broadway Ext #200,,Oklahoma City,OK,73114,,(405) 715-4496,http://www.optimalhealthassociates.com,,
118251997,Optimal Oasis,35.14165758,-80.73601323,1811 Sardis Rd. N #201,,Charlotte,NC,28270,,(704) 387-6088,http://www.optimaloasiswellness.com,,
118253631,Optimal Self MD,34.86054571,-82.38887135,309 E Stone Ave,,Greenville,SC,29609,,(864) 214-5232,http://optimalselfmd.com,,
118251398,Oregon Plastic Surgeons,44.93357362,-123.03392016,"875 Oak St. SE, Suite 4060",,Salem,OR,97301,,(503) 561-7000,http://www.oregonplasticsurgeons.com,,
118251080,Original Skin,32.41201500,-97.78757197,2901 Glen Rose Hwy Suite 6,,Granbury,TX,76048,,(815) 980-7093,http://OriginalSkin.glossgenius.com,,
118252776,Origins Aesthetics and Wellness,34.30789562,-83.80730137,"1485 Jesse Jewell Parkway, Suite 180",,Gainesville,GA,30501,,(678) 696-8029,http://Www.Originsaesthetics.com,,
118253603,Oriya Aesthetics,40.75080500,-73.98401000,"5 W 37th St, Suite 710",,New York,NY,10018,,(917) 771-2303,http://www.oriyanyc.com/,,
118251538,Orlando Plastic Surgery Associates,28.75700300,-81.35025500,"4106 W. Lake Mary Blvd., Ste 212",,Lake Mary,FL,32746,,(407) 333-2525,http://orlandopsa.com,,
118252938,Osiris Medical Spa,38.66786335,-90.44281482,664 N. New Ballas Rd,,Creve Coeur,MO,63141,,(314) 786-5434,http://www.osirismedicalspa.com,,
118253786,Oulmas Paris Aesthetics,38.87303507,-77.22439801,2901 Telestar Ct #501,,Falls Church,VA,22042,,(703) 202-2986,http://www.sandraoulmas.com,,
118251712,Our Little Secret Aesthetics,26.55934351,-81.88801342,6309 Corporate Ct. Suite 120,,Fort Myers,FL,33919,,,http://ourlittlesecretaesthetics.com,,
118251568,Ovation medical spa,29.76862850,-95.45020180,480 woodway drive suite 150w,,Houston,TX,77056,,(713) 936-2490,http://Www.ovationmedspa.com,,
118253055,Ozark Dermatology,36.13065920,-94.13801542,4375 N Vantage Dr. #305,,Fayetville,AR,72703,,(479) 443-5100,http://ozarkderm.com,,
118253289,Padma Aesthetics & Wellness,30.18349453,-81.70213386,534 Park Ave. Ste 6,,Orange Park,FL,32073,,(904) 717-1877,http://www.padmabeauty.com,,
118251995,Palmetto Facial Aesthetics,33.92824300,-80.36679100,430 N Guignard Dr.,,Sumter,SC,29150,,(803) 883-6171,http://www.palmettofamilydenistry.com,,
118251952,Palmetto Facial Aesthetics,33.92848600,-80.36672000,434 N Guignard Drive,,Sumter,SC,29150,,(803) 883-6171,http://www.instagram.com/palmettofacialaesthetics,,
118250842,Pampering Aesthetics Rejuvenation Spa,29.58924848,-98.30516106,"9330 Corporate Dr., Suite 502",,Selma,TX,78154,,(210) 701-3887,http://www.pamperingaesthetics.com,,
118252399,Paper Moon Beauty,37.04411000,-122.02542780,4 Camp Evers Ln,,Scotts Valley,CA,95066,,(831) 200-3522,http://www.papermoonbeauty.co/,,
118251498,Paradise Aesthetics,46.86022700,-68.01316400,24 Sweden St. 2nd floor,,Caribou,ME,04736,,,http://Paradiseaestheticspa.com,,
118251732,Paradise On Columbia Med Spa,30.47492100,-90.09399800,200 N Columbia Street,,Covington,LA,70433,,(985) 892-8876,http://ParadiseonColumbia.com,,
118250718,Park Avenue Esthetics,41.48606797,-72.80641193,85 Barnes Rd Suite 108,,Wallingford,CT,06492,,(203) 793-7550,http://www.parkavenuesthetics.com,,
118251870,Park Place Medical Spa,41.72676500,-86.16883600,15615 IN-23,,Granger,IN,46530,,(574) 850-0454,http://parkplacemedicalspa.com/,,
118252916,Partners in Plastic Surgery of West Michigan,42.93747035,-85.56701402,4070 Lake Drive SE Ste 202,,Grand Rapids,MI,49546,,(616) 464-4420,http://www.pipsmd.com,,
118252531,Pathway Wellness,30.45624990,-84.23731380,2425 Mahan Dr,,Tallahassee,FL,32308,,(850) 386-8282,http://pathwaywellness.com,,
118253326,Peaches + Co,30.08585205,-81.53625353,"35 Durbin Station Court, suite 104",,St. Johns,FL,32092,,(904) 878-9232,http://Withpeaches.co,,
118251347,Peachtree Dermatology,33.83835544,-84.37501382,"371 E. Paces Ferry Road, Suite 900",,Atlanta,GA,30305,,(404) 495-3788,http://peachtreedermatology.com/,,
118251854,Peachy Clean Skincare Studio,47.85717841,-121.97191998,209 N. Blakely St. Suite 101,,Monroe,WA,98272,,(360) 722-6230,http://www.peachycleanskincarestudio.com,,
118252468,Peak and Health Aesthetics,29.99704915,-95.59601566,11700 Louetta Rd Suite A,,Houston,TX,77070,,(713) 936-9750,http://peakhealthtexas.com/,,
118253246,Peak Wellness & Aesthetics,35.58075830,-82.55113525,2 Doctors Park Suite C,,Asheville,NC,28801,,,http://PeakMobileIV.com,,
118253235,Peak Wellness & Aesthetics,35.58075830,-82.55113525,2 Doctors Park Suite C,,Asheville,NC,28801,,,http://PeakMobileIV.com,,
118253421,Pearl Scott Health and Beauty,35.88027000,-84.16145600,11408 Kingston Pike Suite 400,,Knoxville,TN,37934,,(865) 454-2122,http://www.pearlscottbeauty.com,,
118252622,Pearl Skin Aesthetics,34.73435691,-86.59271419,"415 Church Street NW, Suite C",,Huntsville,AL,35801,,(256) 936-4770,http://psamedspa.com,,
118252816,Peel Aesthetics,34.51405655,-84.93331392,668 Red Bud Road,,Calhoun,GA,30701,,(770) 548-3318,http://peelaesthetics.com/,,
118250716,Pelle Dolce Medical Aesthetics,41.64516823,-72.67871191,945 Cromwell Ave suite H,,Rocky Hill,CT,06067,,(860) 879-6851,http://www.pelledolcea.com,,
118251605,Pelle Medical Spa,42.95287037,-71.44401171,159 Frontage Road,,Manchester,NH,03103,,(603) 627-7000,http://pellemedicalspa.com,,
118250973,PELLRADIANT SKIN HEALTH,29.75464875,-95.45131564,50 BRIAR HOLLOW LANE SUITE 105,,HOUSTON,TX,77027,,,,,
118252661,Peninsula Plastic Surgery,37.59406159,-122.38172005,1750 El Camino Real STE 405,,Burlingame,CA,94010,,(650) 692-0467,http://Drrosenfield.com,,
118252404,Perception Aesthetic,33.49937500,-111.92326400,"7329 E Stetson Drive, Suite 18",,Scottsdale,AZ,85251,,(425) 832-0962,http://www.perceptionaesthetic.com,,
118252811,Perceptions Aesthetic Spa,38.76163507,-121.24851987,1426 E Roseville Pkwy Suite 180,,Roseville,CA,95661,,(916) 787-0155,http://perceptionsaestheticspa.com,,
118252810,Perceptions Aesthetic Spa,38.66536335,-121.24321986,8525 Madison Ave Suite 144,,Fair Oaks,CA,95628,,(916) 844-0155,http://Perceptionsaestheticspa.com,,
118252736,Perfect 10 Aesthetics,26.56244054,-81.94535386,1515 Cape Coral Pkwy,,Cape Coral,FL,33904,,(239) 462-2766,http://perfect10x.com,,
118251397,Perfection Skincare & Esthetics,43.44497118,-112.04291836,468 Spring Meadows Drive,,Idaho Falls,ID,83404,,(208) 589-4859,,,
118253664,PERK Plastic Surgery,34.06734800,-118.40862300,"9777 Wilshire Blvd, Suite 711",,Beverly Hills,CA,90212,,(310) 881-8703,http://www.bevhills.com,,
118253597,Petal + Stem Aesthetic and Longevity Institute,44.93824400,-92.95665600,796 Bielenberg Drive Suite 102,,Woodbury,MN,55125,,(612) 615-7836,http://www.petalstemmedspa.com,,
118251491,"Peter A.D. Rubin, M.D.",26.84543984,-80.08941312,3401 PGA Blvd Suite 430,,Palm Beach Gardens,FL,33410,,,http://www.eyelidexperts.com,,
118252506,PetraÕs Massage Therapy & Weightloss Clinic,35.54365823,-97.56521599,7200 N May Ave Suite A,,Oklahoma City,OK,73116,,(405) 784-7191,http://petrasmassage.com,,
118251438,Petroff Center Plastic Surgery & Medi Spa,45.39786700,-122.73779600,17720 Jean Way Suite 100,,Lake Oswego,OR,97035,,(503) 543-1270,http://www.petroffcenter.com,,
118251618,PhoebeGlow Aesthetics,33.09246013,-97.13139836,2660 FM 407 #201,,Bartonville,TX,76226,,(469) 237-9509,,,
118252671,Physician Aesthetic Specialists,38.97086385,-94.72411552,11901 W 87th St Pkwy,,Lenexa,KS,66215,,(913) 348-6661,http://physicianaestheticspecialists.com/,,
118251002,Piedmont Plastic Surgery & Dermatology,35.03325740,-80.80691324,5815 Blakeney Park Dr.,,Charlotte,NC,28277,,(704) 542-2220,http://www.ppsd.com,,
118252193,Piedmont Plastic Surgery & Dermatology,35.39900400,-80.86423700,13539 Reese Blvd W,,Huntersville,NC,28078,,(704) 892-4878,http://www.ppsd.com,,
118253705,Piedmont Plastic Surgery and Dermatology Belmont,35.22218800,-81.03698600,974 South Point Road Suite D,,Belmont,NC,28012,,(704) 755-8020,http://ppsd.com,,
118253712,Piedmont Plastic Surgery and Dermatology Building 100,35.72811100,-81.30633400,"315 19th St. SE, Building 100",,Hickory,NC,28602,,(828) 325-9849,http://ppsd.com,,
118253713,Piedmont Plastic Surgery and Dermatology Building 200,35.72811100,-81.30633400,"315 19th St. SE, Building 200",,Hickory,NC,28602,,(828) 328-3500,http://ppsd.com,,
118253704,Piedmont Plastic Surgery and Dermatology Gastonia,35.27504700,-81.13584900,937 Cox Road,,Gastonia,NC,28054,,(704) 898-8014,http://ppsd.com,,
118253703,PIedmont Plastic Surgery and Dermatology Shelby,35.30451600,-81.51294700,105 Delta Park Drive,,Shelby,NC,28150,,(704) 482-0308,http://ppsd.com,,
118253668,Pier Medical Aesthetics,33.86452000,-118.39743300,415 Pier Avenue,,Hermosa Beach,CA,90254,,(310) 379-6074,http://www.pieraesthetics.com,,
118252360,Pink Aesthetics,30.33674970,-97.68291600,8101 Cameron Rd suite 103,,Austin,TX,78754,,(512) 483-1555,http://pinkaesthetics.glossgenius.com,,
118253436,Pinnacle Beauty,33.51809549,-101.97429167,8347 Upland Ave,,Lubbock,TX,79424,,(806) 808-0606,http://pinnacleperformancewellness.com,,
118252873,Pinnacle Dermatology,31.91755229,-102.28491676,4040 Medical Park Dr,,Odessa,TX,79765,,(432) 333-6603,http://pinnacleskin.com,,
118252609,Piscataqua Dental Partners & Medi Spa,43.06107055,-70.76971159,288 Lafayette Road (Building A),,Portsmouth,NH,03801,,(603) 431-4559,http://piscataquadental.com,,
118253732,Plastics Medspa,33.58587800,-111.88500100,"9070 E Desert Cove Ave, Suite A 103",,Scottsdale,AZ,85260,,(480) 931-3008,http://www.plasticsmedspa.com,,
118252275,Plastics Medspa,33.48885487,-111.92518338,"3501 N Scottsdale Rd STE 226, 226",,Scottsdale,AZ,85251,,(480) 931-3008,http://www.plasticsmedspa.com,,
118250662,Plaza Aesthetics,29.72173200,-95.38244200,"1801 Binz St., Suite 510",,Houston,TX,77004,,(800) 267-9791,http://www.plazaaesthetics.com,,
118252005,Plaza Wellness Center,40.93126706,-74.11531214,6-20 Plaza Road,,Fair Lawn,NJ,07410,,(201) 509-8900,http://plazahealthnj.com,,
118251133,Plumb + Pine,39.50496472,-119.81581963,"538 W Plumb Ln., Suite B",,Reno,NV,89509,,(775) 300-1096,http://www.plumbandpine.com,,
118252952,Plump and Glo Aesthetics,41.42126786,-87.36391431,250 N Main St,,Crown Point,IN,46307,,(219) 203-8974,http://www.plumpandglo.com,,
118252953,Plump and Glo Aesthetics,41.42126786,-87.36391431,250 N. MAIN ST. SUITE 8,,CROWN POINT,IN,46307,,(219) 203-8974,http://Www.plumpandglo.com,,
118253728,Plump RX Med Spa,42.52201202,-71.10725502,2 Haven Street Suite 309,,Reading,MA,01867,,(781) 727-1677,http://plumprxmedspa.com,,
118252515,Plumped Beauty,34.00525571,-96.39081579,1201 N Washington Ave,,Durant,OK,74701,,(580) 634-2852,http://plumpdbeauty.com,,
118251922,PlumpÕd Beauty,34.00525571,-96.39081579,1201 N Washington Avenue,,Durant,OK,74701,,(580) 634-2852,http://plumpdbeauty.com,,
118253718,Plush Bespoke Beauty,40.82775566,-74.33541567,85 Eagle Rock Ave,,East Hanover,NJ,07936,,(908) 875-2080,http://plushbespokebeauty.com/,,
118251964,Poise Aesthetics,37.68646175,-97.31001594,2216 E Douglas Ave,,Wichita,KS,67214,,(316) 260-2750,http://Poiseaesthetics.com,,
118253792,Poke Me Pretty,33.67286802,-112.23911961,20783 N 83rd Ave Unit 111,,Peoria,AZ,85382,,(480) 673-6297,http://Pokemepretty.com,,
118253215,Polished Salon Spa and Wellness,40.24056593,-76.90681260,1200 Market Street,,Lemoyne,PA,17043,,(717) 975-9036,http://Www.polishedspa.com,,
118253529,Ponte Vedra Plastic SurgeryÑAmelia Island,30.58287500,-81.45463600,5472 First Coast Highway #3,,Fernandina Beach,FL,32034,,,http://www.pvps.com,,
118253543,Ponte Vedra Plastic SurgeryÑGate Parkway,30.23179495,-81.51223134,11512 Lake Mead Avenue,,Jacksonville,FL,32256,,(904) 664-1552,http://www.pvps.com,,
118253542,Ponte Vedra Plastic SurgeryÑNocatee,30.10870800,-81.42125200,480 Town Plaza Avenue,,Ponte Vedra Beach,FL,32081,,(904) 664-1552,http://www.pvps.com,,
118253544,Ponte Vedra Plastic SurgeryÑPonte Vedra Beach,30.24681700,-81.38948100,209 Ponte Vedra Park Drive,,Ponte Vedra Beach,FL,32082,,(904) 664-1552,http://www.pvps.com,,
118253541,Ponte Vedra Plastic SurgeryÑSt. Johns,30.05905300,-81.52732500,304 Ashourian Avenue,,St. Augustine,FL,32092,,(904) 664-1552,http://www.pvps.com,,
118253003,Poppin Skin Spa,35.79435865,-78.74871290,"7406 Chapel Hill Road, Building C&D",,Raleigh,NC,27607,,(919) 753-8856,http://www.poppinskinspa.com,,
118251978,Poppywell Aesthetics & Wellness,38.32235127,-122.29548048,3270 Beard Road,,Napa,CA,94558,,(707) 258-1366,http://Poppywellnapa.com,,
118253528,Porto Cosmetic Surgery,39.98973400,-85.91111400,14300 E 138th St Building B Suite D,,Fishers,IN,46037,,(317) 558-3460,http://www.drstevenporto.com,,
118251010,Posh Aesthetics and Salon,33.55554977,-79.04241295,631 Bellamy Ave,,Murrells Inlet,SC,29576,,(843) 299-0313,http://www.poshaestheticssc.com,,
118251905,Posh Beauty,47.57827795,-122.62312009,1935 Wheaton Way,,Bremerton,WA,98310,,(808) 436-4587,http://www.sofiafivella.glossgenius.com,,
118251042,Posh Blush,33.46265483,-112.39001841,15367 W McDowell Rd Suite 141,,Goodyear,AZ,85395,,(602) 688-0658,http://poshblushaz.com/,,
118251248,Potion,30.22994953,-97.78681602,1825 Fort View Rd #107,,Austin,TX,78704,,(512) 572-7872,http://www.potiontx.com/,,
118251216,Practically Perfect Wellness and Med Spa,34.24225610,-84.39681383,5615 Cumming Hwy,,Canton,GA,30115,,(678) 880-9374,http://practicallyperfectmedspa.com,,
118253719,Practitioners of SWFL,26.62523646,-81.94095848,"1404 Del Prado Blvd S, #150",,Cape Coral,FL,33990,,(239) 471-2310,,,
118252855,Precision Aesthetics at Huntsville Pediatric Ophthalmology & Adult Strabismus,34.73505691,-86.58721419,401 Meridian Street N Suite 300,,Huntsville,AL,35801,,(256) 715-3080,http://www.hsveyes.com,,
118250683,Precision Medical Aesthetics,44.53472966,-122.90682014,1195 South Main Street,,Lebanon,OR,97335,,(808) 265-5970,http://www.pm-aesthetics.com,,
118251271,Precision-Medspa,29.79004881,-98.75081618,28715 Interstate 10,,Boerne,TX,78006,,(512) 713-8586,http://precision-medspa.com,,
118251217,Precision-Medspa Boerne,29.79004881,-98.75081618,28715 Interstate 10,,Boerne,TX,78006,,(830) 532-5597,http://www.precision-medspa.com,,
118251041,Premier Aesthetics,36.14295922,-115.26411888,7965 W Sahara,,Las Vegas,NV,89117,,(702) 234-0001,http://www.Premieraestheticslv.com,,
118253536,Premier Dermatology of Florida,29.85668400,-81.32947800,109 Whitehall Drive unit 117,,Saint Augustine,FL,32084,,(904) 460-2388,http://Www.premierdermoffl.com,,
118252946,premier Esthetics,41.54936807,-84.14111379,107 E Elm Street,,Wauseon,OH,43567,,(419) 330-4121,http://www.premierestheticsmedspa.com,,
118252689,Premier Image Cosmetic and Laser Surgery,33.92118600,-84.35937500,6085 Barfield Rd #100,,Sandy Springs,GA,30328,,(770) 457-6303,http://www.picosmeticsurgery.com,,
118251015,"Premier Medical & MedAesthetic Center, LLC",33.52095492,-81.72081339,958 Millbrook Ave. Suite 2,,Aiken,SC,29803,,(803) 617-7555,http://www.premiermedispa1.com,,
118253047,Premier Plastic Surgery & Aesthetics,35.60265833,-97.61971599,13128 N MacArthur Blvd,,Oklahoma City,OK,73142,,(405) 945-0001,http://premierokc.com,,
118251387,Premier Surgical Arts,29.80094883,-95.38141563,1624 Airline Dr,,Houston,TX,77009,,(832) 930-7660,http://premieresurgicalarts.com/,,
118251195,PREMIER WELLNESS CLEAR LAKE,29.54584841,-95.12911559,15 PROFESSIONAL PARK DRIVE,,WEBSTER,TX,77598,,(832) 632-1905,http://premierwellnessclearlake.com,,
118252779,Prescription Aesthetics & Wellness Spa,33.44605480,-86.79231422,700 Montgomery Hwy,,Vestavia Hills,AL,35216,,(205) 822-8787,,,
118251864,Prescription Beauty Medical Aesthetics,37.35166120,-85.35571398,102 Winston Way Suite 1,,Campbellsville,KY,42718,,(270) 403-2208,http://www.myrxforbeauty.com/,,
118252485,Prestige Beauty by Mayara,40.47006631,-74.34931218,190 Pulaski Ave,,Sayreville,NJ,08872,,(848) 280-2003,http://www.prestigebeautybymayara.com,,
118252849,Prestige Medical Spa,33.61555508,-85.81121406,"1419 hamric dr east, suite 102, suite 102",,OXFORD,AL,36203,,(256) 241-6772,http://www.prestigemedicalspa.com,,
118253054,Pretty by Parkhill,36.10925916,-94.15991543,3215 N. North Hills Blvd. Suite 3,,Fayetville,AR,72703,,(479) 521-4433,http://parkhillclinic.com,,
118250896,Pretty Little Lines,39.99168000,-111.78398200,94 E 920 N,,Santaquin,UT,84655,,(801) 609-1231,http://www.prettylittlelinesut.com,,
118252698,Pretty Please Aesthetics,38.73232300,-121.22652600,1895 E. Roseville Pkwy,,Roseville,CA,95661,,(916) 899-4707,http://prettypleaseaesthetics.com,,
118252051,Pretty Please Aesthetics,38.56506318,-121.43371990,924 57th St,,Sacramento,CA,95819,,(916) 287-1725,http://www.prettypleaseaesthetics.com,,
118253624,Pretty Shots Aesthetics,40.28527660,-73.98198121,608 Ocean Ave,,Long Branch,NJ,07740,,(848) 469-0762,http://prettyshotsnj.com/home,,
118252132,Pretty Special Med Spa,32.43175314,-93.72551536,7607 Fern Avenue Suite 501,,Shreveport,LA,71105,,,,,
118251851,Prim Aesthetics,45.77687500,-84.72713882,502 S Huron Avenue,,Mackinaw City,MI,49701,,(906) 240-9140,http://www.primaesthetics.com,,
118252920,Prim Aesthetics,45.77687500,-84.72713882,502 S Huron Avenue,,Mackinaw City,MI,49701,,(906) 322-7176,http://www.primaesthetics.com,,
118252919,Prim Aesthetics,46.49976185,-84.34601382,225 Ashmun Street,,Sault Ste. Marie,MI,49783,,(906) 240-9140,http://www.primaesthetics.com,,
118251850,Prim Aesthetics,46.49951762,-84.34643138,225 Ashumun St.,,Sault Ste.Marie,MI,49783,,(906) 240-9140,http://www.primaesthetics.com,,
118250706,"Prime MediSpa: Z. Michael Taweh, MD",41.40646784,-73.44651203,27 Hospital Ave Suite 403,,Danbury,CT,06810,,(475) 256-5214,http://www.primemedispa.com,,
118251772,Prime Vitality,29.53684839,-98.58751615,10007 huebner rd suite 302,,San antonio,TX,78240,,(210) 876-1635,http://Www.primevitalitywellness.com,,
118251556,Prime Vitality,29.53684839,-98.58751615,10007 Huebner Road Suite 302,,San Antonio,TX,78240,,(210) 876-1635,http://www.primevitalitywellness.com,,
118251269,Principle Artistry,33.43965479,-112.42171842,765 S. Cotton Ln Suite 206,,Goodyear,AZ,85338,,(520) 329-7131,http://www.principleartistry.com,,
118252518,Proffer Surgical Associates,35.19445766,-101.91931670,1611 Wallace Blvd,,Amarillo,TX,79106,,(806) 354-4900,http://drproffer.com,,
118252087,Project Glammers,40.62808300,-73.97524000,"202 Foster Ave , suite D",,Brooklyn,NY,11230,,(848) 333-8235,http://Fostermanag@gmail.com,,
118253030,Proper Health and Wellness,26.00684261,-80.31961316,1 SW 129th Ave Suite 105,,Pembroke Pines,FL,33027,,(754) 888-9088,http://Www.propermedspa.com,,
118250832,Ps Medical Aesthetics,43.59557143,-116.51381909,2805 Blaine St. Suite 160,,Caldwell,ID,83605,,208-949-5524,http://www.fivesquaremedspa.com,,
118252664,Pur Aesthetics and Wellness,41.72636836,-86.17661412,7225 Heritage Square Drive #240,,Granger,IN,46530,,(574) 400-8082,http://www.puraestheticsandwellness.com,,
118252885,Pura Medical Aesthetics,29.72574870,-95.41115632,"2222 Bissonnet St, Suite 103",,Houston,TX,77003,,(281) 657-6074,http://www.thepuralife.com,,
118253386,Pura Vida Wellness,41.67562683,-81.31600133,9179 Mentor Ave,,Mentor,OH,44060,,(440) 290-0755,http://www.puravidawllnessmentor.com,,
118251359,Pure Aesthetics,33.55865498,-79.03661295,4111 Murrells Inlet Rd,,Murrells Inlet,SC,29576,,(843) 429-8255,http://www.pureaestheticscenter.com,,
118252723,Pure Allure Aesthetics,35.98225895,-78.54291287,12335 Wake Union Church Road Suite 203,,Wake Forest,NC,27587,,(919) 822-9367,http://www.pureallure.me,,
118250693,Pure Beauty Aesthetics,44.63667313,-123.10712017,121 Broadalbin St. SW,,Albany,OR,97321,,(541) 908-2502,http://www.purebeautyaesthetics.net,,
118253118,Pure Beauty Med Spa,38.52876313,-90.48861483,1747 Smizer Station Rd. Ste 3,,Fenton,MO,63026,,(314) 712-8883,http://purebeautystl.com,,
118253617,Pure Beauty Spa,26.26080400,-98.22084300,6401 N 10th St. Ste 100,,McAllen,TX,78504,,(956) 800-4257,http://purebeautyspa.net,,
118252553,Pure Body Benefits,32.85232470,-97.42214966,6340 Cromwell-Marine Creek Road Suite 116,,Fort Worth,TX,76179,,(682) 250-2266,http://Purebodybenefits.com,,
118251633,Pure Elements Medical Spa,30.42624985,-84.23301380,7271 North SR 7,,Parkland,FL,33073,,(850) 317-0531,http://pureelementsmedicalspa.com/,,
118252114,Pure Excellence Esthetics,39.56286482,-104.88121718,"8481 S. Yosemite St., suite 901",,Lone Tree,CO,80124,,(720) 282-1900,http://www.pureexcellenceesthetics.com,,
118252136,Pure Grace Skin Esthetics,31.50180500,-90.26982800,1028 Townsend Drive,,Brookhaven,MS,39601,,(601) 996-0150,,,
118252784,Pure Health Aesthetics & Wellness,40.16596581,-83.01881360,8611 Columbus Pike,,Lewis Center,OH,43035,,(614) 839-1044,http://www.purehealthmedical.com,,
118250837,Pure Reflection MedSpa,35.73105854,-81.31861332,915 Tate Blvd SE #174,,Hickory,NC,28602,,(828) 345-1290,http://www.purereflectionmedspa.com,,
118251928,Pure Skin and Aesthetics,36.12149000,-97.06230100,121 S Duck St suite 1,,Stillwater,OK,74074,,(405) 533-3345,http://pureskinstillwater.com,,
118253558,Pure Skin Care Pittsburgh,40.45420400,-80.16284700,1310 Park Manor Blvd,,Pittsburgh,PA,15205,,(814) 229-6472,http://www.pureskinpittsburgh.com,,
118251735,Pure Skin Medi Spa,30.19984948,-92.01431508,1309 W Pinhook Road,,Lafayette,LA,70503,,(337) 268-9719,,,
118251642,Pure Skin Studios,38.77186352,-121.36891989,2340 Pleasant Grove Blvd Suite 160,,Roseville,CA,95747,,(916) 580-9149,http://Pureskin-studios.com,,
118253791,Pure Skin Studios,38.87857260,-121.08062181,12230 Herdal Drive Suite 13,,Auburn,CA,95603,,,http://Pureskin-studios.com,,
118251558,Pure Skincare Aesthetics,27.29714472,-82.51371352,"4001 Swift Road, Suite #2",,Sarasota,FL,34231,,(941) 350-8568,http://www.pureskincareaesthetics.com/,,
118251501,Pure Skincare Studio,42.36487600,-71.17776800,150 Arsenal St. suite 212,,Watertown,MA,02472,,(617) 584-6454,http://Www.pureskincarema.com,,
118251483,Pure Vitality MedSpa,35.25365776,-80.43771318,113 Renee Ford Rd,,Locust,NC,28097,,(980) 354-7063,http://www.purevitalitylocust.com,,
118253381,Pure Wellness Med Spa,29.21284691,-82.19412657,"4407 NW Blitchon Road Ocala, Fl 34482",,Ocala,FL,34482,,,http://PureWellnessMedSpa.com,,
118253754,PureBeauty,26.26088719,-98.22034506,6401 N. 10th Street Ste 100,,Mc Allen,TX,78504,,(956) 800-4257,,,
118252271,Purebella Aesthetic Boutique,33.37405468,-84.79941389,8 Greenville st,,Newnan,GA,30263,,(770) 755-6610,http://Purebellamedspa.com,,
118252120,PurefectionLA,34.15255955,-118.35119391,10137 Riverside Drive Suite 203,,Toluca Lake,CA,91602,,(818) 743-8877,http://Www.purefectionla.com,,
118251951,Purely Aesthetic,33.46591500,-112.04104700,1904 E Mcdowell Rd.,,Phoenix,AZ,85006,,(602) 507-0102,http://thepurelyaesthetic.glossgenius.com,,
118251351,Purely K Skincare,44.05057217,-121.32311988,147 SW Shevlin Hixon Drive Suite 204B,,Bend,OR,97702,,(541) 788-7281,http://ww.purelykskincare.com,,
118251812,Purple Basil Med Spa,33.11405425,-96.80215860,9300 John Hickman #901,,Frisco,TX,75035,,(925) 314-5556,http://Purplebasilmedspa.com,,
118250659,Purple Peach Aesthetics,29.55404842,-95.18271559,"4325 FM 2351, Suite 120",,Friendswoods,TX,77546,,(832) 388-0508,http://www.purplepeachaesthetics.com,,
118251191,PŸr Elements Skin Spa,34.59665668,-98.39921612,709 SW B AVE,,Lawton,OK,73501,,(580) 232-7538,,,
118251537,QB Essentials & Esthetics,31.51995164,-97.19721592,6600 Sanger Ave Suite 25,,Waco,TX,76710,,(636) 614-6299,,,
118253082,Quail Creek Med Spa,26.29584308,-81.72961339,13300 Valewood Drive,,Naples,FL,34119,,(239) 597-2831,http://www.quailcreekcc.com,,
118252028,Quella Esthetics,44.28687256,-88.39714483,620A East Longview Drive,,Appleton,WI,54911,,(920) 843-4062,http://quellaestheticsllc.com/,,
118253361,Qway Med Spa LLC,25.83136423,-80.27346132,1035 E 4th Avenue,,Hialeah,FL,33010,,(305) 884-0134,http://qwaymedspa.com,,
118253031,Qway Med Spa LLC,25.83134232,-80.27341315,1015 East 4th Avenue,,Hialeah,FL,33010,,(305) 884-0134,http://qwaymedspa.com,,
118251370,R&R Skin and Aesthetics,25.68624208,-80.31013158,9069 S Dixie Hwy,,Pinecrest,FL,33156,,,http://rrskin.com,,
118252155,Rachel Harper Skincare,29.77124878,-95.38071563,"2200 Edwards St., Suite 103",,Houston,TX,77007,,(281) 425-9305,http://www.rachelharperskincare.com,,
118251128,Rachel Joyce Skin,35.67145844,-80.47311318,123 N. Ellis St. #203,,Salisbury,NC,28144,,(336) 909-8711,http://www.racheljoyceskin.com,,
118251054,Rad Skin,46.42177606,-117.02901917,301 Main Street Suite 101,,Lewiston,ID,83501,,(208) 305-6398,,,
118253049,Radian Medical Spa,35.54635824,-97.52921598,7318 N Western Ave,,Nichols Hills,OK,73116,,(405) 242-6040,http://radianmedicalspa.com,,
118253401,Radiance Aesthetics,41.62741000,-71.09647000,519 American Legion Hwy Unit 4 (2nd floor),,Westport,MA,02790,,(508) 422-0333,http://radianceaestheticswestport.com,,
118253407,Radiance Aesthetics,41.62741000,-71.09647000,"519 American Legion HWY, Unit 4",,Westport,MA,02790,,(508) 422-0333,http://radianceaestheticswestport.com,,
118252205,Radiance by Roller,36.11836500,-94.13599400,1695 E Rainforest Rd,,Fayetteville,AR,72703,,(479) 316-0458,http://www.radiancebyroller.com,,
118250751,Radiance Medical Aesthetics,35.60758339,-97.57751599,"3308 Northwest 135th Street, Suite 100",,Oklahoma City,OK,73120,,(405) 807-6265,http://www.rmaok.com,,
118253075,Radiance Rx Skin & Aesthetics,35.75615858,-79.16571297,50 Lifestyle Place Suite 110,,Pittsboro,NC,27312,,(919) 373-2413,http://www.radiancerx.com,,
118252984,Radiance Rx Skin & Aesthetics,35.74645857,-78.88412924,2046 Creekside Landing Drive,,Apex,NC,27502,,(919) 303-4777,http://www.radiancerx.com,,
118251551,Radiance Surgery and Aesthetic Medicine,33.92225558,-84.35081382,6133 Peachtree Dunwoody Rd,,Atlanta,GA,30328,,(678) 412-0311,http://www.discoverradiance.com,,
118252440,Radiant Aesthetics,33.90095554,-98.50331614,1101 Brook Ave.,,Wichita Falls,TX,76301,,(940) 228-7573,http://Www.radiantaesthetics.net,,
118252498,Radiant Complexions Skin Lounge,30.35774974,-97.98001605,"2220 Lakeway Blvd, STE 110",,Austin,TX,78734,,(512) 653-5709,http://www.radiantskinlounge.com,,
118252865,Radiant Facials,30.04949600,-95.24040500,2620 Chestnut Ridge RD,,Kingwood,TX,77339,,(979) 733-1760,http://www.radiantfacialskingwood.com,,
118252455,Radiant Skin Med Spa,31.94615234,-81.31371332,2591 Hwy 17 #301,,Richmond Hill,GA,31324,,(912) 459-7546,http://Www.radiantskinrichmondhill.com,,
118251891,Rae Aesthetics,39.28926437,-80.24961315,126 e smith street,,Bridgeport,WV,26330,,(304) 641-6495,http://sierramurphy.glossgenius.com/,,
118251887,Rae Aesthetics,39.28436436,-80.25261315,147 W Main St,,Bridgeport,WV,26330,,(304) 848-8266,http://sierramurphy.glossgenius.com,,
118253213,Rae Aesthetics,40.59866516,-75.52512374,3026 Tilghman St. Suite 103,,Allentown,PA,18104,,(484) 273-0333,http://Rae-aesthetics.com,,
118252111,Rae Aesthetics,40.59834100,-75.52456600,3026 Tilghman Street - Suite 103,,Allentown,PA,18104,,(610) 360-3890,http://Rae-aesthetics.square.site,,
118250664,Ranka Skin Med Spa,33.94599400,-84.33337600,1611 Mount Vernon Road,,Atlanta,GA,30338,,(678) 308-2908,http://www.rankaskin.com,,
118252331,Raw Beauty Skin + Wellness Spa,36.11655917,-97.05811590,505 S. Main St,,Stillwater,OK,74074,,(405) 533-3130,http://www.rawbeautystillwater.com,,
118253780,Raye Skin Studio,40.04283990,-86.12688278,136 E. Main St.,,Westfield,IN,46074,,(463) 272-0923,http://www.rayeskinstudio.com,,
118251525,"Raymi's Touch Esthetics , LLC",42.77347008,-71.08511165,62 Wingate St. C1,,Haverhill,MA,01828,,(978) 881-8227,http://raymistouchesthetics.com,,
118251713,Re Up Infusions,26.32104312,-80.20371314,7271 N State Rd. 7 Suite B4,,Parkland,FL,33073,,,http://reupinfusions.com,,
118253680,Re'Nue Wellness Bar,30.70729700,-95.54568200,2405 Ave i Suite C,,Huntsville,TX,77340,,(936) 202-3175,http://www.renuewellnessbar.com,,
118252812,REAL Aesthetic Medicine + Skincare Science,38.44586299,-122.68642010,2322 Midway Dr,,Santa Rosa,CA,95409,,(707) 800-4880,http://realaestheticmed.com,,
118253557,Rebel Aesthetics PLLC,35.81457587,-78.81763129,309 View Dr,,Morrisville,NC,27560,,(919) 659-5859,http://www.rebel-aesthetics.com,,
118251869,Rebel Aesthetics PLLC,35.81457587,-78.81763129,309 View Dr,,Morrisville,NC,27560,,(919) 659-5859,http://www.rebel-aesthetics.com,,
118251526,Rebel Beauty Bar,30.17307200,-97.83025500,2311 Riddle Rd,,Austin,TX,78748,,(512) 256-4736,http://www.rebelbeautyatx.com/,,
118250723,Red Barn Wellness Center,43.72987165,-70.24181151,19 Northbrook Dr. Suite 111,,Falmouth,ME,04105,,(207) 310-8929,http://www.redbarnwellnesscenter.com,,
118252512,Red River Medical,34.60975670,-98.44616130,4411 W Gore Blvd,,Lawton,OK,73505,,(580) 591-6534,http://redrivermedicalok.com,,
118252847,ReDefine Medical Spa,38.76486351,-93.74151536,220 Maynard St,,Warrensburg,MO,64093,,(660) 262-7770,http://redefinemedicalspa.com,,
118252041,Refine and Revive Medical Spa,45.23974121,-93.66541535,11011 61st Street Northeast,,Albertville,MN,55301,,(763) 276-1010,http://refinerevivemedicalspa.com/,,
118251136,Refine Medical Spa,32.93485396,-97.19831592,2900 W SOUTHLAKE BLVD SUITE 160,,SOUTHLAKE,TX,76092,,(817) 379-9397,http://refine-medspa.com,,
118251291,Refined Aesthetic Medicine,32.42855300,-104.23501400,711 W Church Street,,Carlsbad,NM,88220,,(575) 200-4513,http://www.refinedaestheticmedicine.com/contact-1,,
118251322,Refined Aesthetic Medicine,32.42845313,-104.23501708,711 W. Church St.,,Carlsbad,NM,88220,,(575) 200-4513,http://www.refinedaestheticmedicine.com,,
118253368,Refined Beauty,43.65666715,-116.25913190,5622 West State Street,,Boise,ID,83703,,(208) 296-5477,http://refinedbeautyidaho.com/,,
118251467,Refined WomenÕs Wellness,33.96875565,-84.55141385,699 Church St # 320,,Marietta,GA,30060,,(404) 922-3050,http://www.refinedwomenswellness.com/,,
118250743,REFINEU MED SPA,35.60485833,-97.60361599,"13301 N. Meridian Ave, Suite 300A",,Oklahoma City,OK,73120,,(405) 849-5391,http://www.refineuokc.com,,
118252484,Reflect Medical & Cosmetic Center,40.94316708,-74.15581215,150 Lafayette Ave,,Hawthorne,NJ,07506,,(201) 882-1050,http://reflectcosmetic.com,,
118250993,Reflections Medial Spa,34.15875597,-84.81221390,768 West Ave,,Cartersville,GA,30120,,(770) 383-3552,http://reflections.spa,,
118253051,Reflections Salon and Spa,42.23024700,-85.59130000,260 Milham Ste 260,,Portage,MI,49024,,(855) 307-2200,http://reflectionsmedical.com,,
118250715,Refresh Med Spa at Advanced Biomedical Treatment Center,41.81900400,-72.72603600,35 Jolley Dr. STE 102,,Bloomfield,CT,06002,,(860) 242-2200,http://www.advbiomedtx.com,,
118253702,Refresh Medical Spa & Wellness,35.45979200,-80.88964900,18067 W Catawba Ave Suite 106,,Cornelius,NC,28031,,(980) 216-8484,http://refreshlkn.com,,
118253423,Refyne Wellness and Aesthetics,40.75168200,-96.64083300,"5930 S 58th St, Suite J",,Lincoln,NE,68516,,(402) 409-0850,http://www.refyneneb.com,,
118251541,Reign Medical Aesthetics & Laser Institute,28.56565600,-81.74059300,"290 Citrus Tower Blvd, U 110",,Clermont,FL,34711,,(352) 241-4221,http://www.reignmedicalaesthetics.com,,
118251488,Rejorvenate & Co,26.41594328,-80.07621312,7401 N Federal Hwy Suite 122,,Boca Raton,FL,33487,,,http://www.rejorvenate.co,,
118253678,Rejuva Med Spa,33.62354300,-78.97065200,"The Courtyard, 1500 US-17 Bus, Suite 307",,Surfside Beach,SC,29575,,(843) 999-7777,http://rejuvamedspa.com,,
118252181,Rejuvaskin Aesthetics,33.16290800,-96.36076100,123 McKinney St,,Farmersville,TX,75442,,(512) 743-1583,,,
118252734,Rejuve Anti Aging,33.64235512,-117.59919267,30451 Avenida Las Flores B,,Rancho Santa Margarita,CA,92688,,(949) 787-9800,http://rejuveantiaging.com,,
118252025,Rejuve Med Spa,33.00055407,-96.79371586,18220 Preston Road,,Dallas,TX,75252,,(972) 265-1590,http://www.rejuvemedspa.com/,,
118253757,Rejuve Wellness & Aesthetics,30.15828541,-95.46944901,2408 Timberloch PL Suite D7,,The Woodlands,TX,77380,,(281) 651-5170,http://rejuvemedspatx.com,,
118252316,Rejuvenate & Restore Med Spa,33.84125545,-84.42691383,"3161 Howell Mill Rd. NW, Suite 430",,Atlanta,GA,30327,,(678) 841-7055,http://rejuvenateatlanta.com/,,
118251505,Rejuvenate Health,30.05549243,-90.70461486,1935 Lutcher Avenue Suite B,,Lutcher,LA,70071,,(225) 258-1800,http://www.rejuvenatehealth225.com,,
118253231,Rejuvenate on Main,40.88466985,-74.04212131,193 1/2 Main Street,,Hackensack,NJ,07601,,(201) 681-2525,http://rejuvenateonmain.com/,,
118252426,Rejuvenate Wellness and MedSpa,35.68425847,-88.86351456,"1348 Union University Dr., Suite C",,Jackson,TN,38305,,(731) 554-7727,http://rejuvenate-tennessee.com,,
118252249,Rejuvenating Cosmetic Dermatology,40.85956694,-74.28591217,175 Fairfield Ave - Suite 3C,,West Caldwell,NJ,07006,,(973) 228-4343,http://parulbeautyderm.com,,
118252040,Rejuvenation by Minnesota WomanÕs Care,44.92461500,-92.96562800,1687 Woodlane Drive,,Woodbury,MN,55042,,(651) 461-4770,http://rejuvenation.mnwcare.com/,,
118251774,Rejuvenation Clinic Day Spa,34.76924300,-92.39752300,11125 Arcade Drive Suite G,,Little Rock,AR,72212,,(501) 228-4545,http://www.rejuvenationclinic.com,,
118250999,Rejuvenation Clinics Of Georgia,34.30815621,-83.81761373,1212 NE Sherwood Park Drive NE,,Gainesville,GA,30501,,(404) 585-1724,http://www.rcgclinics.com,,
118252085,Rejuvenation Skin Lab,37.50014100,-77.54817600,509 Twinridge Ln,,Richmond,VA,23235,,(804) 924-4569,http://rejuvenationskinlab.com,,
118252680,Rejuvv Luxury Spa,38.85363658,-94.66431551,15106 Glenwood Ave.,,Overland Park,KS,66223,,(913) 242-7049,http://www.rejuvvmedspa.com,,
118252678,Rejuvv Luxury Spa,38.38646289,-93.77941536,1415 N. Water St.,,Clinton,MO,64735,,(660) 362-2768,http://www.rejuvvmedspa.com,,
118252677,Rejuvv Luxury Spa,38.78236354,-93.73561536,"1125 N Simpson Dr, Suite N",,Warrensburg,MO,64093,,(660) 362-2768,http://www.rejuvvmedspa.com/,,
118252681,Rejuvv Luxury Spa,38.70616342,-93.25071528,700 South Limit Avenue,,Sedalia,MO,65301,,(660) 851-0122,http://www.rejuvvmedspa.com,,
118252679,Rejuvv Luxury Spa,39.11982641,-93.20055153,180 South Ellsworth Avenue,,Marshall,MO,65340,,(660) 909-1938,http://www.rejuvvmedspa.com,,
118253778,Rella Aesthetics,38.30369921,-122.23696101,1541 Third Street,,Napa,CA,94559,,(707) 358-2928,http://experiencerella.com,,
118253777,Rella Aesthetics,38.35654318,-121.98710726,542 Main Street,,Vacaville,CA,95688,,(707) 358-2928,http://ExperienceRella.com,,
118252532,Remedy Aesthetics and Wellness,34.26425614,-88.75591454,2213 West Jackson Street,,Tupelo,MS,38801,,(662) 584-2943,http://www.remedytupelo.com,,
118251955,Remedy Aesthetics Medical Spa,33.48545700,-101.93938200,11911 Frankfort Ave suite 100,,Lubbock,TX,79424,,(806) 370-2418,http://Remedyaesthetics.site,,
118253412,Remedy Refined Aesthetics & Wellness,41.60074100,-93.70972100,"6601 University Ave, Suite 103",,Windsor Heights,IA,50324,,(515) 339-4250,http://www.remedyrefinedaesthetics.com,,
118252203,Remedy Skin Studio,40.30686400,-105.09371700,"1211 Lake Avenue, Suite 101",,Berthoud,CO,80513,,(970) 532-2755,http://www.remedyskinstudio.com,,
118253685,Ren Haus Aesthetics,34.82521000,-82.39620200,1990 Augusta St Suite 600,,Greenville,SC,29605,,(864) 616-9134,http://renhausaesthetics.com,,
118250738,Renaissance Dermatology,38.86616368,-77.36101267,12011 Lee Jackson Memorial Hwy,,Fairfax,VA,22033,,(703) 865-6801,,,
118253802,Renaissance Medispa and Wellness Center,41.69228568,-73.93413516,"46 Fox St, Suite 4",,Poughkeepsie,NY,12601,,(845) 271-7653,http://renaissancemedispa.com/,,
118250776,Renaissance Plastic Surgery Skin Care Centre,33.40075472,-84.59221386,"200 Westpark Drive, Suite 200",,Peachtree City,GA,30269,,(770) 450-1245,http://www.rpsptc.com,,
118252417,Renaissance Skin Studio,36.30546803,-86.68796928,"2206 Gallatin Pike N, Suite 105",,Madison,TN,37115,,(615) 496-5454,http://bwsmrkt.con,,
118252670,Renee Mantello Skincare,42.77047008,-73.75621208,10 century hill Dr,,Latham,NY,12110,,,http://www.reneemantelloskincare.com,,
118252686,Renee Skin Spa,26.14137800,-81.79582700,800 5th Ave S,,Naples,FL,34102,,(239) 316-0332,http://reneeskinspa.com,,
118251326,Reneux Wellness,30.40783500,-90.15923200,400 Cedar St A,,Maddison,LA,70447,,(985) 206-5058,http://www.ReneuxWellness.com,,
118251325,Reneux Wellness,30.40784982,-90.15923148,400 Cedar St,,Madisonville,LA,70447,,(985) 206-5058,http://www.ReneuxWellness.com,,
118251671,Renew Beauty Med Spa,32.86835385,-96.77351586,8687 North Central Expressway Suite 2220 NorthPark Center,,Dallas,TX,75225,,(214) 369-1600,http://www.renewbeautymedspa.com,,
118252752,Renew Delta Aesthetics and Wellness,33.37805469,-91.05661492,1687 South Main Street,,Greenville,MS,38701,,(662) 702-3593,http://www.renewdelta.com,,
118252533,Renew Dermatology,33.46185482,-86.77831422,"1651 Independence Court, Suite 211",,HOMEWOOD,AL,35209,,(205) 580-1500,http://renewdermatology.net,,
118252534,Renew Dermatology,33.41355474,-86.66631420,2827 Greystone Commercial Blvd,,Hoover,AL,35242,,(205) 580-1500,http://renewdermatology.net,,
118252860,Renew Face & Laser,33.47466740,-88.81649208,101 Walker Way,,Starkville,MS,39759,,(662) 498-1116,http://www.renewfaceandlaser.com,,
118252202,Renew MD Facial Aesthetics,32.94093400,-97.15544400,"231 W Southlake Blvd, Suite 160",,Southlake,TX,76092,,(817) 678-5388,http://www.renewmdmedspa.com,,
118251508,Renew Medi Spa,31.69295193,-89.13331460,605 Commerce Street,,Laurel,MS,39440,,(601) 651-7546,http://www.renewmedispalaurel.com,,
118251447,Renew Medi Spa,31.69273900,-89.13228000,605 Commerce Street,,Laurel,MS,39443,,(601) 651-7546,http://Renewmedispalaurel.com,,
118251384,Renew Medspa,34.92395722,-80.74061323,408 E. Main St.,,Waxhaw,NC,28104,,(704) 843-0226,http://www.renewmedspanc.com,,
118251656,Renew Skincare Med Spa,32.73175363,-97.39015956,"4701 West Fwy, #500, Spa Suite #134",,Fort Worth,TX,76107,,(817) 917-1769,http://www.renewskincaremedspa.com,,
118252272,Renew Wellness & Aesthetics - www.ShopRenewOklahoma.com,35.54375823,-97.52951598,7118 N. Western Ave.,,Oklahoma City,OK,73116,,(405) 810-5944,http://www.ShopRenewOklahoma.com,,
118252286,Renewal Aesthetics and Sexual Wellness,40.53766642,-111.89221833,11762 South State Street Ste 330,,Draper,UT,84020,,,http://renewalaestheticsutah.com/,,
118250886,Renewal Spa & Beauty,45.39137437,-122.64642009,18603 Willamette Dr.,,West Linn,OR,97068,,(503) 878-3612,http://renewalspaandbeauty.com,,
118252350,Renewed Elements Aesthetics & Wellness,34.92831800,-82.29164600,48 Saint Mark Rd,,Taylors,SC,29687,,(864) 479-1440,http://www.renewedelements.co,,
118251330,Renova Aesthetics,34.22193561,-84.33989138,102 Glencedars Lane,,Canton,GA,30115,,,,,
118251967,Renovo MD,42.31919900,-71.64945200,96 West Main Street,,Northborough,MA,01532,,(508) 393-6398,http://renovomd.com/,,
118253230,RenuYou MedSpa & Wellness Center,42.02496885,-93.61215337,214 Main St,,Ames,IA,50010,,(515) 337-1254,http://www.renuyouaestheticsandbotox.com,,
118253229,RenuYou MedSpa & Wellness Center,41.74568397,-93.59915335,"1705 N Ankeny Blvd, Suite B",,Ankeny,IA,50021,,(515) 330-8900,http://www.renuyouaestheticsandbotox.com,,
118250976,REPLENISH MD,29.72474870,-95.53991565,3600 S GESSNER SUITE 200,,HOUSTON,TX,77063,,,,,
118252964,Resculpt Aesthetics,38.90446374,-77.06621263,1028 33rd Street NW Suite 200,,Washington,DC,20007,,(202) 834-0701,http://resculptdc.com,,
118251949,Reset Aesthetics,27.71713400,-97.38255300,4918 everhart rd,,CORPUS CHRISTI,TX,78411,,(361) 688-3930,,,
118250727,Restora Austin Plastic Surgery Centre,30.30444200,-97.74258000,901 W 38th St.,,Austin,TX,78704,,(512) 371-8817,http://www.Restoraaustin.com,,
118253066,Restoration Haus,33.23395445,-97.58621599,101 S. Trinity Street,,Decatur,TX,76234,,(940) 626-9097,,,
118251521,Restorative Skincare,33.93115559,-84.37801382,6667 Vernon Woods Dr. B-40,,Atlanta,GA,30328,,(404) 354-5302,http://www.restorativeskincareatl.com,,
118251174,Restore Esthetics Studio,47.68627813,-117.28351922,9011 E. Euclid Ave,,Millwood,WA,99212,,(509) 294-6222,,,
118253384,Results WeightnLoss and Med Spa,30.08569700,-97.83637200,825 Main St. Suite 150,,Buda,TX,78610,,(512) 295-0173,http://resultsweightlossandmedspa.com,,
118252197,REV Aesthetics,40.23903700,-76.94768300,3806 Market Street - Suite 5,,Camp Hill,PA,17011,,(717) 680-6555,http://rev-aesthetics.com,,
118253216,REV aesthetics,40.23865927,-76.94912607,3900 Market Street,,Camp Hill,PA,17011,,(717) 680-6555,http://www.rev-aesthetics.com,,
118253773,REV IV & Wellness,32.79250300,-117.25456100,4150 Mission Blvd Suite 105,,San Diego,CA,92109,,(619) 289-7797,http://revwellness.life/,,
118251219,REV Medical Spa,28.67014697,-81.37451333,"499 E. Central Parkway, Suite 101",,Altamonte Springs,FL,32701,,(321) 300-7546,http://revmedicalspa.com,,
118251444,rev. med spa,34.65207000,-118.21882400,42335 50th street west suite 101,,Quartz Hill,CA,93536,,(661) 916-5478,http://Www.revmedspas.com,,
118252673,Reve Dermatology,30.17214943,-95.45771564,9323 Pinecroft Dr Suite 202,,The Woodlands,TX,77380,,(832) 663-0427,http://revedermatology.com/,,
118251823,Revenge Skin,39.99883498,-82.02880803,3937 Northpointe Drive,,Zanesville,OH,43701,,,http://www.revengeskin.co,,
118251052,Reverse Aesthetics,40.08286300,-82.80893000,3 N High Street,,New Albany,OH,43054,,(614) 656-4000,http://reverse-aesthetics.com,,
118252560,Reverse Medical Spa,38.92786378,-94.76991553,"15900 College Blvd, Suite 100",,Lenexa,KS,66218,,(913) 268-0400,http://www.reversemedicalspa.com/,,
118253273,ReVibe Aesthetics,44.31372604,-94.45915476,12 North Minnesota Street,,New Ulm,MN,56073,,(507) 805-9548,http://revibeaesthetics.com,,
118251888,ReVibe Aesthetics,44.31497261,-94.46011548,110 North Minnesota Street Suite 7,,New Ulm,MN,56073,,(507) 805-9548,http://revibeaesthetics.com/contact-us,,
118252864,Revital Med Spa,26.26137000,-81.80231900,868 99th Ave N,,Naples,FL,34108,,(239) 372-3211,http://revitalmedswfl.com,,
118251746,Revitalize Medical Spa,37.46816800,-105.86533500,500 State Avenue,,Alamosa,CO,81101,,(719) 301-9115,http://Www.revitalizemedicalspa.com,,
118250796,Revitalize Medical Spa,36.01683200,-95.94879700,10137 Riverside Parkway,,Tulsa,OK,74137,,(918) 409-2604,http://www.revitalizemedicalspa.com,,
118252122,Revitalize Sabine Med Spa and Wellness Center,31.56795172,-93.48215316,905 Main St.,,Many,LA,71449,,,,,
118253430,Revitalize Sabine Medspa & Wellness,31.56795172,-93.48215316,905 Main St,,Many,LA,71449,,(318) 354-6676,http://revitalizesabine.com,,
118251879,Revival Dermatology,32.86275384,-96.80471586,8201 Preston Road Suite 440,,Dallas,TX,75225,,(214) 675-3227,http://revivalderm.com/,,
118252934,Revive Aesthetics & Regenerative Medicine,30.28554962,-95.57471566,"750 Fish Creek Thoroughfare, Suite 150, Montgomery, TX 77316",,Montgomery,TX,77316,,(936) 588-5890,http://reviveregen.com,,
118251681,Revive and Bloom aesthetics,42.61489200,-73.85237600,"636 Delaware ave, suite 2",,Delmar,NY,12054,,(518) 424-7429,,,
118252170,Revive And Renew Aesthetics,33.61292300,-112.01440200,"13832 N. 32nd Street, Suite D151",,Phoenix,AZ,85032,,(602) 526-0963,http://Www.reviveandrenewaesthetics.com,,
118253307,Revive at The Group Med Spa,41.57668119,-90.55214836,"5374 Eastern Ave, Suite 100",,Davenport,IA,52807,,(563) 345-5477,http://www.reviveatthegroup.com,,
118251157,Revive Day Spa,27.85824564,-97.62615995,"13330 Leopard street, suite 6",,Corpus Christi,TX,78410,,(361) 236-6144,http://www.revivebeautystudio.net,,
118251163,Revive Day Spa,27.85824564,-97.62615995,"13330 leopard street, suite 6",,Corpus Christi,TX,78410,,(361) 236-6144,http://www.revivebeautystudio.net,,
118250744,Revive Esthetic,42.70226996,-71.13063117,143 Main St. 2nd Floor,,North Andover,MA,01845,,(978) 344-2247,http://www.reviveesthetic.com,,
118250863,Revive Esthetics,47.59877799,-122.63052009,3627 Wheaton Way 103A,,Bremerton,WA,98310,,(360) 552-8162,http://www.reviveestheticss.com,,
118251149,revive Health + Aesthetics,42.07496894,-72.52221188,294 North Main St.,,East Longmeadow,MA,01028,,(413) 224-1009,http://revivehealthandaesthetics.com,,
118250859,Revive IV Therapy & Med Spa,34.73625691,-112.03071836,"203 S Candy Ln., Suite 9B",,Cottonwood,AZ,86326,,(928) 202-3485,http://revivebodymedspa.com,,
118253760,Revive Med Aesthetics,38.30826276,-77.48991270,2553 Cowan Blvd.,,Fredericksburg,VA,22401,,(540) 249-6240,http://www.revivemedaesthetics.com,,
118252988,Revive Med Aesthetics,38.30826276,-77.48991270,2553 Cowan Blvd,,Fredericksburg,VA,22401,,(540) 249-6240,http://www.revivemedva.com,,
118250708,Revive Med Spa,42.28746928,-71.59661173,176 E Main Street,,Westborough,MA,01581,,(781) 364-6464,http://www.revivemedical-spa.com,,
118253499,Revive MedSpa,29.60661500,-90.75462600,487 Corporate Dr,,Houma,LA,70360,,(985) 248-6006,http://www.revivemedicalspahouma.com,,
118251499,Revive Skin Clinic of Maine,44.76717335,-69.59661140,1213 Canaan Rd,,Skowhegan,ME,04976,,(207) 558-4422,http://reviveskinclinicofmaine.com,,
118252146,Revive Skin Spa,32.31766800,-89.93273600,139 Dogwood Trace un. 40,,Brandon,MS,39042,,,,,
118252825,Revive Wellness & Beauty Med Spa,40.15844900,-83.08115300,178 W Olentangy,,Powell,OH,43065,,(614) 389-1968,http://www.revivepowell.com,,
118252137,Revive Wellness Clinic: Oxford,34.35095628,-89.52101467,2166 South Lamar Blvd.,,Oxford,MS,38655,,,,,
118252147,Revive Wellness Clinic: Starkville,33.46102600,-88.80811300,100 Russell St. unit 19,,Starkville,MS,39759,,(662) 617-7885,,,
118253129,Revived Skin Clinic,34.24325610,-86.17121412,4198 US-431,,Albertville,AL,35950,,(256) 706-5236,http://www.revivedskinclinic.com,,
118251053,Revived Wellness,29.75064874,-95.48641564,1640 Fountain View Dr suite B,,HOUSTON,TX,77057,,(855) 483-7477,http://www.myrevived.com,,
118252133,ReviveHealthandWellness.com,32.44225315,-93.72881536,7225 Fern Avenue suite 600,,Shreveport,LA,71105,,,,,
118250701,Rhode Island Foot Care,41.85956858,-71.47571171,2067 Mineral Spring Ave,,North Providence,RI,02911,,(401) 203-3356,http://www.rifootcare.com,,
118252128,Rhonda Burdeaux RPB Medical Services,32.50315325,-92.15161510,1245 Glenwood Dr.,,West Monroe,LA,71291,,,,,
118252439,Rich Medical Aesthetics,32.02475247,-102.16616739,4517 Santa Rose Dr,,Midland,TX,79707,,(432) 233-1965,http://Www.richmedicalaesthetics.com,,
118253050,Richey Wellness,35.61195835,-97.53081598,910 NW 139th St Parkway,,Edmond,OK,73013,,(405) 608-4430,http://richeywellness.com,,
118253787,Rio Med Spa,41.04642138,-74.11630950,62 Broadway Suite 104 & 105,,Woodcliff Lake,NJ,07642,,(201) 800-4772,http://myriomedspa.com/,,
118251544,Rios Aesthetics & Wellness,28.75564711,-81.34051333,"3525 W. Lake Mary Blvd, Suite #306",,Lake Mary,FL,32746,,(321) 237-2759,http://riosaesthetics.co/,,
118252903,Rising Phoenix Rejuvenation Center,29.54134840,-95.05991557,"3033 Marina Bay Drive, suite 120",,League City,TX,77573,,(281) 902-9991,,,
118253351,Rita Medical Elite / CSLC,27.29932447,-82.52632135,3847 S. School Ave.,,Sarasota,FL,34239,,(941) 951-2161,http://www.ritamedicalelite.com,,
118251027,Ritual Beauty,45.53927461,-122.67442010,"2256 Albina Avenue, Suite 125",,Portland,OR,97227,,(503) 660-5896,http://welcometoyourritual.com,,
118252962,Ritual by Tracy Holzman,38.90463742,-77.05231262,2440 M Street NW Ste 810,,Washington,DC,20037,,(202) 742-3999,http://ritualbyth.com,,
118252118,Ritual Skin & Health,40.73601500,-111.85940900,1549 S 1100 East,,Salt Lake City,UT,84105,,(801) 448-3365,,,
118252089,Riverside Plastic Surgery,34.81565400,-82.42305400,24 Memorial Medical Drive,,Greenville,SC,29607,,(864) 478-8748,http://www.riversideprs.com,,
118251833,RiverSong Plastic Surgery,42.81437015,-70.89101161,21 Highland Avenue Suite 3-4A,,Newburyport,MA,01950,,,http://riversongplasticsurgery.com,,
118252367,"RN Esthetics, Lynnfield",42.51269652,-71.03521164,40 Salem Street Building 3,,Lynnfield,MA,01940,,(781) 587-1403,http://rnesthetics.com,,
118252369,"RN Esthetics, Newburyport",42.81227014,-70.87481161,2 Market Street,,Newburyport,MA,01950,,(978) 386-4024,http://rnesthetics.com,,
118252368,"RN Esthetics, Salem",42.50556964,-70.89041161,331 Lafayette St.,,Salem,MA,01970,,(978) 615-9336,http://rnesthetics.com,,
118252994,"Robert J Spies, MD",33.51595491,-111.92741834,"5410 N Scottsdale Rd., C-100",,Paradise Valley,AZ,85253,,(480) 890-0600,http://Www.azplasticsurgerycenter.com,,
118250660,Robin Skin Studio,45.51817458,-122.67362010,124 SW 1st Ave,,Portland,OR,97204,,(503) 208-5476,http://www.robinskinstudio.com,,
118252762,Rocky Mountain Beauty Bar,40.15046578,-105.12081722,"665 Frontage Road, Ste 250",,Longmont,CO,80501,,(720) 464-1846,http://Www.rockymountainbeautybar.biz,,
118252059,Rocky Mountain Beauty Bar,40.15046578,-105.12081722,665 Frontage Road Suite 250,,Longmont,CO,80501,,(720) 464-1846,http://www.rockymountainbeautybar.biz,,
118252769,Rocky Mountain Laser College,39.71166506,-105.08651722,"8015 W Alameda Avenue, Ste 220",,Lakewood,CO,80226,,(303) 237-9100,http://Www.rockymountainlasercollege.com,,
118250895,Rojas Aesthetics,47.61182780,-122.28986200,"3310 E. Spring St., #102",,Seattle,WA,98122,,,http://mirandarojas.com,,
118251038,Roman Esthetics,33.63755112,-112.16991838,5115 W. Bell Rd. Suite F-108,,Glendale,AZ,85308,,(602) 900-1241,http://www.roman-esthetics.com,,
118251071,Roman Esthetics,33.63755112,-112.16991838,5115 W. Bell Rd. Suite F-108,,Glendale,AZ,85308,,(602) 900-1241,http://www.roman-esthetics.com,,
118250674,Rone Health,33.90805555,-84.28791381,"6035 Peachtree Road, C-215",,Doraville,GA,30360,,(770) 405-9548,http://www.Ronehealth.com,,
118251768,Root + Glow,43.14970695,-78.63571288,7200 woodmere Ct,,Lockport,NY,14094,,(716) 572-8079,http://Www.rootandglow.com,,
118253599,Rooted Aesthetics & Wellness,44.30770700,-96.79711100,426 3rd St. Suite C,,Brookings,SD,57006,,(605) 808-0825,http://www.rootedsd.com,,
118251554,Rooted Culture,42.97283300,-89.50616800,"957 Liberty Drive, Suite 103",,Verona,WI,53593,,(608) 497-1886,http://rootedculture.com,,
118251555,Rooted Culture Mt. Horeb,43.01057047,-89.71511470,1812 Springdale Street,,Mt Horeb,WI,53572,,(608) 437-1886,http://rootedculture.com,,
118251737,Roots Wellness and MedSpa,27.95086700,-82.44784200,"1120 East Kennedy Blvd, Suite 125",,Tampa,FL,33602,,(813) 202-1085,http://rootstampa.com/,,
118251342,Rosalind Michelle Skin Co,33.75795531,-84.34731382,1253 Caroline St NE,,Atlanta,GA,30307,,,http://www.rosalindmichelleskinco.com/,,
118252373,Rose Buatti Studio,41.19153400,-73.30185700,4265 Congress Street,,Fairfield,CT,06824,,(631) 745-3117,http://rosebuattistudio.com,,
118251132,Rose Dermatology & Laser Center,29.99474914,-90.18141478,2221 Clearview Pkwy Suite 101,,Metairie,LA,70001,,(504) 885-8363,http://www.rosedermatology.com,,
118252258,Rose Esthetics,39.21784200,-121.06280700,147 1/2 Mill St,,Grass Valley,CA,95945,,78888203,http://Roseestheticsca.com,,
118253033,Rose Revival Aesthetics,41.75186841,-91.61661501,1085 Liberty Way Suite 119,,North Liberty,IA,52317,,,http://Www.roserevivalaesthetics.com,,
118253744,Rosewater Aesthetics,42.72003958,-83.37909114,5659 Sashabaw Rd,,Clarkston,MI,48346,,(248) 382-8993,http://rosewateraestheticsmedspa.com,,
118252848,Rosewood Medical Spa,43.65547153,-84.23761380,900 W Wackerly St,,Midland,MI,48640,,(989) 495-2723,http://www.rosewoodmedicalspa.com,,
118252923,Rosewood Medical Spa of Mount Pleasant,43.57397139,-84.77141389,2480 Rosewood Dr,,Mount Pleasant,MI,48858,,(989) 317-4749,http://www.rosewoodhc.com/,,
118253238,Rousso Adams Facial Plastic Surgery`,33.48054854,-86.77514217,"2700 US-280, Suite 300W",,Birmingham,AL,35223,,(205) 930-9595,http://www.drrousso.com,,
118252868,Roxy Aesthetics,35.53258217,-97.95301605,110 S Rock Island. Ave,,El Reno,OK,73036,,(405) 638-2790,http://roxyaestheticsmedspa.com,,
118252156,Royal Aesthetics Laser Clinic and Wellness Retreat,30.23437800,-95.50561400,15315 Lake Lamond Rd.,,Conroe,TX,77384,,(713) 898-5846,http://www.royalwellnessretreat.com,,
118251011,Royal Aesthetics Studio,45.62738100,-122.67617800,814 Esther St,,Vancouver,WA,98660,,(360) 635-3781,,,
118252947,Royal Med Spa,29.76839385,-95.83998983,1325,,Katy,TX,77494,,(346) 729-8912,,,
118250979,ROYAL WELLNESS,30.23455700,-95.50588300,15317 Lake Lamond RD,,Conroe,TX,77384,,,,,
118251781,Royalty Care Med Spa,26.11306600,-80.25272500,"823 S. UNIVERSITY DR, UNIT-A",,Plantation,FL,33324,,,http://royaltycaremedspa.com,,
118251723,RUMA Aesthetics,40.41980900,-111.88165800,1850 W Ashton Blvd Ste 100,,Lehi,UT,84043,,(801) 514-7650,http://ruma.com/,,
118253646,Rumor Medical Aesthetics,34.95435800,-81.05854400,430 S Herlong Ave Suite 103,,Rock Hill,SC,29732,,(803) 919-1958,http://rumoraesthetics.com,,
118252954,Runa Beauty and Wellness,43.61207145,-84.24341380,307 E. Main St.,,Midland,MI,48640,,(989) 200-4800,http://www.runa-beauty.com,,
118253132,Rural Revival Medical Spa,46.37147597,-104.27631708,115 North Main Street,,Baker,MT,59313,,(406) 224-4564,http://www.rural-revival.com/,,
118252890,Rural Revival Medical Spa,46.37147597,-104.27631708,115 North Main Street,,Baker,MT,59313,,(406) 224-4564,http://www.rural-revival.com,,
118253654,Rush to Beauty,34.06683700,-118.39967100,"9460 Wilshire Blvd, Suite 400",,Beverly Hills,CA,90212,,(310) 275-7263,http://www.rushtobeauty.com,,
118252965,S+P Aesthetics,38.90463742,-77.05231262,2440 M Street NW Suite 510,,Washington,DC,20037,,(202) 810-7700,http://somenekpittmanmd.com,,
118252152,S3 Medical Aesthetics,29.73756400,-95.46906700,5353 West Alabama,,Houston,TX,77056,,(713) 389-9857,http://www.s3medspa.com,,
118251097,Sacred Bee Beauty,40.56340201,-111.97863604,3674 South Jordan Parkway,,South Jordan,UT,84095,,(801) 441-8982,http://www.vagaro.com/sacredbeebeauty,,
118250986,Sade Skin Co.,34.10120046,-84.23359096,6780 Jamestown Drive,,Alpharetta,GA,30005,,(470) 867-9780,http://www.sadeskinco.com,,
118252635,Sadeghi Center For Plastic Surgery,29.98084912,-90.15141477,2551 Metairie Road Suite 100,,Metairie,LA,70001,,(504) 688-4492,http://Sadeghiplasticsurgery.com,,
118251510,Saije Esthetics,45.53427200,-122.84879100,1975 NW 167th Pl #41,,Beaverton,OR,97006,,(503) 562-0649,http://www.saijeesthetics.com,,
118253268,Salena Dodman Aesthetics,43.62171470,-84.22013799,712 Cambridge St.,,Midland,MI,48642,,(989) 600-2977,http://Salenadodmanaesthetics.com,,
118252277,Salish Coast Medical Aesthetics,47.92197852,-122.70062010,9526 Oak Bay Rd. #100,,Port Ludlow,WA,98365,,(206) 659-8016,http://www.salishcoastmedicaleasthetics.com,,
118253322,Salt & Sky Wellness,40.99567167,-74.11112142,580 N Maple Ave Suite 2,,Ridgewood,NJ,07450,,(551) 553-8450,http://saltskywellness.com/,,
118251946,Salt Ranch,29.86734400,-94.84538600,4319 fm 565,,baytown,TX,77521,,(281) 757-3250,http://www.thesaltranchmb.com,,
118251721,Saltair Skin Bar,29.73545500,-95.42629300,3300 Audley,,Houston,TX,77098,,(903) 288-3003,,,
118253716,Salted Skin Aesthetics,30.08146500,-81.55445200,1520 Longleaf Pine Pkwy Suit 103,,St Johns,FL,32259,,,http://saltedskin.square.site/s/shop,,
118252014,Saltwater Aesthetics,30.19524947,-85.66321404,286 Forest Park Circle,,Panama City,FL,32405,,(850) 819-5931,,,
118250849,Samantha Madison Esthetics llc,36.84636037,-119.77501962,7489 N 1st ST,,Fresno,CA,93720,,,http://www.samanthamadisonest.com,,
118251845,Sanctuary Medical Aesethetics,26.19015800,-80.10907800,2715 E Commercial Blvd,,Fort Lauderdale,FL,33308,,,http://spsboca.com,,
118251844,Sanctuary Plastic Surgery,26.39274324,-80.07591312,4800 N. Federal Hwy Suite C101,,Boca Raton,FL,33431,,,http://www.spsboca.com,,
118253572,Sanctuary Skin,36.85277600,-76.02025400,1624 Laskin Road Suite,,Virginia Beach,VA,23451,,(757) 646-7985,http://www.sanctuaryskinvb.com,,
118251771,Sanctuary Skincare,29.51970000,-98.53360600,"2545 Jackson Keller Road, Suite 1",,San Antonio,TX,78230,,(240) 328-0984,http://Sanctuaryskincare.glossgenius.com,,
118253378,Sanctuary Spa,27.93733400,-82.49168700,3006 B West Swann Avenue,,Tampa,FL,33606,,(813) 601-2807,,,
118253457,SANDS Aesthetics + Plastic Surgery,29.99281900,-90.15450300,3100 Galleria Drive #302,,Metairie,LA,70001,,(504) 888-4297,http://www.drtreysands.com,,
118251448,Sands Aesthetics + Plastic Surgery,29.99281900,-90.15450300,"3100 Galleria Drive, Suite 302",,Metairie,LA,70001,,(504) 888-4297,http://drtreysands.com,,
118253112,Sano Med Spa,38.60346325,-89.98311474,314 Fountains Pkwy #D,,Fairview Heights,MO,62208,,(618) 661-0001,http://sanomedspa.com,,
118252342,Sapphire On Thomas,30.50620100,-90.45025400,1006 East Thomas Street,,Hammond,LA,70401,,(985) 318-7086,,,
118252010,Sara Marie Facial Aesthetics,32.42815313,-90.13461477,108 S Maple St. Suite B,,Ridgeland,MS,39157,,(601) 499-5191,http://www.saramariefacialaesthetics.com,,
118251913,Sara Marie Facial Aesthetics,32.42815313,-90.13461477,108 S. Maple St Suite B,,Ridgeland,MS,39157,,,http://Saramariefacialaesthetics.com,,
118252117,Sara Marie Facial Aesthetics,32.42815313,-90.13461477,108 S. Maple Street Suite B,,Ridgeland,MS,39157,,(601) 499-5191,http://www.saramariefacialaesthetics.com,,
118252145,Sara Marie Facial Aesthetics,32.42815313,-90.13461477,108 S. Maple Street Suite B,,Ridgeland,MS,39157,,,,,
118250778,Sara Wilson Aesthetcis,43.70787161,-116.63721911,1074 W. Main St,,Middleton,ID,83644,,(208) 989-9909,http://www.sarawilsonaesthetics.com,,
118252819,Sarah Davis Beauty & Skincare,32.82475378,-115.57231894,435 W Aten Rd Suite 5,,Imperial,CA,92251,,(760) 791-2096,http://www.sarahdavisbeauty.com,,
118252889,Sarah Hamilton Face,47.69597815,-116.80421914,2120 Northwest Blvd,,Coeur dÕAlene,ID,83814,,(208) 269-4259,http://Www.sarahhamiltonface.com,,
118253165,Sarah Hamilton Face,47.66978101,-117.11191874,1334 N. Whitman Ln Suite #210,,Liberty Lake,WA,99019,,(509) 540-3864,http://www.sarahhamiltonface.com,,
118250760,Sarah Pierce Aesthetics,29.46144827,-98.46541613,123 Catalpa Avenue,,San Antonio,TX,78209,,(210) 640-7272,http://www.sarahpierceaesthetics.com,,
118252735,Sarasota Facial Aesthetics,27.31714476,-82.53391352,1806 S Osprey Avenue,,Sarasota,FL,34239,,(941) 955-8384,http://sarasotafacialaesthetics.com,,
118251034,Sarcobskin,34.17495599,-118.32521939,1518 Magnolia Blvd,,Burbank,CA,91506,,(818) 415-5371,http://Sarcobskin.com,,
118251145,Satori Skin Studio,32.95195399,-96.82161586,"5100 Belt Line rd. #320, ROOM 220",,Dallas,TX,75093,,(469) 363-9935,http://SatoriSkinStudio.com,,
118253160,Sauna Guard Wellness Center,41.48467968,-87.88914400,11240 W Laraway Rd,,Frankfort,IL,60423,,(815) 277-4217,http://www.saunaguard.com,,
118250907,Savanna Boda Aesthetics,32.99815406,-96.97511589,"2681 MacArthur Blvd., Suite 305",,Lewisville,TX,75067,,(214) 222-5887,http://savannaboda.com,,
118251252,SavvyDerm Skin Clinic,38.54266000,-75.10213000,32782 Cedar Dr. suite #2,,Millville,DE,19967,,,http://savvyderm.co/,,
118252766,Scarpino Aesthetics,39.50826473,-104.76101716,"19600 E Parker Square Drive, Ste 110",,Parker,CO,80134,,(303) 999-5318,,,
118252581,Schaffer Plastic Surgery,33.43725478,-86.71961421,3595 Grandview Parkway Suite #150,,Birmingham,AL,35243,,(205) 278-7969,http://schafferplasticsurg.com,,
118251401,Schweiger Dermatology - Skin and Lasers,40.49306634,-74.64641223,"105 Raider Blvd., Suite 203",,Hillsborough,NJ,08844,,(908) 359-8980,http://skinandlasers.com,,
118251400,Schweiger Dermatology - Skin and Lasers,40.88316698,-74.05681213,"20 Prospect Ave., Suit 702",,Hackensack,NJ,17602,,(908) 359-8980,http://skinandlasers.com,,
118251767,Science Beauty Bar,40.74766676,-73.98191212,"53 E 34th St, suite 402",,NY,NY,10016,,(347) 866-9122,http://Www.Sciencebeautybarspa.com,,
118251502,Scituate Harbor Vision Source,42.19466913,-70.72561159,85 Front Street Unit B1,,Scituate,MA,02066,,(781) 545-0792,http://Scituateharborvisionsource.com,,
118252142,Sculpt Flowood,32.34469400,-90.04987900,5352 Mississippi 25 suite 1650,,Flowood,MS,39232,,(601) 208-0150,,,
118250905,Sculpt Skin Solutions,33.74805500,-78.81583300,"421 79th Ave., Suite 3",,Myrtle Beach,SC,29572,,(843) 905-2006,http://www.sculptskinsolutions.com,,
118251064,Sculpted,34.00045571,-81.04211328,701 Lady St. B,,Columbia,SC,29201,,(803) 708-0178,http://www.stay-sculpted.com,,
118251932,Sculpted Medical Spa,35.49320600,-97.37276200,8913 Northeast 23rd st suite B,,Oklahoma City,OK,73141,,(405) 259-9127,http://Sculptedmedspa.com,,
118250703,Sculpting MD,42.29526930,-71.49721171,30 Turnpike Rd Suite 12,,Southborough,MA,01772,,(774) 361-7195,http://www.sculptingmd.com,,
118252474,SEAPORT MEDSPA- Drydock,42.34435900,-71.02950100,25 Drydock Ave,,Boston,MA,02210,,(617) 681-8244,http://seaportmedspa.com,,
118252473,SEAPORT MEDSPA- North End,42.36486941,-71.05531164,135 Salem Street,,Boston,MA,02113,,(617) 681-8244,http://seaportmedspa.com,,
118252472,SEAPORT MEDSPA- South Boston,42.33566936,-71.04291164,536 E Broadway,,Boston,MA,02127,,(617) 681-8244,http://seaportmedspa.com,,
118252748,Second Nature Aesthetics,38.91196375,-94.67491551,7711 W 119th St,,Overland Park,KS,66213,,(816) 591-9098,http://www.secondnatureaesthetics.com,,
118252013,Secrets Aesthetics & Wellness Center,28.49414668,-81.48413350,"7601 Conroy Windermere Road., Suite 202",,Orlando,FL,32835,,(407) 775-2845,http://secretsaesthetics.com/,,
118251268,Sedo Laser,32.95005399,-97.13451591,750 N. Carroll Ave,,Southlake,TX,76092,,(214) 686-7826,http://Www.sedolaser.com,,
118251504,Seeberger Dermatology,32.90065390,-105.94291736,"1401 10th Street, Suite c",,Alamogordo,NM,88310,,(575) 437-4533,http://dermhappy.com,,
118253239,Sei Bella Med Spa,34.75456941,-92.38815137,10310 W Markham St. #202,,Little Rock,AR,72205,,(501) 228-6237,http://www.seibellamedspa.net/,,
118253291,Sei Tu Bella Aesthetics,28.09246027,-82.46013510,15429 N. Florida Avenue,,Tampa,FL,33613,,(813) 388-9468,http://www.seitubellaaesthetics.com,,
118253397,Self CenteRx,42.33575700,-71.03813500,654 East Broadway Second Floor,,Boston,MA,02127,,(617) 752-4104,http://selfcenterboston.com,,
118253745,Selfcare Skin Studios,42.92788761,-85.60600589,2504 Ardmore St SE Suite 200,,Grand Rapids,MI,49509,,(616) 430-8825,http://www.selfcareskinstudios.com,,
118250687,Selfish Skin & Wellness,45.62903000,-122.67326300,210 Evergreen Blvd. Suite 500,,Vancouver,WA,98660,,,http://www.selfishskin.glossgenius.com,,
118253667,Sepi Spa,34.03414900,-118.49235900,1624 Montana Avenue,,Santa Monica,CA,90403,,(310) 998-1958,http://www.sepispa.com,,
118251578,Serallia Esthetics,43.03397051,-78.82301291,2938 Niagara Falls Blvd,,Amherst,NY,14228,,(716) 861-6329,,,
118251001,Serein Aesthetics,39.39696455,-76.75251258,20 Crossroads Drive Suite 212,,Owings Mills,MD,21117,,(410) 824-1313,http://www.vagaro.com/us03/sereinaesthetics,,
118251207,Serein Aesthetics,39.39664548,-76.75251258,20 Crossroads Rd Suite 212,,Owings Mills,GA,21117,,(410) 824-1313,,,
118252445,Serene Beauty & Aesthetics,32.71653602,-97.35091595,2481 Forest Park Blvd,,Fort Worth,TX,76110,,(682) 224-0531,http://Www.serenebeautyfw.com,,
118251048,Serene Esthetics,31.60245178,-97.19441592,6301 N 19th St,,Waco,TX,76705,,(425) 362-7222,http://www.sereneesthetics.net,,
118251991,Serene Esthetics,36.67376009,-121.65651993,78 W Alisal St,,Salinas,CA,93901,,(831) 206-3253,http://www.sereneesthetics.com,,
118251139,Serene Esthetics,36.67376009,-121.65651993,78 West Alisal Street,,Salinas,CA,93901,,(831) 206-3253,http://www.sereneesthetics.com,,
118251049,Serene Esthetics,36.67376009,-121.65651993,78 West Alisal Street,,Salinas,CA,93901,,(831) 206-3253,http://www.sereneesthetics.com,,
118252755,Serenity Hill Aesthetics,33.85755547,-98.53941614,2921 Southwest Parkway,,Wichita Falls,TX,76308,,(940) 228-5278,http://serenityhillwf.com,,
118253639,Serenity Med Spa,34.78500900,-82.47895700,208 Wall St,,Powdersville,SC,29673,,(864) 603-3008,http://serenitymedspasc.com,,
118250725,Serenity Med Spa and Wellness,29.73048711,-95.45661564,4715 Merwin St,,Houston,TX,77027,,(713) 449-6265,http://www.serenitymedspahouston.com,,
118251520,Serenity Medical Health & Beauty Spa,34.35535629,-84.05131377,1080 S Lumpkin Campground Rd Unit 200,,Daesonville,GA,30534,,(706) 265-6467,http://www.serenitymedicalhealthandbeautyspa.com,,
118253186,Serenity MedSpa,38.11462447,-121.29419873,1806 W. Kettleman Lane Suite A,,Lodi,CA,95242,,(209) 371-7019,http://serenitymedspalodi.com,,
118252036,Seva skin,40.72506000,-74.00427500,"145 6th Ave , 7th Fl",,NY,NY,10013,,(646) 777-7382,,,
118253514,Seventh Heaven Esthetics - SHE,39.82258500,-86.40054100,1451 S Green St,,Brownsburg,IN,46112,,(317) 439-6451,http://Linktr.ee/7heavenesthetics,,
118251437,Sevid Beauty,47.61162400,-122.20129600,170 Bellevue Way NE,,Bellevue,WA,98004,,(425) 406-4314,http://www.sevidbeauty.com,,
118251984,SF Skincare,37.79416192,-122.42262006,2000 Van Ness Ave #307,,San Francisco,CA,94109,,,http://sfskincare.com,,
118251183,Shades Of Blush,31.83585216,-106.57591746,145 E. Sunset Rd B100,,El Paso,TX,79919,,(915) 600-5030,http://shadesofblushskin.com,,
118253077,Shah Medspa,42.35141900,-71.07168100,376 Boylston Street Suite 303,,Boston,MA,02116,,(617) 380-3770,http://shahmedspa.com,,
118253069,Shah Plastic Surgery,37.14526086,-93.26851528,1530 E. Bradford Pkwy,,Springfield,MO,65804,,(417) 742-7424,http://www.shahplasticsurgery.com,,
118250861,Shandon Esthetics & Wellness,34.00095571,-80.99691327,3121 Millwood Ave D,,Columbia,SC,29205,,(803) 205-4010,http://www.shandonesthetics.com,,
118251881,Shannon Lee Esthetics,40.74694200,-73.98337500,"167 Madison ave, suite 56",,New York,NY,10016,,(646) 681-3892,http://Shannonleeesthetetics.com,,
118250721,ShanthalaMD Medspa and Laser Center,42.54396970,-70.98611630,194 Newbury St.,,Peabody,MA,01960,,(978) 854-5035,http://www.shanthalamd.com,,
118250704,Shaun Charles Med Spa,42.50336964,-71.07191164,29 Albion St. Suite 5,,Wakefield,MA,01880,,(781) 778-8438,http://www.shauncharlesmedspa.com,,
118251022,Shayla Boger Skin Therapy,44.92397360,-93.31521529,4316 Upton Avenue South No. 207,,Minneapolis,MN,55410,,(612) 267-2710,http://www.shaylaboger.com,,
118252571,She Aesthetics,40.63196657,-74.88401227,1465 NJ-31 - Suite 9,,Annandale,NJ,08801,,(908) 200-6624,,,
118251535,She's duBon Salon and Spa,45.69407487,-121.52419911,1936 12th St. Suite 100,,Hood River,OR,97031,,(541) 546-4070,http://www.shesdubon.com,,
118251799,shelbi aesthetics,29.76264876,-94.95631556,803 massey tompkins rd,,baytown,TX,77521,,(281) 757-3250,http://www.shelbiaesthetics.com/,,
118252138,Shell Plastic Surgery,34.36766900,-89.57155900,2680 W Oxford Loop unit 171,,Oxford,MS,38655,,,,,
118252985,Shi Shi Aesthetics,39.71533651,-104.94169172,45 S Harrison St.,,Denver,CO,80209,,(303) 374-4151,http://shishi.glossgenius.com/,,
118252500,Shine Beauty Health & Wellness LLC,37.69266176,-97.26251594,387 N Woodlawn St Suite 10,,Wichita,KS,67208,,(316) 519-6741,,,
118251422,SIBEL Aesthetics,33.83065543,-118.28931938,21730 S. Vermont Ave Ste 131,,Torrance,CA,90502,,(310) 606-3877,http://www.sibelaesthetics.com,,
118253171,Sieber Plastic Surgery,37.78961915,-122.40720055,450 Sutter St #600,,San Francisco,CA,94108,,(415) 915-9000,http://sieberplasticsurgery.com,,
118253172,Sieber Plastic Surgery,37.95062177,-122.53320076,599 Sir Frances Drake Blvd #300,,Greenbrae,CA,94904,,(415) 907-9307,http://Sieberplasticsurgery.com,,
118252029,SightTrust Eye Institute,26.14424283,-80.34141316,"1601 Sawgrass Corporate Parkway, Suite 430",,Sunrise,FL,33323,,,http://www.sighttrust.com,,
118251362,Signature Aesthetics by Ila,41.41467853,-73.43801203,18 Great Plain Rd. Suite 201,,Danbury,CT,06810,,(646) 941-7828,http://signatureaestheticsbyila.com,,
118252802,Signature Dermatology & Aesthetics,32.93705396,-97.06311590,1042 Texan Trail,,Grapevine,TX,76051,,(972) 250-5255,http://Signaturederm.com,,
118253681,Signature Wellness,42.17508700,-83.75865400,198 S. Industrial Dr. Ste A,,Saline,MI,48176,,(734) 224-3222,http://www.misignaturewellness.com,,
118252733,Sikara Medspa,36.15045923,-115.33391890,1955 Festival Plaza Dr #180,,Las Vegas,NV,89135,,(702) 778-6886,http://www.sikaramedspa.com,,
118252067,Sileo Medical,41.08371200,-111.98133900,880 Heritage Park Blvd Suite 220,,Layton,UT,84041,,(385) 423-2136,http://Sileomedical.com,,
118252210,Silk Med Spa,27.93126400,-82.50843300,"3902 Henderson Blvd, Suite #205",,Tampa,FL,33629,,(813) 548-3520,http://www.silkmedspatampa.com,,
118251296,Simple Radiance Med Spa,30.33944971,-97.75621602,"5758 BALCONES DR, SUITE 104",,AUSTIN,TX,78731,,(512) 433-6308,http://simpleradianceaustin.com/,,
118252691,Simple Skin Care Laser and Medical Spa,29.73587800,-95.60513500,12579 Westheimer Rd.,,Houston,TX,77077,,(832) 803-6025,http://simpleskincareusa.com/,,
118251575,Simple skin spa,40.72846673,-73.89121211,7209 Grand Ave,,Maspeth,NY,11378,,(718) 651-3200,,,
118251306,Simply Basic Beauty on Tillery,35.22805772,-80.12491313,424 N. Main St.,,Norwood,NC,28128,,(704) 438-0872,http://www.simplybasicbeautyontillery.com,,
118252562,Simply Beautiful Esthetics,36.02415902,-83.40421366,432 E Meeting St,,Dandridge,TN,37725,,(865) 806-6216,http://courtneycain1.glossgenius.com/,,
118252974,Simply Beautiful! A Skincare Studio,42.31196932,-83.26191364,23100 Cherry Hill St. Ste 11,,Dearborn,MI,48124,,(313) 563-3808,http://www.lookingsimplybeautiful.com,,
118253743,Simply Creative Aesthetics,30.28298900,-95.57011600,920 Pine Market Ave Building 2 Suiter 100,,Montgomery,TX,77316,,(936) 588-3514,http://www.simplycreativeaesthetics.com,,
118253440,Simply Gorgeous Aesthetics,31.90646100,-102.31987600,5000 NE Loop 338 Suite 108,,Odessa,TX,79762,,(432) 664-3887,http://simplygorg.com,,
118250951,Simply Skin by Maria,41.87089800,-72.48984500,19 Pinney St.,,Ellington,CT,06029,,(860) 993-4990,http://simplyskinbymaria.com,,
118252182,Simply Skin Medspa,44.31667200,-94.46272700,317 North Minnesota Street,,New Ulm,MN,56073,,(507) 766-6079,http://www.simplyskinmn.com,,
118251265,Sinclair Aesthetics,33.11305425,-83.24091364,"460 Meadow Ridge Circle, Suite C",,Milledgeville,GA,31061,,(478) 363-9536,http://www.sinclairaesthetics.com,,
118250661,Sitko Skin,45.52706600,-122.64509900,"2050 NE Hoyt St., Unit 126",,Portland,OR,97232,,(503) 593-3391,http://www.sitkoskin.com,,
118252797,Six Sigma Beauty,41.61004682,-72.87797119,316 North Main St. Suite 2,,Southington,CT,06489,,,http://sixsigmabeauty.com,,
118251007,SK Aesthetics,40.78426682,-77.90391276,2134 Sandy Drive - Suite 2,,State College,PA,16803,,(814) 857-8500,http://www.skaesthetics-statecollege.com,,
118251227,Skerapy Lounge,40.94756709,-74.07291214,"Strand Studios - 393 NJ-17, Studio 25",,Paramus,NJ,07652,,(551) 223-0636,http://Skerapylounge.com,,
118251630,Skin & Sugar,40.00765548,-83.05671361,1750 W Lane Ave Suite 106,,Upper Arlington,OH,43221,,(614) 525-0075,http://Www.skinandsugar.co,,
118251629,Skin & Sugar Powell,40.15786400,-83.07867100,16 Crossing St Unit C,,Powell,OH,43065,,(614) 553-7255,http://www.skinandsugar.co,,
118251573,Skin & Tonic,35.95940600,-115.14249900,3511 Volunteer blvd #120,,Henderson,NV,89044,,(702) 854-6654,http://Www.skinandtonic702.com,,
118253525,Skin & Vitality Society,35.19100577,-101.92828167,24 Care Circle,,Amarillo,TX,79124,,(806) 350-5326,http://Skinvsociety.com,,
118252523,Skin + Palm Aesthetics,34.28175617,-119.29641955,73 N Palm St Ste F-5,,Ventura,CA,93004,,(805) 665-8041,http://Www.skinandpalm.com,,
118252393,SKIN 101,30.02653000,-95.56202400,9305 SPRING CYPRESS SUITE 104,,Spring,TX,77389,,(281) 251-2400,http://www.skin101medspa.com/,,
118252396,Skin 360,37.98489300,-121.34919200,3031 W March Ln Suite #104-S,,Stockton,CA,95219,,(209) 505-7804,,,
118252815,Skin and Body Solutions,26.56143518,-81.94711343,1338 Lafayette Street,,Cape Coral,FL,33904,,(239) 360-8000,http://Capeskinandbody.com,,
118250888,Skin and Brows Redefined,33.99735570,-81.00091327,614 Holly St,,Columbia,SC,29205,,(803) 556-9679,http://www.skinandbrowsredefined.com,,
118253018,Skin Atelier,40.09143100,-83.12686500,"6065 Frantz Road, Suite 102",,Dublin,OH,43017,,,http://mysite.vagaro.com/skinatelier/home,,
118251615,Skin Binge,41.22036754,-111.96881834,2508 Ogden Ave,,Ogden,UT,84401,,(385) 626-2730,http://Www.skinbinge.com,,
118251212,Skin Boutique by Angelique,30.63395019,-97.67921600,1102 S. Rock St. Suite 3,,Georgetown,TX,78626,,(512) 293-1778,http://skinboutiquebyangelique.com,,
118250803,Skin Boutique by Angelique,30.63395019,-97.67921600,1102 S. Rock St. Suite 3,,Georgetown,TX,78626,,(512) 293-1778,http://www.skinboutiquebyangelique.com,,
118251803,Skin By Brie,26.45934335,-80.12013127,4961 W Atlantic ave Suite 28,,Delray Beach,FL,33445,,,,,
118251957,Skin By Brynn,33.45115481,-111.78951832,1919 E McKellips Rd. Unit 106,,Mesa,AZ,85203,,,http://skinbybrynn.glossgenius.com,,
118252307,Skin by Callie,33.81555403,-84.31231381,2929-D N Druid Hills Rd NE Studio #107,,Atlanta,GA,30329,,,http://skinbycallie.com/,,
118250942,Skin By Chloe Rose,26.36324319,-80.08961312,5499 N Federal Hwy Suite D,,Boca Raton,FL,33487,,(561) 899-6544,http://skinbychloerose.com,,
118250984,Skin by Crystal,58.36007956,-134.57321220,"1880 Crest Street, Suite 112",,Juneau,AK,99801,,(907) 957-0857,,,
118251012,Skin by Crystal,58.36007956,-134.57321220,1880 Crest St Suite 113,,Juneau,AK,99801,,(907) 957-0857,http://www.skinbycrystal.glossgenius.com,,
118250903,Skin By EC,26.04649600,-80.22815900,"6115 Stirling Road, Suite 218",,Davie,FL,33314,,(754) 268-3094,http://www.skinbyec.com/,,
118252340,Skin By Eilis,38.80109600,-121.20999800,5130 Commons Drive #101,,Rocklin,CA,95677,,(415) 827-3966,http://Www.skinbyeilis.com,,
118252400,Skin By Erika,38.68570300,-121.17770100,6693 Folsom Auburn Rd,,Folsom,CA,95630,,(916) 305-9100,http://skinbyerika.com/,,
118252216,Skin By Flynn,30.44059700,-87.20603000,"2590 North 12th Avenue Street, Suite 404",,Pensacola,FL,32503,,(850) 466-6251,http://www.skinbyflynn.com,,
118252105,Skin By Hannah Holley,36.15895600,-115.25489300,7391 W Charleston Blvd,,Las Vegas,NV,89117,,(702) 672-9221,http://www.vagaro.com/skinbyhannahholley,,
118251172,Skin by Jenny,45.48527452,-122.76502011,8538 SW Apple Way,,Beaverton,OR,97225,,(503) 347-4540,,,
118252488,Skin By Jo,41.42126786,-87.36391431,"250 N. Main Street, Suite 8",,Crown Point,IN,46307,,(219) 281-2896,http://www.skinby-jo.com,,
118253087,Skin by K,39.41064569,-123.35472021,234 S Main St Unit 7,,Willits,CA,95490,,(707) 972-5142,http://shopskinbyk.com,,
118251617,Skin By Kaitlyn,33.03334000,-97.05774298,3535 Firewheel Dr,,Flower Mound,TX,75028,,(469) 993-4310,http://Www.skinbykaitlyn.com,,
118253513,Skin By Kenn Aesthetics,39.33635900,-85.49455300,727 West Main Street,,Greensburg,IN,47240,,(812) 593-5561,http://www.skinbykennaesthetics.com,,
118253505,Skin by Lacey Jarvis,40.00463200,-85.73204100,1 Plaza Dr,,Pendleton,IN,46064,,(765) 620-8112,http://Www.skinbylaceyjarvis.com,,
118250994,Skin By Lauryn,33.78355535,-84.38291383,1075 Peachtree Street NE #3,,Atlanta,GA,30309,,(404) 913-0064,http://skinbylauryn.com,,
118252267,Skin by Lexie,37.88766208,-122.05432000,45 Quail Court #206,,Walnut Creek,CA,94596,,(925) 289-9094,http://Skinbylexie.glossgenius.com/contact,,
118253582,Skin By Liv,29.80034882,-90.82071488,114 Laura Dr. ste B,,Thibodaux,LA,70301,,(985) 637-1992,http://www.skinbyliv.net,,
118252018,Skin by Liv,29.80034882,-90.82071488,114 Laura Dr. Ste B,,Thibodaux,LA,70301,,,http://www.skinbyliv.net,,
118251700,Skin By Liv Aesthetics,44.88777354,-92.94701523,7774 Hargais Parkway,,Woodbury,MN,55129,,(651) 353-4181,http://skinbylivaesthetics.com/,,
118251687,Skin By Liv Aesthetics,44.88773900,-92.94707400,"Pinnacle Salons 7774 Hargis Pkwy, 110 Studio 15",,Woodbury,MN,55129,,(651) 353-4181,http://Www.skinbylivaesthetics.com,,
118252173,Skin by Lynndsey,33.49941100,-111.92327400,"7329 E. Stetson Dr Suite 201 Scottsdale, Arizona",,Scottsdale,AZ,85251,,(480) 518-2713,http://Skinbylynndsey@yahoo.com,,
118252932,Skin by Matthew,42.41176949,-71.12241165,319 Boston Ave,,Medford,MA,02155,,,http://Www.skinbymatthew.com,,
118253323,Skin By Nayra G,33.94255612,-118.13219355,8221 3rd St Unit 307,,Downey,CA,90241,,(323) 691-5663,,,
118251047,Skin By Nicole Boan,30.34814972,-97.73416013,7301 Burnet Road Ste.106,,Austin,TX,78757,,(512) 856-9620,http://Skinbynicoleboan.com,,
118252337,Skin by Sada,45.42854000,-122.57712800,13043 SE 84th Ave,,Clackamas,OR,97015,,(971) 865-4786,,,
118251751,Skin by Sadie,38.29499421,-112.62556618,1545 N 920 East,,Beaver,UT,84713,,(435) 310-1532,,,
118252233,Skin By Sav,43.03095800,-87.90373700,"505 E. Menomonee Street, Studio 12",,Milwaukee,WI,53202,,(920) 901-3804,,,
118250793,Skin by Shelby Aesthetics,33.54154954,-112.29321840,7280 N Glen Harbor Blvd,,Glendale,AZ,85307,,(971) 409-6416,http://skinbyshelbyaesthetics.glossgenius.com/,,
118251262,Skin by Torie,26.41234327,-80.07613120,7001 N Federal Hwy Suite # 5,,Boca Raton,FL,33487,,,,,
118250992,Skin by Whit,26.39774325,-80.07671312,5499 N Federal Hwy Suite L-2,,Boca Raton,FL,33487,,,http://www.skinbywhit.com,,
118250917,Skin By You,33.27955453,-111.79441832,"2680 E Germann Rd., Suite 22",,Chandler,AZ,85286,,(602) 962-1138,http://skinbyyouaz.com,,
118250847,Skin By You,33.27955453,-111.79441832,"2680 E Germann Rd., Suite 22",,Chandler,AZ,85286,,(602) 962-1138,http://www.Skinbyyouaz.com,,
118252313,Skin Cancer Specialists,32.53735331,-84.97821392,1150 Brookstone Centre Parkway,,Columbus,GA,31904,,(706) 257-4189,http://skincancerspecialists.com/,,
118252309,Skin Cancer Specialists,33.97245566,-84.55571385,"835 Cogburn Ave NW, Suite 100",,Marietta,GA,30060,,(770) 422-5557,http://skincancerspecialists.com/,,
118252310,Skin Cancer Specialists,33.40315473,-84.71391388,2045 Highway 34 East,,Newnan,GA,30265,,(770) 502-0202,http://skincancerspecialists.com,,
118252314,Skin Cancer Specialists,33.91345556,-84.77361389,850 Charles Hardy Parkway,,Dallas,GA,30141,,(770) 336-8888,http://skincancerspecialists.com/,,
118252311,Skin Cancer Specialists,34.19725603,-84.79561389,10 Cloverleaf Drive,,Cartersville,GA,30120,,(770) 606-8026,http://skincancerspecialists.com/,,
118252315,Skin Cancer Specialists,34.24856112,-85.16421395,"18 Riverbend Drive SW, Suite 230",,Rome,GA,30161,,(706) 885-8336,http://skincancerspecialists.com/,,
118252827,Skin Care Solutions of Alabama,33.29444100,-86.84361800,3965 Helena Rd,,Helena,AL,35080,,(205) 427-8478,http://skincaresolutionsal.com,,
118252274,Skin Club LLC,36.54359873,-119.39391956,403 N L Street Suite C,,Dinuba,CA,93618,,(559) 344-3734,http://www.skinclubdinuba.com,,
118253327,Skin Confidence,35.84764300,-86.38966400,220 N Spring St,,Murfreesboro,TN,37130,,(615) 898-9974,http://www.vagaro.com/skinconfidence,,
118251654,Skin Craft Facial Lounge,28.59934686,-81.36471333,240 N ORLANDO AVE,,Winter Park,FL,32789,,(407) 607-6596,http://www.skincraftfl.com,,
118252987,Skin Daily Aesthetics,33.59805505,-83.87181374,4136 Carroll St NW,,Covington,GA,30014,,(470) 721-9848,http://skindailyaesthetics.com,,
118253769,Skin Deep Concierge Medicine,38.73176216,-77.79476176,225 Oak Springs Dr. Suite 102,,Warrenton,VA,20186,,,http://www.skindeepconciergemedicine.com,,
118252576,Skin Deep Naples,26.18742905,-81.80061340,3363 Tamiami Trail North,,Naples,FL,34103,,(239) 260-5060,http://www.skindeepnaples.com,,
118252730,Skin Envy,30.20649490,-97.81216026,"2500 W William Cannon Dr, STE 601",,Austin,TX,78745,,(512) 443-3000,http://skinenvyaustin.com,,
118252731,Skin Envy,30.31449668,-97.74216014,4408 Burnet Rd,,Austin,TX,78756,,(512) 520-8070,http://skinenvyaustin.com,,
118251127,Skin Essentials Medical Spa and Boutique,33.09995300,-98.58991600,830 Elm Street,,Graham,TX,76450,,(940) 521-5582,http://www.skinessentialsgraham.com,,
118250881,Skin Ethics,33.83795544,-84.31341381,3040-B Briarcliff Road,,Atlanta,GA,30329,,(404) 343-2801,http://www.skinethicsmedspa.com,,
118251302,Skin Firm LLC,37.20606096,-79.98911311,5604 Starkey Rd,,Cave Spring,VA,24018,,(540) 238-7975,http://www.skinfirmllc.com,,
118251871,Skin First Aesthetics,26.20594294,-81.79871340,1044 Castello Dr Unit 105,,Naples,FL,34103,,,,,
118252822,Skin Fit Medical Spa,38.91296375,-94.37571546,110 SE 3rd St,,Lee's Summit,MO,64063,,(816) 272-5006,http://www.skinfitmedicalspa.com,,
118252823,Skin Fit Medical Spa,39.22064259,-94.75821553,15325 Old Town Dr,,Parkville,MO,64152,,(816) 298-6051,http://www.skinfitmedicalspa.com,,
118251284,Skin fusion medspa,40.76546679,-73.91771211,"3501 30th ave , suite 213",,Astoria,NY,11103,,(516) 659-9967,http://www.skinfusionspa.com,,
118251970,Skin Goals,37.89887500,-122.06030300,1372 N Main St Suite 203,,Walnut Creek,CA,94596,,(724) 884-5086,http://skingoals.square.site,,
118252263,Skin Haus,36.85166038,-121.40119890,455 San Benito Street Suite 28,,Hollister,CA,95023,,,http://Skinnhaus.glossgenius.com,,
118250844,Skin Haven,30.63630100,-97.67685100,805 S. Main St.,,Georgetown,TX,78626,,(512) 931-1691,,,
118252169,Skin Haven,34.75698569,-92.43914151,"15104 Chenal Parkway, Suite 6000",,Little Rock,AR,72211,,(501) 541-9931,http://www.skinhavenar.com,,
118251527,Skin Haven Aesthetics,31.06055089,-97.45921597,508 N. Wall St.,,Belton,TX,76513,,(254) 677-7984,http://linktr.ee/skin.haven.aesthetics,,
118253674,Skin Haven SD,33.10459400,-117.07357200,330 W Felicita Avenue Suite B-6,,Escondido,CA,92025,,(619) 320-8887,http://www.skinhavensd.com,,
118253798,Skin Health By Deniz,30.08793685,-81.57898900,1520 Longleaf Pine Parkway Suite 115,,Saint Johns,FL,32259,,(904) 752-0808,http://skinhealthbydeniz.com,,
118251840,"Skin Hub BG, Inc.",36.95263400,-86.43092300,1785 Campbell lane STE 400,,Bowling Green,KY,42104,,(270) 904-3082,http://www.skinhubbginc.com,,
118251070,Skin IQ Havasu,34.47595649,-114.32145187,60 Acoma Blvd S C-100,,Lake Havasu City,AZ,86403,,(928) 455-3114,http://Skiniqhavasu.com,,
118251037,Skin IQ Havasu,34.47595649,-114.32145187,60 Acoma Blvd S C-100,,Lake Havasu City,AZ,86403,,(928) 455-3114,http://Skiniqhavasu.com,,
118250656,Skin IQ Medspa,33.84305545,-84.38081382,"56 East Andrews Drive NW, Suite 20",,Atlanta,GA,30305,,(404) 277-0778,http://www.skiniqmedspa.com,,
118251290,Skin Journey Aesthetics,39.37048200,-104.86021700,"115 Wilcox Street, Ste 296",,Castle Rock,CO,80104,,(720) 706-3555,http://www.skinjourney.co/,,
118253497,SKIN LAB,30.14099300,-92.06271500,"3524 Kaliste Saloom Road, SUITE 401",,Lafayette,LA,70508,,(337) 366-2747,,,
118251460,Skin Lab,30.14124938,-92.06231508,"3524 KALISTE SALOOM RD., STE 401",,LAFAYETTE,LA,70508,,(337) 806-9316,,,
118250789,Skin Lab Aesthetics,34.02315574,-80.95611326,5301 Forest Dr. Suite A,,Columbia,SC,29206,,(803) 851-4470,http://www.skinlabaestheticssc.com,,
118253005,Skin Lab Med Spa,38.89406372,-77.18761265,1140 W. Broad Street,,Falls Church,VA,22046,,(703) 488-7546,http://Skinlabmed.com,,
118252824,Skin Lounge of Old Town,38.81176359,-77.04351262,505 Wythe Street,,Alexandria,VA,22314,,(703) 888-9959,http://www.Skinloungeoldtown.com,,
118253374,Skin Lounge of Old Town,38.81176359,-77.04351262,505 Wythe Street,,Alexandria,VA,22314,,,http://www.skinloungeoldtown.com,,
118252113,Skin Lux The Med Lounge,32.57803000,-97.31726300,"12486 South Fwy, Ste 140",,Burleson,TX,76028,,(817) 670-0444,http://www.skinluxmedlounge.com,,
118252325,SKIN LUXE,30.16949429,-93.26821528,2846 Country Club Rd Building B,,Lake Charles,LA,70605,,(337) 526-6673,http://www.skinluxemedspa.com,,
118251485,Skin Luxe at Intuitive Wellness Lounge,41.68035400,-81.30083900,7139 Hopkins Rd,,Mentor,OH,44060,,(440) 725-2581,http://skin-luxe-by-lauren-llc.square.site/,,
118251355,Skin Made Simple,40.75120500,-73.98355800,"8 w 38th St, suite 503",,NY,NY,10018,,(256) 408-4519,,,
118252074,Skin Magic,33.02655200,-96.78870600,1805 Preston Rd. Suite 101,,Plano,TX,75093,,(225) 385-8224,http://Skinmagic.com,,
118252219,Skin Magic by Gracie,41.30913100,-111.95283000,2734 N 850 E,,North Ogden,UT,84414,,(801) 690-4732,,,
118253324,Skin MD Laser & Aesthetics,40.92699500,-98.36991200,"908 N Howard Ave, #7",,Grand Island,NE,68803,,(308) 675-2225,http://giskinmd.myonlineappointment.com,,
118253224,SKIN MD MEDSPA,42.30369311,-83.24913640,22361 west village Suit 105,,Dearborn,MI,48124,,(248) 662-5544,http://Www.skinmdmichigan.com,,
118253125,Skin Medics Medi-Spa,36.88544604,-89.57901147,117 Smith Ave,,Sikeston,MO,63801,,(573) 471-9990,,,
118251305,Skin Muse Aesthetics,35.05163600,-80.77423200,9904 Sandy Rock Pl Suite D #38 & #39,,Charlotte,NC,28277,,(980) 880-7499,http://www.skinmuseaesthetics.com,,
118250894,Skin N' Tox Aesthetics,43.64797151,-116.41171907,"1407 W. McMillan Rd., Suite 100",,Meridian,ID,83646,,(208) 869-9779,http://skinandtox.com,,
118251333,SKIN OXFORD,34.36825631,-89.51814667,319 N Lamar Blvd Ste 102,,Oxford,MS,38655,,(662) 484-4772,http://www.skinoxfordms.com,,
118251429,Skin Perfect Medical,34.08195584,-118.38511940,638 1/2 Robertson Blvd,,West Hollywood,CA,91730,,(562) 222-4151,http://Skinperfectmedical.com,,
118253618,Skin Perfections Medical Spa,25.98049100,-97.49729500,1201 E Alton Gloor Blvd,,Brownsville,TX,78526,,(956) 542-2325,http://skinperfectionsrgv.com,,
118252329,Skin Resolutions,34.42855641,-119.71231961,9 West Islay St,,Santa Barbara,CA,93101,,,http://Skinresolutions.com,,
118252478,Skin Restore OC,33.42905477,-117.61361927,312 Avenida De La Estrella,,San Clemente,CA,92672,,(949) 690-0094,,,
118253287,Skin Ritual Esthetics,35.64958409,-78.45612854,421 E main street,,Clayton,NC,27520,,(252) 676-2034,http://skinritualesthetics.glossgenius.com/,,
118252443,Skin RX Clinical Spa,32.93985397,-97.15515918,361 W. Southlake Blvd #120,,Southlake,TX,76092,,(817) 410-1415,http://Www.dfwskinrx.com,,
118251214,Skin Savior NOLA,29.92224902,-90.09241476,3627 Magazine St,,New Orleans,LA,70115,,(150) 899-7159,,,
118253453,Skin Savvy,29.92219490,-90.09246148,3627 Magazine Street,,New Orleans,LA,70115,,(504) 899-7159,http://skinsaviornola.com/,,
118251945,Skin Savvy Aesthetics,33.58355502,-111.89891833,8418 E Shea Blvd,,Scottsdale,AZ,85260,,(480) 409-2902,http://www.skinsavvyaesthetics.com,,
118252296,Skin Secrets Facial Plastic Surgery & Medical Spa,34.59385668,-98.45501613,4920 SW Lee Blvd.,,Lawton,OK,73505,,(580) 536-5192,http://www.skinsecretslawton.com,,
118252623,Skin Secrets Facial Plastic Surgery & Medical Spa,34.59385668,-98.45501613,"4920 SW Lee Blvd., Apartment, suite, unit, etc. (optional)",,Lawton,OK,73505,,(580) 536-5192,http://www.skinsecretslawton.com,,
118252469,Skin shop Med Spa,29.70804867,-95.47501564,5420 Dashwood dr Suite 103 A,,Houston,TX,77081,,(713) 701-1717,,,
118251391,Skin Smart,41.36266777,-75.67541240,"The Shoppes at Montage, Allure Salon Group, 2431 Shoppes Blvd., Suite 109",,Moosic,PA,18507,,(570) 687-3583,http://stayskinsmart.com,,
118251636,Skin Smart Studio,28.80347192,-81.64501338,"851 N Donnelly St, Suite #2",,Mt. Dora,FL,32757,,(352) 408-0209,http://www.skinsmartstudio.com/,,
118251506,Skin Society Hawaii,21.28193487,-157.79852585,1144 Koko Head Ave #201,,Honolulu,HI,96816,,(808) 452-5503,http://www.skinsocietyhawaii.com,,
118252012,Skin Solutions by Rachel,28.54654677,-81.37791333,"320 N. Magnolia Avenue, Suite B3",,Orlando,FL,32801,,(407) 335-1447,http://skinsolutionsbyrachel.com/,,
118251718,Skin Solutions Collective,40.71496671,-74.00851213,"116 Chambers St, Fl 4 and 3",,NY,NY,10007,,(212) 417-0002,http://Skinsolutions.co,,
118251763,Skin Spa Utah,40.63726658,-111.86631833,6298 S 900 E St C,,Murray,UT,84121,,(801) 792-7994,http://www.skinspautah.com/,,
118252252,Skin Space Esthetics,37.84036200,-87.59151435,134 N Main St.,,Henderson,KY,42420,,(270) 577-6730,http://www.sknspc.com,,
118252726,Skin Specialists of Fayetteville,35.04365742,-78.91621293,209 Fairway Dr Suite C,,Fayetteville,NC,28305,,(910) 759-3060,http://www.bestskinoffayetteville.com,,
118251862,Skin Stories,33.27965453,-111.79451832,2680 E Germann Rd Suite 30,,Chandler,AZ,85286,,(480) 338-2124,http://skinstoriesaesthetics.square.site,,
118251394,Skin Stories NYC,40.74766676,-73.98751212,"38 w 32nd St, #1106",,NY,NY,10001,,(347) 577-3207,http://Storiesnyc.glossgenius.com,,
118252430,Skin Studio Memphis,35.11425753,-89.80621471,"7700 Wolf River Blvd, Suite 102",,Germantown,TN,38138,,(901) 695-9101,http://www.skinstudiomemphis.com,,
118250770,Skin Suite Med Spa,33.89165553,-84.32251382,"3575 Durden Drive, Suite 305",,Brookhaven,GA,30319,,(770) 802-8900,http://www.skinsuitemedspa.com,,
118251020,Skin Talk,26.83784397,-80.07181312,11000 Prosperity Farms Rd Suite 302,,Palm Beach Gardens,FL,33410,,,http://www.skintalkfl.com,,
118253638,Skin Theory Aesthetic Medicine,34.80920000,-82.60230300,213 Pelzer Hwy,,Easley,SC,29642,,(864) 523-4441,http://skintheorysc.com,,
118251410,Skin Theory Functional Aesthetics,41.87426861,-88.06611443,520 Hillside Avenue,,Glen Ellyn,IL,60137,,(630) 488-6334,http://www.skintheoryspa.com/,,
118253266,"Skin Therapies, Inc",32.70453582,-97.39115957,4545 Bellaire Dr S Ste 2,,Fort Worth,TX,76109,,(817) 731-5303,http://skintherapiesinc.com,,
118250875,Skin Therapy,43.66707154,-116.27531905,6968 W. State St.,,Boise,ID,83714,,(208) 921-9765,http://www.skintherapyboise.com,,
118251985,Skin Therapy,38.74566348,-121.22451986,8445 Sierra College Blvd Suite i,,Granite Bay,CA,95746,,(916) 717-3641,,,
118251388,Skin Therapy,30.18931900,-81.56339000,6144 Gazebo Park Place South Suite 104,,Jacksonville,FL,32257,,(917) 346-3940,http://www.skintherapyjax.com,,
118253523,Skin Therapy Aesthetics,38.67971634,-87.53230143,209 Main Street,,Vincennes,IN,47591,,(812) 890-6719,http://skintherapyaesthetics.com,,
118251606,Skin Therapy Laser & Aesthetics,42.86777023,-71.35011690,1B Commons Dr. Suite 13B,,Londonderry,NH,03053,,(603) 261-1200,http://skintherapymedspa.com,,
118253658,Skin Thesis,34.08015558,-118.37344194,8804 Rosewood Ave,,West Hollywood,CA,90048,,(310) 598-1580,http://www.skinthesisinc.com,,
118251872,Skin to Soul,31.76508700,-106.32116600,"2267 Trawood, STE E2",,El Paso,TX,79935,,(505) 688-6358,,,
118252039,Skin W0w Med Spa,33.22005443,-96.76981585,2281 E. University Drive. Suite #113,,Prosper,TX,75078,,(469) 865-9980,http://Skin-wow.com,,
118253020,Skin Well Miami,25.71242127,-80.41731318,13800 SW 56th Street Suite 107,,Miami,FL,33175,,(786) 445-6153,http://cjryz.myaestheticrecord.com/online-booking,,
118252977,Skin Wellness Dermatology,33.47295484,-86.78441422,"3415 Independence Drive, Suite 200",,Homewood,AL,35209,,(205) 871-7332,http://www.skinwellness.com,,
118251417,Skin With Denise LLC,36.15785924,-115.29018889,"8975 W Charleston Blvd. Unit 30, Suite 18",,Las Vegas,NV,89117,,(702) 343-1849,,,
118253283,Skin with Esther,29.47648294,-81.20413305,"5650 SR 100 W, Suite 101, Room 106",,Palm Coast,FL,32164,,(386) 283-0706,http://skinwithesther.square.site,,
118252053,Skin with Natasha,36.59815996,-121.89371997,481 Tyler St,,Monterey,CA,93940,,(831) 750-9511,http://skinwithnatasha.square.site,,
118252372,Skin With Talia,41.77856845,-71.47041171,80 Atwood Ave,,Cranston,RI,02920,,(401) 600-1391,http://www.skinwithtalia.com,,
118253043,Skin Works,34.60155669,-98.43921613,904 SW 38th st,,Lawton,OK,73505,,(580) 308-9490,http://skinworkslawton.com,,
118252289,Skin-medics-medi-spa.square.site,36.88544604,-89.57901147,117 Smith Ave,,Sikeston,MO,63801,,(573) 471-9990,http://Skin-medics-medi-spa.square.site,,
118253475,"Skin10, LLC",30.42080000,-91.08812500,"3266 Drusilla Ln., Ste. A-6",,Baton Rouge,LA,70809,,(225) 335-6800,http://www.skin10spa.com,,
118253616,Skin360 Aesthetics,33.96856000,-84.41150900,"4800 Olde Towne Parkway, Suite 360",,Marietta,GA,30068,,(770) 881-7102,http://skin360atl.com,,
118251367,SkinAesthetics,29.41659482,-96.07361157,1233 County Road 214,,East Bernard,TX,77435,,(713) 855-7993,http://skinaestheticsstudio.glossenius.com,,
118253526,Skinbasically,40.36238600,-74.04114700,"623 River Rd, Suite 2F",,Fair Haven,NJ,07704,,(732) 604-2031,http://skinbasically.com/,,
118251614,SkinBeautiful Rx,40.15840900,-83.08155200,180 W Olentangy St Suite C,,Powell,OH,43065,,,http://skinbeautifulrx.com,,
118252428,SkinBody Memphis,35.11105753,-89.88871473,717 S White Station Rd #2,,Memphis,TN,38117,,(901) 474-7636,http://www.skinbodymemphis.com,,
118251727,SkinBoss SkinSpa,40.28252900,-111.65713104,3685 100 E A,,Provo,UT,84604,,(801) 960-9396,http://skinboss.care/,,
118252157,Skincare by Monik,29.69428500,-95.87186500,6615 West Cross Creek Bend Lane,,Fulshear,TX,77441,,(346) 707-8543,http://www.skincarebymonik.com,,
118253147,SkinCo,26.15442851,-81.79113401,"501 Goodlette Frank Rd N, Suite B-106",,Naples,FL,34102,,(484) 402-0444,http://www.jesthevaaesthetics.com,,
118250857,Skinco,32.20315276,-82.39131350,508 Maple Drive,,Vidalia,GA,30474,,(912) 690-5455,http://skincopro.skincaretherapy.net,,
118253208,Skincredible,40.02546558,-75.33512343,"919 Conestoga road, Building 2, Suite 207",,Bryn Mawr,PA,19010,,(610) 525-3677,http://www.skincredible.com,,
118253220,Skincredible,40.02546558,-75.33512343,919 Conestoga Rd Building 2 Suite 207,,Bryn Mawr,PA,19010,,(610) 525-3677,http://skincredible.com,,
118252613,SKINCRVFT,41.96668757,-87.67361436,"4619 N. Ravenswood Avenue, Suite 303C",,Chicago,IL,60640,,(512) 745-0214,http://www.skincrvft.com,,
118252072,SkinFairy Aesthetics,33.68325500,-112.08097800,615 W Deer Valley Rd. Suite 124,,Phoenix,AZ,85027,,(602) 730-5860,http://Www.skinfairyaesthetics.com,,
118252108,Skinfatuation Aesthetics,45.08003500,-93.06170100,4503 Allendale Drive,,White Bear Lake,MN,55127,,(952) 454-1201,http://Www.SkinfatuationAesthetics.com,,
118252991,Skinfatuation Aesthetics,45.08007386,-93.06151525,4501 Allendale Drive Suite B,,White Bear Lake,MN,55127,,,http://www.skinfatuationaesthetics.com,,
118252241,Skinfinite,29.55164842,-98.57281615,"11703 Huebner Rd Suite 27 San Antonio, TX 78230",,San Antonio,TX,78247,,(714) 673-8441,http://www.skinfinitesanantonio.com,,
118251769,Skinful aesthetics,29.73768400,-95.43715900,3701 West Alabama suite 300,,Houston,TX,77027,,(832) 903-3622,http://www.skinfulaesthetics.com/,,
118252163,Skinful Aesthetics,29.73784872,-95.43691564,3701 West Alabama,,Houston,TX,77027,,(281) 697-8080,http://www.skinfulaesthetics.com,,
118251619,SkinFuzion,35.98855896,-115.10151886,11201 S Eastern Suite 120,,Henderson,NV,89052,,(702) 280-2284,,,
118250909,Skinfuzion,35.98859100,-115.10166100,"11201 S. Eastern Avenue, Suite #120",,Henderson,NV,89052,,(702) 280-2284,http://www.Skinfuzion.com,,
118253633,Skinglow MD,34.80261100,-82.22767500,330 Scuffletown Rd Suite 1-5,,Simpsonville,SC,29681,,(864) 252-4569,http://skinglow-md.com,,
118253370,SkinGlow Skin Studio,32.64133300,-117.08069300,311 F Street Suite 203,,Chula Vista,CA,91910,,(619) 274-3300,http://Www.skinglowskinstudio.com,,
118251602,SkinHaus xMadison,40.08789900,-82.79299600,5051 Forest Dr,,New Albany,OH,43054,,,http://www.skinhausxmadison.com,,
118252878,Skinlab Injectables,35.21985770,-97.44651597,227 W Main St Suite 100,,Norman,0K,73069,,(405) 246-5990,http://skinlabinjectables.com,,
118252877,Skinlab Injectables,35.53785823,-97.52931598,6424 N Western Ave,,Oklahoma City,OK,73116,,(405) 436-1000,http://skinlabinjectables.com,,
118252231,Skinlumi Aesthetics,40.54779400,-111.93820700,"11193 Redwood Road, 103s 104s",,South Jordan,UT,84095,,(801) 676-9372,http://skinlumiaesthetics.com/,,
118251533,Skinn Unique Solutions,45.45657448,-122.78920118,8705 SW Nimbus Ave Suite 200,,Beaverton,OR,97008,,(503) 847-9532,http://www.skinnuniquesolutions.com,,
118251319,Skinny Jax,30.31810200,-81.39773100,"800 3rd Street, Suite A",,Neptune Beach,FL,32286,,(904) 999-0977,http://www.skinnyjax.com/,,
118250669,Skinplicity Aesthetics,33.93425560,-84.35951382,1 Glenlake Pkwy NE Unit 950,,Atlanta,GA,30328,,(404) 777-7546,http://www.skinplicityaesthetics.com,,
118251140,Skinplicity Studio,37.26146105,-121.92619976,1936 Camden Ave Suite 6B,,San Jose,CA,95124,,,,,
118251818,SkinRNs,33.44786800,-94.05267900,3218 Texas Blvd,,Texarkana,TX,75503,,(903) 716-6176,http://Www.skinrnstxk.com,,
118250772,SKINRX,33.58515503,-111.92718338,"7115 E Mercer Ln, Suite B",,Scottsdale,AZ,85254,,(480) 617-3955,http://www.skinrxbeautyscript.com,,
118253746,Skinsational Aesthetics,42.20093097,-83.15018164,3209 Biddle Ave.,,Wyandotte,MI,48192,,(734) 530-0300,http://skinsationalwellness.com,,
118253764,SkinsationMD,36.76091731,-108.15581103,4337 E. Main St. Suite #201,,Farmington,NM,87402,,(505) 325-1234,http://www.SkinsationMD.com,,
118253763,SkinsationMD,36.76091731,-108.15581103,4337 E. Main St. Suite #201,,Farmington,NM,87402,,(505) 325-1234,http://www.SkinsationMD.com,,
118252654,SkinScience Medical Aesthetics,37.94776217,-122.06482000,"140 Gregory Ln, Suite #290",,Pleasant Hill,CA,94523,,(925) 334-2210,http://skinsciencemedicalspa.com,,
118252657,SkinScience Medical Spa,37.92386213,-121.73771995,80 Eagle Rock Way Suite E,,Brentwood,CA,94513,,(925) 334-2210,http://skinsciencemedicalspa.com,,
118252655,SkinScience Medical Spa,38.01776229,-122.13622001,725 Main St,,Martinez,CA,94553,,(925) 334-2210,http://skinsciencemedicalspa.com,,
118253197,SkinSpirit,37.30761125,-121.90019972,1140-6 Lincoln Ave,,San Jose,CA,95125,,(669) 303-9800,http://skinspirit.com,,
118253190,SkinSpirit,37.23661008,-121.96119982,15954 Los Gatos Blvd,,Los Gatos,CA,95032,,(669) 233-4040,http://skinspirit.com,,
118253195,SkinSpirit,37.78761912,-122.44720062,3325 Sacramento Street,,San Francisco,CA,94118,,(415) 767-2640,http://skinspirit.com,,
118253198,SkinSpirit,37.90162099,-122.06419999,1647 North California Boulevard,,Walnut Creek,CA,94596,,(925) 952-9200,http://skinspirit.com,,
118253191,SkinSpirit,37.89862093,-122.51420073,800 Redwood Highway Suite 610,,Mill Valley,CA,94941,,(415) 383-3100,http://skinspirit.com,,
118253194,SkinSpirit,37.75161852,-122.43020059,3939 24th St,,San Francisco,CA,94114,,(415) 685-0510,http://skinspirit.com,,
118253193,SkinSpirit,37.44361347,-122.15920015,701 Emerson Street,,Palo Alto,CA,94301,,(650) 342-9600,http://skinspirit.com,,
118253189,SkinSpirit,37.81861963,-121.99719988,439 Railroad Ave,,Danville,CA,94526,,(925) 854-4660,http://skinspirit.com,,
118253188,SkinSpirit,37.57761567,-122.34720045,1375 Burlingame Ave,,Burlingame,CA,94010,,(650) 825-4100,http://skinspirit.com,,
118253192,SkinSpirit,37.82661976,-122.21020023,2017 Mountain Blvd,,Oakland,CA,94611,,(510) 368-7500,http://skinspirit.com,,
118253196,SkinSpirit,38.75163491,-121.25219866,1470 Eureka Road Suite 140,,Roseville,CA,95661,,(279) 226-8550,http://skinspirit.com,,
118253032,Skinspirit,25.78314224,-80.19161314,851 NE 1st Ave Suite 116,,Miami,FL,33132,,(786) 983-9700,http://www.skinspirit.com,,
118252970,SkinSpirit Annapolis,38.98016387,-76.53981254,1915 Towne Centre Blvd Suite 110,,Annapolis,MO,21401,,(667) 646-5700,http://SkinSpirit.com,,
118253692,SkinSpirit Charlotte,35.19498400,-80.82580900,1041 Providence Rd Ste 180,,Charlotte,NC,28207,,(980) 381-3400,http://skinspirit.com,,
118252972,SkinSpirit Gaithersburg,39.12164097,-77.23561265,215 Market Street W,,Gaithersburg,MD,20878,,(240) 780-5400,http://skinspirit.com,,
118252971,SkinSpirit Georgetown,38.91618800,-77.06727600,1855 Wisconsin Ave NW,,Washington,DC,20007,,(202) 992-8890,http://skinspirit.com,,
118250714,Skinspot Advanced Aesthetics,42.04326888,-70.85191161,270 Main St. Unit A3,,Hanson,MA,02341,,(339) 244-4593,,,
118251663,Skintastic Skin Spa,31.50945163,-82.86381358,1100 Ocilla Rd,,Douglas,GA,31533,,(912) 383-0005,,,
118253483,Skintique studio,45.42808500,-122.50077100,15733 Happy Valley Town center Dr,,Happy valley,OR,97086,,,http://Www.skintiquestudio.com,,
118251292,Skintology Centre for Anti-Aging,35.90595883,-84.07341377,412 Ebenezer Rd,,Knoxville,TN,37923,,(865) 531-6454,http://www.Skintologycentre.com,,
118251836,Skintopia,33.48634800,-111.91702600,"3301 N Miller Rd, Ste 5 Quiet Center",,Scottsdale,AZ,85251,,3755072,http://www.Skintopiaaz.com,,
118251552,Skintopia,33.48645486,-111.91711834,"3301 N. Miller Road, Suite 5 in Quiet Center",,Scottsdale,AZ,85251,,(480) 375-5072,http://Www.skintopiaaz.com,,
118252328,Skintreats by Ana,25.68734209,-80.32021316,7700 N Kendall Dr. Suite 408,,Miami,FL,33156,,,,,
118252928,Skintuition,42.68316993,-83.15161362,1272 Walton Blvd,,Rochester Hills,MI,48307,,(248) 650-5372,http://www.skintuitionrochester.com/,,
118253695,SkinVerse Laser & Wellness,27.86767400,-82.62421000,10688 Gandy Blvd. N.,,St. Petersburg,FL,33702,,(813) 565-2833,http://www.skinversefl.com,,
118253001,SkinWay MedSpa,33.28445453,-111.75471831,"3635 S val vista dr, suite #203",,Gilbert,AZ,85297,,(480) 335-3535,http://Www.SkinWayMedSpa.com,,
118250828,SkinWell,44.05067217,-121.33061988,70 SW Century Drive Suite 100,,Bend,OR,97702,,(541) 213-7524,,,
118253418,SKINWELL,25.71235500,-80.41728200,"13800 SW 56 STREET, SUITE 107",,miami,FL,33175,,(786) 445-6153,http://WWW.SKINWELLMIAMI.COM,,
118253131,Skinwell + Co.,47.64917807,-117.42319239,823 W 7th Ave Ste 200,,Spokane,WA,99204,,(509) 381-5252,http://www.skinwell.co/,,
118252078,Skinwerx,32.61653300,-97.15812400,7911 Valcasi Dr,,Arlington,TX,76001,,,http://Skinwerx.com,,
118252383,SKN Aesthetics,35.16635762,-106.58671746,100 Sun Ave NE Suite 300,,Albuquerque,NM,87109,,(505) 755-1219,http://www.sknaestheticsabq.com,,
118251786,SKN at Franks Dermatology,34.79155700,-92.39781514,4220 N Rodney Parham Road Suite 102,,Little Rock,AR,72212,,(501) 859-8973,http://www.sknatfranksderm.com,,
118251494,skn esthetics,43.46657122,-70.79671160,460 main street suite #2,,Springvale,ME,04083,,(207) 216-7325,http://www.sknbykass.com,,
118253275,Skyn Alchemy,32.79153725,-117.10019186,10330 Friars Ave Suit #119,,San Diego,CA,92120,,(619) 323-1721,http://www.skynalchemy.shop,,
118253710,Skyn Elegant Aesthetics,35.44167400,-80.86287900,9620 Holly Point Dr Suite 200,,Huntersville,NC,28078,,(980) 306-7596,http://skynelegantaesthetics.com,,
118251821,Skyn Esthetics,26.37874322,-80.11981313,2900 N Military Trial Suite 100-A,,Boca Raton,FL,33431,,,http://skynesthetics.com,,
118253490,Skyn Therapy & Aesthetics,30.16662500,-92.03459200,"1921 Kaliste Saloom Rd, The Parlor",,Lafayette,LA,70508,,(337) 201-8279,http://www.skyntherapyaesthetics.com,,
118251563,SLAE Aesthetic & Wellness,27.93756400,-82.48225100,"2201 W. Swann Ave., Suite 100",,Tampa,FL,33606,,(813) 418-0861,http://slaeaesthetics.com/,,
118252514,Slate Aesthetics,35.64495840,-97.46311597,1300 E 9th St suite 5,,Edmond,OK,73034,,(405) 623-8806,http://slateaesthetics22.com,,
118251055,Slate Medical Aesthetics,42.89270276,-112.44011842,920 Deon Drive Suite A,,Pocatello,ID,83201,,(208) 904-0217,http://slatemedicalpocatello.com,,
118250695,Slater Aesthetics,33.88691400,-84.38188800,"4840 Roswell Road, Bldg D, Suite 100",,Sandy Springs,GA,30342,,(770) 766-9684,http://www.slatermd.com,,
118250696,Slater Aesthetics + Anti-Aging,32.59318534,-83.61504137,400 Corporate Pointe,,Warner Robins,GA,31088,,(478) 225-2379,http://www.slatermd.com,,
118253128,Slim Studio Face & Body,33.84305545,-84.38071382,56 East Andrews Drive Northwest,,Atlanta,GA,30305,,(404) 410-7777,http://slimstudioatlanta.com,,
118252451,SLMA Skin Bar Medi-Spa,29.60624851,-90.75811487,605 Enterprise Drive,,Houma,LA,70360,,(985) 219-7546,http://Slmaskinbar.com,,
118252100,SM Aesthetics,40.69240800,-73.56366900,1149 Merrick ave,,New York,NY,11566,,(646) 591-2829,http://Smaestheticsny.com,,
118251323,Smart Skin Med Spa,33.47925485,-86.78791422,1931 29th Ave S,,Homewood,AL,35209,,(205) 968-1301,http://smartskinmedspa.com,,
118251019,Smoothe & Co.,35.84658732,-78.60051288,2210 E. Millbrook Road Suite 109,,Raleigh,NC,27604,,(919) 480-1155,http://www.smootheraleigh.com,,
118252486,Snatched Doll Aesthetics,42.12396902,-88.33361447,"7020 Huntley Road, Suite 8",,Carpentersville,IL,60110,,(224) 454-0262,http://www.snatcheddoll.com,,
118250937,SOesthetic Med Spa,35.06635600,-80.77126600,10614 Providence Rd Suite 35,,Charlotte,NC,28277,,(980) 505-7816,http://www.soestheticmedspa.com,,
118251332,Sol Luna,26.36924320,-80.13701313,2499 Glades Rd Suite 302,,Boca Raton,FL,33431,,,,,
118252682,Solana Aesthetics and Wellness,41.67616828,-88.00061442,334 River Street,,Lemont,IL,60439,,(630) 410-2348,http://solanaaesthetics.com,,
118252683,Solana Aesthetics and Wellness,41.79356847,-88.00861442,5143 Mochel Drive,,Downers Grove,IL,60515,,(331) 233-6990,http://solanaaesthetics.com,,
118251976,Solei Clinic,37.77386189,-121.99041999,200 Porter Dr Ste 210,,San Ramon,CA,94583,,(925) 886-9964,http://soleiclinic.com,,
118251835,Soleil Holistic Wellness,41.39296782,-72.89671194,2661 Whitney Avenue,,Hamden,CT,06518,,,http://soleilholistic.com,,
118251678,Soleil Skinbar,40.69236667,-73.56361205,"1149 Merrick Avenue, Ste 21",,Merrick,NY,11566,,(516) 972-2072,http://www.soleilskinbar.com,,
118252091,Solmare Aesthetics,27.94963100,-82.47112400,"1200 West Cass Street, Suite 212",,Tampa,FL,33606,,(352) 346-1373,http://www.solmareaesthetics.com,,
118253431,Solstice Dermatology,32.33440530,-90.14337148,1675 Lakeland Dr,,Jackson,MS,39216,,(769) 768-7546,http://solsticedermatology.com,,
118252674,Solymar Med Spa,29.60714851,-98.50151614,434 N Loop 1604 W. Ste 3104,,San Antonio,TX,78232,,(210) 560-0527,http://Www.solymarmedspa.com,,
118251079,Soma Aesthetics,46.60067635,-120.59081976,6101 Summitview Ave Suite 140,,Yakima,WA,98908,,(509) 260-8405,http://somaaesthettics.com,,
118253767,SOMA Beauty & Aesthetics,41.13110500,-87.27588100,9075 N 1200 W,,Demotte,IN,46310,,(219) 334-5500,http://www.somabeautyandaesthetics.com,,
118252151,Soma Beauty Bar,40.95666710,-81.46351335,3875 Massillon Rd Ste 110,,Uniontown,OH,44685,,(330) 685-2646,http://Somabeautybar.GlossGenius.com,,
118253580,Sophie A. Greenberg MD PLLC,40.76494668,-73.97510121,30 Central Park S #10A,,New York,NY,10019,,(415) 971-9904,http://sophiegreenberg.com/,,
118252049,Sophisticated Aesthetics,37.83576199,-122.29182004,5668 Bay St Studio 302,,Emeryville,CA,94608,,(510) 422-1188,http://sophisticatedaesthetics.godaddysites.com,,
118252094,Sorelle Medical Spa & Wellness,33.01812500,-117.07600300,16776 Bernardo Center Dr #214,,San Diego,CA,92128,,(909) 715-2819,http://www.sorellemedicalspa.com,,
118252095,Sorelle Medical Spa & Wellness,34.10774700,-117.56848500,10828 Foothill Blvd #18,,Rancho Cucamonga,CA,91730,,(909) 715-2819,http://www.sorellemedicalspa.com,,
118252389,Soul Aesthetics,36.11042000,-95.97507600,1312 E 36th Pl,,Tulsa,OK,74105,,(918) 779-7590,http://soultulsa.com,,
118252234,Soul To Sole,41.79986400,-87.97562900,210 North Cass Avenue,,Westmont,IL,60559,,(773) 744-6435,,,
118251358,Soulshine Aesthetics,32.83925380,-79.85431308,664 Long Point Rd Unit D,,Mt. Pleasant,SC,29607,,(337) 349-9979,http://www.soulshineaesthetics.com,,
118253645,Southeast Sculpting & Rejuvenation,35.03251600,-80.96781000,1686 SC-160,,Fort Mill,SC,29708,,(803) 396-2727,http://sesculpting.com,,
118250649,"Southern Faces, LLC",34.02405575,-81.31861332,212 Cherokee Shores Dr.,,Lexington,SC,29072,,(803) 422-2606,,,
118251652,Southern Idaho Esthetician,42.61676982,-113.67541862,505 F Street,,Rupert,ID,83350,,(208) 260-0105,,,
118252615,Southern Urogynecology,34.00905572,-81.13021329,115 Midlands Ct,,West Columbia,SC,29169,,(803) 457-7000,http://southurogyn.com,,
118250761,Spa Bella,32.49995325,-92.12415094,321 Wood Street,,West Monroe,LA,71291,,(318) 348-2915,http://www.yourspabella.com,,
118251889,Spa Bella,32.50012800,-92.12409400,321 Wood St,,West Monroe,LA,71291,,(318) 348-2915,http://Yourspabella.com,,
118252435,Spa Collierville,35.04755742,-89.69641470,1016 W Poplar Ave # 106,,Collierville,TN,38017,,(901) 316-5390,http://www.spacollierville.com,,
118252611,Spa Dulce,30.51865000,-97.83431603,"410 W. Whitestone Blvd, STE 102",,Cedar Park,TX,78613,,(512) 593-8680,http://Spadulce.com,,
118252103,Spa Medical,32.83326600,-83.62892700,556 3rd St.,,Macon,GA,31201,,(478) 743-2299,http://www.spamedical.com,,
118252102,Spa Medical,32.83326600,-83.62892700,556 THIRD STREET,,MACON,GA,31201,,(478) 743-2299,http://www.spamedical.com,,
118252295,Spa Medical -Madison,33.59725505,-83.46871368,183 W Jefferson Street,,Madison,GA,30650,,(706) 719-3939,http://www.spamedical.com,,
118251996,Spa North,34.96285728,-82.44041351,228 S. Main St.,,Travelers Rest,SC,29690,,(864) 610-0838,http://www.spanorthtr.com,,
118253632,Spa North,34.86712100,-82.35008800,115 Pelham Road Suite 5,,Greenville,SC,29615,,(864) 203-3346,http://spanorthtr.com,,
118252126,Spa Nouvelle,32.53182300,-92.09370100,1801 Lamy Lane,,Monroe,LA,71201,,(318) 816-4949,,,
118252619,Spa One Eighty,32.58495339,-85.49011401,1100 S College St,,Auburn,AL,36832,,(334) 887-1180,http://www.180spa.com,,
118251754,Spa Rhea,40.54367700,-111.87346900,656 E 11400 S suite N,,Draper,UT,84020,,(801) 849-1604,http://www.sparhea.com/,,
118252066,Spa Sway Domain | Day Spa + Med Spa,30.39655200,-97.72613800,11011 Domain Drive Ste 124,,Austin,TX,78758,,(512) 873-0999,http://www.spasway.com,,
118252075,Spa Sway Westlake | Day + Med Spa,30.29299500,-97.82733300,701 S Capital of TX Hwy Suite E-500,,Austin,TX,78746,,,http://www.spasway.com,,
118250792,Spa Sydell,33.83685544,-84.38111383,"3005 Peachtree Rd. NE, Suite E",,Atlanta,GA,30305,,(404) 255-7727,http://www.spasydell.com,,
118250790,Spa Sydell,34.03633801,-84.29108364,10593 Old Alabama Rd Connector,,Alpharetta,GA,30022,,(404) 255-7727,http://www.spasydell.com,,
118250791,Spa Sydell,33.93059600,-84.34348200,"4520 Olde Perimeter Way, 2nd Floor",,Atlanta,GA,30346,,(404) 255-7727,http://www.spasydell.com,,
118250855,Spa Works and Wellness,33.44735480,-86.78871422,"2028 Kentucky Avenue, Suite 203",,Vestavia,AL,35216,,(205) 823-2001,http://www.spaworksandwellness.com,,
118251592,Spa43 by Associated Dermatologists,42.51556966,-83.33551365,31275 Northwestern Hwy Suite 140,,Farmington Hills,MI,48335,,(248) 538-0219,http://www.michderm.com,,
118252432,SpectacularSkin,35.11815754,-89.90781473,"474 Perkins Ext., Suite 210",,Memphis,TN,38117,,(615) 582-0501,http://www.specskin.com,,
118252722,"SpectacularSkin, Inc.",35.11815754,-89.90781473,474 Perkins Ext. Suite 210,,Memphis,TN,38117,,(615) 582-0501,http://specskin.com,,
118250689,Spectrum Advanced Aesthetics,45.41077200,-122.74792200,"15115 SW Sequoia Prkwy, #200",,Tigard,OR,97224,,(503) 719-2688,http://www.spectrumlasertraining.com,,
118253693,SPMJ Aesthetics,35.20447100,-80.82821900,625 Hermitage Court,,Charlotte,NC,28207,,(704) 491-2132,http://spmjaesthetics.com,,
118251202,Springer Wellness & Restorative Health,33.82775542,-84.33911382,"17 Executive Park Drive NE, Suite 100",,Atlanta,GA,30329,,(404) 920-6201,http://springerwellpath.com/,,
118251898,Spruce Micro,30.13524937,-91.97451507,"1137 South Bernard Road, Suite M",,Broussard,LA,70518,,(337) 315-1828,http://www.sprucemicro.com/,,
118252215,SRQ Med Spa & IV Vitamins,27.33663000,-82.54104600,1473 Main Street,,Sarasota,FL,34236,,(941) 779-3004,http://srqmedspa.com,,
118252298,St. Louis Skin Solutions,38.60186325,-90.46271482,"13100 Manchester Road, Ste 250",,St. Louis,MO,63131,,(314) 394-3915,http://Stlouisskin.com,,
118253084,St. Louis Skin Solutions,38.76686100,-90.76740200,7851 State Rte N,,Dardenne Prairie,MO,63368,,(636) 748-4628,http://stlouisskin.com,,
118251757,Stacey Esthetics,41.06176728,-112.00771835,2235 W Drimmelen Drive,,Layton,UT,84041,,(801) 391-2922,,,
118251263,Stacey K. Esthetics,30.66635024,-97.91771604,2921 RM-1869,,Liberty Hill,TX,78642,,(512) 905-4845,http://www.skincare512.com,,
118251357,Stadia Medspa,29.52744838,-98.59251615,21 spurs ln,,SAN ANTONIO,TX,78240,,(210) 881-6270,http://stadiamedspa.com,,
118253331,Stages Skin Studio,36.03371500,-86.78715200,150 Pewitt Drive,,Brentwood,TN,37027,,,http://www.stagesskinstudio.com,,
118253794,Stateline Aesthetics,36.67992424,-79.85280935,1089 Spruce St.,,Martinsville,VA,24112,,(276) 403-5276,http://www.statelineaesthetics.com,,
118252997,Stevens Facial Plastic & Laser Center,26.51404344,-81.89671342,15721 New Hampshire Court,,Ft Myers,FL,33908,,(239) 420-9157,http://www.douglasstevensmd.com,,
118253611,Still Waters Day & Medical Spa,30.41424100,-87.21259600,20 N Tarragona Street,,Pensacola,FL,32502,,(850) 432-6772,http://www.stillwatersmedspa.com,,
118253120,STL Angie's Aesthetics,38.61756327,-90.27221479,1908 Marconi Ave,,St. Louis,MO,63110,,(877) 856-3265,http://www.benessereonthehill.com,,
118250839,Stormie Skin & Wellness,47.05507709,-122.83332013,"822 Sleater Kinney Rd., Suite A",,Olympia,WA,98516,,(360) 556-9883,http://www.skinbystormie.com,,
118251579,Strauhs Studios,40.71896671,-74.00281212,401 Broadway suite 213,,NY,NY,10013,,(845) 642-2016,,,
118252862,Studio 22 Aesthetics,33.70757800,-112.27492600,"24650 N Lake Pleasant Pkwy Suite 101, salon suite #15",,Peoria,AZ,85383,,(480) 662-8744,http://linktr.ee/studio22aesthetics,,
118252317,Studio Aesthetics,32.56735336,-84.93871392,3501-A Massee Ln,,Columbus,GA,31909,,(706) 321-7693,http://skincare4everybody.com/,,
118253779,Studio Eleven Eleven Day Spa and Boutique,27.81508067,-80.46842744,1424 US Highway 1 Suite A,,Sebastian,FL,32958,,(772) 783-6809,http://www.studioelevenelevenspa.com,,
118253636,Studio M Aesthetics,34.86712100,-82.35008800,115 Pelham Rd Ste 8,,Greenville,SC,29615,,(864) 884-4650,http://studiom-aesthetics.com,,
118252255,Studio NDB,39.67936501,-74.23851216,703 Mill Creek Road- Suite E,,Manahawkin,NJ,08050,,(609) 365-0156,http://nicoledemi.com,,
118252064,Studio of Makeup & Skin Health,39.39772100,-76.74736900,9199 Reisterstown Road 104A,,Owings Mills,MD,21117,,(410) 902-7422,http://www.studioofmakeup.com,,
118251645,Studio Wax Bellevue,47.60997800,-122.20322002,"10245 Main Street, Suite 106",,Bellevue,WA,98004,,(425) 281-7339,http://www.studiowaxbellevue.com,,
118251684,Studio/e,43.62217147,-116.21719041,103 N 22nd St,,Boise,ID,83702,,(208) 409-4846,http://www.studioeskin.com,,
118253074,SUBROSA,33.93505560,-84.36413822,6600 Alastair Drive Suite 300,,Sandy Springs,GA,30328,,(678) 404-7995,http://www.subrosamedspa.com,,
118252454,Subtle Solutions,32.02855248,-102.14321674,4400 Midland Dr.,,Midland,TX,79707,,(469) 426-8058,,,
118252586,"Subtle Solutions, LLC",32.02855248,-102.14321674,"4400 Midland Dr Suite 2100, Salon #15",,Midland,TX,79707,,(469) 426-8058,,,
118251668,Suede Aesthetics,44.16673900,-93.97362400,1351 Madison Avenue Suite F #225,,Mankato,MN,56001,,(320) 226-6098,http://Www.suedeaesthetics.com,,
118250925,SUGAR COOK-E ESTHETICS,35.24620300,-97.48597000,2314 N Interstate Dr,,Norman,OK,73072,,(405) 403-3902,http://www.sugarcooke.com,,
118250977,SUGARLAND MEDICAL SPA,29.59748493,-95.62415667,16062 Southwest Freeway,,SUGARLAND,TX,77479,,,,,
118253416,Summer Dawn Esthetics,47.05972771,-109.43471179,1114 W Main St,,Lewistown,MT,59457,,(406) 598-0535,http://summer-dawn-esthetics.square.site/,,
118252846,Summers Medical Aesthetics,38.95796383,-94.62971550,"9433 Mission Rd, Suite 120",,Leawood,KS,66206,,(913) 399-1249,http://www.summersmed.com,,
118251709,Summerville Medical Spa,32.96515401,-80.15681313,299 Midland Parkway,,Summerville,SC,29485,,(843) 285-7820,http://www.summervillemedicalspa.com,,
118251861,Summit Dermatology and Aesthetics,42.31528100,-122.84401100,1910 E. Barnett Rd. Ste. 101,,Medford,OR,97504,,(541) 209-2437,http://www.summitderm.com,,
118251793,Sundrop Aesthetics,28.50544700,-81.58872400,"13848 Tilden Rd., Ste 218",,Winter Garden,FL,34787,,(407) 606-6161,http://sundropfl.com/,,
118253489,Sunflower Medspa and Wellness,29.99973492,-90.13954148,1507 Demosthenes Street,,Metairie,LA,70005,,(504) 452-5696,,,
118252297,Sunset Skin,38.58963225,-90.30821480,6735 Chippewa,,St. Louis,MO,63109,,(618) 317-4026,http://Glow@visitsunsetskin.com,,
118250799,Sunset Skin Boutique,33.72495525,-118.07701935,16360 Pacific Coast Hwy Suite 220,,Huntington Beach,CA,92649,,(661) 301-4835,http://www.SunsetSkinBoutique.com,,
118251830,Sunshine Aesthetics,42.93927035,-71.52001172,10 Chestnut Drive Suite L,,Bedford,NH,03110,,,http://sunshineaestheticsnh.com,,
118251661,Sunshine City Med Spa,27.79344554,-82.64651354,2323 Doctor Martin Luther King Jr. Street N,,St. Petersburg,FL,32704,,(727) 344-9201,http://www.sunshinecityma.com/,,
118250804,Sur Medspa,34.08639600,-84.46727600,310 Gold Creek Trail Unit 300,,Woodstock,GA,30188,,(678) 824-2274,http://www.surmedspa.com,,
118251824,Surface Clinical,32.82097000,-96.80298600,"4311 Oak Lawn, Suite 380",,Dallas,TX,75219,,(214) 540-1416,http://surfaceclinical.com/,,
118252602,Suzanna SKin and Laser,38.62063275,-90.34861480,2241 S Brentwood Blvd,,Brentwood,MO,63144,,(314) 479-5212,http://suzannaskinandlaser.com,,
118252165,Sweet Emotions Skin,29.51124835,-95.18971560,"1414 South Friendswood Dr., Suite 114C",,Friendswood,TX,77546,,(832) 385-3350,http://www.sweetemotionsskin.com,,
118251801,Sweet Spot Aesthetics,40.75193000,-74.40330400,250 Main Street,,Madison,NJ,07940,,(973) 946-8566,http://Www.sweetspotaesthetics.com,,
118251210,Sweetgrass Plastic Surgery,32.86495385,-79.90561309,20 Fairchild St. Suite 104,,Charleston,SC,29492,,(843) 264-7973,http://sweetgrassplasticsurgery.com,,
118251424,Sweetgrass Plastic Surgery,32.79415373,-79.99061311,1014 St. Andrews Boulevard Suite 310,,Charleston,SC,29407,,(843) 264-7973,http://www.sweetgrassplasticsurgery.com,,
118251423,Sweetgrass Plastic Surgery,33.04445414,-80.14391313,218 Brighton Park Boulevard Suite 101,,Summerville,SC,29486,,(843) 264-7973,http://www.sweetgrassplasticsurgery.com,,
118251457,Swetnam Cosmetic Surgery,36.13577367,-94.17354572,3623 Johnsonmill Blvd,,Johnson,AR,72762,,(479) 966-4174,http://Swetnamcosmeticsurgery.com,,
118253014,SWFL Skin,26.43099000,-81.79923400,"9510 Corkscrew Palms Circle, Suite 3",,Estero,FL,33928,,(239) 571-6564,http://www.lastingimpressionslaser.com,,
118253609,SWS Aesthetics & Gynecology,30.55412000,-87.89410100,7540 Cipriano Court,,Fairhope,AL,36532,,(251) 200-3848,http://www.southernwomensspecialists.com,,
118250877,Sydney Huntley Esthetics,47.96877859,-122.20862002,3632 Colby Ave,,Everett,WA,98201,,(425) 293-2507,,,
118251137,Symbios Health,32.21385278,-80.69913222,460 William Hilton Parkway,,Hilton Head Island,SC,29926,,(843) 738-4800,http://www.mysymbios.com,,
118253495,Syn Skin Aesthetics & Wellness,30.39662498,-90.09741148,4244 LA 22,,Mandeville,LA,70471,,(985) 502-1533,http://www.synksinaesthetics.com,,
118251009,Syn Skin Aesthetics & Wellness,30.40852500,-90.13510700,"4244 LA-22, Unit 9",,Mandeville,LA,70471,,(985) 502-1533,http://www.synskinaesthetics.com,,
118252550,Synergy Aesthetics,46.82168767,-92.07349151,1610 Woodland Ave,,Duluth,MN,55803,,(218) 464-5222,http://www.synergyaestheticsduluth.com,,
118252008,Syree Aesthetics,40.96946712,-74.29421217,29 Evans Place,,Pompton Plains,NJ,07444,,(862) 668-8681,,,
118253527,T Spa by Tutela Plastic Surgery,40.80636669,-74.36214122,64 River Road,,East Hanover,NJ,07936,,(973) 727-9275,http://www.tspanj.com/,,
118252716,Taguchi Women's Clinic & YT Aesthetics,36.11305917,-97.07801591,801 S Walnut St,,Stillwater,OK,74074,,(405) 372-6246,http://www.taguchiwomensclinic.com,,
118251809,Tailored Health and Aesthetics,33.11341200,-96.83790200,4060 Legacy Drive. Suite 302,,Frisco,TX,75034,,(214) 945-3621,http://Tailored.health.com,,
118253315,TAJ Aesthetics,27.39444884,-82.43513506,8120 Lakewood Main Street,,Lakewood Ranch,FL,34202,,,,,
118252707,Talia Padilla Esthetics,38.11453200,-121.29582500,1826 W Kettleman Ln f3,,Lodi,CA,95242,,,http://taliapadilla.com,,
118252259,Tallahassee Plastic Surgery Clinic,30.45744990,-84.23641380,"2452 Mahan Dr., Suite 101",,Tallahassee,FL,32308,,(850) 877-2126,http://www.tlhplasticsurgery.com,,
118251912,Taut Haute Skin Clinic,33.61635508,-111.90651833,8060 E Gelding Dr STE 101,,Scottsdale,AZ,85260,,(480) 679-9792,http://www.tauthaute.com,,
118253388,Taylered Aesthetics & Wellness,42.45779696,-98.64961162,108 N 3rd St,,O'Neill,NE,68763,,(402) 340-3770,http://www.tayleredaesthetics.com,,
118253424,Taylor Caswell Aesthetics,33.87198200,-98.54729500,4022-A Call Field Rd Suite 2,,Wichita Falls,TX,76308,,(940) 500-6640,http://injectortaylor.com,,
118252150,Taylor Made Esthetics,29.65916500,-98.40825900,4130 Cibolo Canyons,,San Antonio,TX,78261,,(314) 973-0027,http://instagram.com/_taylormadeesthetics,,
118252076,Taylor Made Esthetics,29.65916500,-98.40825900,4130 Cibolo Canyons,,San Antonio,TX,78261,,9730027,http://instagram.com/_taylormadeesthetics,,
118252719,Taylored Beauty,42.26682100,-89.05990100,2209 E. State Street,,Roscoe,IL,61104,,(815) 621-0874,http://tayloredbeautyil.square.site/shop/hydrinity/3S43OCMNGYAJAPJ2BYECKGIK,,
118253045,TAYLORÕd Advanced Aesthetics,35.74025856,-95.34311562,2203 Chandler Rd,,Muskogee,OK,74403,,(918) 822-4337,http://taylordadvancedaesthetics.com,,
118252783,TBSQ,33.14854310,-96.82481586,8641 5th Street Suite. E9,,Frisco,TX,75034,,(214) 663-7484,http://www.thebrowshapingqueen.com,,
118252750,Tejas Aesthetics,31.52865166,-97.18621592,921C Lake Air Dr,,Waco,TX,76705,,(254) 292-2070,,,
118251875,Tejas Aesthetics,31.52865166,-97.18621592,921C Lake Air Dr.,,Waco,TX,76710,,(254) 292-2070,http://linktr.ee/tejasaesthetics,,
118252801,Temple Aesthetics and Wellness,36.02525902,-78.94941294,"3200 Croasdaile Drive, Suite 402 B",,Durham,NC,27705,,(919) 420-3909,http://templeaestheticsandwellness.com,,
118252666,Ten Years Younger,29.88004896,-95.65651567,16316 FM 529 Suite C,,Houston,TX,77095,,(832) 909-8031,http://www.10yearsyounger4u.com/,,
118251363,Tensegrity Health & Aesthetics,44.80631300,-68.77378100,700 Mt Hope Avenue Suite 650,,Bangor,ME,04401,,(207) 337-9851,http://tensegrityhealth.org,,
118252820,Terra Aesthetics & Wellness,37.91056211,-122.04632000,1399 Ygnacio Valley Rd Suite 12,,Walnut Creek,CA,94598,,(925) 954-1614,http://myterrawellness.com,,
118252737,Terri Doan,39.27016434,-76.73891257,1011 Frederick Road,,Catonsville,MD,21228,,(443) 851-0415,http://Www.Terridoan.com,,
118252101,Tessa Aesthetics,40.85459100,-73.19735000,"42 maple ave, unit 109",,Smithtown,NY,11787,,(631) 747-5852,,,
118252030,Tessa Grace Aesthetics,44.28612726,-88.42338145,620A E Longview Drive,,Appleton,WI,54911,,(920) 423-5354,http://www.tessagraceaesthetics.com/,,
118252516,TessAesthetics,35.49355815,-97.29131594,13511 NE 23rd st suite 140,,Choctaw,OK,73020,,(817) 807-5474,http://tessaesthetics.com,,
118252352,Texas Oaks Skin and Wellness,29.51656100,-98.57276400,8299 Fredericksburg,,San Antonio,TX,78229,,(210) 305-4090,http://www.TexasOaksWellness.com,,
118252362,Texas touch aesthetics,30.05449242,-95.56931566,20008 champions forest dr suite 901,,Spring,TX,77379,,(936) 414-1740,http://texastouchaesthetics.com/,,
118252437,Texoma Plastic Surgery,33.88825552,-98.52331614,2200 Kell W Blvd,,Wichita Falls,TX,76309,,(940) 264-2600,http://Www.drphilstephan.com,,
118252346,That Face Facial Plastic Surgery,41.92640700,-87.65058800,2448 N. Lincoln Avenue,,Chicago,IL,60614,,(312) 883-0183,http://thatfacechicago.com,,
118252876,The Acne Shop Jenny Branham,35.53858226,-97.53161598,6442 Avondale Dr,,Nichols Hills,OK,73116,,,,,
118253122,The Aesthetic Clinic,38.21186261,-90.39361481,348 Festus Centre Dr.,,Festus,MO,63028,,(314) 333-1235,http://theaestheticclinicmo.com,,
118253630,The Aesthetic Collective,34.83480571,-82.36715135,331 S Pleasantburg Dr,,Greenville,SC,29607,,(864) 625-3588,http://theaestheticcollectivegvl.com,,
118251472,the aesthetic collective,30.10930400,-97.31998000,900 main street,,Bastrop,TX,78602,,(512) 957-9638,http://www.theaestheticcollectivetx.com,,
118252551,the aesthetic collective,30.10974933,-97.31971594,909 main st,,Bastrop,TX,78602,,(512) 957-9638,http://Theaestheticcollectivetx@gmail.com,,
118252552,the aesthetic collective,30.10974933,-97.31971594,909 main st,,Bastrop,TX,78602,,(512) 957-9638,http://Theaestheticcollectivetx.com,,
118251553,"the aesthetic collective, LLC",30.10973500,-97.31977100,909 main street,,bastrop,TX,78602,,(512) 957-9638,http://theaestheticcollectivetx.com/,,
118253501,The Aesthetic Haus,30.37647000,-90.07514400,1901 Hwy 190 ste 18,,Mandeville,LA,70448,,(504) 616-1219,http://Www.theaesthetichausnorthshore.com,,
118251120,The Aesthetic House,28.87934732,-82.53521352,6001 W. Nordling Loop,,Crystal River,FL,34429,,(352) 601-1990,http://aesthetichouse.com/,,
118251657,The Aesthetic Medicine & Anti Aging Clinic of Lafayette,30.14574939,-92.03621508,5000 Ambassador Caffery suite 101,,Lafayette,LA,70508,,(337) 484-1234,http://theantiagingclinics.com,,
118252922,The Aesthetic Method,42.46096957,-83.12931362,"409 East 9 Mile Road, Suite #100",,Ferndale,MI,48220,,(313) 992-6659,http://www.theaestheticmethod.com,,
118253000,The Aesthetic Portal,27.91993600,-82.49495400,"3115 W Bay To Bay Blvd, Suite C",,Tampa,FL,33629,,(813) 434-3840,http://www.theaestheticportal.com,,
118251090,The Aesthetic Room,39.77746517,-75.05406123,"901 NJ-168, Suite 501",,Turnersville,NJ,08012,,(856) 228-6688,http://Drdamore.com,,
118252057,The Aesthetic Studio,43.61737146,-116.35571906,3100 E Florence Dr. #101,,Meridian,ID,83642,,(208) 996-2769,http://www.theaestheticstudioidaho.com,,
118253700,The Aesthetics Lab,40.34664100,-75.13491900,975 N. Easton Rd,,Doylestown,PA,18902,,(267) 389-9234,http://www.theaestheticslabpa.com,,
118251221,The Aesthetics Lounge and Spa,28.54774677,-81.20301330,"12301 Lake Underhill Road, Suite 105",,Orlando,FL,32828,,(407) 347-4770,http://orlando.theaestheticsloungeandspa.com/,,
118253620,The Aesthetics Lounge and Spa Wellen Park,27.04807600,-82.32298300,12213 Mercado Drive,,Venice,FL,34293,,(941) 477-7704,http://www.wellenpark.theaestheticsloungeandspa.com,,
118251637,The Aesthetics Refinery,28.80047186,-81.64413377,"440 N. Donnelly Street, Suite 205",,Mount Dora,FL,32757,,(352) 340-3223,http://theaestheticsrefineryllc.com/,,
118253202,The Aesthetics Room,39.97965502,-76.65912560,3350 east market st,,YORK,PA,17402,,(717) 650-2650,http://www.theaestheticsroomyorkpa.com,,
118252757,The Aesthetics Room,36.42445968,-88.94331457,6578 Knox Daniel Rd,,Union City,TN,38261,,(731) 796-6198,,,
118251797,The Aesthetics Room,32.57745337,-94.73701552,4775 U.S. 259,,Longview,TX,75605,,(903) 290-6283,http://www.theaestheticroom.net/,,
118253205,The Aesthetix Lounge,40.07665661,-76.33412507,217 Granite Run Dr.,,Lancaster,PA,17601,,(717) 844-2005,http://www.theaesthetixlounge.com,,
118251092,The Aesthic Haus,30.37674977,-90.07641476,1901 hwy 190 suite 9,,mandeville,LA,70448,,(985) 778-0552,http://www.theaesthetichausnorthshore.com,,
118250757,The Alternative Touch Wellness,31.53145166,-97.20391593,2066 N. Valley Mills Dr.,,Waco,TX,76710,,(254) 339-1310,http://www.thealternativetouch.com,,
118250800,The Art of Beauty Medical Aesthetics,42.55656600,-71.43972600,285 Littleton Rd Suite 10,,Westford,MA,01886,,(978) 397-3069,http://www.artofbeautymedicalaesthetics.com,,
118252979,The Barber May Clinic,30.66525024,-88.17021445,4621 Morrison Drive,,Mobile,AL,36609,,(251) 344-7474,http://www.barbermayclinic.com,,
118250924,The Beaute Routine LLC,36.03215904,-115.09188579,66 N. Pecos Rd Suite A,,Henderson,NV,89074,,(702) 504-2204,http://www.thebeauteroutine.com,,
118253221,The Beautique Med Spa & Health,29.95849084,-94.00415402,"3205 Nederland Ave, Suite 5",,Nederland,TX,77627,,(409) 344-9474,http://thebeautiquemedspa.com,,
118252280,The Beauty Bar,46.83607674,-92.24241511,5338 Rose Road,,Hermantown,MN,55811,,(218) 341-0983,http://www.thebeautybarmn.com,,
118252795,The Beauty Bungalow,44.54547298,-69.67111141,325 Kennedy Memorial Drive Suite 1 C,,Waterville,ME,04901,,,http://thebeautybungalowmedspa.com,,
118252993,The Beauty Lab,32.89465389,-97.24015932,2122 Rufe Snow Drive Suite 120,,Keller,TX,76248,,(574) 702-5410,,,
118253445,The Beauty Lab Med Spa,29.79510200,-90.82230200,603 Jackson Street Suite C,,Thibodaux,LA,70301,,(985) 228-0528,http://Www.thebeautylabglow.com,,
118251956,The Beauty Lab Med Spa,29.79514882,-90.82231488,603 Jackson Street,,Thibodaux,LA,70301,,(985) 228-0528,http://Thebeautylabmedspaboutique.advicemediasites.com,,
118252672,The Beauty Lounge of Peoria,40.75856678,-89.59211468,5901 N. Prospect Rd. Suite 106,,Peoria,IL,61614,,(309) 338-1762,http://www.thebeautyloungeinpeoria.com,,
118253494,"the Beauty Mark., LLC",30.36706498,-88.55846145,619 Delmas Avenue,,Pascagoula,MS,39567,,(228) 202-1847,http://TheBeautyMark.net,,
118251749,The Beauty Rehab,39.62844900,-106.04529800,124 Main Street Suite #204,,Dillon,CO,80435,,(970) 368-5707,http://Www.thebeauty-rehab.com,,
118253433,The Beautyful Secret Medspa,32.48162100,-93.70510700,3000 Knight St bldg 5 suite 301,,Shreveport,LA,71105,,(318) 670-7813,http://thebeautyfulsecret.com,,
118250972,THE BLESSINGS AESTHETICS,29.88048956,-95.61111566,13180 FARM TO MARKET ROAD 529 SUITE A,,HOUSTON,TX,77041,,,,,
118252164,The Blessings Med & Aesthetics,29.96654500,-95.69835997,"17828 Mound Rd., Suite B",,Cypress,TX,77433,,(346) 229-5995,http://www.theblessingsaesthetics.com,,
118251235,The Body Lab,27.79144553,-82.64713541,"2100 9th Street N, Suite C",,St. Petersburg,FL,33704,,(727) 278-6601,http://thebodylabfl.com,,
118251815,The Botox Bar,32.78375371,-96.81715863,"801 Core St., Ste A",,Dallas,TX,75207,,(972) 850-9773,http://TheBotoxbar.com,,
118253399,The Boujie Hippie Aesthetics,42.83695900,-71.10726900,95 Plaistow Rd. suite 212,,Plaistow,NH,03865,,(603) 974-1972,http://theboujiehippieaesthetics.com,,
118252378,The Browery Studio,26.00649050,-80.33663018,300 SW 145th Terrace Suite 115,,Pembroke Pines,FL,33027,,,,,
118252459,The C Studio,34.43775642,-118.56461943,27674 Newhall Ranch Rd C85,,Valencia,CA,91355,,(661) 812-0251,http://www.thecstudiowellness.com,,
118253373,The Center for Plastic Surgery at Princess Anne,36.77715700,-76.09716800,1925 Glenn Mitchell Drive Suite 206,,Virginia Beach,VA,23456,,(757) 507-0720,http://sentaraplasticsurgery.com,,
118252416,The Center for Women's Aesthetics,35.21957704,-80.85031325,1001 Morehead Drive Suite 195,,Charlotte,NC,28203,,(980) 218-9496,http://www.thecfwa.com,,
118252043,The Collective,30.84135053,-83.98201376,403 N Crawford Street,,Thomasville,GA,31792,,(850) 509-9982,,,
118253383,The Collective,30.84135053,-83.98201376,403 N Crawford Street,,Thomasville,GA,31792,,(850) 509-9982,,,
118253037,The Collective Medspa,33.47845485,-112.36001841,2910 N Litchfield Rd Suite 101 (Studio 105),,Goodyear,AZ,85395,,(602) 708-2992,http://www.thecollectivemedspa.com,,
118252583,The Confidence Lab,40.16036580,-83.09491361,4038 West Powell Rd,,Powell,OH,43065,,(614) 219-9983,http://www.myconfidencelab.com,,
118253097,The Confidence Studio,40.71766712,-89.44081465,1206 Independence Ct. Bldg 1200,,Washington,IL,61571,,(309) 231-0301,http://theconfidencestudio23.com,,
118251253,The Derm Bar MD,35.94345889,-84.10641378,1169 Winding Way Drive,,Knoxville,TN,37923,,(865) 556-0543,http://www.TheDermBarMD.com,,
118253414,The Dermatory by Angie Donna,45.08346600,-93.01052600,4701 Clark Ave.,,White Bear Lake,MN,55110,,(651) 200-7162,http://www.thedermatory.com,,
118253508,The Downtown Wellness Spa,41.68156200,-85.00056800,2683 N STATE ROAD 127,,Angola,IN,46703,,(260) 399-5874,http://www.thedowntownspa.com,,
118253507,The Downtown Wellness Spa,41.14895674,-85.06198139,6400 Rothman Road,,Fort Wayne,IN,46835,,(260) 399-5874,http://www.thedowntownspa.com,,
118253506,The Downtown Wellness Spa,41.07826673,-85.13979139,122 W. Wayne St.,,Fort Wayne,IN,46802,,(260) 399-5874,http://www.thedowntownspa.com,,
118250835,The Esthetic Co.,38.03376231,-78.44591285,4000 Olympia Circle Suite 104,,Charlottesville,VA,22911,,(434) 217-1313,http://www.theestheticcocom.showit.site,,
118251733,The Face Place 225,30.43084986,-91.16091494,2031 Perkins Road Suite C,,Baton Rouge,LA,70808,,(225) 627-7927,http://Thefaceplace225.com,,
118253012,The Fairy Skin Mother,28.46804664,-82.50761352,13218 Spring Hill Drive,,Spring Hill,FL,34609,,(352) 667-8373,,,
118253151,The Fix Aesthetic Clinic,29.18684782,-82.12913456,"752 E. Silver Springs Blvd. Ocala, Fl. 34470",,Ocala,FL,34470,,(352) 579-0131,http://www.thefixocala.com/,,
118251194,The Florida Facialist,26.47374337,-80.07101312,"701 N Congress Avenue, Building #3, SUITE #111",,Boynton Beach,FL,33426,,,http://thefloridafacialist.com,,
118250822,The Glow Clinic,47.62227802,-122.16212002,"13353 Bel-Red Road, Suite 102",,Bellevue,WA,98005,,(425) 341-3650,http://www.theglowclinic.org,,
118251113,The Glow From Within,26.37706571,-81.80878634,"24880 S Tamiami Trail, Suite 33",,Bonita Springs,FL,34134,,,http://www.theglowfromwithin.com,,
118252099,The Glow Lab,33.28910900,-111.69616100,4365 E Pecos Rd Unit 117,,Gilbert,AZ,85295,,(480) 771-7202,http://www.theglowlabaz.com,,
118253139,The Glow Skin Spa,30.07249272,-94.12115421,"3150 Fannin St, suite 3",,Beaumont,TX,77701,,(409) 790-3869,http://TheGlowSkinSpa.com,,
118251885,The Glowhive Skin Studio,31.53345166,-97.18611592,1301 Lake Air Dr,,Waco,TX,76710,,(254) 548-5888,,,
118252171,The Glowhive Skin Studio,31.53355900,-97.18622900,1301 Lake Air Drive,,Waco,TX,76710,,(254) 548-5888,http://Wacoskincare.com,,
118252935,The Graivier Center Plastic Surgery,34.06655815,-84.26581381,3333 Old Milton Parkway Suite 260,,Alpharetta,GA,30005,,(770) 212-9827,http://www.thegraivercenter.com,,
118252302,The Grove Spa,39.01436392,-94.59241550,328 W 63rd Street,,Kansas City,MO,64113,,(816) 834-9100,http://Thegrovespa.com,,
118253493,The Headache Specialists,30.43398700,-89.07507900,14231 Seaway Rd Ste 4001,,Gulfport,MS,39503,,(228) 213-8888,http://www.theheadachespecialists.com,,
118253105,The Healing Hamsa Spa,38.60056324,-90.58621484,119 Clarkson Executive Park,,Ellisville,MO,63011,,(314) 450-8399,http://healinghamsa.com,,
118252413,The Healthcare Gallery & Wellness,30.41794984,-91.10071493,3488 Brentwood Dive,,Baton Rouge,LA,70809,,(228) 384-5378,http://Spabatonrouge.com,,
118250943,The Honey Dipped Injector,39.65596800,-104.99059000,"3333 South Bannock Street, Ste 240",,Englewood,CO,80110,,(720) 473-0123,http://the-honey-dipped-injector.square.site,,
118251953,The Knox Aesthetician,35.89265881,-84.14551379,"10843 Kingston Pike, STE 5",,Farragut,TN,37934,,(843) 340-1327,http://Theknoxaesthetician.com,,
118252665,THE LA SKIN CLUB,34.08165584,-118.37711939,"8500 Melrose Ave, Unit 209 Door #14",,West Hollywood,CA,90069,,(310) 658-8352,http://www.thelaskinclub.com,,
118253179,The Laser Center of Marin,37.92562137,-122.51720073,770 Tamalpais Dr. Suite 301,,Corte Madera,CA,94925,,(628) 237-6044,http://marinlaser.com,,
118252536,The Laser Skin Center,33.23595445,-87.57701435,2810 Lurleen B Wallace Blvd.,,Northport,AL,35476,,(205) 333-7670,http://www.thelaserskincenter.godaddysites.com,,
118252320,The Laser Studio,32.89890100,-83.70588600,2600 Northside Crossing,,Macon,GA,31210,,(478) 474-8500,http://laserstudiomiddlega.com,,
118251131,The Lash & Skin Lounge,33.70755227,-112.27431840,24650 N Lake Pleasant Pkwy unit 101-6,,Peoria,AZ,85383,,(623) 281-3551,http://www.thelashandskinlounge.com,,
118251251,The Lip Bunny Beauty Med Spa,41.71226834,-71.14511657,484 Highland Ave,,Fall River,MA,02720,,,http://lipbunnybeauty.com/,,
118251150,The Lip Bunny Beauty Med Spa,41.71226834,-71.14511657,484 Highland Ave,,Fall River,MA,02720,,(508) 403-6279,http://lipbunnybeauty.com,,
118252470,The Lip Loft - Regenerative Aesthetics,42.41902897,-71.11188482,0 Governors Ave Suite 38,,Medford,MA,02155,,(617) 299-0440,http://theliploftmedford.com,,
118251670,The Little Orchid Aesthetic,39.88608700,-104.82868000,13635 E 104th Ave,,Commerce City,CO,80022,,(720) 690-4699,,,
118253332,The Look Aesthetics,35.86302000,-86.84387200,5000 Hughes Crossing #110,,Franklin,TN,37064,,,http://www.thelookfacialaesthetics.com,,
118250938,The Look and Co.,32.79645373,-79.85951308,1031 Chuck Dawley Blvd #4,,Mt. Pleasant,SC,29464,,(843) 281-4536,http://www.thelookandco.com,,
118251204,The Luxe Medspa,33.94071500,-84.69832500,5041 Dallas Hwy. Suite 508,,Powder Springs,GA,30127,,(770) 824-1792,http://theluxemedspa.store/,,
118251817,THE MARINA METHOD at The Dermatology Institute & Skin care center,34.02937400,-118.48013000,2001 Santa Monica Blvd. #1160W,,Santa Monica,CA,90404,,(424) 625-8556,http://linktr.ee/themarinamethod,,
118253137,The Med Spa,29.72848708,-95.45315639,"4615 Southwest Freeway, suite 735",,Houston,TX,77027,,,http://TheMedSpaTX.com,,
118250933,The Med Spa Of Kingwood,30.05166700,-95.23142100,"2325 Timbershadows Dr., Suite B",,Kingwood,TX,77339,,(832) 995-3380,http://medspaofkingwood.net,,
118250961,THE MED SPA OF KINGWOOD,30.05166700,-95.23142100,2325 TIMBER SHADOWS DR SUITE B,,HOUSTON,TX,77339,,(713) 331-5541,,,
118252496,The Med Spa Wimberley,29.99974915,-98.08191607,210 Masonic Lodge Rd,,Wimberley,TX,78738,,(512) 847-9000,http://themedspawimberley.com,,
118250786,The Med Spa Wimberley,29.99974915,-98.08191607,210 Masonic Lodge Rd,,Wimberley,TX,78676,,(512) 847-9000,http://www.themedspawimberley.com,,
118251724,The Mint Facial Bar & Med Spa,40.38736700,-111.84312800,380 E Main St,,Lehi,UT,84043,,(801) 341-8968,http://mintfacialbar.com,,
118251725,The Mint Facial Bar & Med Spa,40.11360400,-111.65506000,295 N Main St,,Spanish Fork,UT,84660,,(801) 520-6831,http://www.mintfacialbar.com/,,
118251726,The Mint Facial Bar & Med Spa,40.76481100,-111.85265800,1340 E 200 S,,Salt Lake City,UT,84102,,(801) 940-4050,http://www.mintfacialbar.com/,,
118252194,The Modern Aesthetic,33.53952200,-111.88978100,8920 E Talking Stick Way Suite 25,,Scottsdale,AZ,85250,,(602) 291-8350,http://Journeykull.glossgenius.com,,
118252148,The Modern Aesthetic az,33.53952200,-111.88978100,8920 E Talking Stick Way #25,,Scottsdale,AZ,85250,,(602) 291-8350,http://Modernaestheticaz.com,,
118253559,the MODERN Plastics Surgery & Medspa,29.99281900,-90.15450300,"3100 Galleria Dr., Suite 205",,Metairie,LA,70001,,(504) 517-6200,http://www.themodernplasticsurgery.com,,
118251077,The Olympia Aesthetician,47.02737705,-122.91552014,2415 Evergreen Park Dr. SW Suite C-4,,Olympia,WA,98513,,(360) 584-0680,,,
118252225,The Ozoned Studio,30.40851400,-90.13412700,4910 Hwy 22,,Mandeville,LA,70471,,(985) 778-0788,http://Theozonedstudio.com,,
118251892,The Parker Skin & Aesthetic Clinic,41.45866793,-81.49241335,3737 Park East Dr. Suite 109,,Beachwood,OH,44122,,(216) 464-7333,http://www.theparkerclinic.com,,
118251512,The Parker Skin & Aesthetic Clinic,41.45866793,-81.49241335,3737 Park East Drive Suite 109,,Beachwood,OH,44122,,(216) 464-7333,http://www.theparkerclinic.com/,,
118251662,THE PERFECT SKIN,38.01336228,-122.13520011,1210 ALHAMBRA AVE SUITE A,,MARTINEZ,CA,94553,,(415) 424-2432,http://the-perfect-skin.ueniweb.com,,
118251266,The Pharmacy Club,32.79215373,-79.98791311,846 St. Andrews Blvd. Suite A,,Charleston,SC,29402,,(843) 718-3738,http://www.thepharmacyclubchs.com,,
118252768,The Pink Canoe,38.87863699,-104.75391716,"3245 W Carefree Circle, Building F",,Colorado Springs,CO,80917,,(719) 639-3054,http://Www.thepinkcanoewaxingstudio,,
118251748,The Pink Canoe Waxing Studio,38.87863699,-104.75391716,"3245 W Carefree Circle, Building F",,Colorado Springs,CO,80917,,(719) 966-1415,http://Www.thepinkcanoewaxingstudio.com,,
118251639,The Pink Canoe Waxing Studio,38.87863699,-104.75391716,"3245 West Carefree Circle, Building F",,Colorado Springs,CO,80917,,(719) 639-3054,http://thepinkcanoewaxingstudio.com,,
118253748,The Plastics Atelier,41.26050334,-96.17812181,"302 N 168th Cir, Suite 8",,Omaha,NE,68118,,(402) 603-0080,http://www.theplasticsatelier.com,,
118252476,The Plastics Clinic,40.48570663,-111.88451833,14658 S Bangerter Pkwy #200,,Draper,UT,84020,,(801) 839-5557,http://theplasticsclinic.com,,
118251934,The Plaza Arsthetics,35.53832600,-97.53153100,6421 Avondale Dr suite 208,,Oklahoma City,OK,73116,,(405) 822-0785,http://Theplazaaesthetics.com,,
118251408,The Plump Room,25.75054219,-80.25581315,2 Aragon Ave. Suite 30,,Coral Gables,FL,33134,,,http://theplumproommiami.com,,
118253026,The Plump Room,25.75274219,-80.25821315,147 Alhambra circle suite 205,,Coral Gables,FL,33134,,(786) 416-6514,http://theplumproommiami.com,,
118253345,The Plump Room,25.75275422,-80.25823131,147 ALHAMBRA CIRCLE,,CORAL GABLES,FL,33134,,(786) 554-1421,http://theplumproommiami.com,,
118250998,The Portland Esthetician,45.56674656,-122.69532010,5934 N. Greeley Ave #5,,Portland,OR,97217,,(651) 235-2800,,,
118253661,The Practice Healthcare,34.06875100,-118.40546700,"436 North Bedford Drive, Suite 103",,Beverly Hills,CA,90201,,(310) 278-8200,http://www.thepracticehealthcare.com,,
118252603,The Radiance MD,41.26266760,-73.00511196,291 South Lambert Road Suite 5,,Orange,CT,06477,,(203) 553-9537,http://www.theradiancemd.com,,
118252857,The Real Esthetics by Loran,34.04825578,-84.58821386,1275 Shiloh Rd NW suite#2780,,Kennesaw,GA,30144,,(678) 800-2195,http://www.therealbyloran.com,,
118253640,The Real Me Trim Clinic,35.17789500,-82.18060300,803 E Rutherford St Ste A,,Landrum,SC,29356,,(864) 702-8746,http://therealmeclinic.com,,
118252960,The ReCenter,41.67516828,-91.57951500,"1100 5th Street, Suite 201",,Coralville,IA,52241,,(319) 694-6086,http://therecenter.com,,
118253560,The Refined Ritual,26.59418800,-81.94203700,"3108 Del Prado Boulevard South, Unit 2",,Cape Coral,FL,33904,,,http://www.yourskincaresource.com,,
118251715,The Repaire Room,32.80952538,-79.94899131,761 Meeting St.,,Charleston,SC,29403,,(843) 822-2046,http://www.therepaireroom.com,,
118251775,The Rock Med Spa,34.75356941,-92.40381514,11521 West Markham Street,,Little Rock,AR,72211,,(501) 502-0040,http://www.therockmedspa.com,,
118252728,The San Antonio Esthetician,29.46884828,-98.49091614,4118 McCullough Ave suite 2,,San Antonio,TX,78212,,(469) 226-3811,http://thesanantonioesthetician.glossgenius.com,,
118252242,The Sculptry,30.20092130,-93.24193100,"3093 Contraband Pkwy, Suite 125",,Lake Charles,LA,70601,,(337) 499-8098,http://www.thesculptry.com,,
118253498,The Sculptry,30.20126612,-93.24166933,"3093 Contraband Parkway, Suite 125",,Lake Charles,LA,70601,,(337) 499-8098,http://thesculptry.com/,,
118252299,The Shine Spa,38.63796330,-90.33751480,7729 Clayton Road,,Clayton,MO,63117,,(314) 499-7199,http://Theshinespa.com,,
118252250,The Siren Medical Spa,39.70556505,-75.11381231,226 Rowan Blvd,,Glassboro,NJ,08028,,(856) 689-2802,http://Thesirenmedicalspa.com,,
118253734,The Skin & Wellness Center,34.53847800,-78.78825900,125 South Main St Suite A,,Bladenboro,NC,28320,,(910) 809-0030,,,
118253200,The Skin Atelier of Raleigh,35.87058769,-78.62091288,6400 Falls of Neuse Rd. Suite 201,,Raleigh,NC,27615,,(919) 229-9530,http://www.theskinatelier-raleigh.com,,
118252392,The Skin Atelier of San Antonio,29.50702100,-98.47419500,"366 West Sunset Road, Building 2",,San Antontio,TX,78209,,(210) 504-9993,http://www.theskinatelier-sa.com,,
118251135,The Skin Bar,34.83765708,-82.40641350,"512 Augusta Street, Suite B",,Greenville,SC,29605,,(864) 412-8200,http://www.raisingtheskinbar.com,,
118252595,The skin bar,42.96487039,-76.43351252,1000 Old Seneca Turnpike,,Skaneateles,NY,13152,,(315) 901-8750,http://www.lovetheskinbar.com/,,
118251059,The Skin Bar New Orleans,29.98647491,-90.12925148,505 Metairie Rd.,,Metairie,LA,70005,,(504) 345-2333,http://www.theskinbar.biz,,
118251790,The skin beautique,41.29646766,-74.46341220,625 glenwood Rd,,Pine island,NY,10969,,(845) 590-3389,,,
118253605,The Skin Care Center at Gulf Coast Plastic Surgery,30.47487300,-87.22292600,540 Brent Lane,,Pensacola,FL,32503,,(850) 474-0155,http://www.theskincarecenter.com,,
118251896,The Skin Center,31.57881900,-90.46509600,939 Brookway Blvd. Suite E,,Brookhaven,MS,39601,,(601) 265-2129,http://Theskincenterandspa.com,,
118253452,The Skin Center and Spa,31.57881900,-90.46509600,939 Brookway Blvd Suite E,,Brookhaven,MS,39601,,(601) 265-2129,http://www.theskincenterandspa.com,,
118252180,The Skin Clinic,43.03095800,-87.90373700,"505 E. Menomonee Street, Studio 6",,Milwaukee,WI,53202,,(262) 349-5374,,,
118252687,The Skin Clinic,36.18586800,-94.54106200,110 E University St,,Siloam Springs,AR,72761,,(479) 220-1554,http://www.skinclinicsiloam.com,,
118251193,The Skin Co,47.43297771,-120.31781971,7 N. Wenatchee Ave STE 204,,Wenatchee,WA,98801,,(509) 449-1565,http://theskinco.org,,
118253280,THE SKIN FIX,30.18549455,-82.63613539,397 S Marion Ave,,Lake City,FL,32025,,(386) 365-3698,http://Theskinfix.co,,
118253530,THE SKIN FIX,30.18505000,-82.63683400,397 S Marion Ave,,Lake City,FL,32055,,(386) 365-3698,http://www.theskinfix.co,,
118251299,The Skin Gallery Medspa,30.04854923,-95.18515595,19 North Main Street,,Kingwood,TX,77339,,(832) 217-8684,http://www.theskingallerymedspa.com/,,
118251474,The Skin House,38.88566400,-77.09428000,3001 Washington Blvd Loft 12,,Arlington,VA,22201,,(202) 683-8831,http://www.theskinhousebymads.com,,
118253550,The Skin Lab,43.61134800,-116.43436800,"742 N Cliff Creek Ln, Suite 110",,Meridian,ID,83642,,,,,
118250967,THE SKIN LAB,29.73371300,-95.47613700,3033 CHIMNEY ROCK SUITE 435,,HOUSTON,TX,77056,,,,,
118251004,The Skin Lounge,40.74056675,-74.38381219,10 Fairmount Ave,,Chatham,NJ,07928,,(908) 309-2224,http://www.theskinloungenj.com,,
118250982,The Skin Lounge,40.74056675,-74.38381219,10 fairmount ave,,Chatham,NJ,07928,,(908) 309-2224,http://Www.theskinloungenj.com,,
118252629,The Skin Queue Aesthetics Medical Spa,34.27204900,-119.25326900,3140 Telegraph Rd Suite C,,Ventura,CA,93003,,(805) 303-1533,http://www.theskinqueue.com,,
118252930,The Skin Retreat,36.08715913,-79.44813017,115 Glendale Avenue,,Burlington,NC,27215,,(336) 347-9399,http://www.theskinretreatnc.com,,
118252183,The Skin Retreat,29.80418500,-95.39622900,209 E 20th St,,Houston,TX,77008,,(713) 409-2119,http://www.theskinretreattx.com,,
118252575,The Skin Room,26.24264300,-81.77001340,"2400 Vanderbilt Road, Unit 106",,Naples,FL,34109,,,http://www.swflskin.glossgenius.com,,
118250928,The Skin Snob,33.63907600,-111.88834700,8889 E Bell Rd,,Scottsdale,AZ,85260,,(602) 587-5905,http://www.theskinsnobco.com,,
118250688,The Skin Society,33.46885540,-84.50782890,"110 Iver Place, Suite 215 GA 30214",,Fayetteville,GA,30342,,(833) 338-7546,http://www.theskinsociety.com,,
118252324,The Skin Standard,44.94997365,-93.38261530,8108 Minnetonka Boulevard,,St. Louis Park,MN,55426,,(952) 952-7546,http://www.theskinstandard.com,,
118250921,The Skin Studio,39.52297300,-119.80830900,215 E. Liberty St,,Reno,NV,89501,,(805) 252-7425,http://www.theskinstudioreno.com,,
118250785,The Skin Studio,35.20005767,-106.64881747,10124 Coors Blvd NW,,Albuqueque,NM,87114,,(505) 350-6789,http://www.Theskinstudiobygicel.com,,
118251023,The Skin Studio by Hailey,48.50407947,-122.23822003,813 Metcalf Street,,Sedro-Woolley,WA,98284,,(360) 707-1113,,,
118251162,The Skin Studio by Zo,33.87765551,-98.52871614,"3401 Kemp blvd, Suite J",,Wichita Falls,TX,76308,,(940) 213-3777,http://www.skinstudiobyzo.com/,,
118251075,The Skin Studio CDA,47.73147820,-116.80911914,"1500 Northwest Boulevard, STE 209",,Coeur D'Alene,ID,83814,,,,,
118251859,The Skin Studio Lake Oswego,45.40010600,-122.73722400,17437 SW Boones Ferry Rd. Suite 200,,Lake Oswego,OR,97035,,(971) 910-1755,,,
118252704,The Skin Suite,38.81586800,-121.19892900,3853 Taylor Rd Suite 675,,Loomis,CA,95650,,(916) 223-3704,http://theskinsuite.com,,
118252189,The Skin Suite,35.17178500,-80.84927500,1600 E. Woodlawn Rd #360,,Charlotte,NC,28209,,(704) 323-6693,http://www.theskinsuiteclt.com,,
118251160,The Skincare Center,32.53115330,-94.77571553,"2107 Courthouse Dr, Ste 104",,Longview,TX,75605,,(903) 746-1123,http://www.the-skin-studio.com/,,
118250711,The Skincare Studio,41.18926748,-73.13101198,2103 Main Street 2nd floor,,Stratford,CT,06615,,(203) 377-0166,http://www.theskincarestudioct.com,,
118253563,The Skincare Studio Medspa,41.21015675,-73.12942120,3686 Main Street,,Stratford,CT,06614,,(203) 377-0166,http://Theskincarestudioct.com,,
118253123,The SKYN Spot,37.18126092,-93.22861527,3259 E. Sunshine Ste #I,,Springfield,MO,65804,,,http://theskynspot.glossgenius.com,,
118253735,The Sol Method Wellness and Aesthetics,36.97045700,-122.02633200,412 Cedar Street Suite C2,,Santa Cruz,CA,95060,,(831) 888-0841,http://www.thesolmethodwellness.com,,
118252293,The Source Aesthetics,25.98074257,-97.49281597,1313 E Alton Gloor BLVD Suite A,,Brownsville,TX,78526,,(956) 621-3167,,,
118253799,The Spa at Ponte Vedra Inn & Club,30.23808156,-81.38048055,6 Miranda Rd.,,Ponte Vedra Beach,FL,32082,,(904) 273-7700,http://pvspa.com,,
118253619,The Spa at West Ashley,32.79737600,-79.99705100,2 Carriage Ln 2nd Floor,,Charleston,SC,29407,,(843) 225-9810,http://www.thespawestashley.com,,
118253264,The Spa by HorizonView,47.17777296,-122.29200368,201 15th AVE SW #D,,Puyallup,AL,98371,,(253) 200-1400,http://Www.TheSpabyHV.com,,
118252871,The Spa By Sheena,33.51415491,-101.95651670,8713 Milwaukee Ave suite 200,,Lubbock,TX,79424,,(806) 701-5840,http://thespabysheena.com,,
118253108,The Spa Face & Body,38.72526345,-87.68761437,1113 15th St,,Lawrenceville,IL,62439,,(618) 943-4426,http://thespafb.com,,
118252463,The Spa Face and Body,38.72530100,-87.68765900,1113 15th Street,,Lawrenceville,IL,63439,,(618) 943-4426,http://www.thespafaceandbody.com,,
118252918,The Specialist,30.13449372,-92.06141508,1206 E Broussard Road. Suite 102,,Lafayette,LA,70508,,(337) 450-9111,http://Thespecialist.com,,
118250988,The Spot LLC,41.76276842,-72.74151192,10 N Main St. suite 304,,West Hartford,CT,06107,,,,,
118252308,The St. Louis Esthetician,38.64726332,-90.33691480,"200 S Bemiston Ave, Ste 210",,St. Louis,MO,63105,,(636) 578-7596,http://Thestlouisesthetician.com,,
118252112,The Swan Center for Plastic Surgery,34.05910500,-84.23829100,4165 Old Milton Pkwy Suite 200 East,,Alpharetta,GA,30005,,(770) 667-0904,http://www.swancenteratlanta.com,,
118252700,The Tahoe Aesthetician,39.24804800,-119.96096300,800 Southwood Blvd Suite 103-104,,Incline Village,NV,89451,,(775) 298-2229,http://thetahoeaesthetician.com,,
118253010,The Timeless MedSpa,31.29905128,-92.48661515,3915 Independence Drive,,Alexandria,LA,71303,,(318) 613-1005,http://Thetimelessmedspa.glossgenius.com,,
118251937,The Treatment Room,35.48575814,-97.53941598,1710 NW 16th st,,Oklahoma City,OK,73106,,(405) 921-0585,http://Thetreatmentroomokc.com,,
118251375,THE VEIN CENTER & COSMED,38.60146324,-90.45714821,"12878 Manchester Rd, Suite C",,Des Peres,MO,63131,,(314) 966-6100,http://www.veincentercosmed.com/,,
118251376,The Vein Center & CosMed,38.60146324,-90.45714821,12878 Manchester Road,,Des Peres,MO,63131,,(314) 966-6100,http://www.veincentercosmed.com,,
118253625,The Vitality Co Wellness & Aesthetics,34.95669800,-81.91174700,753 E Main St Ste 1 & 2,,Spartanburg,SC,29302,,(864) 285-4048,http://thevitalitycospartanburg.com,,
118253614,The Vue MediSpa at Main Street Medical Center,30.76015900,-86.57108400,369 N Main Street,,Crestview,FL,32536,,(850) 398-6963,http://www.crestviewmsmc.com,,
118251436,The Wax Room Salem,44.92656300,-123.04316900,1447 Liberty Street SE,,Salem,OR,97302,,(504) 352-0560,http://www.waxrromsalem.com,,
118251098,The Wax Spot,36.86126039,-76.40071252,3105 Western Brand Blvd,,Chesapeake,VA,23321,,(757) 541-8244,http://www.thewaxspotva.com,,
118253426,The Well Aesthetics & Wellness,32.47700900,-91.75741100,703 Louisa St,,Rayville,LA,71269,,(318) 661-9906,http://thewell318.com,,
118252886,The Well House Collective,29.73444872,-95.42181563,"2808 Richmond Ave, Suite C",,Houston,TX,77098,,(713) 714-8926,http://www.thewellhousecollective.com,,
118251456,Theo European Medical Skincare,26.15497801,-81.79624198,660 Tamiami Trail N Suite 38,,Naples,FL,34102,,,http://theomedicalskincare.com,,
118252065,Therapeutic Skin Aesthetics,44.31062500,-93.27215700,1819 2nd Ave NW,,Faribault,MN,55021,,(507) 281-6480,http://Therapeuticskinaesthetics.com,,
118252054,Therapie Derm Boutique & Medspa,33.37400400,-84.79989100,5 1/2 Greenville Street,,Newnan,GA,30263,,(678) 857-3139,http://therapiedermboutique.com,,
118250781,TheSkinCoLab,36.16495925,-115.17171887,"501 South Rancho Drive., SteD25",,Las Vegas,NV,89106,,(702) 630-9911,http://www.theskincolab.com,,
118251353,Thrive Aesthetics and Wellness,33.78935536,-83.74311372,517 Great Oaks Drive Suite 102,,Monroe,GA,30655,,(678) 635-3677,http://www.thrivewellspa.com,,
118252933,Thrive Health & Wellness,42.29369294,-85.58351402,323 N. BURDICK STREET,,KALAMAZOO,MI,49007,,(269) 861-0411,http://www.thrivekzoo.com,,
118251519,Thrive Medical Spa,34.08795585,-84.33971382,850 Mayfield Rd Suite 202,,Milton,GA,30009,,(470) 262-2915,http://www.thrivemedicalspa.com,,
118251337,Thrive Medical Spa and Wellness,38.81277000,-77.63719800,15030 Washington St,,Haymarket,VA,20169,,(540) 690-9249,http://thrivemedspava.com/,,
118253057,Thrive Wellness + Aesthetics,41.88296862,-87.62491436,30 N Michigan STE 1924,,Chicago,IL,60602,,(312) 300-2049,http://www.twachicago.com,,
118252703,ThriveMD,38.23153100,-122.63499600,316 Petaluma Blvd S,,Petaluma,CA,94952,,(707) 241-3139,http://thrive-md.com,,
118252305,ThŽrapie,33.37400400,-84.79989100,5 1/2 Greenville St S,,Newnan,GA,30263,,(678) 857-3139,http://therapiedermboutique.com/,,
118253180,Tighten It Spa,38.76763517,-121.26919869,1013 Galleria Blvd #265,,Roseville,CA,95678,,(916) 792-0772,http://tightenitspa.com,,
118253181,Tighten It Spa,38.77186352,-121.36891989,2340 Pleasant Grove Blvd Suite 160,,Roseville,CA,95747,,(916) 792-0772,http://Tightenitspa.com,,
118250753,Timberlake Aesthetics,35.59525832,-97.59491599,4117 NW 122nd St,,Edmond,OK,73013,,(405) 213-9775,http://www.TimberlakeAesthetics.com,,
118250926,Timberlake Aesthetics,35.59525832,-97.59491599,4117 NW 122nd St,,Oklahoma City,OK,73120,,(405) 764-6968,http://www.timberlakeaesthetics.com,,
118251802,Timeless Aesthetics,41.47326795,-75.67912399,110 Layton Road,,Clarks Summit,PA,18411,,(570) 561-4271,http://Www.timelessaesthetics.org,,
118252356,Timeless Aesthetics & Wellness,31.32595132,-89.29191463,"221 W Pine St, Ste 20",,Hattiesburg,MS,39401,,,http://timelessaestheticsandwellness.com,,
118253474,Timeless Aesthetics & Wellness,31.32517500,-89.28837900,"222 N Main St, Ste 20",,Hattiesburg,MS,39401,,(601) 336-9119,http://timelesshattiesburg.com,,
118250884,Timeless Beauty Aesthetics,29.63124855,-98.61333162,"20327 I-10, Building #215, Suite 26",,San Antonio,TX,78257,,(210) 712-5431,http://www.timelessbeautysa.com,,
118251567,Timeless Body,40.81366870,-73.19001199,1393 Veterans Memorial Hwy Suite 202S,,Hauppague,NY,11788,,,,,
118252839,Timeless Health and Wellness,29.96104909,-95.70971568,16702 House & Hahl RD BLDG 8b,,Cypress,TX,77433,,(713) 591-9244,http://timelesshealthwellness.com,,
118252144,Timeless Medical Aesthetics,32.36135302,-90.14714770,1437 Old Square Rd. Suite 203,,Jackson,MS,39211,,(601) 203-2968,,,
118253478,Timeless RX,30.46300800,-90.08092600,1976 N. Highway 190,,Covington,LA,70433,,(985) 893-6073,http://www.thetimelessclinic.com,,
118253477,TIMELESS RX METAIRIE,29.98751491,-90.13007148,617 METAIRIE RD,,METAIRIE,LA,70005,,(504) 323-2325,http://www.thetimelessclinic.com,,
118252446,Tina Torres Cosmetics,32.72965362,-97.37261595,3901 W Vickery Blvd Suite 8,,Fort Worth,TX,76107,,(817) 646-6446,,,
118251173,TLM Aesthetics,47.73987822,-116.79401914,7600 N. Mineral Drive Ste. 300,,Coeur D'Alene,ID,83815,,(208) 819-1778,,,
118253155,Tol Aesthetics,29.18747821,-82.12213455,"24 NE 12th Terrace Suite #1, Ocala, FL 34470",,Ocala,FL,34470,,(352) 581-9266,http://www.tolaesthetics.com/,,
118253555,Tonique MedSpa,32.32160900,-110.93048900,2870 E. Skyline Dr. Ste. 100,,Tucson,AZ,85718,,(520) 308-4824,http://www.toniquemedspa.com,,
118250962,TORA SKIN AND WELLNESS,28.02061900,-97.05170500,415 S AUSTIN STREET,,ROCKPORT,TX,78382,,(713) 331-5541,,,
118253532,Total Anti-aging and Wellness,29.21147860,-81.02013274,143 W. International Speedway Blvd,,Daytona Beach,FL,32114,,(386) 293-1575,http://daytonasantiaging.com,,
118253372,Total Anti-aging and Wellness,29.21147860,-81.02013274,143 W. International Speedway Blvd,,Daytona Beach,FL,32114,,(386) 293-1575,http://daytonasantiaging.com,,
118253284,Total Anti-aging and Wellness,29.21147860,-81.02013274,143 W. International Speedway Blvd,,Daytona Beach,FL,32114,,(386) 293-1575,http://daytonasantiaging.com,,
118251693,Total Med Solutions: Allen,33.11466900,-96.68022500,1150 N. Watters Road #100,,Allen,TX,75013,,(214) 987-9201,http://totalmedsolutions.com/,,
118251697,Total Med Solutions: Flower Mound,33.03845413,-97.05131590,950 Parker Square Rd.,,Flower Mound,TX,75028,,(214) 987-9202,http://totalmedsolutions.com/,,
118251696,Total Med Solutions: Hurst,32.86262400,-97.18036100,654 Grapevine Highway,,Hurst,TX,76054,,(817) 519-4060,http://totalmedsolutions.com/,,
118251692,Total Med Solutions: Lemmon Ave,32.82900100,-96.82476800,5610 Lemmon Ave. Suite D,,Dallas,TX,75209,,(214) 522-2887,http://totalmedsolutions.com/,,
118251691,Total Med Solutions: Plano,33.05386800,-96.83250600,6101 Windcom Court #300,,Plano,TX,75093,,(214) 987-9203,http://totalmedsolutions.com/,,
118251695,Total Med Solutions: Southlake,32.94012300,-97.12584100,200 Miron Drive,,Southlake,TX,76092,,(214) 987-9210,http://totalmedsolutions.com/,,
118251694,Total Med Solutions: Walnut Hill,32.88462100,-96.76766600,5445 La Sierra Drive #305,,Dallas,TX,75231,,(214) 987-9200,http://totalmedsolutions.com/,,
118253682,Total Skin Health,30.22220700,-95.65169400,11821 fm 1488 unit A,,Magnolia,TX,77354,,(832) 521-3305,http://totalskinhealthspa.com,,
118251083,Totale Medical Rejuvenation Center,26.40734327,-80.20081314,9858 Clint Moore Rd Suite C.133,,Boca Raton,FL,33496,,,http://totaleboca.com,,
118250860,Totality Medispa,32.86225384,-79.90613092,"885 Island Park Drive, Suite B",,Daniel Island,SC,29492,,(843) 900-6161,http://www.totalitymed.com,,
118251788,Tox and Pout Aesthetics,43.17770742,-76.25721249,8395 Oswego Rd,,Baldwinsville,NY,13027,,(607) 931-9397,http://toxandpout.com,,
118251944,Trahan ENT & Aesthetics,30.47044992,-92.07881509,3935 Interstate 49 South Service Road,,Opelousas,LA,70570,,(337) 594-6002,http://www.trahanent.com,,
118253309,Transformations Aesthetics,30.04949234,-81.80813404,91 Branscomb Road,,Green Cove Springs,FL,32043,,(904) 316-4409,http://transformationsaesthetics.com,,
118253305,Transformative Wellness,29.25347929,-81.12113291,"208 Booth Road, Suite B",,Ormond Beach,FL,32174,,(386) 280-4877,http://www.transformativewellnesshub.com,,
118251569,Transformative Wellness,29.27084796,-81.05611328,"454 S. Yonge Street, Suite 3-A",,Ormond Beach,FL,32174,,(386) 280-4877,http://www.transformativewellnesshub.com/,,
118253176,Tremayne Center for Medicine,37.65561694,-120.97619821,817 Coffee Rd Bldg D,,Modesto,CA,95355,,(209) 549-1600,http://tremaynemedicine.com,,
118252530,Tri Beauty,29.60774851,-98.50516139,946 N. Loop 1604 W. Access Rd.,,San Antonio,TX,78232,,(254) 449-4878,,,
118251977,Tribe Salon and Med Spa,37.92046213,-121.68441994,9030 Brentwood Blvd Ste A,,Brentwood,CA,94513,,,,,
118251597,Tribeca aesthetics,40.72213000,-74.00877600,50 Laight st,,NY,NY,10013,,(212) 452-2800,,,
118250817,Trilogy Med Spa,34.06375581,-84.27051381,11680 Great Oaks Way Suite 505,,Alpharetta,GA,30022,,(404) 407-5410,http://www.thetrilogymedspa.com,,
118252290,Trilogy Med Spa,33.07345419,-97.08481591,"1100 Cottonwood Creek 110, Salon Suite 151",,Highland Village,TX,75077,,(940) 215-1131,,,
118253068,Trilogy Med Spa,33.09354220,-97.19161592,8595 US 377 Ste 2A,,Argyle,TX,76226,,(940) 215-1131,,,
118251883,Trinity Med Spa,34.15425596,-84.17831379,410 Peachtree Pkwy Suite 4226,,Cumming,GA,30041,,(678) 341-9879,http://www.carrolltotalhealthcare.com,,
118251451,Trouvaille Med Spa,41.57866812,-87.84931439,9501 171st Street,,Tinley Parkk,IL,60487,,(708) 240-3216,http://www.trouvailleillinois.com/,,
118251674,Trouvaille Med Spa Crown Point,41.42686400,-87.33529900,10531 Broadway,,Crown Point,IN,46307,,(219) 200-0754,http://trouvailleindiana.com/,,
118251634,TRU Aesthetics,27.92944576,-82.30121348,"1218 Millennium Pkwy, Suite 2-14",,Brandon,FL,33511,,(813) 696-1710,http://mytruaesthetics.com/,,
118252226,Tru Glo MedSpa,26.21076600,-81.79492900,1250 Pine Ridge Road. Suite 101B,,Naples,FL,34108,,,http://www.truglomedspa.com,,
118251980,True Aesthetics,38.51046310,-122.79212012,1550 Airport Blvd Ste 102,,Santa Rosa,CA,95403,,(707) 889-4710,http://www.trueaesthetics-ca.com,,
118252888,True Body Medical Spa,44.52867296,-109.04181787,902 Blackburn Street,,Cody,WY,82414,,(307) 243-3554,http://truebodymedispa.com,,
118251698,True Skin and Waxing,26.48643395,-81.78611340,9924 Gulf Coast Main St.,,Fort Myers,FL,33913,,,http://trueskinandwaxing.com,,
118251714,True Skin by Lauren,43.04431698,-88.07922398,1050 Legion Drive,,Elm Grove,WI,53122,,(855) 489-6203,http://www.trueskinbylauren.com/,,
118250834,True Skin Oasis,39.93526543,-75.05931230,5434 King Ave #109,,Merchantville,NJ,08109,,(267) 584-9900,,,
118253665,Truesdale Facial Plastic Surgery,34.06526300,-118.40038100,"150 S Rodeo Dr, Suite 360",,Beverly Hills,CA,90212,,(424) 363-4112,http://www.doctortruesdale.com,,
118253487,Truly Aesthetics,45.71584749,-122.64942201,13009 NE Hwy 99,,Vancouver,WA,98686,,,,,
118253537,Truly You Medical Spa,30.19052300,-82.63812800,176 NW Columbia Ave. Suite 201,,Lake City,FL,32055,,(386) 273-3552,http://trulyyoumedspa.com,,
118251458,Tulua Aesthetics and Wellness,29.63114855,-95.59941566,12440 emily court suite 504,,SUGARLAND,TX,77478,,(832) 702-0440,http://www.tuluahouston.com/,,
118251858,Tuscany Retreat,43.49097126,-112.00621835,1388 Cambridge Drive,,Idaho Falls,ID,83401,,,,,
118253124,Tyrian HealthCare - Aesthetics & Regenerative Medicine,40.74216675,-89.63261469,4501 N. Sterling Ave #104,,Peoria,IL,61615,,(309) 306-1039,http://tyrianhcs.com,,
118251884,Ula Facial Boutique,39.34446446,-74.47231220,105 N Little Rock Ave. - Unit B,,Ventnor City,NJ,08406,,(609) 513-0343,http://Www.ulafacialboutique.com/,,
118252491,Ultimate Relaxation LLC,46.89976840,-98.69961617,613 10th St SE,,Jamestown,ND,58401,,(701) 269-8022,http://Www.ultimaterelaxationllc.com,,
118251915,Unbounded aesthetics,40.67852300,-73.47061700,517 broadway suite 309,,Massapequa,NY,11758,,(516) 250-3829,http://Unboundedesthetics.com,,
118251917,Unfiltered beauty bar,42.62302698,-73.83104121,345 Delaware Ave,,Delmar,NY,12054,,(518) 542-6454,,,
118251882,Unfiltered Beauty Bar,42.62302698,-73.83104121,345 Delaware ave,,Delmar,NY,12054,,(518) 542-6454,http://Unfilteredspa.com,,
118251029,Unfiltered Medical Spa,40.56136646,-111.92191834,1086 S Jordan Parkway #101,,South Jordan,UT,84003,,(801) 885-6814,http://www.unfilteredmedicalspa.com,,
118251577,Union square Dermatology,40.73616674,-73.99141212,19 union square west,,NY,NY,10003,,(212) 366-5400,http://unionderm.com,,
118253476,Unique Aesthetics & Wellness,30.42901600,-91.08355200,"2321 Drusilla Ln, Suite D",,Baton Rouge,LA,70809,,(225) 586-4783,http://www.myuniqueaesthetics.com,,
118253136,Unique Health Now,42.08256895,-88.33181447,2250 Point Blvd Suite 140,,Elgin,IL,60123,,(224) 212-0205,http://uniquehealthnow.com/,,
118251482,United Medical and Aesthetics,34.22195607,-77.82301275,1908 Eastwood Rd Suite 218,,Wilmington,NC,28403,,(910) 226-0355,http://www.unitedmedicalandaesthetics.com,,
118253073,Unveiled Aesthetics LLC,35.44285807,-80.87911325,8908 Lindholm Drive,,Huntersville,NC,28078,,(704) 201-8481,http://www.unveiled-aesthetics.com/,,
118252450,Unwind Aesthetics,30.63045018,-96.33131578,404 University Drive East,,College Station,TX,77845,,(217) 899-2505,,,
118253577,Upper West Side Dermatology,40.78036400,-73.98430400,277 W End Ave Suite 1B,,New York,NY,10023,,(212) 769-0069,http://www.upperwestsidedermatology.com/,,
118252457,Uptown Aesthetics and Wellness,36.69136012,-79.87241309,20 E Main Street Suite F,,Martinsville,VA,24112,,(276) 268-2180,http://www.uptownaestheticsandwellness.com,,
118253789,Uptown Aesthetics and Wellness,36.68770174,-79.87070584,133 E Market St. Ste. 103,,Martinsville,VA,24112,,(276) 268-2180,http://www.uptownaestheticsandwellness.com,,
118251651,Uptown Med Spa,42.01006883,-87.83261439,"36 Main Street, Suite 104",,Park Ridge,IL,60068,,(847) 696-7282,http://www.pruptownmedspa.com/,,
118253064,Urban Effects Med Spa,41.61866819,-93.73511536,2733 86th St,,Urbandale,IA,50322,,(515) 987-5188,http://www.urbaneffectsmedspa.com,,
118253330,Urban Elite Rejuvenation & Aesthetics,35.79115500,-86.40122800,2910 S Church Street,,Murfreesboro,TN,37127,,,http://www.urbaneliteaesthetics.com,,
118251973,V & CO,37.37046123,-121.87894200,1501 Berryessa Rd Suite 30,,San Jose,CA,95133,,(408) 418-9899,http://www.vnco.studio,,
118251598,V Esthetics Spa,40.21249100,-74.74857900,200 Mott Street,,Trenton,NJ,08611,,(609) 453-8355,,,
118251365,VAIN Medi Spa,42.67326992,-71.15131166,348 N Main St.,,Andover,MA,01810,,(978) 409-2230,http://vainmedispa.com,,
118251863,ValiSkin,34.26555614,-118.51931942,10718 white oaks are 2,,Granada hills,CA,91344,,(747) 304-3892,,,
118253385,Valley Dermatology,47.67665600,-117.22344100,13512 E. Mansfield Avenue,,Spokane Valley,WA,99216,,(509) 892-2480,http://valleyderm.com,,
118252781,Van Michael Asthetics,33.92505558,-84.38313825,220 Sandy Springs Cir Ste 177,,Sandy Springs,GA,30328,,(404) 448-7490,http://www.vanmichael.com,,
118253512,Vanished Aesthetics & Wellness,39.17797100,-86.53371700,1205 N Walnut St.,,Bloomington,IN,47404,,(812) 320-2284,http://vanishedaesthetics.com,,
118252956,Vanity Aesthetics Lounge,26.54944350,-81.86991341,13499 South Cleveland Avenue,,Fort Myers,FL,33907,,(239) 424-8161,http://www.vanityskinaesthetic.com,,
118251664,Vanity MD,33.84965546,-84.36501382,3390 Peachtree Rd NE Suite 101,,Atlanta,GA,30326,,(404) 855-5580,http://www.vanitymd.com/,,
118252388,Vanity Point Wellness,25.70552100,-80.28433600,1553 San Ignacio Ave. Suite B,,Coral Gables,FL,33146,,,http://www.vanitypointwellness.com,,
118250871,Veda Healing Spa,41.14986742,-73.36241202,315 Main St. at the Canal House,,Westport,CT,06880,,(203) 297-7000,http://vedahealingspa.com,,
118250944,Vedette Beauty & Skincare,40.62636656,-73.94041211,1797 Flatbush Ave,,Brooklyn,NY,11210,,(718) 781-5108,http://www.vedettedayspa.com,,
118252391,Veil Artistry,29.59499200,-98.51229200,16607 Blanco Rd suite 12105,,San Antonio,TX,78232,,(210) 725-7665,http://www.theveilartistry.com,,
118252070,Vein & Laser Institute,41.41776000,-87.33492200,11035 Broadway,,Crown Point,IN,46307,,(219) 736-8118,http://veinandcosmetics.com/,,
118252069,Vein & Laser Institute,41.50415200,-87.04040200,3907 Calumet Avenue,,Valparaiso,IN,46383,,(219) 736-8118,http://veinandcosmetics.com/,,
118252071,Vein & Laser Institute,41.62996284,-86.73330933,"125 E. Shore Parkway, Suite C",,La Porte,IN,46350,,(219) 736-8118,http://veinandcosmetics.com/,,
118253689,Vela Aesthetics & Mercantile,35.21258300,-80.85943900,1800 Camden Road Suite 104,,Charlotte,NC,28203,,(704) 654-8598,http://velaclt.com,,
118251188,Velo Med Spa,27.24473800,-80.24272800,746 NE Jensen Beach Blvd,,Jensen Beach,FL,34957,,,http://Velomedspa.com,,
118251189,Velo Med Spa,26.32504313,-81.80431340,28410 Bonita Crossings Blvd Suite 220,,Bonita Springs,FL,34135,,,http://velomedspa.com,,
118253762,Velvet Couture Med Spa,29.80394373,-95.40663839,535 W 20th Street Suite #6,,Houston,TX,77008,,(346) 375-8965,http://www.velvetcoutourmedspa.com,,
118251312,Velvet Skyn Aesthetics,47.04625800,-122.87980300,1612 4th Ave E.,,Olympia,WA,98506,,(360) 340-9025,http://velvetskyn.com,,
118252385,Venus Aesthetics Miami,25.70234211,-80.35931317,10271 sw 72nd street Suite D-105,,Miami,FL,33173,,,http://www.venusaestheticsmiami.com,,
118251395,Veolsa Aesthetics,45.34447429,-122.66822010,"1085 Willamette Falls Drive, Suite 4",,West Linn,OR,97068,,,http://volsa-aesthetics.square.site,,
118251798,Vera J Esthetics,40.14096577,-82.92591359,585 Office Parkway,,Westerville,OH,43082,,,http://www.Verajesthetics.com,,
118253017,Verve Acne and Skin Clinic,42.87116464,-84.92459073,8084 Abbey Rd Suite 5,,Portland,MI,48837,,,http://Verveskinclinic.com,,
118252667,VG Beauty Spa INC,29.98154912,-95.51551565,13303 Champions Forest Dr Suite 4,,Houston,TX,77066,,(346) 628-6424,http://vgbeautyspa.com,,
118250663,Vianka Aesthetic Med Spa & Body Scuplting,33.93045559,-84.31213814,1867 Independence Square Suite 105,,Atlanta,GA,30338,,(470) 514-5659,http://www.Viankamedspa.com,,
118252269,Vibrance Medical Spa,38.94246380,-121.10261984,3180 Bell Rd #300,,Auburn,CA,95603,,(530) 290-5712,http://Www.vibrancemedispa.com,,
118252706,Vibrance Medical Spa,38.87217800,-121.30348000,890 Groveland Lane #200,,Lincoln,CA,95648,,(279) 202-0988,http://vibrancemedispa.com,,
118252875,Vibrancy Medspa,35.63735839,-97.56911599,16412 Muirfield Pl Suite B,,Edmond,OK,73013,,(903) 521-4025,http://vibrancemedspaokc.com,,
118251646,Vibrant Glow Studio,48.30119656,-122.64958576,"32560 SR20 Suite, C208",,Oak Harbor,WA,98277,,,http://vwww.vibrantglowstudio.glossgenius.com,,
118252166,Vida Aesthetics and Wellness,29.74203600,-95.39075800,"3407 Montrose Blvd, Suite A5",,Houston,TX,77006,,(281) 975-0251,http://www.allmyvida.com,,
118252957,VIE RICHE,34.05561456,-84.29050138,410 Lake Street,,Alpharetta,GA,30009,,(770) 881-7722,http://WWW.VIERICHE.COM,,
118253552,Vigneri Aesthetics and Wellness,42.84447700,-106.23699800,"5860 East 2nd St, Suite 200",,Casper,WY,82609,,(307) 881-3188,http://www.vigneriaesthetics.com/,,
118252026,Village Aesthetics,33.06315417,-96.81081586,5425 West Spring Creek Parkway,,Plano,TX,75024,,(972) 433-5077,http://villageaesthetics.com,,
118252537,Village Dermatology by Forefront,33.48115486,-86.77291422,2900 Cahaba Rd,,Mountain Brk,AL,35223,,(205) 877-9735,http://villagedermatology.net,,
118250691,Vinings Surgery & Hair Restoration Center,33.90635555,-84.47761384,"1900 The Exchange SE Bldg 300, Ste 300",,Atlanta,GA,30339,,(770) 955-9000,http://www.colgrove.com,,
118252891,Vior Aesthetics,43.83271816,-111.77931831,160 Valley River Drive #4,,Rexburg,ID,83440,,(208) 419-9329,,,
118253533,"VIP MedSpa Clinic - Maryam Hekmat, MD",33.01684600,-117.07754100,"11665 Avena Place, Suite 104",,San Diego,CA,92128,,(858) 451-6500,http://vipmedspaclinic.com/,,
118251923,Virtue Med Spa,36.02005902,-95.95041572,9918 Riverside Parkway,,Tulsa,OK,74137,,(918) 438-7788,http://Virtuemedspa.com,,
118253377,Visage by Elan,27.93668458,-82.47551135,742 S. Village Circle,,Tampa,FL,33606,,(813) 793-8773,http://www.visagebyelan.com,,
118251562,VISO JUVE,27.91992457,-82.51516135,4247 W. Bay to Bay Blvd,,Tampa,FL,33629,,(813) 374-1574,http://visojuve.com/,,
118250959,VITA BELLA,29.76044876,-95.81081570,26717 WESTHEIMER PARKWAY SUITE 102,,KATY,TX,77494,,(713) 331-5541,,,
118251776,Vita Sana Clinic,29.62029800,-98.49279200,540 Madison Oak Dr. Ste 330,,San Antonio,TX,78258,,(210) 488-4154,http://www.vitasanasa.com,,
118250914,Vital Skin & Body,31.12479200,-97.45194400,197 Clinite Grove Blvd,,Temple,TX,76502,,(254) 931-4323,http://www.vitalskinbody.com,,
118252006,Vitality Aesthetics,40.88085670,-79.94576131,150 Hindman Road,,Butler,PA,16001,,,http://Vitality-aesthetics.net,,
118251910,Vitality Health and Wellness,33.54454959,-82.13571346,604 Government Center Way Suite 4,,Evan's,GA,30809,,(706) 305-4286,http://www.vitalityhealthwellnessga.com,,
118252713,Vitality Medical Spa,35.28535781,-93.15661526,2500 W Main Street,,Russellville,AR,72801,,(479) 890-6773,http://www.vitalitymedspaAR.com,,
118253270,Vitality Wellness,29.72648705,-84.98413924,76 Market St Unit C&D,,Apalachicola,FL,32320,,(850) 407-9355,http://vitalitywellnessgroupfl.com,,
118253242,VitaNova Aesthetics & Wellness,35.76958605,-91.64511502,684 Harrison St.,,Batesville,AR,72501,,(870) 806-4988,,,
118253241,VitaNova Aesthetics & Wellness,35.76958605,-91.64511502,684 Harrison St.,,Batesville,AR,72501,,(870) 806-4988,,,
118251738,Viva Aesthetics by Vitality,45.81675066,-122.74542011,228 Simons St.,,Ridgefield,WA,98642,,(360) 513-6095,http://www.vivaaestheticsbyvitality.com,,
118253715,Viva La Beautyy,41.74386400,-87.84701800,9050 W 81st St,,Justice,IL,60458,,(708) 886-8150,http://viva-la-beautyy.square.site/,,
118251690,Viva La MedSpa,41.91276867,-87.63431436,1657 N. Wells Street,,Chicago,IL,60614,,(312) 971-5915,http://vivalamedspa.com/,,
118250769,Viva La Skin,33.75345530,-78.86621292,"4999 Carolina Forest Blvd, Suite 24A",,Myrtle Beach,SC,29579,,(843) 396-2555,http://www.vivalaskin.net,,
118252627,Viva Med Spa & Wellness,41.75376841,-71.44931171,1125 Pontiac Ave,,Cranston,RI,02920,,(401) 206-4001,http://vivamedspa.life,,
118251789,Vivify Body and Co,40.67290000,-73.99376000,"117 9th St, suite 107 B",,Brooklyn,NY,11215,,(929) 491-0048,,,
118251082,VLS Aesthetics,27.55584515,-99.48091630,1505 calle del norte suite 410 room 3,,Laredo,TX,78041,,(956) 275-7552,,,
118252936,VM aesthetics,42.51906966,-71.09891165,56 General Way Suite #6,,Reading,MA,01867,,,http://aestheticsbyvm.com,,
118253371,Von & Co Aesthetics,26.17306429,-81.79975134,2120 Tamiami Trail N,,Naples,FL,34102,,(239) 799-4866,http://www.vonandcoaesthetics.com,,
118253590,Vulcan Wellness & Aesthetics,33.44694548,-86.78900142,2015 Kentucky Avenue,,Vestavia Hills,AL,35216,,(205) 438-6009,http://www.vulcanwell.com,,
118251466,Wakefield face and body,40.89866701,-73.84951210,1825 nereid ave,,Bronx,NY,10466,,(718) 325-5466,http://Wakefieldeye.com,,
118251849,Walker Aesthethics,32.03887600,-81.08892100,3840 Waters Avenue,,Savannah,GA,31404,,(803) 979-4241,http://www.walker-aesthethics.com,,
118253363,Walker Plastic Surgery,33.18585800,-96.83783300,12950 Dallas Pkwy Suite 200,,Frisco,TX,75034,,(469) 899-8758,http://nickwalkermd.com,,
118253243,Wallace Plastic Surgery Group,35.12795755,-89.85514722,6215 Humphreys Blvd Suite: 201,,Memphis,TN,38120,,(901) 779-6538,http://wallaceplasticsurgerygroup.com,,
118253644,WDF Aesthetic Plastic Surgery,35.02688400,-80.96219700,1366 Broadcloth St Suite 101,,Fort Mill,SC,29715,,(980) 237-6958,http://wdfplasticsurgery.com,,
118253446,Weiler Plastic Surgery,30.40929900,-91.08055700,4212 Bluebonnet Blvd Ste A,,Baton Rouge,LA,70809,,(225) 399-0001,http://www.weilerplasticsurgery.com,,
118251731,Weiler Plastic Surgery,30.40929900,-91.08055700,4212 Bluebonnet Blvd Suite A,,Baton Rouge,LA,70809,,(225) 399-0001,http://Weilerplasticsurgery.com,,
118252917,Wellness Co.,42.80477013,-86.01914093,400 S State St Suite 250,,Zeeland,MI,49464,,(616) 741-2364,http://www.visitwellness.co,,
118252628,Wellness Insights,41.08006731,-73.46771204,745 Post Road suite A,,Darien,CT,06820,,(305) 904-2700,http://Wellnessinsights.com,,
118251021,Wellness Spa Katy,29.78954881,-95.77071569,28432 FM 1093 Suite F,,Fulshear,TX,77441,,(281) 826-4669,http://wellnessspakaty.com,,
118252828,Wells Wellness & Aesthetics,46.59272600,-112.03696100,27 Neill Ave,,Helena,MT,59601,,(406) 422-1114,http://www.wellswellnessmt.com,,
118251344,Wellspring Medical Spa and Aesthetics,30.83935053,-83.97611376,115 Seward St,,Thomasville,GA,31792,,(229) 303-5306,http://wellspringmedicalaesthetics.com/,,
118251343,Wellspring Medical Spa and Aesthetics - Moultrie,31.17385108,-83.78791373,600 1st St SE,,Moultrie,GA,31768,,(229) 658-4466,http://wellspringmedicalaesthetics.com/,,
118252261,Wendy Sula,37.81116619,-121.99566200,407 Sycamore Valley Rd,,Danville,CA,94526,,(925) 984-5750,http://Www.wendysula.com,,
118251685,Werschler Aesthetics,47.65277807,-117.40411924,324 South Sherman Street,,Spokane,WA,99202,,(509) 344-3223,http://www.wershleraesthetics.com,,
118253259,WEST & GOLDN AESTHETICS,32.94753981,-117.23192085,12625 High Bluff Drive,,Del Mar,CA,92130,,(858) 203-5911,http://Westandgoldn.com,,
118251318,West Coast Plastic Surgery,27.30994474,-82.52951352,"2677 S. Tamiami Trail, Suite 3",,Sarasota,FL,34239,,(941) 269-3296,http://www.westcoastplasticsurgery.com,,
118252961,West End Plastic Surgery,38.90507400,-77.05267900,2440 M Street Suite 200,,Washington,DC,20037,,(202) 785-4187,http://westendplasticsurgery.com,,
118251101,Westside Aesthetics,45.53074598,-122.91582014,925 NE Orenco Station Loop,,Hillsboro,WA,97124,,(503) 440-6530,http://westsideaestheticsmedspa.com,,
118253040,Wheeler Med Spa,35.44815808,-97.53215980,1723 Spoke St,,Oklahoma City,OK,73108,,(405) 464-1655,http://wheelermedspa.com,,
118251804,Whit Aesthetics,46.26367580,-96.59391583,66 Minnesota Avenue,,Breckenridge,MN,56520,,(218) 651-2000,http://www.whitaesthetics.com/,,
118251989,Whitney Adelle Aesthetics,41.76746400,-124.19812400,432 E Harding Ave,,Crescent City,CA,95531,,,http://whitneyadelleaesthetics.net,,
118250794,Whitney Nicole Skincare,35.59594900,-97.58774100,12330 St Andrews Drive,,Oklahoma City,OK,73120,,(405) 623-7949,http://linktr.ee/whitneynicoleskincare,,
118250679,Whole Hart Wellness,34.34545627,-82.93951359,125 W Gibson Street,,Hartwell,GA,30643,,(706) 376-6131,http://www.wholehartwellnessdpc.com,,
118252246,Wicked Nails & Skin,29.59014848,-98.34061611,7407 Virtuoso Pass,,San Antonio,TX,78266,,(512) 586-0980,http://wickednailsandskin.glossgenius.com,,
118253044,Wildstate Wellness + Aesthetics,34.59413500,-98.42726200,2506 SW Lee Blvd,,Lawton,OK,73505,,(580) 284-8487,http://wildstatewellness.com,,
118251181,Willow Tree Restorative Center,44.07037220,-116.93531916,400 S. Main St,,Payette,ID,83661,,(208) 740-7333,http://willowtreerc.com,,
118252778,WindHaven Med Spa,34.58685667,-118.14261936,38780 Trade Center Dr Suite 2H,,Palmdale,CA,93551,,(661) 299-7657,http://Windhavenmedspa.com,,
118253652,Wingate Plastic Surgery,40.04366600,-75.45131600,"1125 Lancaster Ave, Suite 2",,Berwyn,PA,19312,,(484) 340-9808,http://www.wingateplasticsurgery.com,,
118252184,Wink Aesthetics,33.30722500,-111.87549800,"1940 W Chandler Blvd. Suite 5, Studio 24 (inside Sola Salons)",,Chandler,AZ,85224,,(602) 574-6718,http://www.winkaestheticsaz.com,,
118251540,Winter Park Skin,28.60574687,-81.36981333,1600 Lee Road,,Winter Park,FL,32789,,(407) 765-6227,http://winterparkskin.com,,
118252989,Wisconsin Institute of Plastic Surgery,44.30227200,-88.36651000,4100 N Lightning Dr,,Appleton,WI,54913,,(920) 380-9890,http://wisconsinplasticsurgery.com,,
118251495,Wisdom & Youth MedSpa,41.14706742,-73.36612020,131 Kings Highway North,,Westport,CT,06880,,(475) 471-0444,http://www.wisdomandyouthllc.com,,
118252228,Wolvy Beauty,40.83402300,-111.88021900,407 Elk Hollow Circle,,North Salt Lake,UT,84054,,(801) 425-3135,,,
118250651,Woo Skincare and Cosmetics - Peachtree Battle,33.81832600,-84.38862100,2339-A Peachtree Road,,Atlanta,GA,30305,,(404) 477-5000,http://www.wooskincareandcosmetics.com,,
118250652,Woo Skincare and Cosmetics - West Paces Ferry,33.85045546,-84.42913833,3509 Northside Parkway NW,,Atlanta,GA,30327,,(404) 869-0300,http://www.wooskincareandcosmetics.com,,
118252639,Woodlands Dermatology,30.17364944,-95.45811564,9303 pinecroft dr suite 150,,The Woodlands,TX,77380,,(281) 363-5050,http://woodlandsdermatology.com/,,
118251792,WorldSprings,33.06746480,-96.86119810,3240 Plano Pkwy,,The Colony,TX,75056,,(844) 476-2546,http://www.worldsprings.com,,
118250841,Wright Esthetics,39.26964339,-84.32731382,"11310 Montgomery Road, Suite 218",,Cincinnati,OH,45249,,(513) 405-5004,http://www.wrightesthetics.com,,
118251765,Wright Plastic Surgery & Med Spa,34.77225697,-92.44771515,"1811 Rahling Rd, Ste 100",,Little Rock,AR,72223,,(501) 575-0088,http://www.drwrightplasticsurgery.com,,
118252761,Xanadu Med Spa,40.53516641,-105.03881721,"2105 Bighorn Drive, Ste 104",,Fort Collins,CO,80525,,(970) 482-1889,http://Www.xanadumedspa.com,,
118251415,Xcite Med,34.20865605,-77.85931276,3528 Adirondack Way Unit 120,,Wilmington,NC,28403,,(910) 398-0017,http://www.xcitemed.com,,
118251673,XEL Med Spa,43.47444500,-89.76747500,507 Linn Street,,Baraboo,WI,53913,,(608) 509-7655,http://www.xelmedspa.com/,,
118251008,XO Betty Modern Medspa,33.88205551,-84.73081388,"5886 Wendy Bagwell Parkway, Suites 217",,Hiram,GA,30141,,(470) 553-9994,http://www.xobetty.com,,
118251368,"Xoxo, Nurse Colette",33.50125489,-112.02961835,4425 N 24th St Suite 100,,Phoenix,AZ,85016,,(480) 935-6775,http://www.nursecolette.com,,
118251236,Xquisite Med Spa,40.00186554,-76.75531258,"555 Ryan Road, Suite K",,York,PA,17404,,(717) 804-9090,http://www.xquisite.co,,
118253325,Xquisite Med Spa,40.00156200,-76.75546400,"555 Ryan Run Road, Suite K",,York,PA,17404,,(717) 804-9090,http://www.xquisite.co,,
118251688,Y Plastic Surgery,34.07165582,-84.26581381,3330 Preston Ridge Road #340,,Alpharetta,GA,30005,,(404) 796-8248,http://www.yplasticsurgery.com,,
118253161,YA Skin Studio,41.89268637,-87.62114356,230 East Ohio Street,,Chicago,IL,60611,,(312) 929-3531,http://www.yaskinchicago.com,,
118253337,Yanasthetics,25.94673600,-80.15015200,18501 NE 25th Ct Suite 203,,Miami,FL,33160,,(786) 777-9076,http://Www.yanasthetics.com,,
118251419,YMK Aesthetics,40.82606689,-74.54012213,49 Misty Mountain Road,,Randolph,NJ,07869,,(484) 995-1983,http://Www.ymkaesthetics.com,,
118252599,You Factor Medical Spa,38.11386245,-92.68871519,"1026 Palisades Blvd, Suite 8",,Osage Beach,MO,65065,,(573) 552-8050,http://youfactormedspa.com/,,
118251300,You Holistic,42.99317044,-70.97001163,149 Epping Rd,,Exeter,NH,03833,,(603) 309-2030,http://youholistic.com/,,
118253367,Young Aesthetics,43.62346715,-116.37509191,2013 N. Locust Grove Road,,Meridian,ID,83646,,(208) 779-2525,http://www.youngaestheticsboise.com/,,
118251729,Younger You,32.82225378,-79.81781308,1952 Long Grove Dr Suite #2,,Mount Pleasant,SC,29464,,(843) 894-0955,,,
118252754,"Youthful Elixir Aesthetics Spa, LLC",33.96615565,-86.02871409,109 Hollingsworth Avenue,,Rainbow City,AL,35906,,(256) 459-5046,http://www.youthfulelixiraestheticspa.com/,,
118250885,Youthful You,34.81475704,-82.27241348,309 Tanner Rd,,Greenville,SC,29607,,(864) 320-9191,http://www.youthfulyou.net,,
118251591,Youthtopia Med Spa,34.07625583,-84.29713811,33 Teasley Street,,Alpharetta,Ga,30009,,(770) 691-2235,http://www.youthtopiamedspa.com,,
118251941,z medi spa,29.72954871,-95.41231563,4101 greenbriar dr #238,,houston,TX,77098,,(713) 470-4024,http://www.zmedclinic.com/locations/houston-tx/,,
118252080,Z medi spa,27.71391900,-97.38901600,4646 corona dr #280,,CORPUS CHRISTI,TX,78411,,(361) 306-4678,http://www.zmedclinic.com,,
118252158,"Z Medi Spa, The Woodlands",30.12754936,-95.44761564,"314 Sawdust Rd., Suite 119",,Spring,TX,77380,,(281) 305-1181,http://www.zmedispa.com,,
118252495,Zaleta Medical Spa,35.76925860,-91.64861502,415 Allen St,,Batesville,AR,72501,,(870) 307-3790,http://www.zaleta.com,,
118252401,Zand Dermatology,37.89796500,-122.51611500,"655 Redwood Highway, Suite 246 South Building",,Mill Valley,CA,94941,,(415) 301-5000,http://www.zanddermatology.com/,,
118253245,Zare Cosmetic Surgery,42.68169930,-83.13213620,120 E. University Dr.,,Rochester,MI,48307,,(248) 446-7655,http://www.zarecosmeticsurgery.com,,
118253247,Zare Cosmetic Surgery,42.67269915,-83.22013635,"120 E, University Dr. Suite B",,Rochester,MI,48307,,(248) 446-7655,http://zarecosmeticsurgery.com,,
118251056,Zaretsky Aesthetics,29.78804880,-95.59891566,1250 Wood Branch Park Dr #205,,Houston,TX,77079,,(832) 295-3050,http://zaretskyaesthetics.com,,
118252186,Zen Esthetics by Adrienne Hawkins,48.30314700,-122.64691500,32650 Rte. 20 Suite C-210,,Oak Harbor,WA,98277,,,,,
118251032,Zen Skin Esthetics,35.47215812,-81.25631331,128 E. Sycamore St.,,Lincolnton,NC,28076,,(828) 373-6098,http://www.zenskin.skincaretherapy.net,,
118252481,"Zenicure Medical & Aesthetics, South Windsor",41.81516851,-72.55421189,"216 Hemlock Ave, suite 103",,South Windsor,CT,06074,,(860) 471-8030,http://zenicuremedical.com,,
118252482,"Zenicure Medical & Aesthetics, West Hartford",41.76286842,-72.73711917,"901 Farmington Ave, suite 100",,West Hartford,CT,06119,,(860) 471-8030,http://zenicuremedical.com,,
118250739,Zerline Chambers Obgyn,38.57946321,-77.32851267,3775 Fettler Park Drive,,Fairfax,VA,22033,,(703) 441-3555,http://www.drzchambers.com/,,
118250916,Zero Nine Day Spa,33.48172600,-111.93602100,"2940 North 67th Place, Suite 5",,Scottsdale,AZ,85251,,(480) 612-1824,http://www.zeroninedayspa.com,,
118252660,ZK Aesthetics,38.56396318,-121.46761990,"1675 Alhambra Blvd STE 200, Internal STE 28",,Sacramento,CA,95816,,(916) 588-0898,http://zkaestheticspa.com,,
118252046,Zobia Health & Aesthetics,25.98384257,-80.34231316,2750 SW 145TH AVE SUITE 101,,Miramar,FL,33027,,,http://zobiahealth.com,,
118252785,Zubair Cosmetic Gynecology and Medspa,41.54156806,-87.50951434,9410 Calumet Ave Suite 104,,Munster,IN,46321,,(219) 440-2505,http://michellezubairmd.com,,
118251199,Zubowicz Plastic Surgery,33.88293200,-84.38039400,"4684 Roswell Road, Suite A2",,Atlanta,GA,30342,,(470) 462-2917,http://zubowicz.com/,,
