name,address_line_1,address_line_2,city,state,zip,location,customer_class,loyalty,grade,national_account,national_account_id,phone,website,latitude,longitude
"Bloom and Glow, LLC",751 E. 36th Avenue,"Ste 102, Studio 2",Anchorage,AK,99503,"751 E. 36th Avenue, Anchorage, AK 99503",MEDICALSPA,NONE,N,,,(530) 852-2308,,61.188486,-149.869154
Massage Envy - South Anchorage - 55-1232,"8840 Old Seward Hwy,",,Anchorage,AK,99515,"8840 Old Seward Hwy,, Anchorage, AK 99515",MECLASS,NONE,E,Massage Envy Franchising,11041861,,,61.140366,-149.865092
Aurora Aesthetics Company,2711 Tongass Ave,Ste 201,Ketchikan,AK,99901,"2711 Tongass Ave, Ketchikan, AK 99901",WHOLESALE,NONE,N,,,(907) 204-0725,,55.350696,-131.679612
Beauty And Bliss Esthetics,3400 E Cottle Loop,#200,Wasilla,AK,99654,"3400 E Cottle Loop, Wasilla, AK 99654",WHOLESALE,NONE,E,,,,,61.585624,-149.365188
Chance,3400 E Cottle Loop,Ste 900,Wasilla,AK,99654,"3400 E Cottle Loop, Wasilla, AK 99654",WHOLESALE,NONE,D,,,,,61.585663,-149.363404
Athen's Eye Clinic,111 W Washington St.​​​​,,Athens,AL,35611,"111 W Washington St.​​​​, Athens, AL 35611",MEDICALSPA,NONE,B,,,(256) 777-6796,athenseyeclinic.com,34.802235,-86.970135
Massage Envy - Auburn - 03-1295,2431 East Glenn Ave,,Auburn,AL,36830,"2431 East Glenn Ave, Auburn, Al 36830",MECLASS,NONE,E,Massage Envy Franchising,11041861,,,32.609763,-85.430223
Brooke Lauer,Oak Street Hair Group,125 Oak St,Birmingham,AL,35213,"OAK STREET HAIR GROUP, Birmingham, AL 35213",WHOLESALE,NONE,D,,,,,33.50215,-86.75667
"Daniel Rousso, M.d.",2700 Hwy 280,Ste 300 W,Birmingham,AL,35223,"2700 HWY 280, Birmingham, AL 35223",DOCTOR,NONE,U,,,,,33.480064,-86.775878
Massage Envy - Daphne - 03-1150,6880 US Hwy 90,Ste C4,Daphne,AL,36526,"6880 US Hwy 90, Daphne, AL 36526",MECLASS,NONE,D,Massage Envy Franchising,11041861,,,30.652126,-87.905398
Luxe Esthetic Studio,4440 W Main St,2,Dothan,AL,36305,"4440 W Main St, Dothan, AL 36305",MEDICALSPA,NONE,U,,,,,31.236917,-85.459006
Massage Envy - Palms Terrace - 03-0892,"3430 W. Main Street,",Suite 1,Dothan,AL,36305,"3430 W. Main Street,, Dothan, AL 36305",MECLASS,NONE,D,Massage Envy Franchising,11041861,,,31.230875,-85.443118
Wanda C. Whipple,Skin Deep Aesthetics,1314 Westgate Pkwy Ste 3,Dothan,AL,36303,"SKIN DEEP AESTHETICS, Dothan, AL 36303",WHOLESALE,NONE,D,,,(334) 702-6726,,31.254422,-85.434157
Massage Envy - Gulf Shores - 03-1331,160 Cotton Creek Dr,Suite 220,Gulf Shores,AL,36542,"160 Cotton Creek Dr, Gulf Shores, Al 36542",MECLASS,NONE,E,Massage Envy Franchising,11041861,,,30.298781,-87.681381
MRA Skin Studio,1801 Gunter Ave,,Guntersville,AL,35976,"1801 Gunter Ave, Guntersville, AL 35976",WHOLESALE,NONE,N,,,(256) 960-1419,,34.339707,-86.309549
Massage Envy - Greystone - 03-0701,"250 Doug Baker Blvd., Ste. 500",,Hoover,AL,35242,"250 Doug Baker Blvd., Ste. 500, Hoover, AL 35242",MECLASS,NONE,E,Massage Envy Franchising,11041861,,,33.410679,-86.667185
Massage Envy - Hoover,5519 Grove Blvd,Ste 125,Hoover,AL,35226,"5519 Grove Blvd, Hoover, AL 35226",MECLASS,NONE,U,Massage Envy Franchising,11041861,,,33.361755,-86.85004
Massage Envy - Huntsville Al - 03-0970,"4851 Whitesburg Dr., Ste. C",,Huntsville,AL,35802,"4851 Whitesburg Dr., Ste. C, Huntsville, AL 35802",MECLASS,NONE,E,Massage Envy Franchising,11041861,,,34.692906,-86.566061
Regenesis Stem Cell Center,4025 Pepperwood Circle SW,Suite C,Huntsville,AL,35801,"4025 Pepperwood Circle SW, Huntsville, AL 35801",DOCTOR,GOLD,B,,,,,34.695347,-86.579885
Zula Modern Beauty,927 Merchants Walk,Ste. A,Huntsville,AL,35801,"927 Merchants Walk, Huntsville, AL 35801",MEDICALSPA,NONE,D,,,(256) 994-8700,https://zulamodernmedspa.com/,34.712353,-86.588187
Massage Envy - Madison Al - 03-0845,5923 Wall Triana Hwy,,Madison,AL,35757,"5923 Wall Triana Hwy, Madison, AL 35757",MECLASS,NONE,U,Massage Envy Franchising,11041861,,,34.753378,-86.749356
Massage Envy - Mobile - 03-0841,3659 Airport Boulevard,,Mobile,AL,36608,"3659 Airport Boulevard, Mobile, Al 36608",MECLASS,NONE,U,Massage Envy Franchising,11041861,,,30.675545,-88.131655
Massage Envy - West Mobile - 03-1233,7765 Airport Blvd Ste 150,,Mobile,AL,36608,"7765 Airport Blvd Ste 150, Mobile, Al 36608",MECLASS,NONE,E,Massage Envy Franchising,11041861,,,30.682008,-88.224249
Massage Envy - Eastchase - 03-1098,"2478 Berryhill Rd., Ste. 6",,Montgomery,AL,36117,"2478 Berryhill Rd., Ste. 6, Montgomery, AL 36117",MECLASS,NONE,U,Massage Envy Franchising,11041861,,,32.35813,-86.160714
Massage Envy - Mountain Brook,320 Rele St,Ste D6,Mountain Brook,AL,35223,"320 Rele St, Mountain Brook, AL 35223",MECLASS,NONE,E,Massage Envy Franchising,11041861,,,33.485413,-86.773405
Restore Hyper Wellness (AL001),2800 Cahaba Village Plaza,Ste 210,Mountain Brook,AL,35243,"2800 Cahaba Village Plaza, Mountain Brook, AL 35243",DOCTOR,NONE,E,Restore Hyper Wellness - Parent Account,11061787,(205) 518-5777,,33.461569,-86.754831
Massage Envy - Tuscaloosa - 03-1379,1800 Mcfarland Blvd E,Ste 106,Tuscaloosa,AL,35404,"1800 Mcfarland Blvd E, Tuscaloosa, Al 35404",MECLASS,NONE,U,Massage Envy Franchising,11041861,,,33.194722,-87.527211
Beauty Boss Co.,1604 S Pine St,Ste C,Cabot,AR,72023,"1604 S Pine St, Cabot, AR 72023",MEDICALSPA,SILVER,N,,,(501) 628-8642,https://beautyboss.co,34.946992,-92.009223
Massage Envy - Conway - 27-1358,1040 S Amity Rd,Ste K,Conway,AR,72032,"1040 S Amity Rd, Conway, AR 72032",MECLASS,NONE,U,Massage Envy Franchising,11041861,,,35.064568,-92.41184
Lil Saucie Brows,200 W Center St #4,,Fayetteville,AR,72701,"200 W Center St #4, Fayetteville, AR 72701",WHOLESALE,NONE,N,,,,https://www.lilsauciebrows.com/,36.063071,-94.161975
Necee Aesthetics and Wellness Spa LLC,25946 Hwy 167,,Hensley,AR,72065,"25946 Hwy 167, Hensley, AR 72065",WHOLESALE,SILVER,U,,,(501) 628-7456,,34.53396,-92.336139
Ageless Aesthetics of Arkansas,135 Medical Park Pl,,Hot Springs,AR,71901,"135 Medical Park Pl, Hot Springs, AR 71901",MEDICALSPA,SILVER,N,,,,,34.488293,-93.03325
Elevated Esthetics,509 SW Dr,#a,Jonesboro,AR,72401,"509 SW Dr, Jonesboro, AR 72401",MEDICALSPA,GOLD,A,,,,,35.815993,-90.710734
Beauty by ACQ,5817 1/2 Kavanaugh Blvd.,,Little Rock,AR,72207,"5817 1/2 Kavanaugh Blvd., Little Rock, AR 72207",WHOLESALE,NONE,N,,,(501) 291-2014,https://acqbeauty.com/?utm_source=ig&utm_medium=social&utm_content=link_in_bio&fbclid=PAZXh0bgNhZW0CMTEAc3J0YwZhcHBfaWQMMjU2MjgxMDQwNTU4AAGn0XC80l9RHX9NZrbnBlndPMlFbCzay3DTWxuyVCt9V5O2kUZcCxYKajLdZ4A_aem_Vj5wXhrhvyU7lF4nnVS-oQ,34.769892,-92.339144
Massage Envy - Midtowne Little Rock - 27,209 N University Ave Ste 200,,Little Rock,AR,72205,"209 N University Ave Ste 200, Little Rock, Ar 72205",MECLASS,NONE,E,Massage Envy Franchising,11041861,,,34.752589,-92.338936
The Refinery (Aesthetics and Wellness) PLLC,104 Wind River Dr.,,Maumelle,AR,72113,"104 Wind River Dr., Maumelle, AR 72113",MEDICALSPA,NONE,D,,,,,34.74369,-92.367121
LC Aesthetics and Wellness,9228 Maumelle Blvd N,,N Little Rock,AR,72113,"9228 Maumelle Blvd N, N Little Rock, AR 72113",MEDICALSPA,NONE,U,,,,,34.814487,-92.363336
"Absolute Health, LLC",300 Pine St,,Rison,AR,71665,"300 Pine St, Rison, AR 71665",MEDICALSPA,NONE,N,,,(870) 718-1249,,33.958507,-92.191951
Do More NWA LLC,4204 S JB Hunt Dr.,Ste 70,Rogers,AR,72758,"4204 S JB Hunt Dr., Rogers, AR 72758",DOCTOR,NONE,N,Restore Hyper Wellness - Parent Account,11061787,(479) 936-1325,,36.295684,-94.184577
"MOLLY O'MEARA Aesthetics, LLC",216 E Chestnut St,Ste B,Rogers,AR,72756,"216 E Chestnut St, Rogers, AR 72756",WHOLESALE,NONE,N,,,216,https://moadermalounge.com/,36.333588,-94.11421
Massage Envy - Pleasant Grove - 27-0480,"2603 Pleasant Grove Road, STE 114",,Rogers,AR,72756,"2603 Pleasant Grove Road, STE 114, Rogers, AR 72756",MECLASS,NONE,D,Massage Envy Franchising,11041861,,,36.284609,-94.152896
Massage Envy - Avondale - 02-0336,9945 West McDowell Suite 107,,Avondale,AZ,85323,"9945 West McDowell Suite 107, Avondale, AZ 85323",MECLASS,NONE,C,Massage Envy Franchising,11041861,,,33.463786,-112.273619
The Spa at Victory Club,5325 North Verrado Way,,Buckeye,AZ,85396,"5325 North Verrado Way, Buckeye, AZ 85396",WHOLESALE,NONE,E,The Spa at Victory Club,11066833,,,33.496757,-112.513231
MASSAGE ENVY - South Chandler - 0141,4985 S Alma School Road,Suite 1,Chandler,AZ,85248,"4985 S Alma School Road, Chandler, AZ 85248",MECLASS,NONE,C,Massage Envy Franchising,11041861,,,33.234521,-111.856611
Massage Envy - Chandler - 02-0008,2510-7 W Chandler Blvd,,Chandler,AZ,85224,"2510-7 W Chandler Blvd, Chandler, Az 85224",MECLASS,NONE,C,Massage Envy Franchising,11041861,,,33.306411,-111.885644
Massage Envy - Chandler Crossroads - 02-,"2880 E. Germann Rd., Ste. 7",,Chandler,AZ,85286,"2880 E. Germann Rd., Ste. 7, Chandler, AZ 85286",MECLASS,NONE,A,Massage Envy Franchising,11041861,,,33.281309,-111.790927
Paraiso Skin Care,500 W Ray Rd,Ste 2A,Chandler,AZ,85225,"500 W RAY RD, Chandler, AZ 85225",WHOLESALE,SILVER,D,,,,,33.321252,-111.848801
Restore Hyper Wellness - S Chandler (AZ003),2895 S. Alma School Rd,Ste 8,Chandler,AZ,85286,"2895 S. Alma School Rd, Chandler, AZ 85286",DOCTOR,SILVER,D,Restore Hyper Wellness - Parent Account,11061787,(480) 999-4970,,33.263924,-111.857504
Skin Bliss by Mariss,Located within Leidan Mitchell Salon,2177 W Queen Creek Rd,Chandler,AZ,85248,"Located within Leidan Mitchell Salon, Chandler, AZ 85248",WHOLESALE,SILVER,D,,,,,33.270438,-111.847846
Massage Envy - Flagstaff - 02-0558,1235 S Plaza Way,,Flagstaff,AZ,86001,"1235 S Plaza Way, Flagstaff, Az 86001",MECLASS,NONE,D,Massage Envy Franchising,11041861,,,35.189065,-111.664081
Bellissima Skin Enhancement,1753 N. Higley,Suite 101 Room#3,Gilbert,AZ,85234,"1753 N. Higley, Gilbert, AZ 85234",MEDICALSPA,NONE,E,,,,,33.381873,-111.720906
Massage Envy - Gilbert - 02-0005,"865 North Gilbert Rd., Ste 102-103",,Gilbert,AZ,85234,"865 North Gilbert Rd., Ste 102-103, Gilbert, AZ 85234",MECLASS,NONE,A,Massage Envy Franchising,11041861,,,33.366163,-111.789274
Massage Envy - Gilbert Highland - 02-029,"1458 N. Higley Road, Ste. 103",,Gilbert,AZ,85234,"1458 N. Higley Road, Ste. 103, Gilbert, AZ 85234",MECLASS,NONE,E,Massage Envy Franchising,11041861,,,33.37682,-111.722945
Massage Envy - San Tan - 02-0075,"2270 Williams Field Rd., Ste. 110",,Gilbert,AZ,85295,"2270 Williams Field Rd., Ste. 110, Gilbert, AZ 85295",MECLASS,NONE,C,Massage Envy Franchising,11041861,,,33.311342,-111.741763
Desirable Skin,18275 N 59th Ave,Suite 126,Glendale,AZ,85308,"18275 N 59th Ave, Glendale, AZ 85308",MEDICALSPA,NONE,N,,,,,33.651855,-112.186224
Massage Envy - Arrowhead - 02-0003,8110 West Bell Road,,Glendale,AZ,85308,"8110 West Bell Road, Glendale, Az 85308",MECLASS,NONE,D,Massage Envy Franchising,11041861,,,33.640268,-112.231393
Massage Envy - Goodyear - 02-0028,"1468 N Litchfield Rd., Ste. #M3",,Goodyear,AZ,85338,"1468 N Litchfield Rd., Ste. #M3, Goodyear, AZ 85338",MECLASS,NONE,A,Massage Envy Franchising,11041861,,,33.463867,-112.359398
Restore Hyper Wellness - Goodyear (AZ019),1400 N Litchfield Rd.,Unit G-9,Goodyear,AZ,85395,"1400 N Litchfield Rd., Goodyear, AZ 85395",DOCTOR,NONE,E,Restore Hyper Wellness - Parent Account,11061787,(623) 239-2277,,33.460897,-112.36088
Skin Deep by Victoria,14960 W Indian School Rd,Ste 340,Goodyear,AZ,85395,"14960 W Indian School Rd, Goodyear, AZ 85395",MEDICALSPA,NONE,D,,,,,33.485982,-112.372196
Aesthetic Solutions of AZ,2029 Acoma Blvd.,W. Unit B,Lake Havasu City,AZ,86403,"2029 Acoma Blvd., Lake Havasu City, AZ 86403",DOCTOR,NONE,N,,,(928) 466-6916,www.aestheticsolutionsofaz.com,34.496329,-114.339021
Massage Envy - Laveen,7620 59th Ave,Suite 102,Laveen,AZ,85339,"7620 59th Ave, Laveen, AZ 85339",MECLASS,NONE,D,Massage Envy Franchising,11041861,,,33.376843,-112.185642
Desert Reign Medspa,13000 W. Indian School Rd.,Suite A-2,Litchfield Park,AZ,85340,"13000 W. Indian School Rd., Litchfield Park, AZ 85340",DOCTOR,NONE,N,,,,,33.4934,-112.3394
Sunrise Aesthetics LLC,-,,Litchfield Park,AZ,85340,"-, Litchfield Park, AZ 85340",MEDICALSPA,NONE,N,,,(602) 469-7803,,33.5079,-112.3804
Frost Aesthetics,5058 E. Southern Ave,Ste 102,Mesa,AZ,85206,"5058 E. Southern Ave, Mesa, AZ 85206",MEDICALSPA,NONE,U,,,(480) 389-6579,,33.394468,-111.721856
Massage Envy - Dobson,"1657 South Dobson Rd., Ste. #B101",,Mesa,AZ,85202,"1657 South Dobson Rd., Ste. #B101, Mesa, AZ 85202",MECLASS,NONE,E,Massage Envy Franchising,11041861,,,33.383178,-111.874512
Massage Envy - Mesa - 02-0004,"6626 East McKellips Rd., Ste. #105",,Mesa,AZ,85215,"6626 East McKellips Rd., Ste. #105, Mesa, AZ 85215",MECLASS,NONE,C,Massage Envy Franchising,11041861,,,33.453458,-111.687884
Massage Envy - Superstition Gateway - 02,1946 S Signal Butte Rd,Ste 103,Mesa,AZ,85209,"1946 S Signal Butte Rd, Mesa, Az 85209",MECLASS,NONE,D,Massage Envy Franchising,11041861,,,33.381985,-111.602911
Revive at the Parlor,9115 E Baseline Road,Suite C103,Mesa,AZ,85209,"9115 E Baseline Road, Mesa, AZ 85209",MEDICALSPA,NONE,N,,,(602) 920-0240,,33.376941,-111.637317
Skin by Brynn LLC,1919 E McKellips Rd Unit 106,,Mesa,AZ,85203,"1919 E McKellips Rd Unit 106, Mesa, AZ 85203",MEDICALSPA,NONE,D,,,(480) 201-7043,,33.451144,-111.789559
Skin by Katie,1225 N Gilbert Rd,,Mesa,AZ,85203,"1225 N Gilbert Rd, Mesa, AZ 85203",WHOLESALE,NONE,N,,,(480) 512-4630,https://skin-by-katie.square.site/,33.437902,-111.787481
Zynergy Skin,1910 S Stapley Dr,Suite 127,Mesa,AZ,85204,"1910 S Stapley Dr, Mesa, AZ 85204",MEDICALSPA,NONE,U,,,,,33.380533,-111.809011
Massage Envy - Northwest Tucson - 02-010,7645 N. Oracle Rd.,Ste 140,Oro Valley,AZ,85704,"7645 N. Oracle Rd., Oro Valley, Az 85704",MECLASS,NONE,B,Massage Envy Franchising,11041861,,,32.346809,-110.977954
"Stephen P Beals, Md",5410 N Scottsdale Rd,Ste E-300,Paradise Valley,AZ,85253,"5410 N SCOTTSDALE RD, Paradise Valley, AZ 85253",DOCTOR,NONE,D,,,,,33.515926,-111.927145
Massage Envy - Lake Pleasant - 02-0322,10006 W Happy Valley Pkwy,#1240,Peoria,AZ,85383,"10006 W Happy Valley Pkwy, Peoria, Az 85383",MECLASS,NONE,C,Massage Envy Franchising,11041861,,,33.712981,-112.274704
Massage Envy - Peoria Park West - 02-019,9744 Northern Ave,,Peoria,AZ,85345,"9744 NORTHERN AVE, Peoria, AZ 85345",MECLASS,NONE,B,Massage Envy Franchising,11041861,,,33.553113,-112.269015
Restore Hyper Wellness - Lake Pleasant (AZ027),25738 N Lake Pleasant Pkwy,Ste F106,Peoria,AZ,85383,"25738 N Lake Pleasant Pkwy, Peoria, AZ 85383",DOCTOR,NONE,D,Restore Hyper Wellness - Parent Account,11061787,(623) 688-8355,,33.717276,-112.270369
Trilogy at Vistancia Community Assoc.,27980 N Trilogy Blvd,Ste 102,Peoria,AZ,85383,"27980 N Trilogy Blvd, Peoria, AZ 85383",WHOLESALE,NONE,E,,,,,33.738903,-112.331076
2 Sisters Skin Spa,21001 N. Tatum Blvd,18-1070 Ste 109,Phoenix,AZ,85050,"21001 N. Tatum Blvd, Phoenix, AZ 85050",MEDICALSPA,NONE,U,,,,,33.676354,-111.973651
Arizona Biltmore Resort,2400 E. Missouri Ave,,Phoenix,AZ,85016,"2400 E. Missouri Ave, Phoenix, AZ 85016",WHOLESALE,SILVER,N,Pyramid Global Hospitality,0012011672,,,33.517597,-112.021363
Inspire Skin Care LLC,1718 W South Fork Dr.,,Phoenix,AZ,85045,"1718 W South Fork Dr. , Phoenix, AZ 85045",MEDICALSPA,NONE,C,,,,,33.303436,-112.095935
Madison Avenue Int'l Salon & Day Spa,15210 S 50th St,Ste 150,Phoenix,AZ,85044,"15210 S 50th St, Phoenix, AZ 85044",WHOLESALE,SILVER,C,,,,,33.307969,-111.976562
Massage Envy - Ahwatukee - 02-0012,"4722 E. Ray Rd., Ste. 22 & 24",,Phoenix,AZ,85044,"4722 E. Ray Rd., Ste. 22 & 24, Phoenix, AZ 85044",MECLASS,NONE,C,Massage Envy Franchising,11041861,,,33.321556,-111.981127
Massage Envy - Arcadia - 02-0077,3162 E. Indian School Rd,,Phoenix,AZ,85016,"3162 E. Indian School Rd, Phoenix, Az 85016",MECLASS,NONE,E,Massage Envy Franchising,11041861,,,33.496023,-112.014405
Massage Envy - Camelback - 02-0020,1660 E Camelback Rd.,Ste #195,Phoenix,AZ,85016,"1660 E Camelback Rd., Phoenix, AZ 85016",MECLASS,NONE,C,Massage Envy Franchising,11041861,,,33.510343,-112.04624
Massage Envy - Desert Ridge - 02-0931,"21001 N. Tatum Boulevard, Suite 29",,Phoenix,AZ,85050,"21001 N. Tatum Boulevard, Suite 29, Phoenix, AZ 85050",MECLASS,NONE,D,Massage Envy Franchising,11041861,,,33.674283,-111.97447
Massage Envy - Moon Valley - 02-0023,275 E Bell Rd,Ste 101,Phoenix,AZ,85022,"275 E Bell Rd, Phoenix, Az 85022",MECLASS,NONE,B,Massage Envy Franchising,11041861,,,33.639026,-112.070412
Massage Envy - North Phoenix - 02-0078,2330 W Happy Valley Rd,Ste 1021,Phoenix,AZ,85027,"2330 W Happy Valley Rd, Phoenix, Az 85027",MECLASS,NONE,D,Massage Envy Franchising,11041861,,,33.714214,-112.109512
Massage Envy - Paradise Valley - 02-0006,"13637 North Tatum Blvd., Ste #16",,Phoenix,AZ,85032,"13637 North Tatum Blvd., Ste #16, Phoenix, AZ 85032",MECLASS,NONE,C,Massage Envy Franchising,11041861,,,33.610453,-111.97669
Massage Envy - Scottsdale 101 - 02-0013,7000 East Mayo Blvd Ste 1052,,Phoenix,AZ,85054,"7000 East Mayo Blvd Ste 1052, Phoenix, AZ 85054",MECLASS,NONE,D,Massage Envy Franchising,11041861,,,33.656986,-111.930243
Priority Skin Beauty,3040 E Verbena Dr,,Phoenix,AZ,85048,"3040 E Verbena Dr, Phoenix, AZ 85048",WHOLESALE,NONE,U,,,,,33.305674,-112.017968
Restore Hyper Wellness - Norterra (AZ013),2450 W Happy Valley Rd.,Ste 1142,Phoenix,AZ,85085,"2450 W Happy Valley Rd., Phoenix, AZ 85085",DOCTOR,NONE,E,Restore Hyper Wellness - Parent Account,11061787,(623) 201-8603,,33.714135,-112.111638
Restore Hyper Wellness - North Scottsdale (AZ001),18560 N Scottsdale Rd.,Ste 170,Phoenix,AZ,85054,"18560 N Scottsdale Rd., Phoenix, AZ 85054",DOCTOR,NONE,E,Restore Hyper Wellness - Parent Account,11061787,(480) 597-9061,,33.654357,-111.925882
Skin by Pemika,7000 E. Mayo Blvd,#1062,Phoenix,AZ,85054,"7000 E. Mayo Blvd, Phoenix, AZ 85054",WHOLESALE,NONE,D,,,,,33.656824,-111.929711
SkinSpirit Biltmore,4859 N 20th St,Ste B26,Phoenix,AZ,85016,"4859 N 20th St, Phoenix, AZ 85016",MEDICALSPA,NONE,E,SkinSpirit National Account,11038393,(602) 669-3850,https://skinspirit.com,33.507332,-112.037274
SkinSpirit Paradise Valley,12650 N. Tatum Blvd,Ste 103,Phoenix,AZ,85032,"12650 N. Tatum Blvd, Phoenix, AZ 85032",DOCTOR,NONE,E,SkinSpirit National Account,11038393,,www.skinspirit.com,33.603552,-111.978962
Tocaloma Spa & Salon,11111 N 7th St,,Phoenix,AZ,85020,"11111 N 7th St, Phoenix, AZ 85020",WHOLESALE,NONE,N,,,,,33.593827,-112.063466
XOXO Nurse Colette,4425 N 24th St,Ste 100,Phoenix,AZ,85016,"4425 N 24th St, Phoenix, AZ 85016",MEDICALSPA,NONE,E,,,,,33.501247,-112.029612
Massage Envy - Prescott - 02-1048,120 E. Sheldon St,,Prescott,AZ,86301,"120 E. Sheldon St, Prescott, Az 86301",MECLASS,NONE,C,Massage Envy Franchising,11041861,,,34.545615,-112.469053
Z Brow Bar,218 Wt Goodwin St #10C Ste 204,,Prescott,AZ,86303,"218 Wt Goodwin St #10C Ste 204, Prescott, AZ 86303",MEDICALSPA,NONE,D,,,,,34.540291,-112.470985
GlowCo Med Spa & Wellness,18846 E Flintlock Dr,,Queen Creek,AZ,85142,"18846 E Flintlock Dr, Queen Creek, AZ 85142",MEDICALSPA,NONE,N,,,(480) 770-2633,,33.282194,-111.687741
Massage Envy - Queen Creek - 02-0595,21582 S Ellsworth Loop,Ste 110,Queen Creek,AZ,85142,"21582 S Ellsworth Loop, Queen Creek, Az 85142",MECLASS,NONE,A,Massage Envy Franchising,11041861,,,33.252028,-111.638245
About Face Health & Wellness,14202 N Scottsdale Rd,Ste 103,Scottsdale,AZ,85254,"14202 N Scottsdale Rd, Scottsdale, AZ 85254",MEDICALSPA,NONE,U,,,,,33.616526,-111.926989
Amy Lorentzen Amyzing Aesthetics,Skin Therapy Inc,8701 E Vista Bonita Dr Ste 210,Scottsdale,AZ,85255,"SKIN THERAPY INC, Scottsdale, AZ 85255",WHOLESALE,NONE,U,,,,,33.696349,-111.892241
Caniglia Md Skincare,7102 E. Acoma Dr,,Scottsdale,AZ,85254,"7102 E. Acoma Dr, Scottsdale, AZ 85254",DOCTOR,NONE,U,,,,,33.618688,-111.928683
Cassidy Schade,5115 N. Scottsdale Rd.,Ste 15,Scottsdale,AZ,85250,"5115 N. Scottsdale Rd., Scottsdale, AZ 85250",MEDICALSPA,NONE,E,,,,,33.581777,-111.930588
Chic Skincare Studio,7337 E Shea Blvd,Ste 110-2,Scottsdale,AZ,85260,"7337 E SHEA BLVD, Scottsdale, AZ 85260",WHOLESALE,NONE,E,,,,,33.581493,-111.923509
"David A. Hecht, Md",20201 N. Scottsdale Healthcare Dr.,Ste. 250,Scottsdale,AZ,85255,"20201 N. SCOTTSDALE HEALTHCARE DR., Scottsdale, AZ 85255",DOCTOR,NONE,D,,,,,33.670779,-111.920416
Glow Up Aesthetics,"8151 East Indian Bend Road, Suite 105A",,Scottsdale,AZ,85250,"8151 East Indian Bend Road, Suite 105A, Scottsdale, AZ 85250",MEDICALSPA,NONE,U,,,,,33.536443,-111.904596
Laser Options by Jen,10505 N 69th St,Ste 101,Scottsdale,AZ,85253,"10505 N 69th St  , Scottsdale, AZ 85253",MEDICALSPA,NONE,U,,,,,33.580532,-111.932174
Massage Envy - Carefree - 02-0010,"32607 North Scottsdale Rd., Ste. #101",,Scottsdale,AZ,85262,"32607 North Scottsdale Rd., Ste. #101, Scottsdale, AZ 85262",MECLASS,NONE,D,Massage Envy Franchising,11041861,,,33.780758,-111.924187
Massage Envy - Scottsdale Seville - 02-0,"7001 N. Scottsdale Road, Ste. 158",,Scottsdale,AZ,85253,"7001 N. Scottsdale Road, Ste. 158, Scottsdale, AZ 85253",MECLASS,NONE,C,Massage Envy Franchising,11041861,,,33.539201,-111.922918
Massage Envy - Scottsdale Thomas - 02-10,2765 N Scottsdale Rd,Ste 101,Scottsdale,AZ,85257,"2765 N Scottsdale Rd, Scottsdale, Az 85257",MECLASS,NONE,D,Massage Envy Franchising,11041861,,,33.479367,-111.924723
Massage Envy - Shea - 02-0001,"8752 East Shea Blvd., Ste #C-3B",,Scottsdale,AZ,85260,"8752 East Shea Blvd., Ste #C-3B, Scottsdale, AZ 85260",MECLASS,NONE,D,Massage Envy Franchising,11041861,,,33.583259,-111.89277
Millennium Day Spa & Salon,7609 East Pinnacle Peak Road,Suites 11 & 12,Scottsdale,AZ,85255,"7609 East Pinnacle Peak Road, Scottsdale, AZ 85255",WHOLESALE,SILVER,D,,,,,33.697532,-111.915686
Perfecta by Marina Stejar,13802  N. Scottsdale Rd.,Suite 45,Scottsdale,AZ,85254,"13802  N. Scottsdale Rd., Scottsdale, AZ 85254",MEDICALSPA,NONE,N,,,(480) 764-9502,,33.612236,-111.927177
Pure Skin and Body Studio,8560 E. Shea Blvd,Unit 115,Scottsdale,AZ,85260,"8560 E. Shea Blvd, Scottsdale, AZ 85260",MEDICALSPA,NONE,U,,,,,33.574617,-111.903703
Rejuvent Medical Spa & Surgery,9155 E Bell Rd,,Scottsdale,AZ,85260,"9155 E BELL RD, Scottsdale, AZ 85260",DOCTOR,DIAMOND,A,,,,,33.63926,-111.884435
Restore Hyper Wellness - Gainey Village (AZ006),8977 N Scottsdale Rd.,Ste 503,Scottsdale,AZ,85253,"8977 N Scottsdale Rd., Scottsdale, AZ 85253",DOCTOR,NONE,D,Restore Hyper Wellness - Parent Account,11061787,(623) 404-2213,,33.567046,-111.925467
"Robert Meger, Md",8096 N 85th Way,,Scottsdale,AZ,85258,"8096 N 85th Way, Scottsdale, AZ 85258",DOCTOR,SILVER,D,,,(602) 957-6000,,33.509549,-112.009437
Skin Awakened LLC,Quiet Center,3301 N Miller Rd Ste 16,Scottsdale,AZ,85251,"Quiet Center, Scottsdale, AZ 85251",MEDICALSPA,NONE,D,,,(480) 353-1443,,33.486073,-111.917278
Skin fix Studios,4032 N Miller Rd,#106-108,Scottsdale,AZ,85251,"4032 N Miller Rd, Scottsdale, AZ 85251",MEDICALSPA,NONE,U,,,,,33.494627,-111.917736
SkinSpirit - Nordstrom Scottsdale,7055 E Camelback Rd,Fashion Square Mall,Scottsdale,AZ,85251,"7055 E Camelback Rd, Scottsdale, AZ 85251",DOCTOR,NONE,None,SkinSpirit National Account,11038393,,,33.500999,-111.929668
Skinovation Skincare & Waxing,9180 E. Desert Cove Ave,Ste 105,Scottsdale,AZ,85260,"9180 E. Desert Cove Ave, Scottsdale, AZ 85260",MEDICALSPA,GOLD,A,,,,,33.5857,-111.883408
Skntied,3030 N 67th Pl,Ste 12,Scottsdale,AZ,85251,"3030 N 67th Pl, Scottsdale, AZ 85251",WHOLESALE,NONE,N,,,(623) 521-2489,,33.482617,-111.936004
The Village At Gainey Health,7477 E. Doubletree Ranch Rd.,,Scottsdale,AZ,85258,"7477 E. DOUBLETREE RANCH RD., Scottsdale, AZ 85258",WHOLESALE,NONE,D,,,,,33.565097,-111.920613
Massage Envy - Surprise - 02-0370,"13757 W. Bell Road, STE 105",,Surprise,AZ,85374,"13757 W. Bell Road, STE 105, Surprise, AZ 85374",MECLASS,NONE,C,Massage Envy Franchising,11041861,,,33.637067,-112.356223
Massage Envy - Tempe - 02-0017,315 W Elliot Rd,Ste 103,Tempe,AZ,85284,"315 W Elliot Rd, Tempe, Az 85284",MECLASS,NONE,C,Massage Envy Franchising,11041861,,,33.348671,-111.944145
Massage Envy - Tempe Marketplace - 02-07,"1900 E Rio Salado Parkway, STE 150",,Tempe,AZ,85281,"1900 E Rio Salado Parkway, STE 150, Tempe, AZ 85281",MECLASS,NONE,D,Massage Envy Franchising,11041861,,,33.430093,-111.902877
HealthySkin Incorporated,1595 E River Rd,Ste 201,Tucson,AZ,85718,"1595 E River Rd, Tucson, AZ 85718",DOCTOR,NONE,N,Forefront Dermatology,11054551,(520) 293-5757,,32.291227,-110.948274
Massage Envy - Old Spanish Trail - 02-03,"9630 E 22nd St, STE 100",,Tucson,AZ,85748,"9630 E 22nd St, STE 100, Tucson, AZ 85748",MECLASS,NONE,B,Massage Envy Franchising,11041861,,,32.206015,-110.786887
Massage Envy - River Road West - 02-0321,3854 W. River Road,,Tucson,AZ,85741,"3854 W. River Road, Tucson, Az 85741",MECLASS,NONE,D,Massage Envy Franchising,11041861,,,32.322161,-111.045272
Massage Envy - Tucson Foothills,"4749 E. Sunrise Dr., Suite #103",,Tucson,AZ,85718,"4749 E. Sunrise Dr., Suite #103, Tucson, AZ 85718",MECLASS,NONE,D,Massage Envy Franchising,11041861,,,32.30973,-110.891253
Massage Envy - Tucson Spectrum,1183 W Irvington Road,Suite 191,Tucson,AZ,85714,"1183 W Irvington Road, Tucson, AZ 85714",MECLASS,NONE,U,,,,,32.162012,-110.98882
Massage Envy - Wilmot - 02-1326,6303 E Broadway,,Tucson,AZ,85710,"6303 E Broadway, Tucson, AZ 85710",MECLASS,NONE,C,Massage Envy Franchising,11041861,,,32.221745,-110.857597
New Life Transformation Center,1925 W Orange Grove Rd,Ste 301,Tucson,AZ,85704,"1925 W Orange Grove Rd, Tucson, AZ 85704",DOCTOR,NONE,U,,,,,32.322407,-111.00904
Renewed Medical Health,2825 E. Broadway,,Tucson,AZ,85716,"2825 E. Broadway, Tucson, AZ 85716",MEDICALSPA,NONE,N,,,(520) 298-0005,https://renewedmedicalhealth.com/,32.22194,-110.929967
Skin Care by Design Aesthetic Spa,11143 N La Cañada Dr,Ste 121,Tucson,AZ,85737,"11143 N La Cañada Dr, Tucson, AZ 85737",DOCTOR,NONE,E,,,(520) 797-7546,,32.408516,-110.996815
Tucson Acne Clinic,1254 E. Paseo Alegre,,Tucson,AZ,85719,"1254 E. PASEO ALEGRE, Tucson, AZ 85719",WHOLESALE,NONE,U,,,,,32.282203,-110.954234
Lotus Day Spa & Salon,11274 S. Fortuna Rd.,Ste B4,Yuma,AZ,85367,"11274 S. Fortuna Rd., Yuma, AZ 85367",MEDICALSPA,NONE,E,,,,,32.667751,-114.447502
Massage Envy - Yuma,2377 S 22nd Dr,Ste A,Yuma,AZ,85364,"2377 S 22nd Dr, Yuma, AZ 85364",MECLASS,NONE,D,Massage Envy Franchising,11041861,,,32.684421,-114.646893
Retreat Skin Parlor,333 S. Main St.,Ste B2,Yuma,AZ,85364,"333 S. Main St., Yuma, AZ 85364",WHOLESALE,NONE,D,,,,,32.72189,-114.617364
Massage Envy - Aliso Viejo - 13-0121,26852 La Paz Road #2-A,,Aliso Viejo,CA,92656,"26852 La Paz Road #2-A, Aliso Viejo, CA 92656",MECLASS,NONE,B,Massage Envy Franchising,11041861,,,33.572936,-117.706571
Massage Envy - Anaheim Hills - 13-0455,5769 E Santa Ana Canyon Rd,#e,Anaheim Hills,CA,92807,"5769 E Santa Ana Canyon Rd, Anaheim Hills, Ca 92807",MECLASS,NONE,B,Massage Envy Franchising,11041861,,,33.853525,-117.787432
Massage Envy - Apple Valley - 20-0621,19179 Bear Valley Rd Ste 7,,Apple Valley,CA,92308,"19179 Bear Valley Rd Ste 7, Apple Valley, Ca 92308",MECLASS,NONE,A,Massage Envy Franchising,11041861,,,34.470498,-117.245543
Amy Renee Kolshinski,C/o Escape Salon & Skin Studio,2009 Karen Ct,Arcata,CA,95521,"C/O ESCAPE SALON & SKIN STUDIO, Arcata, CA 95521",WHOLESALE,NONE,E,,,,,40.871753,-124.104715
Cedar and Stone Spa,1280 Oak Cir,,Arnold,CA,95223,"1280 Oak Cir, Arnold, CA 95223",WHOLESALE,NONE,N,,,(209) 743-3179,,38.64156,-121.268935
Lux Aesthetics,121 E Branch St,A,Arroyo Grande,CA,93420,"121 E Branch St, Arroyo Grande, CA 93420",MEDICALSPA,NONE,U,,,,,35.123773,-120.57836
Massage Envy - Arroyo Grande - 14-0977,905 Rancho Parkway Ste D,,Arroyo Grande,CA,93420,"905 Rancho Parkway Ste D, Arroyo Grande, Ca 93420",MECLASS,NONE,C,Massage Envy Franchising,11041861,,,35.126602,-120.593065
Jessica Esthetics,4560 California Ave Suite 110,,Bakersfield,CA,93309,"4560 California Ave Suite 110, Bakersfield, CA 93309",WHOLESALE,NONE,N,,,(661) 808-3751,https://www.instagram.com/jessicasierra.esthetics/,35.366216,-119.052954
Massage Envy - Bakersfield Marketplace -,9000 Ming Ave,Ste D1,Bakersfield,CA,93311,"9000 Ming Ave, Bakersfield, Ca 93311",MECLASS,NONE,D,Massage Envy Franchising,11041861,,,35.341467,-119.103124
Lux House of Beauty,14327 Ramona Blvd,,Baldwin Park,CA,91706,"14327 Ramona Blvd, Baldwin Park, CA 91706",WHOLESALE,NONE,E,,,(626) 741-0412,,34.086778,-117.96158
Altelier Aesthetix,9301 Wilshire Blvd,Ste 515,Beverly Hills,CA,90210,"9301 Wilshire Blvd, Beverly Hills, CA 90210",MEDICALSPA,SILVER,N,,,(323) 248-0856,https://atelieraesthetix.com/?utm_source=GMBlisting&utm_medium=organic&utm_campaign=gmb,34.066255,-118.408618
Artisan Of Skin,Attn: Sharlene Hassani,421 N Rodeo Dr Ste A1,Beverly Hills,CA,90210,"Attn: Sharlene Hassani, Beverly Hills, CA 90210",MEDICALSPA,DIAMOND,A,,,(661) 227-6376,,34.069684,-118.403631
Bellalora Spa,462 N Linden Dr,#448,Beverly Hills,CA,90212,"462 N Linden Dr, Beverly Hills, CA 90212",WHOLESALE,NONE,U,,,(310) 804-9121,,34.067584,-118.407776
Ghavami Plastic Surgery,433 N Camden Dr,Suite 780,Beverly Hills,CA,90210,"433 N Camden Dr, Beverly Hills, CA 90210",DOCTOR,NONE,C,,,,www.ghavamiplasticsurgery.com,34.069077,-118.40488
Gloss,9867 S Santa Monica Blvd,,Beverly Hills,CA,90212,"9867 S Santa Monica Blvd, Beverly Hills, CA 90212",WHOLESALE,SILVER,C,,,,,34.052234,-118.243685
Harris Facial Plastic Surgery and Aesthetics,301 N. Canon Drive,Suite 208,Beverly Hills,CA,90210,"301 N. Canon Drive, Beverly Hills, CA 90210",DOCTOR,NONE,N,,,(310) 564-8196,https://www.harrisfacialplastics.com/,34.06928,-118.400055
Massage Envy - Beverly Hills - 12-1330,246 South Robertson Boulevard,,Beverly Hills,CA,90211,"246 South Robertson Boulevard, Beverly Hills, Ca 90211",MECLASS,NONE,U,Massage Envy Franchising,11041861,,,34.063591,-118.383288
Plastic Surgery Institute,465 N Roxbury Dr,Ste 1007,Beverly Hills,CA,90210,"465 N Roxbury Dr, Beverly Hills, CA 90210",DOCTOR,NONE,N,,,(310) 248-6250,https://www.ordonchopra.com/,34.068347,-118.407328
SkinSpirit - Beverly Hills,153 S Lasky Dr,Ste 8,Beverly Hills,CA,90212,"153 S Lasky Dr, Beverly Hills, CA 90212",DOCTOR,NONE,E,SkinSpirit National Account,11038393,,,34.065221,-118.410263
Snatched Beverly Hills,144 S Beverly Dr,#302,Beverly Hills,CA,90212,"144 S Beverly Dr, Beverly Hills, CA 90212",MEDICALSPA,NONE,E,,,,,34.065557,-118.398647
The LA Facialist,441 N Bedford Dr,,Beverly Hills,CA,90210,"441 N Bedford Dr, Beverly Hills, CA 90210",MEDICALSPA,DIAMOND,A,,,,,34.068372,-118.405005
Ajliss Medical Aesthetics - Brea,441 S Associated Rd,,Brea,CA,92821,"441 S Associated Rd, Brea, CA 92821",MEDICALSPA,NONE,N,,,,https://www.ajliss.com/,33.912558,-117.881693
Bare Skin Lab,1207 W Imperial Hwy,#101,Brea,CA,92821,"1207 W Imperial Hwy, Brea, CA 92821",WHOLESALE,NONE,N,,,(657) 253-2503,,33.917458,-117.917023
Massage Envy - Brea Downtown - 13-0242,375 W Birch St #22,,Brea,CA,92821,"375 W Birch St #22, Brea, CA 92821",MECLASS,NONE,C,Massage Envy Franchising,11041861,,,33.91941,-117.902269
Aesthetics By Vanessa,9030 Brentwood blvd ste A,,Brentwood,CA,94513,"9030 Brentwood blvd ste A, Brentwood, CA 94513",MEDICALSPA,NONE,D,,,,,37.920272,-121.684713
Massage Envy - The Streets Of Brentwood,"2465 Sandcreek Road, Suite 112",,Brentwood,CA,94513,"2465 Sandcreek Road, Suite 112, Brentwood, CA 94513",MECLASS,NONE,D,Massage Envy Franchising,11041861,,,37.94497,-121.737379
Melinda Spinelli,2216 W Burbank Blvd,,Burbank,CA,91506,"2216 W Burbank Blvd, Burbank, CA 91506",WHOLESALE,NONE,D,,,,,34.179385,-118.335553
Lisa Li,1375 Burlingame Ave.,Ste.288-a,Burlingame,CA,94010,"1375 BURLINGAME AVE., Burlingame, CA 94010",WHOLESALE,NONE,U,,,,,37.577864,-122.347688
Massage Envy - Burlingame - 37-1397,1209 Howard Avenue,,Burlingame,CA,94010,"1209 Howard Avenue, Burlingame, Ca 94010",MECLASS,NONE,D,Massage Envy Franchising,11041861,,,37.577451,-122.344983
Simon Med Spa,1860 El Camino Real,200,Burlingame,CA,94010,"1860 El Camino Real, Burlingame, CA 94010",DOCTOR,NONE,N,,,(650) 582-3729,https://www.simonmedspa.com/?utm_source=gmb_auth,37.5963,-122.384368
SkinSpirit LLC- Burlingame,1375 Burlingame Ave,,Burlingame,CA,94010,"1375 Burlingame Ave, Burlingame , CA 94010",DOCTOR,NONE,D,SkinSpirit National Account,11038393,,,37.577864,-122.347688
Erin Gordon MD Inc.,4766 Park Granada,Ste. 206B,Calabasas,CA,91302,"4766 Park Granada, Calabasas, CA 91302",DOCTOR,NONE,N,,,,,34.153911,-118.641561
Serenity Aesthetics Studio,5777 Las Virgenes Rd,Unit B,Calabasas,CA,91302,"5777 Las Virgenes Rd, Calabasas, CA 91302",MEDICALSPA,NONE,E,,,,,34.162595,-118.702831
Massage Envy - Camarillo - 14-0033,"2360 Las Posas Rd., Ste G",,Camarillo,CA,93010,"2360 Las Posas Rd., Ste G, Camarillo, CA 93010",MECLASS,NONE,E,Massage Envy Franchising,11041861,,,34.235232,-119.036628
Glo Girl Studio,1010 Camerado Dr,Ste 108,Cameron Park,CA,95682,"1010 Camerado Dr, Cameron Park, CA 95682",WHOLESALE,NONE,D,,,,,38.686889,-120.987606
Ambition Medical Aesthetics,436 Marathon Dr.,,Campbell,CA,95008,"436 Marathon Dr., Campbell, CA 95008",MEDICALSPA,NONE,N,,,(669) 336-9814,www.ambitionmedicalaesthetics.com,37.293336,-121.964849
Beautify Your Skin,2091 S. Bascom Ave,,Campbell,CA,95008,"2091 S. BASCOM AVE, Campbell, CA 95008",WHOLESALE,NONE,D,,,,,37.285685,-121.932298
BeautyBeats Skin Care studio,1606 W Campbell Ave,,Campbell,CA,95008,"1606 W Campbell Ave, Campbell, CA 95008",WHOLESALE,NONE,E,,,,,37.285107,-121.97833
Brenda P. Ho,323 E Campbell Ave,,Campbell,CA,95008,"323 E Campbell Ave, CAMPBELL, CA 95008",WHOLESALE,NONE,U,,,,,37.28735,-121.944215
Massage Envy - Campbell - 37-0678,"1875 S. Bascom Avenue, Suite 650",,Campbell,CA,95008,"1875 S. Bascom Avenue, Suite 650, Campbell, CA 95008",MECLASS,NONE,E,Massage Envy Franchising,11041861,,,37.28796,-121.933282
SkinSpirit - Nordstrom Topanga,21725 Victory Blvd,"Attn: SkinSpirit Spa, 2nd Fl",Canoga Park,CA,91303,"21725 Victory Blvd, Canoga Park, CA 91303",DOCTOR,NONE,N,SkinSpirit National Account,11038393,,https://www.skinspirit.com/locations/nordstrom-topanga,34.1887,-118.602656
A Room Of Her Own,Joan,720 Capitola Ave Ste D,Capitola,CA,95010,"Joan, Capitola, CA 95010",WHOLESALE,NONE,E,,,,,36.98046,-121.952488
Biokosmetik Carmel,26485 Carmel Rancho Blvd,Ste 8,Carmel,CA,93923,"26485 Carmel Rancho Blvd, Carmel, CA 93923",WHOLESALE,NONE,N,,,(831) 917-8620,,36.53938,-121.904501
Laurie Ellen Salon,2 Torres NW of 6th St.,,Carmel,CA,93921,"2 Torres NW of 6th St., Carmel, CA 93921",WHOLESALE,NONE,U,,,,,36.555654,-121.919928
Massage Envy - Castro Village - 38-0765,3348 Village Drive,,Castro Valley,CA,94546,"3348 Village Drive, Castro Valley, Ca 94546",MECLASS,NONE,D,Massage Envy Franchising,11041861,,,37.696839,-122.077664
Restore Hyperwellness - Cerritos Wellness LLC- CA078,12855 Towne Center Dr,,Cerritos,CA,90703,"12855 Towne Center Dr, Cerritos, CA 90703",DOCTOR,NONE,D,Restore Hyper Wellness - Parent Account,11061787,(562) 219-7115,https://www.restore.com/,33.86874,-118.058872
Massage Envy - Chino - 20-0181,"3825 Grand Avenue, STE B",,Chino,CA,91710,"3825 Grand Avenue, STE B, Chino, CA 91710",MECLASS,NONE,B,Massage Envy Franchising,11041861,,,33.998279,-117.72107
Restore Hyper Wellness - Chino Hills Wellness- CA077,13925 City Center Dr,Ste 2050,Chino Hills,CA,91709,"13925 City Center Dr, Chino Hills, CA 91709",DOCTOR,NONE,U,Restore Hyper Wellness - Parent Account,11061787,(909) 342-9103,https://www.restore.com/,34.000504,-117.72957
Massage Envy - Eastlake - 28-0416,878 Eastlake Pkwy,Ste 912,Chula Vista,CA,91914,"878 Eastlake Pkwy, Chula Vista, Ca 91914",MECLASS,NONE,D,Massage Envy Franchising,11041861,,,32.651323,-116.970388
Massage Envy - Claremont - 51-0942,2090 N. Mills Ave,,Claremont,CA,91711,"2090 N. Mills Ave, Claremont, Ca 91711",MECLASS,NONE,B,Massage Envy Franchising,11041861,,,34.121278,-117.706817
The Hyde Out,380 W Arrow Hwy,Ste 128,Claremont,CA,91711,"380 W Arrow Hwy, Claremont, CA 91711",WHOLESALE,NONE,U,,,(310) 971-7171,www.hydeoutaesthetics.com,34.090079,-117.718433
Cheyenne La Mar Aesthetics,1975 Diamond Blvd,Suite 35,Concord,CA,94521,"1975 Diamond Blvd, Concord, CA 94521",WHOLESALE,NONE,D,,,,,37.970486,-122.055224
Massage Envy - Concord / Clayton - 38-03,"5442 Ygnacio Valley Rd, Ste. 140",,Concord,CA,94521,"5442 Ygnacio Valley Rd, Ste. 140, Concord, CA 94521",MECLASS,NONE,U,Massage Envy Franchising,11041861,,,37.950834,-121.957776
Massage Envy - The Willows - 38-0297,"1975 Diamond Blvd., Ste D-010",,Concord,CA,94520,"1975 Diamond Blvd., Ste D-010, Concord, CA 94520",MECLASS,NONE,C,Massage Envy Franchising,11041861,,,37.968644,-122.056525
Massage Envy - Corona At Eagle Glen - 20,2225 Eagle Glen Pkwy,Ste 101,Corona,CA,92883,"2225 Eagle Glen Pkwy, Corona, Ca 92883",MECLASS,NONE,B,Massage Envy Franchising,11041861,,,33.821393,-117.522846
Simply Beautiful Skin Boutique,1180 Olympic Dr.,Ste 109,Corona,CA,92881,"1180 Olympic Dr., Corona, CA 92881",WHOLESALE,NONE,U,,,(714) 725-7546,https://simplybeautifulskinboutique.com/,33.859017,-117.539942
Coastal Complexion Studio,2183 Fairview Rd,Ste 220E,Costa Mesa,CA,92627,"2183 Fairview Rd, Costa Mesa, CA 92627",WHOLESALE,NONE,N,,,,,33.653694,-117.908196
Derma Beauty Aesthetics,3140 Red Hill Ave,#170,Costa Mesa,CA,92626,"3140 Red Hill Ave, Costa Mesa, CA 92626",WHOLESALE,NONE,E,,,,,33.677931,-117.875372
Gold Coast Aesthetics,188 E. 17th St,#101,Costa Mesa,CA,92627,"188 E. 17th St, Costa Mesa, CA 92627",MEDICALSPA,NONE,N,,,(949) 998-4611,,33.63568,-117.918976
Rituals by Mia,1799 Newport Blvd,Ste A 106,Costa Mesa,CA,92627,"1799 Newport Blvd, Costa Mesa, CA 92627",WHOLESALE,SILVER,C,,,(949) 550-9381,,33.639466,-117.921021
Skin Perfect Medical,3030 Harbor Blvd.,Ste F,Costa Mesa,CA,92626,"3030 Harbor Blvd., Costa Mesa, CA 92626",MEDICALSPA,NONE,E,,,,,33.681784,-117.917943
Massage Envy - Culver City - 12-0772,10994 Jefferson Blvd,,Culver City,CA,90230,"10994 Jefferson Blvd, Culver City, Ca 90230",MECLASS,NONE,D,Massage Envy Franchising,11041861,,,33.99776,-118.394692
Cupertino Dental & Facial Aesthetics,10413 Torre Ave,Ste 600,Cupertino,CA,95014,"10413 Torre Ave, Cupertino , CA 95014",MEDICALSPA,NONE,E,,,,,37.316804,-122.029634
"Hakima Schulz, MD",10011 North foothill Blvd,Suite 111,Cupertino,CA,95014,"10011 North foothill Blvd, Cupertino, CA 95014",DOCTOR,NONE,U,,,(408) 357-9214,,37.32211,-122.068724
Massage Envy - Cypress Ca - 13-0821,6915 Katella Avenue,,Cypress,CA,90630,"6915 Katella Avenue, Cypress, Ca 90630",MECLASS,NONE,E,Massage Envy Franchising,11041861,,,33.804017,-118.011541
Sydnia Reynolds,5371 Lincoln Ave,,Cypress,CA,90630,"5371 LINCOLN AVE, Cypress, CA 90630",WHOLESALE,NONE,D,,,,,33.832151,-118.038736
Massage Envy - Daly City - 37-1398,239 Lake Merced Blvd,,Daly City,CA,94015,"239 Lake Merced Blvd, Daly City, Ca 94015",MECLASS,NONE,D,Massage Envy Franchising,11041861,,,37.699494,-122.483652
Skiin Blackhawk,4135 Blackhawk Plaza Cir,Ste 125,Danville,CA,94506,"4135 Blackhawk Plaza Cir, Danville, CA 94506",MEDICALSPA,NONE,U,,,,,37.801974,-121.919157
SkinSpirit - Danville,439 Railroad Ave.,,Danville,CA,94526,"439 Railroad Ave., Danville, CA 94526",DOCTOR,NONE,C,SkinSpirit National Account,11038393,(925) 854-4660,https://skinsprirt.com,37.818813,-121.997196
Kintsu MedSpa & Wellness,1736 Picasso Ave,Ste C,Davis,CA,95618,"1736 Picasso Ave, Davis, CA 95618",DOCTOR,NONE,N,,,,,38.563528,-121.730373
Massage Envy - Davis,"110 F Street, Ste. B",,Davis,CA,95616,"110 F Street, Ste. B, Davis, CA 95616",MECLASS,NONE,D,Massage Envy Franchising,11041861,,,38.542688,-121.739449
SkinSpirit (Del Mar) San Diego,1555 Camino Del Mar,Ste 110,Del Mar,CA,92014,"1555 Camino Del Mar, Del Mar, CA 92014",DOCTOR,NONE,C,SkinSpirit National Account,11038393,,https://skinspirit.com,32.960401,-117.264764
Bowie Medical Studio,888 S Brea Canyon Rd,Ste 100,Diamond Bar,CA,91789,"888 S Brea Canyon Rd, Diamond Bar, CA 91789",DOCTOR,NONE,N,,,(626) 999-6970,,34.00176,-117.843506
Massage Envy - Diamond Bar - 51-0882,"1195 S. Diamond Bar Boulevard, Ste. B",,Diamond Bar,CA,91765,"1195 S. Diamond Bar Boulevard, Ste. B, Diamond Bar, CA 91765",MECLASS,NONE,C,Massage Envy Franchising,11041861,,,34.001478,-117.811407
Love of Beauty Esthetics by Ana,8041 Florence Ave,Suite 209,Downey,CA,90240,"8041 Florence Ave, Downey, CA 90240",WHOLESALE,NONE,N,,,(310) 308-5854,,33.953153,-118.1287
Massage Envy - Downey - 51-0487,12052 Lakewood Blvd,,Downey,CA,90242,"12052 Lakewood Blvd, Downey, Ca 90242",MECLASS,NONE,E,Massage Envy Franchising,11041861,,,33.927562,-118.12612
Skins Beauty Vault,8004 4th St,,Downey,CA,90241,"8004 4th St, Downey, CA 90241",WHOLESALE,NONE,N,,,,,33.945357,-118.135478
Massage Envy - Eastvale - 20-0983,"12435 Limonite Ave., Ste. 540",,Eastvale,CA,91752,"12435 Limonite Ave., Ste. 540, Eastvale, CA 91752",MECLASS,NONE,C,Massage Envy Franchising,11041861,,,33.976523,-117.553253
Massage Envy - El Dorado HIlls,4510 Post St,Ste 340,El Dorado Hills,CA,95762,"4510 Post St, El Dorado Hills, CA 95762",MECLASS,NONE,D,Massage Envy Franchising,11041861,,,38.652847,-121.066973
Massage Envy - Elk Grove,8465 Elk Grove Florin Road,,Elk Grove,CA,95624,"8465 Elk Grove Florin Road, Elk Grove, CA 95624",MECLASS,NONE,E,Massage Envy Franchising,11041861,,,38.449865,-121.37009
Massage Envy - Laguna Gateway,9139 West Stockton Blvd. Suite 100,,Elk Grove,CA,95758,"9139 West Stockton Blvd. Suite 100, Elk Grove, CA 95758",MECLASS,NONE,D,Massage Envy Franchising,11041861,,,38.425653,-121.399508
The Med-Spa At Beauty Chateau A Medical,9093 Elk Grove Blvd,Ste 201,Elk Grove,CA,95624,"9093 Elk Grove Blvd, Elk Grove, CA 95624",MEDICALSPA,NONE,U,,,,,38.409094,-121.362928
Katie Ek Esthetics,1991 Village Park Way,Ste 1-B,Encinitas,CA,92024,"1991 Village Park Way, Encinitas, CA 92024",WHOLESALE,NONE,E,,,(858) 245-7122,,33.053143,-117.245296
Massage Envy - Encinitas - 28-0348,278-D N. El Camino Real,,Encinitas,CA,92024,"278-D N. El Camino Real, Encinitas, CA 92024",MECLASS,NONE,B,Massage Envy Franchising,11041861,,,33.052915,-117.262376
SOM Aesthetics,25 East E St,,Encinitas,CA,92024,"25 East E St, Encinitas, CA 92024",DOCTOR,NONE,N,,,(909) 560-1646,https://www.som.md/,33.04393,-117.293083
Skin/set,927 Bluejack Rd,,Encinitas,CA,92024,"927 Bluejack Rd, Encinitas, CA 92024",WHOLESALE,NONE,N,,,,,33.041092,-117.266666
The Skin Clinic LA,16055 Ventura Blvd,Ste 1225,Encino,CA,91436,"16055 Ventura Blvd, Encino, CA 91436",MEDICALSPA,NONE,D,,,,,34.156784,-118.483184
Wellness on Main,1710 Main St,,Escalon,CA,95320,"1710 Main St, Escalon, CA 95320",WHOLESALE,NONE,N,,,,,37.795228,-120.993301
Massage Envy - Escondido - 28-0179,1210 Auto Park Way,,Escondido,CA,92029,"1210 Auto Park Way, Escondido, Ca 92029",MECLASS,NONE,C,Massage Envy Franchising,11041861,,,33.110272,-117.097129
Imagine,3494 F St.,,Eureka,CA,95503,"3494 F St. , Eureka, CA 95503",WHOLESALE,NONE,U,,,,,40.775852,-124.1639
Nurture Salon & Skin Care Studio,322 Grotto St,,Eureka,CA,95501,"322 Grotto St, Eureka, CA 95501",WHOLESALE,NONE,D,,,,,40.781551,-124.165133
Platinum Studio Salon and Spa,123 5th St,,Eureka,CA,95501,"123 5th St, Eureka , CA 95501",WHOLESALE,NONE,U,,,,,40.801577,-124.169698
Sue Santsche,The Spa At Personal Choice,130 G St,Eureka,CA,95501,"THE SPA AT PERSONAL CHOICE, Eureka, CA 95501",WHOLESALE,NONE,E,,,,,40.804834,-124.165772
Two Beauties Skincare & Makeup Artistry,523 F St,,Eureka,CA,95501,"523 F ST, Eureka, CA 95501",WHOLESALE,NONE,B,,,,,40.801543,-124.165766
Massage Envy - Sunrise,5319 Sunrise Blvd,,Fair Oaks,CA,95628,"5319 Sunrise Blvd, Fair Oaks, CA 95628",MECLASS,NONE,D,Massage Envy Franchising,11041861,,,38.662555,-121.273857
Gina Reyburn,425 E Alvarado St.,Ste E,Fallbrook,CA,92028,"425 E Alvarado St., Fallbrook, CA 92028",WHOLESALE,SILVER,C,,,,,33.378561,-117.25224
Hoshall,6608 Folsom Auburn Rd,Ste 4,Folsom,CA,95630,"6608 FOLSOM AUBURN RD, Folsom, CA 95630",WHOLESALE,NONE,D,,,,,38.686109,-121.17935
Jennifer Stewart,1849 Iron Point Rd,Ste 120,Folsom,CA,95630,"1849 Iron Point Rd, Folsom, CA 95630",WHOLESALE,NONE,U,,,,,38.644213,-121.145399
Massage Envy - Folsom / Blue Ravine - 10,25055 Blue Ravine Road,,Folsom,CA,95630,"25055 Blue Ravine Road, Folsom, CA 95630",MECLASS,NONE,D,Massage Envy Franchising,11041861,,,38.690157,-121.12242
Pure Glow Spa,"1725 Iron Point Rd,","Ste.100, Studio",Folsom,CA,95630,"1725 Iron Point Rd,, Folsom, CA 95630",WHOLESALE,NONE,U,,,,,38.648638,-121.153421
Restore Hyper Wellness -Folsom- CA148,230 Palladio Pkwy,Ste 1217,Folsom,CA,95630,"230 Palladio Pkwy, Folsom, CA 95630",DOCTOR,NONE,E,Restore Hyper Wellness - Parent Account,11061787,(916) 790-2779,https://www.restore.com/,38.648202,-121.119395
Massage Envy - North Fontana - 20-0540,"16391 Sierra Lakes Parkway, Ste 100",,Fontana,CA,92336,"16391 Sierra Lakes Parkway, Ste 100, Fontana, CA 92336",MECLASS,NONE,D,Massage Envy Franchising,11041861,,,34.137696,-117.448343
Beauty From The Heart,18305 Brookhurst St,Ste 36,Fountain Valley,CA,92708,"18305 Brookhurst St, Fountain Valley, CA 92708",MEDICALSPA,NONE,U,,,,https://www.instagram.com/beautyfromtheheartrn/,33.696599,-117.9544
"Medica Aesthetics, PC",18305 Brookhurst St,Ste 61,Fountain Valley,CA,92708,"18305 Brookhurst St, Fountain Valley, CA 92708",MEDICALSPA,NONE,D,,,,,33.696599,-117.9544
Massage Envy - Fremont - 38-0334,39016 Paseo Padre Parkway,,Fremont,CA,94538,"39016 Paseo Padre Parkway, Fremont, CA 94538",MECLASS,NONE,D,Massage Envy Franchising,11041861,,,37.554621,-121.980769
Pink Theory Salon & Spa,40811 Fremont Blvd,,Fremont,CA,94538,"40811 Fremont Blvd, Fremont, CA 94538",WHOLESALE,SILVER,C,,,,,37.533742,-121.962765
Massage Envy - Fresno / Piazza Del Fiore,"1170 E. Champlain Dr., Ste. 103",,Fresno,CA,93720,"1170 E. Champlain Dr., Ste. 103, Fresno, CA 93720",MECLASS,NONE,C,Massage Envy Franchising,11041861,,,36.871774,-119.7626
Skin Dream Lab,812 E Chapman Ave,,Fullerton,CA,92831,"812 E Chapman Ave, Fullerton, CA 92831",WHOLESALE,SILVER,N,,,(657) 615-4022,https://www.skindreamlab.com/,33.873793,-117.911252
Massage Envy - Glendale - 12-0048,333 North Brand Blvd.,,Glendale,CA,91203,"333 North Brand Blvd., Glendale, Ca 91203",MECLASS,NONE,D,Massage Envy Franchising,11041861,,,34.151152,-118.255461
Rejuvie Med Spa,425 E Colorado St,Ste 470,Glendale,CA,91205,"425 E Colorado St, Glendale, CA 91205",MEDICALSPA,NONE,N,,,,https://rejuviemedspa.com/,34.14285,-118.250292
Massage Envy - Glendora - 51-0974,"1343 E. Gladstone St., Bldg. E, Ste. 101",,Glendora,CA,91740,"1343 E. Gladstone St., Bldg. E, Ste. 101, Glendora, CA 91740",MECLASS,NONE,C,Massage Envy Franchising,11041861,,,34.117132,-117.835053
Massage Envy - Granada Hills - 14-1052,11852 1/2 Balboa Blvd.,,Granada Hills,CA,91344,"11852 1/2 Balboa Blvd., Granada Hills, CA 91344",MECLASS,NONE,E,Massage Envy Franchising,11041861,,,34.285292,-118.500979
Aesthetics By Dr. Lee,4190 Douglas blvd.,Ste 100,Granite Bay,CA,95746,"4190 Douglas blvd., Granite Bay, CA 95746",DOCTOR,NONE,N,,,,,38.740655,-121.223007
Reflections Skin Oasis,138 Colfax Ave,Ste 2,Grass Valley,CA,95945,"138 COLFAX AVE, Grass Valley, CA 95945",WHOLESALE,NONE,E,,,,,39.216386,-121.059944
Power MD,206 Bon Air Ctr,,Greenbrae,CA,94904,"206 Bon Air Ctr, Greenbrae, CA 94904",DOCTOR,NONE,E,,,,,37.945858,-122.525315
Skin Care By Diana,58 W North St,Ste 103A,Healdsburg,CA,95448,"58 W North St, Healdsburg, CA 95448",WHOLESALE,NONE,E,,,,,38.611195,-122.873408
Complexions Etc.,627 Florida Ave,Ste C,Hemet,CA,92543,"627 FLORIDA AVE, Hemet, CA 92543",WHOLESALE,NONE,U,,,,,33.747326,-116.965548
Massage Envy - Hermosa Beach - 12-0488,1601 Pacific Coast Hwy,Suite 285,Hermosa Beach,CA,90254,"1601 Pacific Coast Hwy, Hermosa Beach, CA 90254",MECLASS,NONE,E,Massage Envy Franchising,11041861,,,33.867009,-118.394314
Skin by Dali,1559 Pacific Coast Hwy,"Unit 201, Suite 205",Hermosa Beach,CA,90254,"1559 Pacific Coast Hwy, Hermosa Beach, CA 90254",WHOLESALE,NONE,N,,,,https://skinbydali.glossgenius.com/,33.879391,-118.395645
Highland Glo MedSpa,4240 Highland Ave,,Highland,CA,92346,"4240 Highland Ave, Highland, CA 92346",DOCTOR,NONE,N,,,,https://www.goldenglomedspa.com/,34.136133,-117.194357
Paradise Skin Spa Inc.,750 San Benito St.,,Hollister,CA,95023,"750 San Benito St., Hollister, CA 95023",WHOLESALE,NONE,E,,,,,36.848575,-121.402423
Salon Deja Vu Spa,341 Tres Pinos Rd,Ste 204,Hollister,CA,95023,"341 TRES PINOS RD, Hollister, CA 95023",WHOLESALE,NONE,U,,,,,36.839052,-121.396279
Skinn Haus,455 San Benito St.,Ste 31,Hollister,CA,95023,"455 San Benito St., Hollister, CA 95023",WHOLESALE,NONE,N,,,(831) 245-7422,https://skinnhaus.glossgenius.com,36.852208,-121.40186
Beauty by Tifini,16111 Bolsa Chica St,Ste A1,Huntington Beach,CA,92649,"16111 Bolsa Chica St, Huntington Beach, CA 92649",WHOLESALE,GOLD,N,,,,,33.72818,-118.041998
Coastal Skincare,21058 Pacific Coast Hwy,Ste 507,Huntington Beach,CA,92648,"21058 Pacific Coast Hwy, Huntington Beach, CA 92648",WHOLESALE,NONE,N,,,(714) 362-1061,https://mysite.vagaro.com/coastalskincare,33.654294,-117.996791
Designer Skin Aesthetics,21058 Pacific Coast Hwy,Ste 815,Huntington Beach,CA,92648,"21058 Pacific Coast Hwy, Huntington Beach, CA 92648",WHOLESALE,NONE,N,,,,,33.654121,-117.997142
Dos Skin,18819 Delaware St,,Huntington Beach,CA,92648,"18819 Delaware St, Huntington Beach, CA 92648",MEDICALSPA,NONE,D,,,,,33.689373,-117.993744
Excell MedSpa,501 Main St,Suite A,Huntington Beach,CA,92648,"501 Main St, Huntington Beach, CA 92648",MEDICALSPA,NONE,N,,,,https://www.excellmedspa.com/,33.66085,-117.998976
House Of Aesthetics,16511 Goldenwest St,Ste 111,Huntington Beach,CA,92647,"16511 Goldenwest St, Huntington Beach, CA 92647",MEDICALSPA,NONE,N,,,,houseofaestheticsmedspa.com,33.722099,-118.007378
Massage Envy - Huntington Beach - 13-015,7644 Edinger Ave,,Huntington Beach,CA,92647,"7644 Edinger Ave, Huntington Beach, Ca 92647",MECLASS,NONE,C,Massage Envy Franchising,11041861,,,33.728944,-117.995216
Massage Envy - Huntington Beach West - 1,"19431 Main St., Ste. 101",,Huntington Beach,CA,92648,"19431 Main St., Ste. 101, Huntington Beach, CA 92648",MECLASS,NONE,D,Massage Envy Franchising,11041861,,,33.680229,-118.002042
Valley Medical Spa,80495 Highway 111,Suite C,Indio,CA,92201,"80495 Highway 111, Indio, CA 92201",DOCTOR,NONE,U,,,(760) 541-4678,https://www.valleymedicalspa.com/,33.706782,-116.260661
Irvine Family Care,2 Osborn St,Ste 180,Irvine,CA,92604,"2 Osborn St, Irvine, CA 92604",DOCTOR,NONE,N,,,,,33.675055,-117.788574
Massage Envy - Irvine Northpark Plaza -,6262 Irvine Boulevard,,Irvine,CA,92602,"6262 Irvine Boulevard, Irvine, CA 92602",MECLASS,NONE,E,Massage Envy Franchising,11041861,,,33.697463,-117.743228
"Noushin Parastouk, Md",4000 Barranca Pkwy,#250,Irvine,CA,92604,"4000 BARRANCA PKWY, Irvine, CA 92604",DOCTOR,NONE,N,,,,,33.682358,-117.808905
Skinfinity Spa,18021 Sky Park Cir E,Suite N,Irvine,CA,92614,"18021 Sky Park Cir E, Irvine, CA 92614",WHOLESALE,NONE,U,,,,,33.688722,-117.855364
Kintsu Med Spa,303 Arlington Ave,,Kensington,CA,94707,"303 Arlington Ave, Kensington, CA 94707",DOCTOR,NONE,U,,,,,37.903333,-122.277626
Liza K. Pielsticker,943 Sir Francis Blvd,Ste B,Kentfield,CA,94904,"943 Sir Francis Blvd, Kentfield, CA 94904",WHOLESALE,NONE,C,,,,,37.955347,-122.547637
"Martin A. O'toole,md F.a.c.s.",P.o. Box 158,,La Canada Flintridge,CA,91012,"P.O. BOX 158, La Canada Flintridge, CA 91012",DOCTOR,NONE,U,,,,,34.215026,-118.204464
Massage Envy - La Canada Flintridge - 12,659 Foothill Blvd,,La Canada Flintridge,CA,91011,"659 Foothill Blvd, La Canada Flintridge, CA 91011",MECLASS,NONE,A,Massage Envy Franchising,11041861,,,34.202605,-118.193036
Kallos Skin Wellness,1326 S Beach Blvd,Ste 22,La Habra,CA,90631,"1326 S Beach Blvd, La Habra, CA 90631",DOCTOR,NONE,N,,,(562) 896-4151,,33.915714,-117.966147
Massage Envy - La Habra,1216 S Idaho St,Ste D,La Habra,CA,90631,"1216 S Idaho St, La Habra, Ca 90631",MECLASS,NONE,C,Massage Envy Franchising,11041861,,,33.915838,-117.958287
Aesthetics by Hadil,909 Prospect Street,unit 230,La Jolla,CA,92037,"909 Prospect Street, La Jolla, CA 92037",WHOLESALE,NONE,N,,,,https://aestheticsbyhadil.com/,32.846236,-117.275306
Reformation Skin & Wellness,909 Prospect St,#100e,La Jolla,CA,92037,"909 Prospect St, La Jolla, CA 92037",WHOLESALE,NONE,N,,,,reformationskinandwellness.com,32.846073,-117.275355
SkinSpirit - La Jolla,8867 Villa La Jolla Dr.,Ste 610,La Jolla,CA,92037,"8867 Villa La Jolla Dr., La Jolla, CA 92037",DOCTOR,NONE,U,SkinSpirit National Account,11038393,,,32.868989,-117.232689
Bare Beauty Skin Medical Center,3835 Avocado Blvd,Ste 210,La Mesa,CA,91941,"3835 Avocado Blvd, La Mesa, CA 91941",MEDICALSPA,NONE,N,,,(619) 303-0134,https://bareskinbeautysandiego.com/facials/,32.748751,-116.961209
Massage Envy - Rancho San Diego,3727 Avocado Blvd,,La Mesa,CA,91941,"3727 Avocado Blvd, La Mesa, Ca 91941",MECLASS,NONE,E,Massage Envy Franchising,11041861,,,32.747409,-116.959095
Chul Hee Kang,14770 Beach Blvd.,,La Mirada,CA,90638,"14770 Beach Blvd., La Mirada, CA 90638",WHOLESALE,NONE,D,,,,,33.896827,-117.985932
Iconic Skin Clinic,15651 Imperial Hwy,#102,La Mirada,CA,90638,"15651 Imperial Hwy, La Mirada, CA 90638",DOCTOR,GOLD,N,,,(714) 225-5137,,33.917531,-117.997062
Massage Envy - La Quinta - 20-1458,"79485 Highway 111, STE 9",,La Quinta,CA,92253,"79485 Highway 111, STE 9, La Quinta, CA 92253",MECLASS,NONE,D,Massage Envy Franchising,11041861,,,33.706428,-116.278399
Skin By Adrian,2125 Bonita Ave,#10,La Verne,CA,91750,"2125 Bonita Ave, La Verne, CA 91750",WHOLESALE,NONE,E,,,,,34.101605,-117.769177
Authentic Aesthetics,1901 Corporate Dr,Ste 24,Ladera Ranch,CA,92694,"1901 Corporate Dr, Ladera Ranch, CA 92694",MEDICALSPA,NONE,N,,,,https://carlymcburney.com/,33.554617,-117.629664
Journey Skin Studio,1901 Corporate Dr,Ste 20,Ladera Ranch,CA,92694,"1901 Corporate Dr, Ladera Ranch, CA 92694",WHOLESALE,NONE,N,,,,,33.554614,-117.629668
Crescent Health/dr Skin Spa,23232 Peralta Dr.,Ste 104,Laguna Hills,CA,92653,"23232 Peralta Dr., Laguna Hills, CA 92653",DOCTOR,NONE,U,,,,,33.625093,-117.724519
Massage Envy - Laguna Niguel Plaza - 13-,"30065 Alicia Parkway, #B",,Laguna Niguel,CA,92677,"30065 Alicia Parkway, #B, Laguna Niguel, CA 92677",MECLASS,NONE,B,Massage Envy Franchising,11041861,,,33.526637,-117.717017
Restore Hyper Wellness - Laguna Niguel (CA001),32411 Golden Lantern,Ste A,Laguna Niguel,CA,92677,"32411 Golden Lantern, Laguna Niguel, CA 92677",DOCTOR,NONE,None,Restore Hyper Wellness - Parent Account,11061787,(949) 312-2626,,33.491788,-117.697828
Massage Envy - Lake Forest - 13-0824,"23635 El Toro Rd, STE A",,Lake Forest,CA,92630,"23635 El Toro Rd, STE A, Lake Forest, CA 92630",MECLASS,NONE,B,Massage Envy Franchising,11041861,,,33.620614,-117.704622
Massage Envy - Lakewood Center - 51-1102,4949 Graywood Ave.,,Lakewood,CA,90712,"4949 Graywood Ave., Lakewood, CA 90712",MECLASS,NONE,U,Massage Envy Franchising,11041861,,,33.848377,-118.138372
Massage Envy - Lancaster 14-1336,1050 West Avenue K,,Lancaster,CA,93534,"1050 West Avenue K, Lancaster, CA 93534",MECLASS,NONE,D,Massage Envy Franchising,11041861,,,34.673435,-118.15028
Glow Skin Marin,1127 Magnolia Ave,,Larkspur,CA,94939,"1127 Magnolia Ave, Larkspur, CA 94939",MEDICALSPA,NONE,N,,,(415) 519-0878,https://glowskinmarin.com,37.947297,-122.547637
Massage Envy - Lemon Grove - 28-1165,7034 Broadway,,Lemon Grove,CA,91945,"7034 Broadway, Lemon Grove, Ca 91945",MECLASS,NONE,E,Massage Envy Franchising,11041861,,,32.743303,-117.046365
Katelyn + Aimee Beauty Studio,Attn: Aimee Pennington,310 S Crescent Ave Ste B,Lodi,CA,95240,"Attn: Aimee Pennington, Lodi, CA 95240",WHOLESALE,SILVER,C,,,,,38.129212,-121.282562
Skin Care By Michelle Rae,Attn: Michelle Castellon,404 W Pine St #14,Lodi,CA,95240,"ATTN: MICHELLE CASTELLON, Lodi, CA 95240",MEDICALSPA,NONE,E,,,,,38.134106,-121.27806
Massage Envy - Bixby Knolls,4458 Atlantic Avenue,,Long Beach,CA,90807,"4458 Atlantic Avenue, Long Beach, CA 90807",MECLASS,NONE,E,Massage Envy Franchising,11041861,,,33.838634,-118.184285
Massage Envy - Long Beach Town Center -,7609 Carson Blvd,,Long Beach,CA,90808,"7609 Carson Blvd, Long Beach, CA 90808",MECLASS,NONE,U,Massage Envy Franchising,11041861,,,33.110248,-117.18472
Sanctuary Skin Care & Spa,6487 E Pacific Coast Hwy,,Long Beach,CA,90803,"6487 E Pacific Coast Hwy, Long Beach, CA 90803",WHOLESALE,NONE,E,,,,,33.756315,-118.10935
Simply Me Skin Care,853 Atlantic Ave,Unit 102,Long Beach,CA,90813,"853 Atlantic Ave , Long Beach, CA 90813",MEDICALSPA,NONE,U,,,,,33.777607,-118.185265
SkinSpirit Essential LLC - Long Beach,6460 E Pacific Coast Hwy,Ste D-230,Long Beach,CA,90803,"6460 E Pacific Coast Hwy, Long Beach, CA 90803",DOCTOR,NONE,D,SkinSpirit National Account,11038393,,,33.755929,-118.109179
Skin Bar by Mila,5500 2nd St,Ste 3,Long beach,CA,90803,"5500 2nd St, Long beach, CA 90803",WHOLESALE,GOLD,A,,,,https://skinbarbymila.com/,33.75738,-118.12692
"Kismet Roberts, MD",3877 Shawn Way,Suite 168,Loomis,CA,95650,"3877 Shawn Way, Loomis, CA 95650",DOCTOR,SILVER,D,,,,,38.815473,-121.198872
The Skin Suite,3853 Taylor Rd,Ste 675,Loomis,CA,95650,"3853 Taylor Rd, Loomis, CA 95650",WHOLESALE,NONE,N,,,(916) 223-3704,,38.82164,-121.1935
Carol Skincare,10900 Los Alamitos Blvd Bldg #160,Suite 107,Los Alamitos,CA,90720,"10900 Los Alamitos Blvd Bldg #160, Los Alamitos, CA 90720",WHOLESALE,NONE,E,,,,,33.804149,-118.071135
LCRR Medical Corporation,4012 Katella Ave,Ste 201,Los Alamitos,CA,90720,"4012 Katella Ave, Los Alamitos, CA 90720",MEDICALSPA,NONE,E,,,(562) 296-8923,https://www.beyoutymedspa.com/,33.802725,-118.062815
Palo Alto Medical Foundation,715 Altos Oaks Drive,,Los Altos,CA,94024,"715 Altos Oaks Drive, Los Altos, CA 94024",DOCTOR,NONE,U,,,,,38.752124,-121.288006
Facial Bungalow,2905 Palmer Dr.,,Los Angeles,CA,90065,"2905 Palmer Dr., Los Angeles, CA 90065",WHOLESALE,NONE,U,,,,,34.148876,-118.378752
Massage Envy - Downtown LA,315 W. 9th Street,,Los Angeles,CA,90015,"315 W. 9th Street, Los Angeles, CA 90015",MECLASS,NONE,U,Massage Envy Franchising,11041861,,,34.043402,-118.257487
RSN Skin Co,6200 Variel Ave,Ste 1A,Los Angeles,CA,91367,"6200 Variel Ave, Los Angeles, CA 91367",WHOLESALE,NONE,N,,,,https://rsnskinco.com/pages/about,34.183397,-118.59262
Skinsation LA,6310 San Vicente Blvd,Ste 325,Los Angeles,CA,90048,"6310 San Vicente Blvd, Los Angeles, CA 90048",MEDICALSPA,NONE,E,,,,https://skinsationla.com/medical-spa-los-angeles/,34.060419,-118.367795
Sugar Face Skincare,13910 Ventura Blvd,,Los Angeles,CA,91423,"13910 Ventura Blvd, Los Angeles, CA 91423",WHOLESALE,NONE,N,,,,,34.148515,-118.435497
A.Glow LLC,Tatsiana Katser,236 N Santa Cruz Ave Ste 221,Los Gatos,CA,95030,"Tatsiana Katser, Los Gatos, CA 95030",WHOLESALE,SILVER,D,,,,,37.226747,-121.981528
"Anjali Chanana MD, FAARM",15251 National Ave,108,Los Gatos,CA,95032,"15251 National Ave, Los Gatos, CA 95032",DOCTOR,NONE,N,,,,,37.246309,-121.950644
"Kirk Churukian, Md",14830 Los Gatos Blvd.,Ste 300,Los Gatos,CA,95032,"14830 Los Gatos Blvd., Los Gatos, CA 95032",DOCTOR,NONE,E,,,,,37.252824,-121.952244
L&P Aesthetics Los Gatos,326 Village Ln,Ste A,Los Gatos,CA,95030,"326 Village Ln, Los Gatos, CA 95030",DOCTOR,NONE,E,,,,,37.227529,-121.980736
Pollard Wellness Inc.,700 W Parr Ave,Ste I,Los Gatos,CA,95032,"700 W Parr Ave, Los Gatos, CA 95032",DOCTOR,NONE,E,,,,,37.26373,-121.968507
Restore Hyper Wellness - Los Gatos (CA002),15557 Union Ave.,Ste B8,Los Gatos,CA,95032,"15557 Union Ave., Los Gatos, CA 95032",DOCTOR,NONE,N,Restore Hyper Wellness - Parent Account,11061787,(408) 333-9800,,37.242328,-121.932205
SkinSpirit Essential LLC - Los Gatos,15954 Los Gatos Blvd,,Los Gatos,CA,95032,"15954 Los Gatos Blvd, Los Gatos, CA 95032",DOCTOR,SILVER,B,SkinSpirit National Account,11038393,,,37.236599,-121.961382
The Sanctuary Spa Courtside,14675 Winchester Blvd.,,Los Gatos,CA,95030,"14675 WINCHESTER BLVD., Los Gatos, CA 95030",WHOLESALE,NONE,U,,,,,37.256016,-121.966391
The Spa Los Gatos,100 S Santa Cruz Ave.,,Los Gatos,CA,95030,"100 S Santa Cruz Ave., Los Gatos, Ca 95030",WHOLESALE,GOLD,A,,,,,37.22169,-121.984699
The Village Spa,Attn: Joanne Mchugh,346 Village Ln,Los Gatos,CA,95030,"ATTN: JOANNE MCHUGH, Los Gatos, CA 95030",WHOLESALE,NONE,E,,,,,37.227994,-121.980861
All Seasons Skincare,1300 Highland Ave,#107,Manhattan Beach,CA,90266,"1300 Highland Ave, Manhattan Beach, CA 90266",MEDICALSPA,NONE,E,,,,,33.886592,-118.410403
Massage Envy - Manhattan Beach - 12-0392,1590 Rosecrans Avenue,,Manhattan Beach,CA,90266,"1590 Rosecrans Avenue, Manhattan Beach, Ca 90266",MECLASS,NONE,D,Massage Envy Franchising,11041861,,,33.901528,-118.384588
SkinSpirit Manhattan Beach,3113 N Sepulveda Blvd.,Unit C,Manhattan Beach,CA,90266,"3113 N Sepulveda Blvd. , Manhattan Beach, CA 90266",MEDICALSPA,NONE,E,SkinSpirit National Account,11038393,,,33.898212,-118.396365
Eva's Touch,999 W Center St,Ste 7,Manteca,CA,95337,"999 W CENTER ST, Manteca, CA 95337",WHOLESALE,SILVER,C,,,,,37.799505,-121.230669
Studio Q,207 W Center St,,Manteca,CA,95336,"207 W CENTER ST, Manteca, CA 95336",WHOLESALE,NONE,E,,,,,37.799357,-121.218108
Haute Beauty Guide,2749 Ocean Bluff Ave,,Marina,CA,93933,"2749 Ocean Bluff Ave, Marina, CA 93933",WHOLESALE,NONE,E,,,,,36.6797,-121.7899
Restore Hyper Wellness - Marina Del Ray (CA016),4635 Admiralty Way,Ste 103,Marina Del Ray,CA,90292,"4635 Admiralty Way, Marina Del Ray, CA 90292",DOCTOR,NONE,D,Restore Hyper Wellness - Parent Account,11061787,,,33.980719,-118.441585
EnerQi Wellness Center,4050 Glencoe Ave,408,Marina Del Rey,CA,90292,"4050 Glencoe Ave, Marina Del Rey, CA 90292",DOCTOR,NONE,U,,,(310) 482-7188,https://www.enerqicenter.com/,33.991272,-118.443094
Massage Envy - Menifee - 20-0920,"30134 Haun Road, Suite 430",,Menifee,CA,92584,"30134 Haun Road, Suite 430, Menifee, CA 92584",MECLASS,NONE,C,Massage Envy Franchising,11041861,,,33.682962,-117.174889
Skin Solutions,Attn: Kim Imfeld,1030 Curtis St Ste 202,Menlo Park,CA,94025,"ATTN: KIM IMFELD, Menlo Park, CA 94025",WHOLESALE,SILVER,A,,,,,37.451799,-122.182991
Elevate Aesthetics & Wellness,619 E Blithdale Ave,Suite A,Mill Valley,CA,94941,"619 E Blithdale Ave, Mill Valley, CA 94941",WHOLESALE,NONE,N,,,(707) 254-5809,,37.90057,-122.528966
SkinSpirit LLC - Strawberry Village,800 Redwood Hwy,Ste 610,Mill Valley,CA,94941,"800 Redwood Hwy, Mill Valley, CA 94941",DOCTOR,GOLD,B,SkinSpirit National Account,11038393,,,37.886554,-122.516631
Lumiere Skincare & Spa,293 Broadway,,Millbrae,CA,94030,"293 Broadway, Millbrae, CA 94030",WHOLESALE,SILVER,N,,,(650) 888-7236,,37.600626,-122.391656
Massage Envy - Milpitas,581 E. Calaveras Blvd,,Milpitas,CA,95035,"581 E. Calaveras Blvd, Milpitas, CA 95035",MECLASS,NONE,D,Massage Envy Franchising,11041861,,,37.435513,-121.897572
Jerri Hirst,26381 Crown Valley Pkwy,#100,Mission Viejo,CA,92691,"26381 CROWN VALLEY PKWY, Mission Viejo, CA 92691",MEDICALSPA,NONE,U,,,,,33.564231,-117.65841
Massage Envy - Mission Viejo South - 13-,"27620 Marguerite Parkway, STE A&B",,Mission Viejo,CA,92692,"27620 Marguerite Parkway, STE A&B, Mission Viejo, CA 92692",MECLASS,NONE,C,Massage Envy Franchising,11041861,,,33.562494,-117.657265
Restore Hyper Wellness - Mission Viejo (CA174),27785 Santa Margarita Pkwy,Ste 300,Mission Viejo,CA,92691,"27785 Santa Margarita Pkwy, Mission Viejo, CA 92691",DOCTOR,NONE,None,Restore Hyper Wellness - Parent Account,11061787,(949) 994-8973,,33.653265,-117.646264
Massage Envy - Monrovia - 51-1185,123 W. Foothill Blvd.,,Monrovia,CA,91016,"123 W. Foothill Blvd., Monrovia, Ca 91016",MECLASS,NONE,A,Massage Envy Franchising,11041861,,,34.151554,-118.001972
Euphoria Lounge,Victoria Lucido,499 Pacific St,Monterey,CA,93940,"Victoria Lucido, Monterey, CA 93940",WHOLESALE,NONE,E,,,,,36.598408,-121.896171
Massage Envy - Monterey SF So.,595 Munras Ave,Ste 101,Monterey,CA,93940,"595 Munras Ave, Monterey, CA 93940",MECLASS,NONE,U,Massage Envy Franchising,11041861,,,36.596633,-121.893659
Massage Envy - Lamorinda,558 Center St,,Moraga,CA,94556,"558 Center St, Moraga, CA 94556",MECLASS,NONE,B,Massage Envy Franchising,11041861,,,37.857466,-122.126072
Massage Envy - Moreno Valley - 20-1286,"27120 Eucalyptus Ave, Suite A",,Moreno Valley,CA,92555,"27120 Eucalyptus Ave, Suite A, Moreno Valley, CA 92555",MECLASS,NONE,C,Massage Envy Franchising,11041861,,,33.935848,-117.187904
Beauty Room,16275 Monterey Rd,Ste F,Morgan Hill,CA,95037,"16275 Monterey Rd, Morgan Hill, CA 95037",WHOLESALE,SILVER,C,,,,Beautyroommh.com,37.144076,-121.664401
Massage Envy - Morgan Hill - 37-0624,1049 Cochrane Rd,Ste 150,Morgan Hill,CA,95037,"1049 Cochrane Rd, Morgan Hill, Ca 95037",MECLASS,NONE,B,Massage Envy Franchising,11041861,,,37.156459,-121.651906
Ophelia Aesthetics,17705 Hale Ave.,Ste I5,Morgan Hill,CA,95037,"17705 Hale Ave., Morgan Hill, CA 95037",WHOLESALE,NONE,D,,,,,37.130937,-121.661151
"Barbara Phelps-Sandall, MD",2495 Hospital Drive,Suite 515,Mountain View,CA,94040,"2495 Hospital Drive, Mountain View, CA 94040",DOCTOR,NONE,N,,,(650) 988-7830,,37.369066,-122.081042
Golden State Dermatology,2490 Hospital Dr,Ste 201,Mountain View,CA,94040,"2490 Hospital Dr, Mountain View, CA 94040",DOCTOR,NONE,U,Golden State Dermatology,11057213,,,37.369797,-122.082375
Massage Envy - Mountain View,1040 Grant Road,Suite 110,Mountain View,CA,94040,"1040 Grant Road, Mountain View, CA 94040",MECLASS,NONE,D,Massage Envy Franchising,11041861,,,37.379284,-122.075125
Massage Envy - Murrieta - 20-0058,39400 Murrieta Hot Springs Rd.,Suite 114B,Murrieta,CA,92563,"39400 Murrieta Hot Springs Rd., Murrieta, CA 92563",MECLASS,NONE,D,Massage Envy Franchising,11041861,,,33.555445,-117.155521
Kristin Noelle Skincare,2407 California Blvd,5,Napa,CA,94558,"2407 California Blvd, Napa, CA 94558",WHOLESALE,NONE,D,,,,,38.309132,-122.295205
Massage Envy - Napa - 18-0295,308 Soscol Ave,Ste E,Napa,CA,94559,"308 Soscol Ave, Napa, CA 94559",MECLASS,NONE,D,Massage Envy Franchising,11041861,,,38.286218,-122.273364
Napa Valley Plastic Surgery,1175 Trancas St,,Napa,CA,94558,"1175 TRANCAS ST, Napa, CA 94558",DOCTOR,NONE,U,,,,,38.32259,-122.299503
Poppywell Aesthetics & Wellness,3270 Beard St,,Napa,CA,94558,"3270 Beard St, Napa, CA 94558",WHOLESALE,NONE,N,,,(707) 968-7691,,38.322754,-122.295528
Deziree Romo,215 Riverside Ave,#105,Newport Beach,CA,92663,"215 Riverside Ave, Newport Beach, CA 92663",WHOLESALE,NONE,N,,,,,33.621928,-117.923676
Feels & Peels,1151 Dove St,Ste 115,Newport Beach,CA,92660,"1151 Dove St, Newport Beach, CA 92660",WHOLESALE,SILVER,N,,,,,33.660565,-117.865584
King Concierge Medicine,4425 Jamboree Rd,Ste 120,Newport Beach,CA,92660,"4425 Jamboree Rd, Newport Beach, CA 92660",DOCTOR,NONE,N,,,,,33.662894,-117.857929
Massage Envy - Newport Beach Westcliff -,1052 Irvine Ave,,Newport Beach,CA,92660,"1052 Irvine Ave, Newport Beach, Ca 92660",MECLASS,NONE,E,Massage Envy Franchising,11041861,,,33.628435,-117.906118
Skin Junkies Studio,2727 Newport Blvd.,Unit 102,Newport Beach,CA,92663,"2727 Newport Blvd., Newport Beach, CA 92663",MEDICALSPA,NONE,D,,,,https://skinjunkiesstudio.com/,33.612349,-117.929931
SkinSpirit Essential LLC - Newport Beach,2135 Westcliff Dr #102,,Newport Beach,CA,92660,"2135 Westcliff Dr #102, Newport Beach, CA 92660",DOCTOR,NONE,D,SkinSpirit National Account,11038393,,,33.627726,-117.908993
Soroor Beauty,3333 W Coast Hwy,,Newport Beach,CA,92663,"3333 W Coast Hwy, Newport Beach, CA 92663",WHOLESALE,NONE,U,,,,,33.621103,-117.927361
Massage Envy - North Hollywood,5077 Lankershim Blvd,,North Hollywood,CA,91601,"5077 Lankershim Blvd, North Hollywood, CA 91601",MECLASS,NONE,D,Massage Envy Franchising,11041861,,,34.162736,-118.373793
The Esty Clinic,11650 Riverside Dr,#ph 2b,North Hollywood,CA,91602,"11650 Riverside Dr, North Hollywood, CA 91602",WHOLESALE,NONE,N,,,,,34.157334,-118.387344
Massage Envy - Northridge - 14-0795,18665 Devonshire Street,,Northridge,CA,91324,"18665 Devonshire Street, Northridge, Ca 91324",MECLASS,NONE,U,Massage Envy Franchising,11041861,,,34.258569,-118.539285
Allora Skincare,1425 Leimert Blvd Suite,#302a,Oakland,CA,94602,"1425 Leimert Blvd Suite, Oakland, CA 94602",WHOLESALE,NONE,D,,,(833) 900-9459,https://www.alloraskincaresf.com/,37.811585,-122.212827
SkinSpirit LLC - Montclair,Bre Murphy-Manalo,2017 Mountain Blvd,Oakland,CA,94611,"Bre Murphy-Manalo, Oakland, CA 94611",DOCTOR,SILVER,A,SkinSpirit National Account,11038393,,,37.826958,-122.21001
Cassidy Porter Faces,606 Cassidy St,Unit C,Oceanside,CA,92054,"606 Cassidy St, Oceanside, CA 92054",WHOLESALE,NONE,D,,,,,33.175995,-117.361352
Massage Envy - Carlsbad / Oceanside - 28,"2455 Vista Way, Suite C",,Oceanside,CA,92054,"2455 Vista Way, Suite C, Oceanside, CA 92054",MECLASS,NONE,D,Massage Envy Franchising,11041861,,,33.886252,-117.865369
Massage Envy - Ontario - 20-0897,4150 E. 4th St,Ste A,Ontario,CA,91764,"4150 E. 4th St, Ontario, CA 91764",MECLASS,NONE,B,Massage Envy Franchising,11041861,,,34.076797,-117.562985
Heidi Baker,1500 E Katella Ave,Ste M,Orange,CA,92867,"1500 E Katella Ave, Orange, CA 92867",WHOLESALE,NONE,E,,,,,33.811746,-117.821656
Massage Envy - Orange Hills - 13-0513,7536 E Chapman Ave,,Orange,CA,92869,"7536 E Chapman Ave, Orange, Ca 92869",MECLASS,NONE,D,Massage Envy Franchising,11041861,,,33.794876,-117.773093
Massage Envy - Orange Town And Country -,"745 S. Main Street, STE 130",,Orange,CA,92868,"745 S. Main Street, STE 130, Orange, CA 92868",MECLASS,NONE,D,Massage Envy Franchising,11041861,,,33.776316,-117.866765
Massage Envy - Oxnard - 14-0270,655 Town Center Dr. Bldg 2200,,Oxnard,CA,93036,"655 Town Center Dr. Bldg 2200, Oxnard, Ca 93036",MECLASS,NONE,E,Massage Envy Franchising,11041861,,,34.240415,-119.178686
Asilomar Beauty Bar,222 Forest Ave.,,Pacific Grove,CA,93950,"222 Forest Ave., Pacific Grove, CA 93950",WHOLESALE,NONE,U,,,,,36.620614,-121.918288
Fabulous Faces,209 Grand Ave.,,Pacific Grove,CA,93950,"209 GRAND AVE., Pacific Grove, CA 93950",WHOLESALE,NONE,D,,,,,36.620477,-121.917302
Massage Envy - Palm Desert - 20-1457,72363 Highway 111,Suite A2,Palm Desert,CA,92260,"72363 Highway 111, PALM DESERT, CA 92260",MECLASS,NONE,D,Massage Envy Franchising,11041861,,,33.726727,-116.402467
ReGenovateMD,1401 N Palm Canyon Dr,Ste 202,Palm Springs,CA,92262,"1401 N Palm Canyon Dr, Palm Springs, CA 92262",DOCTOR,NONE,N,,,(760) 424-8592,regenovatemd.com,33.841221,-116.547089
Elisha Marie Skin & Body,933 Emerson St,#17,Palo Alto,CA,94301,"933 Emerson St, Palo Alto, CA 94301",WHOLESALE,NONE,U,,,,https://www.elishamarieskinandbody.com/,37.441293,-122.157076
Hessler Plastic Surgery,320 Lambert Ave,,Palo Alto,CA,94306,"320 Lambert Ave, Palo Alto, CA 94306",DOCTOR,GOLD,D,,,,,37.422708,-122.135603
L&P Aesthetics,105 Addison Ave,,Palo Alto,CA,94301,"105 Addison Ave, Palo Alto, CA 94301",DOCTOR,NONE,E,,,,,37.439881,-122.15772
Massage Envy - Palo Alto - 37-0234,4335 El Camino Real,,Palo Alto,CA,94306,"4335 El Camino Real, Palo Alto, CA 94306",MECLASS,NONE,U,Massage Envy Franchising,11041861,,,37.405025,-122.118137
Palo Alto Dermatology Institute,301 High St,,Palo Alto,CA,94301,"301 High St, Palo Alto, CA 94301",DOCTOR,NONE,N,,,(650) 547-7630,https://www.paloaltoderm.com/,37.445671,-122.165643
SkinSpirit LLC - Palo Alto,701 Emerson St.,,Palo Alto,CA,94301,"701 Emerson St., Palo Alto, CA 94301",DOCTOR,GOLD,A,SkinSpirit National Account,11038393,,,37.443195,-122.159844
The IOClinic,999 Alma St,,Palo Alto,CA,94301,"999 Alma St, Palo Alto, CA 94301",DOCTOR,NONE,C,,,,,37.439851,-122.15785
Bespoke Medical Aesthetics,Yvonne Mao MD,599 N Fair Oaks Ave Ste 101,Pasadena,CA,91103,"Yvonne Mao MD, Pasadena, CA 91103",DOCTOR,NONE,U,,,(626) 470-3701,,34.156082,-118.150829
Health Advantage Physical Medicine,1450 N Lake Ave,,Pasadena,CA,91104,"1450 N Lake Ave, Pasadena, CA 91104",DOCTOR,NONE,U,,,,,34.171062,-118.131746
Linda Belton/lb Skincare,Linda Belton,600 S Lake St Ste 204B,Pasadena,CA,91106,"Linda Belton, Pasadena, CA 91106",WHOLESALE,NONE,E,,,,,34.135669,-118.131378
Marina's Oasis,625 S Fair Oaks Ave,"S Lobby, Ste 255",Pasadena,CA,91105,"625 S FAIR OAKS AVE, Pasadena, CA 91105",MEDICALSPA,NONE,U,,,,,34.134987,-118.150714
Massage Envy - Pasadena / Hastings Ranch,3707 E Foothill Blvd,,Pasadena,CA,91107,"3707 E Foothill Blvd, Pasadena, Ca 91107",MECLASS,NONE,C,Massage Envy Franchising,11041861,,,34.151041,-118.073033
Massage Envy - Pasadena / South Lake - 5,345 S Lake Ave,Ste 205,Pasadena,CA,91101,"345 S Lake Ave, Pasadena, CA 91101",MECLASS,NONE,C,Massage Envy Franchising,11041861,,,34.139671,-118.133229
Skin by Alllly,30 N. Raymond Ave,Suite 806,Pasadena,CA,91311,"30 N. Raymond Ave, Pasadena, CA 91311",WHOLESALE,NONE,E,,,,,34.146458,-118.148732
SkinSpirit Pasadena,708 E Colorado Blvd,,Pasadena,CA,91101,"708 E Colorado Blvd, Pasadena , CA 91101",DOCTOR,NONE,E,SkinSpirit National Account,11038393,,,34.145744,-118.135752
Lavendermia Skincare Studio,945 Spring St,Ste 17,Paso Robles,CA,93446,"945 Spring St, Paso Robles, CA 93446",WHOLESALE,NONE,E,,,,,35.624312,-120.691656
Mi Amor Aesthetics Spa,2917 Union Rd.,Ste E,Paso Robles,CA,93446,"2917 Union Rd., Paso Robles, CA 93446",WHOLESALE,NONE,U,,,(805) 286-7679,,35.642596,-120.656099
Fox and the Hair,163 Kentucky St,,Petaluma,CA,94952,"163 Kentucky St, Petaluma, CA 94952",WHOLESALE,NONE,C,,,,,38.235256,-122.642126
Massage Envy - Petaluma - 18-0399,247 North Mcdowell Blvd,,Petaluma,CA,94954,"247 North Mcdowell Blvd, Petaluma, Ca 94954",MECLASS,NONE,E,Massage Envy Franchising,11041861,,,38.248985,-122.630086
Massage Envy - Placentia,122 East Yorba Linda Boulevard,,Placentia,CA,92870,"122 East Yorba Linda Boulevard, Placentia, Ca 92870",MECLASS,NONE,D,,,,,33.886252,-117.865369
Botanical Aesthetics,1226 Contra Costa Blvd,,Pleasant Hill,CA,94523,"1226 Contra Costa Blvd, Pleasant Hill, CA 94523",WHOLESALE,NONE,D,,,,,37.959888,-122.060818
Restore Hyper Wellness - Pleasant Hill - CA053,40 Crescent Dr,Ste B,Pleasant Hill,CA,94523,"40 Crescent Dr, Pleasant Hill, CA 94523",DOCTOR,NONE,E,Restore Hyper Wellness - Parent Account,11061787,(925) 276-9334,https://www.restore.com/,37.946345,-122.061423
beyond beauty esthetics,200 Gregory Lane Suite 101C,,Pleasant hill,CA,94523,"200 Gregory Lane Suite 101C, Pleasant hill, CA 94523",WHOLESALE,NONE,D,,,,,37.947702,-122.066012
Industry on Main,349 Main St,Ste 204,Pleasanton,CA,94566,"349 Main St, Pleasanton, CA 94566",WHOLESALE,NONE,D,,,,,37.659312,-121.876622
Massage Envy - Livermore,4211 Rosewood Dr,Ste 7,Pleasanton,CA,94588,"4211 Rosewood Dr, Pleasanton, CA 94588",MECLASS,NONE,D,Massage Envy Franchising,11041861,,,37.697024,-121.874835
Massage Envy - Rancho Cucamonga - 20-071,7305 Day Creek Blvd,Ste 101,Rancho Cucamonga,CA,91739,"7305 Day Creek Blvd, Rancho Cucamonga, Ca 91739",MECLASS,NONE,A,Massage Envy Franchising,11041861,,,34.120825,-117.536465
Premier Healthcare of California,405 S St,#f,Redding,CA,96001,"405 S St, Redding, CA 96001",MEDICALSPA,NONE,N,,,,,40.578653,-122.3742
Massage Envy - Redlands - 20-0613,"9990 Alabama St., Ste. C&D",,Redlands,CA,92374,"9990 Alabama St., Ste. C&D, Redlands, CA 92374",MECLASS,NONE,C,Massage Envy Franchising,11041861,,,34.072342,-117.209266
Glow Haus,1426 Aviation Blvd,Suite 103B,Redondo Beach,CA,90278,"1426 Aviation Blvd, Redondo Beach, CA 90278",MEDICALSPA,NONE,E,,,,https://glowhausla.gettimely.com/#home,33.867334,-118.383469
Restore Hyperwellness RHW1 LLC -Redondo Beach- CA113,403 N. Pacific Coast Hwy,Ste 104,Redondo Beach,CA,90277,"403 N. Pacific Coast Hwy, Redondo Beach, CA 90277",DOCTOR,NONE,U,Restore Hyper Wellness - Parent Account,11061787,(424) 222-7311,https://www.restore.com/,33.8471,-118.389155
Massage Envy - Redwood City - 37-0253,326 Walnut St,,Redwood City,CA,94063,"326 Walnut St, Redwood City, Ca 94063",MECLASS,NONE,E,Massage Envy Franchising,11041861,,,37.491211,-122.224772
Face First Beauty,5225 Canyon Crest Dr,Ste 303,Riverside,CA,92507,"5225 Canyon Crest Dr, Riverside, CA 92507",WHOLESALE,NONE,D,,,,,33.956563,-117.329788
Kiss and Glow Esthetics,3498 Sunnyside Dr,,Riverside,CA,92506,"3498 Sunnyside Dr, Riverside, CA 92506",MEDICALSPA,NONE,U,,,,,33.954347,-117.387697
Massage Envy - Riverside Central - 20-10,3639 Riverside Plaza Dr.,Unit 506,Riverside,CA,92506,"3639 Riverside Plaza Dr., Riverside, CA 92506",MECLASS,NONE,D,Massage Envy Franchising,11041861,,,33.955615,-117.390382
Massage Envy - Riverside Orangecrest - 2,"19029 Van Buren, Ste 118",,Riverside,CA,92508,"19029 Van Buren, Ste 118, Riverside, CA 92508",MECLASS,NONE,D,Massage Envy Franchising,11041861,,,33.886336,-117.330543
Alex Masouris,Modella Salon & Spa,4157 Rocklin Rd Ste K,Rocklin,CA,95677,"MODELLA SALON & SPA, Rocklin, CA 95677",WHOLESALE,NONE,E,,,,,38.789365,-121.229572
Bee Fancy Aesthetics,2340 Sunset Blvd #100 Stu 23,,Rocklin,CA,95765,"2340 Sunset Blvd #100 Stu 23, Rocklin, CA 95765",MEDICALSPA,NONE,U,,,(903) 918-3017,,38.795908,-121.26608
"Lebid, Olena",4240 Rocklin Rd,"Suite 1, RM 5",Rocklin,CA,95677,"4240 Rocklin Rd, Rocklin, CA 95677",WHOLESALE,NONE,N,,,(540) 209-5177,,38.787175,-121.22844
Massage Envy - Rolling Hills - 12-0125,887 Silver Spur Rd,,Rolling Hills Estate,CA,90274,"887 Silver Spur Rd, Rolling Hills Estate, Ca 90274",MECLASS,NONE,E,Massage Envy Franchising,11041861,,,33.769391,-118.367219
Kristi Jacklyn Esthetics,1917 Douglas Blvd,Ste 89 Room 124,Roseville,CA,95661,"1917 Douglas Blvd, Roseville, CA 95661",WHOLESALE,NONE,D,,,,,38.745936,-121.255975
Massage Envy - East Roseville,"1485 Eureka Road, Suite G120",,Roseville,CA,95661,"1485 Eureka Road, Suite G120, Roseville, CA 95661",MECLASS,NONE,A,Massage Envy Franchising,11041861,,,38.752979,-121.251439
Restore Hyper Wellness - Roseville - CA022,1013 Galleria Blvd,#190,Roseville,CA,95678,"1013 Galleria Blvd, Roseville, CA 95678",DOCTOR,NONE,E,Restore Hyper Wellness - Parent Account,11061787,(916) 573-7313,https://www.restore.com/,38.768197,-121.267503
SkinSpirit Roseville (Sacramento),1470 Eureka Rd,Ste 140,Roseville,CA,95661,"1470 Eureka Rd, Roseville, CA 95661",DOCTOR,NONE,D,SkinSpirit National Account,11038393,,,38.75215,-121.252487
Essentials Esthetics,1387 Garden Hwy Ste 100,,Sacramento,CA,95833,"1387 Garden Hwy Ste 100, Sacramento, CA 95833",WHOLESALE,NONE,U,,,(916) 690-3216,,38.604229,-121.516637
Jenneanes on J,1111 22nd St,,Sacramento,CA,95816,"1111 22nd St, Sacramento, CA 95816",WHOLESALE,NONE,C,,,,,38.574484,-121.477639
Massage Envy - Arden Plaza,4383 Arden Way,,Sacramento,CA,95864,"4383 Arden Way, Sacramento, CA 95864",MECLASS,NONE,D,Massage Envy Franchising,11041861,,,38.5961,-121.362323
Massage Envy - Natomas,"2051 Arena Blvd., Suite 100",,Sacramento,CA,95834,"2051 Arena Blvd., Suite 100, Sacramento, CA 95834",MECLASS,NONE,E,Massage Envy Franchising,11041861,,,38.647275,-121.50968
Massage Envy - Sacramento / Loehmanns -,2511-a Fair Oaks Blvd,,Sacramento,CA,95825,"2511-a Fair Oaks Blvd, Sacramento, Ca 95825",MECLASS,NONE,C,Massage Envy Franchising,11041861,,,38.575363,-121.403789
Massage Envy - Sacramento / Midtown - 10,"1901 S Street, Suite 101",,Sacramento,CA,95811,"1901 S Street, Suite 101, Sacramento, CA 95811",MECLASS,NONE,E,Massage Envy Franchising,11041861,,,38.567356,-121.485205
Massage Envy - Sacramento Pocket,990 Florin Rd,,Sacramento,CA,95831,"990 Florin Rd, Sacramento, CA 95831",MECLASS,NONE,E,Massage Envy Franchising,11041861,,,38.493465,-121.521906
Penny Pellum,1422 28th St,Ste D,Sacramento,CA,95816,"1422 28TH ST, Sacramento, CA 95816",MEDICALSPA,NONE,D,,,,,38.568766,-121.471726
Restore Hyper Wellness - Loehmann's Plaza/Sacramento - CA003,2541 Fair Oaks Blvd,,Sacramento,CA,95825,"2541 Fair Oaks Blvd, Sacramento, CA 95825",DOCTOR,NONE,B,Restore Hyper Wellness - Parent Account,11061787,(916) 777-3747,https://www.restore.com/,38.574701,-121.402498
Total Beauty Experience,2929 Arden Way,,Sacramento,CA,95825,"2929 ARDEN WAY, Sacramento, CA 95825",WHOLESALE,NONE,D,,,,,38.596376,-121.39627
Evergrace Wellness & Medical Spa,210 Capitol St.,Ste 8,Salinas,CA,93901,"210 Capitol St., Salinas, CA 93901",MEDICALSPA,NONE,N,,,(831) 322-3889,www.evergracemedspa.com,36.674364,-121.660661
Revive Beauty Bar,307 Main St.,Ste 130,Salinas,CA,93901,"307 Main St., Salinas, CA 93901",MEDICALSPA,NONE,N,,,(831) 272-2506,www.revivebeautybaraesthetics.com,36.673547,-121.654454
Serene Esthetics,78 W Alisal St,,Salinas,CA,93901,"78 W ALISAL ST, Salinas, CA 93901",WHOLESALE,NONE,D,,,,,36.673684,-121.656591
"Michelle Fiore, M.d.",1010 Laurel St,,San Carlos,CA,94070,"1010 LAUREL ST, San Carlos, CA 94070",DOCTOR,NONE,E,,,,,37.500935,-122.254654
Debbie Hudecek,3551 Camino Mira Costa,Ste F,San Clemente,CA,92672,"3551 Camino Mira Costa, San Clemente, CA 92672",WHOLESALE,NONE,U,,,,,33.459289,-117.65044
Gennifer Montoya,215 Avenue Del Mar,Ste F,San Clemente,CA,92672,"215 AVENUE DEL MAR, San Clemente, CA 92672",WHOLESALE,NONE,U,,,,,33.425242,-117.61567
Skin Is Within,209 Avenida Del Mar,Suite 203,San Clemente,CA,92672,"209 Avenida Del Mar, San Clemente, CA 92672",WHOLESALE,NONE,N,,,,https://www.skiniswithin.com/,33.425497,-117.615292
LeClaire Skincare,3737 Moraga Ave,Ste A-1,San Diego,CA,92117,"3737 Moraga Ave, San Diego, CA 92117",WHOLESALE,NONE,E,,,,,32.74855,-117.160896
Massage Envy - Clairemont,4911 Clairemont Drive,,San Diego,CA,92117,"4911 Clairemont Drive, San Diego, CA 92117",MECLASS,NONE,D,Massage Envy Franchising,11041861,,,32.832099,-117.2042
Massage Envy - Mira Mesa - 28-0325,9450-a Mira Mesa Blvd,,San Diego,CA,92126,"9450-a Mira Mesa Blvd, San Diego, Ca 92126",MECLASS,NONE,E,Massage Envy Franchising,11041861,,,32.919086,-117.121769
Massage Envy - Mission Valley,7510 Hazard Center Dr,Ste 611,San Diego,CA,92108,"7510 Hazard Center Dr, San Diego, CA 92108",MECLASS,NONE,E,Massage Envy Franchising,11041861,,,32.770985,-117.158138
Massage Envy - Point Loma - 28-0432,3639 Midway Dr,Unit C,San Diego,CA,92110,"3639 Midway Dr, San Diego, CA 92110",MECLASS,NONE,E,Massage Envy Franchising,11041861,,,32.750975,-117.216931
Massage Envy - Rancho Penasquitos - 28-0,11720 Carmel Mountain Road,Unit #158,San Diego,CA,92128,"11720 Carmel Mountain Road, San Diego, Ca 92128",MECLASS,NONE,D,Massage Envy Franchising,11041861,(858) 200-8888,,32.980473,-117.078708
NDHskin,404 Camino Del Rio South Suite 100 #Spa-5,,San Diego,CA,92108,"404 Camino Del Rio South Suite 100 #Spa-5, San Diego, CA 92108",WHOLESALE,NONE,D,,,,,32.761114,-117.162136
Radiance Wellness and Beauty,2840 5th Ave,Ste 400,San Diego,CA,92103,"2840 5th Ave, San Diego, CA 92103",MEDICALSPA,NONE,E,,,,https://www.revealyourradiance.com/,32.735176,-117.160625
Rose + Honey Skincare,910 Grand Ave,Ste 204,San Diego,CA,92109,"910 Grand Ave, San Diego, CA 92109",MEDICALSPA,SILVER,N,,,(858) 355-8124,,32.795607,-117.252509
VitaLuxe,12845 Pointe Del Mar Way,Suite 100,San Diego,CA,92014,"12845 Pointe Del Mar Way, San Diego, CA 92014",MEDICALSPA,NONE,N,,,(858) 326-9693,https://estheticasandiego.com/?utm_source=google&utm_medium=direct&utm_campaign=GMB_Del_Mar,32.93242,-117.242701
Wellness embassy,5755 Oberlin Dr,Ste 300,San Diego,CA,92121,"5755 Oberlin Dr, San Diego, CA 92121",WHOLESALE,NONE,N,,,(619) 467-9881,,32.892609,-117.194221
"Dermaglobe, Llc",1305 W Arrow Hwy,Ste 107,San Dimas,CA,91773,"1305 W ARROW HWY, San Dimas, CA 91773",WHOLESALE,NONE,C,,,,,34.107216,-117.833556
Artisan Eyelashes,391 Sutter St,#316,San Francisco,CA,94108,"391 Sutter St, San Francisco, CA 94108",WHOLESALE,NONE,U,,,,,37.789311,-122.406689
"David J. Macgregor, M.d.",450 Sutter St.,#1824,San Francisco,CA,94108,"450 SUTTER ST., San Francisco, CA 94108",DOCTOR,NONE,N,,,,,37.789695,-122.407836
Fatemeh Baraghani,336 Sutter St,,San Francisco,CA,94108,"336 SUTTER ST, San Francisco, CA 94108",WHOLESALE,NONE,U,,,,,37.789628,-122.40618
Lisa Tabbush,4105 19th St,,San Francisco,CA,94114,"4105 19th St, San Francisco, CA 94114",WHOLESALE,NONE,U,,,,,37.769566,-122.408274
Massage Envy - San Francisco / Hayes Valley,150 Van Ness Ave,Ste B,San Francisco,CA,94102,"150 Van Ness Ave, San Francisco, CA 94102",MECLASS,NONE,E,Massage Envy Franchising,11041861,,,37.777154,-122.419207
Mysa Day Spa,339A W Portal Ave,,San Francisco,CA,94127,"339A W Portal Ave, San Francisco, CA 94127",WHOLESALE,NONE,D,,,,,37.737287,-122.46949
Pacific Heights Skin Care,Attn: Shari Spakes,2000 Van Ness Ave Ste 307,San Francisco,CA,94109,"Attn: Shari Spakes, San Francisco, Ca 94109",WHOLESALE,GOLD,A,,,,,37.794172,-122.422671
Sheena Kumar M.d.,Sheena Kumar M.d.,2100 Webster St. #117,San Francisco,CA,94115,"SHEENA KUMAR M.D., San Francisco, CA 94115",DOCTOR,NONE,U,,,,,37.783606,-122.439248
SkinSpirit Essential LLC - San Francisco,3325 Sacramento St.,,San Francisco,CA,94118,"3325 Sacramento St., San Francisco, CA 94118",DOCTOR,SILVER,B,SkinSpirit National Account,11038393,,,37.787953,-122.447452
SkinSpirit LLC - Noe Valley,3939 24th St,,San Francisco,CA,94114,"3939 24th St, San Francisco, CA 94114",DOCTOR,GOLD,A,SkinSpirit National Account,11038393,,,37.75148,-122.430547
Teodora Mihaylova DDS,490 Post St.,Ste 1133,San Francisco,CA,94102,"490 Post St., San Francisco, CA 94102",MEDICALSPA,NONE,N,,,(415) 533-0438,,37.78833,-122.409779
The Art of Aesthetics,4105 19th St,,San Francisco,CA,94114,"4105 19th St, San Francisco, CA 94114",WHOLESALE,NONE,E,,,,,37.759155,-122.435026
Veronica O'sullivan,5616 Geary Blvd,Suite 201-202,San Francisco,CA,94121,"5616 Geary Blvd, San Francisco, CA 94121",WHOLESALE,GOLD,B,,,,,37.787201,-122.45266
Danielle Bechwati Skin Studio,Attn: Danielle Bechwati,2680 S White Rd #275,San Jose,CA,95148,"ATTN: DANIELLE BECHWATI, San Jose, CA 95148",WHOLESALE,NONE,D,,,,,37.32953,-121.797092
Gloss Skincare,1277 Old Bayshore Hwy,,San Jose,CA,95112,"1277 Old Bayshore Hwy, San Jose, CA 95112",WHOLESALE,NONE,D,,,,,37.364456,-121.897216
Glow By Helia,Glow By Helia,1610 Blossom Hill Rd Ste 2,San Jose,CA,95124,"GLOW BY HELIA, San Jose, CA 95124",WHOLESALE,NONE,D,,,,,37.307303,-121.900452
Massage Envy - Blossom Hill - 37-1033,954 Blossom Hill Rd,,San Jose,CA,95123,"954 Blossom Hill Rd, San Jose, Ca 95123",MECLASS,NONE,E,Massage Envy Franchising,11041861,,,37.249541,-121.865934
Massage Envy - San Jose El Paseo - 37-06,1316 El Paseo De Saratoga,,San Jose,CA,95130,"1316 El Paseo De Saratoga, San Jose, Ca 95130",MECLASS,NONE,C,Massage Envy Franchising,11041861,,,37.290744,-121.991774
Massage Envy - San Jose The Plant - 37-0,111 Curtner Ave,,San Jose,CA,95125,"111 Curtner Ave, San Jose, CA 95125",MECLASS,NONE,E,Massage Envy Franchising,11041861,,,37.302382,-121.865556
San Jose Medical Spa,2360 McKee Rd,Ste 10,San Jose,CA,95116,"2360 McKee Rd, San Jose, CA 95116",DOCTOR,NONE,U,,,,,37.366361,-121.847766
SkinSpirit - Willow Glen,1140-6 Lincoln Ave.,,San Jose,CA,95125,"1140-6 Lincoln Ave., San Jose, CA 95125",DOCTOR,NONE,D,SkinSpirit National Account,11038393,,www.skinspirit.com,37.307723,-121.900225
Spa By Minh Ha,1095 Branham Ln,Ste 206,San Jose,CA,95136,"1095 Branham Ln, San Jose, CA 95136",WHOLESALE,NONE,U,,,,,37.263543,-121.876164
Skincare By Marilee,30240 Rancho Viejo Rd,D,San Juan Capistrano,CA,92675,"30240 Rancho Viejo Rd, San Juan Capistrano, CA 92675",WHOLESALE,SILVER,D,,,,,33.523531,-117.664867
Spa Alana/skincare By Alana,27131 Calle Arroyo,Suite 1702,San Juan Capistrano,CA,92675,"27131 Calle Arroyo, San Juan Capistrano, CA 92675",WHOLESALE,NONE,E,,,,,33.499728,-117.657391
Tallie Belluomo,30290 Rancho  Viejo Rd,Suite 210,San Juan Capistrano,CA,92629,"30290 Rancho  Viejo Rd, San Juan Capistrano, CA 92629",WHOLESALE,GOLD,A,,,(631) 903-1310,,33.522975,-117.664636
A French Touch Salon,1023 Nipomo St.,,San Luis Obispo,CA,93401,"1023 Nipomo St., San Luis Obispo, CA 93401",WHOLESALE,GOLD,B,,,(805) 785-0340,www.afrenchtouchsalon.com,35.278804,-120.66662
"Derek Lauritzen, MD",941 California Blvd,,San Luis Obispo,CA,93401,"941 California Blvd, San Luis Obispo, CA 93401",DOCTOR,NONE,E,,,,,35.28627,-120.655019
Massage Envy - San Marcos - 28-0372,"145 Las Posas Rd., Ste. 160",,San Marcos,CA,92078,"145 Las Posas Rd., Ste. 160, San Marcos, CA 92078",MECLASS,NONE,D,Massage Envy Franchising,11041861,,,33.144712,-117.190563
Massage Envy - San Mateo Bay Meadows - 3,"1100 Park Place, Suite 40",,San Mateo,CA,94403,"1100 Park Place, Suite 40, San Mateo, CA 94403",MECLASS,NONE,D,Massage Envy Franchising,11041861,,,37.545105,-122.290819
The Estheticians,315 N San Mateo Dr,,San Mateo,CA,94401,"315 N SAN MATEO DR, San Mateo, CA 94401",WHOLESALE,SILVER,B,,,,https://www.the-estheticians.com/,37.570924,-122.331844
Skinfluence Esthetics,1427 W 8th St #107,,San Pedro,CA,90732,"1427 W 8th St #107, San Pedro, CA 90732",WHOLESALE,NONE,N,,,,,33.736787,-118.308672
Dawn Patrice Skin Care,2 Wintergreen Ter,,San Rafael,CA,94903,"2 Wintergreen Ter, San Rafael, CA 94903",WHOLESALE,NONE,D,,,,,38.015578,-122.556374
Massage Envy - San Rafael - 18-0055,219 3rd St,,San Rafael,CA,94901,"219 3rd St, San Rafael, Ca 94901",MECLASS,NONE,U,Massage Envy Franchising,11041861,,,37.969692,-122.515548
Qua THE SPA AT SOMA GRAND,1162 mission street,,San francisco,CA,94103,"1162 mission street, San francisco, CA 94103",WHOLESALE,GOLD,C,,,(415) 598-8686,,37.778379,-122.412471
Calista Aesthetics,201 Sandpointe Ave,Ste 135,Santa Ana,CA,92707,"201 Sandpointe Ave, Santa Ana, CA 92707",MEDICALSPA,NONE,N,,,,https://www.calistamedspa.com/,33.698008,-117.866439
Hayati Aesthetics,31 E MacArthur cres,Ste 106A,Santa Ana,CA,92707,"31 E MacArthur cres, Santa Ana, CA 92707",DOCTOR,NONE,N,,,,,33.700736,-117.866935
Montanya Spa,120 W 20th St,,Santa Ana,CA,92706,"120 W 20th St, Santa Ana, CA 92706",MEDICALSPA,SILVER,B,,,,,33.762365,-117.868387
Glo Aesthetics,3770 Lincolnwood Dr,,Santa Barbara,CA,93110,"3770 Lincolnwood Dr, Santa Barbara, CA 93110",MEDICALSPA,NONE,U,,,,,34.446805,-119.745964
Massage Envy - Santa Barbara - 14-0146,136 S. Hope Ave,Ste B107,Santa Barbara,CA,93105,"136 S. Hope Ave, Santa Barbara, CA 93105",MECLASS,NONE,C,Massage Envy Franchising,11041861,,,34.437018,-119.748229
Restore Hyper Wellness-Three Legacies -Santa Barbara- CA120,3993 State St.,Ste A,Santa Barbara,CA,93105,"3993 State St., Santa Barbara, CA 93105",DOCTOR,NONE,D,Restore Hyper Wellness - Parent Account,11061787,(805) 618-1025,https://www.restore.com/,34.439434,-119.751369
Skin Deep,3405 State St,,Santa Barbara,CA,93105,"3405 State St, Santa Barbara, CA 93105",WHOLESALE,SILVER,B,,,,,34.44004,-119.736884
Massage Envy - Santa Clara Town Centre -,"2066 El Camino Real , Suite E-09",,Santa Clara,CA,95050,"2066 El Camino Real , Suite E-09, Santa Clara, CA 95050",MECLASS,NONE,D,Massage Envy Franchising,11041861,,,37.352133,-121.961281
Restore Hyper Valencia Wellness LLC -Santa Clarita- CA159,23961 Newhall Ranch Rd,,Santa Clarita,CA,91355,"23961 Newhall Ranch Rd, Santa Clarita, CA 91355",DOCTOR,NONE,E,Restore Hyper Wellness - Parent Account,11061787,(661) 362-8746,https://www.restore.com/,34.430351,-118.554914
Central Coast Allure Medspa,2151 S College Dr,Ste105,Santa Maria,CA,93455,"2151 S College Dr, Santa Maria, CA 93455",MEDICALSPA,NONE,N,,,(805) 232-5200,www.allurecentralcoast.com,34.92161,-120.425707
Dakota Aesthetics,1150 Yale St.,#11,Santa Monica,CA,90403,"1150 Yale St., Santa Monica, CA 90403",WHOLESALE,NONE,N,,,,https://www.dakotaaesthetics.com/,34.038568,-118.475148
Number 1 Beauty Center,1426 Montana Ave.,,Santa Monica,CA,90403,"1426 MONTANA AVE., Santa Monica, CA 90403",WHOLESALE,NONE,E,,,,,34.032576,-118.49432
Restore Hyper Wellness - Santa Monica,1031 Montana Ave,,Santa Monica,CA,90403,"1031 Montana Ave, Santa Monica, CA 90403",DOCTOR,NONE,C,Restore Hyper Wellness - Parent Account,11061787,,,34.02992,-118.498373
Habitual Skin and Wellness,3424 Mendocino Ave,,Santa Rosa,CA,95403,"3424 Mendocino Ave, Santa Rosa, CA 95403",WHOLESALE,NONE,U,,,(707) 239-4992,,38.472074,-122.724678
Lux Aeterna Aesthetics,10 4th St,Ste 208,Santa Rosa,CA,95401,"10 4th St, Santa Rosa, CA 95401",MEDICALSPA,NONE,N,,,(707) 775-0526,https://luxaeterna-aesthetics.com/,38.43696,-122.72127
Massage Envy - Santa Rosa - 18-0429,5761 Mountain Hawk Way,,Santa Rosa,CA,95409,"5761 Mountain Hawk Way, Santa Rosa, CA 95409",MECLASS,NONE,E,Massage Envy Franchising,11041861,,,38.4632,-122.644113
Massage Envy - Santee - 28-0453,9824 Mission Gorge Rd,Ste D,Santee,CA,92071,"9824 Mission Gorge Rd, Santee, Ca 92071",MECLASS,NONE,C,Massage Envy Franchising,11041861,,,32.84049,-116.981885
Center For Facial And Body Rejuvenation,12945 Saratoga Ave.,,Saratoga,CA,95070,"12945 Saratoga Ave., Saratoga, CA 95070",DOCTOR,NONE,D,,,,,37.280728,-122.003957
Erik Schraga MD,20375 Park Pl,,Saratoga,CA,95070,"20375 Park Pl, Saratoga , CA 95070",DOCTOR,NONE,U,,,,,37.258575,-122.029516
Peach Aesthetics,5353 Scott's Valley Dr.,Ste A2,Scotts Valley,CA,95066,"5353 Scott's Valley Dr., Scotts Valley, CA 95066",MEDICALSPA,NONE,U,,,(831) 273-9152,www.peach-aesthetics.me,37.058647,-122.010819
Massage Envy - Seal Beach - 13-0371,"12340 Seal Beach Blvd, STE A",,Seal Beach,CA,90740,"12340 Seal Beach Blvd, STE A, Seal Beach, CA 90740",MECLASS,NONE,B,Massage Envy Franchising,11041861,,,33.782535,-118.071618
Amber Rose Skincare,145 Pleasant Hill Ave N,# 101,Sebastopol,CA,95472,"145 Pleasant Hill Ave N, Sebastopol, CA 95472",WHOLESALE,NONE,E,,,,,38.398493,-122.83908
Cathy Aebischer,14202 Ventura Blvd,,Sherman Oaks,CA,91403,"14202 Ventura Blvd, Sherman Oaks, CA 91403",WHOLESALE,NONE,U,,,,,34.149596,-118.442323
Sunrae Skin,150 E Montecito Ave,Unit B,Sierra Madre,CA,91024,"150 E Montecito Ave, Sierra Madre, CA 91024",WHOLESALE,NONE,D,,,(626) 476-4393,https://www.sunraeskin.com/,34.162793,-118.049506
Yvonne Fata,24 W Sierra Madre Blvd,Ste E,Sierra Madre,CA,91024,"24 W Sierra Madre Blvd, Sierra Madre, CA 91024",WHOLESALE,SILVER,C,,,,,34.16166,-118.053281
Natura Sugaring Melt & Wax Spa,437 S Highway 101,Ste 104,Solano Beach,CA,92075,"437 S Highway 101, Solano Beach, CA 92075",WHOLESALE,NONE,U,,,,,32.797081,-117.245595
Sonoma MD Aesthetics and Wellness,181 Andrieux St,Ste 113,Sonoma,CA,95476,"181 Andrieux St, Sonoma, CA 95476",DOCTOR,NONE,U,,,,,38.287728,-122.46144
Belladawna,4839 Soquel Dr.,,Soquel,CA,95073,"4839 Soquel Dr., Soquel, CA 95073",WHOLESALE,NONE,B,,,,,36.988827,-121.955237
Massage Envy - South Pasadena - 51-1105,1136 Fair Oaks Avenue,,South Pasadena,CA,91030,"1136 Fair Oaks Avenue, South Pasadena, CA 91030",MECLASS,NONE,C,Massage Envy Franchising,11041861,,,34.112518,-118.149983
Jody Hoshall Madison Aesthetics,1432 Main St,Ste 104,St. Helena,CA,94574,"1432 Main St, St. Helena, CA 94574",WHOLESALE,NONE,E,,,,,38.988805,-121.047888
Massage Envy - Stockton / Stonecreek Vil,"5757 Pacific Avenue, Store #A155",,Stockton,CA,95207,"5757 Pacific Avenue, Store #A155, Stockton, CA 95207",MECLASS,NONE,E,Massage Envy Franchising,11041861,,,38.001919,-121.319559
Vida Beauty and Wellness,2353 Pacific Ave,Ste A,Stockton,CA,95204,"2353 Pacific Ave, Stockton, CA 95204",MEDICALSPA,NONE,E,,,(510) 449-4257,,37.972562,-121.301371
Sarcobskin,12436 Ventura Blvd,,Studio City,CA,91604,"12436 Ventura Blvd, Studio City, CA 91604",WHOLESALE,SILVER,N,,,(818) 415-5371,,34.142492,-118.40432
Massage Envy - Sunnyvale - 37-0671,413 E. El Camino Real,,Sunnyvale,CA,94087,"413 E. El Camino Real, Sunnyvale, Ca 94087",MECLASS,NONE,D,Massage Envy Franchising,11041861,,,37.364866,-122.02819
Bella Reve Retreat and Spa LLC,19458 Ventura Blvd,Ste 8,Tarzana,CA,91356,"19458 Ventura Blvd, Tarzana, CA 91356",MEDICALSPA,NONE,N,,,(805) 791-9413,https://bellarevespa.com/,34.172113,-118.55762
Skin Clinic 1,19562 Ventura Blvd.,,Tarzana,CA,91356,"19562 Ventura Blvd. , Tarzana, Ca 91356",WHOLESALE,NONE,U,,,,,34.189272,-118.655083
Ethereal Day Spa,Hilda Reyes,27715 Jefferson Ave Ste 201,Temecula,CA,92590,"Hilda Reyes, Temecula, CA 92590",WHOLESALE,PLATINUM,A,,,,,33.512639,-117.159651
Massage Envy - Temecula - 20-0564,"32909 Highway 79 South, STE 105",,Temecula,CA,92592,"32909 Highway 79 South, STE 105, Temecula, CA 92592",MECLASS,NONE,B,Massage Envy Franchising,11041861,,,33.484261,-117.081684
Massage Envy - Thousand Oaks Ca - 14-030,1348-a N Moorpark Road,,Thousand Oaks,CA,91360,"1348-a N Moorpark Road, Thousand Oaks, Ca 91360",MECLASS,NONE,E,Massage Envy Franchising,11041861,,,34.19757,-118.869812
Purefection LA,10137 Riverside Drive,Suite 203,Toluca Lake,CA,91602,"10137 Riverside Drive, Toluca Lake, CA 91602",MEDICALSPA,PLATINUM,A,,,,,34.152482,-118.351993
Sienna Skin Care,"395 S Topanga Cyn Blvd,",Unit 204,Topanga,CA,90290,"395 S Topanga Cyn Blvd,, Topanga, CA 90290",MEDICALSPA,NONE,N,,,(310) 455-8696,,34.08405,-118.599978
DEIA Aesthetic Studio,21880 Hawthorne Blvd,"Ste 342, Stu 20",Torrance,CA,90503,"21880 Hawthorne Blvd, Torrance, CA 90503",MEDICALSPA,NONE,U,,,(310) 874-2449,,33.828847,-118.349574
Diane Dunn,23725 Arlington Ave,,Torrance,CA,90501,"23725 Arlington Ave, Torrance, CA 90501",WHOLESALE,NONE,D,,,,,33.809341,-118.320488
Restore Hyper Wellness -Torrance- CA116,2744 Pacific Coast Hwy,,Torrance,CA,90505,"2744 Pacific Coast Hwy, Torrance, CA 90505",DOCTOR,NONE,U,Restore Hyper Wellness - Parent Account,11061787,(310) 807-2920,https://www.restore.com/,33.792551,-118.334666
"Sibel Aesthetics, Inc.",21730 S. Vermont Ave,Ste 131,Torrance,CA,90502,"21730 S. Vermont Ave, Torrance, CA 90502",DOCTOR,NONE,E,,,(310) 426-4575,https://sibelaesthetics.com/,33.830702,-118.290127
Massage Envy - Tracy Pavilion,2463 Naglee Road,,Tracy,CA,95304,"2463 Naglee Road, Tracy, CA 95304",MECLASS,NONE,D,Massage Envy Franchising,11041861,,,37.756428,-121.466186
Ageless MD,111 Fashion Ln,Ste 200,Tustin,CA,92780,"111 Fashion Ln, Tustin, CA 92780",DOCTOR,SILVER,D,,,,,33.745972,-117.817451
Massage Envy - Tustin - 13-0152,2833 Park Avenue,,Tustin,CA,92782,"2833 Park Avenue, Tustin, Ca 92782",MECLASS,NONE,D,Massage Envy Franchising,11041861,,,33.696841,-117.825487
Restore Hyper Wellness - Tustin LLC (CA005),2885 El Camino Real,Ste A,Tustin,CA,92782,"2885 El Camino Real, Tustin, CA 92782",DOCTOR,NONE,None,Restore Hyper Wellness - Parent Account,11061787,(714) 912-9731,,33.724783,-117.793933
Skin Therapies Inc.,Mirna G. Faranda,242 W Main St Ste 106,Tustin,CA,92780,"MIRNA G. FARANDA, Tustin, CA 92780",WHOLESALE,NONE,E,,,,,33.741412,-117.825766
Sol Aesthetics & Wellness,17621 Irvine Blvd,Ste 209,Tustin,CA,92780,"17621 Irvine Blvd, Tustin, CA 92780",MEDICALSPA,NONE,D,,,(805) 823-5028,https://www.sol-aesthetics.com/,33.748763,-117.824776
Massage Envy - Union Landing - 38-0637,30963 Courthouse Dr,,Union City,CA,94587,"30963 Courthouse Dr, Union City, Ca 94587",MECLASS,NONE,D,Massage Envy Franchising,11041861,,,37.603058,-122.068098
Massage Envy - Upland - 20-0174,"1900 Campus Ave, Ste C",,Upland,CA,91784,"1900 Campus Ave, Ste C, Upland, CA 91784",MECLASS,NONE,B,Massage Envy Franchising,11041861,,,34.131405,-117.63914
Massage Envy - Vacaville,"196 Nut Tree Parkway, Suite C",,Vacaville,CA,95687,"196 Nut Tree Parkway, Suite C, Vacaville, CA 95687",MECLASS,NONE,B,Massage Envy Franchising,11041861,,,38.36214,-121.966889
Lisa Dome,Esthetics By Lisa @ Dermacare,27871 Smyth Dr Ste 100,Valencia,CA,91355,"ESTHETICS BY LISA @ DERMACARE, Valencia, CA 91355",WHOLESALE,SILVER,D,,,,,34.439826,-118.56802
Massage Envy - Valencia - 14-0636,23957 Newhall Ranch Road,,Valencia,CA,91354,"23957 Newhall Ranch Road, Valencia, CA 91354",MECLASS,NONE,D,Massage Envy Franchising,11041861,,,34.430823,-118.556981
"The C Studio Medical Associates, Inc.",27674 Newhall Ranch Rd,C85,Valencia,CA,91355,"27674 Newhall Ranch Rd, Valencia, CA 91355",MEDICALSPA,NONE,N,,,(818) 481-5340,,34.437734,-118.56525
Ellie and Sass Salon,1327 Venice Blvd.,Ste. B,Venice,CA,90291,"1327 Venice Blvd., Venice, CA 90291",WHOLESALE,NONE,E,,,,,33.995989,-118.449502
Veronica Morsella,4601 Telephone Rd,Ste 111,Ventura,CA,93003,"4601 Telephone Rd, Ventura, CA 93003",WHOLESALE,NONE,E,,,(805) 797-0840,https://veronicamorsella.com/,34.257851,-119.235658
Massage Envy - Visalia,4222-4224 S. Mooney Blvd,,Visalia,CA,93277,"4222-4224 S. Mooney Blvd, Visalia, CA 93277",MECLASS,NONE,D,Massage Envy Franchising,11041861,,,36.291739,-119.312741
SkinSpirit LLC - Walnut Creek,1647 N California Blvd,,Walnut Creek,CA,94596,"1647 N California Blvd, Walnut Creek, CA 94596",DOCTOR,DIAMOND,A,SkinSpirit National Account,11038393,,,37.901961,-122.06497
Massage Envy - W Covina / Eastland Ctr -,"2620 E. Workman Ave., Ste., 4B",,West Covina,CA,91791,"2620 E. Workman Ave., Ste., 4B, West Covina, CA 91791",MECLASS,NONE,B,Massage Envy Franchising,11041861,,,34.07452,-117.889547
Cupid Lips on Sunset,8648 W Sunset Blvd,,West Hollywood,CA,90069,"8648 W Sunset Blvd, West Hollywood, CA 90069",DOCTOR,NONE,E,,,,,34.091904,-118.380222
"Jason Emer, MD",9201 Sunset Blvd.,Ste 510,West Hollywood,CA,90069,"9201 Sunset Blvd., West Hollywood, CA 90069",DOCTOR,NONE,E,,,,,34.090915,-118.393424
Refined Radiance Aesthetics,31368 Via Colinas Unit 108,,Westlake Village,CA,91362,"31368 Via Colinas Unit 108, Westlake Village, CA 91362",WHOLESALE,NONE,N,,,(805) 539-3016,,34.15541,-118.807972
SKIN by Lacey LA,31149 Via Colinas,Ste 604,Westlake Village,CA,91362,"31149 Via Colinas, Westlake Village, CA 91362",WHOLESALE,NONE,E,,,,,34.154073,-118.80419
Three Legacies Inc.- Restore Hyper Wellness -Westlake Village- CA102,960 S Westlake Blvd,#11,Westlake Village,CA,91361,"960 S Westlake Blvd, Westlake Village, CA 91361",DOCTOR,NONE,C,Restore Hyper Wellness - Parent Account,11061787,(805) 391-7780,https://www.restore.com/,34.153574,-118.825883
Massage Envy - Whittier - 51-0957,15632 Whitwood Ln,,Whittier,CA,90603,"15632 Whitwood Ln, Whittier, Ca 90603",MECLASS,NONE,C,Massage Envy Franchising,11041861,,,33.941974,-117.995336
Massage Envy - Wildomar At Clinton Keith,23885 Clinton Keith Rd STE #1,,Wildomar,CA,92595,"23885 Clinton Keith Rd STE #1, Wildomar, CA 92595",MECLASS,NONE,D,Massage Envy Franchising,11041861,,,33.597088,-117.243411
Humm Mepspa,154 South Mainsteet,,Willits,CA,95454,"154 South Mainsteet, Willits, CA 95454",MEDICALSPA,SILVER,E,,,(707) 272-1067,,39.41095,-123.354914
Rachel Moayer,RM Skin Care Inc,6355 Topanga Canyon Blvd Ste 244,Woodland Hills,CA,91367,"RM Skin Care Inc, Woodland Hills, CA 91367",MEDICALSPA,SILVER,C,,,,,34.186444,-118.6064
Massage Envy - Yorba Linda - 13-0454,20499 Yorba Linda Blvd.,,Yorba Linda,CA,92886,"20499 Yorba Linda Blvd., Yorba Linda, Ca 92886",MECLASS,NONE,C,Massage Envy Franchising,11041861,,,33.893001,-117.773861
Crave Aesthetics,1548 Starr Dr.,,Yuba City,CA,95993,"1548 Starr Dr., Yuba City, CA 95993",MEDICALSPA,NONE,U,,,,crave-aesthetics.com,39.143049,-121.642258
Bare Skin and Body,312 Capitola Ave.,#d,capitola,CA,95010,"312 Capitola Ave., capitola, CA 95010",WHOLESALE,NONE,N,,,(831) 999-9999,www.bareakinandbody.com,36.973439,-121.952213
Re-Glo Nursing Inc.,10 Jackson St.,Ste 108,los gatos,CA,95030,"10 Jackson St., los gatos, CA 95030",MEDICALSPA,NONE,N,,,(408) 691-5371,www.re-glo.com,37.220629,-121.974699
Vitaglow LLC,890 Saratoga Ave.,#201,san jose,CA,95129,"890 Saratoga Ave., san jose, CA 95129",DOCTOR,NONE,E,,,,www.vitaglowmd.com,37.310807,-121.976948
Massage Envy - Arvada West,15530 W 64th St STE M,,Arvada,CO,80007,"15530 W 64th St STE M, Arvada, CO 80007",MECLASS,NONE,D,Massage Envy Franchising,11041861,,,39.810546,-105.173321
Massage Envy - Aurora Southwest,"6735 Cornerstar Way, STE B",,Aurora,CO,80016,"6735 Cornerstar Way, STE B, Aurora, CO 80016",MECLASS,NONE,E,Massage Envy Franchising,11041861,,,39.594085,-104.807023
Massage Envy - Southlands,"6295 S. Main St., Ste 103",,Aurora,CO,80016,"6295 S. Main St., Ste 103, Aurora, CO 80016",MECLASS,NONE,D,Massage Envy Franchising,11041861,,,39.602483,-104.7096
Massage Envy - Broomfield,"1170 US Hwy 287, Suite 300",,Broomfield,CO,80020,"1170 US Hwy 287, Suite 300, Broomfield, CO 80020",MECLASS,NONE,E,Massage Envy Franchising,11041861,,,39.933484,-105.089887
Liquid Lyft,210 5th Street,Ste #200,Castle Rock,CO,80104,"210 5th Street, Castle Rock, CO 80104",MEDICALSPA,NONE,N,,,,https://www.liquidlyft.life/,39.374186,-104.86026
Revival Skin,7200 E. Dry Creek Rd.,Building E Unit 201,Centennial,CO,80112,"7200 E. Dry Creek Rd., Centennial, CO 80112",MEDICALSPA,NONE,N,,,(720) 509-9761,https://revivalskin.co/,39.580136,-104.904748
Glowing Aesthetics,2210 E La Salle St,Ste 110,Colorado Springs,CO,80909,"2210 E La Salle St, Colorado Springs, CO 80909",MEDICALSPA,NONE,U,,,,,38.859248,-104.788696
Massage Envy - Briargate,9235 N. Union Blvd. Suite 120,,Colorado Springs,CO,80920,"9235 N. Union Blvd. Suite 120, Colorado Springs, CO 80920",MECLASS,NONE,D,Massage Envy Franchising,11041861,,,38.964887,-104.755034
Massage Envy - First & Main,3254 Cinema Point,,Colorado Springs,CO,80922,"3254 Cinema Point, Colorado Springs, CO 80922",MECLASS,NONE,C,Massage Envy Franchising,11041861,,,38.880328,-104.717265
Massage Envy - Rockrimmon,742 Village Center Dr,,Colorado Springs,CO,80919,"742 Village Center Dr, Colorado Springs, CO 80919",MECLASS,NONE,D,Massage Envy Franchising,11041861,,,38.922887,-104.843648
"RVB Colorado Springs, LLC",1710 Briargate Blvd,#425,Colorado Springs,CO,80920,"1710 Briargate Blvd, Colorado Springs, CO 80920",MEDICALSPA,NONE,U,"RVB Investment Group, LLC",11049140,,,38.94706,-104.794475
Injector 5280,2435 W 44th Ave,,Denver,CO,80211,"2435 W 44th Ave, Denver, CO 80211",MEDICALSPA,NONE,N,,,(303) 801-0041,https://www.injector5280.com/,39.776674,-105.016657
Massage Envy - Cherry Creek,201 Steele Street Unit 1-A,,Denver,CO,80206,"201 Steele Street Unit 1-A, Denver, CO 80206",MECLASS,NONE,B,Massage Envy Franchising,11041861,,,39.719656,-104.950111
Massage Envy - Edgewater Public Market,5465 W 20th Ave,,Denver,CO,80214,"5465 W 20th Ave, Denver, CO 80214",MECLASS,NONE,E,Massage Envy Franchising,11041861,,,39.747731,-105.056067
Massage Envy - Tiffany Plaza,7300 E Hampden Ave,Ste  A-1,Denver,CO,80231,"7300 E Hampden Ave, Denver, CO 80231",MECLASS,NONE,D,Massage Envy Franchising,11041861,,,39.65267,-104.903463
Restore Hyper Wellness-Cherry  Hills-CO033,5046 E Hampden Ave,Ste 10,Denver,CO,80222,"5046 E Hampden Ave, Denver, CO 80222",DOCTOR,NONE,D,Restore Hyper Wellness - Parent Account,11061787,(720) 704-6115,https://www.restore.com,39.651986,-104.928289
Restore Hyper Wellness-Erie-CO050,2934 Arapahoe Rd,Unit 104,Erie,CO,80516,"2934 Arapahoe Rd, Erie, CO 80516",DOCTOR,NONE,U,Restore Hyper Wellness - Parent Account,11061787,(720) 370-3330,https://www.restore.com,40.014892,-105.102104
Massage Envy - Ft Collins,1514 E. Harmony Road Suite 2B,,Fort Collins,CO,80525,"1514 E. Harmony Road Suite 2B, Fort Collins, CO 80525",MECLASS,NONE,D,Massage Envy Franchising,11041861,,,40.525209,-105.050947
Skin Deep Spa,1630 S Lemay Ave,Unit 8,Fort Collins,CO,80525,"1630 S Lemay Ave, Fort Collins, CO 80525",WHOLESALE,NONE,D,,,,,40.565772,-105.057282
Bold N' Bitchin' Medical Spa,701 Granite St,,Frisco,CO,80443,"701 Granite St, Frisco, CO 80443",MEDICALSPA,NONE,U,,,(970) 429-3764,,39.575662,-106.093366
Massage Envy - Grand Junction,2490 Patterson Rd,Ste 7,Grand Junction,CO,81505,"2490 Patterson Rd, Grand Junction, CO 81505",MECLASS,NONE,U,Massage Envy Franchising,11041861,,,39.092492,-108.591122
Massage Envy - Greeley,4206 Centerplace Dr.,,Greeley,CO,80634,"4206 Centerplace Dr., Greeley, CO 80634",MECLASS,NONE,D,Massage Envy Franchising,11041861,,,40.394227,-104.745741
All About Skin Inc.,5425 Landmark Pl,Ste D301,Greenwood Village,CO,80111,"5425 Landmark Pl, Greenwood Village, CO 80111",MEDICALSPA,GOLD,A,,,,,39.617909,-104.90127
Beau Visage Skin Care,Attn: Linda Buttacavoli,5988 S Holly St,Greenwood Village,CO,80111,"ATTN: LINDA BUTTACAVOLI, Greenwood Village, CO 80111",MEDICALSPA,NONE,D,,,,,39.608513,-104.922751
Skin Solutions by Rae,5425 Landmark Pl,D-301,Greenwood Village,CO,80111,"5425 Landmark Pl, Greenwood Village, CO 80111",WHOLESALE,NONE,N,,,(720) 249-9464,,39.618103,-104.901184
SkinSpirit - Greenwood Village,8000 E Belleview Ave,Ste B80,Greenwood Village,CO,80111,"8000 E Belleview Ave, Greenwood Village, CO 80111",DOCTOR,NONE,D,SkinSpirit National Account,11038393,,,39.623581,-104.897151
La Creme Boutique,9567 S University Blvd,E-1 Suite 107,Highlands Ranch,CO,80126,"9567 S University Blvd, Highlands Ranch, CO 80126",MEDICALSPA,SILVER,A,,,,,39.542196,-104.94263
Massage Envy - Highlands Ranch,9471 S. University Blvd,,Highlands Ranch,CO,80126,"9471 S. University Blvd, Highlands Ranch, CO 80126",MECLASS,NONE,E,Massage Envy Franchising,11041861,,,39.543944,-104.946749
Higgy Skin,1370 Colorado Mills Pkwy,,Lakewood,CO,80401,"1370 Colorado Mills Pkwy, Lakewood, CO 80401",MEDICALSPA,NONE,N,,,(615) 294-8990,http://www.higgyskin.com/,39.736074,-105.154578
Massage Envy - Lakewood,7033 West Alaska Place,,Lakewood,CO,80226,"7033 West Alaska Place, Lakewood, CO 80226",MECLASS,NONE,C,Massage Envy Franchising,11041861,(303) 922-3689,,39.709397,-105.074315
Massage Envy - Southwest Plaza,5392 S Wadsworth St,Ste 102,Lakewood,CO,80123,"5392 S Wadsworth St, Lakewood, CO 80123",MECLASS,NONE,D,Massage Envy Franchising,11041861,,,39.627214,-105.081744
Sacred Tranquility Place Spa,1360 S. Wadsworth,Suite 205,Lakewood,CO,80232,"1360 S. Wadsworth, Lakewood, CO 80232",WHOLESALE,NONE,N,,,(314) 956-4331,https://sacred-tranquility-place-spa.square.site/,39.692894,-105.081246
Aura Llc,12664 W. Indore Pl,,Littleton,CO,80127,"12664 W. Indore Pl, Littleton, CO 80127",MEDICALSPA,SILVER,D,,,,,39.579847,-105.139647
True Beauty Med Spa,9032 W Ken Caryl Ave,A4,Littleton,CO,80128,"9032 W Ken Caryl Ave, Littleton, CO 80128",MEDICALSPA,NONE,N,,,,,39.57966,-105.098836
Hormone Health and Weight Loss,9224 Teddy Lane,Suite 100,Lone Tree,CO,80124,"9224 Teddy Lane, Lone Tree, CO 80124",MEDICALSPA,NONE,U,,,(303) 925-1234,https://hormonehealthandweightloss.com/,39.551511,-104.881247
LaVie Institute,10535 Park Meadows Blvd,Ste 350,Lone Tree,CO,80124,"10535 Park Meadows Blvd, Lone Tree, CO 80124",DOCTOR,NONE,U,,,(720) 773-4408,https://www.lavieplasticsurgery.com/,39.530071,-104.874527
Everglow Esthetics LLC,1240 S Hover St 400,Ste 129,Longmont,CO,80501,"1240 S Hover St 400, Longmont, CO 80501",WHOLESALE,NONE,E,,,(720) 440-3933,,40.179211,-105.071444
Massage Envy - Longmont,210 Ken Pratt Blvd,Ste 180,Longmont,CO,80501,"210 Ken Pratt Blvd, Longmont, CO 80501",MECLASS,NONE,U,Massage Envy Franchising,11041861,,,40.153371,-105.097037
Massage Envy - Loveland,1657 Rocky Mountain Avenue,,Loveland,CO,80538,"1657 Rocky Mountain Avenue, Loveland, CO 80538",MECLASS,NONE,C,Massage Envy Franchising,11041861,,,40.409604,-105.006843
Massage Envy - Parker,17001 Lincoln Ave,#d,Parker,CO,80134,"17001 Lincoln Ave, Parker, CO 80134",MECLASS,NONE,U,Massage Envy Franchising,11041861,,,39.536317,-104.792126
Massage Envy - Englewood,3960 E. River Point Parkway,,Sheridan,CO,80110,"3960 E. River Point Parkway, Sheridan, CO 80110",MECLASS,NONE,E,Massage Envy Franchising,11041861,,,39.646042,-105.007848
Radiant,1041 Lincoln Ave,Ste 311,Steamboat Springs,CO,80487,"1041 Lincoln Ave, Steamboat Springs, CO 80487",WHOLESALE,NONE,D,,,(970) 761-8830,https://positivelyradiant.org/about/?theme=pub/assembler,40.470375,-106.827243
Massage Envy - Thornton,1181 E. 120th Ave,,Thornton,CO,80233,"1181 E. 120th Ave, Thornton, CO 80233",MECLASS,NONE,C,Massage Envy Franchising,11041861,,,39.916894,-104.975029
Massage Envy - Westminster,10449 Town Center Dr,Ste 600,Westminster,CO,80021,"10449 Town Center Dr, Westminster, CO 80021",MECLASS,NONE,D,Massage Envy Franchising,11041861,,,39.887529,-105.076337
Refresh MedSpa at Advance Biomedical Treatment Center,35 Jolley Dr,Ste 102,Bloomfield,CT,06002,"35 Jolley Dr, Bloomfield, CT 06002",DOCTOR,NONE,N,,,(860) 242-2200,https://www.advbiomedtx.com/refresh-med-spa,41.818972,-72.726037
Massage Envy - Brookfield - 35-0742,49 Federal Road,,Brookfield,CT,06804,"49 Federal Road, Brookfield, Ct 06804",MECLASS,NONE,D,Massage Envy Franchising,11041861,,,41.432703,-73.412245
Massage Envy - Canton,110 Albany Turnpike STE 205,,Canton,CT,06019,"110 Albany Turnpike STE 205, Canton, CT 06019",MECLASS,NONE,A,Massage Envy Franchising,11041861,,,41.823163,-72.883809
Massage Envy - Cromwell - 35-1163,51 Shunpike Road,,Cromwell,CT,06416,"51 Shunpike Road, Cromwell, CT 06416",MECLASS,NONE,E,Massage Envy Franchising,11041861,,,41.604899,-72.677724
Massage Envy - Fairfield - 35-0381,2279 Black Rock Turnpike,,Fairfield,CT,06824,"2279 Black Rock Turnpike, Fairfield, CT 06824",MECLASS,NONE,B,Massage Envy Franchising,11041861,,,41.182245,-73.254833
Massage Envy - West Farm - 35-1022,1600 South East Road,,Farmington,CT,06032,"1600 South East Road, Farmington, CT 06032",MECLASS,NONE,D,Massage Envy Franchising,11041861,,,41.715748,-72.764159
Kalon Medical Spa,221 Addison Rd,Ste 104,Glastonbury,CT,06033,"221 Addison Rd, Glastonbury, CT 06033",MEDICALSPA,NONE,D,,,(860) 800-2808,https://www.kalonmedspa.com,41.723343,-72.580904
Restore Hyper Wellness - Glastonbury (CT017),2951 Main St,Ste. #300,Glastonbury,CT,06033,"2951 Main St, Glastonbury, CT 06033",DOCTOR,NONE,E,Restore Hyper Wellness - Parent Account,11061787,(860) 266-7757,,41.724206,-72.616607
Massage Envy - Hamden - 35-1124,2300 Dixwell Ave,,Hamden,CT,06514,"2300 Dixwell Ave, Hamden, Ct 06514",MECLASS,NONE,U,Massage Envy Franchising,11041861,,,41.37314,-72.918075
Afterglow Aesthetics,31 Cherry St,#3,Milford,CT,06460,"31 Cherry St, Milford, CT 06460",WHOLESALE,NONE,E,,,(475) 339-8066,https://afterglowesthetics.co/,41.226398,-73.054981
Massage Envy - Milford,1640 Boston Post Rd,,Milford,CT,06460,"1640 Boston Post Rd, Milford, Ct 06460",MECLASS,NONE,C,Massage Envy Franchising,11041861,,,41.247547,-73.027465
Massage Envy - Norwalk / Wilton - 35-095,"607 Main Avenue, Ste. 9",,Norwalk,CT,06851,"607 Main Avenue, Ste. 9, Norwalk, CT 06851",MECLASS,NONE,D,Massage Envy Franchising,11041861,,,41.157054,-73.422787
Premier Pain Care & Wellness Anesthesiol,40 Cross Street,301,Norwalk,CT,06851,"40 Cross Street, Norwalk, CT 06851",DOCTOR,NONE,D,,,(203) 956-0022,https://www.premierpaincareandwellness.com/,41.119073,-73.418419
Massage Envy - Shelton 1375,110 Commerce Dt,Suite 112,Shelton,CT,06484,"110 Commerce Dt, SHELTON, CT 06484",MECLASS,NONE,B,Massage Envy Franchising,11041861,,,41.299778,-73.088397
Crystal Valley Medical Aesthetics,216 Hemlock Ave,Suite 104B,South Windsor,CT,06074,"216 Hemlock Ave, South Windsor, CT 06074",MEDICALSPA,SILVER,E,,,(860) 656-7482,https://crystalvalleymedspa.com,41.815136,-72.554265
Massage Envy - South Windsor - 35-0659,400 Evergreen Way,Ste 416,South Windsor,CT,06074,"400 Evergreen Way, South Windsor, CT 06074",MECLASS,NONE,A,Massage Envy Franchising,11041861,,,41.812231,-72.555697
Massage Envy - Southbury Ct - 35-1272,"775 Main Street South, Unit 130",,Southbury,CT,06488,"775 Main Street South, Unit 130, Southbury, CT 06488",MECLASS,NONE,D,Massage Envy Franchising,11041861,,,41.462227,-73.231259
Massage Envy - North Stamford,1014 High Ridge Road,,Stamford,CT,06905,"1014 High Ridge Road, Stamford, Ct 06905",MECLASS,NONE,C,Massage Envy Franchising,11041861,,,41.106181,-73.548577
Massage Envy - West Hartford - 35-0825,"333 N Main St,",Unit 35,West Hartford,CT,06117,"333 N Main St,, West Hartford, CT 06117",MECLASS,NONE,D,Massage Envy Franchising,11041861,,,41.78425,-72.747837
Restore Hyper Wellness - West Hartford (CT015),345 North Main St,Ste. 105,West Hartford,CT,06117,"345 North Main St, West Hartford, CT 06117",DOCTOR,NONE,E,Restore Hyper Wellness - Parent Account,11061787,(860) 945-4300,,41.785189,-72.747909
Restore Hyper Wellness - Westport (CT001),877 Post Rd E,,Westport,CT,06880,"877 Post Rd E, Westport, CT 06880",DOCTOR,NONE,U,Restore Hyper Wellness - Parent Account,11061787,(203) 557-0644,,41.138449,-73.335475
Dr. Hindola Konrad,164 Mt. Pleasant Rd.,Ste 201,​Newtown,CT,06470,"164 Mt. Pleasant Rd., ​Newtown, CT 06470",DOCTOR,NONE,U,,,(203) 297-6869,https://www.drhindolakonrad.com/,41.414117,-73.303565
SkinSpirit-Georgetown,1855 Wisconsin Ave NW,Suite 1A,Wahsington,DC,20007,"1855 Wisconsin Ave NW, Wahsington, DC 20007",DOCTOR,NONE,U,SkinSpirit National Account,11038393,,,38.916009,-77.06768
Cultura Dermatology and Laser Center,Cosmetic Physicians,5301 Wisconsin Ave NW Ste 110,Washington,DC,20015,"Cosmetic Physicians, Washington, DC 20015",DOCTOR,NONE,U,,,(240) 483-3529,,38.959355,-77.084275
Faccia,1766 Florida Ave NW,,Washington,DC,20009,"1766 Florida Ave NW, Washington, DC 20009",MEDICALSPA,GOLD,A,,,(202) 240-7574,https://www.facciaecorpo.com/,38.917426,-77.040453
Karen Fisher,1428 Foxhall Rd,,Washington,DC,20007,"1428 FOXHALL RD, Washington, DC 20007",WHOLESALE,NONE,E,,,,,38.907929,-77.082383
Logan 14 Aveda Lifestyle Salon & Spa,1314 B 14th St NW,,Washington,DC,20005,"1314 B 14th St NW, Washington, DC 20005",MEDICALSPA,NONE,E,,,,,38.90782,-77.032345
Massage Envy - Tenleytown - 21-1210,4926 Wisconsin Ave Nw,,Washington,DC,20016,"4926 Wisconsin Ave Nw, Washington, Dc 20016",MECLASS,NONE,E,Massage Envy Franchising,11041861,,,38.954152,-77.082775
ZuriMD Med Spa and Wellness Boutique,732 Kennedy St NW,,Washington,DC,20011,"732 Kennedy St NW, Washington, DC 20011",DOCTOR,NONE,N,,,(312) 953-9360,,38.956181,-77.023769
Massage Envy - Dover,30  N Dupont Hwy,Suite 1,Dover,DE,19901,"30  N Dupont Hwy, Dover, DE 19901",MECLASS,NONE,E,Massage Envy Franchising,11041861,,,39.163867,-75.516904
Webster Cosmetic and Family Dentistry,1522 S State St,,Dover,DE,19901,"1522 S State St, Dover, DE 19901",MEDICALSPA,NONE,U,,,,,39.132344,-75.52071
Rescue Aesthetics,7503 Lancaster Pike,Ste B,Hockessin,DE,19707,"7503 Lancaster Pike, Hockessin, DE 19707",MEDICALSPA,NONE,E,,,(302) 729-8833,https://www.rescueaesthetics.com/,39.790826,-75.702133
Massage Envy - Christiana - 40-1312,3148 Fashion Center Blvd.,,Newark,DE,19702,"3148 Fashion Center Blvd., Newark, DE 19702",MECLASS,NONE,E,Massage Envy Franchising,11041861,,,39.744058,-75.746916
Skin Solutions by Wendi,3023 McDaniel Ln,,Newark,DE,19702,"3023 McDaniel Ln, Newark, DE 19702",WHOLESALE,NONE,U,,,,,39.585727,-75.771614
Massage Envy - Rehoboth Beach - 21-1226,18949 Coastal Hwy,,Rehoboth Beach,DE,19971,"18949 Coastal Hwy, Rehoboth Beach, DE 19971",MECLASS,NONE,E,Massage Envy Franchising,11041861,,,38.730828,-75.131689
Glowtox,1601 Concord Pike,Suite 35,Wilmington,DE,19803,"1601 Concord Pike, Wilmington, DE 19803",MEDICALSPA,NONE,U,,,(302) 753-3634,,39.780462,-75.543556
Hazel & Honey Beauty Co.,5321 Brandywine Pkwy,Ste 7,Wilmington,DE,19803,"5321 Brandywine Pkwy, Wilmington, DE 19803",MEDICALSPA,NONE,E,,,,,39.832193,-75.537418
"Kristine Diehl, M.d.",2700 Silver Side Rd,#2,Wilmington,DE,19810,"2700 SILVER SIDE RD, Wilmington, DE 19810",DOCTOR,NONE,N,,,,,39.810599,-75.520208
Massage Envy - Concord Pike - 46-1373,5615 Concord Pike,,Wilmington,DE,19803,"5615 Concord Pike, Wilmington, De 19803",MECLASS,NONE,U,Massage Envy Franchising,11041861,,,39.833673,-75.541087
Restore Hyper Wellness -Barley Mill- DE002,348 Buckley Mill Rd,,Wilmington,DE,19807,"348 Buckley Mill Rd, Wilmington, DE 19807",DOCTOR,NONE,U,Restore Hyper Wellness - Parent Account,11061787,(302) 317-1441,https://www.restore.com/,39.759636,-75.601613
Hormone Therapy of Orlando LLC,155 Cranes Roost Blvd,Ste 2020,Altamonte Springs,FL,32701,"155 Cranes Roost Blvd, Altamonte Springs, FL 32701",MEDICALSPA,NONE,N,,,(407) 910-1028,,28.663087,-81.383639
Massage Envy - Altamonte Springs - 40-02,"397 E. Altamonte Dr., Ste. 1600",,Altamonte Springs,FL,32701,"397 E. Altamonte Dr., Ste. 1600 , Altamonte Springs, FL 32701",MECLASS,NONE,C,Massage Envy Franchising,11041861,,,28.664701,-81.379337
Preferred Plastic Surgery Of Orlando PA,220 E Central Pkwy,Ste 2020,Altamonte Springs,FL,32701,"220 E Central Pkwy, Altamonte Springs, FL 32701",DOCTOR,NONE,U,,,,,28.67236,-81.38519
Massage Envy - Aventura,20633 Biscayne Boulevard,,Aventura,FL,33180,"20633 Biscayne Boulevard, Aventura, FL 33180",MECLASS,NONE,D,Massage Envy Franchising,11041861,,,25.966758,-80.14411
Miami Veneers and Modern Dentistry,2820 Ne 214 St,Office Ste 700,Aventura,FL,33180,"2820 NE 214 ST, Aventura, FL 33180",MEDICALSPA,NONE,U,,,,,25.93429,-80.122052
Hamptons Medical Associates,1590 Nw 10th Ave,Ste 201,Boca Raton,FL,33486,"1590 NW 10TH AVE, Boca Raton, FL 33486",DOCTOR,SILVER,B,,,,https://www.hamptonsmed.com/,26.36392,-80.105317
Massage Envy - Mission Bay,"20423 S State Rd 7, STE F-8",,Boca Raton,FL,33498,"20423 S State Rd 7, STE F-8, Boca Raton, FL 33498",MECLASS,NONE,C,Massage Envy Franchising,11041861,,,26.371416,-80.206816
Massage Envy - Spanish River,4125 N. Federal Hwy.,,Boca Raton,FL,33431,"4125 N. Federal Hwy., Boca Raton, FL 33431",MECLASS,NONE,E,Massage Envy Franchising,11041861,,,26.386419,-80.077981
Massage Envy - West Boca Raton,"7050 West Palmetto Park Rd, Bay 17",,Boca Raton,FL,33433,"7050 West Palmetto Park Rd, Bay 17, Boca Raton, FL 33433",MECLASS,NONE,D,Massage Envy Franchising,11041861,,,26.348426,-80.15776
Restore Hyper Wellness - Boca Raton (FL001),21170 St. Andrews Blvd.,Ste 1,Boca Raton,FL,33433,"21170 St. Andrews Blvd., Boca Raton, FL 33433",DOCTOR,NONE,U,Restore Hyper Wellness - Parent Account,11061787,(561) 409-0003,,26.362421,-80.136905
Massage Envy - Boynton Beach,1000 N. Congress Suite 140,,Boynton Beach,FL,33426,"1000 N. Congress Suite 140, Boynton Beach, FL 33426",MECLASS,NONE,C,Massage Envy Franchising,11041861,,,26.534425,-80.088897
Massage Envy - West Boynton Beach - 26-0,"8794 Boynton Beach Blvd., Suite 105",,Boynton Beach,FL,33472,"8794 Boynton Beach Blvd., Suite 105, Boynton Beach, FL 33472",MECLASS,NONE,C,Massage Envy Franchising,11041861,,,26.526219,-80.186722
"Heidi Emrani, MD",1720 Manatee Ave E,,Bradenton,FL,34208,"1720 Manatee Ave E, Bradenton, FL 34208",DOCTOR,NONE,N,,,(941) 757-5445,,27.495668,-82.543651
Massage Envy - Bradenton - 09-1343,4734 Cortez Rd W,,Bradenton,FL,34210,"4734 Cortez Rd W, Bradenton, Fl 34210",MECLASS,NONE,D,Massage Envy Franchising,11041861,,,27.463221,-82.609573
Massage Envy - Brandon - 09-0252,2092 Badlands Dr,,Brandon,FL,33511,"2092 Badlands Dr, Brandon, Fl 33511",MECLASS,NONE,D,Massage Envy Franchising,11041861,,,27.927675,-82.315418
Massage Envy - Spring Hill-brooksville,13185 Cortez Boulevard,,Brooksville,FL,34613,"13185 Cortez Boulevard, Brooksville, FL 34613",MECLASS,NONE,D,Massage Envy Franchising,11041861,,,28.535737,-82.508861
Massage Envy - Cape Coral - 09-0097,2221 Santa Barbara Blvd,,Cape Coral,FL,33991,"2221 Santa Barbara Blvd, Cape Coral, Fl 33991",MECLASS,NONE,C,Massage Envy Franchising,11041861,,,26.609959,-81.973638
Massage Envy - Cape Coral North,1751 NE Pine Island Rd,Suite 155,Cape Coral,FL,33909,"1751 NE Pine Island Rd, Cape Coral, FL 33909",MECLASS,NONE,D,Massage Envy Franchising,11041861,,,26.671469,-81.937076
Bare Skin Bar,1446 Court Street,,Clearwater,FL,33756,"1446 Court Street, Clearwater, FL 33756",WHOLESALE,NONE,N,,,(727) 512-5022,https://www.bareskinbaresthetics.com/,27.960851,-82.777393
Deborah L Kurtz Inc.,2467 Enterprise Rd,Ste E,Clearwater,FL,33763,"2467 ENTERPRISE RD, Clearwater, FL 33763",WHOLESALE,NONE,U,,,,,28.010468,-82.736289
Lueur Aesthetics,1822 Drew St,Ste 105,Clearwater,FL,33765,"1822 Drew St, Clearwater, FL 33765",MEDICALSPA,NONE,U,,,(352) 872-2571,https://www.thelueuraesthetics.com/,27.968063,-82.761677
Massage Envy - Clearwater - 09-0507,2516 N. Mcmullen Booth Rd,,Clearwater,FL,33761,"2516 N. Mcmullen Booth Rd, Clearwater, Fl 33761",MECLASS,NONE,D,Massage Envy Franchising,11041861,,,28.013027,-82.709111
Restore Countryside LLC - Clearwater (FL082),25865 US Hwy 19 N,,Clearwater,FL,33763,"25865 US Hwy 19 N, Clearwater, FL 33763",DOCTOR,NONE,E,Restore Hyper Wellness - Parent Account,11061787,(813) 553-4678,,28.007446,-82.728836
Massage Envy - Clermont - 40-0900,"1500 Oakley Seaver Blvd, STE 15",,Clermont,FL,34711,"1500 Oakley Seaver Blvd, STE 15, Clermont, FL 34711",MECLASS,NONE,D,Massage Envy Franchising,11041861,,,28.545447,-81.728188
Massage Envy - Coconut Creek,"4407 Lyons Rd., Ste. 102",,Coconut Creek,FL,33073,"4407 Lyons Rd., Ste. 102, Coconut Creek, FL 33073",MECLASS,NONE,E,Massage Envy Franchising,11041861,,,26.231706,-80.185209
Massage Envy - Cooper City,5856 Flamingo Rd.,,Cooper City,FL,33330,"5856 Flamingo Rd., Cooper City, FL 33330",MECLASS,NONE,E,Massage Envy Franchising,11041861,,,26.046489,-80.313154
Massage Envy - Coral Gables,256 Miracle Mile,,Coral Gables,FL,33134,"256 Miracle Mile, Coral Gables, FL 33134",MECLASS,NONE,E,Massage Envy Franchising,11041861,,,25.749165,-80.259874
Massage Envy - South Miami,6927 Red Road,,Coral Gables,FL,33143,"6927 Red Road, Coral Gables, FL 33143",MECLASS,NONE,C,Massage Envy Franchising,11041861,,,25.704765,-80.285151
Massage Envy - Coral Springs,2878 University Dr.,,Coral Springs,FL,33065,"2878 University Dr., Coral Springs, FL 33065",MECLASS,NONE,D,Massage Envy Franchising,11041861,,,26.266307,-80.250896
Belfiore Wellness Center,502 E Hickory Ave,,Crestview,FL,32536,"502 E Hickory Ave, Crestview, FL 32536",MEDICALSPA,NONE,E,,,(850) 683-1100,https://belfiorewellnesscenter.com/,30.765366,-86.569764
Massage Envy - Cutler Bay,18443 South Dixie Hwy,,Cutler Bay,FL,33157,"18443 South Dixie Hwy, Cutler Bay, FL 33157",MECLASS,NONE,U,Massage Envy Franchising,11041861,,,25.597987,-80.354368
Walk the Line Aesthetics & Medicine,13951 7th St,Unit 1,Dade City,FL,33525,"13951 7th St, Dade City, FL 33525",MEDICALSPA,NONE,N,,,(352) 584-9931,wtlaesthetics.com,28.361401,-82.189205
Massage Envy - Davie,2264 S University Dr,,Davie,FL,33324,"2264 S University Dr, Davie, FL 33324",MECLASS,NONE,C,Massage Envy Franchising,11041861,,,26.094103,-80.249499
Massage Envy - Deland,233 E International Speedway Blvd,,DeLand,FL,32724,"233 E International Speedway Blvd, DeLand, FL 32724",MECLASS,NONE,E,Massage Envy Franchising,11041861,,,29.056215,-81.302052
Massage Envy - Hillsboro,200 S Federal Hwy,,Deerfield Beach,FL,33441,"200 S Federal Hwy, Deerfield Beach, FL 33441",MECLASS,NONE,D,Massage Envy Franchising,11041861,,,26.314832,-80.088843
Massage Envy - Destin - 03-0941,"34904 Emerald Coast Pkwy, Suite 132",,Destin,FL,32541,"34904 Emerald Coast Pkwy, Suite 132, Destin, FL 32541",MECLASS,NONE,D,Massage Envy Franchising,11041861,,,30.387204,-86.427667
"Perfect B, LLC",3905 NW 107 Ave,104,Doral,FL,33178,"3905 NW 107 Ave , Doral, FL 33178",MEDICALSPA,GOLD,C,,,,,25.810608,-80.367866
Estero Cryo Ventures-Restore Hyper Wellness-FL047,10171 Estero Town Commons Pl,Unit #303,Estero,FL,33928,"10171 Estero Town Commons Pl, Estero, FL 33928",DOCTOR,GOLD,A,Restore Hyper Wellness - Parent Account,11061787,(239) 301-0907,https://restore.com,26.430338,-81.782762
Massage Envy - Coconut Point - 09-0096,8001 Plaza Del Lago,,Estero,FL,33928,"8001 Plaza Del Lago, Estero, Fl 33928",MECLASS,NONE,C,Massage Envy Franchising,11041861,,,26.407248,-81.808739
Massage Envy - Fleming Island - 01-0786,865 Hibernia Rd Ste 103,,Fleming Island,FL,32003,"865 Hibernia Rd Ste 103, Fleming Island, Fl 32003",MECLASS,NONE,E,Massage Envy Franchising,11041861,,,30.070259,-81.706488
Evina Enhancements,811 E Los Olas Blvd Unit 4,,Fort Lauderdale,FL,33301,"811 E Los Olas Blvd Unit 4, Fort Lauderdale, FL 33301",WHOLESALE,NONE,N,,,(954) 699-8512,,26.119463,-80.13503
Massage Envy - Fort Lauderdale,1917 Cordova Road,,Fort Lauderdale,FL,33316,"1917 Cordova Road, Fort Lauderdale, FL 33316",MECLASS,NONE,D,Massage Envy Franchising,11041861,,,26.097132,-80.130975
Restore Hyper Wellness - Fort Lauderdale (FL026),2428 N Federal Hwy,,Fort Lauderdale,FL,33305,"2428 N Federal Hwy, Fort Lauderdale, FL 33305",DOCTOR,NONE,None,Restore Hyper Wellness - Parent Account,11061787,(954) 418-2796,https://www.restore.com/locations/fl-fort-lauderdale-fl026,26.156785,-80.117145
Karlee Lauren Aesthetics LLC,6442 Commerce Park Dr Ste 2,,Fort Myers,FL,33966,"6442 Commerce Park Dr Ste 2, Fort Myers, FL 33966",MEDICALSPA,NONE,D,,,,,26.548524,-81.847353
Massage Envy - South Fort Myers - 09-009,15880 Summerlin Rd,,Fort Myers,FL,33908,"15880 Summerlin Rd, Fort Myers, FL 33908",MECLASS,NONE,U,Massage Envy Franchising,11041861,,,26.515192,-81.900145
Massage Envy - Fort Myers - 09-1356,9374 Ben C Pratt/6 Mile Cypress Pkwy,Unit 160,Ft Myers,FL,33966,"9374 BEN C PRATT/6 MILE CYPRESS PKWY, Ft Myers, FL 33966",MECLASS,NONE,C,Massage Envy Franchising,11041861,,,26.606816,-81.811991
Massage Envy - Ft. Walton Beach - 03-116,99 Eglin Pkwy,Ste 5B,Ft. Walton Beach,FL,32548,"99 Eglin Pkwy, Ft. Walton Beach, FL 32548",MECLASS,NONE,C,Massage Envy Franchising,11041861,,,30.418433,-86.606984
Lisa's Skin Care of Gainesville,3832 NW 12th Pl,,Gainesville,FL,32605,"3832 NW 12th Pl, Gainesville, FL 32605",MEDICALSPA,NONE,C,,,,,29.659028,-82.396025
Massage Envy - Gainesville/butler Plaza,3946 Sw Archer Rd,Ste W 105-106,Gainesville,FL,32608,"3946 Sw Archer Rd, Gainesville, Fl 32608",MECLASS,NONE,D,Massage Envy Franchising,11041861,,,29.621715,-82.38301
Skin Avenue Aesthetics,4020 Newberry Rd,Ste 100,Gainesville,FL,32607,"4020 Newberry Rd, Gainesville, FL 32607",MEDICALSPA,SILVER,E,,,,https://www.skinavenueaesthetics.com,29.654317,-82.385882
Transformations Aesthetics,91 Branscomb Rd,Suite 6,Green Cove Springs,FL,32043,"91 Branscomb Rd, Green Cove Springs, FL 32043",MEDICALSPA,NONE,U,,,,,30.049356,-81.808924
Massage Envy - Gulf Breeze/pensacola Bch,1165 Gulf Breeze Parkway,,Gulf Breeze,FL,32561,"1165 Gulf Breeze Parkway, Gulf Breeze, Fl 32561",MECLASS,NONE,D,Massage Envy Franchising,11041861,,,30.357566,-87.155438
Yamila's Faces Skin Care Institute Inc,2100 E Hallandale Beach Blvd,205,Hallandale Beach,FL,33009,"2100 E Hallandale Beach Blvd, Hallandale Beach, FL 33009",MEDICALSPA,NONE,E,,,,,25.985527,-80.127834
Massage Envy - East Hollywood,1640 Sheridan St,,Hollywood,FL,33020,"1640 Sheridan St, Hollywood, FL 33020",MECLASS,NONE,D,Massage Envy Franchising,11041861,,,26.032447,-80.139659
Massage Envy - Hollywood Fl - 26-0707,5081 Sheridan Street,,Hollywood,FL,33021,"5081 Sheridan Street, Hollywood, Fl 33021",MECLASS,NONE,D,Massage Envy Franchising,11041861,,,26.034565,-80.195588
ANNAZUR Organic SPA,4130 Salisbury Rd,1220,Jacksonville,FL,32216,"4130 Salisbury Rd, Jacksonville, FL 32216",WHOLESALE,NONE,N,,,,,30.253819,-81.596139
Glowhemian Esthetics,4796 Hodges Blvd,Ste 236,Jacksonville,FL,32224,"4796 Hodges Blvd, Jacksonville, FL 32224",WHOLESALE,NONE,N,,,(904) 885-0866,https://www.vagaro.com/glowhemianesthetics,30.257773,-81.467292
Integra Wellness and Aesthetics,10175 Fortune Pkwy,#204,Jacksonville,FL,32256,"10175 Fortune Pkwy, Jacksonville, FL 32256",DOCTOR,NONE,N,,,,,30.185633,-81.548258
Massage Envy - Bartram Park - 01-0029,13820 Old St Augustine Rd,,Jacksonville,FL,32258,"13820 Old St Augustine Rd, Jacksonville, Fl 32258",MECLASS,NONE,D,Massage Envy Franchising,11041861,,,30.140427,-81.549643
Massage Envy - Harbour Village - 01-0182,13475 Atlantic Blvd STE 18,,Jacksonville,FL,32225,"13475 Atlantic Blvd STE 18, Jacksonville, FL 32225",MECLASS,NONE,D,Massage Envy Franchising,11041861,,,30.322275,-81.452532
Massage Envy - Oakleaf - 01-1215,9651 Crosshill Blvd #110,,Jacksonville,FL,32222,"9651 Crosshill Blvd #110, Jacksonville, Fl 32222",MECLASS,NONE,E,Massage Envy Franchising,11041861,,,30.197895,-81.828285
Massage Envy - Ortega - 01-0130,4509 St Johns Ave,Ste 1,Jacksonville,FL,32210,"4509 St Johns Ave, Jacksonville, FL 32210",MECLASS,NONE,D,Massage Envy Franchising,11041861,,,30.288969,-81.721347
Massage Envy - Southside - 01-0676,"4375 Southside Boulevard, STE 10",,Jacksonville,FL,32216,"4375 Southside Boulevard, STE 10, Jacksonville, FL 32216",MECLASS,NONE,E,Massage Envy Franchising,11041861,,,30.26721,-81.5575
Massage Envy - St Johns PKWY,90 Shops Blvd,Unit 30,Jacksonville,FL,32259,"90 Shops Blvd, Jacksonville, FL 32259",MECLASS,NONE,E,Massage Envy Franchising,11041861,,,30.177731,-81.556875
Massage Envy - Jacksonville Beach - 01-0,3940 S. Third Street,,Jacksonville Beach,FL,32250,"3940 S. Third Street, Jacksonville Beach, Fl 32250",MECLASS,NONE,D,Massage Envy Franchising,11041861,,,30.25832,-81.392114
Massage Envy - Jupiter,"3755 Military Trail, STE A-1",,Jupiter,FL,33458,"3755 Military Trail, STE A-1, Jupiter, FL 33458",MECLASS,NONE,E,Massage Envy Franchising,11041861,,,26.898611,-80.101503
Massage Envy - Kissimmee - 40-1380,3245 Rolling Oaks Blvd,,Kissimmee,FL,34747,"3245 Rolling Oaks Blvd, Kissimmee, Fl 34747",MECLASS,NONE,U,Massage Envy Franchising,11041861,,,28.344592,-81.611495
Massage Envy - 1441 Lake Mary Ctre,3879 Lake Emma Rd,,Lake Mary,FL,32746,"3879 Lake Emma Rd, Lake Mary, FL 32746",MECLASS,NONE,U,Massage Envy Franchising,11041861,,,28.754821,-81.356595
Restore Hyper Wellness - Lake Mary (FL003),3681 Lake Emma Rd.,,Lake Mary,FL,32746,"3681 Lake Emma Rd., Lake Mary, FL 32746",DOCTOR,NONE,E,Restore Hyper Wellness - Parent Account,11061787,(407) 878-6164,,28.753262,-81.354443
Massage Envy - Lake Worth,6169 Jog Rd. Unit 4C Establishment,,Lake Worth,FL,33467,"6169 Jog Rd. Unit 4C Establishment, Lake Worth, FL 33467",MECLASS,NONE,D,Massage Envy Franchising,11041861,,,26.588031,-80.149143
Massage Envy - Lakeland - 09-0509,3615 S. Florida Ave.,,Lakeland,FL,33803,"3615 S. Florida Ave., Lakeland, Fl 33803",MECLASS,NONE,E,Massage Envy Franchising,11041861,,,27.998316,-81.959065
Lakewood Ranch Plastic Surgery,Anna Widmyer Md,6274 Lake Osprey Dr,Lakewood Ranch,FL,34240,"ANNA WIDMYER MD, Lakewood Ranch, FL 34240",DOCTOR,NONE,U,,,,,27.388129,-82.44426
Jonique Day Spa,645 Indian Rocks Rd. N,,Largo,FL,33770,"645 INDIAN ROCKS RD. N, Largo, FL 33770",WHOLESALE,NONE,U,,,,,27.922264,-82.813609
Massage Envy - Largo - 09-0339,10609 Ulmerton Rd,,Largo,FL,33771,"10609 Ulmerton Rd, Largo, Fl 33771",MECLASS,NONE,D,Massage Envy Franchising,11041861,,,27.895456,-82.785639
Massage Envy - Van Dyke / Lutz - 09-0362,17673 N. Dale Mabry Hwy Establishment,,Lutz,FL,33548,"17673 N. Dale Mabry Hwy Establishment, Lutz, FL 33548",MECLASS,NONE,A,Massage Envy Franchising,11041861,,,28.126316,-82.500803
Coiffures International Salon and Spa,651 S Collier Blvd,Unit 1B,Marco Island,FL,34145,"651 S Collier Blvd, Marco Island, FL 34145",WHOLESALE,NONE,U,,,,,25.920658,-81.72577
A Day Away Massage and Spa,425 E Hollywood Blvd,,Mary Esther,FL,32569,"425 E Hollywood Blvd, Mary Esther, FL 32569",WHOLESALE,NONE,D,,,(850) 362-6263,https://adayawayfl.com/,30.413918,-86.653429
Massage Envy - Viera - 40-0968,"2261 Town Center Ave., #115",,Melbourne,FL,32940,"2261 Town Center Ave., #115, Melbourne, FL 32940",MECLASS,NONE,E,Massage Envy Franchising,11041861,,,28.244143,-80.725814
Tactical Aesthetics,8045 Spyglass Rd,#101,Melbourne,FL,32940,"8045 SPYGLASS RD, Melbourne, FL 32940",WHOLESALE,NONE,D,,,,,28.202301,-80.670795
Ethereal Medspa,13011 SW 132 St.,,Miami,FL,33186,"13011 SW 132 St., Miami, FL 33186",MEDICALSPA,NONE,U,,,(786) 804-1241,,25.645023,-80.405164
Massage Envy - Brickell,900 S. Miami Ave,,Miami,FL,33130,"900 S. Miami Ave, Miami, FL 33130",MECLASS,NONE,E,Massage Envy Franchising,11041861,,,25.765183,-80.193395
Massage Envy - Country Walk,13721 SW 152nd St,,Miami,FL,33177,"13721 SW 152nd St, Miami, FL 33177",MECLASS,NONE,C,Massage Envy Franchising,11041861,,,25.62744,-80.415125
Massage Envy - Doral,9751 NW 41st St.,,Miami,FL,33178,"9751 NW 41st St., Miami, FL 33178",MECLASS,NONE,D,Massage Envy Franchising,11041861,,,25.813122,-80.355098
Massage Envy - East Kendall,9017 SW 107th Ave,,Miami,FL,33176,"9017 SW 107th Ave, Miami, FL 33176",MECLASS,NONE,E,Massage Envy Franchising,11041861,,,25.684616,-80.365317
Massage Envy - Kendall,13660 SW 88th Street,,Miami,FL,33196,"13660 SW 88th Street, Miami, FL 33196",MECLASS,NONE,D,Massage Envy Franchising,11041861,,,25.683835,-80.415622
Massage Envy - Midtown Miami,"3401 N. Miami Ave., Suite 107",,Miami,FL,33127,"3401 N. Miami Ave., Suite 107, Miami, FL 33127",MECLASS,NONE,E,Massage Envy Franchising,11041861,,,25.807051,-80.194917
Massage Envy - Shops at Tamiami,Rina Cohen,14200 SW 8th St Ste 108,Miami,FL,33184,"Rina Cohen, Miami, FL 33184",MECLASS,NONE,D,Massage Envy Franchising,11041861,,,25.760469,-80.425628
Skin Type Solutions,7257 NE 4th Ave,,Miami,FL,33138,"7257 NE 4th Ave, Miami, FL 33138",DOCTOR,NONE,A,,,,,25.84226,-80.189144
Skin Uncovered,8830 SW 129th Ter,,Miami,FL,33176,"8830 SW 129th Ter, Miami, FL 33176",WHOLESALE,NONE,D,,,,,25.649424,-80.336879
SkinSpirit Essential LLC - Miami,851 NE 1st Ave.,Ste 116,Miami,FL,33132,"851 NE 1st Ave., Miami, FL 33132",DOCTOR,NONE,E,SkinSpirit National Account,11038393,,,25.782453,-80.191836
Massage Envy - South Beach,767 17th Street,,Miami Beach,FL,33139,"767 17th Street, Miami Beach, FL 33139",MECLASS,NONE,U,Massage Envy Franchising,11041861,,,25.792378,-80.136062
Massage Envy - Miami Lakes,15422 B&C NW 77th Ct,,Miami Lakes,FL,33016,"15422 B&C NW 77th Ct, Miami Lakes, FL 33016",MECLASS,NONE,D,Massage Envy Franchising,11041861,,,25.91391,-80.32856
New Life Med Center,5801 NW 151th St #106,,Miami Lakes,FL,33014,"5801 NW 151th St #106, Miami Lakes, FL 33014",MEDICALSPA,NONE,U,,,(305) 640-8393,https://vivemedcenter.com/,25.911201,-80.295237
Massage Envy - Miramar,12304 Miramar Pkwy,,Miramar,FL,33025,"12304 Miramar Pkwy, Miramar, FL 33025",MECLASS,NONE,D,Massage Envy Franchising,11041861,,,25.978149,-80.310212
Massage Envy - Mt. Dora,18660 US Hwy 441,Suite 101,Mount Dora,FL,32757,"18660 US Hwy 441, Mount Dora, FL 32757",MECLASS,NONE,E,Massage Envy Franchising,11041861,(689) 262-6266,,28.823862,-81.647579
Abby Gray Aesthetics,7935 Airport Rd. 2nd Floor,Suite # 209,Naples,FL,34109,"7935 Airport Rd. 2nd Floor, Naples, FL 34109",WHOLESALE,NONE,E,,,(603) 498-1947,www.abbygrayaesthetics.com,26.140399,-81.766636
Massage Envy - Naples - 09-0094,"6345 Naples Blvd, STE A3-4",,Naples,FL,34109,"6345 Naples Blvd, STE A3-4, Naples, FL 34109",MECLASS,NONE,D,Massage Envy Franchising,11041861,,,26.219821,-81.773188
Restore Hyper Wellness-Naples Cryo Ventures-FL007,6340 Naples Blvd,Unit 7,Naples,FL,34109,"6340 Naples Blvd, Naples, FL 34109",DOCTOR,NONE,U,Restore Hyper Wellness - Parent Account,11061787,(239) 260-5684,https://restore.com,26.218974,-81.772422
Restore Hyper Wellness-North Naples Cryo Ventures-FL108,8850 Founders Square Dr,Ste 220,Naples,FL,34120,"8850 Founders Square Dr, Naples, FL 34120",DOCTOR,NONE,E,Restore Hyper Wellness - Parent Account,11061787,(239) 360-4616,https://restore.com,26.271383,-81.686324
Blissful Beauty Bar,4550 Hwy 20,Ste K,Niceville,FL,32578,"4550 Hwy 20, Niceville, FL 32578",MEDICALSPA,GOLD,B,,,,,30.486174,-86.417116
Massage Envy - North Miami,1815 NE 123rd Street,,North Miami,FL,33181,"1815 NE 123rd Street, North Miami, FL 33181",MECLASS,NONE,E,Massage Envy Franchising,11041861,,,25.889925,-80.162081
Massage Envy - PGA,"11680 US 1, Suite 60",,North Palm Beach,FL,33408,"11680 US 1, Suite 60, North Palm Beach, FL 33408",MECLASS,NONE,E,Massage Envy Franchising,11041861,,,26.845967,-80.058934
Massage Envy - Ocala,2701 SW College Road,Suite 601,Ocala,FL,34474,"2701 SW College Road, Ocala, FL 34474",MECLASS,NONE,D,Massage Envy Franchising,11041861,,,29.166843,-82.170503
Massage Envy - Orange City,985 Harley Strickland Blvd,Ste 300,Orange City,FL,32763,"985 Harley Strickland Blvd, Orange City, FL 32763",MECLASS,NONE,E,Massage Envy Franchising,11041861,,,28.918786,-81.28597
Bare Facial Studio,5205 S. Orange Avenue,Suite 101,Orlando,FL,32809,"5205 S. Orange Avenue, Orlando, FL 32809",MEDICALSPA,NONE,U,,,(407) 529-5035,,28.484986,-81.372041
Massage Envy - Downtown / Sodo - 40-0724,"45 W Crystal Lake St, STE 193",,Orlando,FL,32806,"45 W Crystal Lake St, STE 193, Orlando, FL 32806",MECLASS,NONE,D,Massage Envy Franchising,11041861,,,28.515393,-81.378822
Massage Envy - Dr. Phillips,8081 Turkey Lake Rd,Suite 100,Orlando,FL,32819,"8081 Turkey Lake Rd, Orlando, FL 32819",MECLASS,NONE,D,Massage Envy Franchising,11041861,,,28.447435,-81.47571
Massage Envy - Greenshire,10030 Greenshire Way,,Orlando,FL,32827,"10030 Greenshire Way, Orlando, FL 32827",MECLASS,NONE,U,,,,,28.420964,-81.27423
Massage Envy - Hunters Creek - 40-0744,"4101 Hunter's Park Lane, STE 404",,Orlando,FL,32837,"4101 Hunter's Park Lane, STE 404, Orlando, FL 32837",MECLASS,NONE,C,Massage Envy Franchising,11041861,,,28.367851,-81.426997
Massage Envy - Lake Nona,13919 Narcoossee Rd,Ste 100,Orlando,FL,32832,"13919 Narcoossee Rd, Orlando, FL 32832",MECLASS,NONE,U,Massage Envy Franchising,11041861,,,28.362749,-81.243802
Massage Envy - Lee Vista,6889 Eagle Watch Drive,Suite 225,Orlando,FL,32822,"6889 Eagle Watch Drive, Orlando, FL 32822",MECLASS,NONE,E,Massage Envy Franchising,11041861,,,28.463381,-81.30706
Massage Envy - Waterford Lakes - 40-0328,833 N Alafaya Trl,,Orlando,FL,32828,"833 N Alafaya Trl, Orlando, Fl 32828",MECLASS,NONE,E,Massage Envy Franchising,11041861,,,28.556827,-81.204157
Olivia The Skin Therapist,23 N Summerlin Ave,,Orlando,FL,32801,"23 N Summerlin Ave, Orlando, FL 32801",WHOLESALE,SILVER,D,,,(407) 757-8103,,28.543026,-81.368173
Optimum Mind and Body,7300 Sandlake Commoms Blvd,,Orlando,FL,32819,"7300 Sandlake Commoms Blvd , Orlando, FL 32819",WHOLESALE,NONE,E,,,,,28.430295,-81.479346
Restore Hyper Wellness - Nona (FL107),14381 Narcoossee Rd.,#100,Orlando,FL,32832,"14381 Narcoossee Rd., Orlando, FL 32832",DOCTOR,NONE,U,Restore Hyper Wellness - Parent Account,11061787,(407) 305-7666,,28.360744,-81.243011
Restore Hyper Wellness - Orlando (FL010),7541 W Sand Lake Rd,Ste B,Orlando,FL,32819,"7541 W Sand Lake Rd, Orlando, FL 32819",DOCTOR,NONE,C,Restore Hyper Wellness - Parent Account,11061787,(407) 203-0017,,28.45074,-81.485238
Sea Glass Med Spa,1726 S Bumby Ave,,Orlando,FL,32806,"1726 S Bumby Ave, Orlando, FL 32806",MEDICALSPA,NONE,E,,,,seaglassmedspa.com,28.522064,-81.351877
Massage Envy - Ormond Beach,332 N Nova Rd,,Ormond Beach,FL,32174,"332 N Nova Rd, Ormond Beach, FL 32174",MECLASS,NONE,U,Massage Envy Franchising,11041861,,,29.285197,-81.084016
Omorfia Spa Services,355 W Granada Blvd,,Ormond Beach,FL,32174,"355 W Granada Blvd, Ormond Beach, FL 32174",MEDICALSPA,SILVER,B,,,,,29.282166,-81.067542
Massage Envy - Oviedo - 40-0833,75 Alafaya Woods Blvd,,Oviedo,FL,32765,"75 Alafaya Woods Blvd, Oviedo, Fl 32765",MECLASS,NONE,D,Massage Envy Franchising,11041861,,,28.650979,-81.205156
Massage Envy - Palm Beach Gardens,3938 Northlake Blvd,,Palm Beach Gardens,FL,33403,"3938 Northlake Blvd, Palm Beach Gardens, FL 33403",MECLASS,NONE,D,Massage Envy Franchising,11041861,,,26.806166,-80.096684
Massage Envy - Palm City,2927 SW High Meadows Ave,,Palm City,FL,34990,"2927 SW High Meadows Ave, Palm City, FL 34990",MECLASS,NONE,E,Massage Envy Franchising,11041861,,,27.169572,-80.293539
Massage Envy - Palm Coast - 40-1316,250 Palm Coast Parkway NE. Ste. 210-211,,Palm Coast,FL,32137,"250 Palm Coast Parkway NE. Ste. 210-211, Palm Coast, FL 32137",MECLASS,NONE,E,Massage Envy Franchising,11041861,,,29.557298,-81.21028
Massage Envy - Palm Harbor - 09-0031,34848 Us Highway 19n,,Palm Harbor,FL,34684,"34848 Us Highway 19n, Palm Harbor, Fl 34684",MECLASS,NONE,B,Massage Envy Franchising,11041861,,,28.088761,-82.74082
Massage Envy - The Falls,13605 S Dixie HWY,,Palmetto Bay,FL,33156,"13605 S Dixie HWY, Palmetto Bay, FL 33156",MECLASS,NONE,B,Massage Envy Franchising,11041861,,,25.642154,-80.333887
Massage Envy - Pier Park - 03-0342,"15801 LC Hilton Jr Drive, STE 120",,Panama City Beach,FL,32413,"15801 LC Hilton Jr Drive, STE 120, Panama City Beach, FL 32413",MECLASS,NONE,C,Massage Envy Franchising,11041861,,,30.21793,-85.87435
Glam Perception,15940 Pines Blvd,,Pembroke Pines,FL,33027,"15940 Pines Blvd, Pembroke Pines, FL 33027",WHOLESALE,NONE,D,,,,,26.0074,-80.3601
Massage Envy - Pembroke Pines,14912 Pines Blvd. MM# 19994,,Pembroke Pines,FL,33027,"14912 Pines Blvd. MM# 19994, Pembroke Pines, FL 33027",MECLASS,NONE,E,Massage Envy Franchising,11041861,,,26.006329,-80.347921
Priority Family Health,3 SW 129th Ave,Ste 101,Pembroke Pines,FL,33027,"3 SW 129th Ave, Pembroke Pines, FL 33027",DOCTOR,SILVER,C,,,703755,,26.005764,-80.319607
Restore Hyper Wellness - Pembroke Pines (FL087),14914 Pines Blvd.,,Pembroke Pines,FL,33027,"14914 Pines Blvd., Pembroke Pines, FL 33027",DOCTOR,NONE,E,Restore Hyper Wellness - Parent Account,11061787,(954) 857-2244,,26.006317,-80.34805
Skin Deep Soul,15800 Pines Blvd,Ste 320,Pembroke Pines,FL,33027,"15800 Pines Blvd, Pembroke Pines, FL 33027",WHOLESALE,NONE,D,,,,,26.006848,-80.356021
Massage Envy - Pensacola - 03-0688,6601 N Davis Hwy,Ste 37A,Pensacola,FL,32504,"6601 N Davis Hwy, Pensacola, FL 32504",MECLASS,NONE,C,Massage Envy Franchising,11041861,,,30.49336,-87.225442
J Beauty Spa,12651 S Dixie Hwy,Suite 315,Pinecrest,FL,33156,"12651 S Dixie Hwy, Pinecrest, FL 33156",WHOLESALE,NONE,U,,,,,25.652133,-80.329119
Restore Hyper Wellness - Pinecrest (FL005),11723 S Dixie Hwy,,Pinecrest,FL,33156,"11723 S DIXIE HWY, Pinecrest, FL 33156",DOCTOR,NONE,U,Restore Hyper Wellness - Parent Account,11061787,(305) 395-5332,,25.66185,-80.325029
Massage Envy - Sawgrass / Plantation - 2,12101 West Sunrise Blvd,,Plantation,FL,33323,"12101 West Sunrise Blvd, Plantation, Fl 33323",MECLASS,NONE,E,Massage Envy Franchising,11041861,,,26.147241,-80.309077
Massage Envy - Pompano Beach,1159 South Federal Highway,,Pompano Beach,FL,33062,"1159 South Federal Highway, Pompano Beach, FL 33062",MECLASS,NONE,D,Massage Envy Franchising,11041861,,,26.216591,-80.108244
Massage Envy - Port Charlotte - 09-1300,1808 Tamiami Trail,,Port Charlotte,FL,33948,"1808 Tamiami Trail, Port Charlotte, FL 33948",MECLASS,NONE,A,Massage Envy Franchising,11041861,,,27.007832,-82.132049
Breeze Aesthetics,5763 Stewart Ave,,Port Orange,FL,32127,"5763 Stewart Ave, Port Orange, FL 32127",MEDICALSPA,NONE,U,,,,,29.109999,-81.019268
Massage Envy - Port Orange - 40-0520,5535 S Williamson Blvd,Ste 645,Port Orange,FL,32118,"5535 S Williamson Blvd, Port Orange, FL 32118",MECLASS,NONE,D,Massage Envy Franchising,11041861,,,29.109972,-81.032442
Massage Envy - Port St. Lucie West,"1707 NW St. Lucie West Blvd., Ste. 146",,Port St. Lucie,FL,34986,"1707 NW St. Lucie West Blvd., Ste. 146, Port St. Lucie, FL 34986",MECLASS,NONE,C,Massage Envy Franchising,11041861,,,27.31313,-80.404744
Massage Envy - Royal Palm Beach,"11021 Southern Blvd, STE 100",,Royal Palm Beach,FL,33411,"11021 Southern Blvd, STE 100, Royal Palm Beach, FL 33411",MECLASS,NONE,C,Massage Envy Franchising,11041861,,,26.683388,-80.223516
Southlake Direct Primary Care,308 Kingsley Lake Dr,Ste 801,Saint Augustine,FL,32092,"308 Kingsley Lake Dr, Saint Augustine, FL 32092",DOCTOR,NONE,U,,,,,30.058115,-81.514096
Massage Envy - Lake Mary / Sanford - 40-,1465 Wp Ball Blvd,,Sanford,FL,32771,"1465 Wp Ball Blvd, Sanford, Fl 32771",MECLASS,NONE,E,Massage Envy Franchising,11041861,,,28.799571,-81.335281
Massage Envy - Sarasota / Midtown - 09-0,1279 S Tamiami Trail,,Sarasota,FL,34239,"1279 S Tamiami Trail, Sarasota, Fl 34239",MECLASS,NONE,C,Massage Envy Franchising,11041861,,,27.322475,-82.528601
Massage Envy - Sarasota North - 09-0640,2855 University Parkway,,Sarasota,FL,34243,"2855 University Parkway, Sarasota, Fl 34243",MECLASS,NONE,D,Massage Envy Franchising,11041861,,,27.390646,-82.512305
Massage Envy - Sarasota South - 09-0639,4055 Clark Road,,Sarasota,FL,34233,"4055 Clark Road, Sarasota, FL 34233",MECLASS,NONE,D,Massage Envy Franchising,11041861,,,27.270171,-82.487644
Sarasota Plastic Surgery Ctr.,2255 S Tamiami Trl,,Sarasota,FL,34239,"2255 S Tamiami Trl, Sarasota, FL 34239",DOCTOR,NONE,D,,,,,27.313327,-82.529533
SkinSpirit Essential LLC. - Sarasota,109 Links Ave,Ste I,Sarasota,FL,34236,"109 Links Ave, Sarasota, FL 34236",DOCTOR,NONE,U,SkinSpirit National Account,11038393,(941) 337-7200,,27.337802,-82.533204
Pinnacle Health & Weight Loss,5999 Central Ave,301,St Petersburg,FL,33710,"5999 Central Ave, St Petersburg, Fl 33710",MEDICALSPA,NONE,N,,,(727) 202-1104,,27.771342,-82.715782
Live Without Lines,206 Ashourian Ave,Ste 201-204,St. Augustine,FL,32092,"206 Ashourian Ave, St. Augustine, FL 32092",DOCTOR,NONE,D,,,,,30.058225,-81.526809
The Well,1520 Longleaf Pine Parkway,"Suite 12, Studio 134",St. John's,FL,32259,"1520 Longleaf Pine Parkway, St. John's, FL 32259",WHOLESALE,NONE,E,,,(336) 689-0992,,30.081415,-81.554501
Massage Envy - St. Petersburg 4th Street,5020 4th Street N.,,St. Petersburg,FL,33703,"5020 4th Street N., St. Petersburg, Fl 33703",MECLASS,NONE,C,Massage Envy Franchising,11041861,,,27.818208,-82.639186
Massage Envy - St. Petersburg 66th St -,1422 66th Street,,St. Petersburg,FL,33710,"1422 66th Street, St. Petersburg, FL 33710",MECLASS,NONE,B,Massage Envy Franchising,11041861,,,27.785439,-82.729366
Restore Hyper Wellness - Seminole (FL080),7855 113th St,,St. Seminole,FL,33772,"7855 113th St, St. Seminole, FL 33772",DOCTOR,NONE,U,Restore Hyper Wellness - Parent Account,11061787,(813) 433-1349,,27.842671,-82.795227
Massage Envy - Stuart,1503 NW Federal Hwy,,Stuart,FL,34994,"1503 NW Federal Hwy, Stuart, FL 34994",MECLASS,NONE,U,Massage Envy Franchising,11041861,,,27.223743,-80.26362
Massage Envy - Sun City,3726 Sun City Center Blvd,Suite 102,Sun City Center,FL,33573,"3726 Sun City Center Blvd, Sun City Center, FL 33573",MECLASS,NONE,D,Massage Envy Franchising,11041861,,,27.713339,-82.376082
Massage Envy - Kerry Forest - 01-0374,2887 Kerry Forest Pkwy,,Tallahassee,FL,32309,"2887 Kerry Forest Pkwy, Tallahassee, FL 32309",MECLASS,NONE,D,Massage Envy Franchising,11041861,,,30.542286,-84.229814
About Face,13145  N Dale Mabry Hwy,#D - Studio 7,Tampa,FL,33613,"13145  N Dale Mabry Hwy, Tampa, FL 33613",WHOLESALE,NONE,U,,,,,28.066459,-82.502023
Advanced Aesthetics A2,10205 Wilsky Blvd,,Tampa,FL,33625,"10205 Wilsky Blvd, Tampa, FL 33625",MEDICALSPA,NONE,N,,,,,28.042223,-82.56584
Biodesign Wellness Medspa,"3200 Henderson Blvd, Floor 1",,Tampa,FL,33609,"3200 Henderson Blvd, Floor 1, Tampa, FL 33609",MEDICALSPA,NONE,D,,,(813) 445-7770,https://biodesignwellness.com/,27.944186,-82.495567
Massage Envy - Carrollwood,10905 N Dale Mabry Hwy,,Tampa,FL,33618,"10905 N Dale Mabry Hwy, Tampa, FL 33618",MECLASS,NONE,D,Massage Envy Franchising,11041861,,,28.047889,-82.503848
Massage Envy - Citrus Park - 09-0198,8618 Citrus Park Drive,,Tampa,FL,33625,"8618 Citrus Park Drive, Tampa, FL 33625",MECLASS,NONE,D,Massage Envy Franchising,11041861,,,28.064847,-82.580812
Massage Envy - Downtown Tampa - 09-1257,1120 E Kennedy Blvd STE 152,,Tampa,FL,33602,"1120 E Kennedy Blvd STE 152, Tampa, FL 33602",MECLASS,NONE,D,Massage Envy Franchising,11041861,,,27.951152,-82.44794
Massage Envy - South Tampa - 09-0024,"3830 W. Neptune St., Ste C-2",,Tampa,FL,33629,"3830 W. Neptune St., Ste C-2, Tampa, FL 33629",MECLASS,NONE,C,Massage Envy Franchising,11041861,,,27.929523,-82.507296
Restore Hyper Wellness - Carrollwood FL009,13158 N. Dale Mabry Hwy,,Tampa,FL,33618,"13158 N. Dale Mabry Hwy, Tampa, FL 33618",DOCTOR,NONE,None,Restore Hyper Wellness - Parent Account,11061787,(813) 252-5464,https://www.restore.com/locations/fl-tampa-carrollwood-fl009,28.06633,-82.507256
Restore Hyper Wellness - Westchase FL012,10718 Countryway Blvd,,Tampa,FL,33626,"10718 Countryway Blvd, Tampa, FL 33626",DOCTOR,NONE,None,Restore Hyper Wellness - Parent Account,11061787,(813) 510-3104,https://www.restore.com/locations/fl-tampa-westchase-fl012,28.05722,-82.623776
Tampa Bay Plastic Surgery,120 S Fremont Ave,,Tampa,FL,33606,"120 S Fremont Ave, Tampa, FL 33606",DOCTOR,NONE,U,,,,,27.943464,-82.478603
Zee Aesthetics,3641 W Kennedy Blvd,Ste C,Tampa,FL,33609,"3641 W Kennedy Blvd, Tampa, FL 33609",MEDICALSPA,NONE,E,,,(813) 825-4072,https://dailyvitaminzee.com/,27.944949,-82.503454
Massage Envy - The Villages - 40-0969,1004 Bichara Blvd,,The Villages,FL,32159,"1004 Bichara Blvd, The Villages, Fl 32159",MECLASS,NONE,E,Massage Envy Franchising,11041861,,,28.937338,-81.945874
Massage Envy - Titusville,2530 S Washington Ave,Ste 110,Titusville,FL,32780,"2530 S Washington Ave, Titusville, FL 32780",MECLASS,NONE,E,Massage Envy Franchising,11041861,,,28.585633,-80.802764
Modern Image Aesthetics & Wellness,8480 Cooper Creek Blvd,#102,University Park,FL,34201,"8480 Cooper Creek Blvd, University Park, FL 34201",MEDICALSPA,SILVER,C,,,,,27.392239,-82.454246
Restore Hyper Wellness-University Town Center-FL060,5265 University Pkwy,#107,University Park,FL,34201,"5265 University Pkwy, University Park, FL 34201",DOCTOR,NONE,D,Restore Hyper Wellness - Parent Account,11061787,(941) 359-0022,https://restore.com,27.390072,-82.464381
Massage Envy - Venice,1695 US 41 Bypass S,Unit 8,Venice,FL,34293,"1695 US 41 Bypass S, Venice, FL 34293",MECLASS,NONE,B,Massage Envy Franchising,11041861,,,27.073762,-82.424193
Massage Envy - Vero Beach,5820 20th St,,Vero Beach,FL,32966,"5820 20th St, Vero Beach, FL 32966",MECLASS,NONE,E,Massage Envy Franchising,11041861,,,27.640675,-80.448428
Massage Envy - Wellington,2615 State Rd 7,,Wellington,FL,33414,"2615 State Rd 7, Wellington, FL 33414",MECLASS,NONE,D,Massage Envy Franchising,11041861,,,26.641766,-80.206126
Massage Envy - Wesley Chapel - 09-0508,1821 Bruce B. Downs Blvd,Ste 124,Wesley Chapel,FL,33544,"1821 Bruce B. Downs Blvd, Wesley Chapel, Fl 33544",MECLASS,NONE,C,Massage Envy Franchising,11041861,,,28.183445,-82.354506
Neuvo Medical Spa,2653 Bruce B. Downs Blvd,Unit 119,Wesley Chapel,FL,33544,"2653 Bruce B. Downs Blvd, Wesley Chapel, FL 33544",DOCTOR,NONE,U,,,(813) 295-1777,https://www.theneuvospa.com/,28.195017,-82.354213
Massage Envy - West Melbourne - 40-1044,4311 Norfolk Parkway,,West Melbourne,FL,32904,"4311 Norfolk Parkway, West Melbourne, FL 32904",MECLASS,NONE,C,Massage Envy Franchising,11041861,,,28.037761,-80.661037
Massage Envy - West Palm Beach,851 Village Blvd,Ste. 503,West Palm Beach,FL,33409,"851 Village Blvd, West Palm Beach, FL 33409",MECLASS,NONE,E,Massage Envy Franchising,11041861,,,26.714529,-80.102136
Restore Hyper Wellness - West Palm Beach (FL008),2795 S. Dixie Hwy.,,West Palm Beach,FL,33405,"2795 S. Dixie Hwy., West Palm Beach, FL 33405",DOCTOR,NONE,U,Restore Hyper Wellness - Parent Account,11061787,(561) 858-8855,,26.688392,-80.055413
Massage Envy - Weston,1374 Weston Road,,Weston,FL,33326,"1374 Weston Road, Weston, FL 33326",MECLASS,NONE,D,Massage Envy Franchising,11041861,,,26.10346,-80.363505
Massage Envy - Winter Garden - 40-0506,"3025 Daniels Parkway, STE 104",,Winter Garden,FL,34787,"3025 Daniels Parkway, STE 104, Winter Garden, FL 34787",MECLASS,NONE,D,Massage Envy Franchising,11041861,,,28.524826,-81.584256
Massage Envy - Winter Park - 40-0499,1919 Aloma Ave,,Winter Park,FL,32792,"1919 Aloma Ave, Winter Park, Fl 32792",MECLASS,NONE,E,Massage Envy Franchising,11041861,,,28.601422,-81.326786
Massage Envy - Acworth - 11-0881,3384 Cobb Parkway Ste 110/120,,Acworth,GA,30101,"3384 Cobb Parkway Ste 110/120, Acworth, Ga 30101",MECLASS,NONE,U,Massage Envy Franchising,11041861,,,34.036836,-84.684947
Pearl's Spa,4827 S Main St,,Acworth,GA,30101,"4827 S Main St, Acworth, GA 30101",WHOLESALE,SILVER,B,,,(770) 966-9099,https://www.pearlsspa.org/,34.065798,-84.677557
Restore Hyper Wellness - Avalon (GA002),7155 Avalon Blvd,,Alpha,GA,30009,"7155 Avalon Blvd, Alpha, GA 30009",DOCTOR,NONE,None,Restore Hyper Wellness - Parent Account,11061787,(470) 361-2055,,34.070867,-84.274458
Beaty Facial Plastic Surgery,2365 Old Milton Pkwy,400,Alpharetta,GA,30009,"2365 Old Milton Pkwy, Alpharetta, GA 30009",DOCTOR,NONE,E,,,(770) 273-0035,https://beatymd.com/,34.070057,-84.290625
First Body Wellness Center,100 N Main St,Ste 330,Alpharetta,GA,30009,"100 N Main St, Alpharetta, GA 30009",DOCTOR,NONE,U,,,(770) 769-2649,https://firstbodywellnesscenter.com/,34.078287,-84.294837
Massage Envy - Alpharetta - 11-0045,"5530 Windward Pkwy., Bldg G, Ste 1050",,Alpharetta,GA,30004,"5530 Windward Pkwy., Bldg G, Ste 1050, Alpharetta, GA 30004",MECLASS,NONE,E,Massage Envy Franchising,11041861,,,34.088716,-84.26771
Massage Envy - Athens,1850 Epps Bridge Pkwy,Suite 325,Athens,GA,30606,"1850 Epps Bridge Pkwy, Athens, GA 30606",MECLASS,NONE,D,Massage Envy Franchising,11041861,,,33.915604,-83.443679
Elana Advanced Skin Care,110 E Andrews Dr NW,Ste 306,Atlanta,GA,30305,"110 E Andrews Dr NW, Atlanta, GA 30305",WHOLESALE,NONE,E,,,,,33.842929,-84.382785
Massage Envy - Buckhead - 11-0030,3495 Buckhead Loop,,Atlanta,GA,30326,"3495 Buckhead Loop, Atlanta, GA 30326",MECLASS,NONE,E,Massage Envy Franchising,11041861,,,33.84957,-84.370209
Massage Envy - Camp Creek - 11-0504,"3755 Carmia Drive, STE 410",,Atlanta,GA,30331,"3755 Carmia Drive, STE 410, Atlanta, GA 30331",MECLASS,NONE,E,Massage Envy Franchising,11041861,,,33.655864,-84.5083
Massage Envy - Dunwoody / Sandy Springs,4530 Olde Perimeter Way,Suite 110,Atlanta,GA,30346,"4530 Olde Perimeter Way, Atlanta, GA 30346",MECLASS,NONE,E,Massage Envy Franchising,11041861,,,33.933635,-84.348995
Massage Envy - Midtown - 11-0632,650 Ponce De Leon Ave Suite 600a,,Atlanta,GA,30308,"650 Ponce De Leon Ave Suite 600a, Atlanta, Ga 30308",MECLASS,NONE,U,Massage Envy Franchising,11041861,,,33.775607,-84.366252
Massage Envy - Toco Hills - 11-0929,2999 N Druid Hills Rd Ste 130,,Atlanta,GA,30329,"2999 N Druid Hills Rd Ste 130, Atlanta, Ga 30329",MECLASS,NONE,D,Massage Envy Franchising,11041861,,,33.813171,-84.310441
Massage Envy - West Midtown - 11-0805,1801 Howell Mill Road,,Atlanta,GA,30318,"1801 Howell Mill Road, Atlanta, Ga 30318",MECLASS,NONE,U,Massage Envy Franchising,11041861,,,33.803135,-84.411604
Restore Hyper Wellness - Midtown - ATL (GA038),931 Monroe Dr NE,Unit 111A,Atlanta,GA,30306,"931 Monroe Dr NE, Atlanta, GA 30306",DOCTOR,NONE,U,Restore Hyper Wellness - Parent Account,11061787,(404) 836-7994,,33.780399,-84.368445
SkinSpirit Essential Buckhead,3330 Piedmont Rd,Ste 7,Atlanta,GA,30305,"3330 Piedmont Rd, Atlanta, GA 30305",DOCTOR,NONE,U,SkinSpirit National Account,11038393,,https://skinsprirt.com,33.846607,-84.373018
Skinfolk Studios,3621 Vinings Slope SE,Ste 4330,Atlanta,GA,30339,"3621 Vinings Slope SE, Atlanta, GA 30339",WHOLESALE,NONE,E,,,(404) 680-9919,,33.864722,-84.472474
Skynculture Spa,855 Emory Point Dr.,Unit C120,Atlanta,GA,30329,"855 Emory Point Dr., Atlanta, GA 30329",WHOLESALE,NONE,D,,,(404) 666-5727,https://www.skynculture.com/,33.801997,-84.328475
Vianka Med Spa,1867 Independence Sq,Ste 105,Atlanta,GA,30338,"1867 Independence Sq, Atlanta, GA 30338",MEDICALSPA,NONE,N,,,(470) 514-5659,https://viankamedspa.com/,33.930426,-84.312743
Massage Envy - Augusta Exchange - 34-095,"210 Robert C. Daniel Jr. Pkwy, Ste. E/F",,Augusta,GA,30909,"210 Robert C. Daniel Jr. Pkwy, Ste. E/F, Augusta, GA 30909",MECLASS,NONE,D,Massage Envy Franchising,11041861,,,33.491453,-82.077416
Massage Envy - Austell - 11-0656,4180 Austell Road,,Austell,GA,30106,"4180 Austell Road, Austell, Ga 30106",MECLASS,NONE,D,Massage Envy Franchising,11041861,,,33.851749,-84.606249
Massage Envy - Mall Of Georgia - 11-0349,"3420 Buford Drive, Suite E-770",,Buford,GA,30519,"3420 Buford Drive, Suite E-770, Buford, GA 30519",MECLASS,NONE,D,Massage Envy Franchising,11041861,,,34.076589,-83.985132
Massage Envy - Canton Ga - 48-1247,1810 Cumming Hwy.,,Canton,GA,30115,"1810 Cumming Hwy., Canton, GA 30115",MECLASS,NONE,U,Massage Envy Franchising,11041861,,,34.235648,-84.457392
Rooty Aesthetics,113 N Erwin St,,Cartersville,GA,30120,"113 N Erwin St, Cartersville, GA 30120",MEDICALSPA,NONE,N,,,(470) 992-9799,,34.16766,-84.797236
Massage Envy - Bradley Park - 11-0886,1639 Bradley Park Drive,,Columbus,GA,31904,"1639 Bradley Park Drive, Columbus, Ga 31904",MECLASS,NONE,D,Massage Envy Franchising,11041861,,,32.534293,-84.967415
Massage Envy - Cumming Town Center - 11-,2065 Marketplace Blvd,,Cumming,GA,30041,"2065 Marketplace Blvd, Cumming, GA 30041",MECLASS,NONE,D,Massage Envy Franchising,11041861,,,34.192113,-84.128981
Precision Aesthetics,1455 Haw Creek Circle Ste 603,Ste 603,Cumming,GA,30041,"1455 Haw Creek Circle Ste 603, Cumming, GA 30041",MEDICALSPA,NONE,U,,,(404) 663-2339,https://precisionaestheticsllc.com/,34.168161,-84.125323
Massage Envy - Dacula - 11-1021,"525 Dacula Rd., Ste. 250",,Dacula,GA,30019,"525 Dacula Rd., Ste. 250, Dacula, GA 30019",MECLASS,NONE,U,Massage Envy Franchising,11041861,,,34.000866,-83.907048
Restore Hyper Wellness - Dunwoody (GA028),4706 Ashford Dunwoody Rd,Ste 200,Dunwoody,GA,30338,"4706 Ashford Dunwoody Rd, Dunwoody, GA 30338",DOCTOR,NONE,E,Restore Hyper Wellness - Parent Account,11061787,(404) 410-5362,,33.93181,-84.338567
Massage Envy - Flowery Branch - 11-1261,7338 Spout Springs Rd,Suite C12,Flowery Branch,GA,30542,"7338 Spout Springs Rd, Flowery Branch, GA 30542",MECLASS,NONE,E,Massage Envy Franchising,11041861,,,33.996127,-84.062208
Massage Envy - Johns Creek - 11-0240,"2627 Peachtree Parkway, STE 420",,Johns Creek,GA,30024,"2627 Peachtree Parkway, STE 420, Johns Creek, GA 30024",MECLASS,NONE,U,Massage Envy Franchising,11041861,,,34.096658,-84.171706
Massage Envy - Kennesaw - 11-0329,"745 Chastain Road NW, Suite 1080-1090",,Kennesaw,GA,30144,"745 Chastain Road NW, Suite 1080-1090, Kennesaw, GA 30144",MECLASS,NONE,E,Massage Envy Franchising,11041861,,,34.034515,-84.571472
Magic Touch Salon & Spa,205 Byron Hurst St,,LaGrange,GA,30240,"205 Byron Hurst St, LaGrange, GA 30240",WHOLESALE,NONE,N,,,(706) 884-2777,https://magictouchsalon.my.canva.site/,33.035301,-85.033048
Massage Envy - Sugarloaf - 11-0249,1860 Duluth Highway Building 400,Suite 405,Lawrenceville,GA,30043,"1860 Duluth Highway Building 400, Lawrenceville, GA 30043",MECLASS,NONE,D,Massage Envy Franchising,11041861,,,33.975534,-84.078039
Appearances Beauty Studio Salon Med Spa,113 N Oxley Dr,,Lyons,GA,30436,"113 N Oxley Dr, Lyons, GA 30436",MEDICALSPA,SILVER,C,,,,,32.202564,-82.339212
Enhanced Aesthetics and Wellness,792 Church St,Ste 103,Marietta,GA,30060,"792 Church St, Marietta, GA 30060",MEDICALSPA,NONE,U,,,(770) 485-1755,https://www.enhancedaestheticsandwellness.com/,33.970972,-84.549983
Fresh Start,3625 Dallas Hwy SW Ste 835,Stu 119 & 120,Marietta,GA,30064,"3625 Dallas Hwy SW Ste 835, Marietta, GA 30064",MEDICALSPA,NONE,N,,,(770) 845-8780,https://www.instagram.com/Freshstartmedspa,33.953274,-84.658598
Massage Envy - East Cobb - 11-0394,"1205 Johnson Ferry Road, Ste. 126",,Marietta,GA,30068,"1205 Johnson Ferry Road, Ste. 126, Marietta, GA 30068",MECLASS,NONE,E,Massage Envy Franchising,11041861,,,33.977296,-84.419509
Massage Envy - Sandy Plains - 11-1333,2960 Shallowford Rd,,Marietta,GA,30066,"2960 Shallowford Rd, Marietta, GA 30066",MECLASS,NONE,D,Massage Envy Franchising,11041861,,,34.034941,-84.466786
Brandilyn's Aesthetic Boutique,8 Greenville St S,,Newnan,GA,30263,"8 Greenville St S, Newnan, GA 30263",MEDICALSPA,NONE,N,,,(770) 755-6610,https://purenewnanaesthetics.com/,33.373984,-84.799392
Massage Envy - Newnan - 11-0732,238 Newnan Crossing Bypass,,Newnan,GA,30263,"238 Newnan Crossing Bypass, Newnan, GA 30263",MECLASS,NONE,D,Massage Envy Franchising,11041861,,,33.39088,-84.764747
Massage Envy - Peachtree Corners - 11-12,"5270 Peachtree Pkwy., Suite 109B",,Norcross,GA,30092,"5270 Peachtree Pkwy., Suite 109B, Norcross, GA 30092",MECLASS,NONE,E,Massage Envy Franchising,11041861,,,33.976093,-84.216599
Massage Envy - Peachtree City - 11-0428,1215 Peachtree Parkway,,Peachtree City,GA,30269,"1215 Peachtree Parkway, Peachtree City, GA 30269",MECLASS,NONE,E,Massage Envy Franchising,11041861,,,33.407078,-84.610114
Restore Hyper Wellness - Peach Tree City (GA019),1202 N Peachtree Pkwy,,Peachtree City,GA,30269,"1202 N Peachtree Pkwy, Peachtree City, GA 30269",DOCTOR,NONE,U,Restore Hyper Wellness - Parent Account,11061787,(770) 629-7545,,33.438001,-84.589102
Maleeka Beauty & Spa Salon,1585 Holcomb Bridge Rd,Suite 230,Roswell,GA,30076,"1585 Holcomb Bridge Rd, Roswell, GA 30076",WHOLESALE,NONE,C,,,(678) 982-3926,https://maleekabeautyspa.com/,34.018756,-84.315067
Massage Envy - Roswell West - 11-0022,"885 Woodstock Road (Hwy 92), Ste. 300",,Roswell,GA,30075,"885 Woodstock Road (Hwy 92), Ste. 300, Roswell, GA 30075",MECLASS,NONE,E,Massage Envy Franchising,11041861,,,34.061065,-84.385577
Massage Envy - Snellville - 11-0645,"1905 Scenic Highway, STE 220",,Snellville,GA,30078,"1905 Scenic Highway, STE 220, Snellville, GA 30078",MECLASS,NONE,D,Massage Envy Franchising,11041861,,,33.876686,-84.015055
Imber Medical LLC,1620 Frederica Rd,,St Simons Island,GA,31522,"1620 Frederica Rd, St Simons Island, GA 31522",MEDICALSPA,NONE,U,,,,,31.172404,-81.396226
Serenity Day Spa And Salon,1100 Brampton Ave,Ste D,Statesboro,GA,30458,"1100 BRAMPTON AVE, Statesboro, GA 30458",WHOLESALE,NONE,U,,,,,32.411585,-81.771328
Massage Envy - Stockbridge - 11-0267,1490 Hudson Bridge Rd,,Stockbridge,GA,30281,"1490 Hudson Bridge Rd, Stockbridge, Ga 30281",MECLASS,NONE,E,Massage Envy Franchising,11041861,,,33.506336,-84.237515
Athens Veins &amp; Aesthetics,1181 Langford Dr Bldg 300 Ste 104,,Watkinsville,GA,30677,"1181 Langford Dr Bldg 300 Ste 104, Watkinsville, GA 30677",DOCTOR,NONE,U,,,(706) 850-3444,https://www.athensveins.com/,33.91448,-83.469672
Massage Envy - Woodstock - 48-1038,134 Woodstock Square Ave.,,Woodstock,GA,30189,"134 Woodstock Square Ave., Woodstock, GA 30189",MECLASS,NONE,U,Massage Envy Franchising,11041861,,,34.084355,-84.546284
Restore Hyper Wellness - Woodstock (GA009),420 Chambers Street,,Woodstock,GA,30188,"420 Chambers Street, Woodstock, GA 30188",DOCTOR,NONE,U,Restore Hyper Wellness - Parent Account,11061787,(770) 637-3092,,34.099652,-84.518907
UniqueU Aesthetics,7824 Hickory Flat Hwy,Suite 160,Woodstock,GA,30188,"7824 Hickory Flat Hwy, Woodstock, GA 30188",MEDICALSPA,NONE,N,,,(404) 406-1717,https://www.uniqueuaesthetics.com/,34.155553,-84.407137
Aesthx,98-1005 Moanalua Rd,,Aiea,HI,96701,"98-1005 Moanalua Rd, Aiea, HI 96701",WHOLESALE,NONE,E,,,(808) 462-0349,https://www.aesthx.com/,21.385219,-157.941744
J'ade Face And Body,190 Keawe St,Unit 30,Hilo,HI,96720,"190 Keawe St, Hilo, HI 96720",WHOLESALE,NONE,C,,,(808) 304-1913,https://www.jadefacebody.com/,19.724446,-155.087574
Massage Envy - Honolulu - 54-1313,820 W Hind Dr.,,Honolulu,HI,96821,"820 W Hind Dr., Honolulu, HI 96821",MECLASS,NONE,D,Massage Envy Franchising,11041861,,,21.278831,-157.754083
Massage Envy - Maui - 54-1310,70 Ho'okele Street,,Kahului,HI,96732,"70 Ho'okele Street, Kahului, HI 96732",MECLASS,NONE,E,Massage Envy Franchising,11041861,,,20.873742,-156.456672
Honu You Hawaiian Spa,320 Uluniu St,Ste 1,Kailua,HI,96734,"320 Uluniu St, Kailua, HI 96734",WHOLESALE,NONE,D,,,(808) 261-1268,https://www.honuyou.com/,21.397429,-157.742455
Massage Envy - Kaneohe - 54-1000,"45-480 Kaneohe Bay Dr., Ste. B18",,Kaneohe,HI,96744,"45-480 Kaneohe Bay Dr., Ste. B18, Kaneohe, HI 96744",MECLASS,NONE,C,Massage Envy Franchising,11041861,,,21.401541,-157.798949
Massage Envy - Kapolei - 54-1195,4460 Kapolei Pkwy,Ste 220,Kapolei,HI,96707,"4460 Kapolei Pkwy, Kapolei, Hi 96707",MECLASS,NONE,B,Massage Envy Franchising,11041861,,,21.330462,-158.090113
Vitality Kauai,2829 Ala Kalanikaumaka St,Ste B203,Koloa,HI,96756,"2829 Ala Kalanikaumaka St, Koloa, HI 96756",DOCTOR,NONE,E,,,(808) 631-3877,https://www.vitalitykauai.com/,21.883332,-159.469361
Maui MediSpa & Cosmetic Laser by Dr Rose,40 Kupaoa St,Unit b- 101,Makawao,HI,96768,"40 Kupaoa St, Makawao, HI 96768",DOCTOR,NONE,U,,,(808) 482-5405,https://www.mauicosmeticlaser.com/,20.821654,-156.330313
Massage Envy - Pearl City - 54-0885,"1000 Kamehameha Hwy, #222",,Pearl City,HI,96782,"1000 Kamehameha Hwy, #222, Pearl City, HI 96782",MECLASS,NONE,B,Massage Envy Franchising,11041861,,,21.396458,-157.976838
Massage Envy - Ankeny - 22-1374,110 N Ankeny Blvd,Ste 500,Ankeny,IA,50023,"110 N Ankeny Blvd, Ankeny, Ia 50023",MECLASS,NONE,C,Massage Envy Franchising,11041861,,,41.732819,-93.601679
Massage Envy - Clive - 22-0112,"12655 University Avenue, Suite 180",,Clive,IA,50325,"12655 University Avenue, Suite 180, Clive, IA 50325",MECLASS,NONE,C,Massage Envy Franchising,11041861,,,41.601096,-93.792012
Bespoke Beauty & Body,1020 Mound St.,,Davenport,IA,52803,"1020 Mound St., Davenport, IA 52803",MEDICALSPA,SILVER,B,,,(563) 551-7722,bespokebeautyandbody.com,41.530716,-90.546723
Massage Envy - Davenport - 22-0973,5302 Elmore Ave,,Davenport,IA,52807,"5302 Elmore Ave, Davenport, Ia 52807",MECLASS,NONE,A,Massage Envy Franchising,11041861,,,41.575653,-90.529272
Hush Massage and Skin Care,6510 Merle Hay Rd,,Johnston,IA,50131,"6510 Merle Hay Rd, Johnston, IA 50131",WHOLESALE,SILVER,C,,,(515) 423-7631,https://www.hushspadsm.com/,41.621893,-93.684946
Massage Envy - Cedar Rapids - 22-0979,1422 Twixt Town Rd,,Marion,IA,52302,"1422 Twixt Town Rd, Marion, Ia 52302",MECLASS,NONE,E,Massage Envy Franchising,11041861,,,42.027869,-91.618398
Evolve Aesthetics and Regenerative Medicine,330 Tower Park Dr,,Waterloo,IA,50701,"330 Tower Park Dr, Waterloo, IA 50701",DOCTOR,DIAMOND,A,,,(319) 236-7752,www.evolvecedarvalley.com,42.469888,-92.359063
Rooted Aesthetics LLC,1010 Alabar Ave Suite A,,Waterloo,IA,50701,"1010 Alabar Ave Suite A, Waterloo, IA 50701",MEDICALSPA,NONE,U,,,,,42.499187,-92.386459
Massage Envy - Ammon - 16-0711,3047 S 25th East,,Ammon,ID,83406,"3047 S 25th East, Ammon, Id 83406",MECLASS,NONE,U,Massage Envy Franchising,11041861,,,43.469862,-111.984363
Massage Envy - Boise North - 16-1304,7640 W. State Street,,Boise,ID,83714,"7640 W. State Street, Boise, ID 83714",MECLASS,NONE,D,Massage Envy Franchising,11041861,,,43.671319,-116.282915
Restore Hyper Wellness - East Boise (ID005),3046 S Bown Way,Suite A.,Boise,ID,83706,"3046 S Bown Way, Boise, ID 83706",DOCTOR,NONE,D,Restore Hyper Wellness - Parent Account,11061787,(208) 936-8923,,43.574669,-116.153993
Hurst Medical,1700 Overland Ave,,Burley,ID,83318,"1700 Overland Ave, Burley, ID 83318",MEDICALSPA,SILVER,N,,,(208) 825-6193,https:/hurstmed.com,42.531896,-113.794054
Skin Love LLC,849 N 4th Street,Suite 104,Coeur D Alene,ID,83814,"849 N 4th Street, Coeur D Alene, ID 83814",WHOLESALE,NONE,E,,,(208) 640-0865,,47.681775,-116.78123
Massage Envy - Coeur D'alene - 07-1339,212 W Ironwood Dr,Ste E,Coeur d’Alene,ID,83814,"212 W Ironwood Dr, Coeur d’Alene, ID 83814",MECLASS,NONE,D,Massage Envy Franchising,11041861,,,47.693767,-116.788982
Enhanced Aesthetics & Wellness,367 S Academy Lane,,Eagle,ID,83616,"367 S Academy Lane, Eagle, ID 83616",MEDICALSPA,NONE,E,,,(985) 778-7582,https://www.experience-enhanced.com/,43.693025,-116.371703
Rad Mad Aesthetics,623 1st St,,Idaho Falls,ID,83401,"623 1st St, Idaho Falls, ID 83401",MEDICALSPA,NONE,U,,,,,43.497231,-112.020464
Urban Esthetics,2048 E 17th St,Ste E,Idaho Falls,ID,83404,"2048 E 17th St, Idaho Falls, ID 83404",MEDICALSPA,NONE,U,,,,,43.481745,-111.993246
Helton House Aesthetics,2015 S Eagle Rd,Ste 110,Meridian,ID,83642,"2015 S Eagle Rd, Meridian, ID 83642",MEDICALSPA,SILVER,N,,,(208) 598-4523,,43.586745,-116.355025
Massage Envy - Meridian - 16-0302,1180 North Eagle Road,,Meridian,ID,83642,"1180 North Eagle Road, Meridian, ID 83642",MECLASS,NONE,E,Massage Envy Franchising,11041861,,,43.615429,-116.352726
Massage Envy - Nampa - 16-0301,16469 N. Marketplace Blvd.,,Nampa,ID,83687,"16469 N. Marketplace Blvd., Nampa, Id 83687",MECLASS,NONE,E,Massage Envy Franchising,11041861,,,43.611847,-116.591812
Massage Envy - Algonquin - 29-0293,790 B Randall Road,,Algonquin,IL,60102,"790 B Randall Road, Algonquin, IL 60102",MECLASS,NONE,E,Massage Envy Franchising,11041861,,,42.162267,-88.336418
Serenity Aesthetics,2390 Esplanade Dr,Unit 100,"Algonquin,",IL,60102,"2390 Esplanade Dr, Algonquin,, IL 60102",MEDICALSPA,NONE,N,,,,,42.145322,-88.338543
SABI Skin Studio,119 E Main St,,Barrington,IL,60010,"119 E Main St, Barrington, IL 60010",WHOLESALE,SILVER,B,,,,,42.154025,-88.135452
Massage Envy - Bloomingdale - 29-0457,"342 W. Army Trail, #120",,Bloomingdale,IL,60108,"342 W. Army Trail, #120, Bloomingdale, IL 60108",MECLASS,NONE,D,Massage Envy Franchising,11041861,,,41.939062,-88.110389
Anet Corporation,350 Hawthorn Rd,,Buffalo Grove,IL,60089,"350 Hawthorn Rd, Buffalo Grove, IL 60089",WHOLESALE,NONE,E,,,,,42.144062,-87.966673
AstraMed Wellness,150 Half Day Rd,Ste 204,Buffalo Grove,IL,60089,"150 Half Day Rd, Buffalo Grove, IL 60089",MEDICALSPA,NONE,N,,,(224) 578-6888,,42.196342,-87.961882
Beautify CHI Med Spa,830 N Ashland Ave #n1,,Chicago,IL,60622,"830 N Ashland Ave #n1, Chicago, Il 60622",DOCTOR,NONE,U,,,,,41.897025,-87.667649
Cleise Brazillian Day Spa,732 N Wells St,,Chicago,IL,60654,"732 N WELLS ST, Chicago, IL 60654",WHOLESALE,SILVER,C,,,,,41.895774,-87.634496
French Cosmetology By Tanith,650 N Dearborn St,#350,Chicago,IL,60654,"650 N DEARBORN ST, Chicago, IL 60654",WHOLESALE,NONE,D,,,,,41.893866,-87.629992
Massage Envy - Chicago / River North - 2,345 E Ohio St,,Chicago,IL,60611,"345 E Ohio St, Chicago, Il 60611",MECLASS,NONE,D,Massage Envy Franchising,11041861,,,41.892103,-87.619102
Massage Envy - Chicago Lakeview/wrigley,3718 N. Southport Ave,,Chicago,IL,60613,"3718 N. Southport Ave, Chicago, Il 60613",MECLASS,NONE,E,Massage Envy Franchising,11041861,,,41.949508,-87.664286
Massage Envy - Chicago Lincoln/clybourn,1845 N Clybourn Ave,Ste H,Chicago,IL,60614,"1845 N Clybourn Ave, Chicago, Il 60614",MECLASS,NONE,D,Massage Envy Franchising,11041861,,,41.9145,-87.654351
Massage Envy - Chicago Lincoln/diversey,801 W Diversey Parkway,,Chicago,IL,60614,"801 W Diversey Parkway, Chicago, Il 60614",MECLASS,NONE,E,Massage Envy Franchising,11041861,,,41.932399,-87.649508
Massage Envy - Chicago Old Town/gold Cst,1222 N. Wells Street,,Chicago,IL,60610,"1222 N. Wells Street, Chicago, Il 60610",MECLASS,NONE,E,Massage Envy Franchising,11041861,,,41.904529,-87.634756
Massage Envy - Chicago South Loop - 29-1,"1136 S Delano Ct West, STE E201",,Chicago,IL,60605,"1136 S Delano Ct West, STE E201, Chicago, IL 60605",MECLASS,NONE,U,Massage Envy Franchising,11041861,,,41.868215,-87.6331
Massage Envy - Chicago West Loop - 29-10,808 W. Monroe Street,,Chicago,IL,60607,"808 W. Monroe Street, Chicago, Il 60607",MECLASS,NONE,U,Massage Envy Franchising,11041861,,,41.880712,-87.647744
"RVB Watertower, LLC","835 N. Michigan Ave., Suite 963W",,Chicago,IL,60611,"835 N. Michigan Ave., Suite 963W, Chicago, IL 60611",MEDICALSPA,NONE,U,"RVB Investment Group, LLC",11049140,,,41.897988,-87.623242
"Restore Hyper Wellness - Revitalize LP, LLC - Chicago (IL017)",2473 N Clark St,,Chicago,IL,60614,"2473 N Clark St, Chicago, IL 60614",DOCTOR,NONE,U,Restore Hyper Wellness - Parent Account,11061787,(312) 779-6714,,41.927552,-87.641424
"Restore Hyper Wellness - Revitalize NB, LLC (IL002)",936 Willow Rd,Ste A,Chicago,IL,60062,"936 Willow Rd, Chicago, IL 60062",DOCTOR,NONE,U,Restore Hyper Wellness - Parent Account,11061787,(224) 261-8168,,42.108417,-87.802441
Restore Hyper Wellness - Revitalize West Loop LLC (IL011),24 S Halsted St,,Chicago,IL,60661,"24 S Halsted St, Chicago, IL 60661",DOCTOR,NONE,U,Restore Hyper Wellness - Parent Account,11061787,(312) 526-3842,,41.88098,-87.647677
Temple de beaute,6165 N Northwest Highway,Suite 113,Chicago,IL,60631,"6165 N Northwest Highway, Chicago, IL 60631",WHOLESALE,NONE,D,,,(773) 234-2285,https://www.thetempledebeaute.com/,41.993874,-87.801201
Massage Envy - Darien / Downers Grove -,"2445 75th Street, Unit E",,Darien,IL,60561,"2445 75th Street, Unit E, Darien, IL 60561",MECLASS,NONE,D,Massage Envy Franchising,11041861,,,41.750586,-88.004901
"Restore Hyper Wellness - Revitalize DF, LLC (IL001)",720 Waukegan Rd,Ste M,Deerfield,IL,60062,"720 Waukegan Rd, Deerfield, IL 60062",DOCTOR,NONE,E,Restore Hyper Wellness - Parent Account,11061787,(224) 261-8168,,42.165718,-87.84561
AJ Aesthetics,386 Crabapple Rd,,Du Quoin,IL,62832,"386 Crabapple Rd, Du Quoin, IL 62832",MEDICALSPA,GOLD,C,,,(618) 201-4688,https://ajaesthetics.myaestheticrecord.com,37.960424,-89.191763
Massage Envy - Elmhurst - 29-0471,191 S. Il Rte 83,,Elmhurst,IL,60126,"191 S. Il Rte 83, Elmhurst, Il 60126",MECLASS,NONE,C,Massage Envy Franchising,11041861,,,41.894782,-87.961422
Restore Hyper Wellness - Revitalize EV LLC (IL003),2650 Green Bay Rd,,Evanston,IL,60201,"2650 Green Bay Rd, Evanston, IL 60201",DOCTOR,NONE,U,Restore Hyper Wellness - Parent Account,11061787,(847) 563-8743,,42.065773,-87.700347
Massage Envy - New Lenox - 29-1080,11061 W. Lincoln Highway,,Frankfort,IL,60423,"11061 W. Lincoln Highway, Frankfort, IL 60423",MECLASS,NONE,D,Massage Envy Franchising,11041861,,,41.502268,-87.885391
Massage Envy - Geneva Commons - 29-0315,116 Commons Drive,,Geneva,IL,60134,"116 Commons Drive, Geneva, Il 60134",MECLASS,NONE,B,Massage Envy Franchising,11041861,,,41.890957,-88.342738
Wicls,2631 Williamsburg #102,,Geneva,IL,60134,"2631 Williamsburg #102, Geneva, IL 60134",DOCTOR,NONE,N,,,(630) 232-7860,https://defyage.com/,41.890747,-88.345617
Massage Envy - Glen Carbon - 15-0743,3000 S State Rte 159,,Glen Carbon,IL,62034,"3000 S State Rte 159, Glen Carbon, Il 62034",MECLASS,NONE,D,Massage Envy Franchising,11041861,,,38.778502,-89.953289
Massage Envy - Glen Ellyn - 29-0296,840 Roosevelt Road,,Glen Ellyn,IL,60137,"840 Roosevelt Road, Glen Ellyn, IL 60137",MECLASS,NONE,E,Massage Envy Franchising,11041861,,,41.859894,-88.05082
Tavoos Spa,710 Roosevelt Rd,,Glen Ellyn,IL,60137,"710 Roosevelt Rd, Glen Ellyn, IL 60137",WHOLESALE,NONE,D,,,,,41.860008,-88.056651
Light Rx - Hoffman Estate,4620 Hoffman Blvd.,,Hoffman Estates,IL,60192,"4620 Hoffman Blvd., Hoffman Estates, IL 60192",MEDICALSPA,NONE,U,"RVB Investment Group, LLC",11049140,,,42.070506,-88.191295
Massage Envy - Hoffman Estates - 29-0262,2652 N Sutton Road,,Hoffman Estates,IL,60192,"2652 N Sutton Road, Hoffman Estates, Il 60192",MECLASS,NONE,E,Massage Envy Franchising,11041861,,,42.072225,-88.193589
Savvy with a Syringe PLLC,114 N East St,Ste A,Jacksonville,IL,62650,"114 N East St, Jacksonville, IL 62650",MEDICALSPA,SILVER,N,,,(217) 370-5326,,39.734722,-90.226628
Massage Envy - Mchenry - 29-1383,2936 Commerce Drive,,Johnsburg,IL,60051,"2936 Commerce Drive, Johnsburg, Il 60051",MECLASS,NONE,U,Massage Envy Franchising,11041861,,,42.369417,-88.266312
Massage Envy - La Grange - 29-0575,"1 N. La Grange Rd., Unit 2A",,La Grange,IL,60525,"1 N. La Grange Rd., Unit 2A, La Grange, IL 60525",MECLASS,NONE,D,Massage Envy Franchising,11041861,,,41.816694,-87.869321
Massage Envy - Lake Zurich - 29-0294,299 South Rand Road,,Lake Zurich,IL,60047,"299 South Rand Road, Lake Zurich, Il 60047",MECLASS,NONE,D,Massage Envy Franchising,11041861,,,42.192198,-88.110585
The Aesthetics Collective,970b Milwaukee Ave Ste 4,,Lincolnshire,IL,60069,"970b Milwaukee Ave Ste 4, Lincolnshire, IL 60069",MEDICALSPA,SILVER,N,,,(847) 323-5125,,42.182147,-87.926457
Capelli's Studio & Spa,1339 N State Route 121,,Mount Zion,IL,62549,"1339 N State Route 121, Mount Zion, IL 62549",WHOLESALE,NONE,N,,,(217) 972-0027,,39.785384,-88.871278
Massage Envy - Mt. Prospect / Randhurst,1212 E Central Rd,Ste A,Mt Prospect,IL,60056,"1212 E Central Rd, Mt Prospect, IL 60056",MECLASS,NONE,D,Massage Envy Franchising,11041861,,,42.066546,-87.920035
Massage Envy - Naperville East - 29-0268,1212 S Naper Blvd STE 106,,Naperville,IL,60540,"1212 S Naper Blvd STE 106, Naperville, IL 60540",MECLASS,NONE,D,Massage Envy Franchising,11041861,,,41.751197,-88.113197
Massage Envy - Naperville North - 29-031,2760 Aurora Ave.,,Naperville,IL,60540,"2760 Aurora Ave., Naperville, IL 60540",MECLASS,NONE,E,Massage Envy Franchising,11041861,,,41.761743,-88.199759
Massage Envy - Naperville South,"2720 Showplace Drive, Suite 100",,Naperville,IL,60564,"2720 Showplace Drive, Suite 100, Naperville, IL 60564",MECLASS,NONE,D,Massage Envy Franchising,11041861,,,41.713353,-88.207541
Massage Envy - Niles / Skokie - 29-0284,"5661 W. Touhy Ave., Unit A",,Niles,IL,60714,"5661 W. Touhy Ave., Unit A, Niles, IL 60714",MECLASS,NONE,E,Massage Envy Franchising,11041861,,,42.010342,-87.768933
Massage Envy - Bloomington / Normal - 29,"314 Towanda Ave., #310",,Normal,IL,61761,"314 Towanda Ave., #310, Normal, IL 61761",MECLASS,NONE,C,Massage Envy Franchising,11041861,,,40.516858,-88.960746
Massage Envy - North Aurora - 29-1175,1866 Town Center Dr,,North Aurora,IL,60542,"1866 Town Center Dr, North Aurora, Il 60542",MECLASS,NONE,D,Massage Envy Franchising,11041861,,,41.795788,-88.366805
Massage Envy - Northbrook / Willow Fest,840 Willow Road,,Northbrook,IL,60062,"840 Willow Road, Northbrook, Il 60062",MECLASS,NONE,D,Massage Envy Franchising,11041861,,,42.105563,-87.812689
Massage Envy - Ofallon Il - 15-0162,1140 Central Park Drive,,O'Fallon,IL,62269,"1140 Central Park Drive, O'Fallon, IL 62269",MECLASS,NONE,D,Massage Envy Franchising,11041861,,,38.573823,-89.93102
Magic FemTouch Med Spa,6830 W 95th St,,Oak Lawn,IL,60453,"6830 W 95th St, Oak Lawn, IL 60453",MEDICALSPA,NONE,U,,,,,41.71968,-87.790206
Massage Envy - Oak Lawn - 29-1051,11022 S. Cicero Ave,,Oak Lawn,IL,60453,"11022 S. Cicero Ave, Oak Lawn, Il 60453",MECLASS,NONE,E,Massage Envy Franchising,11041861,,,41.69178,-87.740288
Massage Envy - Oak Park / River Forest -,971 Lake St,,Oak Park,IL,60301,"971 Lake St, Oak Park, IL 60301",MECLASS,NONE,D,Massage Envy Franchising,11041861,,,41.888564,-87.800627
Restore Hyper Wellness - Oakbrook Terrace (IL023),17W701 E Roosevelt Rd,,Oakbrook Terrace,IL,60181,"17W701 E Roosevelt Rd, Oakbrook Terrace, IL 60181",DOCTOR,NONE,U,Restore Hyper Wellness - Parent Account,11061787,(630) 359-5420,,41.860084,-87.974138
Massage Envy - Orland Park - 29-0299,"15159 S. LaGrange Rd., Ste. 200",,Orland Park,IL,60462,"15159 S. LaGrange Rd., Ste. 200, Orland Park, IL 60462",MECLASS,NONE,D,Massage Envy Franchising,11041861,,,41.614329,-87.85275
"RVB Orland Park, LLC",14225 S 95th Ave,Ste#406,Orland Park,IL,60462,"14225 S 95th Ave, Orland Park, IL 60462",MEDICALSPA,NONE,U,"RVB Investment Group, LLC",11049140,,,41.63188,-87.850626
Massage Envy - Oswego - 29-030,300 5th street,,Oswego,IL,60543,"300 5th street, OSWEGO, IL 60543",MECLASS,NONE,C,Massage Envy Franchising,11041861,,,41.69639,-88.313263
Massage Envy - Palatine,728 E Dundee Rd,,Palatine,IL,60074,"728 E Dundee Rd, Palatine, IL 60074",MECLASS,NONE,D,Massage Envy Franchising,11041861,,,42.139599,-88.025035
Massage Envy - Park Ridge - 29-1065,"110 S. Northwest Highway, Unit 3",,Park Ridge,IL,60068,"110 S. Northwest Highway, Unit 3, Park Ridge, IL 60068",MECLASS,NONE,E,Massage Envy Franchising,11041861,,,42.072225,-88.193589
Pure Spa,1019 N Northwest HWY,,Park Ridge,IL,60068,"1019 N Northwest HWY, Park Ridge, IL 60068",WHOLESALE,NONE,E,,,,,42.025882,-87.852208
Massage Envy - Peoria - 29-1216,7424 N Orange Prairie Rd.,Suite A,Peoria,IL,61615,"7424 N Orange Prairie Rd., Peoria, Il 61615",MECLASS,NONE,D,Massage Envy Franchising,11041861,,,40.778785,-89.677985
Massage Envy - Plainfield Il - 29-1083,"13400 S. Route 59, #118",,Plainfield,IL,60585,"13400 S. Route 59, #118, Plainfield, IL 60585",MECLASS,NONE,E,Massage Envy Franchising,11041861,,,41.639052,-88.204473
Quincy Plastic Surgery and Aesthetics,Attn: Glori Traeder,707 N 24th St,Quincy,IL,62301,"Attn: Glori Traeder, Quincy, IL 62301",DOCTOR,NONE,E,,,,,39.939421,-91.378014
The Skin Care Company,7756 Madison St,,River Forest,IL,60305,"7756 Madison St, River Forest, IL 60305",MEDICALSPA,NONE,U,,,,,41.88812,-87.81516
"Stone & Skin, LLC",1508 W Main St,,Robinson,IL,62454,"1508 W Main St, Robinson, IL 62454",MEDICALSPA,NONE,N,,,(217) 251-4822,,39.005937,-87.758064
Massage Envy - Rockford - 29-1176,6241 E. State St,,Rockford,IL,61108,"6241 E. State St, Rockford, Il 61108",MECLASS,NONE,D,Massage Envy Franchising,11041861,,,42.265218,-88.995298
Massage Envy - Savoy Plaza - 15-1053,"1213 Savoy Plaza Lane, Suite D",,Savoy,IL,61874,"1213 Savoy Plaza Lane, Suite D, Savoy, IL 61874",MECLASS,NONE,B,Massage Envy Franchising,11041861,,,40.069842,-88.251668
Massage Envy - Shorewood - 29-0846,1033 Brookforest Ave,,Shorewood,IL,60404,"1033 Brookforest Ave, Shorewood, Il 60404",MECLASS,NONE,D,Massage Envy Franchising,11041861,,,41.541705,-88.200118
Skinfluencers Medspa,5243 Touhy Ave.,,Skokie,IL,60077,"5243 Touhy Ave., Skokie, IL 60077",MEDICALSPA,NONE,N,,,,,42.011734,-87.758888
Massage Envy - South Elgin - 29-0300,600 Randall Road,,South Elgin,IL,60177,"600 Randall Road, South Elgin, Il 60177",MECLASS,NONE,D,Massage Envy Franchising,11041861,,,41.972768,-88.341546
A New You Skin Care Studio,1033 Junction Cir,,Springfield,IL,62704,"1033 Junction Cir, Springfield, IL 62704",WHOLESALE,NONE,D,,,,,39.763884,-89.669537
Massage Envy - Tinley Park - 29-0298,7270 W. 191st St.,,Tinley Park,IL,60477,"7270 W. 191st St., Tinley Park, IL 60477",MECLASS,NONE,B,Massage Envy Franchising,11041861,,,41.547786,-87.794105
Massage Envy - Vernon Hills - 29-0283,"700 N. Milwaukee Avenue,",Ste 138,Vernon Hills,IL,60061,"700 N. Milwaukee Avenue,, Vernon Hills, IL 60061",MECLASS,NONE,D,Massage Envy Franchising,11041861,,,42.238494,-87.942417
Massage Envy - Wheaton - 29-0169,211 Rice Lake Sq,,Wheaton,IL,60189,"211 Rice Lake Sq, Wheaton, Il 60189",MECLASS,NONE,D,Massage Envy Franchising,11041861,,,41.831477,-88.098891
Massage Envy - Wheeling - 29-0292,701 N. Milwaukee Avenue,,Wheeling,IL,60090,"701 N. Milwaukee Avenue, Wheeling, IL 60090",MECLASS,NONE,U,Massage Envy Franchising,11041861,,,42.150892,-87.912832
Massage Envy - Wilmette - 29-0286,3232 Lake Ave Unit 165,,Wilmette,IL,60091,"3232 Lake Ave Unit 165, Wilmette, IL 60091",MECLASS,NONE,E,Massage Envy Franchising,11041861,,,42.081579,-87.756328
Massage Envy - Avon,10960 E Us 36,,Avon,IN,46123,"10960 E Us 36, Avon, In 46123",MECLASS,NONE,E,Massage Envy Franchising,11041861,,,39.764873,-86.327513
Massage Envy - Brownsburg,311 W. Northfield Drive,,Brownsburg,IN,46112,"311 W. Northfield Drive, Brownsburg, IN 46112",MECLASS,NONE,C,Massage Envy Franchising,11041861,,,39.85668,-86.395444
Chegar Facial Plastic Surgery,735 W Carmel Dr Ste 100,,Carmel,IN,46032,"735 W Carmel Dr Ste 100, Carmel, IN 46032",DOCTOR,NONE,E,,,,,39.966524,-86.156045
Indiana Univ. Healthcare Assoc. Inc.,ATTN: Janelle Nassim MD,11590 N Meridian St Ste 450,Carmel,IN,46032,"ATTN: Janelle Nassim MD, Carmel, IN 46032",DOCTOR,NONE,D,,,,,39.955296,-86.16063
Kurr Aesthetics And Med Spa,222 W Main St,,Carmel,IN,46032,"222 W MAIN ST, Carmel, IN 46032",DOCTOR,NONE,D,,,,,39.978489,-86.130322
Laser & Skin Surgery Center Of IN,ATTN: Quinn,8925 N Meridian St Ste 200,Carmel,IN,46260,"ATTN: Quinn, Carmel, IN 46260",DOCTOR,NONE,E,,,,,39.982224,-86.145191
MK Dermatology,"12174 N. Meridian St, suite 210",,Carmel,IN,46032,"12174 N. Meridian St, suite 210, Carmel, IN 46032",DOCTOR,NONE,E,,,,,39.965855,-86.158888
Massage Envy - North Carmel Westfield,"1950 Greyhound Pass, #10",,Carmel,IN,46033,"1950 Greyhound Pass, #10, Carmel, IN 46033",MECLASS,NONE,E,Massage Envy Franchising,11041861,,,39.916099,-86.108935
Massage Envy - West Carmel Zionsville -,4000 W. 106th St. Suite 155,,Carmel,IN,46032,"4000 W. 106th St. Suite 155, Carmel, IN 46032",MECLASS,NONE,D,Massage Envy Franchising,11041861,,,39.941687,-86.234496
"Peter Kunz, Md",11725 N Illinois St,Ste 270,Carmel,IN,46032,"11725 N ILLINOIS ST, Carmel, IN 46032",DOCTOR,NONE,U,,,,,39.959301,-86.159772
Viso Lounge Aesthetics,630 N Rangeline Rd,Ste A,Carmel,IN,46032,"630 N Rangeline Rd, Carmel, IN 46032",MEDICALSPA,SILVER,D,,,,,39.983728,-86.127352
Massage Envy - Clarksville In - 31-1197,1025 Veterans Pkwy,,Clarksville,IN,47129,"1025 Veterans Pkwy, Clarksville, In 47129",MECLASS,NONE,D,Massage Envy Franchising,11041861,,,38.327117,-85.76531
Luminous Skin By Lucretia,3555 N National Road,,Columbus,IN,47201,"3555 N National Road, Columbus, IN 47201",MEDICALSPA,NONE,C,,,(812) 350-9285,,39.238546,-85.932032
Southern Indiana Aesth & Plastic Surgery,2450 Northpark Dr,Ste B,Columbus,IN,47203,"2450 NORTHPARK DR, Columbus, IN 47203",DOCTOR,NONE,U,,,,,39.231189,-85.895202
Skincare by Nadean,3202 W Country Road 200 N,,Danville,IN,46122,"3202 W Country Road 200 N, Danville, IN 46122",MEDICALSPA,NONE,E,,,,,39.7635,-86.5227
Eye-Q Aesthetics,2746 Old US 20W,,Elkhart,IN,46514,"2746 Old US 20W, Elkhart, IN 46514",MEDICALSPA,SILVER,D,,,,,41.72043,-85.981534
Jennifer Marie Skincare,314 W High St,Ste 2A,Elkhart,IN,46516,"314 W High St, Elkhart, IN 46516",WHOLESALE,NONE,N,,,,,41.684448,-85.97603
Massage Envy - Evansville,"6501 E. Lloyd Expressway, Ste. 16",,Evansville,IN,47715,"6501 E. Lloyd Expressway, Ste. 16, Evansville, IN 47715",MECLASS,NONE,A,Massage Envy Franchising,11041861,,,39.75276,-86.448892
Calluna Spa LLC,11399 Lantern Rd,,Fishers,IN,46038,"11399 Lantern Rd, Fishers, IN 46038",MEDICALSPA,NONE,D,,,,,39.95424,-86.013773
La Vie,10711 America Way,Ste 100,Fishers,IN,46038,"10711 America Way, Fishers, IN 46038",WHOLESALE,NONE,D,,,,,39.944035,-86.018222
Massage Envy - Fishers - 33-0879,"11680 Commercial Dr., #300-400",,Fishers,IN,46038,"11680 Commercial Dr., #300-400, Fishers, IN 46038",MECLASS,NONE,D,Massage Envy Franchising,11041861,,,39.959123,-86.01291
Massage Envy - Glenbrook - 33-1018,4302 Coldwater Rd,,Fort Wayne,IN,46805,"4302 Coldwater Rd, Fort Wayne, In 46805",MECLASS,NONE,D,Massage Envy Franchising,11041861,,,41.117018,-85.134244
Massage Envy - West Jefferson - 33-0863,6409 W Jefferson Blvd,,Fort Wayne,IN,46804,"6409 W Jefferson Blvd, Fort Wayne, In 46804",MECLASS,NONE,E,Massage Envy Franchising,11041861,,,41.054696,-85.22443
After Glow Aesthetics,100 5th St.,,Greencastle,IN,46135,"100 5th St., Greencastle, IN 46135",MEDICALSPA,NONE,U,,,(765) 721-1708,https://afterglowaestheticsllc.janeapp.com/,39.646098,-86.836172
Skin By Kenn Aesthetics,732 W Main St,,Greensburg,IN,47240,"732 W Main St, Greensburg, IN 47240",WHOLESALE,NONE,E,,,(812) 593-5561,,39.336644,-85.494313
Massage Envy - Greenwood,1001 N State Road 135,Ste. B8-B10,Greenwood,IN,46142,"1001 N State Road 135, Greenwood, IN 46142",MECLASS,NONE,C,Massage Envy Franchising,11041861,,,39.630271,-86.156655
Massage Envy - Highland - 29-1151,"10343 Indianapolis Blvd., Ste. 107",,Highland,IN,46322,"10343 Indianapolis Blvd., Ste. 107, Highland, IN 46322",MECLASS,NONE,E,Massage Envy Franchising,11041861,,,41.525325,-87.470535
Conrad Spa,50 W Washington St,,Indianapolis,IN,46204,"50 W Washington St, Indianapolis, IN 46204",WHOLESALE,NONE,E,Hilton Hotels & Resorts,11067211,,,39.767457,-86.159371
Dawes Fretzin Dermatology,7910 Shadeland Ave,,Indianapolis,IN,46250,"7910 Shadeland Ave, Indianapolis, IN 46250",DOCTOR,NONE,U,,,,,39.898136,-86.046866
Dl Lowry Salon,727 E. 86th St.,,Indianapolis,IN,46240,"727 E. 86th St., Indianapolis, IN 46240",WHOLESALE,NONE,E,,,,,39.912168,-86.144692
French Pharmacie,823 E Westfield Blvd,,Indianapolis,IN,46220,"823 E Westfield Blvd, Indianapolis, IN 46220",WHOLESALE,NONE,U,,,,,39.870492,-86.143914
Light Rx - Indianapolis,3425 E. 86th St.,,Indianapolis,IN,46240,"3425 E. 86th St., Indianapolis, IN 46240",MEDICALSPA,NONE,U,"RVB Investment Group, LLC",11049140,,,39.91064,-86.107918
Massage Envy - Keystone Crossing,8555 N River Rd,Ste 140,Indianapolis,IN,46240,"8555 N River Rd, Indianapolis, IN 46240",MECLASS,NONE,D,Massage Envy Franchising,11041861,,,39.912264,-86.105123
Massage Envy - Southport - 33-0902,6815 S. Emerson Avenue,,Indianapolis,IN,46237,"6815 S. Emerson Avenue, Indianapolis, In 46237",MECLASS,NONE,D,Massage Envy Franchising,11041861,,,39.6682,-86.08184
Nri Clinic For Complementary Medicine Pc,9075 North Meridian Street,Ste B-9,Indianapolis,IN,46260,"9075 North Meridian Street, Indianapolis, IN 46260",WHOLESALE,NONE,U,,,,,39.92114,-86.156609
Revive Rx,5650 S Franklin Rd,Ste 300C,Indianapolis,IN,46239,"5650 S Franklin Rd, Indianapolis, IN 46239",MEDICALSPA,NONE,U,,,,,39.685934,-86.018833
Spencer Wellness Center,7202 E 71st St,,Indianapolis,IN,46256,"7202 E 71st St, Indianapolis, IN 46256",MEDICALSPA,NONE,U,,,,,39.883827,-86.041787
Massage Envy - Lafayette Kelscott Inc,3540 State Road 38 East,Suite 709,Lafayette,IN,47905,"3540 State Road 38 East, Lafayette, IN 47905",MECLASS,NONE,D,Massage Envy Franchising,11041861,,,40.398164,-86.851443
Massage Envy - University Park Mall - 33,"6501 N. Grape Road, Ste. 1125",,Mishawaka,IN,46545,"6501 N. Grape Road, Ste. 1125, Mishawaka, IN 46545",MECLASS,NONE,B,Massage Envy Franchising,11041861,,,41.719128,-86.190115
Massage Envy - Hamilton Town Center - 33,14139 Town Center Blvd,Ste 750,Noblesville,IN,46060,"14139 Town Center Blvd, Noblesville, In 46060",MECLASS,NONE,D,Massage Envy Franchising,11041861,,,39.994371,-85.9326
Massage Envy - Stony Creek,17247 Mercantile Blvd.,,Noblesville,IN,46060,"17247 Mercantile Blvd., Noblesville, IN 46060",MECLASS,NONE,C,Massage Envy Franchising,11041861,,,40.038801,-85.993932
Massage Envy - Plainfield,"2683 E. Main St., Suite 111",,Plainfield,IN,46168,"2683 E. Main St., Suite 111, Plainfield, IN 46168",MECLASS,NONE,C,Massage Envy Franchising,11041861,,,33.087694,-96.819171
Therapeutic Indulgence,903 E Jefferson Blvd,,S Bend,IN,46617,"903 E Jefferson Blvd, S Bend, IN 46617",WHOLESALE,NONE,E,,,,,41.675499,-86.23796
Conner Smith Eye Center,707 W Tipton St,,Seymour,IN,47274,"707 W Tipton St, Seymour, IN 47274",DOCTOR,NONE,U,,,(812) 524-3937,,38.955232,-85.895548
Grandeur Day Spa,1115 Walnut St,,Terre Haute,IN,47807,"1115 Walnut St, Terre Haute, IN 47807",WHOLESALE,NONE,N,,,(812) 243-6182,www.grandeurdayspa.glossgenius.com,39.464291,-87.400493
Massage Envy - Terre Haute,"4432 S US Highway 41, Suite 102",,Terre Haute,IN,47802,"4432 S US Highway 41, Suite 102, Terre Haute, IN 47802",MECLASS,NONE,C,Massage Envy Franchising,11041861,,,39.423514,-87.335064
Wabash Valley Dermatology and Med Spa,1208 E Canvasback Dr,,Terre Haute,IN,47802,"1208 E Canvasback Dr, Terre Haute, IN 47802",MEDICALSPA,GOLD,C,,,,,39.398585,-87.39834
Massage Envy - Valparaiso - 29-1147,"300 Porter's Vale Blvd, Suite 110",,Valparaiso,IN,46383,"300 Porter's Vale Blvd, Suite 110, Valparaiso, IN 46383",MECLASS,NONE,D,Massage Envy Franchising,11041861,,,41.47137,-87.01596
Medspa/lafayette,122 Sagamore Pkwy,,West Lafayette,IN,47906,"122 SAGAMORE PKWY, West Lafayette, IN 47906",DOCTOR,NONE,D,Randall Dermatology PC / W. Lafayette,10009626,,,40.45361,-86.906386
Skin by Zoei,9127 W Smith St,,Yorktown,IN,47396,"9127 W Smith St, Yorktown, IN 47396",WHOLESALE,NONE,E,,,(765) 702-9937,,40.173405,-85.494306
Backroads Beauty Aesthetics,401 Garrettson St,,Burlington,KS,66839,"401 Garrettson St, Burlington, KS 66839",MEDICALSPA,NONE,E,,,(734) 260-2606,backroads-beauty.com,38.201297,-95.738889
Massage Envy - Lawrence - 30-0718,4931 W 6th Street Ste 110,,Lawrence,KS,66049,"4931 W 6th Street Ste 110, Lawrence, Ks 66049",MECLASS,NONE,E,Massage Envy Franchising,11041861,,,38.970651,-95.309679
Hebe Aesthetics,4516 S 4th St,,Leavenworth,KS,66048,"4516 S 4th St, Leavenworth, KS 66048",MEDICALSPA,NONE,U,,,,hebeaestheticsmedspa.com,39.273536,-94.900156
Massage Envy - Leawood / Camelot Court,4312 14 W. 119th,,Leawood,KS,66209,"4312 14 W. 119th, Leawood, KS 66209",MECLASS,NONE,D,Massage Envy Franchising,11041861,,,38.913973,-94.636762
Massage Envy - Lenexa / Shawnee - 30-043,13224 W 87th St.,,Lenexa,KS,66215,"13224 W 87th St., Lenexa, KS 66215",MECLASS,NONE,U,Massage Envy Franchising,11041861,,,38.971525,-94.739375
Complexion by Kelsey KC,120 South Broadway Street,Studio  7,Louisburg,KS,66053,"120 South Broadway Street, Louisburg, KS 66053",WHOLESALE,NONE,E,,,,,38.619536,-94.681592
Kohlmeier Orthodontics,518 Humboldt St,,Manhattan,KS,66502,"518 Humboldt St, Manhattan, KS 66502",MEDICALSPA,NONE,U,,,(785) 844-3909,,39.18052,-96.564145
Massage Envy - Olathe Point - 30-0258,14913 W 119th St,,Olathe,KS,66062,"14913 W 119th St, Olathe, Ks 66062",MECLASS,NONE,E,Massage Envy Franchising,11041861,,,38.911263,-94.758572
Massage Envy - South Olathe - 30-0602,15032 S. Black Bob Road,,Olathe,KS,66062,"15032 S. Black Bob Road, Olathe, KS 66062",MECLASS,NONE,E,Massage Envy Franchising,11041861,,,38.856412,-94.762029
"Confidence Aesthetics, LLC",4030 Indian Creek Pkwy,,Overland Park,KS,66207,"4030 Indian Creek Pkwy, Overland Park, KS 66207",MEDICALSPA,NONE,N,,,,https://missionskinkc.com/,38.934408,-94.631821
Look The Doctors Med Spa,5037 W 119th St,,Overland Park,KS,66209,"5037 W 119th St, Overland Park, KS 66209",MEDICALSPA,NONE,U,,,,,38.912751,-94.643025
Massage Envy - North Overland Park - 30-,9095 Metcalf Ave,,Overland Park,KS,66212,"9095 Metcalf Ave, Overland Park, Ks 66212",MECLASS,NONE,U,Massage Envy Franchising,11041861,,,38.964842,-94.666761
Skin Gal,11228 Switzer Rd,Ste 131,Overland Park,KS,66212,"11228 Switzer Rd, Overland Park, KS 66212",WHOLESALE,NONE,E,,,,,38.925959,-94.709816
Timeless Glow,6351 W 110th St.,,Overland Park,KS,66211,"6351 W 110th St., Overland Park, KS 66211",MEDICALSPA,NONE,N,,,(913) 748-6529,https://glowandink.com/,38.928969,-94.659218
AW Aesthetics,210 S 18th St,,Parsons,KS,67357,"210 S 18th St, Parsons, KS 67357",MEDICALSPA,NONE,D,,,,,37.339278,-95.262256
Sera Skin,9415 Nall Ave,Ste 205 #6,Prairie Village,KS,66207,"9415 Nall Ave, Prairie Village, KS 66207",MEDICALSPA,NONE,C,,,(319) 721-1179,https://www.instagram.com/seraskin.co/,38.957681,-94.648424
"Dew Aesthetics & Wellness, LLC.",5900 Nieman Rd,Ste 300,Shawnee,KS,66203,"5900 Nieman Rd, Shawnee, KS 66203",MEDICALSPA,NONE,D,,,(913) 515-7859,,39.021788,-94.714845
Massage Envy - Topeka - 30-0604,2130 SW Wanamaker Rd.,,Topeka,KS,66614,"2130 SW Wanamaker Rd., Topeka, KS 66614",MECLASS,NONE,U,Massage Envy Franchising,11041861,,,39.027366,-95.759444
R.co Esthetics,1930 SW Westport Dr,Ste 4,Topeka,KS,66604,"1930 SW Westport Dr, Topeka, KS 66604",WHOLESALE,NONE,D,,,(785) 559-8181,,39.031552,-95.756068
Massage Envy - Wichita - 30-0719,2441 N Maize Rd STE 1601,,Wichita,KS,67205,"2441 N Maize Rd STE 1601, Wichita, KS 67205",MECLASS,NONE,E,Massage Envy Franchising,11041861,,,37.728515,-97.464925
Massage Envy - Wichita East - 30-1032,"10096 E. 13th St., Ste. 126",,Wichita,KS,67206,"10096 E. 13th St., Ste. 126, Wichita, KS 67206",MECLASS,NONE,E,Massage Envy Franchising,11041861,,,37.709655,-97.221627
Recover Wellness Wichita,10096 E 13th St N Suite 138,,Wichita,KS,67206,"10096 E 13th St N Suite 138, Wichita, KS 67206",MEDICALSPA,NONE,N,,,(620) 640-8695,,37.709553,-97.22136
Select Health,2530 Scottsville Road,Ste 112,Bowling Green,KY,42104,"2530 Scottsville Road, Bowling Green, KY 42104",MEDICALSPA,NONE,D,,,(270) 904-9120,https://selecthealthbg.com,36.951531,-86.424583
Restore Hyper Wellness - Crestview Hills (KY007),2774 Town Center Blvd,,Crestview Hills,KY,41017,"2774 Town Center Blvd, Crestview Hills, KY 41017",DOCTOR,NONE,E,Restore Hyper Wellness - Parent Account,11061787,(859) 201-4022,,39.026075,-84.576855
Massage Envy - Florence - 31-0751,"4960 Houston Road, Suite E",,Florence,KY,41042,"4960 Houston Road, Suite E, Florence, KY 41042",MECLASS,NONE,E,Massage Envy Franchising,11041861,,,39.013605,-84.638549
Stay Gold Aesthetics LLC,820 Ky-160,,Hindman,KY,41822,"820 KY-160, Hindman, KY 41822",WHOLESALE,NONE,N,,,(606) 216-0451,,37.331441,-82.969227
Esthetic Solutions By Maya,2548 Larkin Rd,Ste 113,Lexington,KY,40503,"2548 Larkin Rd, Lexington, KY 40503",WHOLESALE,NONE,U,,,,,38.000007,-84.518983
Massage Envy - Hamburg - 31-0714,"1908 Bryant Rd, Suite 140",,Lexington,KY,40509,"1908 Bryant Rd, Suite 140, Lexington, KY 40509",MECLASS,NONE,D,Massage Envy Franchising,11041861,,,38.018063,-84.414498
Massage Envy - Nicholasville Road - 31-0,"116 Marketplace Drive, STE A",,Lexington,KY,40503,"116 Marketplace Drive, STE A, Lexington, KY 40503",MECLASS,NONE,C,Massage Envy Franchising,11041861,,,37.977228,-84.531189
"Susan Neil, MD",2101 Nicholasville Rd,Ste.# 206,Lexington,KY,40503,"2101 Nicholasville Rd, Lexington, KY 40503",DOCTOR,NONE,U,,,,,38.010588,-84.51776
Massage Envy - Middletown - 31-0388,"12911 Shelbyville Road, STE 109",,Louisville,KY,40243,"12911 Shelbyville Road, STE 109, Louisville, KY 40243",MECLASS,NONE,C,Massage Envy Franchising,11041861,,,38.244132,-85.51554
Massage Envy - Springhurst - 31-0387,"3563 Springhurst Blvd., Ste. 29",,Louisville,KY,40241,"3563 Springhurst Blvd., Ste. 29, Louisville, KY 40241",MECLASS,NONE,C,Massage Envy Franchising,11041861,,,38.298652,-85.560188
Massage Envy - St. Matthews - 31-0386,"4600 Shelbyville Road, #208",,Louisville,KY,40207,"4600 Shelbyville Road, #208, Louisville, KY 40207",MECLASS,NONE,E,Massage Envy Franchising,11041861,,,38.247888,-85.630807
Massage Envy - Newport Ky - 31-1227,189 Pavilion Parkway,,Newport,KY,41071,"189 Pavilion Parkway, Newport, KY 41071",MECLASS,NONE,D,Massage Envy Franchising,11041861,,,39.086548,-84.476428
Progressive Aesthetics,1605 Scherm Rd,,Owensboro,KY,42303,"1605 Scherm Rd, Owensboro, KY 42303",MEDICALSPA,NONE,E,,,,,37.742784,-87.127715
Vonthera,404 Broadway St,,Paducah,KY,42001,"404 Broadway St, Paducah, KY 42001",WHOLESALE,NONE,N,,,(270) 201-2997,www.vontherabody.com,37.086426,-88.598205
NoCo Spa & Aesthetics,10706 Meeting St,Ste 101,Prospect,KY,40059,"10706 Meeting St, Prospect, KY 40059",MEDICALSPA,SILVER,D,,,,,38.325067,-85.566986
Amy Hebert,7809 Jefferson Hwy,Ste F-5,Baton Rouge,LA,70809,"7809 Jefferson Hwy, Baton Rouge, LA 70809",WHOLESALE,NONE,D,,,(985) 859-4099,https://www.instagram.com/amy_martin_hebert_esthetician_/,30.428296,-91.107059
Becky Parrish,7640 Old Hammond Hwy,,Baton Rouge,LA,70809,"7640 Old Hammond Hwy, Baton Rouge, LA 70809",WHOLESALE,NONE,E,,,,,30.430541,-91.107612
Massage Envy - Bluebonnet - 41-0814,7940 Bluebonnet Blvd,,Baton Rouge,LA,70810,"7940 Bluebonnet Blvd, Baton Rouge, La 70810",MECLASS,NONE,U,Massage Envy Franchising,11041861,,,30.378472,-91.098756
Massage Envy - Citiplace - 41-0378,2561 Citiplace Ct,,Baton Rouge,LA,70808,"2561 Citiplace Ct, Baton Rouge, LA 70808",MECLASS,NONE,U,Massage Envy Franchising,11041861,,,30.424674,-91.129475
Massage Envy - Long Farm - 41-1290,14650 Village Market Street,,Baton Rouge,LA,70817,"14650 Village Market Street, Baton Rouge, LA 70817",MECLASS,NONE,U,Massage Envy Franchising,11041861,,,30.362302,-91.012586
Massage Envy - Bossier City - 41-0989,2800 Beene Blvd,,Bossier City,LA,71111,"2800 Beene Blvd, Bossier City, La 71111",MECLASS,NONE,E,Massage Envy Franchising,11041861,,,32.560103,-93.70919
Family Wellness of Denham Springs,315 Veterans Blvd,,Denham Springs,LA,70726,"315 Veterans Blvd, Denham Springs, LA 70726",MEDICALSPA,NONE,D,,,,,30.470138,-90.964606
Restore Hyper Wellness - Elmwood (LA003),1126 S Clearview Pkwy,Ste C2,Elmwood,LA,70123,"1126 S Clearview Pkwy, Elmwood, LA 70123",DOCTOR,NONE,D,Restore Hyper Wellness - Parent Account,11061787,(504) 264-7828,,29.961073,-90.185696
Adair Skin,614 Richland Ave,,Lafayette,LA,70508,"614 Richland Ave, Lafayette, LA 70508",WHOLESALE,NONE,N,,,(337) 322-4122,,30.199663,-92.000289
Massage Envy - Ambassador Crossing - 41-,4243 Ambassador Caffrey Pkwy Ste 106,,Lafayette,LA,70508,"4243 Ambassador Caffrey Pkwy Ste 106, Lafayette, La 70508",MECLASS,NONE,U,Massage Envy Franchising,11041861,,,30.161269,-92.052179
Massage Envy - Lafayette - 41-0644,"130 North College Road, STE B",,Lafayette,LA,70506,"130 North College Road, STE B, Lafayette, LA 70506",MECLASS,NONE,D,Massage Envy Franchising,11041861,,,30.208572,-92.039527
Massage Envy - Mandeville - 41-0801,"3471 E. Causeway Approach, STE 4",,Mandeville,LA,70448,"3471 E. Causeway Approach, STE 4, Mandeville, LA 70448",MECLASS,NONE,U,Massage Envy Franchising,11041861,,,30.375184,-90.089846
Nouvo Med,3902 Louisiana Highway 22,,Mandeville,LA,70471,"3902 Louisiana Highway 22, Mandeville, LA 70471",DOCTOR,NONE,U,,,(270) 307-2825,https://nouvomed.com/contact,30.395072,-90.09382
Restore Hyper Wellness - Mandeville (LA006),3426 US Hwy 190,,Mandeville,LA,70471,"3426 US Hwy 190, Mandeville, LA 70471",DOCTOR,NONE,E,Restore Hyper Wellness - Parent Account,11061787,(985) 778-0170,,30.391396,-90.08397
Massage Envy - Old Metairie - 41-0366,701 Metairie Road,,Metairie,LA,70005,"701 Metairie Road, Metairie, La 70005",MECLASS,NONE,E,Massage Envy Franchising,11041861,,,29.989027,-90.131316
Massage Envy - Veterans - 41-0971,3131 Veterans Memorial Blvd.,Ste. 102,Metairie,LA,70002,"3131 Veterans Memorial Blvd., Metairie, LA 70002",MECLASS,NONE,E,Massage Envy Franchising,11041861,,,30.004087,-90.153997
Massage Envy - Monroe / West Monroe - 41,4429 Pecanland Mall Dr Ste 5,,Monroe,LA,71203,"4429 Pecanland Mall Dr Ste 5, Monroe, La 71203",MECLASS,NONE,C,Massage Envy Franchising,11041861,,,32.499063,-92.067362
Le Visage Day Spa,8110 Hampson St,,New Orleans,LA,70118,"8110 HAMPSON ST, New Orleans, LA 70118",WHOLESALE,NONE,D,,,,,29.944006,-90.133901
Massage Envy - Uptown - 41-0809,5300 Tchoupitoulas St.,Suite G-1,New Orleans,LA,70115,"5300 Tchoupitoulas St., New Orleans, LA 70115",MECLASS,NONE,U,Massage Envy Franchising,11041861,,,29.915907,-90.115066
ReNu Health and Wellness,6312 Argonne Blvd,,New Orleans,LA,70124,"6312 Argonne Blvd, New Orleans, LA 70124",MEDICALSPA,NONE,N,,,(504) 609-9776,,30.005107,-90.102957
Massage Envy - Youree Drive - 41-0986,7523 Youree Drive,,Shreveport,LA,71105,"7523 Youree Drive, Shreveport, LA 71105",MECLASS,NONE,D,Massage Envy Franchising,11041861,,,32.457911,-90.110097
Skin Technology,1958 E 70th St.,Ste C,Shreveport,LA,71105,"1958 E 70th St., Shreveport, LA 71105",WHOLESALE,NONE,D,,,,,32.444466,-93.708601
Massage Envy - Slidell - 41-1178,126 Town Center Pkwy,,Slidell,LA,70458,"126 Town Center Pkwy, Slidell, La 70458",MECLASS,NONE,E,Massage Envy Franchising,11041861,,,30.269469,-89.759014
Massage Envy - Arlington Heights - 36-07,1398 Massachusetts Ave,,Arlington,MA,02476,"1398 Massachusetts Ave, Arlington, Ma 02476",MECLASS,NONE,D,Massage Envy Franchising,11041861,,,42.424332,-71.185233
Silver Leaf Spa,714-a Southbridge St.,,Auburn,MA,01501,"714-A SOUTHBRIDGE ST., Auburn, MA 01501",WHOLESALE,NONE,D,,,(508) 721-7700,,42.183564,-71.860413
Allure Aesthetics,2 Brighton St,Ste 201,Belmont,MA,02478,"2 Brighton St, Belmont, MA 02478",MEDICALSPA,NONE,U,,,(508) 251-9187,https://www.allureaestheticsbyaraxi.com,42.394642,-71.158502
Massage Envy - Back Bay Boston - 36-0716,211 Berkeley St,,Boston,MA,02116,"211 Berkeley St, Boston, Ma 02116",MECLASS,NONE,U,Massage Envy Franchising,11041861,,,42.351132,-71.072587
Spa By Nancy,341 Washington St.,,Braintree,MA,02184,"341 WASHINGTON ST., Braintree, MA 02184",MEDICALSPA,NONE,D,,,(731) 380-4082,,42.22094,-71.00428
Massage Envy - Easton / Brockton - 36-08,1309 Belmont Street,,Brockton,MA,02301,"1309 Belmont Street, Brockton, Ma 02301",MECLASS,NONE,E,Massage Envy Franchising,11041861,,,42.058141,-71.069439
Massage Envy - Burlington - 36-1364,2 Wayside Rd,,Burlington,MA,01803,"2 Wayside Rd, Burlington, Ma 01803",MECLASS,NONE,D,Massage Envy Franchising,11041861,,,42.484544,-71.193719
Estetika Spa,370 Huron Ave,,Cambridge,MA,02138,"370 Huron Ave, Cambridge, MA 02138",WHOLESALE,NONE,D,,,,,42.381007,-71.139131
Massage Envy - Cambridge Memorial Drive,750 Memorial Drive,,Cambridge,MA,02139,"750 Memorial Drive, Cambridge, Ma 02139",MECLASS,NONE,U,Massage Envy Franchising,11041861,,,42.358079,-71.11505
Chestnut Hill Plastic & Aesthetic Surgery Associates,200 Boylston St,A307,Chestnut Hill,MA,02467,"200 Boylston St, Chestnut Hill, MA 02467",DOCTOR,NONE,E,,,(617) 504-3200,https://www.sumnerslavinmd.com/,42.318895,-71.175119
Massage Envy - Danvers - 36-0930,100 Independence Way,,Danvers,MA,01923,"100 Independence Way, Danvers, Ma 01923",MECLASS,NONE,U,Massage Envy Franchising,11041861,,,42.552848,-70.940191
Rx Beauty Room,153 Andover Street,Suite 100-A,Danvers,MA,01923,"153 Andover Street, Danvers, MA 01923",MEDICALSPA,NONE,N,,,,https://www.rxbeautyroom.com,42.560407,-70.969692
Restore Hyper Wellness - Dedham (MA002),544 Legacy Pl,,Deadham,MA,02026,"544 Legacy Pl, Deadham, MA 02026",DOCTOR,NONE,U,Restore Hyper Wellness - Parent Account,11061787,(781) 366-0591,,42.229892,-71.177412
Onda Medical Aesthetics and Wellness,102 Cottage St,,Easthampton,MA,01027,"102 Cottage St, Easthampton, MA 01027",MEDICALSPA,NONE,N,,,(413) 686-9681,www.ondaaesthetics.com,42.264107,-72.664894
Massage Envy - Franklin - 36-1156,405 Franklin Drive,,Franklin,MA,02038,"405 Franklin Drive, Franklin, Ma 02038",MECLASS,NONE,U,Massage Envy Franchising,11041861,,,42.089128,-71.424706
Skn Studio Self Care,440 E Central St,Suite#5,Franklin,MA,02038,"440 E Central St, Franklin, MA 02038",WHOLESALE,NONE,N,,,(508) 346-3021,https://sknstudios.com/,42.079163,-71.37802
Ambrosia Salon and Day Spa,2053 Washington St,Ste 104,Hanover,MA,02339,"2053 Washington St, Hanover, MA 02339",WHOLESALE,NONE,D,,,,,42.165341,-70.867247
Coastal Plastic Surgery,2 Pond Park Rd,Ste 308,Hingham,MA,02043,"2 Pond Park Rd, Hingham, MA 02043",DOCTOR,NONE,E,,,,,42.177087,-70.919004
Greta Hall Aesthetics,60 South St,,Hingham,MA,02043,"60 South St, Hingham, MA 02043",MEDICALSPA,NONE,N,,,(781) 516-6809,https://gretahallaesthetics.com/,42.241765,-70.889614
Aura Day Spa,485 Holyoke St,,Ludlow,MA,01056,"485 Holyoke St, Ludlow, MA 01056",WHOLESALE,NONE,U,,,(413) 610-0650,www.auradayspaludlow.com,42.181462,-72.504625
Restore Hyper Wellness -Lynnfield-MA004,1130 Market St,,Lynnfield,MA,01940,"1130 Market St, Lynnfield, MA 01940",DOCTOR,NONE,U,Restore Hyper Wellness - Parent Account,11061787,(781) 650-8487,https://www.restore.com/,42.517205,-71.035873
HVW Esthetics,8 Spring St,Lower Level Rear,Marblehead,MA,01945,"8 Spring St, Marblehead, MA 01945",WHOLESALE,SILVER,C,,,,,42.503093,-70.855995
Face Studio,696 Plain St,Ste 2B,Marshfield,MA,02050,"696 Plain St, Marshfield, MA 02050",WHOLESALE,SILVER,C,,,,,42.106579,-70.745072
Serenity In The City Salon and Spa,269 Middlesex Ave,,Medford,MA,02155,"269 Middlesex Ave, Medford, MA 02155",WHOLESALE,NONE,E,,,,,42.412075,-71.07828
Erin Taylor Esthetics,369 Merrimack Street,Suite F,Methuen,MA,01844,"369 Merrimack Street, Methuen, MA 01844",WHOLESALE,NONE,N,,,(978) 476-4145,,42.745666,-71.129466
Ultimate Glow,236 Pleasant St,Unit 18,Methuen,MA,01844,"236 Pleasant St, Methuen, MA 01844",MEDICALSPA,NONE,E,,,,,42.739739,-71.171101
"Bella Vita Salon, Day Spa and Medi Spa",1019 Osgood St,,N Andover,MA,01845,"1019 Osgood St, N Andover, MA 01845",MEDICALSPA,NONE,E,,,,,42.714293,-71.116206
Personal Best,270 Washington St,,N Pembroke,MA,02358,"270 WASHINGTON ST, N Pembroke, MA 02358",WHOLESALE,NONE,E,,,,,42.094682,-70.793559
Spa Larimar Beauty & Wellness Spa,1030 Phillips Rd,,New Bedford,MA,02745,"1030 Phillips Rd, New Bedford, Ma 02745",MEDICALSPA,GOLD,A,,,(774) 202-0677,https://www.spalarimar.com/,41.700073,-70.936874
AfterGlow Aesthetics,60 Roberts Dr,Ste 302,North Adams,MA,01247,"60 Roberts Dr, North Adams, MA 01247",MEDICALSPA,NONE,D,,,,,42.699387,-73.13851
Skinvestment,4 High St,Suite 301,North Andover,MA,01845,"4 High St, North Andover, MA 01845",WHOLESALE,NONE,E,,,,,42.700886,-71.125777
Massage Envy - North Attleboro - 35-1268,1250 S. Washington Street,,North Attleboro,MA,02760,"1250 S. Washington Street, North Attleboro, Ma 02760",MECLASS,NONE,C,Massage Envy Franchising,11041861,,,41.939425,-71.347822
Massage Envy - North Reading - 36-1294,271 Main Street,,North Reading,MA,01864,"271 Main Street, North Reading, MA 01864",MECLASS,NONE,C,Massage Envy Franchising,11041861,,,42.592978,-71.117752
Maggie Rose Esthetics & Massage,340 Washington St,3,Norwell,MA,02061,"340 Washington St, Norwell, MA 02061",WHOLESALE,NONE,E,,,(781) 974-6700,Https://www.maggieroseestheticsandmassage.com,42.161464,-70.863073
Massage Envy - Norwell - 36-0437,10 Washington Street,,Norwell,MA,02061,"10 Washington Street, Norwell, Ma 02061",MECLASS,NONE,E,Massage Envy Franchising,11041861,,,42.172182,-70.882786
Massage Envy - Dedham - 36-0438,333 Park Place,,Norwood,MA,02062,"333 Park Place, Norwood, MA 02062",MECLASS,NONE,E,Massage Envy Franchising,11041861,,,42.19079,-71.200337
"Relax Medical Aesthetics, LLC",165 Route 6A,,Orleans,MA,02653,"165 Route 6A, Orleans, MA 02653",WHOLESALE,NONE,E,,,,,41.782541,-69.995581
Odette's Salon & Day Spa,165 Lynn St,,Peabody,MA,01960,"165 LYNN ST, Peabody, MA 01960",WHOLESALE,NONE,E,,,,,42.506191,-70.952201
Oasis Day Spa,108 Pleasant St.,,S Weymouth,MA,02190,"108 PLEASANT ST., S Weymouth, MA 02190",WHOLESALE,PLATINUM,A,,,,,42.174318,-70.951695
Massage Envy - Saugus - 36-0815,358 Broadway,,Saugus,MA,01906,"358 Broadway, Saugus, Ma 01906",MECLASS,NONE,D,Massage Envy Franchising,11041861,,,42.484626,-70.958813
Elan Beauty Aesthetics,246 Boston Turnpike,Unit 2,Shrewsbury,MA,01545,"246 Boston Turnpike, Shrewsbury, MA 01545",WHOLESALE,NONE,U,,,(508) 615-7382,,42.274845,-71.741981
Laser Derm Medispa,6 Gordon Rd,,Shrewsbury,MA,01545,"6 Gordon Rd, Shrewsbury, MA 01545",WHOLESALE,NONE,U,,,(508) 752-7113,https://laserdermmedispa.com/,42.275187,-71.737202
Massage Envy - Shrewsbury - 36-1236,193 Boston Tpke,Suite 3110,Shrewsbury,MA,01545,"193 Boston Tpke, Shrewsbury, Ma 01545",MECLASS,NONE,U,Massage Envy Franchising,11041861,,,42.276036,-71.746755
New England Dermatology Laser Center,3455 Main St,Ste 5,Springfield,MA,01107,"3455 Main St, Springfield, MA 01107",DOCTOR,NONE,E,,,(413) 733-9600,www.nedlc.com,42.124501,-72.60954
Kiara MedSpa,89 Main St,Ste 1100,Taunton,MA,02780,"89 Main St, Taunton, MA 02780",MEDICALSPA,NONE,E,,,(508) 880-0200,,41.901371,-71.090118
Aesthetics Exchange Skin Care,1215 Main St,Ste. 125,Tewksbury,MA,01876,"1215 Main St, Tewksbury, MA 01876",MEDICALSPA,SILVER,D,,,,,42.606806,-71.227406
Serenity Spa and Salon,"315 Middlesex Rd,",Ste 1,Tyngsboro,MA,01879,"315 Middlesex Rd,, Tyngsboro, MA 01879",MEDICALSPA,GOLD,C,,,,,42.683626,-71.427637
Shaun Charles Med Spa,29 Albion St,Ste 5,Wakefield,MA,01880,"29 Albion St, Wakefield, MA 01880",MEDICALSPA,NONE,U,,,,,42.503416,-71.071923
Massage Envy - West Springfield - 36-109,935 Riverdale St,Ste G100,West Springfield,MA,01089,"935 Riverdale St, West Springfield, Ma 01089",MECLASS,NONE,D,Massage Envy Franchising,11041861,,,42.129576,-72.62346
Massage Envy - Westborough - 36-1026,18 Lyman Street,,Westborough,MA,01581,"18 Lyman Street, Westborough, Ma 01581",MECLASS,NONE,U,Massage Envy Franchising,11041861,,,42.281506,-71.60865
Catherine Hinds Company,300 Wildwood Ave,,Woburn,MA,01801,"300 Wildwood Ave, Woburn, MA 01801",WHOLESALE,GOLD,A,,,,,42.493315,-71.136848
Bellisimo Med Spa & Laser Center,372 Chandler St,Courtland Yard,Worcester,MA,01602,"372 CHANDLER ST, Worcester, MA 01602",MEDICALSPA,NONE,U,,,,https://bellisimospa.com/,42.262603,-71.830003
Euna Aesthetics,127 Lubrano Dr,Ste 105,Annapolis,MD,21401,"127 Lubrano Dr, Annapolis, MD 21401",MEDICALSPA,NONE,U,,,(410) 266-8604,,38.986701,-76.551732
Massage Envy - Annapolis - 21-0812,2327 B Forest Dr,,Annapolis,MD,21401,"2327 B Forest Dr, Annapolis, Md 21401",MECLASS,NONE,D,Massage Envy Franchising,11041861,,,38.978903,-76.545915
SkinSpirit Essential Annapolis,1915 Towne Center Blvd,Ste 110,Annapolis,MD,21401,"1915 Towne Center Blvd, Annapolis, MD 21401",MEDICALSPA,NONE,U,SkinSpirit National Account,11038393,,www.skinspirit.com,38.980803,-76.539472
Aesthetic Center at Woodholme,1838 Greene Tree Rd,Ste 370,Baltimore,MD,21208,"1838 Greene Tree Rd, Baltimore, MD 21208",DOCTOR,NONE,E,,,,,39.390765,-76.736409
Massage Envy - Rotunda At Roland Park -,"727 W. 40th Street, Suite 108",,Baltimore,MD,21211,"727 W. 40th Street, Suite 108, Baltimore, MD 21211",MECLASS,NONE,C,Massage Envy Franchising,11041861,,,39.33507,-76.630333
Sarah Fowler,Sara Fowler,5100 Falls Rd Ste 168,Baltimore,MD,21210,"Sara Fowler, Baltimore, MD 21210",MEDICALSPA,NONE,D,,,,,39.354991,-76.645964
The Loft with Natalie Sams LLC,518 Conkling St,Ste. 2,Baltimore,MD,21224,"518 Conkling St, Baltimore, MD 21224",MEDICALSPA,SILVER,C,,,,,39.286056,-76.567541
Massage Envy - Bel Air Plaza - 21-0581,591 Baltimore Pike,,Bel Air,MD,21014,"591 Baltimore Pike, Bel Air, Md 21014",MECLASS,NONE,D,Massage Envy Franchising,11041861,,,39.526261,-76.352007
Skin Solutions,564 Baltimore Pike,Suite 107,Bel Air,MD,21014,"564 Baltimore Pike, Bel Air, MD 21014",WHOLESALE,NONE,N,,,,,39.527899,-76.354652
The Glow Lab,260 Gateway Dr,Ste 5B,Bel Air,MD,21014,"260 Gateway Dr, Bel Air, MD 21014",WHOLESALE,NONE,N,,,,,39.528774,-76.362801
"Robert Weiss, M.d.",54 Scott Adam Rd,Ste 301,Cockeysville,MD,21030,"54 SCOTT ADAM RD, Cockeysville, MD 21030",DOCTOR,NONE,U,,,,,39.472275,-76.636814
Massage Envy - College Park Md - 21-0657,"10260 Baltimore Ave, STE L",,College Park,MD,20740,"10260 Baltimore Ave, STE L, College Park, MD 20740",MECLASS,NONE,D,Massage Envy Franchising,11041861,,,39.0231,-76.925504
Farashe The Day Spa,5570 Sterrett Pl,Ste 105,Columbia,MD,21044,"5570 Sterrett Pl, Columbia, MD 21044",WHOLESALE,NONE,D,,,,,39.220749,-76.857833
Water and Leaf Skincare,5525 Twin Knolls Road,Suite 328,Columbia,MD,21045,"5525 Twin Knolls Road, Columbia, MD 21045",WHOLESALE,NONE,U,,,,,39.221754,-76.841937
SCaIR Japanese Head Spa & SCaIR Skin Care,2131 Defense Hwy,suite 3,Crofton,MD,21114,"2131 Defense Hwy, Crofton, MD 21114",WHOLESALE,NONE,N,,,(443) 610-1116,https://scairheadspa.glossgenius.com/,38.991302,-76.696632
Your Bestie The Esthie,1629 Crofton Ctr,Ste 11,Crofton,MD,21114,"1629 Crofton Ctr, Crofton, MD 21114",WHOLESALE,NONE,E,,,(240) 606-0663,https://www.vagaro.com/yourbestietheesthie1,38.784529,-77.014744
Soma Med Spa,33 N Centre St,,Cumberland,MD,21502,"33 N Centre St, Cumberland, MD 21502",MEDICALSPA,NONE,N,,,(301) 268-3364,,39.652403,-78.761471
Massage Envy - Columbia Md - 21-0505,"6630 Marie Curie Drive, Suite J",,Elkridge,MD,21075,"6630 Marie Curie Drive, Suite J, Elkridge, MD 21075",MECLASS,NONE,U,Massage Envy Franchising,11041861,,,39.187816,-76.796494
Lavenburg Medical Group,103 Chesapeake Blvd C,,Elkton,MD,21921,"103 Chesapeake Blvd C, Elkton, MD 21921",DOCTOR,NONE,E,Century Vision Global,11067184,(302) 664-8060,centuryvisionglobal.com,39.605076,-75.787796
Massage Envy - Ellicott City - 21-1122,10039 Baltimore National Pike,,Ellicott City,MD,21042,"10039 Baltimore National Pike, Ellicott City, MD 21042",MECLASS,NONE,U,Massage Envy Franchising,11041861,,,39.278228,-76.857556
Massage Envy - Frederick - 21-0577,"7820 Wormans Mill Rd, STE G",,Frederick,MD,21701,"7820 Wormans Mill Rd, STE G, Frederick, MD 21701",MECLASS,NONE,C,Massage Envy Franchising,11041861,,,39.445652,-77.396773
Massage Envy - Crofton - 21-0896,1404 S Main Chapel Way,Suite 110,Gambrills,MD,21054,"1404 S Main Chapel Way, Gambrills, Md 21054",MECLASS,NONE,D,Massage Envy Franchising,11041861,,,39.033005,-76.685531
Massage Envy - Gaithersburg - 21-0516,20950 Frederick Rd.,Suite 160,Germantown,MD,20876,"20950 Frederick Rd., Germantown, MD 20876",MECLASS,NONE,E,Massage Envy Franchising,11041861,,,39.114564,-77.206151
Massage Envy - Glen Burnie 21-1320,7927 Ritchie Hwy,,Glen Burnie,MD,21061,"7927 Ritchie Hwy, Glen Burnie, Md 21061",MECLASS,NONE,D,Massage Envy Franchising,11041861,,,39.138707,-76.598577
Adrianne Golly DDS MD Inc.,864 Jefferson Blvd.,,Hagerstown,MD,21740,"864 Jefferson Blvd., Hagerstown, MD 21740",DOCTOR,SILVER,U,,,,,39.419395,-77.434718
Ageless Skin and Laser Center LLC,222 E Oak Ridge Dr.,Ste 1700,Hagerstown,MD,21740,"222 E Oak Ridge Dr., Hagerstown, MD 21740",MEDICALSPA,SILVER,C,,,,,39.612181,-77.722898
Massage Envy - Bowie / Woodmore - 21-086,9300 Woodmore Towne Centre,Ste 501,Lanham,MD,20706,"9300 Woodmore Towne Centre, Lanham, Md 20706",MECLASS,NONE,E,Massage Envy Franchising,11041861,,,38.922003,-76.845902
Massage Envy - Laurel - 21-1125,14720 Baltimore Ave,Ste 103,Laurel,MD,20707,"14720 Baltimore Ave, Laurel, Md 20707",MECLASS,NONE,D,Massage Envy Franchising,11041861,,,39.093759,-76.856196
Massage Envy - Timonium,1810 York Road,Suite D-F,Lutherville-Timonium,MD,21093,"1810 York Road, Lutherville-Timonium, MD 21093",MECLASS,NONE,U,Massage Envy Franchising,11041861,,,39.43072,-76.623311
Massage Envy - Westminster Md - 21-1249,"140 Englar Rd., Suite 21",,Maryland,MD,21157,"140 Englar Rd., Suite 21, Maryland, MD 21157",MECLASS,NONE,E,Massage Envy Franchising,11041861,,,39.581822,-76.990498
Lillie Aesthetics X Vital Skin,9722 Belair Rd,Unit 3,Nottingham,MD,21236,"9722 Belair Rd, Nottingham, MD 21236",MEDICALSPA,NONE,N,,,,,39.417617,-76.458415
Massage Envy - White Marsh - 21-1250,5247 Campbell Blvd.,,Nottingham,MD,21236,"5247 Campbell Blvd., Nottingham, Md 21236",MECLASS,NONE,D,Massage Envy Franchising,11041861,,,39.36808,-76.454388
Massage Envy - Ocean City -2 -1246,"11001 Manklin Creek Rd, Bldg D, Unit 4",,Ocean Pines,MD,21811,"11001 Manklin Creek Rd, Bldg D, Unit 4, Ocean Pines, MD 21811",MECLASS,NONE,E,Massage Envy Franchising,11041861,,,38.375898,-75.163986
"Barbara Honig, MD",1777 Reisterstown Rd,108,Pikesville,MD,21208,"1777 Reisterstown Rd, Pikesville, MD 21208",DOCTOR,NONE,U,,,,,39.386368,-76.734494
Massage Envy - Rockville - 21-0673,12266 Rockville Pike STE Q,,Rockville,MD,20852,"12266 Rockville Pike STE Q, Rockville, MD 20852",MECLASS,NONE,U,Massage Envy Franchising,11041861,,,39.057125,-77.121959
Massage Envy - Salisbury - 21-0952,2657 N Salisbury Blvd Ste 105,,Salisbury,MD,21804,"2657 N Salisbury Blvd Ste 105, Salisbury, MD 21804",MECLASS,NONE,U,Massage Envy Franchising,11041861,,,38.414576,-75.565833
Massage Envy - Severna Park - 21-0580,145 Ritchie Hwy,,Severna Park,MD,21146,"145 Ritchie Hwy, Severna Park, MD 21146",MECLASS,NONE,C,Massage Envy Franchising,11041861,,,39.082058,-76.551258
Massage Envy - Silver Springs - 21-1328,955 Wayne Avenue,,Silver Spring,MD,20910,"955 Wayne Avenue, Silver Spring, MD 20910",MECLASS,NONE,E,Massage Envy Franchising,11041861,,,38.994773,-77.026198
Massage Envy - Urbana - 21-1325,3511 John Simmons Road,,South Frederick,MD,21704,"3511 John Simmons Road, South Frederick, MD 21704",MECLASS,NONE,E,Massage Envy Franchising,11041861,,,39.330238,-77.353462
Massage Envy - Waldorf - 21-0806,3031 Festival Way,,Waldorf,MD,20601,"3031 Festival Way, Waldorf, Md 20601",MECLASS,NONE,C,Massage Envy Franchising,11041861,,,38.629827,-76.912036
"Joyful Balance Holistic Healing, PLLC",555 Portland Rd,,Bridgton,ME,04009,"555 Portland Rd, Bridgton, ME 04009",DOCTOR,NONE,U,,,(207) 803-8888,https://joyfulbalance.me,44.019138,-70.685539
Midcoast Laser Plus,77 Elm St,,Camden,ME,04843,"77 Elm St, Camden, ME 04843",MEDICALSPA,NONE,D,,,,,44.206218,-69.070093
Massage Envy - South Portland - 36-0725,343 Gorham Rd,,South Portland,ME,04106,"343 Gorham Rd, South Portland, ME 04106",MECLASS,NONE,D,Massage Envy Franchising,11041861,,,43.636781,-70.329841
Restore Hyper Wellness - South Portland (ME001),100 Gorham Rd,Ste B,South Portland,ME,04106,"100 Gorham Rd, South Portland, ME 04106",DOCTOR,NONE,U,Restore Hyper Wellness - Parent Account,11061787,(207) 250-4444,,43.633494,-70.32219
Dr. Jennifer Thomas -Goering,418 S Wagner Rd,,Ann Arbor,MI,48103,"418 S Wagner Rd, Ann Arbor, MI 48103",DOCTOR,NONE,B,,,,,42.283209,-83.826731
Fran Coys Salon and Day Spa,418 S Wagner Rd,,Ann Arbor,MI,48103,"418 S Wagner Rd, Ann Arbor, MI 48103",MEDICALSPA,NONE,U,,,,,42.279754,-83.800018
Massage Envy - Ann Arbor,3143 Ann Arbor-Saline Road,Suite C,Ann Arbor,MI,48103,"3143 Ann Arbor-Saline Road, Ann Arbor, MI 48103",MECLASS,NONE,D,Massage Envy Franchising,11041861,,,42.241159,-83.768295
Kelsey Autumn Esthetics,800 Washington Ave,Ste 100,Bay City,MI,48708,"800 Washington Ave, Bay City, MI 48708",WHOLESALE,NONE,E,,,(989) 778-0739,,43.599465,-83.872586
Massage Envy - Birmingham - 04-1118,34256 Woodward Ave.,,Birmingham,MI,48009,"34256 Woodward Ave., Birmingham, Mi 48009",MECLASS,NONE,E,Massage Envy Franchising,11041861,,,42.541212,-83.207188
"RVB Birmingham, LLC",33466 Woodward Ave.,,Birmingham,MI,48009,"33466 Woodward Ave., Birmingham, MI 48009",MEDICALSPA,NONE,U,"RVB Investment Group, LLC",11049140,,,42.534929,-83.201878
Restore Hyper Wellness -Birmingham-MI003,643 S. Adams Rd,,Birmingham,MI,48009,"643 S. Adams Rd, Birmingham, MI 48009",DOCTOR,NONE,D,Restore Hyper Wellness - Parent Account,11061787,(248) 598-4975,https://www.restore.com/,42.542625,-83.204103
"2ReviveYou, PLLC",40950 Woodward Ave,Suite 303,Bloomfield Hills,MI,48304,"40950 Woodward Ave, Bloomfield Hills, MI 48304",DOCTOR,NONE,N,,,,https://2reviveyou.com/,42.589874,-83.247849
Complexion Club,9701 Village Place Blvd,Ste 9,Brighton,MI,48116,"9701 Village Place Blvd, Brighton, MI 48116",WHOLESALE,NONE,E,,,(517) 304-6800,,42.507277,-83.755889
Massage Envy - Canton - Mi - 04-1306,42791 Ford Rd,,Canton,MI,48187,"42791 Ford Rd, Canton, Mi 48187",MECLASS,NONE,C,Massage Envy Franchising,11041861,,,42.321267,-83.462916
"RVB Canton, LLC",42015 Ford Rd.,,Canton,MI,48187,"42015 Ford Rd., Canton, MI 48187",MEDICALSPA,NONE,U,"RVB Investment Group, LLC",11049140,,,42.322578,-83.456772
"RVB Dearborn, LLC",22223 Michigan Ave.,,Dearborn,MI,48124,"22223 Michigan Ave., Dearborn, MI 48124",MEDICALSPA,NONE,U,"RVB Investment Group, LLC",11049140,,,42.304821,-83.248634
Massage Envy - West Bloomfield - 04-0652,30825 Orchard Lake Rd,Ste B-130,Farmington Hills,MI,48324,"30825 Orchard Lake Rd, Farmington Hills, MI 48324",MECLASS,NONE,C,Massage Envy Franchising,11041861,,,42.524551,-83.361905
Light Rx - Grand Blanc,12755 S Saginaw St,Ste C,Grand Blanc,MI,48439,"12755 S Saginaw St, Grand Blanc, MI 48439",MEDICALSPA,NONE,U,"RVB Investment Group, LLC",11049140,,,42.919444,-83.618582
360 Wellness Spa,4606 Plainfield Ave NE,,Grand Rapids,MI,49525,"4606 Plainfield Ave NE, Grand Rapids, MI 49525",MEDICALSPA,NONE,D,,,,,43.046884,-85.604666
Massage Envy - Grandville - 04-0910,4530 Ivanrest Ave.,,Grandville,MI,49418,"4530 Ivanrest Ave., Grandville, Mi 49418",MECLASS,NONE,D,Massage Envy Franchising,11041861,,,42.882474,-85.742669
Skin Deep Day Spa,1212 Wildwood Ave,Ste A & B,Jackson,MI,49202,"1212 Wildwood Ave, Jackson, MI 49202",MEDICALSPA,NONE,C,,,,,42.252381,-84.429124
White Oaks Dental,4426 W Kl Ave,,Kalamazoo,MI,49006,"4426 W Kl Ave, Kalamazoo, MI 49006",MEDICALSPA,NONE,U,,,,,42.277849,-85.643848
Olivia Kindle Aesthetics,23205 Hall Rd,Suite #23,Macomb,MI,48042,"23205 Hall Rd, Macomb, Mi 48042",WHOLESALE,NONE,U,,,(586) 489-6157,https://www.oliviakindleskin.com/,42.630615,-82.872553
Poppie Skin Studio,4915 Hedgewood Drive,Suite 1,Midland,MI,48640,"4915 Hedgewood Drive, Midland, MI 48640",WHOLESALE,NONE,D,,,(989) 600-6210,poppieskinstudio.com,43.642951,-84.286479
Bellissimo Med Spa,133 W Main St,#206 Ste 625,Northville,MI,48167,"133 W Main St, Northville, MI 48167",MEDICALSPA,NONE,U,,,,,42.406319,-83.531486
Massage Envy - Northville - 04-0949,17909 Haggerty Road,,Northville,MI,48167,"17909 Haggerty Road, NORTHVILLE, MI 48167",MECLASS,NONE,D,Massage Envy Franchising,11041861,,,42.415173,-83.433042
Regenerize Me,41620 Six Mile Rd,Ste 102,Northville,MI,48168,"41620 Six Mile Rd, Northville, MI 48168",MEDICALSPA,NONE,D,,,,,42.411747,-83.452976
Restore Hyper Wellness -Northville-MI002,39743 Traditions Dr,,Northville,MI,48167,"39743 Traditions Dr, Northville, MI 48167",DOCTOR,NONE,D,Restore Hyper Wellness - Parent Account,11061787,(734) 519-5789,https://www.restore.com/,42.423872,-83.436653
DEFY Aesthetic Boutique,42450 W 12 Mile Rd,Ste 205,Novi,MI,48377,"42450 W 12 Mile Rd, Novi, MI 48377",MEDICALSPA,NONE,E,,,,,42.49646,-83.46877
Light Rx - Novi,44150 Twelve Mile Rd,Ste 200,Novi,MI,48377,"44150 Twelve Mile Rd, Novi, MI 48377",MEDICALSPA,NONE,U,"RVB Investment Group, LLC",11049140,,,42.496601,-83.483898
On Point Spa LLC,39500 Orchard Hill Pl,Ste 190,Novi,MI,48375,"39500 Orchard Hill Pl, Novi, MI 48375",MEDICALSPA,NONE,D,,,(248) 993-9222,,42.445145,-83.43675
Light Rx - Okemos,4914 Marsh Rd,,Okemos,MI,48864,"4914 Marsh Rd, Okemos, MI 48864",MEDICALSPA,NONE,U,"RVB Investment Group, LLC",11049140,,,42.725287,-84.413723
BeautiSpot Aesthetics & Wellness Med Spa,905 West Ann Arbor Trail,,Plymouth,MI,48170,"905 West Ann Arbor Trail, Plymouth, MI 48170",MEDICALSPA,NONE,D,,,(313) 444-2925,https://thebeautispot.com/,42.36984,-83.470898
Lamese Laser And Aesthetics,245 Barclay Cir,Ste 600,Rochester Hills,MI,48307,"245 Barclay Cir, Rochester Hills, MI 48307",DOCTOR,NONE,C,,,,https://lameselaser.com/,42.643582,-83.127119
Massage Envy - Rochester Hills - 04-0461,322 N. Adams,,Rochester Hills,MI,48309,"322 N. Adams, Rochester Hills, Mi 48309",MECLASS,NONE,D,Massage Envy Franchising,11041861,,,42.549256,-83.205523
Signature Wellness,198 S Industrial Dr,,Saline,MI,48176,"198 S Industrial Dr, Saline, MI 48176",MEDICALSPA,NONE,U,,,,,42.175135,-83.75855
Skincare by Priscilla Co,51424 Van Dyke Ave,Ste 10,Shelby Township,MI,48316,"51424 Van Dyke Ave, Shelby Township, MI 48316",MEDICALSPA,NONE,U,,,,,42.672418,-83.033327
Light Rx - Troy,3332 Rochester Rd.,,Troy,MI,48083,"3332 Rochester Rd., Troy, MI 48083",MEDICALSPA,NONE,U,"RVB Investment Group, LLC",11049140,,,42.568154,-83.127261
2ReviveYou PLLC,2300 Haggerty Rd.,Suite # 2100,West Bloomfield Township,MI,48323,"2300 Haggerty Rd., West Bloomfield Township, MI 48323",DOCTOR,NONE,A,,,,https://2reviveyou.com/,42.557151,-83.439039
Massage Envy - Woodhaven - 04-1101,18768 West Road,,Woodhaven,MI,48183,"18768 West Road, Woodhaven, MI 48183",MECLASS,NONE,E,Massage Envy Franchising,11041861,,,42.14121,-83.221782
WELL & Company,1103 Broadway St,Ste 102,Alexandria,MN,56308,"1103 Broadway St, Alexandria, MN 56308",MEDICALSPA,NONE,D,,,,,45.879921,-95.377258
Restore Hyper Wellness-Apple Valley-MN004,15662 Pilot Knob Rd,Ste 120,Apple Valley,MN,55124,"15662 Pilot Knob Rd, Apple Valley, MN 55124",DOCTOR,NONE,D,Restore Hyper Wellness - Parent Account,11061787,(952) 236-8497,https://restore.com,44.72172,-93.176162
The MOD Medspa,122 3rd Ave NW,,Austin,MN,55912,"122 3rd Ave NW, Austin, MN 55912",MEDICALSPA,NONE,D,,,,,43.669416,-92.975535
Massage Envy - Blaine - 19-0129,10450 Baltimore St Ne,,Blaine,MN,55449,"10450 Baltimore St Ne, Blaine, Mn 55449",MECLASS,NONE,D,Massage Envy Franchising,11041861,,,45.157083,-93.233102
Massage Envy - Eagan - 19-0459,3360 Central Park Village Dr.,,Eagan,MN,55121,"3360 Central Park Village Dr., Eagan, MN 55121",MECLASS,NONE,D,Massage Envy Franchising,11041861,,,44.835956,-93.169612
Skin Alchemy,1654 Diffley Rd,Suite 102,Eagan,MN,55122,"1654 Diffley Rd, Eagan, MN 55122",WHOLESALE,NONE,N,,,(952) 457-5729,,44.803205,-93.188692
Studio X,4040 Eagan Outlets Pkwy,Suite 22,Eagan,MN,55122,"4040 Eagan Outlets Pkwy, Eagan, MN 55122",WHOLESALE,NONE,U,,,(605) 366-4255,,44.813204,-93.217787
Massage Envy - Eden Prairie - 19-0535,11995 Singletree Ln,,Eden Prairie,MN,55344,"11995 Singletree Ln, Eden Prairie, Mn 55344",MECLASS,NONE,C,Massage Envy Franchising,11041861,,,44.855706,-93.428802
Massage Envy - Edina - 19-0358,7101 France Ave S,,Edina,MN,55435,"7101 France Ave S, Edina, Mn 55435",MECLASS,NONE,B,Massage Envy Franchising,11041861,,,44.874633,-93.327522
Massage Envy - Golden Valley - 19-1058,7704 B Olsen Memorial Highway,,Golden Valley,MN,55427,"7704 B Olsen Memorial Highway, Golden Valley, Mn 55427",MECLASS,NONE,D,Massage Envy Franchising,11041861,,,44.98448,-93.377763
Skin by Mati,18476 Kenyon Ave,,Lakeville,MN,55044,"18476 Kenyon Ave, Lakeville, MN 55044",MEDICALSPA,NONE,N,,,,https://www.skinbymati.com/home#location,44.682434,-93.298213
Massage Envy - Maple Grove - 19-0357,8091 Wedgewood Lane North,,Maple Grove,MN,55369,"8091 Wedgewood Lane North, Maple Grove, MN 55369",MECLASS,NONE,D,Massage Envy Franchising,11041861,,,45.101472,-93.450498
Midwest RKP LLC -  Restore Hyper Wellness - Maple Grove (MN003),12215 Elm Creek Blvd,Ste B30,Maple Grove,MN,55369,"12215 Elm Creek Blvd, Maple Grove, MN 55369",DOCTOR,NONE,E,Restore Hyper Wellness - Parent Account,11061787,(763) 343-9903,,45.092826,-93.436758
Massage Envy - Minneapolis Downtown - 19,321 S Washington Ave,,Minneapolis,MN,55415,"321 S Washington Ave, Minneapolis, MN 55415",MECLASS,NONE,E,Massage Envy Franchising,11041861,,,44.979464,-93.263576
Massage Envy - 7 Hi - 19-0536,4754 Hwy 101 Ste E4,,Minnetonka,MN,55345,"4754 Hwy 101 Ste E4, Minnetonka, Mn 55345",MECLASS,NONE,E,Massage Envy Franchising,11041861,,,44.918116,-93.50394
Massage Envy - Minnetonka - 19-0534,13185 Ridgedale Dr,,Minnetonka,MN,55305,"13185 Ridgedale Dr, Minnetonka, Mn 55305",MECLASS,NONE,D,Massage Envy Franchising,11041861,,,44.968377,-93.446603
The Skin Clinic Med Spa,1105 Range St,,North Mankato,MN,56003,"1105 Range St, North Mankato, MN 56003",MEDICALSPA,DIAMOND,A,,,,,44.181317,-94.009111
Uplift Aesthetics,7561 9th Street North,,Oakdale,MN,5512,"7561 9th Street North , Oakdale , MN 5512",MEDICALSPA,NONE,U,,,,,44.959315,-92.954736
Massage Envy - Plymouth Creek - 19-0099,3225 Vicksburg Ln N,Ste D,Plymouth,MN,55447,"3225 Vicksburg Ln N, Plymouth, Mn 55447",MECLASS,NONE,D,Massage Envy Franchising,11041861,,,45.018288,-93.4836
Meraki Medical Spa,2040 Neal St,Ste 300,Red Wing,MN,55066,"2040 Neal St, Red Wing , MN 55066",MEDICALSPA,NONE,D,,,,,44.550665,-92.56159
Massage Envy - Rochester - 19-0634,2550 South Broadway Ave,,Rochester,MN,55904,"2550 South Broadway Ave, Rochester, MN 55904",MECLASS,NONE,E,Massage Envy Franchising,11041861,,,43.983704,-92.461458
Massage Envy - Rogers - 19-0483,14165 James Road,,Rogers,MN,55374,"14165 James Road, Rogers, Mn 55374",MECLASS,NONE,C,Massage Envy Franchising,11041861,,,45.21171,-93.551105
Arise Medical & Wellness,7447 Egan Dr,Suite 207,Savage,MN,55378,"7447 Egan Dr, Savage, MN 55378",DOCTOR,NONE,N,,,(952) 522-6344,https://www.arisewellnessmed.com/,44.745824,-93.373505
Luxe Longevity,7447 Egan Dr,Ste 201,Savage,MN,55378,"7447 Egan Dr, Savage, MN 55378",MEDICALSPA,NONE,N,,,,https://www.luxelongevityspa.com/,44.745783,-93.374276
Massage Envy - Savage - 19-0467,14119 Highway 13 S,,Savage,MN,55378,"14119 Highway 13 S, Savage, Mn 55378",MECLASS,NONE,D,Massage Envy Franchising,11041861,,,44.747674,-93.377845
Massage Envy - St. Cloud - 19-0680,2714 W. Division Street,,St. Cloud,MN,56301,"2714 W. Division Street, St. Cloud, Mn 56301",MECLASS,NONE,D,Massage Envy Franchising,11041861,,,45.552903,-94.190991
Massage Envy - Stillwater - 19-0277,5901 Norwich Avenue North,,Stillwater,MN,55082,"5901 Norwich Avenue North, Stillwater, MN 55082",MECLASS,NONE,D,Massage Envy Franchising,11041861,,,45.034503,-92.829379
Massage Envy - Vadnais Heights - 19-0051,"925 East County Road E East, Suite 160",,Vadnais Heights,MN,55127,"925 East County Road E East, Suite 160, Vadnais Heights, MN 55127",MECLASS,NONE,D,Massage Envy Franchising,11041861,,,45.05187,-93.063584
SkinSpirit  Essential - Wayzata,701 Lake St E,Ste 175,Wayzata,MN,55391,"701 Lake St E, Wayzata, MN 55391",MEDICALSPA,NONE,U,SkinSpirit National Account,11038393,,www.skinspirit.com,44.969248,-93.510863
Kopper Aesthetics,1041 3rd Avenue,,Windom,MN,56101,"1041 3rd Avenue, Windom, MN 56101",MEDICALSPA,NONE,N,,,(507) 407-6626,https://www.kopperaesthetics.com/aboutus,43.867219,-95.116009
Massage Envy - Woodbury - 19-0047,"572 Commons Drive, Suite 400",,Woodbury,MN,55125,"572 Commons Drive, Suite 400, Woodbury, MN 55125",MECLASS,NONE,D,Massage Envy Franchising,11041861,,,44.939981,-92.932791
Restore Hyper Wellness-Woodbury-MN001,720 Commons Dr,Unit 140,Woodbury,MN,55125,"720 Commons Dr, Woodbury, MN 55125",DOCTOR,NONE,E,Restore Hyper Wellness - Parent Account,11061787,,https://restore.com,44.938561,-92.93295
Honey Glow Aesthetics,103 W Ohio St,,Butler,MO,64730,"103 W Ohio St, Butler, MO 64730",MEDICALSPA,NONE,U,,,(660) 464-0966,,38.258382,-94.333416
Fifty Seven Third,465 S Mt Auburn Rd,102,Cape Girardeau,MO,63703,"465 S Mt Auburn Rd, Cape Girardeau, MO 63703",WHOLESALE,SILVER,C,,,(573) 979-3565,https://www.fiftyseventhird.com/,37.28945,-89.571559
Massage Envy - Chesterfield - 15-0064,1694 Clarkson Road,,Chesterfield,MO,63017,"1694 Clarkson Road, Chesterfield, Mo 63017",MECLASS,NONE,D,Massage Envy Franchising,11041861,,,38.643063,-90.565272
Restore Hyper Wellness - Chesterfield (MO001),1691 Clarkson Rd,,Chesterfield,MO,63017,"1691 Clarkson Rd, Chesterfield, MO 63017",DOCTOR,NONE,E,Restore Hyper Wellness - Parent Account,11061787,(636) 536-9516,,38.644683,-90.566764
Massage Envy - Clayton - 15-0046,8251 Maryland Ave,,Clayton,MO,63105,"8251 Maryland Ave, Clayton, MO 63105",MECLASS,NONE,D,Massage Envy Franchising,11041861,,,38.653054,-90.345074
The Shine Spa,7729 Clayton Rd,,Clayton,MO,63117,"7729 Clayton Rd, Clayton, MO 63117",MEDICALSPA,NONE,E,,,,,38.637936,-90.337501
Massage Envy - Columbia - 15-0126,"2703 E. Broadway, Suite 131",,Columbia,MO,65201,"2703 E. Broadway, Suite 131, Columbia, MO 65201",MECLASS,NONE,U,Massage Envy Franchising,11041861,,,38.947309,-92.296825
Massage Envy - Cottleville - 15-0057,6085 Mid Rivers Mall Dr,,Cottleville,MO,63304,"6085 Mid Rivers Mall Dr, Cottleville, Mo 63304",MECLASS,NONE,E,Massage Envy Franchising,11041861,,,38.744759,-90.636781
Light Rx - St. Louis,12519-A Olive Blvd.,,Creve Coeur,MO,63141,"12519-A Olive Blvd., Creve Coeur, MO 63141",MEDICALSPA,NONE,U,"RVB Investment Group, LLC",11049140,,,38.676897,-90.461073
Lucky Dawgs LLC DBA Jon Tomas,12320 Olive Blvd,,Creve Coeur,MO,63141,"12320 Olive Blvd, Creve Coeur, MO 63141",WHOLESALE,NONE,D,,,,,38.672841,-90.45641
Massage Envy - Creve Coeur - 15-0062,12528 H Olive Blvd,,Creve Coeur,MO,63141,"12528 H Olive Blvd, Creve Coeur, Mo 63141",MECLASS,NONE,E,Massage Envy Franchising,11041861,,,38.675403,-90.464173
Evergreen Aesthetics & Wellness,643 Clinic Road,,Hannibal,MO,63401,"643 Clinic Road, Hannibal, MO 63401",DOCTOR,NONE,D,,,(573) 822-2982,,39.700275,-91.392375
The Society Medspa,2876 Seckman Rd,,Imperial,MO,63052,"2876 Seckman Rd, Imperial, MO 63052",MEDICALSPA,NONE,N,,,(314) 974-5725,,38.400595,-90.434705
Pause. Aesthetics and Hormones,"3130 E Jackson Blvd,. STE B",,Jackson,MO,63755,"3130 E Jackson Blvd,. STE B, Jackson, MO 63755",MEDICALSPA,GOLD,N,,,,,37.365471,-89.629687
Bella Capelli,502 Mulberry St,,Jefferson City,MO,65101,"502 Mulberry St, Jefferson City, MO 65101",WHOLESALE,NONE,C,,,,,38.577662,-92.17925
Derma-tech,2935 E 18th St,,Joplin,MO,64804,"2935 E 18th St, Joplin, MO 64804",WHOLESALE,NONE,U,,,,,37.071286,-94.478507
Aesthetic by Avery,3100 Gillham Plaza,#117,Kansas City,MO,64109,"3100 Gillham Plaza, Kansas City, MO 64109",WHOLESALE,NONE,D,,,,https://www.aestheticbyaverykc.com/,39.070613,-94.579229
Lauren's Aesthetics LLC,5901 NW 63rd Terrace,"Unit 100, Suite 103",Kansas City,MO,64151,"5901 NW 63rd Terrace, Kansas City, MO 64151",WHOLESALE,NONE,N,,,803467661,,39.20836,-94.648572
Massage Envy - Tom Watson Pkwy - 30-0463,6240 N Chatham Ave,,Kansas City,MO,64151,"6240 N Chatham Ave, Kansas City, Mo 64151",MECLASS,NONE,D,Massage Envy Franchising,11041861,,,39.208986,-94.645055
Medical Skin Care,Amy Boyd,1421 W 47th St,Kansas City,MO,64112,"Amy Boyd, Kansas City, MO 64112",MEDICALSPA,NONE,U,,,,,39.17609,-94.590838
Restore Hyper Wellness + Cryotherapy (MO014),8528 NW Prairie View Rd.,G-270,Kansas City,MO,64153,"8528 NW Prairie View Rd., Kansas City, MO 64153",DOCTOR,NONE,D,Restore Hyper Wellness - Parent Account,11061787,(816) 301-6635,,39.249579,-94.661494
LIV Aesthetics & Wellness,618 SW 3rd St,Ste I,Lees Summit,MO,64063,"618 SW 3rd St, Lees Summit, MO 64063",MEDICALSPA,NONE,D,,,(816) 679-8125,,38.911498,-94.391257
Massage Envy - Lees Summit - 30-1335,1748 Northwest Chipman Rd,,Lees Summit,MO,64063,"1748 Northwest Chipman Rd, Lees Summit, MO 64063",MECLASS,NONE,D,Massage Envy Franchising,11041861,,,38.928334,-94.408524
Massage Envy - Manchester - 15-0027,14523a Manchester Rd,,Manchester,MO,63011,"14523a Manchester Rd, Manchester, Mo 63011",MECLASS,NONE,U,Massage Envy Franchising,11041861,,,38.59376,-90.522135
Dript,429 E Walnut St,,Nevada,MO,64772,"429 E Walnut St, Nevada, MO 64772",MEDICALSPA,NONE,D,,,,,37.839206,-94.351636
Massage Envy - O'Fallon,3062 Winghaven Blvd,,O'Fallon,MO,63368,"3062 Winghaven Blvd, O'Fallon, MO 63368",MECLASS,NONE,C,Massage Envy Franchising,11041861,,,38.750053,-90.749197
Massage Envy - Oakville - 15-0063,5656 Telegraph Road,,Oakville,MO,63129,"5656 Telegraph Road, Oakville, MO 63129",MECLASS,NONE,E,Massage Envy Franchising,11041861,,,38.466469,-90.303195
Elissa's at Benton Square,400 E 6th St,,Rolla,MO,65401,"400 E 6th St, Rolla, MO 65401",WHOLESALE,SILVER,C,,,,,37.94811,-91.767042
Massage Envy - Maplewood / Brentwood - 1,1740 S Brentwood Blvd,,Saint Louis,MO,63144,"1740 S Brentwood Blvd, Saint Louis, MO 63144",MECLASS,NONE,B,Massage Envy Franchising,11041861,,,38.626159,-90.346473
Smithville Med Spa LLC,14781 N Fairview Dr,Ste E,Smithville,MO,64089,"14781 N Fairview Dr, Smithville, MO 64089",MEDICALSPA,NONE,E,,,,,39.360503,-94.581991
Massage Envy - Springfield - 30-0220,2155 West Republic Road,,Springfield,MO,65810,"2155 West Republic Road, Springfield, MO 65810",MECLASS,NONE,E,Massage Envy Franchising,11041861,,,37.13918,-93.323192
KP Skin Studio,5291 Fifth St.,,St. Charles,MO,63304,"5291 Fifth St., St. Charles, MO 63304",MEDICALSPA,NONE,N,Just Glo Network,0012014256,,https://injectorkatie.glossgenius.com/,38.745015,-90.651999
InVita Health and Wellness,333 S Kirkwood Rd,Ste 103,St. Louis,MO,63122,"333 S Kirkwood Rd, St. Louis, MO 63122",MEDICALSPA,NONE,D,,,,,38.577934,-90.406996
Massage Envy - Webster Rock Hill - 15-13,9739 Manchester Rd.,,St. Louis,MO,63119,"9739 Manchester Rd., St. Louis, MO 63119",MECLASS,NONE,D,Massage Envy Franchising,11041861,,,38.608123,-90.371507
Vitality Medical and Wellness Consulting,3009 N Ballas Rd,"Ste 215, Bldg B",St. Louis,MO,63131,"3009 N Ballas Rd, St. Louis, MO 63131",DOCTOR,NONE,U,,,,,38.63505,-90.448978
Massage Envy - Sunset Hills - 15-0118,3880 Lindbergh Blvd,Ste 301,Sunset Hills,MO,63127,"3880 Lindbergh Blvd, Sunset Hills, Mo 63127",MECLASS,NONE,E,Massage Envy Franchising,11041861,,,38.547618,-90.403864
Massage Envy - Wildwood - 15-0291,2424 Taylor Rd,,Wildwood,MO,63040,"2424 Taylor Rd, Wildwood, Mo 63040",MECLASS,NONE,E,Massage Envy Franchising,11041861,,,38.581422,-90.625617
"Lume Aesthetics, Llc",1190 Old Fannin Rd,Suite A,Brandon,MS,39047,"1190 Old Fannin Rd, Brandon, MS 39047",MEDICALSPA,NONE,N,,,(601) 597-8379,,32.37694,-90.044583
Grace Aesthetics,3203 Hwy 72 W,,Corinth,MS,38834,"3203 HWY 72 W, Corinth, MS 38834",WHOLESALE,NONE,N,,,,https://gaesthetics.glossgenius.com/,34.930662,-88.556947
Massage Envy - Diberville - 41-0987,3920 H Promenade Pkwy,Ste H,Diberville,MS,39540,"3920 H Promenade Pkwy, Diberville, Ms 39540",MECLASS,NONE,D,Massage Envy Franchising,11041861,,,30.457261,-88.903001
Massage Envy - Flowood - 27-0835,149 Market St,,Flowood,MS,39232,"149 Market St, Flowood, Ms 39232",MECLASS,NONE,B,Massage Envy Franchising,11041861,,,32.336931,-90.066695
"Joseph Terracina, M.d.",2525 Hwy 1 S,Ste A,Greenville,MS,38701,"2525 HWY 1 S, Greenville, MS 38701",DOCTOR,NONE,D,,,,,33.34958,-91.043234
Massage Envy - Gulfport - 41-1172,15256 Crossroads Pkwy.,,Gulfport,MS,39503,"15256 Crossroads Pkwy., Gulfport, Ms 39503",MECLASS,NONE,D,Massage Envy Franchising,11041861,,,30.437745,-89.094282
Massage Envy - Hattiesburg - 27-0837,"6169 US Highway 98, Ste. 40",,Hattiesburg,MS,39402,"6169 US Highway 98, Ste. 40, Hattiesburg, MS 39402",MECLASS,NONE,D,Massage Envy Franchising,11041861,,,31.321772,-89.38804
Massage Envy - Maywood - 27-0836,1220 Northside Dr,,Jackson,MS,39211,"1220 Northside Dr, Jackson, Ms 39211",MECLASS,NONE,E,Massage Envy Franchising,11041861,,,32.356261,-90.149885
The Skin District,Attn: Lisa Gary,2629 Courthouse Cir Ste B,Jackson,MS,39232,"ATTN: LISA GARY, Jackson, MS 39232",DOCTOR,NONE,E,,,,,32.327156,-90.113312
Massage Envy - Madison Ms - 27-0984,111 Colony Crossing Way,,Madison,MS,39110,"111 Colony Crossing Way, Madison, MS 39110",MECLASS,NONE,C,Massage Envy Franchising,11041861,,,32.457911,-90.110097
Radiant Aesthetics by Tessa,1056 Hwy 98/51,Ste A,McComb,MS,39648,"1056 Hwy 98/51, McComb, MS 39648",MEDICALSPA,NONE,E,,,,,31.229632,-90.453434
Pampered Bodies Day Spa,2303 13th St,,Meridian,MS,39301,"2303 13th St, Meridian, MS 39301",DOCTOR,NONE,U,,,,,32.369628,-88.701842
Revive Wellness + Aesthetics,100 Russell Street,Unit 19,Starkville,MS,39759,"100 Russell Street, Starkville, MS 39759",MEDICALSPA,SILVER,N,,,(662) 617-7885,https://reviveclinicsofms.com/,33.462327,-88.8092
Massage Envy - Billings - 28-1162,1595 Grand Ave Suite 215,,Billings,MT,59102,"1595 Grand Ave Suite 215, Billings, Mt 59102",MECLASS,NONE,U,Massage Envy Franchising,11041861,,,45.786255,-108.556835
Restore Hyper Wellness -Billings-MT002,1008 Shiloh Crossing Blvd,Suite 1,Billings,MT,59102,"1008 Shiloh Crossing Blvd, Billings, MT 59102",DOCTOR,NONE,D,Restore Hyper Wellness - Parent Account,11061787,(406) 894-9798,https://www.restore.com/,45.751125,-108.616437
AM Beauty & Aesthetics,1195 Stoneridge Dr Ste 5,,Bozeman,MT,59718,"1195 Stoneridge Dr Ste 5, Bozeman, MT 59718",MEDICALSPA,NONE,D,,,(406) 660-1624,https://www.ambaesthetics.com/,45.691469,-111.063478
Restore Hyper Wellness -Bozeman-MT001,1040 S. Fowler Avenue,Unit 205,Bozeman,MT,59718,"1040 S. Fowler Avenue, Bozeman, MT 59718",DOCTOR,NONE,D,Restore Hyper Wellness - Parent Account,11061787,(406) 451-0096,https://www.restore.com/,45.671331,-111.083411
Samantha Seidel Thompson,2135 10th Ave,,Havre,MT,59501,"2135 10th Ave, Havre, MT 59501",MEDICALSPA,NONE,U,,,,,48.532226,-109.670171
Skin Bliss Med Spa,1336 Helena Ave,,Helena,MT,59601,"1336 Helena Ave, Helena, MT 59601",MEDICALSPA,NONE,E,,,(406) 465-2000,https://www.skinblissmedspa.com/,46.59954,-112.017141
Doctor Mama Beauty LLC,455 Cascade Loop,,Kalispell,MT,59901,"455 Cascade Loop, Kalispell, MT 59901",DOCTOR,NONE,N,,,(732) 742-1204,,48.252171,-114.327505
Massage Envy - Missoula - 28-1116,935 Sw Higgins,,Missoula,MT,59803,"935 Sw Higgins, Missoula, Mt 59803",MECLASS,NONE,U,Massage Envy Franchising,11041861,,,46.834971,-114.0128
Peak Wellness Spa,5000 Blue Mountain Rd,,Missoula,MT,59801,"5000 Blue Mountain Rd, Missoula, MT 59801",MEDICALSPA,NONE,N,,,(406) 546-4666,,46.824281,-114.077789
Refined Skin Body Mind,401 S orange St.,Unit A,Missoula,MT,59801,"401 S orange St., Missoula, MT 59801",WHOLESALE,NONE,N,,,(406) 396-2410,https://www.myskinrefined.com/missoula-facial-treatments,46.867685,-114.003826
Massage Envy - Apex Beaver Creek - 24-04,1473 Beaver Creek Commons Dr,,Apex,NC,27502,"1473 Beaver Creek Commons Dr, Apex, Nc 27502",MECLASS,NONE,D,Massage Envy Franchising,11041861,,,35.744789,-78.884052
Massage Envy - Asheville South - 24-0894,1863 Hendersonville Road Ste 100,,Asheville,NC,28803,"1863 Hendersonville Road Ste 100, Asheville, Nc 28803",MECLASS,NONE,D,Massage Envy Franchising,11041861,,,35.501526,-82.524383
Redefine Medical Spa,895 State Farm Road,Suite 402,Boone,NC,28607,"895 State Farm Road, Boone, NC 28607",MEDICALSPA,NONE,D,,,(657) 505-2552,,36.203239,-81.656337
Massage Envy - Burlington Nc - 24-0964,1469 University Drive,,Burlington,NC,27215,"1469 University Drive, Burlington, NC 27215",MECLASS,NONE,U,Massage Envy Franchising,11041861,,,36.065827,-79.520954
Face First Aesthetics and Acne Clinic,703 St Joseph St,Unit 101,Carolina Beach,NC,28428,"703 St Joseph St, Carolina Beach, NC 28428",MEDICALSPA,NONE,D,,,(910) 877-8559,,34.039398,-77.894078
Massage Envy - Cary Kildaire - 24-0479,1385 Kildaire Farm Road,,Cary,NC,27510,"1385 Kildaire Farm Road, Cary, NC 27510",MECLASS,NONE,E,Massage Envy Franchising,11041861,,,35.759265,-78.781452
Massage Envy - Chapel Hill - 24-0569,1800 E Franklin St,,Chapel Hill,NC,27514,"1800 E Franklin St, Chapel Hill, NC 27514",MECLASS,NONE,U,Massage Envy Franchising,11041861,,,35.936066,-79.025181
Izar Wellness Medical Spa,6324 Fairview Rd,Ste 204,Charlotte,NC,28210,"6324 Fairview Rd, Charlotte, NC 28210",MEDICALSPA,NONE,D,,,,,35.149165,-80.835833
Light Rx - Charlotte,4810-C Ashley Park Ln.,,Charlotte,NC,28210,"4810-C Ashley Park Ln., Charlotte, NC 28210",MEDICALSPA,NONE,U,"RVB Investment Group, LLC",11049140,,,35.146568,-80.830253
MASSAGE ENVY - Rea Farms - 24-0167,9905 Sandy Rock Place,Suite B,Charlotte,NC,28277,"9905 Sandy Rock Place, Charlotte, NC 28277",MECLASS,NONE,C,Massage Envy Franchising,11041861,,,35.051833,-80.773675
Massage Envy - Arboretum Clt - 24-0168,8020 Providence Rd,Ste 100,Charlotte,NC,28277,"8020 Providence Rd, Charlotte, Nc 28277",MECLASS,NONE,U,Massage Envy Franchising,11041861,,,35.098107,-80.780763
Massage Envy - Ballantyne - 24-0166,"14835 Ballantyne Village Way, Ste. 160",,Charlotte,NC,28277,"14835 Ballantyne Village Way, Ste. 160, Charlotte, NC 28277",MECLASS,NONE,E,Massage Envy Franchising,11041861,,,35.053245,-80.850964
Massage Envy - Myers Park - 24-0423,2907 Providence Road,,Charlotte,NC,28211,"2907 Providence Road, Charlotte, Nc 28211",MECLASS,NONE,E,Massage Envy Franchising,11041861,,,35.171283,-80.807505
Massage Envy - Northlake - 24-0570,9821 Northlake Centre Parkway,,Charlotte,NC,28216,"9821 Northlake Centre Parkway, Charlotte, Nc 28216",MECLASS,NONE,U,Massage Envy Franchising,11041861,,,35.349026,-80.857628
Massage Envy - River Gate - 24-0356,"12840 Walker Branch Dr., Ste 300",,Charlotte,NC,28273,"12840 Walker Branch Dr., Ste 300, Charlotte, NC 28273",MECLASS,NONE,E,Massage Envy Franchising,11041861,,,35.100529,-80.985208
Massage Envy - South Park - 24-0066,1730 East Woodlawn Road,,Charlotte,NC,28209,"1730 East Woodlawn Road, Charlotte, NC 28209",MECLASS,NONE,E,Massage Envy Franchising,11041861,,,35.171736,-80.846997
Massage Envy - University - 24-0404,"2008 E. Arbor Drive, Ste 310",,Charlotte,NC,28262,"2008 E. Arbor Drive, Ste 310, Charlotte, NC 28262",MECLASS,NONE,E,Massage Envy Franchising,11041861,,,35.337168,-80.75578
Restore Hyper Wellness - Rea Farms (NC006),9825 Sandy Rock Place,Ste E,Charlotte,NC,28277,"9825 Sandy Rock Place, Charlotte, NC 28277",DOCTOR,NONE,E,Restore Hyper Wellness - Parent Account,11061787,(980) 339-7469,,35.052844,-80.77355
Restore Hyper Wellness - Southpark (NC002),1711 Montford Dr.,,Charlotte,NC,28209,"1711 Montford Dr., Charlotte, NC 28209",DOCTOR,NONE,E,Restore Hyper Wellness - Parent Account,11061787,(980) 949-6948,,35.17107,-80.847929
SES Style LLC,5107 Piper Station DR C,,Charlotte,NC,28277,"5107 Piper Station DR C, Charlotte, NC 28277",WHOLESALE,NONE,U,,,(980) 867-1543,,35.06272,-80.81264
Skin Spirit - Charlotte,1041 Providence Rd,Suite 180,Charlotte,NC,28207,"1041 Providence Rd, Charlotte, NC 28207",MEDICALSPA,NONE,E,SkinSpirit National Account,11038393,,,35.194983,-80.825703
Tyme Day Spa,402 W. Trade St,Ste 102,Charlotte,NC,28202,"402 W. Trade St, Charlotte, NC 28202",WHOLESALE,NONE,U,,,,www.tymedayspa.com,35.229889,-80.84578
Massage Envy - Concord - 24-0494,6004 Bayfield Parkway,,Concord,NC,28027,"6004 Bayfield Parkway, Concord, Nc 28027",MECLASS,NONE,U,Massage Envy Franchising,11041861,,,35.420119,-80.676754
RIOU Plastic Surgery,19615 Liverpool Pkwy,,Cornelius,NC,28031,"19615 Liverpool Pkwy, Cornelius, NC 28031",DOCTOR,NONE,E,,,,,35.481298,-80.87812
Massage Envy - Denver No. Carolina,7218 Highway 73,,Denver,NC,28037,"7218 Highway 73, Denver, NC 28037",MECLASS,NONE,E,Massage Envy Franchising,11041861,,,35.446807,-81.003484
Massage Envy - Durham Erwin Mill - 24-07,"737 Ninth Street, Ste. 240",,Durham,NC,27705,"737 Ninth Street, Ste. 240, Durham, NC 27705",MECLASS,NONE,E,Massage Envy Franchising,11041861,,,36.009782,-78.922548
Massage Envy - Southpoint - 24-0414,8202 Renaissance Parkway Unit 111,,Durham,NC,27713,"8202 Renaissance Parkway Unit 111, Durham, NC 27713",MECLASS,NONE,D,Massage Envy Franchising,11041861,,,36.007462,-78.922566
Restore Hyper Wellness - Durham (NC016),737 9th St.,#250,Durham,NC,27705,"737 9th St., Durham, NC 27705",DOCTOR,NONE,U,Restore Hyper Wellness - Parent Account,11061787,(919) 251-8551,,36.009782,-78.922548
Cornerstone Family Practice,1536 Owen Park Lane,,Fayetteville,NC,28303,"1536 Owen Park Lane, Fayetteville, NC 28303",MEDICALSPA,NONE,U,,,,,35.040782,-78.93551
Massage Envy - Fayetteville - 24-0496,2043 Skibo Rd,,Fayetteville,NC,28314,"2043 Skibo Rd, Fayetteville, NC 28314",MECLASS,NONE,E,Massage Envy Franchising,11041861,,,35.055116,-78.971532
Massage Envy - Fayetteville -Shoppers,at Ramsey Street,4251 Ramsey St,Fayetteville,NC,28311,"at Ramsey Street, Fayetteville, NC 28311",MECLASS,NONE,E,Massage Envy Franchising,11041861,,,35.168001,-78.862597
Massage Envy - Gastonia - 24-0889,2290 E. Franklin Blvd.,,Gastonia,NC,28054,"2290 E. Franklin Blvd., Gastonia, Nc 28054",MECLASS,NONE,D,Massage Envy Franchising,11041861,,,35.261997,-81.138432
Glow Aesthetics,1941 New Garden Rd,Ste 106,Greensboro,NC,27410,"1941 New Garden Rd, Greensboro, NC 27410",MEDICALSPA,SILVER,N,,,(336) 594-2724,,36.12731,-79.860618
Massage Envy - Greensboro - 24-0073,2619 Lawndale Dr,,Greensboro,NC,27408,"2619 Lawndale Dr, Greensboro, Nc 27408",MECLASS,NONE,D,Massage Envy Franchising,11041861,,,36.102213,-79.820909
Massage Envy - Greenville - 24-1303,205 Se Greenville Blvd,,Greenville,NC,27858,"205 Se Greenville Blvd, Greenville, Nc 27858",MECLASS,NONE,E,Massage Envy Franchising,11041861,,,35.580122,-77.37918
Massage Envy - Hickory - 24-0966,2262 Hwy 70 SE,,Hickory,NC,28602,"2262 Hwy 70 SE, Hickory, NC 28602",MECLASS,NONE,D,Massage Envy Franchising,11041861,,,35.702511,-81.296312
Massage Envy - High Point - 24-0074,"1589 Skeet Club Rd., Ste. #137",,High Point,NC,27265,"1589 Skeet Club Rd., Ste. #137, High Point, NC 27265",MECLASS,NONE,E,Massage Envy Franchising,11041861,,,36.032979,-79.968907
Massage Envy - Holly Springs - 24-0794,177 Grand Hill Pl,,Holly Springs,NC,27540,"177 Grand Hill Pl, Holly Springs, Nc 27540",MECLASS,NONE,A,Massage Envy Franchising,11041861,,,35.662045,-78.848107
Massage Envy - Huntersville - 24-0409,"16933 Kaufinger Street, STE 110 & 120",,Huntersville,NC,28078,"16933 Kaufinger Street, STE 110 & 120, Huntersville, NC 28078",MECLASS,NONE,E,Massage Envy Franchising,11041861,,,35.442923,-80.857457
Massage Envy - Indian Trail - 24-1381,6431 Old Monroe Rd,Suite E-f,Indian Trail,NC,28079,"6431 Old Monroe Rd, Indian Trail, Nc 28079",MECLASS,NONE,U,Massage Envy Franchising,11041861,,,35.050446,-80.646632
Massage Envy - Jacksonville - 24-1013,3494 Western Blvd.,,Jacksonville,NC,28546,"3494 Western Blvd., Jacksonville, NC 28546",MECLASS,NONE,U,Massage Envy Franchising,11041861,,,34.79604,-77.409636
Olivia Hall Esthetics,110 Harmon Ln,#a,Kernersville,NC,27284,"110 Harmon Ln, KERNERSVILLE, NC 27284",WHOLESALE,NONE,D,,,(336) 529-2695,,36.11765,-80.074653
"Nuvella Med Spa and Wellness, WJR Services",1047 Gaston St,,Lincolnton,NC,28092,"1047 Gaston St, Lincolnton, NC 28092",MEDICALSPA,NONE,U,,,,,35.477461,-81.216231
Massage Envy - Mooresville - 24-0469,591 J River Hwy,,Mooresville,NC,28117,"591 J River Hwy, Mooresville, Nc 28117",MECLASS,NONE,A,Massage Envy Franchising,11041861,,,35.593802,-80.87211
Massage Envy - Morrisville Park W. Villa,1001 Market Center Drive,Suite 30,Morrisville,NC,27560,"1001 Market Center Drive, Morrisville, NC 27560",MECLASS,NONE,E,Massage Envy Franchising,11041861,,,35.807477,-78.814771
Massage Envy - Brier Creek - 24-0447,"8201 Brier Creek Parkway, STE 105",,Raleigh,NC,27617,"8201 Brier Creek Parkway, STE 105, Raleigh, NC 27617",MECLASS,NONE,D,Massage Envy Franchising,11041861,,,35.908838,-78.784453
Massage Envy - Crabtree Valley,"3201 Edwards Mill Road, Ste. 143-145",,Raleigh,NC,27612,"3201 Edwards Mill Road, Ste. 143-145, Raleigh, NC 27612",MECLASS,NONE,E,Massage Envy Franchising,11041861,,,35.826047,-78.706989
Massage Envy - Creedmoor & Strickland -,8357 Creedmoor Road,,Raleigh,NC,27612,"8357 Creedmoor Road, Raleigh, Nc 27612",MECLASS,NONE,D,Massage Envy Franchising,11041861,,,35.901278,-78.68253
Massage Envy - Falls Of The Neuse - 24-0,"9660 Falls of the Neuse Road, STE 156",,Raleigh,NC,27615,"9660 Falls of the Neuse Road, STE 156, Raleigh, NC 27615",MECLASS,NONE,D,Massage Envy Franchising,11041861,,,35.905619,-78.600285
Massage Envy - North Hills - 24-0749,"141 Park at North Hills St., STE 104",,Raleigh,NC,27609,"141 Park at North Hills St., STE 104, Raleigh, NC 27609",MECLASS,NONE,D,Massage Envy Franchising,11041861,,,35.83695,-78.637977
Massage Envy - Oberlin - 24-0737,"1028 Oberlin Road, STE 222",,Raleigh,NC,27605,"1028 Oberlin Road, STE 222, Raleigh, NC 27605",MECLASS,NONE,E,Massage Envy Franchising,11041861,,,35.798142,-78.659136
Bloom Esthetics Day Spa,208 Three Brothers Ave,,Shelby,NC,28152,"208 Three Brothers Ave, Shelby, NC 28152",MEDICALSPA,NONE,N,,,,https://www.bloomsestheticsdayspa.com/,35.262826,-81.554405
Massage Envy - Pinehurst/southern Pines,10564 Us Hwy 15-501,,Southern Pines,NC,28387,"10564 Us Hwy 15-501, Southern Pines, Nc 28387",MECLASS,NONE,E,Massage Envy Franchising,11041861,,,35.833691,-79.089381
Massage Envy - Wake Forest - 24-1182,12610 Capital Blvd Ste 104,,Wake Forest,NC,27587,"12610 Capital Blvd Ste 104, Wake Forest, Nc 27587",MECLASS,NONE,D,Massage Envy Franchising,11041861,,,35.98695,-78.53241
Massage Envy - Waxhaw / Weddington - 24-,"8139 Kensington Drive, STE C-D",,Waxhaw,NC,28173,"8139 Kensington Drive, STE C-D, Waxhaw, NC 28173",MECLASS,NONE,U,Massage Envy Franchising,11041861,,,34.954624,-80.75976
Ascension Skincare,1130 Shipyard Blvd,Suite 101,Wilmington,NC,28412,"1130 Shipyard Blvd, Wilmington, NC 28412",WHOLESALE,NONE,E,,,(910) 835-6755,,34.191547,-77.927123
Massage Envy - Mayfaire Town Center - 24,964 Inspiration Drive,,Wilmington,NC,28405,"964 Inspiration Drive, Wilmington, NC 28405",MECLASS,NONE,U,Massage Envy Franchising,11041861,,,34.240532,-77.830507
Massage Envy - Monkey Junction,5541 Carolina Beach Rd,Ste 130,Wilmington,NC,28412,"5541 Carolina Beach Rd, Wilmington, Nc 28412",MECLASS,NONE,D,Massage Envy Franchising,11041861,,,34.136754,-77.892595
Massage Envy - Winston / Salem - 24-0547,1271 Creekshire Way,,Winston-Salem,NC,27103,"1271 Creekshire Way, Winston-Salem, NC 27103",MECLASS,NONE,E,Massage Envy Franchising,11041861,,,36.066306,-80.325344
Massage Envy - Winston / Salem Robinhood,3350 Robinhood Rd.,,Winston-salem,NC,27106,"3350 Robinhood Rd., Winston-salem, Nc 27106",MECLASS,NONE,E,Massage Envy Franchising,11041861,,,36.114348,-80.313977
Massage Envy - Fargo - 19-0947,2424 13th Ave S,,Fargo,ND,58103,"2424 13th Ave S, Fargo, Nd 58103",MECLASS,NONE,D,Massage Envy Franchising,11041861,,,46.861024,-96.819212
Massage Envy - Fargo 45th Street - 19-12,1650 45th Street South,,Fargo,ND,58103,"1650 45th Street South, Fargo, ND 58103",MECLASS,NONE,U,Massage Envy Franchising,11041861,,,46.855748,-96.860787
Massage Envy - Twin Creek - 22-1112,"3604 Twin Creek Dr., Ste. 105",,Bellevue,NE,68123,"3604 Twin Creek Dr., Ste. 105, Bellevue, NE 68123",MECLASS,NONE,D,Massage Envy Franchising,11041861,,,41.142787,-95.967539
Contour Med,2002 Central Ave,,Kearney,NE,68847,"2002 Central Ave, Kearney, NE 68847",WHOLESALE,NONE,D,,,,,,
Redefine Med Spa,2223 1st Ave,,Kearney,NE,68847,"2223 1st Ave, Kearney, NE 68847",MEDICALSPA,NONE,E,,,,,40.698425,-99.082704
Massage Envy - La Vista - 22-0413,12746 Westport Parkway,,La Vista,NE,68138,"12746 Westport Parkway, La Vista, NE 68138",MECLASS,NONE,D,Massage Envy Franchising,11041861,,,41.233137,-96.084593
De Novo Skin Spa,4307 S 84th St,,Lincoln,NE,68516,"4307 S 84th St, Lincoln, NE 68516",WHOLESALE,SILVER,C,,,,,40.769102,-96.60664
Eucalyptus Day Spa,5930 S 58th St,Ste Q,Lincoln,NE,68516,"5930 S 58TH ST, Lincoln, NE 68516",WHOLESALE,NONE,D,,,,,40.752467,-96.64111
Exhale by Halie,5600 S 59th St,Ste 202,Lincoln,NE,68516,"5600 S 59th St, Lincoln, NE 68516",WHOLESALE,NONE,E,,,,,40.756189,-96.639886
Massage Envy - O Street - 22-1114,6005 O St,Ste F,Lincoln,NE,68510,"6005 O St, Lincoln, Ne 68510",MECLASS,NONE,C,Massage Envy Franchising,11041861,,,40.813147,-96.639886
True Haven,4200 Pioneer Woods Dr,,Lincoln,NE,68506,"4200 Pioneer Woods Dr, Lincoln, NE 68506",MEDICALSPA,NONE,D,,,,,40.726981,-96.664584
LIV - Tighe Health,2805 S 88th St,Ste 101,Omaha,NE,68124,"2805 S 88th St, Omaha, NE 68124",MEDICALSPA,NONE,N,,,(402) 660-5952,,38.725445,-90.459672
MJM Beauty Studio LLC,12100 W Center Rd,Ste 910,Omaha,NE,68144,"12100 W Center Rd, Omaha, NE 68144",WHOLESALE,NONE,N,,,(402) 619-1052,,41.23543,-96.104125
Massage Envy - Aksarben Center – 22-0493,1303 S. 72nd St,Ste 208,Omaha,NE,68124,"1303 S. 72nd St, Omaha, NE 68124",MECLASS,NONE,B,Massage Envy Franchising,11041861,,,41.246321,-96.023074
Massage Envy - Legacy - 22-0054,16902 Wright Plaza,Ste 175,Omaha,NE,68130,"16902 Wright Plaza, Omaha, Ne 68130",MECLASS,NONE,B,Massage Envy Franchising,11041861,,,41.232956,-96.1776
Massage Envy - Maple - 22-0187,"3525 North 147th Street, Suite 206",,Omaha,NE,68116,"3525 North 147th Street, Suite 206, Omaha, NE 68116",MECLASS,NONE,A,Massage Envy Franchising,11041861,,,41.290469,-96.139996
Prana Beauty & Beyond,1 Overlook Dr,Unit B5,Amherst,NH,03031,"1 Overlook Dr, Amherst, NH 03031",MEDICALSPA,NONE,D,,,(603) 672-2200,https://pranabeautyandbeyond.com/,42.835911,-71.648876
Elite Medical Spa,360 State Route 101 Unit 11,,Bedford,NH,03110,"360 State Route 101 Unit 11, Bedford, NH 03110",MEDICALSPA,NONE,N,,,(603) 637-0037,www.elitemedspanh.com,42.920139,-71.54056
Restore Hyper Wellness - Bedford (NH001),28 S. River Rd,,Bedford,NH,03110,"28 S. River Rd, Bedford, NH 03110",DOCTOR,NONE,E,Restore Hyper Wellness - Parent Account,11061787,(603) 263-8407,,42.963228,-71.480513
The Olive Branch,58 N Main St,Ste 208,Concord,NH,03301,"58 N Main St, Concord, NH 03301",MEDICALSPA,NONE,N,,,(267) 603-3015,https://theolivebranchmedspa.com/,43.205968,-71.535836
Spa Medique,44 Nashua Rd UNIT 12B,,Londonberry,NH,03053,"44 Nashua Rd UNIT 12B, Londonberry, NH 03053",WHOLESALE,NONE,E,,,,spamedique.com,42.867496,-71.348526
Chill Spa,1224 Hanover Street,,Manchester,NH,03104,"1224 Hanover Street, Manchester, NH 03104",WHOLESALE,NONE,E,,,(603) 622-3722,www.chillspa.com,42.988845,-71.411916
Massage Envy - Manchester Nh - 36-0782,375 South Willow Street,,Manchester,NH,03103,"375 South Willow Street, Manchester, Nh 03103",MECLASS,NONE,U,Massage Envy Franchising,11041861,,,42.96677,-71.453517
Pelle Medical Spa,159 Frontage Rd,,Manchester,NH,03103,"159 Frontage Rd, Manchester, NH 03103",MEDICALSPA,NONE,D,,,(603) 627-7000,www.pellemedicalspa.com,42.952816,-71.444026
Taylored Skin Care,21 Tracey Way,,Meredith,NH,03253,"21 Tracey Way, Meredith, NH 03253",WHOLESALE,GOLD,B,,,(603) 387-2239,,43.633086,-71.497788
Leorah Med Spa & Threading,292  Daniel Webster Hwy,Unit 8,Nashua,NH,03060,"292  Daniel Webster Hwy, Nashua, NH 03060",MEDICALSPA,NONE,E,,,(603) 791-0016,https://www.leorahmedspa.com,42.704053,-71.440986
Massage Envy - Nashua - 36-0827,310 Daniel Webster Highway,,Nashua,NH,03060,"310 Daniel Webster Highway, Nashua, Nh 03060",MECLASS,NONE,U,Massage Envy Franchising,11041861,,,42.701017,-71.436987
Jennifer Navas Skincare,191 Lefante Way Suite 137,,Bayonne,NJ,07002,"191 Lefante Way Suite 137, Bayonne, NJ 07002",WHOLESALE,NONE,N,,,,,40.668213,-74.106259
The Skin Care Suite,191 Lefante Way,"2nd floor, suite 131",Bayonne,NJ,07002,"191 Lefante Way, Bayonne, NJ 07002",WHOLESALE,SILVER,B,,,,https://theskincaresuite.com/,40.668213,-74.106259
Massage Envy - Berkeley Heights - 17-095,402-404 Springfield Ave.,,Berkeley Heights,NJ,07922,"402-404 Springfield Ave., Berkeley Heights, NJ 07922",MECLASS,NONE,U,Massage Envy Franchising,11041861,,,40.685576,-74.435984
Timeless Med Spa,181 W. White Horse Pike,2nd FloorSuite 200,Berlin,NJ,08009,"181 W. White Horse Pike, Berlin, NJ 08009",MEDICALSPA,SILVER,D,,,(609) 495-0266,timelessmedspanj.com,39.802762,-74.948962
Massage Envy - Branchburg - 17-0687,"3150 Route 22 W, Ste 6",,Branchburg,NJ,08876,"3150 Route 22 W, Ste 6, Branchburg, NJ 08876",MECLASS,NONE,U,Massage Envy Franchising,11041861,,,40.605169,-74.689909
Massage Envy - Brick - 17-0993,682 Rte 70,,Brick,NJ,08723,"682 Rte 70, Brick, NJ 08723",MECLASS,NONE,D,Massage Envy Franchising,11041861,,,40.06217,-74.143562
Massage Envy - Cherry Hill - 46-0865,"957 Haddonfield Rd, Ste 3B",,Cherry Hill,NJ,08002,"957 Haddonfield Rd, Ste 3B, Cherry Hill, NJ 08002",MECLASS,NONE,E,Massage Envy Franchising,11041861,,,39.923847,-75.034222
Spice Spa,1998 Rte 70 E,,Cherry Hill,NJ,08003,"1998 RTE 70 E, Cherry Hill, NJ 08003",WHOLESALE,NONE,U,,,,,39.899286,-74.95403
"Susan Hughes, Md","1765 S.springdale Rd,",Ste B2,Cherry Hill,NJ,08003,"1765 S.SPRINGDALE RD,, Cherry Hill, NJ 08003",DOCTOR,NONE,C,,,(856) 751-4554,hughescenter.net,39.899651,-74.966712
Massage Envy - Chester - 17-0233,145 Rte 206 S,,Chester,NJ,07930,"145 Rte 206 S, Chester, Nj 07930",MECLASS,NONE,C,Massage Envy Franchising,11041861,,,40.781092,-74.696573
Massage Envy - Clifton - 17-0273,852 Rte 3 W,,Clifton,NJ,07012,"852 Rte 3 W, Clifton, Nj 07012",MECLASS,NONE,C,Massage Envy Franchising,11041861,,,40.839091,-74.155668
Massage Envy - Closter - 17-0263,51 Vervalen Street,,Closter,NJ,07624,"51 Vervalen Street, Closter, Nj 07624",MECLASS,NONE,B,Massage Envy Franchising,11041861,,,40.970518,-73.955889
Massage Envy - East Brunswick - 17-0230,314 Rt. 18,,East Brunswick,NJ,08816,"314 Rt. 18, East Brunswick, Nj 08816",MECLASS,NONE,D,Massage Envy Franchising,11041861,,,40.456589,-74.397828
Massage Envy - East Rutherford - 17-1378,100 Route 17 North,,East Rutherford,NJ,07073,"100 Route 17 North, East Rutherford, NJ 07073",MECLASS,NONE,E,Massage Envy Franchising,11041861,,,40.830775,-74.089423
Massage Envy - Edgewater - 17-0280,725 River Rd,,Edgewater,NJ,07020,"725 River Rd, Edgewater, NJ 07020",MECLASS,NONE,B,Massage Envy Franchising,11041861,,,40.820079,-73.977218
Restore Hyper Wellness - Edgewater (NJ021),905 River Rd,Unit# 9B,Edgewater,NJ,07020,"905 River Rd, Edgewater, NJ 07020",DOCTOR,NONE,E,Restore Hyper Wellness - Parent Account,11061787,(201) 940-7525,,40.825288,-73.973728
Massage Envy - Marlboro - 17-0287,126 Route 9 North,,English Town,NJ,07726,"126 Route 9 North, English Town, Nj 07726",MECLASS,NONE,C,Massage Envy Franchising,11041861,,,40.350164,-74.304648
Massage Envy - Flemington - 17-0622,100 Reaville Ave,,Flemington,NJ,08822,"100 Reaville Ave, Flemington, Nj 08822",MECLASS,NONE,D,Massage Envy Franchising,11041861,,,40.500109,-74.851611
Massage Envy - Florham Park - 17-0052,184 Columbia Turnpike,,Florham Park,NJ,07932,"184 Columbia Turnpike, Florham Park, Nj 07932",MECLASS,NONE,D,Massage Envy Franchising,11041861,,,40.789952,-74.393037
Massage Envy - Freehold - 17-0219,57 Village Center Dr,,Freehold,NJ,07728,"57 Village Center Dr, Freehold, Nj 07728",MECLASS,NONE,C,Massage Envy Franchising,11041861,,,40.241335,-74.306298
Blink Beauty & Wellness,335 E Jimmie Leeds Rd,,Galloway,NJ,08205,"335 E Jimmie Leeds Rd, Galloway, NJ 08205",WHOLESALE,NONE,U,,,(609) 914-1385,blinkbeautystudio.com,39.464813,-74.495675
Body Of Bliss,170 S. New York road,#08205,Galloway,NJ,08205,"170 S. New York road, Galloway, NJ 08205",WHOLESALE,SILVER,E,,,(609) 271-6360,,39.472798,-74.46003
Cloud 9 Day Spa,319 E Jimmie Leeds Rd,,Galloway,NJ,08205,"319 E Jimmie Leeds Rd, Galloway, NJ 08205",WHOLESALE,NONE,E,,,(609) 404-9095,cloud9dayspanj.net,39.468066,-74.496796
Massage Envy - Garwood - 17-0101,518 North Ave,,Garwood,NJ,07027,"518 North Ave, Garwood, Nj 07027",MECLASS,NONE,A,Massage Envy Franchising,11041861,,,40.65295,-74.330145
Siren Medical Spa,226 Rowan Blvd,,Glassboro,NJ,08028,"226 Rowan Blvd, Glassboro, NJ 08028",MEDICALSPA,SILVER,C,,,(856) 689-2802,http://www.sirenmedicalspa.zenoti.com,39.705505,-75.113288
Premier Dermatology,500 Grove St,Ste 200,Haddon Heights,NJ,08035,"500 Grove St, Haddon Heights, NJ 08035",DOCTOR,NONE,E,,,(856) 853-0900,premierdermatologynj.com,39.876842,-75.051669
And Skin Esthetics,36 Ellis St,,Haddonfield,NJ,08033,"36 Ellis St, Haddonfield, NJ 08033",WHOLESALE,NONE,E,,,,,39.896934,-75.031019
Ziba Medical Aesthetics,241A Kings Hwy E,,Haddonfield,NJ,08033,"241A Kings Hwy E, Haddonfield, NJ 08033",DOCTOR,NONE,U,,,(856) 290-7844,,39.899198,-75.030251
Awaken Aesthetics,413 N 3rd St Ste B-1,,Hammonton,NJ,08037,"413 N 3rd St Ste B-1, Hammonton, NJ 08037",MEDICALSPA,DIAMOND,A,,,(609) 365-9339,awaken-nj.com,39.640604,-74.806509
Well Aesthetics and Wellness,1 Sindoni Lane,Suite C,Hammonton,NJ,08037,"1 Sindoni Lane, Hammonton, NJ 08037",MEDICALSPA,NONE,E,,,(609) 374-4178,,39.65079,-74.794812
Massage Envy - Hillsborough - 17-0682,30 Falcon Rd,,Hillsborough,NJ,08844,"30 Falcon Rd, Hillsborough, Nj 08844",MECLASS,NONE,E,Massage Envy Franchising,11041861,,,40.519032,-74.629704
Massage Envy - Hoboken - 17-0650,1170 Maxwell Lane,,Hoboken,NJ,07030,"1170 Maxwell Lane, Hoboken, Nj 07030",MECLASS,NONE,D,Massage Envy Franchising,11041861,,,40.74976,-74.024723
Massage Envy - Holmdel - 17-0128,2101 Route 35,,Holmdel,NJ,07733,"2101 Route 35, Holmdel, Nj 07733",MECLASS,NONE,D,Massage Envy Franchising,11041861,,,40.414708,-74.144365
Laila's,1021 Green Street,,Iselin,NJ,08830,"1021 Green Street, Iselin, NJ 08830",WHOLESALE,NONE,U,,,,,40.569687,-74.311844
Massage Envy - Jersey City Downtown - 17,389 Washington Street,,Jersey City,NJ,07302,"389 Washington Street, Jersey City, Nj 07302",MECLASS,NONE,D,Massage Envy Franchising,11041861,,,40.721464,-74.036852
Refined Cosmetics,Sorah Gottlieb,90 Roselle Ct,Lakewood,NJ,08701,"SORAH GOTTLIEB, Lakewood, NJ 08701",WHOLESALE,DIAMOND,A,,,(732) 370-1421,,40.101926,-74.235187
Restore Hyper Wellness - Lawrenceville (NJ002),3371 US Hwy 1,Unit 19,Lawerenceville,NJ,08648,"3371 US Hwy 1, Lawerenceville, NJ 08648",DOCTOR,NONE,U,Restore Hyper Wellness - Parent Account,11061787,(609) 356-0291,,40.297271,-74.682925
Dr. Kelly Laverdure,2542 Brunswick Pike,,Lawrence Township,NJ,08648,"2542 Brunswick Pike, Lawrence Township, NJ 08648",DOCTOR,NONE,N,,,,,40.259963,-74.723415
Massage Envy - Princeton - 17-0192,3373 Brunswick Pike #55,,Lawrenceville,NJ,08648,"3373 Brunswick Pike #55, Lawrenceville, Nj 08648",MECLASS,NONE,E,Massage Envy Franchising,11041861,,,40.298506,-74.681531
HerSpace MedSpa,200 White Road,Suite 111,Little Silver,NJ,07739,"200 White Road, Little Silver, NJ 07739",DOCTOR,NONE,N,,,,,40.335824,-74.054634
Brow Threading & Facials by LaLa,2 Mercer St,Ste 7,Lodi,NJ,07644,"2 Mercer St, Lodi, NJ 07644",WHOLESALE,NONE,E,,,,,40.876951,-74.086727
Danielle Gamble Skin,2202 Millburn Ave.,,Maplewood,NJ,07040,"2202 Millburn Ave., Maplewood, NJ 07040",WHOLESALE,NONE,U,,,,,40.722517,-74.283862
Lilac Beauty Clinic,926 Rt 73,Sola- Suite 43,Marlton,NJ,08053,"926 Rt 73, Marlton, NJ 08053",MEDICALSPA,NONE,N,,,(609) 505-6752,https://lilacbeautyclinic.com/home,39.907508,-74.937266
Massage Envy - Marlton Crossing - 46-048,153 Rte 73 S,,Marlton,NJ,08053,"153 Rte 73 S, Marlton, Nj 08053",MECLASS,NONE,D,Massage Envy Franchising,11041861,,,39.890682,-74.927157
Restore Hyper Wellness - Marlton (NJ001),1041 Nj-73,,Marlton,NJ,08053,"1041 NJ-73, Marlton, NJ 08053",DOCTOR,NONE,E,Restore Hyper Wellness - Parent Account,11061787,(856) 595-9027,,39.910522,-74.94161
Revive gynecology and cosmetics,951 route 73 N,Suite B,Marlton,NJ,08053,"951 route 73 N, Marlton, NJ 08053",DOCTOR,NONE,N,,,(215) 749-0004,https://www.revivegyn.com/,39.895042,-74.948962
Ritual Skin & Beauty,161 Rt. 70 E,Ste 116,Marlton,NJ,08053,"161 Rt. 70 E, Marlton, NJ 08053",WHOLESALE,NONE,E,,,,ritual.glossgenius.com,39.892321,-74.912095
Massage Envy - Metuchen - 17-1278,665 Middlesex Ave. Suite 115,,Metuchen,NJ,08840,"665 Middlesex Ave. Suite 115, Metuchen, NJ 08840",MECLASS,NONE,C,Massage Envy Franchising,11041861,,,40.539856,-74.367349
Sony Wellness Clinic,328 Amboy Ave,Ste C,Metuchen,NJ,08840,"328 Amboy Ave, Metuchen, NJ 08840",MEDICALSPA,NONE,N,,,(732) 318-6005,,40.538243,-74.362556
The Wellness Haven,1500 Route 35,Suite 3,Middletown,NJ,07748,"1500 Route 35, Middletown, NJ 07748",WHOLESALE,NONE,N,,,(732) 993-6559,https://thewellnesshavennj.com/,40.403075,-74.126702
SkinSpirit - Millburn,241 Millburn Ave.,,Millburn,NJ,07041,"241 Millburn Ave., Millburn, NJ 07041",DOCTOR,NONE,U,SkinSpirit National Account,11038393,,,40.724008,-74.299767
NDA Medical Spa,701 E Main St,Ste 6,Moorestown,NJ,08057,"701 E Main St, Moorestown, NJ 08057",MEDICALSPA,NONE,D,,,(609) 997-2639,https://ndamedicalspa.com/,39.97274,-74.921678
Massage Envy - Morris Plains - 17-0223,1711 State Rte 10 E,Ste 4,Morris Plains,NJ,07950,"1711 State Rte 10 E, Morris Plains, Nj 07950",MECLASS,NONE,D,Massage Envy Franchising,11041861,,,40.845076,-74.46713
Restore Hyper Wellness - Morristown (NJ012),191 E Hanover Ave.,Unit E6,Morristown,NJ,07960,"191 E Hanover Ave., Morristown, NJ 07960",DOCTOR,NONE,E,Restore Hyper Wellness - Parent Account,11061787,(973) 944-2611,,40.814445,-74.473572
A Medical Spa At Rizzieri,307 Fellowship Road,Suite 103,Mount Laurel,NJ,08054,"307 Fellowship Road, Mount Laurel, NJ 08054",DOCTOR,NONE,E,,,(856) 985-8500,amedicalspa.com,39.945319,-74.952842
Massage Envy - Mount Laurel - 46-0485,"46A, Centerton Rd",Unit I-1,Mt Laurel,NJ,08054,"46A, Centerton Rd, Mt Laurel, NJ 08054",MECLASS,NONE,D,Massage Envy Franchising,11041861,,,39.969376,-74.911408
Nourish Aesthetics and Wellness,2300 New Rd,Ste 203,Northfield,NJ,08225,"2300 New Rd, Northfield, NJ 08225",MEDICALSPA,NONE,E,,,,https://nourishaesthetics.com/,39.366169,-74.562302
Ashcroft Bay Inc dba: Natural Contour Aesthetics,1 Hope Corson Road,,Ocean View,NJ,08230,"1 Hope Corson Road, Ocean View, NJ 08230",MEDICALSPA,NONE,E,,,(609) 400-2571,,39.217467,-74.693522
Restore Hyper Wellness - Paramus (NJ018),305 Rte 17 S,Ste 9,Paramus,NJ,07652,"305 Rte 17 S, Paramus, NJ 07652",DOCTOR,NONE,E,Restore Hyper Wellness - Parent Account,11061787,(201) 720-5958,,40.940858,-74.07241
SkinSpirit Essential Park Ridge NJ,146 Kinderkamack Rd.,Ste 2,Park Ridge,NJ,07656,"146 Kinderkamack Rd., Park Ridge, NJ 07656",DOCTOR,NONE,E,SkinSpirit National Account,11038393,,,41.034346,-74.033443
Massage Envy - Parsippany,1119 US Route 46 East,,Parsippany,NJ,07054,"1119 US Route 46 East, Parsippany, NJ 07054",MECLASS,NONE,U,Massage Envy Franchising,11041861,,,40.861802,-74.387343
Massage Envy - Metuchen NJ,272 Carlton Avenue,,Piscataway,NJ,08854,"272 Carlton Avenue, Piscataway, NJ 08854",MECLASS,NONE,None,,,,,40.568862,-74.441154
Brio Beauty Studio & Skincare Clinic,62 S Broadway,,Pitman,NJ,08071,"62 S Broadway, Pitman, NJ 08071",MEDICALSPA,NONE,E,,,(856) 589-1783,brioaesthetics.com,39.731731,-75.130462
SkinSpirit - Princeton,53 Hulfish St.,,Princeton,NJ,08542,"53 Hulfish St., Princeton, NJ 08542",DOCTOR,NONE,N,SkinSpirit National Account,11038393,(640) 867-2100,https://www.skinspirit.com/locations/princeton,40.350648,-74.662886
Massage Envy - Ramsey,1300 State Route 17,,Ramsey,NJ,07446,"1300 State Route 17, Ramsey, NJ 07446",MECLASS,NONE,A,Massage Envy Franchising,11041861,,,41.072452,-74.138753
Juvon skincare and wellness,903 US Hwy 202 N,Ste 2A,Raritan,NJ,08869,"903 US Hwy 202 N, Raritan, NJ 08869",WHOLESALE,NONE,U,,,(908) 854-3333,juvonskincare.com,40.573834,-74.641956
Massage Envy - River Edge - 17-1008,1041 Main St,,River Edge,NJ,07661,"1041 Main St, River Edge, Nj 07661",MECLASS,NONE,D,Massage Envy Franchising,11041861,,,40.911985,-74.037879
Massage Envy - Sea Girt - 17-0538,2100 Highway 35,#7,Sea Girt,NJ,08750,"2100 Highway 35, Sea Girt, NJ 08750",MECLASS,NONE,B,Massage Envy Franchising,11041861,,,40.145019,-74.057873
Massage Envy - Short Hills - 17-0473,726 Morris Tpk,,Short Hills,NJ,07078,"726 Morris Tpk, Short Hills, Nj 07078",MECLASS,NONE,D,Massage Envy Franchising,11041861,,,40.720146,-74.329718
Elona Esthetics,735 Broad St,,Shrewsbury,NJ,07702,"735 Broad St, Shrewsbury, NJ 07702",WHOLESALE,NONE,E,,,(732) 598-3859,,40.327924,-74.061702
Massage Envy - Shrewsbury - 17-0217,210 Shrewsbury Plaza,,Shrewsbury,NJ,07702,"210 Shrewsbury Plaza, Shrewsbury, NJ 07702",MECLASS,NONE,A,Massage Envy Franchising,11041861,,,40.318447,-74.050828
Massage Envy - Turnersville - 46-1251,610 Cross Keys Rd,Suite 303,Sicklerville,NJ,08081,"610 Cross Keys Rd, Sicklerville, Nj 08081",MECLASS,NONE,D,Massage Envy Franchising,11041861,,,39.733885,-75.00573
Massage Envy - Montgomery - 17-0722,1325 US Rt. 206 STE 18,,Skillman,NJ,08558,"1325 US Rt. 206 STE 18, Skillman, NJ 08558",MECLASS,NONE,U,Massage Envy Franchising,11041861,,,40.403867,-74.647228
Belinda's Face Place,31 Bethel Rd,Ste 7,Somers Point,NJ,08244,"31 Bethel Rd, Somers Point, NJ 08244",WHOLESALE,NONE,E,,,,,39.331126,-74.595961
The Skin Suite by Kristen,1529 US-206 Suite I-4,,Tabernacle,NJ,08088,"1529 US-206 Suite I-4, Tabernacle, NJ 08088",WHOLESALE,NONE,N,,,(609) 535-5945,https://www.theskinsuitebykristen.com/,39.853351,-74.734091
Apex Center for Regenerative Medicine,55 N. Gilbert Street,Ste. 1101,Tinton Falls,NJ,07701,"55 N. Gilbert Street, Tinton Falls, NJ 07701",DOCTOR,NONE,U,,,(732) 385-2739,regeneratenj.com,40.327067,-74.076139
Massage Envy - Toms River - 17-0994,2 Rte 37 W,Ste G-4,Toms River,NJ,08753,"2 Rte 37 W, Toms River, NJ 08753",MECLASS,NONE,C,Massage Envy Franchising,11041861,,,39.965972,-74.205276
Quality Dermatology,707 Main St,,Toms River,NJ,08753,"707 Main St, Toms River, NJ 08753",MEDICALSPA,NONE,E,,,(732) 244-2666,www.qualityderm.com,39.960062,-74.199521
Spa Virtue,1922 Hooper Ave,Ste 2-D,Toms River,NJ,08753,"1922 Hooper Ave, Toms River, NJ 08753",WHOLESALE,NONE,E,,,(732) 323-3000,spavirtue.net,40.017959,-74.146237
Massage Envy - Verona - 17-0079,285 Pompton Avenue,,Verona,NJ,07044,"285 Pompton Avenue, Verona, Nj 07044",MECLASS,NONE,C,Massage Envy Franchising,11041861,,,40.835116,-74.224857
Massage Envy - Waldwick - 17-0264,26 Franklin Turnpike,,Waldwick,NJ,07463,"26 Franklin Turnpike, Waldwick, Nj 07463",MECLASS,NONE,D,Massage Envy Franchising,11041861,,,41.0093,-74.119798
Massage Envy - Warren - 17-0239,12 Mt Bethel Rd,,Warren,NJ,07059,"12 Mt Bethel Rd, Warren, Nj 07059",MECLASS,NONE,D,Massage Envy Franchising,11041861,,,40.616545,-74.49445
Massage Envy - Wayne - 17-0195,22 Preakness Shopping Ctr,,Wayne,NJ,07470,"22 Preakness Shopping Ctr, Wayne, NJ 07470",MECLASS,NONE,D,Massage Envy Franchising,11041861,,,40.962439,-74.244069
Restore Hyper Wellness - West Caldwell (NJ060),780 Bloomfield Ave,,West Caldwell,NJ,07006,"780 Bloomfield Ave, West Caldwell, NJ 07006",DOCTOR,NONE,D,Restore Hyper Wellness - Parent Account,11061787,(862) 946-6261,,40.849726,-74.294313
Ledo Aesthetics,345 Old Hook Rd,,Westwood,NJ,07675,"345 Old Hook Rd, Westwood, NJ 07675",MEDICALSPA,NONE,U,,,(201) 249-6540,https://www.ledoaesthetics.com/,40.982457,-74.010273
Massage Envy - Westwood - 17-0368,286 Fairview Ave,,Westwood,NJ,07675,"286 Fairview Ave, Westwood, Nj 07675",MECLASS,NONE,E,Massage Envy Franchising,11041861,,,40.992783,-74.031183
Replenish Health & Wellness,169 Center Square Rd,,Woolwich Township,NJ,08085,"169 Center Square Rd, Woolwich Township, NJ 08085",MEDICALSPA,NONE,N,,,(856) 472-8800,replenishmedicalspa.com,39.740275,-75.330294
Massage Envy - Cottonwood - 42-0335,3601 Old Airport Rd NW,Suite F 6,Albuquerque,NM,87114,"3601 Old Airport Rd NW, Albuquerque, NM 87114",MECLASS,NONE,U,Massage Envy Franchising,11041861,,,35.204374,-106.65251
Massage Envy - North Towne - 42-0232,"5901 Wyoming Blvd. NE, Ste P3",,Albuquerque,NM,87109,"5901 Wyoming Blvd. NE, Ste P3, Albuquerque, NM 87109",MECLASS,NONE,D,Massage Envy Franchising,11041861,,,35.147466,-106.555639
Massage Envy - Riverside Plaza - 42-0578,"6231 Riverside Plaza LN NW, Ste. B",,Albuquerque,NM,87120,"6231 Riverside Plaza LN NW, Ste. B, Albuquerque, NM 87120",MECLASS,NONE,U,Massage Envy Franchising,11041861,,,35.154985,-106.68127
Massage Envy - Ventura Place - 42-0694,"8850 Holly Ave, STE H",,Albuquerque,NM,87122,"8850 Holly Ave, STE H, Albuquerque, NM 87122",MECLASS,NONE,E,Massage Envy Franchising,11041861,,,35.175221,-106.545609
Skintuitive,5005 4th St NW,Ste 201,Albuquerque,NM,87107,"5005 4th St NW, Albuquerque, NM 87107",MEDICALSPA,NONE,N,,,(505) 389-9732,https://skintuitivenm.com/,35.133111,-106.642755
Calm Aesthetics,4801 N Butler Ave # 7102,,Farmington,NM,87401,"4801 N Butler Ave # 7102, Farmington, NM 87401",MEDICALSPA,SILVER,N,,,(602) 919-4756,,36.771356,-108.185339
Massage Envy - Farmington - 42-1091,"4917 E. Main Street, Ste. C",,Farmington,NM,87402,"4917 E. Main Street, Ste. C, Farmington, NM 87402",MECLASS,NONE,U,Massage Envy Franchising,11041861,,,36.766487,-108.145878
Massage Envy - Las Cruces,2001 E. Lohman Ave,Suite 103,Las Cruces,NM,88001,"2001 E. Lohman Ave, Las Cruces, NM 88001",MECLASS,NONE,D,Massage Envy Franchising,11041861,,,32.31146,-106.757191
Esthetics by Jaz,121 S 2nd St,Ste B,Lovington,NM,88260,"121 S 2nd St, Lovington, NM 88260",WHOLESALE,NONE,E,,,,,32.947382,-103.350746
Massage Envy - Rio Rancho East - 42-0616,4229 Crestview Drive,,Rio Rancho,NM,87124,"4229 Crestview Drive, Rio Rancho, NM 87124",MECLASS,NONE,D,Massage Envy Franchising,11041861,,,35.253242,-106.650707
Massage Envy - Santa Fe - 42-0625,"3490 Zafarano Drive, STE A",,Santa Fe,NM,87507,"3490 Zafarano Drive, STE A, Santa Fe, NM 87507",MECLASS,NONE,E,Massage Envy Franchising,11041861,,,35.643172,-106.013731
Restore Hyper Wellness - Santa Fe (NM002),199 D Paseo de Peralta,,Santa Fe,NM,87501,"199 D Paseo de Peralta, Santa Fe, NM 87501",DOCTOR,NONE,E,Restore Hyper Wellness - Parent Account,11061787,(505) 303-3168,,35.692555,-105.949596
Santa Fe Lash & Beauty Bar,1012 Marquez Pl,Unit 101,Santa Fe,NM,87505,"1012 Marquez Pl, Santa Fe, NM 87505",MEDICALSPA,GOLD,N,,,(505) 988-8923,https://santafelashandbeautybar.com/,35.675406,-105.950748
Amis Beauty Salon & Spa,2085 E William St,#25,Carson City,NV,89701,"2085 E William St, Carson City, NV 89701",WHOLESALE,NONE,E,,,,,39.172788,-119.744477
Bella,Attn: Jeannette Bonaldi,1910 College Pkwy,Carson City,NV,89706,"ATTN: JEANNETTE BONALDI, Carson City, NV 89706",WHOLESALE,SILVER,C,,,,,39.191058,-119.745164
Sweet Cheeks,158 S Taylor St,,Fallon,NV,89406,"158 S Taylor St, Fallon, NV 89406",WHOLESALE,NONE,D,,,,,39.473454,-118.781924
Aethereal Medical Spa & Wellness,8935 S Pecos Rd,Ste 21A,Henderson,NV,89074,"8935 S Pecos Rd, Henderson, NV 89074",DOCTOR,NONE,N,,,(702) 302-3428,https://www.aetherealmedspa.com/,36.026952,-115.100706
Desert Skin Studio,2651 Paseo Verde Parkway,Unit 100,Henderson,NV,89074,"2651 Paseo Verde Parkway, Henderson, NV 89074",MEDICALSPA,SILVER,C,,,(808) 741-0869,,36.018174,-115.10027
Elevate Medical Group,2470 Saint Rose Pkwy,Ste 114,Henderson,NV,89074,"2470 Saint Rose Pkwy, Henderson, NV 89074",DOCTOR,NONE,N,,,(702) 800-5695,,36.019148,-115.101549
Face Fit Aesthetics,3475 St. Rose Parkway,#139,Henderson,NV,89052,"3475 St. Rose Parkway, Henderson, NV 89052",WHOLESALE,NONE,E,,,(702) 602-0773,https://www.facefitaesthetics.com/,35.987184,-115.140298
Hope Morrison,c/o Skinfuzion,11201 S EASTERN AVE Ste 120,Henderson,NV,89052,"c/o Skinfuzion, Henderson, NV 89052",WHOLESALE,SILVER,B,,,,https://skinspaboutique.com/mh.html,35.988576,-115.101537
Massage Envy - Green Valley - 49-0822,1000 North Green Valley Parkway,,Henderson,NV,89074,"1000 North Green Valley Parkway, Henderson, NV 89074",MECLASS,NONE,D,Massage Envy Franchising,11041861,,,36.027507,-115.083852
Massage Envy - Henderson / Anthem - 49-0,"10845 S Eastern Ave, STE 100",,Henderson,NV,89052,"10845 S Eastern Ave, STE 100, Henderson, NV 89052",MECLASS,NONE,B,Massage Envy Franchising,11041861,,,35.994477,-115.101704
Massage Envy - Henderson / Galleria - 49,"711 Marks Street, Ste. A",,Henderson,NV,89014,"711 Marks Street, Ste. A, Henderson, NV 89014",MECLASS,NONE,D,Massage Envy Franchising,11041861,,,36.067719,-115.036683
Massage Envy - Lake Mead Crossing - 49-0,"358 W Lake Mead Parkway, STE 100",,Henderson,NV,89015,"358 W Lake Mead Parkway, STE 100, Henderson, NV 89015",MECLASS,NONE,D,Massage Envy Franchising,11041861,,,36.037004,-114.995041
Massage Envy - St Rose,3520 St Rose Pkwy,Ste 103,Henderson,NV,89052,"3520 St Rose Pkwy, Henderson , NV 89052",MECLASS,NONE,D,Massage Envy Franchising,11041861,,,35.98711,-115.142504
"Med Aesthetics, LLC",2653 W Horizon Ridge Pkwy,Suite 100,Henderson,NV,89052,"2653 W Horizon Ridge Pkwy, Henderson, NV 89052",MEDICALSPA,NONE,U,,,(702) 324-3849,,36.000658,-115.102025
Naked Skinn Studio,601 Whitney Ranch Dr,Unit D21,Henderson,NV,89014,"601 Whitney Ranch Dr, Henderson, NV 89014",MEDICALSPA,NONE,U,,,(702) 497-0191,https://www.nakedskinnstudio.com/,36.064146,-115.053828
Restore Hyper Wellness - Henderson (NV001),1550 N Green Valley Pkwy.,Ste 300,Henderson,NV,89074,"1550 N Green Valley Pkwy., Henderson, NV 89074",DOCTOR,NONE,D,Restore Hyper Wellness - Parent Account,11061787,(725) 529-9700,,36.029571,-115.084926
Vegas Valley Hair Restoration,2450 West Horizon Ridge Pkwy,Suite 100,Henderson,NV,89052,"2450 West Horizon Ridge Pkwy, Henderson, NV 89052",DOCTOR,NONE,E,,,(702) 735-2305,https://vegasvalleyhair.com/,36.006227,-115.093068
Velvaere Aesthetics,2486 W Horizon Ridge Pwky,Ste 24,Henderson,NV,89052,"2486 W Horizon Ridge Pwky, Henderson, NV 89052",MEDICALSPA,SILVER,N,,,,https://www.velvaereaesthetics.com/,36.006327,-115.094558
The Tahoe Aesthetician,770 Northwood blvd. #5,,Incline Village,NV,89451,"770 Northwood blvd. #5, Incline Village, NV 89451",MEDICALSPA,NONE,E,,,,https://thetahoeaesthetician.com/,39.251451,-119.962739
Blue Point Medical Spa,3320 N Buffalo Dr,Ste 103,Las Vegas,NV,89129,"3320 N Buffalo Dr, Las Vegas, NV 89129",MEDICALSPA,NONE,U,,,(702) 307-3330,https://bluepointmedicalspa.com/,36.221741,-115.260097
Massage Envy - Blue Diamond Crossing - 4,4280 Blue Diamond Building C,Ste A,Las Vegas,NV,89139,"4280 Blue Diamond Building C, Las Vegas, NV 89139",MECLASS,NONE,E,Massage Envy Franchising,11041861,,,36.039218,-115.198578
Massage Envy - Boca Park - 49-0523,8950 W Charleston Blvd,Suite 7,Las Vegas,NV,89117,"8950 W Charleston Blvd, Las Vegas, NV 89117",MECLASS,NONE,C,Massage Envy Franchising,11041861,,,36.159502,-115.290356
Massage Envy - Centennial Gateway - 49-0,"5643 Centennial Center Blvd, STE 135",,Las Vegas,NV,89149,"5643 Centennial Center Blvd, STE 135, Las Vegas, NV 89149",MECLASS,NONE,D,Massage Envy Franchising,11041861,,,36.263529,-115.258129
Massage Envy - Centennial Hills - 49-024,7140 N Durango Dr #140,,Las Vegas,NV,89149,"7140 N Durango Dr #140, Las Vegas, Nv 89149",MECLASS,NONE,B,Massage Envy Franchising,11041861,,,36.291516,-115.285726
Massage Envy - Rock Spring - 49-0323,7175 W Lake Mead Blvd,Ste 174,Las Vegas,NV,89128,"7175 W Lake Mead Blvd, Las Vegas, Nv 89128",MECLASS,NONE,D,Massage Envy Franchising,11041861,,,36.195477,-115.248844
Massage Envy - Shadow Mountain - 49-0163,"6475 N. Decatur Boulevard, #160",,Las Vegas,NV,89131,"6475 N. Decatur Boulevard, #160, Las Vegas, NV 89131",MECLASS,NONE,D,Massage Envy Franchising,11041861,,,36.2769,-115.208091
Massage Envy - South Rainbow - 49-0756,6870 S Rainbow Blvd Ste 122,,Las Vegas,NV,89118,"6870 S Rainbow Blvd Ste 122, Las Vegas, Nv 89118",MECLASS,NONE,C,Massage Envy Franchising,11041861,,,36.063977,-115.241463
Massage Envy - West Flamingo - 49-0227,"9484 West Flamingo Road, Suite 150",,Las Vegas,NV,89147,"9484 West Flamingo Road, Suite 150, Las Vegas, NV 89147",MECLASS,NONE,D,Massage Envy Franchising,11041861,,,36.115793,-115.298714
Pearl Skin Studio,6750 S. Fort Apache Rd,Suite 110,Las Vegas,NV,89148,"6750 S. Fort Apache Rd, Las Vegas, NV 89148",MEDICALSPA,NONE,D,,,(702) 525-5504,https://pearlskinstudio.com/,36.145003,-115.303668
Perfect Skin Las Vegas LLC,10300 W Charleston Blvd,Ste R16,Las Vegas,NV,89135,"10300 W Charleston Blvd, Las Vegas, NV 89135",WHOLESALE,NONE,E,,,(702) 542-3128,,36.160363,-115.321816
Restore Hyper Wellness - Summerlin South (NV010),4220 S Grand Canyon Dr.,Ste 1 & 2,Las Vegas,NV,89147,"4220 S Grand Canyon Dr., Las Vegas, NV 89147",DOCTOR,NONE,E,Restore Hyper Wellness - Parent Account,11061787,(702) 664-8754,,36.113111,-115.306047
Sculpt Spa,10140 W Tropicana Ave,Ste 126,Las Vegas,NV,89147,"10140 W Tropicana Ave, Las Vegas, NV 89147",MEDICALSPA,NONE,N,,,(714) 675-1344,https://sculptspalv.com,36.100502,-115.314363
Soul Skin Aesthetics LLC,2815 S Jones Blvd,Suite A,Las Vegas,NV,89146,"2815 S Jones Blvd, Las Vegas, NV 89146",WHOLESALE,NONE,D,,,(702) 376-4712,,36.138293,-115.225524
Veins & Wellness Medical Group,8905 W Post Road,Suite 110,Las Vegas,NV,89148,"8905 W Post Road, Las Vegas, NV 89148",MEDICALSPA,NONE,N,,,(702) 859-3702,https://veinsandwellness.com/,36.07359,-115.286751
Massage Envy - Reno Ridgeview Plaza,5110 MaeAnne Avenue,,Reno,NV,89523,"5110 MaeAnne Avenue, Reno, NV 89523",MECLASS,NONE,E,Massage Envy Franchising,11041861,,,39.529723,-119.866062
Massage Envy - South Virginia St,6795 S. Virginia St,Suite A,Reno,NV,89511,"6795 S. Virginia St, Reno, NV 89511",MECLASS,NONE,U,Massage Envy Franchising,11041861,,,39.464506,-119.783543
Plumb + Pine,538 W Plumb Ln,,Reno,NV,89509,"538 W Plumb Ln, Reno, NV 89509",WHOLESALE,NONE,C,,,,,39.505012,-119.815995
Restore Hyper Wellness-Reno-NV009,5110 Mae Anne Ave.,Ste 506,Reno,NV,89523,"5110 Mae Anne Ave., Reno, NV 89523",DOCTOR,NONE,U,Restore Hyper Wellness - Parent Account,11061787,(775) 339-9396,https://restore.com,39.529723,-119.866062
Massage Envy - Sparks Galleria,155 Disc Dr,,Sparks,NV,89436,"155 Disc Dr, Sparks, NV 89436",MECLASS,NONE,E,Massage Envy Franchising,11041861,,,39.575208,-119.740802
"Francis Cullen, Md",5 Palisades Dr,Ste 110,Albany,NY,12205,"5 PALISADES DR, Albany, NY 12205",DOCTOR,NONE,U,,,(518) 482-7880,,42.68804,-73.773405
Nova Touch Aesthetics,4 Macdonald Ave,Ste 2,Armonk,NY,10504,"4 Macdonald Ave, Armonk, NY 10504",MEDICALSPA,NONE,N,,,(914) 219-5163,https://www.thenovatouch.com/,41.125155,-73.70782
Skin Fusion Spa,Michael Ioannou,35-01 30th Ave Ste 213,Astoria,NY,11103,"Michael Ioannou, Astoria, NY 11103",MEDICALSPA,NONE,D,,,(917) 979-7029,skinfusionspa.com,40.765454,-73.917749
Massage Envy - Bayside - 39-0946,38-03 Bell Boulevard,,Bayside,NY,11361,"38-03 Bell Boulevard, Bayside, Ny 11361",MECLASS,NONE,D,Massage Envy Franchising,11041861,,,40.766444,-73.772205
Massage Envy - Bedford / Mt. Kisco - 35-,737 Bedford Road,,Bedford Hills,NY,10507,"737 Bedford Road, Bedford Hills, NY 10507",MECLASS,NONE,C,Massage Envy Franchising,11041861,,,41.22492,-73.715238
Amaks Aesthetics Medspa,1934A Williamsbridge Rd,,Bronx,NY,10461,"1934A Williamsbridge Rd, Bronx, NY 10461",MEDICALSPA,NONE,E,,,(917) 701-0253,amaksmedspa.com,40.853188,-73.853186
Esther Klein,1302 50th St,2nd Fl,Brooklyn,NY,11219,"1302 50TH ST, Brooklyn, NY 11219",WHOLESALE,NONE,E,,,(201) 838-4280,none,40.634243,-73.992569
Massage Envy - Park Slope,470 4th Ave,,Brooklyn,NY,11215,"470 4th Ave, Brooklyn, NY 11215",MECLASS,NONE,D,Massage Envy Franchising,11041861,,,40.669589,-73.989636
"Mikhail Bernshteyn, Md",Attn: Fayzaslavsky,280 Quentin Rd,Brooklyn,NY,11223,"ATTN: FAYZASLAVSKY, Brooklyn, NY 11223",DOCTOR,NONE,U,,,,,40.606186,-73.975782
Restore Hyper Wellness of Park Slope (NY010),225 Flatbush Ave,,Brooklyn,NY,11217,"225 Flatbush Ave, Brooklyn, NY 11217",DOCTOR,NONE,E,Restore Hyper Wellness - Parent Account,11061787,(718) 559-0100,,40.681373,-73.975213
Restore Hyper Wellness of Williamsburg (NY008),149 Kent Avenue,,Brooklyn,NY,11249,"149 Kent Avenue, Brooklyn, NY 11249",DOCTOR,NONE,U,Restore Hyper Wellness - Parent Account,11061787,(718) 701-6424,,40.719191,-73.962554
Poppy Medi-Boutique,Naema Sharon,523 B Central Ave,Cedarhurst,NY,11516,"Naema Sharon, Cedarhurst, NY 11516",MEDICALSPA,DIAMOND,A,,,(516) 447-1151,poppymediboutique.com,40.621786,-73.723183
Massage Envy - Main & Transit / Will. -,4375 Transit Rd,,Clarence,NY,14221,"4375 Transit Rd, Clarence, Ny 14221",MECLASS,NONE,D,Massage Envy Franchising,11041861,,,42.966363,-78.696117
Angels Beauty Spa,1536 Crescent Rd,,Clifton Park,NY,12065,"1536 Crescent Rd, Clifton Park, NY 12065",WHOLESALE,NONE,E,,,(518) 373-0040,www.angelsbeautyspa.com,42.817839,-73.774156
Massage Envy - Commack - 39-0660,5001 Jericho Turnpike,,Commack,NY,11725,"5001 Jericho Turnpike, Commack, Ny 11725",MECLASS,NONE,D,Massage Envy Franchising,11041861,,,40.841141,-73.312929
Unfiltered Beauty Bar,345 Delaware Ave.,,Delmar,NY,12196,"345 Delaware Ave., Delmar, NY 12196",MEDICALSPA,SILVER,N,,,(518) 542-6454,,42.623126,-73.831123
Restore Hyper Wellness of Scarsdale (NY069),777 White Plains Rd,Unit#10,East Chester,NY,10583,"777 White Plains Rd, East Chester, NY 10583",DOCTOR,NONE,U,Restore Hyper Wellness - Parent Account,11061787,(914) 713-0000,,40.974762,-73.803908
Massage Envy - Farmingdale 1393,224  Airport Plaza Blvd,,Farmingdale,NY,11735,"224  Airport Plaza Blvd, Farmingdale , NY 11735",MECLASS,NONE,B,Massage Envy Franchising,11041861,,,40.737537,-73.417906
Massage Envy - Fayetteville Ny - 39-1143,103 Towne Dr,,Fayetteville,NY,13066,"103 Towne Dr, Fayetteville, NY 13066",MECLASS,NONE,E,Massage Envy Franchising,11041861,,,43.03548,-76.019562
Massage Envy - Garden City - 39-0840,680 Stewart Ave,,Garden City,NY,11530,"680 Stewart Ave, Garden City, Ny 11530",MECLASS,NONE,D,Massage Envy Franchising,11041861,,,40.731722,-73.608661
Restore Hyper Wellness - Westbury (NY025),1018 Old Country Rd,#a,Garden City,NY,11530,"1018 Old Country Rd, Garden City, NY 11530",DOCTOR,NONE,E,Restore Hyper Wellness - Parent Account,11061787,(516) 654-6192,,40.742862,-73.605561
"SDG MGMT Company, LLC",229 7th St,Ste 105,Garden City,NY,11530,"229 7th St, Garden City, NY 11530",DOCTOR,NONE,N,SDG MGMT Company LLC,11060888,,,40.725896,-73.632925
Massage Envy - Greece Ny - 39-0927,"2833 Ridge Road, West Bldg. 1, Unit 1C",,Greece,NY,14626,"2833 Ridge Road, West Bldg. 1, Unit 1C, Greece, NY 14626",MECLASS,NONE,B,Massage Envy Franchising,11041861,,,43.208898,-77.706754
Massage Envy - Hamburg / Orchard Park -,"3670 McKinley Parkway, Unit 5B",,Hamburg,NY,14075,"3670 McKinley Parkway, Unit 5B, Hamburg, NY 14075",MECLASS,NONE,B,Massage Envy Franchising,11041861,,,42.785868,-78.812514
Skin Beauty,1400 Portland Ave,Suite 44,Irondequoit,NY,14580,"1400 Portland Ave, Irondequoit, NY 14580",WHOLESALE,SILVER,D,,,(585) 825-3307,,43.19156,-77.583926
Massage Envy - Clay - 39-1142,"3873 State Route 31, Suite 135",,Liverpool,NY,13090,"3873 State Route 31, Suite 135, Liverpool, NY 13090",MECLASS,NONE,C,Massage Envy Franchising,11041861,,,43.18623,-76.24511
Youthology Medical Aesthetics And Wellness,900 Walt Whitman Rd,#205,Melville,NY,11747,"900 Walt Whitman Rd, Melville, NY 11747",DOCTOR,NONE,N,,,(516) 817-6423,https://youthologymedical.com/,40.798012,-73.41228
Massage Envy - Merrick - 39-0762,1660 Merrick Road,,Merrick,NY,11566,"1660 Merrick Road, Merrick, Ny 11566",MECLASS,NONE,D,Massage Envy Franchising,11041861,,,40.652461,-73.559363
Massage Envy - Lake Success - 39-0867,"1476 Union Turnpike, Space Q",,New Hyde Park,NY,11040,"1476 Union Turnpike, Space Q, New Hyde Park, NY 11040",MECLASS,NONE,B,Massage Envy Franchising,11041861,,,40.753269,-73.693255
Made By Megan Medical & Laser Spa,1317 North Ave,,New Rochelle,NY,10804,"1317 North Ave, New Rochelle, NY 10804",MEDICALSPA,NONE,N,,,(914) 319-3529,https://www.madebymeganmedspa.com/,40.946745,-73.795456
Beauty In Corporate,37 W 26th St,Ste 824,New York,NY,10010,"37 W 26th St, New York, NY 10010",WHOLESALE,NONE,N,,,(307) 413-9354,https://www.beautyincorporate.com/,40.744623,-73.990414
LAZ Skincare,"32 Union Square East, STE 912",,New York,NY,10003,"32 Union Square East, STE 912, NEW YORK, NY 10003",WHOLESALE,NONE,N,,,(347) 899-6664,https://www.lazskincare.com,40.73554,-73.989215
"Lee Ann Klausner, Md, Pllc",1050 Park Ave,# 1b,New York,NY,10028,"1050 Park Ave, New York, NY 10028",DOCTOR,NONE,E,,,(646) 568-6485,klausnerinstitute.com,40.780893,-73.957221
MA Management Group LLC,160 E 56th St Suite 302,,New York,NY,10022,"160 E 56th St Suite 302, New York, Ny 10022",WHOLESALE,NONE,N,,,(347) 272-0857,https://dearskinspa.com/,40.759615,-73.968701
Massage Envy - Gramercy Nyc - 39-1136,312 East 23rd Street,,New York,NY,10010,"312 East 23rd Street, New York, NY 10010",MECLASS,NONE,D,Massage Envy Franchising,11041861,,,40.737327,-73.980317
Massage Envy - Midtown West - 39-1049,525 W 42nd St,,New York,NY,10036,"525 W 42nd St, New York, Ny 10036",MECLASS,NONE,D,Massage Envy Franchising,11041861,,,40.760379,-73.996667
Millie Esthetics LLC,37 W 26th St,Fl 8,New York,NY,10010,"37 W 26th St, New York, NY 10010",WHOLESALE,NONE,E,,,(610) 462-7554,www.millieesthetics.com,40.744623,-73.990414
Restore Hyper Wellness - UES 84th St. (NY030),1492 3rd Ave,,New York,NY,10028,"1492 3rd Ave, New York, NY 10028",DOCTOR,NONE,U,Restore Hyper Wellness - Parent Account,11061787,(203) 594-6642,,40.777803,-73.955018
Restore Hyper Wellness - UWS 76th (NY031),2148C Broadway,,New York,NY,10023,"2148C Broadway, New York, NY 10023",DOCTOR,NONE,U,Restore Hyper Wellness - Parent Account,11061787,(516) 494-0838,,40.781296,-73.980772
SkinSpirit Essential,225 W 57th St.,,New York,NY,10019,"225 W 57th St., New York, NY 10019",DOCTOR,NONE,E,SkinSpirit National Account,11038393,,,40.766187,-73.981161
SkinSpirit Essential - New York,160 East 89th Street,1b,New York,NY,10128,"160 East 89th Street, New York, NY 10128",DOCTOR,NONE,D,SkinSpirit National Account,11038393,,,40.780881,-73.953479
SkinSpirit Essential Tribeca,418 Washington St,Unit 1B,New York,NY,10013,"418 Washington St, New York, NY 10013",MEDICALSPA,NONE,E,SkinSpirit National Account,11038393,,https://skinspirit.com,40.722663,-74.010602
Skinlikeb,161 Water Street,Suite 2320,New York,NY,10038,"161 Water Street, New York, NY 10038",MEDICALSPA,NONE,N,,,(917) 383-5553,,40.77342,-73.950601
Trifecta Med Spa,200 W 57th St,Ste 1107,New York,NY,10019,"200 W 57th St, New York, NY 10019",WHOLESALE,NONE,U,,,(212) 247-4148,https://trifectamedspanyc.com/,40.642582,-73.696306
Restore Hyper Wellness - New York (NY002),1191 3rd Ave,,New York City,NY,10021,"1191 3RD AVE, New York City, NY 10021",DOCTOR,NONE,U,Restore Hyper Wellness - Parent Account,11061787,(212) 988-1880,,40.767995,-73.961564
Massage Envy - Niskayuna - 39-1027,410 Balltown Rd,,Niskayuna,NY,12304,"410 Balltown Rd, Niskayuna, NY 12304",MECLASS,NONE,D,Massage Envy Franchising,11041861,,,42.773302,-73.892776
Massage Envy - Oceanside - 39-0482,3153 Long Beach Road,,Oceanside,NY,11572,"3153 Long Beach Road, Oceanside, Ny 11572",MECLASS,NONE,E,Massage Envy Franchising,11041861,,,40.634724,-73.639709
Restore Hyper Wellness - Pittsford (NY065),3349 Monroe Ave,,Pittsford,NY,14534,"3349 Monroe Ave, Pittsford, NY 14534",DOCTOR,NONE,E,Restore Hyper Wellness - Parent Account,11061787,(585) 310-2623,,43.101288,-77.538365
Massage Envy - Plainview - 39-0788,355 S Oyster Bay Rd,,Plainview,NY,11803,"355 S Oyster Bay Rd, Plainview, Ny 11803",MECLASS,NONE,D,Massage Envy Franchising,11041861,,,40.786035,-73.501823
Restore Hyper Wellness of Port Chester (NY045),517 Boston Post Rd,,Port Chester,NY,10573,"517 Boston Post Rd, Port Chester, NY 10573",DOCTOR,NONE,U,Restore Hyper Wellness - Parent Account,11061787,(914) 898-0018,,40.991724,-73.674225
Beautyfluff,95A Main Street,,Port Washington,NY,11050,"95A Main Street, Port Washington, NY 11050",DOCTOR,NONE,N,,,(516) 767-7778,beautyfluff.com,40.830675,-73.689558
Massage Envy - Port Washington - 39-1366,47 Main Street,,Port Washington,NY,11050,"47 Main Street, Port Washington, Ny 11050",MECLASS,NONE,E,Massage Envy Franchising,11041861,,,40.830923,-73.686685
Massage Envy - Pittsford - 39-0817,3400 Monroe Ave,,Rochester,NY,14618,"3400 Monroe Ave, Rochester, NY 14618",MECLASS,NONE,C,Massage Envy Franchising,11041861,,,43.102271,-77.535457
Massage Envy - Rocky Point - 39-0677,"346 Route 25A, Suite #106",,Rocky Point,NY,11778,"346 Route 25A, Suite #106, Rocky Point, NY 11778",MECLASS,NONE,D,Massage Envy Franchising,11041861,,,40.943549,-72.941581
SkinSpirit Essential - Roslyn Heights,250 S Service Rd,Ste A101,Roslyn Heights,NY,11577,"250 S Service Rd, Roslyn Heights, NY 11577",DOCTOR,NONE,D,SkinSpirit National Account,11038393,,www.skinspirit.com,40.783791,-73.651065
Massage Envy - Rye Brook - 35-0919,158 S Ridge St,,Rye Brook,NY,10573,"158 S Ridge St, Rye Brook, Ny 10573",MECLASS,NONE,E,Massage Envy Franchising,11041861,,,41.002209,-73.681958
Esthetiques,422 Broadway,Ste 204,Saratoga Springs,NY,12866,"422 BROADWAY, Saratoga Springs, NY 12866",WHOLESALE,NONE,E,,,(518) 583-2400,www.esthetiques-saratoga.com,43.08183,-73.784933
Sophie K. Aesthetics,443 Broadway,,Saratoga Springs,NY,12866,"443 Broadway, Saratoga Springs, NY 12866",MEDICALSPA,NONE,E,,,(518) 350-9608,https://sophieklips.com,43.082575,-73.785455
Young &  Bloom Skin,130 Excelsior Ave,Ste 106,Saratoga Springs,NY,12866,"130 Excelsior Ave, Saratoga Springs, NY 12866",WHOLESALE,NONE,D,,,(518) 306-4108,https://www.youngandbloomskin.com,43.090065,-73.767228
Skincare By Wendy,195 W. Main Street,Suite 100,Sayville,NY,11782,"195 W. Main Street, Sayville, NY 11782",WHOLESALE,NONE,N,,,(631) 339-3766,https://www.skincarebywendy.com,40.7341,-73.086199
Massage Envy - Scarsdale - 35-0807,777 White Plains Rd,,Scarsdale,NY,10583,"777 White Plains Rd, Scarsdale, Ny 10583",MECLASS,NONE,C,Massage Envy Franchising,11041861,,,40.974638,-73.803876
Massage Envy - Slingerlands - 39-1028,10 Vista Blvd,,Slingerlands,NY,12159,"10 Vista Blvd, Slingerlands, Ny 12159",MECLASS,NONE,U,Massage Envy Franchising,11041861,,,42.639994,-73.860783
Massage Envy - Staten Island - 17-0690,280 Marsh Avenue,,Staten Island,NY,10314,"280 Marsh Avenue, Staten Island, Ny 10314",MECLASS,NONE,D,Massage Envy Franchising,11041861,,,40.578542,-74.164044
Body Works Day Spa,58 Covert Avenue,,Stewart Manor,NY,11530,"58 Covert Avenue, Stewart Manor, NY 11530",MEDICALSPA,NONE,U,,,(516) 488-5573,bodyworksspa.com,40.721491,-73.688087
Massage Envy - Amherst - 39-0915,1154 Niagara Falls Blvd,,Tonawanda,NY,14150,"1154 Niagara Falls Blvd, Tonawanda, Ny 14150",MECLASS,NONE,D,Massage Envy Franchising,11041861,,,42.985614,-78.823487
Massage Envy - Webster - 39-0925,"900 Holt Road, Bldg. 1, Unit 3",,Webster,NY,14580,"900 Holt Road, Bldg. 1, Unit 3, Webster, NY 14580",MECLASS,NONE,D,Massage Envy Franchising,11041861,,,43.213668,-77.443843
Nika Day Spa,Monica Wolfberg,8111 Sheridan Dr,Williamsville,NY,14221,"Monica Wolfberg, Williamsville, NY 14221",MEDICALSPA,NONE,C,,,,,42.977865,-78.691867
Spa400 at Invision Health,C/o The Brain & Spine Center,400 International Dr,Williamsville,NY,14221,"C/O THE BRAIN & SPINE CENTER, Williamsville, NY 14221",DOCTOR,NONE,U,,,,,42.974909,-78.730395
Massage Envy - Avon Oh - 45-0753,"35825 Detroit Road, Ste. 105",,Avon,OH,44011,"35825 Detroit Road, Ste. 105, Avon, OH 44011",MECLASS,NONE,D,Massage Envy Franchising,11041861,,,41.458186,-82.016616
Massage Envy - Beachwood - 45-0490,2101 Richmond Road,,Beachwood,OH,44122,"2101 Richmond Road, Beachwood, OH 44122",MECLASS,NONE,E,Massage Envy Franchising,11041861,,,41.500645,-81.496029
Massage Envy - Beavercreek - 44-1002,2750 N. Fairfeld Rd.,,Beavercreek,OH,45431,"2750 N. Fairfeld Rd., Beavercreek, OH 45431",MECLASS,NONE,D,Massage Envy Franchising,11041861,,,39.768865,-84.050699
Massage Envy - Belden Village - 45-0401,4470 Everhard Rd,,Canton,OH,44718,"4470 Everhard Rd, Canton, Oh 44718",MECLASS,NONE,D,Massage Envy Franchising,11041861,,,40.858376,-81.431804
EmCo Esthetics,3825 Edwards Rd Ste 25,,Cincinnati,OH,45209,"3825 Edwards Rd Ste 25, Cincinnati, OH 45209",WHOLESALE,NONE,N,,,(513) 617-3477,,39.150383,-84.443596
Juno Aesthetics LLC,9471 Loveland Madeira Rd,,Cincinnati,OH,45242,"9471 Loveland Madeira Rd, Cincinnati, OH 45242",MEDICALSPA,GOLD,B,,,(513) 640-2684,https://www.thejunomedspa.com/,39.227896,-84.323347
Massage Envy - Colerain - 31-1011,3650 Stone Creek Bvld. Ste. 100,,Cincinnati,OH,45251,"3650 Stone Creek Bvld. Ste. 100, Cincinnati, Oh 45251",MECLASS,NONE,D,Massage Envy Franchising,11041861,,,39.253358,-84.60175
Massage Envy - Eastgate / Jungle Jims -,"4450 Eastgate Blvd., Ste. 245",,Cincinnati,OH,45245,"4450 Eastgate Blvd., Ste. 245, Cincinnati, OH 45245",MECLASS,NONE,B,Massage Envy Franchising,11041861,,,39.093455,-84.273473
Massage Envy - Hyde Park - 31-0733,3774 Paxton Avenue,,Cincinnati,OH,45209,"3774 Paxton Avenue, Cincinnati, OH 45209",MECLASS,NONE,D,Massage Envy Franchising,11041861,,,39.146063,-84.428942
Massage Envy - Kenwood - 31-0183,7825 Kenwood Rd.,,Cincinnati,OH,45236,"7825 Kenwood Rd., Cincinnati, OH 45236",MECLASS,NONE,D,Massage Envy Franchising,11041861,,,39.202735,-84.380732
Restore Hyper Wellness - Hyde Park (OH004),2735 Madison Road,,Cincinnati,OH,45209,"2735 Madison Road, Cincinnati, OH 45209",DOCTOR,NONE,U,Restore Hyper Wellness - Parent Account,11061787,(513) 873-4384,,39.145373,-84.44148
MJK Studio,1090 Yard St,Ste 202,Columbus,OH,43212,"1090 Yard St, Columbus, OH 43212",WHOLESALE,NONE,U,,,,,39.982899,-83.027392
Massage Envy - Bethel - 44-0452,767 Bethel Road,,Columbus,OH,43214,"767 Bethel Road, Columbus, Oh 43214",MECLASS,NONE,U,Massage Envy Franchising,11041861,,,40.062654,-83.040812
Massage Envy - The Greene,15 Greene Blvd,Suite C,Dayton,OH,45440,"15 Greene Blvd, Dayton, OH 45440",MECLASS,NONE,D,Massage Envy Franchising,11041861,,,39.695678,-84.102668
Charles Penzone (dublin),6645 Village Pkwy,,Dublin,OH,43017,"6645 VILLAGE PKWY, Dublin, OH 43017",WHOLESALE,PLATINUM,A,CHARLES PENZONE (Parent),11010179,(614) 418-5350,https://www.penzonesalons.com/,40.103829,-83.09768
Massage Envy - Dublin - 44-0224,357 West Bridge Street,,Dublin,OH,43017,"357 West Bridge Street, Dublin, Oh 43017",MECLASS,NONE,E,Massage Envy Franchising,11041861,,,40.09788,-83.123872
SkinSpirit - Dublin,4375 W Dublin Granville Rd,,Dublin,OH,43017,"4375 W Dublin Granville Rd, Dublin, OH 43017",DOCTOR,NONE,N,SkinSpirit National Account,11038393,(380) 269-1600,https://www.skinspirit.com/locations/dublin,40.097965,-83.105894
The Head Spa,6124 Parkcenter Cir,,Dublin,OH,43017,"6124 Parkcenter Cir, Dublin, OH 43017",WHOLESALE,NONE,D,,,(614) 256-6575,,40.077402,-83.132389
Restore Hyper Wellness - Beavercreek (OH007),2781 Centre Dr,Ste. A,Fairborn,OH,45324,"2781 Centre Dr, Fairborn, OH 45324",DOCTOR,NONE,E,Restore Hyper Wellness - Parent Account,11061787,(937) 779-5245,,39.770515,-84.050675
Massage Envy - Fairlawn - 45-0491,3265 W. Market Street,,Fairlawn,OH,44333,"3265 W. Market Street, Fairlawn, OH 44333",MECLASS,NONE,D,Massage Envy Franchising,11041861,,,41.133953,-81.617551
Massage Envy - Gahanna - 44-0159,1319 Stoneridge Dr,,Gahanna,OH,43230,"1319 Stoneridge Dr, Gahanna, Oh 43230",MECLASS,NONE,U,Massage Envy Franchising,11041861,,,40.053062,-82.867358
Massage Envy - Grandview Yard - 44-0858,775 Yard Street,,Grandview Heights,OH,43212,"775 Yard Street, Grandview Heights, OH 43212",MECLASS,NONE,D,Massage Envy Franchising,11041861,,,39.974774,-83.026286
Massage Envy - Grove City - 44-0958,5907 Hoover Road,,Grove City,OH,43123,"5907 Hoover Road, Grove City, Oh 43123",MECLASS,NONE,D,Massage Envy Franchising,11041861,,,39.842342,-83.073866
Massage Envy - Bridgewater Falls - 31-06,"3417 Princeton Road, STE 127",,Hamilton,OH,45011,"3417 Princeton Road, STE 127, Hamilton, OH 45011",MECLASS,NONE,D,Massage Envy Franchising,11041861,,,39.390467,-84.5012
Massage Envy - Hilliard,3965 Trueman Blvd,,Hilliard,OH,43026,"3965 Trueman Blvd, Hilliard, Oh 43026",MECLASS,NONE,D,Massage Envy Franchising,11041861,,,40.034355,-83.11876
Refined Aesthetics LLC,118 W Streetsboro St,Loft 6,Hudson,OH,44236,"118 W Streetsboro St, Hudson, OH 44236",MEDICALSPA,NONE,E,,,,,41.238735,-81.446361
Massage Envy - Lewis Center - 44-1200,6497 Pullman Dr.,,Lewis Center,OH,43035,"6497 Pullman Dr., Lewis Center, Oh 43035",MECLASS,NONE,E,Massage Envy Franchising,11041861,,,40.201501,-83.02634
Smooth Aesthetics,1550 Lewis Center Rd,Ste B,Lewis Center,OH,43035,"1550 Lewis Center Rd, Lewis Center, OH 43035",WHOLESALE,NONE,N,,,,https://www.smoothaestheticsllc.com/,40.199031,-83.008819
Massage Envy - Macedonia -45-1355,650 E Aurora Road Unit B,,Macedonia,OH,44056,"650 E Aurora Road Unit B, Macedonia, OH 44056",MECLASS,NONE,E,Massage Envy Franchising,11041861,,,41.313571,-81.515457
Massage Envy - Mason - 31-0566,5070 Deerfield Boulevard,,Mason,OH,45040,"5070 Deerfield Boulevard, Mason, OH 45040",MECLASS,NONE,C,Massage Envy Franchising,11041861,,,39.30679,-84.317799
Massage Envy - Maumee - 04-0653,"2100 Oak Street, Ste 400",,Maumee,OH,43537,"2100 Oak Street, Ste 400, Maumee, OH 43537",MECLASS,NONE,E,Massage Envy Franchising,11041861,,,41.546981,-83.706702
Health and Wellness Medical Aesthetics,23 Public Sq LL,,Medina,OH,44256,"23 Public Sq LL, Medina, OH 44256",MEDICALSPA,NONE,N,,,(330) 907-1761,,41.114391,-81.613869
Massage Envy - Mentor - 45-0754,9666 Mentor Ave,,Mentor,OH,44060,"9666 Mentor Ave, Mentor, Oh 44060",MECLASS,NONE,E,Massage Envy Franchising,11041861,,,41.683973,-81.29341
Massage Envy - The Exchange,9536 N. Springboro Pike,,Miamisburg,OH,45342,"9536 N. Springboro Pike, Miamisburg, OH 45342",MECLASS,NONE,D,Massage Envy Franchising,11041861,,,39.612188,-84.226974
Advanced Aesthetics Group,9157 Montgomery Rd Ste 201,9157 Montgomery Rd Ste 201,Montgomery,OH,45242,"9157 Montgomery Rd Ste 201, Montgomery, OH 45242",MEDICALSPA,NONE,D,,,(513) 999-2244,https://www.advancedaestheticscinci.com/,39.202573,-84.368375
Glow With Jaz,3628 Walnut Hills Rd,Ste 112,Orange,OH,44122,"3628 Walnut Hills Rd, Orange, OH 44122",WHOLESALE,NONE,U,,,(216) 230-4222,,41.503732,-81.502128
Revive Wellness Group,900 W South Boundary Street,Building 1A,Perrysburg,OH,43551,"900 W South Boundary Street, Perrysburg, OH 43551",DOCTOR,SILVER,N,,,(419) 579-8073,https://revivewellnessgroup.org/,41.540158,-83.638142
Massage Envy - Pickerington - 44-0907,1686 Hill Road North,,Pickerington,OH,43147,"1686 Hill Road North, Pickerington, Oh 43147",MECLASS,NONE,E,Massage Envy Franchising,11041861,,,39.926162,-82.784091
Massage Envy - Powell - 44-0384,4028 Powell Road,,Powell,OH,43065,"4028 Powell Road, Powell, OH 43065",MECLASS,NONE,D,Massage Envy Franchising,11041861,,,40.160326,-83.094619
Skin Beautiful LLC,180 W Olentangy St,Ste C,Powell,OH,43065,"180 W Olentangy St, Powell, OH 43065",WHOLESALE,PLATINUM,N,,,,,40.158453,-83.081465
Massage Envy - Strongsville - 45-0400,6 Southpark Ctr,,Strongsville,OH,44136,"6 Southpark Ctr, Strongsville, Oh 44136",MECLASS,NONE,C,Massage Envy Franchising,11041861,,,41.309583,-81.820655
"Renovare Hydration and Wellness, LLC",62 E. Cherry St.,,Sunbury,OH,43074,"62 E. Cherry St., Sunbury, OH 43074",WHOLESALE,NONE,N,,,(740) 936-3060,https://www.renovarehydrationandwellness.com/,40.243083,-82.858131
Essential Spa,5732 W Alexis Rd,,Sylvania,OH,43560,"5732 W Alexis Rd, Sylvania, OH 43560",MEDICALSPA,NONE,D,,,,,41.716214,-83.681513
Massage Envy - Toledo - 04-0654,3305 West Central Ave,,Toledo,OH,43606,"3305 West Central Ave, Toledo, Oh 43606",MECLASS,NONE,E,Massage Envy Franchising,11041861,,,41.676776,-83.623258
"Beautiful You Med Spa, LLC",330 N Water St,,Uhrichsville,OH,44683,"330 N Water St, Uhrichsville, OH 44683",MEDICALSPA,NONE,N,,,,,40.391826,-81.346913
Alchemy Aesthetics,28 W Auglaize St,,Wapakoneta,OH,45895,"28 W Auglaize St, Wapakoneta, OH 45895",WHOLESALE,NONE,U,,,(567) 328-2671,https://kasey-hume-aesthetics.square.site/,40.570701,-84.194783
Warren Dermatology & Mohs Surgery,1745 Niles Cortland Rd Ne,Ste 5,Warren,OH,44484,"1745 Niles Cortland Rd Ne, Warren, Oh 44484",DOCTOR,NONE,C,,,(330) 974-8570,,41.259738,-80.741548
Massage Envy - West Chester - 31-0877,7639 Voice of America Center Drive,,West Chester,OH,45069,"7639 Voice of America Center Drive, West Chester, OH 45069",MECLASS,NONE,C,Massage Envy Franchising,11041861,,,39.356248,-84.363693
Massage Envy - Westerville - 44-0588,668 N. State St,,Westerville,OH,43082,"668 N. State St, Westerville, Oh 43082",MECLASS,NONE,E,Massage Envy Franchising,11041861,,,40.143725,-82.923327
Skinspired by Carly LLC,155 Commerce Park Dr,Ste 1,Westerville,OH,43082,"155 Commerce Park Dr, Westerville, OH 43082",WHOLESALE,NONE,N,,,,https://skinspiredacneclinic.com/,40.139996,-82.924397
Celeste Mooney,25200 Center Ridge Rd,Ste 1400,Westlake,OH,44145,"25200 Center Ridge Rd, Westlake, OH 44145",WHOLESALE,NONE,N,,,(330) 888-9790,,41.457359,-81.899413
Massage Envy - Westlake Oh - 45-0642,30307 Detroit Rd,,Westlake,OH,44145,"30307 Detroit Rd, Westlake, Oh 44145",MECLASS,NONE,D,Massage Envy Franchising,11041861,,,41.462212,-81.95591
Evolve Wellness & Aesthetics,15845 Country Rd 1561,,Ada,OK,74820,"15845 Country Rd 1561, Ada, OK 74820",MEDICALSPA,SILVER,B,,,(580) 279-6063,,34.751406,-96.67383
Better Bodies Day Spa,1117 N. Spurgeon St,Ste B,Altus,OK,73521,"1117 N. SPURGEON ST, Altus, OK 73521",WHOLESALE,NONE,D,,,,,34.649498,-99.33162
Rejuvinate Med Spa,101 W Commerce St,,Altus,OK,73521,"101 W Commerce St, Altus, OK 73521",MEDICALSPA,NONE,N,,,(580) 379-3132,https://www.rejuvenatemedspaaltus.org/,34.639207,-99.334006
Ardmore Aesthetic Solutions,"1420 12th Ave, NW",,Ardmore,OK,73401,"1420 12th Ave, NW, Ardmore, OK 73401",MEDICALSPA,SILVER,B,,,,www.ardmoreaestheticsok.com,34.187132,-97.147202
Studio 31 Beauty and Wellness,11595 E 116th St N,A,Collinsville,OK,74021,"11595 E 116th St N, Collinsville, OK 74021",MEDICALSPA,NONE,D,,,(918) 973-5443,,36.322356,-95.844946
Metabolic Center of Oklahoma,200 N Bryant Ave,#120,Edmond,OK,73034,"200 N Bryant Ave, EDMOND, OK 73034",MEDICALSPA,NONE,N,,,(405) 832-6881,https://www.metaboliccenterok.com/,35.657022,-97.460362
Signature Skincare,1025 N. Bryant Ave,,Edmond,OK,73034,"1025 N. Bryant Ave, Edmond, OK 73034",DOCTOR,NONE,U,,,,,35.664714,-97.461844
The Fitz Aesthetics & Wellness,14201 N Santa Fe Ave,107,Edmond,OK,73013,"14201 N Santa Fe Ave, Edmond, OK 73013",MEDICALSPA,GOLD,A,,,(405) 990-8172,,35.614371,-97.514435
Blossom Beauty Bar,2601 N Van Buren St,,Enid,OK,73701,"2601 N Van Buren St, Enid, OK 73701",MEDICALSPA,NONE,N,,,,,36.422557,-97.889931
Harmony MediSpa,1612 W Gore Blvd,,Lawton,OK,73501,"1612 W Gore Blvd, Lawton, OK 73501",MEDICALSPA,SILVER,N,,,(580) 399-7697,,34.608655,-98.412798
Freeman Wellness + Aesthetics,700 S Eastern Ave,,Moore,OK,73160,"700 S Eastern Ave, Moore, OK 73160",DOCTOR,NONE,U,,,(580) 721-1813,,35.33176,-97.476342
Refresh Aesthetics,1444 N Mustang Rd,,Mustang,OK,73064,"1444 N Mustang Rd, Mustang, OK 73064",MEDICALSPA,NONE,N,,,(405) 376-3320,https://www.refreshaesthetics.org/,35.378905,-97.724528
Elevate Wellness and Aesthetics,2911 Adams Road,Suite 111,Norman,OK,73069,"2911 Adams Road, Norman, OK 73069",MEDICALSPA,NONE,C,,,(405) 857-1023,https://www.elevatewellnessandaesthetics.com/,35.273064,-97.481983
Brow & Skin Co.,4117 NW 122nd St,Ste 1,Oklahoma City,OK,73120,"4117 NW 122nd St, Oklahoma City, OK 73120",MEDICALSPA,NONE,D,,,,,35.595273,-97.594904
Elite Smiles,313 NW 61st St,,Oklahoma City,OK,73118,"313 NW 61st St, Oklahoma City, OK 73118",MEDICALSPA,NONE,D,,,,www.elitesmilesokc.com,35.535326,-97.518675
Massage Envy - Chateney Square - 42-0747,"10700 S. Penn, Suite 23",,Oklahoma City,OK,73170,"10700 S. Penn, Suite 23, Oklahoma City, OK 73170",MECLASS,NONE,U,Massage Envy Franchising,11041861,,,35.361176,-97.54659
Massage Envy - Quail Springs - 42-0746,"13801 North Penn, Suite C",,Oklahoma City,OK,73134,"13801 North Penn, Suite C, Oklahoma City, OK 73134",MECLASS,NONE,U,Massage Envy Franchising,11041861,,,35.611319,-97.550536
"Nicole Decamp, Md",6201 Santa Fe Ave,Ste 2015,Oklahoma City,OK,73118,"6201 SANTA FE AVE, Oklahoma City, OK 73118",DOCTOR,NONE,E,,,,,35.535302,-97.513037
Optimal Health,10029 N Oklahoma Ave,Suite 300,Oklahoma City,OK,73114,"10029 N Oklahoma Ave, Oklahoma City, OK 73114",DOCTOR,SILVER,B,,,(405) 715-4496,,35.571746,-97.509562
Restore Hyper Wellness - OKC (OK001),5840 N Classen Blvd,,Oklahoma City,OK,73116,"5840 N Classen Blvd, Oklahoma City, OK 73116",DOCTOR,NONE,E,Restore Hyper Wellness - Parent Account,11061787,(405) 849-6651,,35.532782,-97.533877
Massage Envy - Owasso - 42-0748,"9455 N. Owasso Expy, Ste. G",,Owasso,OK,74055,"9455 N. Owasso Expy, Ste. G, Owasso, OK 74055",MECLASS,NONE,U,Massage Envy Franchising,11041861,,,36.290161,-95.835597
The Beauty Pharm Medspa,13315 E 112th St N,204,Owasso,OK,74055,"13315 E 112th St N, Owasso, OK 74055",MEDICALSPA,NONE,N,,,,,36.317014,-95.824135
Moasis,110 S Main St,,Stillwater,OK,74074,"110 S Main St, Stillwater, OK 74074",MEDICALSPA,SILVER,C,,,(405) 612-0479,,36.121802,-97.058973
Alli McCay Aesthetics,1607 S Muskogee Ave,E,Tahlequah,OK,74464,"1607 S Muskogee Ave, Tahlequah, OK 74464",WHOLESALE,GOLD,D,,,,,35.894316,-94.976476
Massage Envy - Tulsa Hills - 42-1179,8115 South Olympia Avenue West,,Tulsa,OK,74132,"8115 South Olympia Avenue West, Tulsa, Ok 74132",MECLASS,NONE,U,Massage Envy Franchising,11041861,,,36.046045,-96.003916
Premier Esthetics Of Oklahoma,7315 S Lewis Ave,,Tulsa,OK,74136,"7315 S Lewis Ave, Tulsa, OK 74136",MEDICALSPA,NONE,N,,,(918) 845-4680,https://www.premierokc.com/,36.058336,-95.957738
Restore Hyper Wellness - South Tulsa (OK002),9146 S Yale Ave.,Ste 120,Tulsa,OK,74137,"9146 S Yale Ave., Tulsa, OK 74137",DOCTOR,NONE,E,Restore Hyper Wellness - Parent Account,11061787,(918) 551-7580,,36.02994,-95.923481
Serenity Salon,6305 E 120th Ct,H,Tulsa,OK,74137,"6305 E 120th Ct, Tulsa, OK 74137",WHOLESALE,SILVER,N,,,,,35.988785,-95.905686
Weatherford Eyecare Center,1545 N Washington,,Weatherford,OK,73096,"1545 N Washington, Weatherford, OK 73096",MEDICALSPA,NONE,N,,,,visionsource-waetherford.com,35.542794,-98.694606
High Plains Dental,2211 Downs Ave,,Woodward,OK,73801,"2211 Downs Ave, Woodward, OK 73801",MEDICALSPA,NONE,N,,,(580) 256-8668,,36.418595,-99.408364
"Injections by Meg, LLC",412 Maple St,,Yukon,OK,73099,"412 Maple St, Yukon, OK 73099",MEDICALSPA,NONE,U,,,(580) 512-4047,,35.507017,-97.733358
Serenity Med Spa,10 Pier 1,Ste 202,Astoria,OR,97103,"10 Pier 1, Astoria, OR 97103",MEDICALSPA,NONE,U,,,,,46.187884,-123.831253
Lily June Aesthetics,181 11th St. SE,,Bandon,OR,97411,"181 11th St. SE, Bandon, OR 97411",WHOLESALE,NONE,N,,,(503) 519-7191,,43.113613,-124.413323
Massage Envy - Cedar Hills - 06-0014,2680 Sw Cedar Hills Blvd,,Beaverton,OR,97005,"2680 Sw Cedar Hills Blvd, Beaverton, Or 97005",MECLASS,NONE,E,Massage Envy Franchising,11041861,,,45.500314,-122.80502
ML Aesthetics,1208 NE 4th Street B,,Bend,OR,97701,"1208 NE 4th Street B, Bend, OR 97701",WHOLESALE,NONE,U,,,,,44.062137,-121.300431
Massage Envy - Clackamas - 06-0367,"9895 SE Sunny Side Road, Suite K",,Clackamas,OR,97015,"9895 SE Sunny Side Road, Suite K, Clackamas, OR 97015",MECLASS,NONE,E,Massage Envy Franchising,11041861,,,45.434362,-122.562501
Restore Hyper Wellness - Eugene (OR010),298 Coburg Rd.,Ste C,Eugene,OR,97401,"298 COBURG RD., Eugene, OR 97401",DOCTOR,NONE,D,Restore Hyper Wellness - Parent Account,11061787,(503) 600-4052,,44.066073,-123.074319
Haven Of Rest Day Spa,13159 Se 132nd Ave,,Happy Valley,OR,97086,"13159 Se 132nd Ave, Happy Valley, Or 97086",WHOLESALE,NONE,E,,,,,45.427333,-122.527982
Massage Envy - Keizer - 06-0355,6395 Keizer Station Blvd,#103,Keizer,OR,97303,"6395 Keizer Station Blvd, Keizer, Or 97303",MECLASS,NONE,E,Massage Envy Franchising,11041861,,,45.011624,-122.996474
SkinSpirit - Lake Oswego,220 A Ave,Ste 100,Lake Oswego,OR,97034,"220 A Ave, Lake Oswego , OR 97034",DOCTOR,NONE,E,SkinSpirit National Account,11038393,,,45.419336,-122.665921
Blend Aesthetics,1104 E Jackson St,,Medford,OR,97504,"1104 E Jackson St, Medford, OR 97504",MEDICALSPA,SILVER,N,,,(541) 951-0157,,42.33093,-122.858771
Esteem Wellness & Spa,836 E main st,Suite 3,Medford,OR,97504,"836 E main st, Medford, OR 97504",WHOLESALE,SILVER,N,,,(208) 850-1046,,42.327595,-122.863579
Artform Aesthetics,17371 S Lost Horse Ln,,Oregon City,OR,97045,"17371 S Lost Horse Ln, Oregon City, OR 97045",MEDICALSPA,NONE,N,,,(503) 807-2532,,45.355531,-122.547455
Skincare by Marci,1107 7th st.,Ste 105,Oregon City,OR,97045,"1107 7th st., Oregon City, OR 97045",WHOLESALE,NONE,N,,,(503) 939-3538,https://www.skincarebymarci.com/,45.354197,-122.60027
Dr. Heather Friedman,1734 NE Broadway,,Portland,OR,97232,"1734 NE Broadway, Portland, OR 97232",DOCTOR,NONE,N,,,,,45.534804,-122.647692
Ethereal Wellness Boutique,211 Ne 28th,,Portland,OR,97232,"211 NE 28TH, Portland, OR 97232",WHOLESALE,NONE,U,,,,,45.524581,-122.637494
Kinetic Beauty and Wellness,4380 S. Macadam Ave.,#160,Portland,OR,97239,"4380 S. Macadam Ave., Portland, OR 97239",MEDICALSPA,NONE,N,,,(541) 499-8887,,45.491066,-122.671546
Massage Envy - Mall 205 - 06-0661,9732 Se Washington St,Ste B,Portland,OR,97216,"9732 Se Washington St, Portland, Or 97216",MECLASS,NONE,U,Massage Envy Franchising,11041861,,,45.516865,-122.563566
Quayle Spa,2453 NE Pacific St,,Portland,OR,97232,"2453 NE Pacific St, Portland, OR 97232",WHOLESALE,NONE,U,,,,,45.529368,-122.640535
Realskinpdx,4547 SW Scholls Ferry Road,Ste B,Portland,OR,97225,"4547 SW Scholls Ferry Road, Portland, OR 97225",MEDICALSPA,NONE,U,,,(971) 482-9903,,45.487139,-122.747795
SkinSpirit - Portland,26 NW 23rd Pl,,Portland,OR,97210,"26 NW 23rd Pl, Portland, OR 97210",DOCTOR,NONE,E,SkinSpirit National Account,11038393,,,45.524066,-122.699533
Tower Plastics,1211 NW Glisan St.,Ste 201,Portland,OR,97209,"1211 NW Glisan St., Portland, OR 97209",DOCTOR,GOLD,C,,,,,45.526614,-122.683729
Massage Envy - Sherwood - 06-0360,16078 Sw Tualatin-sherwood Road,,Sherwood,OR,97140,"16078 Sw Tualatin-sherwood Road, Sherwood, Or 97140",MECLASS,NONE,U,Massage Envy Franchising,11041861,,,45.368379,-122.844349
Roam,392 East Main Avenue,,Sisters,OR,97759,"392 East Main Avenue, Sisters, OR 97759",WHOLESALE,NONE,N,,,(541) 953-7112,,44.292342,-121.546577
Massage Envy - Airport Road Allentown -,1898 Catasaqua Road,Unit 2,Allentown,PA,18109,"1898 Catasaqua Road, Allentown, PA 18109",MECLASS,NONE,U,Massage Envy Franchising,11041861,,,40.640193,-76.118835
Oliver's Salon &  Day Spa Inc,5202 Hamilton Blvd,,Allentown,PA,18106,"5202 HAMILTON BLVD, Allentown, PA 18106",WHOLESALE,SILVER,C,,,(610) 366-8808,https://www.oliverssalonspa.com/,40.563727,-75.558878
Massage Envy - Ardmore,44 Greenfield Ave,,Ardmore,PA,19003,"44 Greenfield Ave, Ardmore, Pa 19003",MECLASS,NONE,U,Massage Envy Franchising,11041861,,,40.00916,-75.296893
Linda Marcus Skin and Body,3 Bala Plaza E,1st Fl Ste 103,Bala Cynwyd,PA,19004,"3 Bala Plaza E, Bala Cynwyd, PA 19004",MEDICALSPA,NONE,E,,,,,40.008915,-75.219687
Diva Aesthetics,457 Ridge St.,,Bloomsburg,PA,17815,"457 Ridge St., Bloomsburg, PA 17815",MEDICALSPA,NONE,D,,,(570) 608-8144,https://divaaesthetics.net/,41.016875,-76.390735
Jolie Salon & Day Spa,750 De Kalb Pike,,Blue Bell,PA,19422,"750 DE KALB PIKE, Blue Bell, PA 19422",WHOLESALE,NONE,U,,,(610) 277-2152,https://joliespa.com/,40.169671,-75.285779
LaserDerm Skin Care Center,2660 W Chester Pike,,Broomall,PA,19008,"2660 W Chester Pike, Broomall, PA 19008",MEDICALSPA,NONE,U,,,(610) 325-2865,https://www.laserdermskincare.com/,39.981969,-75.363512
Atelier Beauty,102 Pottstown Pike,,Chester Springs,PA,19425,"102 Pottstown Pike, Chester Springs, PA 19425",WHOLESALE,NONE,E,,,(610) 458-3445,https://www.atelierbeauty.com,40.077548,-75.687289
Cassidy Rae Beauty Collective,110 Pottstown Pike,,Chester Springs,PA,19425,"110 Pottstown Pike, Chester Springs, PA 19425",WHOLESALE,NONE,E,,,(484) 202-0735,https://cassidyraebeautycollective.com/,40.078199,-75.687779
Marina Esthetics,114 N Abington Rd,,Clarks Green,PA,18411,"114 N Abington Rd, Clarks Green, PA 18411",WHOLESALE,NONE,N,,,(863) 669-8215,,41.499086,-75.695963
Massage Envy - Collegeville,161 Market Street,Suite 3,Collegeville,PA,19426,"161 Market Street, Collegeville, PA 19426",MECLASS,NONE,D,Massage Envy Franchising,11041861,,,40.165829,-75.479725
Restore Hyper Wellness -Collegeville - PA011,121 Market St.,Store F-5A,Collegeville,PA,19426,"121 Market St., Collegeville, PA 19426",DOCTOR,NONE,U,Restore Hyper Wellness - Parent Account,11061787,(484) 854-6984,https://www.restore.com/,40.166779,-75.478611
Cool River Aesthetic  Center,125 E Elm St,Ste 260,Conshohocken,PA,19428,"125 E ELM ST, Conshohocken, PA 19428",MEDICALSPA,NONE,E,,,(610) 581-7546,,40.071943,-75.306087
Jacqueline A De Night-shaw,117 W Ridge Pike,,Conshohocken,PA,19428,"117 W RIDGE PIKE, Conshohocken, PA 19428",WHOLESALE,NONE,D,,,,,40.094316,-75.288746
Massage Envy - Cranberry Township - 32-0,1694 Route 228 Suite 108,,Cranberry Township,PA,16066,"1694 Route 228 Suite 108, Cranberry Township, Pa 16066",MECLASS,NONE,D,Massage Envy Franchising,11041861,,,40.684916,-80.081485
Restore Hyper Wellness - Cranberry Township (PA020),1713 Route 228,Ste H,Cranberry Township,PA,16066,"1713 Route 228, Cranberry Township, PA 16066",DOCTOR,NONE,C,Restore Hyper Wellness - Parent Account,11061787,(724) 576-9050,,40.686864,-80.082994
Novique Medical Aesthetics,1715 S Easton Rd,,Doylestown,PA,18901,"1715 S Easton Rd, Doylestown, PA 18901",MEDICALSPA,NONE,U,,,,,40.198007,-75.01454
Bliss Skin Care Boutique,1004 Cornell Ave,,Drexel Hill,PA,19026,"1004 CORNELL AVE, Drexel Hill, PA 19026",WHOLESALE,NONE,D,,,(484) 453-8700,,39.956046,-75.308215
Massage Envy - Erie - 32-1221,2070 Interchange Rd,,Erie,PA,16565,"2070 Interchange Rd, Erie, PA 16565",MECLASS,NONE,E,Massage Envy Franchising,11041861,,,42.065691,-80.100805
Massage Envy - Exton - 46-1036,"282 Main Street, Suite K1",,Exton,PA,19341,"282 Main Street, Suite K1, Exton, PA 19341",MECLASS,NONE,U,Massage Envy Franchising,11041861,,,40.023133,-75.628574
Restore Hyper Wellness - Exton (PA005),430 W Lincoln Hwy,,Exton,PA,19341,"430 W Lincoln Hwy, Exton, PA 19341",DOCTOR,NONE,U,Restore Hyper Wellness - Parent Account,11061787,(484) 879-6048,,40.023647,-75.647952
Massage Envy - Greensburg - 32-1239,1420 Greengate Center Cir,,Greensburg,PA,15601,"1420 Greengate Center Cir, Greensburg, Pa 15601",MECLASS,NONE,B,Massage Envy Franchising,11041861,,,40.307096,-79.578847
Spa 309 Salon and Boutique,309 S Maple Ave,,Greensburg,PA,15601,"309 S Maple Ave, Greensburg, PA 15601",WHOLESALE,NONE,D,,,(724) 366-8379,,40.300192,-79.542235
Revive Wellness & Esthetics,483 Main St,Suite 270,Harleysville,PA,19438,"483 Main St, Harleysville, PA 19438",MEDICALSPA,SILVER,N,,,(267) 500-8787,,40.279063,-75.386624
Glow Aesthetics Bar,200 Bedford St.,Ste E,Hollidaysburg,PA,16648,"200 Bedford St., Hollidaysburg, PA 16648",MEDICALSPA,NONE,E,,,,,40.424053,-78.394144
Massage Envy - Jenkintown,1647 The Fairway,,Jenkintown,PA,19046,"1647 The Fairway, Jenkintown, PA 19046",MECLASS,NONE,D,Massage Envy Franchising,11041861,,,40.107317,-75.118464
"Electrolysis By Sara Picone,inc.",dba: PICONE BEAUTY & WELLNESS,100 W State St,Kennett Square,PA,19348,"dba: PICONE BEAUTY & WELLNESS, Kennett Square, PA 19348",MEDICALSPA,NONE,U,,,,,39.846537,-75.711761
Skin by Von,224 E Street road Suite C-2F,,Kennett Square,PA,19348,"224 E Street road Suite C-2F, Kennett Square, PA 19348",WHOLESALE,NONE,E,,,(484) 614-6308,https://skinbyvon.glossgenius.com/,39.875886,-75.699849
Anne Judge Aesthetics,454 Germantown Pike,,Lafayette Hill,PA,19444,"454 Germantown Pike, Lafayette Hill, PA 19444",MEDICALSPA,GOLD,A,,,(484) 368-3396,https://www.annejudgeaesthetics.com/,40.090751,-75.258981
Restore Hyper Wellness - Lancaster (PA001),100 Rohrerstown Rd.,Ste. 6,Lancaster,PA,17603,"100 Rohrerstown Rd., Lancaster, PA 17603",DOCTOR,NONE,D,Restore Hyper Wellness - Parent Account,11061787,(717) 696-6338,,40.042996,-76.364303
Iconic Medical Arts Dr. Laleh Radfar-Baublitz,100 Highlands Dr,Suite 202,Lititz,PA,17543,"100 Highlands Dr, Lititz, PA 17543",DOCTOR,NONE,U,,,(717) 481-3373,https://iconicmedicalarts.com/,40.136914,-76.304476
Massage Envy - McMurray,"4120 Washington Road, #130",,McMurray,PA,15317,"4120 Washington Road, #130, McMurray, PA 15317",MECLASS,NONE,E,Massage Envy Franchising,11041861,,,40.264868,-80.130816
Elements Spa,111 Carlton Place,,Media,PA,19063,"111 Carlton Place, Media, PA 19063",WHOLESALE,SILVER,C,,,(610) 566-4732,https://elementsspainc.com/,39.930295,-75.388468
Restore Hyper Wellness - Media (PA016),1075 W Baltimore Pike,Ste C,Media,PA,19063,"1075 W Baltimore Pike, Media, PA 19063",DOCTOR,NONE,U,Restore Hyper Wellness - Parent Account,11061787,(484) 442-8359,,39.914566,-75.432743
Massage Envy - Monroeville,4124 William Penn Hwy,,Monroeville,PA,15146,"4124 William Penn Hwy, Monroeville, PA 15146",MECLASS,NONE,C,Massage Envy Franchising,11041861,,,40.43731,-79.765479
Nicholas Sebastian Salon & Spa,327 N Newtown Street Rd,,Newtown Square,PA,19073,"327 N Newtown Street Rd, Newtown Square, PA 19073",WHOLESALE,GOLD,A,,,(610) 325-0122,https://nssalon.com/,39.999051,-75.408325
Massage Envy - North Wales,1460 Bethlehem Pike,Suite 300,North Wales,PA,19454,"1460 Bethlehem Pike, North Wales, PA 19454",MECLASS,NONE,D,Massage Envy Franchising,11041861,,,40.207844,-75.223567
Restore Hyper Wellness -Paoli-PA007,82 E. Lancaster Ave,Unit B-14,Paoli,PA,19301,"82 E. Lancaster Ave, Paoli, PA 19301",DOCTOR,NONE,U,Restore Hyper Wellness - Parent Account,11061787,(610) 590-7270,https://www.restore.com/,40.041519,-75.477532
Fresh Aesthetics,3310 S 20th Street,,Philadelphia,PA,19145,"3310 S 20th Street, Philadelphia, PA 19145",DOCTOR,GOLD,B,,,(215) 307-7234,https://www.mindbodyonline.com/explore/locations/fresh-aesthetics,39.90975,-75.183129
Oggi Salon & Spa,1700 Locust St,,Philadelphia,PA,19103,"1700 LOCUST ST, Philadelphia, PA 19103",WHOLESALE,NONE,U,,,,,39.948679,-75.16949
Rescue Spa Inc,1811 Walnut St,,Philadelphia,PA,19103,"1811 WALNUT ST, Philadelphia, PA 19103",WHOLESALE,NONE,D,,,(866) 772-2766,https://www.rescuespa.com/,39.950423,-75.17121
Restore Hyper Wellness - Center City (PA019),1229 Chestnut St.,,Philadelphia,PA,19107,"1229 Chestnut St., Philadelphia, PA 19107",DOCTOR,NONE,U,Restore Hyper Wellness - Parent Account,11061787,(215) 982-2637,,39.950866,-75.161378
Unfiltered Medical Aesthetics,1307 Mifflin St,Fl 1,Philadelphia,PA,19148,"1307 Mifflin St, Philadelphia, PA 19148",MEDICALSPA,NONE,E,,,(215) 921-0591,,39.926719,-75.167503
Viva Care Solutions,1613 Germantown Ave,Unit 106,Philadelphia,PA,19122,"1613 Germantown Ave, Philadelphia, PA 19122",MEDICALSPA,NONE,E,,,,,39.975796,-75.142096
Massage Envy - McCandless,791 Providence Blvd,,Pittsburgh,PA,15237,"791 Providence Blvd, Pittsburgh, Pa 15237",MECLASS,NONE,D,Massage Envy Franchising,11041861,,,40.570157,-80.020546
Massage Envy - Pleasant Hills - 32-1284,595 Clairton Blvd,,Pittsburgh,PA,15236,"595 Clairton Blvd, Pittsburgh, Pa 15236",MECLASS,NONE,E,Massage Envy Franchising,11041861,,,40.332563,-79.944255
Massage Envy - Settlers Ridge Pa - 32-08,1910 Settlers Ridge Center Drive,Suite 1910,Pittsburgh,PA,15205,"1910 Settlers Ridge Center Drive, Pittsburgh, PA 15205",MECLASS,NONE,C,Massage Envy Franchising,11041861,,,40.438748,-80.146558
Massage Envy - Squirrel Hill - 32-0391,5836 Forbes Avenue,,Pittsburgh,PA,15217,"5836 Forbes Avenue, Pittsburgh, Pa 15217",MECLASS,NONE,U,Massage Envy Franchising,11041861,,,40.437932,-79.921454
Massage Envy - Uptown Mt. Lebanon - 32-1,680 Washington Rd,,Pittsburgh,PA,15228,"680 Washington Rd, Pittsburgh, Pa 15228",MECLASS,NONE,E,Massage Envy Franchising,11041861,,,40.380502,-80.044988
Restore Hyper Wellness - McCandless (PA021),9186 Covenant Ave.,,Pittsburgh,PA,15237,"9186 Covenant Ave., Pittsburgh, PA 15237",DOCTOR,NONE,E,Restore Hyper Wellness - Parent Account,11061787,(412) 837-4163,,40.571768,-80.022503
Restore Hyper Wellness - Pittsburgh (PA002),100 Siena Dr.,Ste. 185,Pittsburgh,PA,15241,"100 Siena Dr., Pittsburgh, PA 15241",DOCTOR,NONE,E,Restore Hyper Wellness - Parent Account,11061787,(412) 409-2890,,40.347153,-80.057422
Restore Hyper Wellness - Shadyside (PA006),5213 Liberty Ave.,,Pittsburgh,PA,15224,"5213 Liberty Ave., Pittsburgh, PA 15224",DOCTOR,NONE,U,Restore Hyper Wellness - Parent Account,11061787,(412) 730-4307,,40.457328,-79.940662
Restore Hyper Wellness - Plymouth (PA003),500 W Germantown Pike,Ste. 1195,Plymouth Meeting,PA,19462,"500 W Germantown Pike, Plymouth Meeting, PA 19462",DOCTOR,NONE,U,Restore Hyper Wellness - Parent Account,11061787,(484) 368-3492,,40.116011,-75.283063
Massage Envy - Wyomissing - 46-1120,718 Woodland Rd,,Reading,PA,19610,"718 Woodland Rd, Reading, PA 19610",MECLASS,NONE,E,Massage Envy Franchising,11041861,,,40.350991,-75.965952
Skin Studio by Egle,95 Almshouse Rd,Ste 301,Richboro,PA,18954,"95 Almshouse Rd, Richboro, PA 18954",MEDICALSPA,NONE,D,,,(215) 778-0449,https://www.vagaro.com/skinstudiobyegle,40.216717,-75.013835
Kelly Mccool Salon,1016 River St,,Scranton,PA,18505,"1016 RIVER ST, Scranton, PA 18505",WHOLESALE,NONE,E,,,(570) 969-1705,,41.394763,-75.653911
Wellness Center of NEPA LLC,431 Rear Wyoming Ave,,Scranton,PA,18503,"431 Rear Wyoming Ave, Scranton, PA 18503",DOCTOR,NONE,N,,,,,41.409196,-75.664744
The Renaissance Center For Plastic Surgery,1845 Memorial Hwy,,Shavertown,PA,18708,"1845 MEMORIAL HWY, Shavertown, PA 18708",DOCTOR,NONE,E,,,(570) 674-6525,,41.340986,-75.976013
Massage Envy - Southampton - 46-1001,498 2nd Street Pike,,Southampton,PA,18966,"498 2nd Street Pike, Southampton, PA 18966",MECLASS,NONE,E,Massage Envy Franchising,11041861,,,40.169791,-75.04518
Massage Envy - Springfield Pa - 46-1037,"1001 Baltimore Pike, STE 3",,Springfield,PA,19064,"1001 Baltimore Pike, STE 3, Springfield, PA 19064",MECLASS,NONE,E,Massage Envy Franchising,11041861,,,39.913212,-75.341309
Massage Envy - Warrington,1603 N Main Street,"Bldg 11, Suite 1102B",Warrington,PA,18976,"1603 N Main Street, Warrington, PA 18976",MECLASS,NONE,D,Massage Envy Franchising,11041861,,,40.232921,-75.135057
Restore Hyper Wellness - Warrington (PA009),1551 N Main St.,,Warrington,PA,18976,"1551 N Main St., Warrington, PA 18976",DOCTOR,NONE,U,Restore Hyper Wellness - Parent Account,11061787,(267) 483-5273,,40.231799,-75.135429
Massage Envy - Wayne Pa,283 E. Swedesford Road,,Wayne,PA,19087,"283 E. Swedesford Road, Wayne, Pa 19087",MECLASS,NONE,E,Massage Envy Franchising,11041861,,,40.073932,-75.430399
Studio Zio,527 E Gay St,,West Chester,PA,19380,"527 E Gay St, West Chester, PA 19380",WHOLESALE,NONE,E,,,(610) 322-7771,https://www.studiozio.com/,39.96461,-75.598325
Massage Envy - Wexford - 32-1164,1500 Village Run Rd,,Wexford,PA,15090,"1500 Village Run Rd, Wexford, Pa 15090",MECLASS,NONE,C,Massage Envy Franchising,11041861,,,40.633556,-80.057535
"RVB Pittsburgh, LLC",12091 Perry Hwy,Ste 2,Wexford,PA,15090,"12091 Perry Hwy, Wexford, PA 15090",MEDICALSPA,NONE,U,"RVB Investment Group, LLC",11049140,,,40.632372,-80.059209
Lazar Medical Group,1640 Oak Ridge Pl,,Williamsport,PA,17701,"1640 Oak Ridge Pl, WILLIAMSPORT, PA 17701",DOCTOR,NONE,E,,,(570) 298-6440,,41.242652,-77.001911
Candice Marie Esthetics LLC,1669 Edgewood Rd,#202,Yardley,PA,19067,"1669 Edgewood Rd, Yardley, PA 19067",WHOLESALE,NONE,E,,,,,40.222796,-74.872688
Elizabeth Grace Aesthetics,2070 Springwood Rd,,York,PA,17403,"2070 Springwood Rd, York, PA 17403",MEDICALSPA,NONE,E,,,(717) 873-4383,https://www.elizabethgraceaesthetics.com/,39.93807,-76.690972
Reset Medical Spa & Wellness Center,1755 Whiteford Rd,Ste 100,York,PA,17402,"1755 Whiteford Rd, York, PA 17402",MEDICALSPA,SILVER,C,,,(717) 265-8360,https://resetmedicalspa.com/,39.982649,-76.692116
White Rose Aesthetics,2858 Eastern Blvd,,York,PA,17402,"2858 Eastern Blvd  , York, PA 17402",MEDICALSPA,NONE,U,,,,,39.973437,-76.670182
Nitza Serrano MD,1507 Ave Ponce de Leon - La Casa,205,San Juan,PR,00909,"1507 Ave Ponce de Leon - La Casa, San Juan, PR 00909",DOCTOR,NONE,U,,,,,18.445953,-66.067658
Massage Envy - Cranston - 35-0783,1000 Chapel View Blvd,Ste 146,Cranston,RI,02920,"1000 Chapel View Blvd, Cranston, Ri 02920",MECLASS,NONE,A,Massage Envy Franchising,11041861,,,41.75638,-71.460848
Restore Hyper Wellness - Cranston (RI001),125 Hillside Rd,,Cranston,RI,02920,"125 Hillside Rd, Cranston, RI 02920",DOCTOR,NONE,U,Restore Hyper Wellness - Parent Account,11061787,(401) 203-5006,,41.759915,-71.458854
Massage Envy - East Greenwich - 35-0851,1000 Division St,,East Greenwich,RI,02818,"1000 Division St, East Greenwich, Ri 02818",MECLASS,NONE,A,Massage Envy Franchising,11041861,,,41.661483,-71.494667
Massage Envy - East Providence - 35-1181,5 Catamore Blvd,,East Providence,RI,02914,"5 Catamore Blvd, East Providence, Ri 02914",MECLASS,NONE,E,Massage Envy Franchising,11041861,,,41.806299,-71.3419
Massage Envy - Lincoln Ri - 35-1208,618 George Washington Hwy,Bldg C,Lincoln,RI,02865,"618 George Washington Hwy, Lincoln, Ri 02865",MECLASS,NONE,A,Massage Envy Franchising,11041861,,,41.934567,-71.447638
Massage Envy - Providence - 35-1209,229 Waterman St,,Providence,RI,02906,"229 Waterman St, Providence, Ri 02906",MECLASS,NONE,C,Massage Envy Franchising,11041861,,,41.828303,-71.388058
"Subtle T Aesthetics, LLC",116 Main St,Ste M8,Wakefield,RI,02879,"116 Main St, Wakefield, RI 02879",MEDICALSPA,NONE,C,,,(401) 644-8734,https://www.staesthetics.com,41.438628,-71.496744
Noelle Silva,650 Bald Hill Rd,Stu 20,Warwick,RI,02886,"650 Bald Hill Rd, Warwick, RI 02886",WHOLESALE,NONE,N,,,(401) 787-3770,,41.890668,-71.538217
Massage Envy - Bluffton - 34-0813,1019 Fording Island Rd Ste 102g,,Bluffton,SC,29910,"1019 Fording Island Rd Ste 102g, Bluffton, Sc 29910",MECLASS,NONE,E,Massage Envy Franchising,11041861,,,32.257131,-80.849066
Restore Hyper Wellness - Bluffton (SC024),20 Cassidy Dr.,Unit 103,Bluffton,SC,29910,"20 CASSIDY DR., Bluffton, SC 29910",DOCTOR,NONE,C,Restore Hyper Wellness - Parent Account,11061787,(843) 705-4090,,32.287903,-80.907933
Massage Envy - West Ashley - 34-0769,975 Savannah Hwy,,Charleston,SC,29407,"975 Savannah Hwy, Charleston, SC 29407",MECLASS,NONE,E,Massage Envy Franchising,11041861,,,32.781687,-79.990137
Restore Hyper Wellness - West Ashley (SC001),975 Savannah Hwy,Unit #105,Charleston,SC,29407,"975 Savannah Hwy, Charleston, SC 29407",DOCTOR,NONE,E,Restore Hyper Wellness - Parent Account,11061787,(843) 212-5656,,32.782482,-79.991111
Jan Counts Skin Specialist,1703 Laurel St,,Columbia,SC,29201,"1703 LAUREL ST, Columbia, SC 29201",MEDICALSPA,NONE,C,,,(803) 730-9950,,34.012195,-81.028926
Massage Envy - Forest Acres - 34-0692,4710 Forest Drive,,Columbia,SC,29206,"4710 Forest Drive, Columbia, Sc 29206",MECLASS,NONE,U,Massage Envy Franchising,11041861,,,34.01873,-80.969216
Massage Envy - Harbison - 34-0800,144 Harbison Boulevard,,Columbia,SC,29212,"144 Harbison Boulevard, Columbia, SC 29212",MECLASS,NONE,U,Massage Envy Franchising,11041861,,,34.067521,-81.162992
Massage Envy - Sandhill - 34-0852,630-3 Promenade Place,,Columbia,SC,29229,"630-3 Promenade Place, Columbia, Sc 29229",MECLASS,NONE,D,Massage Envy Franchising,11041861,,,34.130458,-80.87791
Aesthetics at Southern,2678 Hwy 544,,Conway,SC,29526,"2678 Hwy 544, Conway, Sc 29526",MEDICALSPA,NONE,D,,,(843) 306-5300,https://www.aesthetics4u.com/,33.744744,-79.022929
Southern Skin Solutions,101 N Johnson St,,Gaffney,SC,29340,"101 N Johnson St, Gaffney, SC 29340",WHOLESALE,NONE,N,,,,,35.071067,-81.647323
Light Rx - Greenville,1125 Woodruff Rd,"Bldg N, Ste 201B",Greenville,SC,29607,"1125 Woodruff Rd, Greenville, SC 29607",MEDICALSPA,NONE,U,"RVB Investment Group, LLC",11049140,,,34.828727,-82.297455
Massage Envy - Downtown Greenville - 34-,120 N Laurens St,Ste 100,Greenville,SC,29601,"120 N Laurens St, Greenville, SC 29601",MECLASS,NONE,E,Massage Envy Franchising,11041861,,,34.852169,-82.398892
Massage Envy - Pelham Hills - 34-0598,3714 Pelham Road,,Greenville,SC,29615,"3714 Pelham Road, Greenville, Sc 29615",MECLASS,NONE,C,Massage Envy Franchising,11041861,,,34.858604,-82.266944
Massage Envy - Verdae Village - 34-0597,"101 Verdae Boulevard, STE 900",,Greenville,SC,29607,"101 Verdae Boulevard, STE 900, Greenville, SC 29607",MECLASS,NONE,D,Massage Envy Franchising,11041861,,,34.820815,-82.339501
Restore Health Greenville LLC - SC003,1143 Woodruff Rd,Ste A1,Greenville,SC,29607,"1143 Woodruff Rd, Greenville, SC 29607",DOCTOR,NONE,E,Restore Hyper Wellness - Parent Account,11061787,(864) 991-8403,https://www.restore.com/,34.825696,-82.294096
Victoria Schmidt,10 Perennial St,,Greenville,SC,29615,"10 Perennial St, Greenville, SC 29615",WHOLESALE,NONE,N,,,(864) 747-5150,,34.84594,-82.246933
Alora Aesthetics LLC,17 Executive Park Rd Unit D,,Hilton Head,SC,29926,"17 Executive Park Rd Unit D, Hilton Head, SC 29926",WHOLESALE,NONE,N,,,(843) 412-0045,alorahiltonhead.glossgenius.com,32.149878,-80.755161
Restore Hyper Wellness - Hilton Head (SC002),11 Marina Side Dr.,,Hilton Head Island,SC,29928,"11 Marina Side Dr., Hilton Head Island, SC 29928",DOCTOR,NONE,E,Restore Hyper Wellness - Parent Account,11061787,(843) 715-2001,,32.177478,-80.729726
Covet Aesthetics,1812 Augusta Hwy,,Lexington,SC,29072,"1812 Augusta Hwy, Lexington, SC 29072",WHOLESALE,NONE,N,,,,https://www.covetaesthetics.com/,33.980613,-81.276015
Massage Envy - Lexington Sc - 34-0856,205 Columbia Ave.,,Lexington,SC,29072,"205 Columbia Ave., Lexington, SC 29072",MECLASS,NONE,D,Massage Envy Franchising,11041861,,,33.988276,-81.24518
"Poised Medical, Wellness & Beauty Spa",669 Barr Rd,,Lexington,SC,29072,"669 Barr Rd, Lexington, SC 29072",MEDICALSPA,NONE,N,,,(803) 528-4440,,33.958626,-81.275219
Massage Envy - Mount Pleasant - 34-0255,"1948 Long Grove Drive, Suite 4",,Mount Pleasant,SC,29464,"1948 Long Grove Drive, Suite 4, Mount Pleasant, SC 29464",MECLASS,NONE,E,Massage Envy Franchising,11041861,,,32.822684,-79.81825
Southern Grace Aesthetics,1421 Shucker Circle,,Mount Pleasant,SC,29464,"1421 Shucker Circle, Mount Pleasant, SC 29464",MEDICALSPA,NONE,E,,,(843) 900-1003,,32.793965,-79.854314
Beauty Studio by Hanna,1004 Anna Knapp Blvd,Ste 3,Mt Pleasant,SC,29464,"1004 Anna Knapp Blvd, Mt Pleasant, SC 29464",WHOLESALE,NONE,U,,,(843) 499-5444,,32.815172,-79.864084
Restore Hyper Wellness - North Mount Pleasant (SC012),1102 Oakland Market Rd.,Ste 2-3,Mt. Pleasant,SC,29466,"1102 Oakland Market Rd., Mt. Pleasant, SC 29466",DOCTOR,NONE,U,Restore Hyper Wellness - Parent Account,11061787,(843) 936-6313,,32.863957,-79.785759
Restore Hyper Wellness - South Mount Pleasant (SC004),893 Houston Northcutt Blvd.,,Mt. Pleasant,SC,29464,"893 Houston Northcutt Blvd., Mt. Pleasant, SC 29464",DOCTOR,NONE,U,Restore Hyper Wellness - Parent Account,11061787,(843) 442-4445,,32.803033,-79.888056
Dewy Skin Holistic & Corrective Spa,12060 Frontage Rd,Unit D,Murrells Inlet,SC,29576,"12060 Frontage Rd, Murrells Inlet, SC 29576",MEDICALSPA,NONE,U,,,(803) 239-8734,https://www.vagaro.com/dewyskinholisticandcorrectivespa,33.581969,-79.028606
Massage Envy - Coastal North - 34-1323,"1236 Highway 17N., Suite C3",,Myrtle Beach,SC,29582,"1236 Highway 17N., Suite C3, Myrtle Beach, SC 29582",MECLASS,NONE,E,Massage Envy Franchising,11041861,,,33.838878,-78.664957
Massage Envy - Myrtle Beach / Surfside -,181 Brookton Cir,Unit 5,Myrtle Beach,SC,29588,"181 Brookton Cir, Myrtle Beach, Sc 29588",MECLASS,NONE,U,Massage Envy Franchising,11041861,,,33.651971,-78.98304
Massage Envy - Myrtle Beach/grande Dunes,"980 Cipriana Dr., Unit A-2",,Myrtle Beach,SC,29572,"980 Cipriana Dr., Unit A-2, Myrtle Beach, SC 29572",MECLASS,NONE,B,Massage Envy Franchising,11041861,,,33.761511,-78.813963
Massage Envy - Rock Hill - 24-0887,636 Crown Pointe Lane,Suite 107,Rock Hill,SC,29732,"636 Crown Pointe Lane, Rock Hill, SC 29732",MECLASS,NONE,E,Massage Envy Franchising,11041861,,,34.940477,-80.981107
Restore Hyper Wellness - Rock Hill (SC013),"760 Herlong Ave,",Ste 102,Rock Hill,SC,29732,"760 Herlong Ave,, Rock Hill, SC 29732",DOCTOR,NONE,E,Restore Hyper Wellness - Parent Account,11061787,(803) 324-2535,,34.96364,-81.035109
Massage Envy - Simpsonville - 34-0696,355 Harrison Bridge Rd,,Simpsonville,SC,29680,"355 Harrison Bridge Rd, Simpsonville, Sc 29680",MECLASS,NONE,D,Massage Envy Franchising,11041861,,,34.703207,-82.256844
Massage Envy - Spartanburg - 34-0695,117 East Blackstock Road,,Spartanburg,SC,29301,"117 East Blackstock Road, Spartanburg, Sc 29301",MECLASS,NONE,B,Massage Envy Franchising,11041861,,,34.934368,-81.989145
Massage Envy - Summerville - 34-0517,404b Azalea Square Blvd,,Summerville,SC,29483,"404b Azalea Square Blvd, Summerville, Sc 29483",MECLASS,NONE,E,Massage Envy Franchising,11041861,,,33.039802,-80.160803
Massage Envy - Wescott - 34-1174,"9500 Dorchester Rd., Ste. 314",,Summerville,SC,29485,"9500 Dorchester Rd., Ste. 314, Summerville, SC 29485",MECLASS,NONE,U,Massage Envy Franchising,11041861,,,32.935732,-80.140002
Blackhills Dermatology,7236 Jordan Dr.,Ste. 101,Rapid City,SD,57709,"7236 JORDAN DR., Rapid City, SD 57709",DOCTOR,NONE,E,,,,,44.014488,-103.247054
Massage Envy - Rapid City - 19-1363,"1225 Eglin St,, Suite 200",,Rapid City,SD,57701,"1225 Eglin St,, Suite 200, Rapid City, SD 57701",MECLASS,NONE,D,Massage Envy Franchising,11041861,,,44.098878,-103.190392
Massage Envy - Sioux Falls,4821 S. Louise Avenue,,Sioux Falls,SD,57106,"4821 S. Louise Avenue, Sioux Falls, Sd 57106",MECLASS,NONE,D,Massage Envy Franchising,11041861,,,43.501323,-96.772846
Skin Sanctuary,46994 271st St.,Suite A&B,Tea,SD,57064,"46994 271st St., Tea, SD 57064",MEDICALSPA,SILVER,C,,,(605) 940-2940,www.skinsanctuarysd.com,43.461583,-96.808608
Massage Envy - Hamilton Crossing - 48-11,258 Hamilton Crossing Dr Ste B,,Alcoa,TN,37701,"258 Hamilton Crossing Dr Ste B, Alcoa, TN 37701",MECLASS,NONE,D,Massage Envy Franchising,11041861,,,35.766055,-83.986083
Massage Envy - Bellevue / Nashville - 48,"8024 Highway 100, STE 2B",,Bellevue,TN,37221,"8024 Highway 100, STE 2B, Bellevue, TN 37221",MECLASS,NONE,E,Massage Envy Franchising,11041861,,,36.047065,-86.951699
Heritage Salon at Brentwood,900 Heritage Way,,Brentwood,TN,37027,"900 Heritage Way, Brentwood, TN 37027",WHOLESALE,NONE,U,,,,,36.006389,-86.78621
Massage Envy - Brentwood North- closed,330 Franklin Rd Ste 120a,,Brentwood,TN,37027,"330 Franklin Rd Ste 120a, Brentwood, Tn 37027",MECLASS,NONE,None,,,,,36.026336,-86.791156
Massage Envy - Cool Springs - 48-0373,1731-A Mallory Lane,,Brentwood,TN,37027,"1731-A Mallory Lane, Brentwood, TN 37027",MECLASS,NONE,B,Massage Envy Franchising,11041861,,,35.961165,-86.816912
Skin Therapy,Sola Salon Suites,18 Cadillac Dr Ste 400,Brentwood,TN,37027,"SOLA SALON SUITES, Brentwood, TN 37027",WHOLESALE,NONE,U,,,,,36.036082,-86.801589
SkinSpirit - Brentwood,400 Centerview Dr,Ste 4000,Brentwood,TN,37027,"400 Centerview Dr, Brentwood, TN 37027",MEDICALSPA,NONE,E,SkinSpirit National Account,11038393,,www.skinspirit.com,36.026597,-86.787662
Massage Envy - Frazier - 48-0864,345 Frazier Ave,Ste 108,Chattanooga,TN,37405,"345 Frazier Ave, Chattanooga, TN 37405",MECLASS,NONE,D,Massage Envy Franchising,11041861,,,35.062306,-85.304816
Massage Envy - Hamilton Place - 48-0844,2100 Hamilton Place Blvd,Ste 208,Chattanooga,TN,37421,"2100 Hamilton Place Blvd, Chattanooga, Tn 37421",MECLASS,NONE,D,Massage Envy Franchising,11041861,,,35.033797,-85.159501
Massage Envy - Madison Commons - 48-1093,"1767 Madison Street, Suite B102",,Clarksville,TN,37043,"1767 Madison Street, Suite B102, Clarksville, TN 37043",MECLASS,NONE,E,Massage Envy Franchising,11041861,,,36.515117,-87.314711
Massage Envy - Tiny Town - 48-1461,1780 Tiny Town Rd,,Clarksville,TN,37042,"1780 Tiny Town Rd, Clarksville, TN 37042",MECLASS,NONE,E,Massage Envy Franchising,11041861,,,36.62452,-87.319744
Bliss Luxury Spa & Salon,4020 Ocoee St N,,Cleveland,TN,37312,"4020 Ocoee St N, Cleveland, TN 37312",WHOLESALE,NONE,E,,,,,35.194398,-84.849022
Massage Envy - Collierville - 27-0120,"4610 Merchants Park Circle, Suite 511",,Collierville,TN,38017,"4610 Merchants Park Circle, Suite 511, Collierville, TN 38017",MECLASS,NONE,D,Massage Envy Franchising,11041861,,,35.023071,-89.720149
Massage Envy - Cordova - 27-1054,2362 N Germantown Pkwy,,Cordova,TN,38016,"2362 N Germantown Pkwy, Cordova, TN 38016",MECLASS,NONE,D,Massage Envy Franchising,11041861,,,35.189849,-89.791416
Massage Envy - Turkey Creek - 48-0802,11669 Parkside Drive,,Farragut,TN,37934,"11669 Parkside Drive, Farragut, Tn 37934",MECLASS,NONE,D,Massage Envy Franchising,11041861,,,35.895329,-84.171848
Chameleon Spa and Wellness,2320 Thornton Taylor Pkwy,,Fayetville,TN,37334,"2320 Thornton Taylor Pkwy, Fayetville, TN 37334",DOCTOR,NONE,N,,,(931) 993-4966,www.chameleonspatn.com,35.147777,-86.562695
J. Lynn Skin,2669 Huntsville Hwy,Ste B,Fayetville,TN,37334,"2669 Huntsville Hwy, Fayetville, TN 37334",MEDICALSPA,NONE,N,,,(615) 580-7248,www.jlynnskin.com,35.144368,-86.570498
A Moments Peace Salon & Day Spa,Attn: Danielle Lotito,9050 Carothers Pkwy Ste 108,Franklin,TN,37067,"ATTN: DANIELLE LOTITO, Franklin, TN 37067",MEDICALSPA,SILVER,C,,,,,35.957516,-86.801832
"Mary Lynn Moran, MD",600A Frazier Dr,Ste 120,Franklin,TN,37067,"600A Frazier Dr, Franklin, TN 37067",DOCTOR,NONE,U,,,,,35.945341,-86.821485
Pinup Skin Medical Spa,112 East Fowlkes St.,,Franklin,TN,37064,"112 East Fowlkes St., Franklin, TN 37064",MEDICALSPA,NONE,E,,,(615) 295-9990,www.pinupskinspa.com,35.91782,-86.87196
Sheron Laumann,4107 Mallory Ln,Ste 143,Franklin,TN,37067,"4107 Mallory Ln, Franklin, TN 37067",WHOLESALE,NONE,E,,,,,36.033373,-86.786454
Thrive Wellness and Aesthetics,4107 Mallory Lane,Suite 131,Franklin,TN,37067,"4107 Mallory Lane, Franklin, TN 37067",MEDICALSPA,NONE,N,,,(615) 406-5111,www.thrivewelltn.com,35.931328,-86.82491
Massage Envy - Germantown Tn - 27-0775,"7820 Poplar Avenue, Ste. 4-6",,Germantown,TN,38138,"7820 Poplar Avenue, Ste. 4-6, Germantown, TN 38138",MECLASS,NONE,D,Massage Envy Franchising,11041861,,,35.090523,-89.801979
Skin Alchemy,7800 Neshoba Rd,Ste 202,Germantown,TN,38138,"7800 Neshoba Rd, Germantown, TN 38138",MEDICALSPA,SILVER,C,,,(901) 428-0573,,35.101692,-89.803371
Massage Envy - Hendersonville/nashville,1050 Glenbrook Way # 200,,Hendersonville,TN,37075,"1050 Glenbrook Way # 200, Hendersonville, Tn 37075",MECLASS,NONE,E,Massage Envy Franchising,11041861,,,36.332108,-86.625463
Massage Envy - Hixson - 48-1180,"5591 Highway 153,",,Hixson,TN,37343,"5591 Highway 153,, Hixson, TN 37343",MECLASS,NONE,D,Massage Envy Franchising,11041861,,,35.146735,-85.251454
Light Rx Face & Body - Knoxville,11627 Parkside Dr.,,Knoxville,TN,37934,"11627 Parkside Dr., Knoxville, TN 37934",MEDICALSPA,NONE,U,"RVB Investment Group, LLC",11049140,,,35.896396,-84.171226
Massage Envy - Cherokee Plaza - 48-0689,5508 Kingston Pike,,Knoxville,TN,37919,"5508 Kingston Pike, Knoxville, Tn 37919",MECLASS,NONE,E,Massage Envy Franchising,11041861,,,35.93465,-83.993223
Massage Envy - Northshore Knoxville - 48,"9450 S. Northshore Dr., Ste. 112",,Knoxville,TN,37922,"9450 S. Northshore Dr., Ste. 112, Knoxville, TN 37922",MECLASS,NONE,D,Massage Envy Franchising,11041861,,,35.861674,-84.06717
Beauty Boutique LLC.,107 Signature Place,,Lebanon,TN,37087,"107 Signature Place, Lebanon, TN 37087",MEDICALSPA,NONE,U,,,,,36.216013,-86.333012
LMK Aesthetics,100 Physicians Way,Suite 310,Lebanon,TN,37090,"100 Physicians Way, Lebanon, TN 37090",MEDICALSPA,NONE,U,,,,,36.17799,-86.326839
"The Skin Lab, LLC",706 Cadet Ct,,Lebanon,TN,37087,"706 Cadet Ct, Lebanon, TN 37087",MEDICALSPA,NONE,E,,,,,36.213408,-86.308159
Sunshine Heals,415 Woodbury Hwy,,Manchester,TN,37355,"415 Woodbury Hwy, Manchester, TN 37355",WHOLESALE,NONE,U,,,,https://sunshinehealsnaturally.com/,35.492983,-86.087968
STYLES ON BROADWAY - Martin,308 Broadway,,Martin,TN,38237,"308 BROADWAY, Martin, TN 38237",WHOLESALE,SILVER,A,,,,,36.343367,-88.848689
Massage Envy -  Midtown Memphis,1680 Union Ave,Ste 111,Memphis,TN,38104,"1680 Union Ave, Memphis, Tn 38104",MECLASS,NONE,E,Massage Envy Franchising,11041861,,,35.136203,-90.005865
The Tanenbaum Dermatology Center,760 E Brookhaven Cir,,Memphis,TN,38117,"760 E Brookhaven Cir, Memphis, TN 38117",DOCTOR,NONE,D,,,,,35.112225,-89.889124
Restore Hyper Wellness - Mt Juliet (TN008),401 S Mount Juliet Rd.,Ste 131,Mount Juliet,TN,37122,"401 S Mount Juliet Rd., Mount Juliet, TN 37122",DOCTOR,NONE,E,Restore Hyper Wellness - Parent Account,11061787,(615) 288-4529,,36.167124,-86.511295
Inspire Medical,151 Adams Ln,Ste 8,Mt. Juliet,TN,37122,"151 Adams Ln, Mt. Juliet, TN 37122",DOCTOR,NONE,U,,,,,36.169304,-86.517576
Massage Envy - Mt. Juliet - 48-0893,"401 S. Mt. Juliet Road, #240",,Mt. Juliet,TN,37122,"401 S. Mt. Juliet Road, #240, Mt. Juliet, TN 37122",MECLASS,NONE,C,Massage Envy Franchising,11041861,,,36.165615,-86.511861
Southern Wax and Skin Co.,1984 Providence Pkwy,"Ste 201, Rm 115",Mt. Juliet,TN,37122,"1984 Providence Pkwy, Mt. Juliet, TN 37122",WHOLESALE,NONE,E,,,,,36.163736,-86.516984
Bloom Wild Aesthetics,220 N. Spring St.,,Murfreesboro,TN,37130,"220 N. Spring St., Murfreesboro, TN 37130",MEDICALSPA,NONE,E,,,(615) 359-2992,www.bloomwildaesthetics.com,35.847649,-86.389673
Massage Envy - Murfreesboro - 48-0665,"2615 Medical Center Parkway, STE 1760",,Murfreesboro,TN,37129,"2615 Medical Center Parkway, STE 1760, Murfreesboro, TN 37129",MECLASS,NONE,U,Massage Envy Franchising,11041861,,,35.857661,-86.443263
Restore Hyper Wellness - Murfreesboro (TN018),2615 Medical Center Pkwy,Ste 1775 & 1777,Murfreesboro,TN,37129,"2615 Medical Center Pkwy, Murfreesboro, TN 37129",DOCTOR,NONE,U,Restore Hyper Wellness - Parent Account,11061787,(629) 267-7600,,35.86213,-86.447078
Skin Perfect,833 Memorial blvd,Suite G,Murfreesboro,TN,37129,"833 Memorial blvd, Murfreesboro, TN 37129",MEDICALSPA,SILVER,N,,,(615) 632-3151,https://www.skinperfectaw.com/,35.854741,-86.39555
Webb Aesthetic Plastic Surgery & Med Spa,836 N Thompson Ln,Ste 2 A,Murfreesboro,TN,37129,"836 N Thompson Ln, Murfreesboro, TN 37129",DOCTOR,NONE,D,,,,drshaynewebb.com,35.860155,-86.429051
Bare Skin,1904 Seminole Avenue,,Nashville,TN,37211,"1904 Seminole Avenue, Nashville, TN 37211",MEDICALSPA,SILVER,N,,,(615) 675-9655,www.bareskintn.com,36.128719,-86.759924
EB Skin,2104 Crestmoor,Unit 103,Nashville,TN,37215,"2104 Crestmoor, Nashville, TN 37215",WHOLESALE,SILVER,C,,,,,36.108901,-86.813187
Massage Envy - Belle Meade - 48-1097,"73 White Bridge Rd., Ste. 121",,Nashville,TN,37205,"73 White Bridge Rd., Ste. 121, Nashville, TN 37205",MECLASS,NONE,D,Massage Envy Franchising,11041861,,,36.12948,-86.85646
Massage Envy - Green Hills - 48-0185,"2002 Richard Jones Rd., Ste. A-101",,Nashville,TN,37215,"2002 Richard Jones Rd., Ste. A-101, Nashville, TN 37215",MECLASS,NONE,E,Massage Envy Franchising,11041861,,,36.104891,-86.811313
Massage Envy - West End - 48-1092,2304 Elliston Place,,Nashville,TN,37203,"2304 Elliston Place, Nashville, Tn 37203",MECLASS,NONE,E,Massage Envy Franchising,11041861,,,36.149993,-86.805838
Nashville Wellness & IV,67 Lindsley Ave,,Nashville,TN,37210,"67 Lindsley Ave, Nashville, TN 37210",MEDICALSPA,NONE,N,,,(906) 367-2525,,36.154552,-86.763563
Restore Hyper Wellness - Nashville - Music Row (TN004),117 17th Ave S.,,Nashville,TN,37203,"117 17th Ave S., Nashville, TN 37203",DOCTOR,NONE,U,Restore Hyper Wellness - Parent Account,11061787,(615) 987-9626,,36.152086,-86.793451
Massage Envy - Emory Road - 48-1113,627 Emory Rd.,,Powell,TN,37849,"627 Emory Rd., Powell, Tn 37849",MECLASS,NONE,D,Massage Envy Franchising,11041861,,,36.053025,-83.990484
Massage Envy - Spring Hill,4884 Port Royal Rd,Ste 140,Spring Hill,TN,37174,"4884 Port Royal Rd, Spring Hill, TN 37174",MECLASS,NONE,D,Massage Envy Franchising,11041861,,,35.739383,-86.891982
Jolie Aesthetics,27 W Mason Ct,,Woodbury,TN,37190,"27 W Mason Ct, Woodbury, TN 37190",MEDICALSPA,NONE,E,,,,,35.82746,-86.085439
Abilene Beauty Bus,"Attn: Sara Trammell, MD",642 Sayles Blvd,Abilene,TX,79605,"Attn: Sara Trammell, MD, Abilene, TX 79605",DOCTOR,SILVER,B,,,,,32.438923,-99.779023
Massage Envy - Prestonwood,5225 Belt Line Road Ste 250,,Addison,TX,75254,"5225 Belt Line Road Ste 250, Addison, Tx 75254",MECLASS,NONE,E,,,,,32.954675,-96.817439
Massage Envy - Sunset Ridge - 52-1041,6484 N. New Braunfels,,Alamo Heights,TX,78209,"6484 N. New Braunfels, Alamo Heights, Tx 78209",MECLASS,NONE,D,Massage Envy Franchising,11041861,,,29.489932,-98.458656
Massage Envy - Allen,816 W. McDermott Dr,Ste 340,Allen,TX,75013,"816 W. McDermott Dr, Allen, TX 75013",MECLASS,NONE,U,Massage Envy Franchising,11041861,,,33.103216,-96.682401
Massage Envy - Arlington Highlands - 50-,3900 Arlington Highlands Blvd,Ste 125,Arlington,TX,76018,"3900 Arlington Highlands Blvd, Arlington, Tx 76018",MECLASS,NONE,D,Massage Envy Franchising,11041861,,,32.681162,-97.11001
Massage Envy - North Arlington,1805  N Collins St,Suite 115,Arlington,TX,76011,"1805  N Collins St, Arlington, TX 76011",MECLASS,NONE,U,Massage Envy Franchising,11041861,,,32.762914,-97.096661
Iri Spa,"13740 Research Blvd, Building B",Suite 2,Austin,TX,78750,"13740 Research Blvd, Building B, Austin, TX 78750",WHOLESALE,SILVER,N,,,(512) 247-0653,https://iri-spa.com/,30.459236,-97.794887
Massage Envy - Arbor Walk - 25-0143,10515 N Mopac Expressway Suite 210,,Austin,TX,78758,"10515 N Mopac Expressway Suite 210, Austin, TX 78758",MECLASS,NONE,A,Massage Envy Franchising,11041861,,,30.390073,-97.73263
Massage Envy - Central Austin - 25,507 Pressler St,Ste 800,Austin,TX,78703,"507 Pressler St, AUSTIN, TX 78703",MECLASS,NONE,U,Massage Envy Franchising,11041861,,,30.299835,-97.719941
Massage Envy - Circle C Ranch - 25-0144,9600 Escarpment Blvd,Ste 860,Austin,TX,78749,"9600 Escarpment Blvd, Austin, Tx 78749",MECLASS,NONE,U,Massage Envy Franchising,11041861,,,30.202835,-97.878857
Massage Envy - Lakeline - 25-0145,14005 North US Hwy 183 Suite 200,,Austin,TX,78613,"14005 North US Hwy 183 Suite 200, Austin, TX 78613",MECLASS,NONE,U,Massage Envy Franchising,11041861,,,30.47554,-97.796582
Massage Envy - Southpark Meadows - 25-01,9500 S Ih 35,Ste L500,Austin,TX,78748,"9500 S Ih 35, Austin, Tx 78748",MECLASS,NONE,E,Massage Envy Franchising,11041861,,,30.165254,-97.792856
Massage Envy - Westlake - 25-0108,"3201 Bee Cave Road, Suite 156",,Austin,TX,78746,"3201 Bee Cave Road, Suite 156, Austin, TX 78746",MECLASS,NONE,C,Massage Envy Franchising,11041861,,,30.273038,-97.800224
Quintessence Plastic Surgery,6611 River Place Blvd,Ste. 201,Austin,TX,78730,"6611 River Place Blvd, Austin, TX 78730",DOCTOR,NONE,U,,,,,30.392588,-97.845939
Restore Hyper Wellness - Arbor Trails (TX001),4301 W William Cannon Dr,Bldg. B Ste 146,Austin,TX,78749,"4301 W William Cannon Dr, Austin, TX 78749",DOCTOR,NONE,E,Restore Hyper Wellness - Parent Account,11061787,(512) 614-2151,,30.221504,-97.841182
Restore Hyper Wellness - Austin Gateway (TX006),9901 N Capital of Texas Hwy,Ste 140,Austin,TX,78759,"9901 N Capital of Texas Hwy, Austin, TX 78759",DOCTOR,NONE,U,Restore Hyper Wellness - Parent Account,11061787,,,30.389484,-97.740694
Restore Hyper Wellness - Four Points (TX108),7301 N Fm 620,Ste 160,Austin,TX,78730,"7301 N FM 620, Austin, TX 78730",DOCTOR,NONE,U,Restore Hyper Wellness - Parent Account,11061787,(512) 358-4020,,30.404784,-97.851555
Restore Hyper Wellness - South Lamar (TX024),1100 S Lamar Blvd.,,Austin,TX,78704,"1100 S Lamar Blvd., Austin, TX 78704",DOCTOR,NONE,U,Restore Hyper Wellness - Parent Account,11061787,(512) 291-3156,,30.25569,-97.763062
Skin Society Austin,"2708 South Lamar Blvd, Suite 100A",,Austin,TX,78704,"2708 South Lamar Blvd, Suite 100A, Austin, TX 78704",WHOLESALE,NONE,N,,,(512) 971-7322,https://the-skin-society-austin.square.site,30.245185,-97.781059
SkinSpirit - Austin,9607 Research Blvd.,Suite #110,Austin,TX,78759,"9607 Research Blvd., Austin, TX 78759",DOCTOR,NONE,E,SkinSpirit National Account,11038393,(737) 255-8200,https://www.skinspirit.com,30.387283,-97.742783
SkinSpirit -West Lake Hills,3300 Bee Cave Rd,Ste 290,Austin,TX,78746,"3300 Bee Cave Rd, Austin, TX 78746",DOCTOR,NONE,D,SkinSpirit National Account,11038393,,,30.273775,-97.798603
SkinSpirit LLC - Austin,405 N Lamar Blvd,Ste 110,Austin,TX,78703,"405 N Lamar Blvd, Austin, TX 78703",DOCTOR,NONE,D,SkinSpirit National Account,11038393,,,30.269388,-97.754641
Waxing Crescent,5601 Brodie Ln,Ste 1000,Austin,TX,78745,"5601 Brodie Ln, Austin, TX 78745",WHOLESALE,NONE,U,,,,,30.226874,-97.820629
Massage Envy - Baytown,8824 N Highway 146,Suite 120,Baytown,TX,77523,"8824 N Highway 146, Baytown, TX 77523",MECLASS,NONE,E,Massage Envy Franchising,11041861,,,29.819406,-94.898689
Massage Envy - Beaumont,3970 Dowlen Road,,Beaumont,TX,77706,"3970 Dowlen Road, Beaumont, TX 77706",MECLASS,NONE,E,Massage Envy Franchising,11041861,,,30.116672,-94.166973
bohème Aesthetics,350 Pine St Suite 100,,Beaumont,TX,77701,"350 Pine St Suite 100, Beaumont, TX 77701",WHOLESALE,SILVER,N,,,(409) 347-6014,https://boheme-aesthetics.com/,30.085608,-94.09757
Skin Elite,1264 Harwood Rd,,Bedford,TX,76021,"1264 Harwood Rd, Bedford, TX 76021",MEDICALSPA,NONE,D,,,(815) 326-0234,www.skinelite.com,32.85233,-97.147991
Restore Hyper Wellness - Bee Cave (TX003),4005 Market St.,Unit 130,Bee Cave,TX,78738,"4005 Market St., Bee Cave, TX 78738",DOCTOR,NONE,E,Restore Hyper Wellness - Parent Account,11061787,(512) 494-6950,,30.306655,-97.935855
Sanova Dermatology,3944 Ranch Rd 620 S,Bldg 6 Ste 201,Bee Cave,TX,78738,"3944 Ranch Rd 620 S, Bee Cave, TX 78738",DOCTOR,NONE,N,Docs Dermatology,0012009790,(888) 414-3627,,30.309067,-97.947466
ACE Plastic Surgery,134 Menger Springs,#1230,Boerne,TX,78006,"134 Menger Springs, Boerne, TX 78006",DOCTOR,SILVER,N,,,(210) 610-8120,https://www.aceplasticsurgerytx.com/,29.771939,-98.730689
Massage Envy - Hebron at Old Denton,1012 W. Hebron Pkwy,Suite 300,Carrollton,TX,75010,"1012 W. Hebron Pkwy, Carrollton, TX 75010",MECLASS,NONE,E,Massage Envy Franchising,11041861,,,33.022034,-96.917475
Massage Envy - Uptown Village Cedar Hill,"305 W FM 1382, Ste. 110",,Cedar Hill,TX,75104,"305 W FM 1382, Ste. 110, Cedar Hill, TX 75104",MECLASS,NONE,D,Massage Envy Franchising,11041861,,,32.603455,-96.943265
Massage Envy - Cedar Park - 25-0338,1335 East Whitestone Blvd Suite E-300,,Cedar Park,TX,78613,"1335 East Whitestone Blvd Suite E-300, Cedar Park, Tx 78613",MECLASS,NONE,D,Massage Envy Franchising,11041861,,,30.527236,-97.814175
The Aesthetic Edit ATX,700 Market St,206,Cedar Park,TX,78613,"700 Market St, Cedar Park, TX 78613",MEDICALSPA,NONE,N,,,,,30.530564,-97.784734
A'NIS Aesthetics,205 S Main St,,Cibolo,TX,78108,"205 S Main St, Cibolo, TX 78108",MEDICALSPA,NONE,U,,,,,29.559767,-98.22619
Skin Care By Heather,Heather Castleberry,22641 Pine St,Coffee City,TX,75763,"HEATHER CASTLEBERRY, Coffee City, TX 75763",MEDICALSPA,NONE,E,,,,,32.35126,-95.301062
Restore Hyper Wellness -College Station -TX112,1255 Arrington Rd,Ste 5000,College Station,TX,77845,"1255 Arrington Rd, College Station, TX 77845",DOCTOR,NONE,U,Restore Hyper Wellness - Parent Account,11061787,(979) 398-3129,https://www.restore.com/,30.559206,-96.263536
Massage Envy - Colleyville,"5615 Colleyville Blvd., Ste 470",,Colleyville,TX,76034,"5615 Colleyville Blvd., Ste 470, Colleyville, TX 76034",MECLASS,NONE,E,Massage Envy Franchising,11041861,,,32.891086,-97.147885
Restore Hyper Wellness - Colleyville (TX095),4709 Colleyville Blvd,Ste 600,Colleyville,TX,76034,"4709 Colleyville Blvd, Colleyville, TX 76034",DOCTOR,NONE,N,Restore Hyper Wellness - Parent Account,11061787,(817) 576-4372,,32.878846,-97.156498
Trinity Aesthetics & Laser,88 Village Ln,#150,Colleyville,TX,76034,"88 VILLAGE LN, Colleyville, TX 76034",DOCTOR,SILVER,B,,,,,32.884681,-97.155877
Facial Aesthetic Care and Enhancement,1909 Longmire Road,"Building H, Ste. H3",Conroe,TX,77304,"1909 Longmire Road, Conroe, TX 77304",MEDICALSPA,NONE,D,,,(713) 882-6797,christinainjects.com,30.336075,-95.50373
Farmer Dermatology,4015 I 45 N,Ste 300,Conroe,TX,77304,"4015 I 45 N, Conroe, TX 77304",DOCTOR,NONE,E,,,,,30.36853,-95.486588
Massage Envy - Teas Crossing - 05-0961,"1140 N. FM 3083, Ste. 900",,Conroe,TX,77304,"1140 N. FM 3083, Ste. 900, Conroe, TX 77304",MECLASS,NONE,E,Massage Envy Franchising,11041861,,,30.352172,-95.485892
Radiant Skin and Health,4015 I-45 N,Ste 300,Conroe,TX,77304,"4015 I-45 N, Conroe, TX 77304",DOCTOR,NONE,D,,,,,30.36853,-95.486588
Massage Envy - Coppell,120 S Denton Tap Rd STE 303,,Coppell,TX,75019,"120 S Denton Tap Rd STE 303, Coppell, TX 75019",MECLASS,NONE,E,Massage Envy Franchising,11041861,,,32.968222,-96.992226
Massage Envy - Corinth,"4451 Fm 2181, Ste 130",,Corinth,TX,76210,"4451 FM 2181, STE 130, Corinth, TX 76210",MECLASS,NONE,E,Massage Envy Franchising,11041861,,,33.131427,-97.043154
Massage Envy - Corpus Christi - 52-0933,"5425 South Padre Island Dr, #165",,Corpus Christi,TX,78411,"5425 South Padre Island Dr, #165, Corpus Christi, TX 78411",MECLASS,NONE,D,Massage Envy Franchising,11041861,,,27.70849,-97.374004
"Reset Aesthetics, LLC",4918 Everhart Rd.,,Corpus Christi,TX,78411,"4918 Everhart Rd., Corpus Christi, TX 78411",MEDICALSPA,NONE,N,,,(361) 766-0059,https://resetaesthetics.square.site/,27.717118,-97.382482
Massage Envy - Cypress - 05-0157,"25626 Northwest Freeway, Ste 900",,Cypress,TX,77429,"25626 Northwest Freeway, Ste 900, Cypress, TX 77429",MECLASS,NONE,D,Massage Envy Franchising,11041861,,,29.970093,-95.689672
Massage Envy - Campbell / Coit - 50-0135,7529 Campbell,,Dallas,TX,75248,"7529 Campbell, Dallas, Tx 75248",MECLASS,NONE,U,Massage Envy Franchising,11041861,,,32.979834,-96.770396
Massage Envy - Campbell @ Coit,7529 Campbell Rd.,Ste 301,Dallas,TX,75248,"7529 Campbell Rd., Dallas, TX 75248",MECLASS,NONE,None,Massage Envy Franchising,11041861,,,32.979834,-96.770396
Massage Envy - Casa Linda,"9440 Garland Road, Suite 174",,Dallas,TX,75218,"9440 Garland Road, Suite 174, Dallas, TX 75218",MECLASS,NONE,C,Massage Envy Franchising,11041861,,,32.832068,-96.701807
Massage Envy - Old Town,"5500 Greenville Ave., Ste. #201",,Dallas,TX,75206,"5500 Greenville Ave., Ste. #201, Dallas, TX 75206",MECLASS,NONE,D,Massage Envy Franchising,11041861,,,32.85201,-96.76914
Massage Envy - Preston & Forest - 50-034,"11930 Preston Rd., #150",,Dallas,TX,75230,"11930 Preston Rd., #150, Dallas, TX 75230",MECLASS,NONE,D,Massage Envy Franchising,11041861,,,32.911382,-96.802593
Massage Envy - Preston Forest,11930 Preston Rd,Suite 150,Dallas,TX,75230,"11930 Preston Rd, Dallas, TX 75230",MECLASS,NONE,None,Massage Envy Franchising,11041861,,,32.911431,-96.802907
Massage Envy - Uptown At West Village -,3699 Mckinney Ave,Ste 104,Dallas,TX,75204,"3699 Mckinney Ave, Dallas, Tx 75204",MECLASS,NONE,D,Massage Envy Franchising,11041861,,,32.808291,-96.797344
Prive Aesthetics,6417 Hillcrest Ave,,Dallas,TX,75205,"6417 Hillcrest Ave, Dallas, TX 75205",DOCTOR,NONE,U,,,(817) 739-6640,,32.844479,-96.78753
Re-Gen & Aesthetics Concierge of Texas LLC,5944 Luther Ln,Ste 915,Dallas,TX,75225,"5944 Luther Ln, Dallas, TX 75225",MEDICALSPA,GOLD,B,,,,,32.863248,-96.810323
SkinSpirit - Preston/Royal,5959 Royal Ln,Ste 530,Dallas,TX,75230,"5959 Royal Ln, Dallas, TX 75230",DOCTOR,NONE,E,SkinSpirit National Account,11038393,,,32.895211,-96.804581
"SkinSpirit - West Village (Dallas, TX)",3636 McKinney Ave,#170,Dallas,TX,75204,"3636 McKinney Ave, Dallas, TX 75204",MEDICALSPA,NONE,D,SkinSpirit National Account,11038393,,,32.807319,-96.796633
Regenerate Stem Cell Center,800 W Hwy 290,Bldg. F,Dripping Springs,TX,78620,"800 W Hwy 290, Dripping Springs, TX 78620",MEDICALSPA,NONE,D,,,,,30.19372,-98.099158
Massage Envy - El Paso East,1886 Joe Battle Blvd.,,El Paso,TX,79936,"1886 Joe Battle Blvd., El Paso, TX 79936",MECLASS,NONE,D,Massage Envy Franchising,11041861,,,31.759753,-106.265044
Massage Envy - El Paso West,7500 N. Mesa Street,Suite 207,El Paso,TX,79912,"7500 N. Mesa Street, El Paso, TX 79912",MECLASS,NONE,D,Massage Envy Franchising,11041861,,,31.838213,-106.563247
Massage Envy - El Paso at theFountains,8889 Gateway Blvd W.,Suite 500,El Paso,TX,79925,"8889 Gateway Blvd W., El Paso, TX 79925",MECLASS,NONE,C,Massage Envy Franchising,11041861,,,31.770527,-106.371791
Restore Hyper Wellness - El Paso (TX079),6801 N Mesa St.,Ste. B-6-7,El Paso,TX,79912,"6801 N Mesa St., El Paso, TX 79912",DOCTOR,NONE,D,Restore Hyper Wellness - Parent Account,11061787,(915) 478-8162,,31.83399,-106.545833
Massage Envy - Glade Parks,2901 Rio Grande Blvd. STE 100,,Euless,TX,76039,"2901 Rio Grande Blvd. STE 100, Euless, TX 76039",MECLASS,NONE,D,Massage Envy Franchising,11041861,,,32.877969,-97.100486
Aesthetics 2AT,5801 Long Prairie Rd,Ste 600 Ste 16,Flower Mound,TX,75028,"5801 Long Prairie Rd, Flower Mound, TX 75028",MEDICALSPA,NONE,U,,,(469) 777-9871,,33.06489,-97.080156
Massage Envy - Spa-Flower Mound,2500 Cross Timbers Rd.,Ste 130,Flower Mound,TX,75028,"2500 Cross Timbers Rd., Flower Mound, TX 75028",MECLASS,NONE,D,Massage Envy Franchising,11041861,,,33.036,-97.067281
Massage Envy - Alliance Town Center,3100 Texas Sage Trail,,Fort Worth,TX,76177,"3100 Texas Sage Trail, Fort Worth, TX 76177",MECLASS,NONE,B,Massage Envy Franchising,11041861,,,32.911867,-97.311549
Massage Envy - Ft. Worth Hulen,3000 S Hulen St,Ste 153,Fort Worth,TX,76109,"3000 S Hulen St, Fort Worth, TX 76109",MECLASS,NONE,D,Massage Envy Franchising,11041861,,,32.705836,-97.390322
Massage Envy - Montgomery Plaza,2600 W. 7th Street,,Fort Worth,TX,76107,"2600 W. 7th Street, Fort Worth , TX 76107",MECLASS,NONE,B,Massage Envy Franchising,11041861,,,32.752123,-97.352804
Sage Advanced Aesthetics,6351 Oakmont Boulevard,Suite 115,Fort Worth,TX,76132,"6351 Oakmont Boulevard, Fort Worth, TX 76132",MEDICALSPA,NONE,D,,,,https://www.vagaro.com/us04/sageadvancedaesthetics,32.662532,-97.406641
"Lonestar Wellness and Aesthetics, PLLC",1328 S State Hwy 16,Suite 100,Fredericksburg,TX,78624,"1328 S State Hwy 16, Fredericksburg, TX 78624",MEDICALSPA,NONE,N,,,(325) 340-2572,,30.252227,-98.894211
Isla Skin and Wellness,4770 Eldorado Pkwy,"Ste 500, Rm 262",Frisco,TX,75034,"4770 Eldorado Pkwy, Frisco, TX 75034",MEDICALSPA,NONE,N,,,,,33.176527,-96.845988
Massage Envy - Frisco North,"5105 Eldorado Parkway, Ste 100",,Frisco,TX,75033,"5105 Eldorado Parkway, Ste 100, Frisco, TX 75033",MECLASS,NONE,E,Massage Envy Franchising,11041861,,,33.174515,-96.842099
Massage Envy - Stonebriar,3685 Preston Rd.,Ste 159,Frisco,TX,75034,"3685 Preston Rd., Frisco, Tx 75034",MECLASS,NONE,E,Massage Envy Franchising,11041861,,,33.110207,-96.807595
Restore Hyper Wellness - Frisco (TX011),3411 Preston Rd.,Ste 1,Frisco,TX,75034,"3411 Preston Rd., Frisco, TX 75034",DOCTOR,NONE,U,Restore Hyper Wellness - Parent Account,11061787,(972) 987-5040,,33.107416,-96.807427
Massage Envy - Parkwood,"5636 N. Tarrant Pkwy., #116",,Ft. Worth,TX,76137,"5636 N. Tarrant Pkwy., #116, Ft. Worth, TX 76137",MECLASS,NONE,D,Massage Envy Franchising,11041861,,,32.894104,-97.264256
Helix Biowellness,2424 Mechaninc St,,Galveston,TX,77550,"2424 Mechaninc St, Galveston, TX 77550",MEDICALSPA,NONE,E,,,(409) 261-7750,,29.305776,-94.796201
Massage Envy - Firewheel Market,4430 Lavon Drive,Suite 310,Garland,TX,75040,"4430 Lavon Drive, Garland, TX 75040",MECLASS,NONE,E,Massage Envy Franchising,11041861,,,32.957285,-96.615636
Professional Aesthetics/Online SkinCare,461 Oak St,Ste B,Graham,TX,76450,"461 Oak St, Graham, TX 76450",WHOLESALE,NONE,U,,,,,33.107129,-98.591079
Massage Envy - South 360,"5232 South State Highway 360, Suite 610",,Grand Prairie,TX,75052,"5232 South State Highway 360, Suite 610, Grand Prairie, TX 75052",MECLASS,NONE,E,Massage Envy Franchising,11041861,,,32.663465,-97.064028
Massage Envy - Harker Heights,300 East Central Texas Expressway,Suite 200,Harker Heights,TX,76548,"300 East Central Texas Expressway, Harker Heights, TX 76548",MECLASS,NONE,E,Massage Envy Franchising,11041861,,,31.071136,-97.661212
Esthetic Therapy,110 Meyerland Plaza Mall,Ste 13,Houston,TX,77096,"110 Meyerland Plaza Mall, Houston, TX 77096",WHOLESALE,NONE,E,,,(504) 385-7400,,29.686686,-95.462016
Evolve Salon Houston,4059 Westheimer Rd,,Houston,TX,77027,"4059 Westheimer Rd, Houston, Tx 77027",WHOLESALE,NONE,N,,,(813) 390-2182,,29.741463,-95.44722
Glowgetter Medspa & Wellness,9660 Katy Fwy,Ste 210,Houston,TX,77055,"9660 Katy Fwy, Houston, TX 77055",MEDICALSPA,NONE,N,,,(432) 889-4425,https://www.instagram.com/glowgetter_medspa/,29.786787,-95.530821
Lemon Peel Facial,3730 Kirby Dr,Ste 930,Houston,TX,77098,"3730 KIRBY DR, Houston, TX 77098",MEDICALSPA,NONE,U,,,,,29.733118,-95.419327
MASSAGE ENVY - Tanglewood - 05-0049,5885 San Felipe St,,Houston,TX,77057,"5885 San Felipe St, Houston, TX 77057",MECLASS,NONE,D,Massage Envy Franchising,11041861,,,29.749067,-95.484253
Massage Envy - 43rd And Ella - 05-0618,1210 W 43rd Ste 200,,Houston,TX,77018,"1210 W 43rd Ste 200, Houston, Tx 77018",MECLASS,NONE,E,Massage Envy Franchising,11041861,,,29.82888,-95.43041
Massage Envy - Bunker Hills,9758 Katy Fwy,Ste 700,Houston,TX,77055,"9758 Katy Fwy, Houston, TX 77055",MECLASS,NONE,E,Massage Envy Franchising,11041861,,,29.785664,-95.533473
Massage Envy - Champions,6915 FM 1960 Rd W,Ste 11,Houston,TX,77069,"6915 FM 1960 Rd W, Houston, TX 77069",MECLASS,NONE,U,Massage Envy Franchising,11041861,,,29.969645,-95.530254
Massage Envy - Copperfield - 05-0106,7039 Highway 6 North,,Houston,TX,77095,"7039 Highway 6 North, Houston, TX 77095",MECLASS,NONE,D,Massage Envy Franchising,11041861,,,29.879759,-95.646969
Massage Envy - Katy - 05-0040,19720 Katy Freeway,,Houston,TX,77094,"19720 Katy Freeway, Houston, Tx 77094",MECLASS,NONE,C,Massage Envy Franchising,11041861,,,29.786063,-95.713682
Massage Envy - Meyerland - 05-0260,190 Meyerland Plaza,,Houston,TX,77096,"190 Meyerland Plaza, Houston, Tx 77096",MECLASS,NONE,U,Massage Envy Franchising,11041861,,,29.68568,-95.463996
Massage Envy - River Oaks - 05-0036,1005 Waugh Drive,Suite G,Houston,TX,77019,"1005 Waugh Drive, Houston, TX 77019",MECLASS,NONE,E,Massage Envy Franchising,11041861,,,29.756452,-95.397701
Peak Health and Aesthetics,11700 Louetta Rd,Ste A,Houston,TX,77070,"11700 Louetta Rd, Houston, TX 77070",MEDICALSPA,NONE,N,,,(713) 936-9750,https://peakhealthtexas.com/,29.997104,-95.596032
Restore Hyper Wellness - West University (TX012),2715 Bissonnet St,Ste 140,Houston,TX,77005,"2715 Bissonnet St, Houston, TX 77005",DOCTOR,NONE,D,Restore Hyper Wellness - Parent Account,11061787,(281) 661-1957,,29.725152,-95.421386
Skin 101 Medical Spa,11300 Katy Fwy,Ste B-625,Houston,TX,77043,"11300 Katy Fwy, Houston, TX 77043",MEDICALSPA,NONE,U,,,,,29.785473,-95.582631
Skin Essentials Luxury Med Spa,11464 Space Center Blvd,,Houston,TX,77059,"11464 Space Center Blvd, Houston, TX 77059",MEDICALSPA,NONE,U,,,,,29.625902,-95.141552
SkinSpirit Essential - Houston,2401 Times Blvd,Ste 110,Houston,TX,77005,"2401 Times Blvd, Houston, TX 77005",DOCTOR,NONE,E,SkinSpirit National Account,11038393,,,29.716408,-95.415698
So-Hum Skin LLC,4001 Leeland St.,,Houston,TX,77023,"4001 Leeland St., Houston, TX 77023",MEDICALSPA,NONE,U,,,,,29.738305,-95.341809
VVMedesthetics Med Spa,12239 Queenston Blvd,Ste B,Houston,TX,77095,"12239 Queenston Blvd, Houston, TX 77095",MEDICALSPA,NONE,N,,,(281) 213-4519,https://www.vvmedestheticsusa.com/,29.946149,-95.674158
Velvet Couture Medspa,535 W 20th St,Suite 6,Houston,TX,77008,"535 W 20th St, Houston, TX 77008",MEDICALSPA,NONE,N,,,(346) 375-8965,https://www.velvetcoutourmedspa.com,29.804219,-95.407331
"Vera Pelle Esthetics, Inc.",2200 Edwards Street,Suite 305,Houston,TX,77007,"2200 Edwards Street, Houston, TX 77007",WHOLESALE,NONE,E,,,,,29.771132,-95.380733
Massage Envy - Hudson Oaks,100 S. Oakridge Drive,Suite 140,Hudson Oaks,TX,76087,"100 S. Oakridge Drive, Hudson Oaks, TX 76087",MECLASS,NONE,D,Massage Envy Franchising,11041861,,,32.755465,-97.712055
Massage Envy - Atascocita - 05-0274,19250 W Lake Houston Pkwy,Ste A,Humble,TX,77346,"19250 W Lake Houston Pkwy, Humble, TX 77346",MECLASS,NONE,B,Massage Envy Franchising,11041861,,,30.001384,-95.162159
MB Spa & Aesthetics,Monee Burke,1109 University Ave,Huntsville,TX,77340,"Monee Burke, Huntsville, Tx 77340",MEDICALSPA,GOLD,B,,,(936) 439-6353,https://www.rejuvmb.com/,30.723396,-95.550278
Rxaesthetics Llc,602 West Bank,,Iowa Park,TX,76367,"602 West Bank, Iowa Park, TX 76367",MEDICALSPA,NONE,N,,,(940) 781-4118,,33.95352,-98.677314
Massage Envy - Las Colinas,"975 W John Carpenter Fwy, STE 112",,Irving,TX,75039,"975 W John Carpenter Fwy, STE 112, Irving, TX 75039",MECLASS,NONE,D,Massage Envy Franchising,11041861,,,32.891204,-96.959017
Restore Hyper Wellness - Las Colinas (TX053),7601 MacArthur Blvd,Unit 190,Irving,TX,75063,"7601 MacArthur Blvd, Irving, TX 75063",DOCTOR,NONE,U,Restore Hyper Wellness - Parent Account,11061787,(469) 373-7455,,32.9098,-96.959492
Allay Med Spa,24510 Kingsland Blvd,,Katy,TX,77494,"24510 Kingsland Blvd, Katy, TX 77494",DOCTOR,NONE,N,,,(281) 394-2390,https://www.instagram.com/allay_medspa/,29.774079,-95.796377
Massage Envy - Cinco Ranch - 05-0117,23730 Westheimer Pkwy,Ste L,Katy,TX,77494,"23730 Westheimer Pkwy, Katy, Tx 77494",MECLASS,NONE,E,Massage Envy Franchising,11041861,,,29.736432,-95.777064
Massage Envy - Fm1093 / Spring Green - 0,9550 Spring Green Blvd,Ste 420,Katy,TX,77494,"9550 Spring Green Blvd, Katy, Tx 77494",MECLASS,NONE,D,Massage Envy Franchising,11041861,,,29.700565,-95.813012
Massage Envy - West Katy / Firethorne -,1708 Spring Green Blvd Ste 140,,Katy,TX,77494,"1708 Spring Green Blvd Ste 140, Katy, Tx 77494",MECLASS,NONE,U,Massage Envy Franchising,11041861,,,29.763009,-95.843791
Restore Hyper Wellness - Katy (TX014),23116 Cinco Ranch Blvd.,,Katy,TX,77494,"23116 Cinco Ranch Blvd., Katy, TX 77494",DOCTOR,NONE,U,Restore Hyper Wellness - Parent Account,11061787,(832) 390-0755,,29.744576,-95.769609
SkinSpirit Essential - Katy,23501 Cinco Ranch Blvd,Ste J110,Katy,TX,77494,"23501 Cinco Ranch Blvd, Katy, TX 77494",DOCTOR,NONE,U,SkinSpirit National Account,11038393,,,29.742424,-95.775537
Massage Envy - Kemah,243 Fm 2094,Suite Q,Kemah,TX,77565,"243 FM 2094, Kemah, TX 77565",MECLASS,NONE,C,Massage Envy Franchising,11041861,,,29.539142,-95.021697
O Young MD Laser and Medical Aesthetics,181 Chapman Dr,,Kerrville,TX,78028,"181 Chapman Dr, Kerrville, TX 78028",DOCTOR,NONE,B,,,,,30.031967,-99.139633
"Selah Skinhaus, PC",1001 Water Street,Suite D-100,Kerrville,TX,78028,"1001 Water Street, Kerrville, TX 78028",DOCTOR,NONE,N,,,(830) 315-2273,,30.041662,-99.137846
K.Rose Esthetics,1200 E Stan Schlueter Loop,Suite 102,Killeen,TX,76542,"1200 E Stan Schlueter Loop, Killeen, TX 76542",WHOLESALE,NONE,U,,,(253) 353-0732,https://kroseesthetics23.glossgenius.com/,31.072284,-97.738537
Massage Envy - Kingwood - 05-0132,724-b Kingwood Drive,,Kingwood,TX,77339,"724-b Kingwood Drive, Kingwood, Tx 77339",MECLASS,NONE,C,Massage Envy Franchising,11041861,,,30.049555,-95.245259
Massage Envy - Kyle Marketplace - 52-132,5401 S Fm 1626,,Kyle,TX,78640,"5401 S FM 1626, Kyle, TX 78640",MECLASS,NONE,E,Massage Envy Franchising,11041861,,,30.015866,-97.862011
Plump Beauty Lab,10412 Spencer Highway,,La Porte,TX,77571,"10412 Spencer Highway, La Porte, TX 77571",MEDICALSPA,NONE,E,,,(346) 710-4022,https://www.plumpbeautylab.com,29.66421,-95.069761
Massage Envy - Bay Colony - 05-0460,2925 Gulf Fwy S,Ste E,League City,TX,77573,"2925 Gulf Fwy S, League City, Tx 77573",MECLASS,NONE,E,Massage Envy Franchising,11041861,,,29.46729,-95.092937
Signature Aesthetics,201 St Joseph Ct,Ste 410,Liberty Hill,TX,78642,"201 St Joseph Ct, Liberty Hill, TX 78642",MEDICALSPA,NONE,D,,,,,30.664912,-97.922516
Get to the Point Wellness,803 E Fairmont Street,,Longview,TX,75601,"803 E Fairmont Street, Longview, TX 75601",MEDICALSPA,NONE,N,,,(903) 653-0214,,32.514111,-94.750828
Massage Envy - Longview,3088 N. Eastman Rd.,,Longview,TX,75605,"3088 N. Eastman Rd., Longview, TX 75605",MECLASS,NONE,E,Massage Envy Franchising,11041861,,,32.549523,-94.727066
At Last Aesthetics,2204 Ithaca Ave.,Suite A,Lubbock,TX,79410,"2204 Ithaca Ave., Lubbock, TX 79410",MEDICALSPA,SILVER,N,,,(806) 329-8660,https://atlastaesthetics.com/,33.573479,-101.889234
Bella Mina Aeshtetics,3516 22nd Pl,,Lubbock,TX,79410,"3516 22nd Pl, Lubbock, TX 79410",DOCTOR,NONE,N,,,(806) 470-9931,,33.574411,-101.891893
Massage Envy - Lubbock - 42-0495,"4414 82nd St, STE 109",,Lubbock,TX,79424,"4414 82nd St, STE 109, Lubbock, TX 79424",MECLASS,NONE,U,Massage Envy Franchising,11041861,,,33.520706,-101.906016
Restore Hyper Wellness - Lubbock (TX009),7604 Milwaukee Ave.,Ste 300,Lubbock,TX,79424,"7604 Milwaukee Ave., Lubbock, TX 79424",DOCTOR,NONE,D,Restore Hyper Wellness - Parent Account,11061787,(806) 368-8660,,33.525463,-101.958078
Massage Envy - Magnolia/westwood Village,"6531 Fm 1488, Ste 309",,Magnolia,TX,77354,"6531 FM 1488, STE 309, Magnolia, TX 77354",MECLASS,NONE,D,Massage Envy Franchising,11041861,,,30.221414,-95.564804
Massage Envy - Mansfield,1497 US Hwy 287,,Mansfield,TX,76063,"1497 US Hwy 287, Mansfield, TX 76063",MECLASS,NONE,E,Massage Envy Franchising,11041861,,,32.548522,-97.108493
Infinity Family Clinic,7507 Masters Road,Suite B,Manvel,TX,77578,"7507 Masters Road, Manvel, TX 77578",MEDICALSPA,NONE,N,,,(281) 845-3301,https://www.infinityfamilyclinic.com,29.465674,-95.356666
Massage Envy - Las Fuentes,5800 N. 10th Street,Suite 160,McAllen,TX,78504,"5800 N. 10th Street, McAllen, TX 78504",MECLASS,NONE,U,Massage Envy Franchising,11041861,,,26.256669,-98.219675
Element Medical Aesthetics,7951 Collin McKinney Pkwy,"Suite 1500, STE 114",McKinney,TX,75050,"7951 Collin McKinney Pkwy, McKinney, TX 75050",MEDICALSPA,NONE,N,,,(972) 275-6167,,33.14009,-96.718483
Massage Envy - Craig Ranch,8950 State Highway 121 Suite 340,,McKinney,TX,75070,"8950 State Highway 121 Suite 340, McKinney, TX 75070",MECLASS,NONE,U,Massage Envy Franchising,11041861,,,33.126802,-96.732
Massage Envy - Eldorado Parkway,2890 Craig Dr. Suite #120,,McKinney,TX,75070,"2890 Craig Dr. Suite #120, McKinney, TX 75070",MECLASS,NONE,E,Massage Envy Franchising,11041861,,,33.17461,-96.643442
Massage Envy - Mesquite Crossing,"1765 N. Town East Blvd., Ste. 155",,Mesquite,TX,75150,"1765 N. Town East Blvd., Ste. 155, Mesquite, TX 75150",MECLASS,NONE,D,Massage Envy Franchising,11041861,,,32.811198,-96.626399
Massage Envy - Midland - 42-0626,3208 N Loop 250 W Ste 900,,Midland,TX,79707,"3208 N Loop 250 W Ste 900, Midland, Tx 79707",MECLASS,NONE,D,Massage Envy Franchising,11041861,,,32.011178,-102.156929
L&M Aesthetics,9320 Hwy 6,Ste 500 Unit 116,Missouri City,TX,77459,"9320 Hwy 6, Missouri City, TX 77459",MEDICALSPA,NONE,N,,,(832) 499-0980,https://lmaestheticshtx.glossgenius.com/,29.58243,-95.571984
Massage Envy - Murphy,223 E Farm Road 544 Suite 801,,Murphy,TX,75094,"223 E Farm Road 544 Suite 801, Murphy, TX 75094",MECLASS,NONE,D,Massage Envy Franchising,11041861,,,33.013213,-96.605963
Restore Murphy LLC (TX046),223 E Fm 544,Ste. 806,Murphy,TX,75094,"223 E FM 544, Murphy, TX 75094",DOCTOR,NONE,E,Restore Hyper Wellness - Parent Account,11061787,(972) 424-3229,,33.013103,-96.606664
Massage Envy - New Braunfels,1667 State Hwy 46 W,Ste 415,New Braunfels,TX,78132,"1667 State Hwy 46 W, New Braunfels, TX 78132",MECLASS,NONE,C,Massage Envy Franchising,11041861,,,29.715018,-98.160359
Our Secret Med Spa,950 Macedonia Dr,,New Waverly,TX,77358,"950 Macedonia Dr, New Waverly, TX 77358",MEDICALSPA,NONE,N,,,(936) 337-2456,https://oursecretmedspa.com/,30.544616,-95.480628
Revitalize Aesthetics,3417 Brentwood Dr,,Odessa,TX,79762,"3417 Brentwood Dr, Odessa, TX 79762",MEDICALSPA,NONE,U,,,,,31.878348,-102.349471
Regenesis Med Spa,1110 E Austin St.,,Paris,TX,75460,"1110 E Austin St., Paris, TX 75460",MEDICALSPA,NONE,U,,,(903) 737-1913,https://regenesismedspaptx.com/,33.658281,-95.544482
Massage Envy - Pasadena TX,5774 Fairmont Pkwy,,Pasadena,TX,77505,"5774 Fairmont Pkwy, Pasadena, Tx 77505",MECLASS,NONE,D,Massage Envy Franchising,11041861,,,29.647893,-95.152716
Fresh Look by Eva,11960 Broadway St,Unit #420,Pearland,TX,77584,"11960 Broadway St, Pearland, TX 77584",MEDICALSPA,NONE,N,,,(832) 219-6672,https://www.freshlookbyeva.com/,29.554208,-95.404639
Massage Envy - East Pearland - 05-1259,2682 Pearland Pkwy,Ste 100,Pearland,TX,77581,"2682 Pearland Pkwy, Pearland, Tx 77581",MECLASS,NONE,E,Massage Envy Franchising,11041861,,,29.558085,-95.262195
Massage Envy - Pearland - 05-0069,"2754 Smith Ranch Road, Suite 106",,Pearland,TX,77584,"2754 Smith Ranch Road, Suite 106, Pearland, TX 77584",MECLASS,NONE,D,Massage Envy Franchising,11041861,,,29.55767,-95.384753
Sanova Dermatology Management,1601 E Pflugerville Pkwy,Ste 1201,Pflugerville,TX,78660,"1601 E Pflugerville Pkwy, Pflugerville, TX 78660",DOCTOR,NONE,N,Docs Dermatology,0012009790,(888) 414-3627,,30.455841,-97.606004
Corrective Skincare By Rachael,114 W Main,,Pilot Point,TX,76258,"114 W Main, Pilot Point, TX 76258",MEDICALSPA,GOLD,C,,,,,33.396836,-96.961282
Betty Faye Beauty Bar,715 Broadway St.,,Plainview,TX,79072,"715 Broadway St., Plainview, TX 79072",WHOLESALE,SILVER,C,,,,,34.187573,-101.703427
Massage Envy - Preston Park Village,"1900 Preston Road, Ste. 201",,Plano,TX,75093,"1900 Preston Road, Ste. 201, Plano, TX 75093",MECLASS,NONE,D,Massage Envy Franchising,11041861,,,33.025325,-96.793428
Massage Envy Spring Creek & Hwy 75,6101 K Ave,ste 160,Plano,TX,75074,"6101 K Ave , Plano, TX 75074",MECLASS,NONE,U,Massage Envy Franchising,11041861,,,33.058511,-96.691632
Renue Boutique MedSpa,5048 Tennyson Pkwy,Ste 142,Plano,TX,75024,"5048 Tennyson Pkwy, Plano, TX 75024",DOCTOR,NONE,N,,,(314) 413-8836,,33.063553,-96.799684
SkinSpirit LLC - Plano,2401 Preston Rd,Ste F,Plano,TX,75093,"2401 Preston Rd, Plano, TX 75093",DOCTOR,NONE,E,SkinSpirit National Account,11038393,,,33.031012,-96.7955
Total Med Solutions - EConn International LLC,6101 Windcom Ct,Ste 300,Plano,TX,75093,"6101 Windcom Ct, Plano, TX 75093",MEDICALSPA,GOLD,N,Total Med Solutions - EConn International LLC,0012011013,(214) 987-9203,totalmedsolutions.com,33.05386,-96.832498
Massage Envy - Prosper,750 Richland Blvd,,Prosper,TX,75078,"750 Richland Blvd, Prosper, TX 75078",MECLASS,NONE,D,Massage Envy Franchising,11041861,,,33.221151,-96.794386
Massage Envy - City Line,1415 E. Renner Rd Suite 210,,Richardson,TX,75082,"1415 E. Renner Rd Suite 210, Richardson, TX 75082",MECLASS,NONE,D,Massage Envy Franchising,11041861,,,32.998828,-96.698383
Light & Tight Medispa,9825 S. Mason Rd,#245,Richmond,TX,77406,"9825 S. Mason Rd, Richmond, TX 77406",MEDICALSPA,NONE,N,,,(281) 762-1891,https://lightandtightmedispa.com/,29.659399,-95.734741
Massage Envy - Aliana - 05-1354,"10237 W Grand Parkway S., Suite 107",,Richmond,TX,77407,"10237 W Grand Parkway S., Suite 107, Richmond, TX 77407",MECLASS,NONE,E,Massage Envy Franchising,11041861,,,29.660529,-95.736949
Dava Sweezey Studio,983 E Interstate 30,Ste 9,Rockwall,TX,75032,"983 E Interstate 30, Rockwall, TX 75032",WHOLESALE,NONE,U,,,,,32.903064,-96.453023
Derm Revival,2313 Ridge Rd,Ste 102,Rockwall,TX,75087,"2313 Ridge Rd, Rockwall, TX 75087",MEDICALSPA,NONE,U,,,(469) 228-1041,https://www.dermrevival.com/,32.901516,-96.466186
Massage Envy - Rockwall - 50-0164,2951 Ridge Rd,Ste 101,Rockwall,TX,75032,"2951 Ridge Rd, Rockwall, Tx 75032",MECLASS,NONE,D,Massage Envy Franchising,11041861,,,32.888632,-96.472532
Massage Envy - Spa - Rockwall,2951 Ridge Road,Suite 101,Rockwall,TX,75032,"2951 Ridge Road, Rockwall, TX 75032",MECLASS,NONE,None,Massage Envy Franchising,11041861,,,32.888632,-96.472532
Melange Beauty,955 Ralph Hall Pkwy,Ste 107,Rockwall,TX,75032,"955 Ralph Hall Pkwy, Rockwall, TX 75032",MEDICALSPA,NONE,D,,,,,32.887024,-96.472716
The Retreat Restorative & Aesthetics,3100 Ridge Rd,,Rockwall,TX,75032,"3100 Ridge Rd, Rockwall, TX 75032",DOCTOR,NONE,E,,,,,32.885683,-96.474361
Velvet Touch Permanent Cosm & Skin Care,"983 E I30, Bldg 117",Ste 213,Rockwall,TX,75087,"983 E I30, Bldg 117, Rockwall, TX 75087",MEDICALSPA,NONE,U,,,,,32.90304,-96.453012
Massage Envy - North Round Rock - 25-030,"201 University Oaks Blvd, STE 1240",,Round Rock,TX,78665,"201 University Oaks Blvd, STE 1240, Round Rock, TX 78665",MECLASS,NONE,D,Massage Envy Franchising,11041861,,,30.555532,-97.687352
Vibrant Med Spa,1101 Satellite View,#502,Round Rock,TX,78665,"1101 Satellite View, Round Rock, TX 78665",MEDICALSPA,NONE,U,,,,,30.565393,-97.662967
Massage Envy - Rowlett Crossing,"4301 Lakeview Pkwy, Ste 600",,Rowlett,TX,75088,"4301 Lakeview Pkwy, Ste 600, Rowlett, TX 75088",MECLASS,NONE,B,Massage Envy Franchising,11041861,,,32.90819,-96.5617
Advanced Cosmetics,2727 Nacogdoches Rd.,Ste #1,San Antonio,TX,78217,"2727 Nacogdoches Rd., San Antonio, TX 78217",MEDICALSPA,NONE,U,,,,,29.521354,-98.447321
Lily Pad Aesthetics,10924 Vance Jackson Rd,Ste 102,San Antonio,TX,78230,"10924 Vance Jackson Rd, San Antonio, TX 78230",MEDICALSPA,NONE,N,,,(210) 540-4987,https://lilypadaestheticssa.com/,29.541649,-98.55339
Massage Envy - Alamo Ranch - 52-0710,5511 W Loop 1604 N,Ste 106,San Antonio,TX,78253,"5511 W Loop 1604 N, San Antonio, Tx 78253",MECLASS,NONE,E,Massage Envy Franchising,11041861,,,29.490416,-98.709149
Massage Envy - Bandera Oaks - 52-0202,11398 Bandera Road Suite 301,,San Antonio,TX,78250,"11398 Bandera Road Suite 301, San Antonio, Tx 78250",MECLASS,NONE,D,Massage Envy Franchising,11041861,,,29.550525,-98.661965
Massage Envy - Blanco Pointe - 52-0142,19178 Blanco Road Suite 101,,San Antonio,TX,78258,"19178 Blanco Road Suite 101, San Antonio, Tx 78258",MECLASS,NONE,D,Massage Envy Franchising,11041861,,,29.620668,-98.511412
Massage Envy - Westover Marketplace - 52,"8211 Highway 151, STE 105",,San Antonio,TX,78245,"8211 Highway 151, STE 105, San Antonio, TX 78245",MECLASS,NONE,D,Massage Envy Franchising,11041861,,,29.438289,-98.647576
Lumari Aesthetix and Wellness Co.,1198 John E Peterson Blvd,,Schertz,TX,78154,"1198 John E Peterson Blvd, Schertz, TX 78154",MEDICALSPA,NONE,N,,,(956) 577-7865,https://lumariaesthetixwellness.com,29.557784,-98.255205
Massage Envy - Schertz - 52-0530,17460 Ih 35,Ste 460,Schertz,TX,78154,"17460 Ih 35, Schertz, Tx 78154",MECLASS,NONE,D,Massage Envy Franchising,11041861,,,29.5976,-98.277776
Massage Envy - Southlake East,100 N Kimball Ave,#108,Southlake,TX,76092,"100 N Kimball Ave, Southlake, Tx 76092",MECLASS,NONE,D,Massage Envy Franchising,11041861,,,32.941509,-97.116672
Massage Envy - Gleannloch Farms - 05-013,"8707 Spring Cypress, Suite D",,Spring,TX,77379,"8707 Spring Cypress, Suite D, Spring, TX 77379",MECLASS,NONE,C,Massage Envy Franchising,11041861,,,30.03412,-95.55291
Massage Envy - Imperial Oaks - 05-0681,"2211 Rayford Road, suite 115",,Spring,TX,77386,"2211 Rayford Road, suite 115, Spring, TX 77386",MECLASS,NONE,B,Massage Envy Franchising,11041861,,,30.124317,-95.408406
Massage Envy - Market Street - 05-0124,9595 Six Pines Drive Suite 1430,,Spring,TX,77380,"9595 Six Pines Drive Suite 1430, Spring, Tx 77380",MECLASS,NONE,D,Massage Envy Franchising,11041861,,,30.164563,-95.466539
Massage Envy - The Woodlands,"10807 Kuykendahl Rd., Suite 400",,Springs,TX,77382,"10807 Kuykendahl Rd., Suite 400, Springs, TX 77382",MECLASS,NONE,D,Massage Envy Franchising,11041861,,,30.178307,-95.538474
"Faizun Anwar, Md",Dr Anwars Skin Body Wellness Spa,1250 Creekway Dr #400,Sugar Land,TX,77478,"DR ANWARS SKIN BODY WELLNESS SPA, Sugar Land, TX 77478",DOCTOR,NONE,U,,,,,29.607101,-95.619522
Restore Hyper Wellness - Sugar Land (TX004),15890 SW Fwy,Ste 200,Sugar Land,TX,77478,"15890 SW Fwy, Sugar Land, TX 77478",DOCTOR,NONE,U,Restore Hyper Wellness - Parent Account,11061787,(281) 201-8845,,29.600634,-95.622652
Massage Envy - Greatwood - 05-0354,19760 Southwest Freeway,,Sugarland,TX,77479,"19760 Southwest Freeway, Sugarland, Tx 77479",MECLASS,NONE,D,Massage Envy Franchising,11041861,,,29.565232,-95.682439
Massage Envy - Temple-Belton,3166 S. 31st St,,Temple,TX,76502,"3166 S. 31st St, Temple, TX 76502",MECLASS,NONE,E,Massage Envy Franchising,11041861,,,31.072601,-97.37164
Aesthetic House,8850 Six Pines Dr.,Ste 120,The Woodlands,TX,77380,"8850 Six Pines Dr., The Woodlands, TX 77380",DOCTOR,NONE,U,,,(713) 960-2688,https://drpersyn.com/,30.176144,-95.459571
"Ronald Buczek, M.d.",101 Vision Park Blvd,,The Woodlands,TX,77384,"101 Vision Park Blvd, The Woodlands, TX 77384",DOCTOR,NONE,U,,,,,30.061938,-95.364349
Massage Envy - Augusta Pines - 05-1077,24230 Kuykendahl Rd. Ste. 220,,Tomball,TX,77375,"24230 Kuykendahl Rd. Ste. 220, Tomball, Tx 77375",MECLASS,NONE,D,Massage Envy Franchising,11041861,,,30.113544,-95.552458
Massage Envy - Tomball - 05-1196,14257 Fm 2920 Rd. Ste. 125,,Tomball,TX,77377,"14257 Fm 2920 Rd. Ste. 125, Tomball, Tx 77377",MECLASS,NONE,E,Massage Envy Franchising,11041861,,,30.087673,-95.639428
903 Essentials Wellness Spa,117 E 7th St,,Tyler,TX,75701,"117 E 7th St, Tyler, TX 75701",MEDICALSPA,NONE,U,,,(903) 330-4346,,32.328666,-95.300006
Alicia Moser,2104 Grande Blvd,Ste 300,Tyler,TX,75703,"2104 Grande Blvd, Tyler, TX 75703",WHOLESALE,NONE,U,,,,,32.280549,-95.329408
Massage Envy - Tyler,8950 S. Broadway Avenue,Suite 104,Tyler,TX,75703,"8950 S. Broadway Avenue, Tyler, TX 75703",MECLASS,NONE,D,Massage Envy Franchising,11041861,,,32.250957,-95.302246
Rose Spa At Cascades,Attn: Cassandra Bramlett,4055 Hogan Dr,Tyler,TX,75709,"ATTN: CASSANDRA BRAMLETT, Tyler, TX 75709",WHOLESALE,SILVER,B,,,,,32.316684,-95.356713
Tyler Advanced Aesthetics Center,2104 Grande Blvd,Ste 300,Tyler,TX,75703,"2104 GRANDE BLVD, Tyler, TX 75703",WHOLESALE,NONE,D,,,,,32.280549,-95.329408
Massage Envy - Waco,"2812 W. Loop 340, STE H6",,Waco,TX,76711,"2812 W. Loop 340, STE H6, Waco, TX 76711",MECLASS,NONE,D,Massage Envy Franchising,11041861,,,31.496372,-97.151973
Massage Envy - Waxahachie,1620 N U.S. Highway 77,,Waxahachie,TX,75165,"1620 N U.S. Highway 77, Waxahachie, TX 75165",MECLASS,NONE,U,Massage Envy Franchising,11041861,,,32.429627,-96.837844
Refreshingly New,"1580 John Arden Drive, Suite 100",,Waxahachie,TX,75165,"1580 John Arden Drive, Suite 100, Waxahachie, TX 75165",MEDICALSPA,NONE,U,,,,,32.411634,-96.834221
Jennz Laser Center,1510 Fort Worth Hwy,Ste 102,Weatherford,TX,76086,"1510 Fort Worth Hwy, Weatherford, TX 76086",MEDICALSPA,NONE,N,,,,,32.756782,-97.765706
Massage Envy - Clear Lake - 05-0041,943 W. Bay Area Blvd,,Webster,TX,77598,"943 W. Bay Area Blvd, Webster, Tx 77598",MECLASS,NONE,E,Massage Envy Franchising,11041861,,,29.541534,-95.136814
Massage Envy - Wichita Falls - 42-1245,2905 Garnett Ave,,Wichita Falls,TX,76308,"2905 Garnett Ave, Wichita Falls, TX 76308",MECLASS,NONE,U,Massage Envy Franchising,11041861,,,33.884537,-98.525802
Meraki Advanced Aesthetics,10672 Fm 1097 W,,Willis,TX,77318,"10672 FM 1097 W, Willis, TX 77318",MEDICALSPA,NONE,C,,,(936) 537-0309,,30.420689,-95.514776
Astonishing Skin Care,135 N 4th St,,Wills Point,TX,75169,"135 N 4TH ST, Wills Point, TX 75169",WHOLESALE,NONE,D,,,,,32.708873,-96.008466
Bella Vida Laser & Aesthetics,36 N 1100 E Suite D,,American Fork,UT,84003,"36 N 1100 E Suite D, American Fork, UT 84003",MEDICALSPA,NONE,N,,,(801) 216-4160,,40.37702,-111.768503
Massage Envy - American Fork - 16-0136,356 North 750 West Suite D-5,,American Fork,UT,84003,"356 North 750 West Suite D-5, American Fork, UT 84003",MECLASS,NONE,U,Massage Envy Franchising,11041861,,,40.384534,-111.818448
"SKIN by DI, LLC",85 N 490 W,,American Fork,UT,84003,"85 N 490 W, American Fork, UT 84003",WHOLESALE,PLATINUM,A,,,,,40.378347,-111.811911
Massage Envy - Bountiful - 16-0149,"24 South 500 West, Ste B",,Bountiful,UT,84010,"24 South 500 West, Ste B, Bountiful, UT 84010",MECLASS,NONE,D,Massage Envy Franchising,11041861,,,40.889157,-111.892537
Jenesis Laser and Aesthetics,142 S 50 E,,Coalville,UT,84017,"142 S 50 E, Coalville, UT 84017",WHOLESALE,NONE,N,,,(435) 640-4832,,40.913942,-111.395944
Restore Hyper Wellness - Draper (UT002),121 E 12300 S,Ste P1,Draper,UT,84020,"121 E 12300 S, Draper, UT 84020",DOCTOR,NONE,U,Restore Hyper Wellness - Parent Account,11061787,(385) 255-2796,,40.527907,-111.887958
Massage Envy - Draper Peaks - 16-0060,"219 E 12300 South, STE 16",,Draper City,UT,84020,"219 E 12300 South, STE 16, Draper City, UT 84020",MECLASS,NONE,D,Massage Envy Franchising,11041861,,,40.527354,-111.884688
Facebymace,4095 E Pony Express Pkwy,Ste 12,Eagle Mountain,UT,84005,"4095 E Pony Express Pkwy, Eagle Mountain, UT 84005",WHOLESALE,NONE,C,,,,,40.362587,-111.965308
Honey Rae Aesthetics,4095 East Pony Express Parkway,"Suite 12, Room #5",Eagle Mountain,UT,84005,"4095 East Pony Express Parkway, Eagle Mountain, UT 84005",MEDICALSPA,NONE,U,,,,,40.363829,-111.96494
Wasatch Wellness,150 N Main St,Ste 105,Heber,UT,84032,"150 N MAIN ST, Heber, UT 84032",MEDICALSPA,NONE,N,,,(480) 729-9791,,40.509721,-111.413012
Sarah's Skin Studio,44 W 100 S,,Heber City,UT,84032,"44 W 100 S, Heber City, UT 84032",MEDICALSPA,NONE,U,,,(435) 300-0072,https://www.sarahskinstudio.com/,40.506565,-111.414329
Kims Loft,10555 N Avery Ave,,Highland,UT,84003,"10555 N Avery Ave, Highland, UT 84003",WHOLESALE,NONE,C,,,(801) 471-9401,,40.423553,-111.81375
Modern Medical Aesthetics,Hillary Taggart,2290 E 4500 S Ste 210,Holladay,UT,84117,"Hillary Taggart, Holladay, UT 84117",MEDICALSPA,NONE,D,,,,,40.673833,-111.824859
Simply Blush Skin Bar & Aesthetics,228 W 200 S,Suite 2E,Kamas,UT,84036,"228 W 200 S, Kamas, UT 84036",MEDICALSPA,NONE,D,,,,,40.640648,-111.285714
Massage Envy - Layton - 16-0190,519 Ring Road,,Layton,UT,84041,"519 Ring Road, Layton, Ut 84041",MECLASS,NONE,U,Massage Envy Franchising,11041861,,,41.07613,-111.975584
Vive,836 S Angel St,Suite 100,Layton,UT,84041,"836 S Angel St, Layton, UT 84041",MEDICALSPA,SILVER,N,,,(801) 699-0326,https://www.viveut.com/,41.048016,-111.988373
Skin and Wax by Christine,3300 N Running Creek Way,C 200,Lehi,UT,84043,"3300 N Running Creek Way, Lehi, UT 84043",MEDICALSPA,NONE,U,,,(440) 227-0395,,40.429351,-111.830169
Nasias.Beautybar,1202 S hwy 89,115,Logan,UT,84321,"1202 S hwy 89, Logan, UT 84321",MEDICALSPA,NONE,N,,,(505) 210-4675,,41.710478,-111.841733
Beauty Theory,4212 Highland Drive,,Millcreek,UT,84124,"4212 Highland Drive, Millcreek, UT 84124",WHOLESALE,NONE,E,,,(385) 439-3366,,40.680064,-111.843266
Massage Envy - Murray,6352 S. State St,,Murray,UT,84107,"6352 S. State St, Murray, UT 84107",MECLASS,NONE,E,Massage Envy Franchising,11041861,,,40.629427,-111.890274
Skin Spa Utah,"6298 South 900 East, Suite C",,Murray,UT,84121,"6298 South 900 East, Suite C, Murray, UT 84121",MEDICALSPA,NONE,D,,,(801) 792-7994,,40.637132,-111.866354
Refined Aesthetics,1594 N 160 W,Ste 120,North Logan,UT,84341,"1594 N 160 W, North Logan, UT 84341",MEDICALSPA,SILVER,D,,,,,41.761159,-111.838018
Bright Beauty Medspa,352 W Center St,,Orem,UT,84057,"352 W Center St, Orem, UT 84057",MEDICALSPA,NONE,D,,,,,40.297686,-111.703923
Massage Envy - Orem - 16-0945,1068 S 750 E,,Orem,UT,84097,"1068 S 750 E, Orem, Ut 84097",MECLASS,NONE,E,Massage Envy Franchising,11041861,,,40.277257,-111.677671
Massage Envy - Park City,1476 Newpark Blvd,Ste 70,Park City,UT,84098,"1476 Newpark Blvd, Park City, UT 84098",MECLASS,NONE,D,Massage Envy Franchising,11041861,,,40.722061,-111.539284
Calm Spa and Salon,573 W State St,#b,Pleasant Grove,UT,84062,"573 W State St, Pleasant Grove, UT 84062",WHOLESALE,NONE,E,,,,,40.362769,-111.749635
SkinBoss LLC,3685 North 100 East,Suite A,Provo,UT,84604,"3685 North 100 East, Provo, UT 84604",MEDICALSPA,GOLD,A,,,,,40.281909,-111.681274
Massage Envy - Riverdale - 16-1217,4097 Riverdale Rd,,Riverdale,UT,84405,"4097 Riverdale Rd, Riverdale, UT 84405",MECLASS,NONE,D,Massage Envy Franchising,11041861,,,41.189256,-111.983409
Hydrate Skincare Studio,1930 W Sunset Boulevard,#108 Studio 1,Saint George,UT,84770,"1930 W Sunset Boulevard, Saint George, UT 84770",MEDICALSPA,SILVER,D,,,,https://hydrateskincarestudio.com/,37.123393,-113.625288
"Eric Cerrati, MD",3179 S Highland Dr.,Ste 102,Salt Lake City,UT,84106,"3179 S Highland Dr., Salt Lake City, UT 84106",DOCTOR,NONE,N,,,(801) 499-7562,www.drericcerrati.com,40.722184,-111.545635
Illumin8 Skin,1400 S Foothil Rd,Ste 161,Salt Lake City,UT,84108,"1400 S Foothil Rd, Salt Lake City, UT 84108",MEDICALSPA,SILVER,N,,,(801) 556-4772,https://www.illumin8skin.com,40.739555,-111.826676
Massage Envy - Fourth South - 16-0150,"655 East 400 South, Suite B",,Salt Lake City,UT,84102,"655 East 400 South, Suite B, Salt Lake City, UT 84102",MECLASS,NONE,D,Massage Envy Franchising,11041861,,,40.761034,-111.871996
Massage Envy - Sandy - 16-0065,1838 E. 9400 S,,Salt Lake City,UT,84093,"1838 E. 9400 S, Salt Lake City, UT 84093",MECLASS,NONE,E,Massage Envy Franchising,11041861,,,40.579841,-111.838578
Massage Envy - Sugarhouse - 16-0186,2236 S 1300 E Ste D4A,,Salt Lake City,UT,84106,"2236 S 1300 E Ste D4A, SALT LAKE CITY, UT 84106",MECLASS,NONE,D,Massage Envy Franchising,11041861,,,40.722805,-111.855554
SkinSpirit - Salt Lake City,1160 E 2100 S,,Salt Lake City,UT,84106,"1160 E 2100 S, Salt Lake City, UT 84106",DOCTOR,NONE,D,SkinSpirit National Account,11038393,,,40.724601,-111.858116
your skin,4502 S Parkbury Way,,Salt Lake City,UT,84129,"4502 S Parkbury Way, Salt Lake City, UT 84129",WHOLESALE,SILVER,B,,,,,40.673471,-111.95994
AM Aesthetics,1065 E. 900 S.,,Spanish Fork,UT,84660,"1065 E. 900 S., Spanish Fork, UT 84660",MEDICALSPA,NONE,D,,,,ashlynaesthetics.glossgenius.com,40.098508,-111.636198
Athletique Wellness,607 Kirby Lane,Suite 2,Spanish Fork,UT,84660,"607 Kirby Lane, Spanish Fork, UT 84660",MEDICALSPA,NONE,N,,,(801) 877-5586,https://www.athletiquewellness.com,40.125138,-111.642854
Palmavita Clinic,692 E. Market Place Dr.,Ste 204,Spanish Fork,UT,84660,"692 E. Market Place Dr., Spanish Fork, UT 84660",MEDICALSPA,NONE,E,,,(801) 210-8777,https://plamavitaclinic.com,40.132918,-111.639109
Massage Envy - Pineview Plaza - 16-0214,"2376 Redcliffs Drive, #305",,St. George,UT,84790,"2376 Redcliffs Drive, #305, St. George, UT 84790",MECLASS,NONE,E,Massage Envy Franchising,11041861,,,37.122089,-113.534919
Massage Envy - St. George - 16-0213,1091 N. Bluff St,Ste 304,St. George,UT,84770,"1091 N. Bluff St, St. George, Ut 84770",MECLASS,NONE,E,Massage Envy Franchising,11041861,,,37.125867,-113.602249
Morgan McDaniel LLC,67 E Saint George Blvd,Unit 2,St. George,UT,84770,"67 E Saint George Blvd, St. George, UT 84770",MEDICALSPA,NONE,C,,,,,37.110507,-113.582243
Little Red Esthetics,8822 S Redwood Rd,Suite C212,West Jordan,UT,84088,"8822 S Redwood Rd, West Jordan, UT 84088",MEDICALSPA,NONE,N,,,(385) 301-6354,https://mysite.vagaro.com/littleredesthetics,40.591606,-111.939867
Massage Envy - West Jordan - 16-0308,6884 South Redwood,,West Jordan,UT,84084,"6884 South Redwood, West Jordan, Ut 84084",MECLASS,NONE,U,Massage Envy Franchising,11041861,,,40.626213,-111.940558
Studio Le Clair,8789 S Redwood Rd,Ste 100,West Jordan,UT,84088,"8789 S Redwood Rd, West Jordan, UT 84088",WHOLESALE,NONE,N,,,(385) 439-9689,,40.591417,-111.937093
Light Rx - Alexandria,6700 Richmond Hwy,Ste 10,Alexandria,VA,22306,"6700 Richmond Hwy, Alexandria, VA 22306",MEDICALSPA,NONE,U,"RVB Investment Group, LLC",11049140,,,38.773228,-77.083248
Massage Envy - Duke Street / Foxchase -,4539 Duke Street,,Alexandria,VA,22304,"4539 Duke Street, Alexandria, Va 22304",MECLASS,NONE,D,Massage Envy Franchising,11041861,,,38.813119,-77.110908
Massage Envy - Hilltop / Ft. Belvoir - 4,6465 Old Beulah St,,Alexandria,VA,22315,"6465 Old Beulah St, Alexandria, Va 22315",MECLASS,NONE,D,Massage Envy Franchising,11041861,,,38.741944,-77.163038
Restore Hyper Wellness - Alexandria (VA045),3690 King St.,,Alexandria,VA,22302,"3690 King St., Alexandria, VA 22302",DOCTOR,NONE,U,Restore Hyper Wellness - Parent Account,11061787,(571) 266-0445,,38.829663,-77.092195
Javan Wellness Ballston LLC,4000  Wilson Blvd,Ste D,Arlington,VA,22203,"4000  Wilson Blvd, Arlington, VA 22203",DOCTOR,NONE,N,,,,,38.879518,-77.107907
Massage Envy - Clarendon Center - Sold,1180 N Garfield St,,Arlington,VA,22201,"1180 N Garfield St, Arlington, Va 22201",MECLASS,NONE,C,Massage Envy Franchising,11041861,,,38.886518,-77.094025
Massage Envy - Potomac Yard - 47-0572,3600 South Glebe Road #120,,Arlington,VA,22202,"3600 South Glebe Road #120, Arlington, Va 22202",MECLASS,NONE,E,Massage Envy Franchising,11041861,,,38.842393,-77.051836
Restore Hyper Wellness - Pentagon City (VA017),1101 S Joyce St.,Ste B5,Arlington,VA,22202,"1101 S Joyce St., Arlington, VA 22202",DOCTOR,NONE,E,Restore Hyper Wellness - Parent Account,11061787,(703) 650-9231,,38.864173,-77.062166
Restore Hyper Wellness - Brambleton (VA003),42410 Finale Sq,,Brambleton,VA,20148,"42410 Finale Sq, Brambleton, VA 20148",DOCTOR,NONE,E,Restore Hyper Wellness - Parent Account,11061787,(571) 487-9231,,38.984976,-77.535212
Aesthetic Artistry,9279 Old Keene Mill Rd,,Burke,VA,22015,"9279 Old Keene Mill Rd, Burke, VA 22015",MEDICALSPA,NONE,U,,,,,38.775516,-77.26615
Massage Envy - Burke - 47-0562,5747-b Burke Centre Pkwy,,Burke,VA,22015,"5747-b Burke Centre Pkwy, Burke, Va 22015",MECLASS,NONE,C,Massage Envy Franchising,11041861,,,38.799654,-77.320097
Massage Envy - Charlottesville - 43-0693,420 TwentyNinth Place Court,,Charlottesville,VA,22901,"420 TwentyNinth Place Court, Charlottesville, VA 22901",MECLASS,NONE,E,Massage Envy Franchising,11041861,,,32.819799,-79.869737
Relax Cville Boutique Medical Spa,417 8th St NE,Ste B,Charlottesville,VA,22902,"417 8th St NE, Charlottesville, VA 22902",MEDICALSPA,NONE,D,,,,,38.031951,-78.475136
Massage Envy - Chesapeake - 43-0579,"235 East Hanbury Rd, Ste 4",,Chesapeake,VA,23322,"235 East Hanbury Rd, Ste 4, Chesapeake, VA 23322",MECLASS,NONE,E,Massage Envy Franchising,11041861,,,36.686456,-76.223786
Rejuva Medical Spa,3925 Portsmouth Blvd,,Chesapeake,VA,23321,"3925 Portsmouth Blvd, Chesapeake , VA 23321",DOCTOR,NONE,U,,,,,36.824276,-76.403568
The Wax Spot,3105 Western Branch Blvd,,Chesapeake,VA,23321,"3105 Western Branch Blvd, Chesapeake, VA 23321",MEDICALSPA,NONE,U,,,,,36.861496,-76.400511
Massage Envy - Dulles South - 47-1139,"24570 Dulles Landing Dr, Suite 160",,Dulles,VA,20166,"24570 Dulles Landing Dr, Suite 160, Dulles, VA 20166",MECLASS,NONE,E,Massage Envy Franchising,11041861,,,38.938101,-77.520111
Massage Envy - Sterling - 47-0420,"22000 Dulles Retail Plaza, Suite 162",,Dulles,VA,20166,"22000 Dulles Retail Plaza, Suite 162, Dulles, VA 20166",MECLASS,NONE,D,Massage Envy Franchising,11041861,,,39.005626,-77.437724
Massage Envy - Dumfries - 47-0647,4100 Fortuna Center Plaza,,Dumfries,VA,22025,"4100 Fortuna Center Plaza, Dumfries, VA 22025",MECLASS,NONE,D,Massage Envy Franchising,11041861,,,38.596051,-77.33175
Massage Envy - East Market At Fair Lakes,12999 Fair Lakes Circle,,Fairfax,VA,22033,"12999 Fair Lakes Circle, Fairfax, Va 22033",MECLASS,NONE,D,Massage Envy Franchising,11041861,,,38.859809,-77.388123
Face First Studio,701 W Broad St.,Unit 401,Falls Church,VA,22046,"701 W Broad St., Falls Church, VA 22046",MEDICALSPA,NONE,N,,,,facefirststudio.com,38.887371,-77.179213
Massage Envy - Falls Church - 47-0563,"7395 Lee Highway, Suite H",,Falls Church,VA,22042,"7395 Lee Highway, Suite H, Falls Church, VA 22042",MECLASS,NONE,C,Massage Envy Franchising,11041861,,,38.894501,-77.188132
Massage Envy - Fredericksburg - 47-0113,1927 Carl D. Silver Parkway,,Fredericksburg,VA,22401,"1927 Carl D. Silver Parkway, Fredericksburg, VA 22401",MECLASS,NONE,D,Massage Envy Franchising,11041861,,,38.30978,-77.511039
Massage Envy - Gainesville - 47-0549,5123 Wellington Rd,,Gainesville,VA,20155,"5123 Wellington Rd, Gainesville, Va 20155",MECLASS,NONE,D,Massage Envy Franchising,11041861,,,38.792695,-77.604675
Massage Envy - Short Pump - 43-0359,4346 Pouncey Tract Road,,Glen Allen,VA,23060,"4346 Pouncey Tract Road, Glen Allen, VA 23060",MECLASS,NONE,D,Massage Envy Franchising,11041861,,,37.654911,-77.613655
Massage Envy - VA Center,10114 Brook Rd,,Glen Allen,VA,23059,"10114 Brook Rd, Glen Allen, VA 23059",MECLASS,NONE,E,Massage Envy Franchising,11041861,,,37.674136,-77.462802
Massage Envy - Hampton - 43-1201,1220 Merchant Ln. Ste. C-110,,Hampton,VA,23666,"1220 Merchant Ln. Ste. C-110, Hampton, Va 23666",MECLASS,NONE,U,Massage Envy Franchising,11041861,,,37.045271,-76.391832
Emergicare Urgent Care Center,182 Neff Ave,Ste W12,Harrisonburg,VA,22801,"182 Neff Ave, Harrisonburg, VA 22801",MEDICALSPA,NONE,D,,,,,38.42631,-78.846331
"Brichelle Med Spa, LLC",4434 Costello Way,Suite 203B,Haymarket,VA,20169,"4434 Costello Way, Haymarket, VA 20169",MEDICALSPA,NONE,D,,,(703) 929-8744,https://brichellemedspa.com/,38.813759,-77.640157
Restore Hyper Wellness - RVA GreenGate (VA002),201 Maltby Blvd.,Ste D,Henrico,VA,23233,"201 MALTBY BLVD., Henrico, VA 23233",DOCTOR,NONE,E,Restore Hyper Wellness - Parent Account,11061787,(804) 210-3110,,37.65846,-77.636385
Massage Envy - Herndon / Reston - 47-055,2328-A Woodland Crossing Dr.,,Herndon,VA,20171,"2328-A Woodland Crossing Dr., HERNDON, VA 20171",MECLASS,NONE,E,Massage Envy Franchising,11041861,,,38.949447,-77.39567
Massage Envy - Lake Ridge - 47-0573,2219 Old Bridge Road,,Lake Ridge,VA,22192,"2219 Old Bridge Road, Lake Ridge, Va 22192",MECLASS,NONE,U,Massage Envy Franchising,11041861,,,38.676753,-77.281326
Esthetics by Mindy,40711 Red Hill Rd,,Leesburg,VA,20175,"40711 Red Hill Rd , Leesburg, VA 20175",WHOLESALE,NONE,E,,,,,39.013501,-77.510842
Massage Envy - Leesburg - 47-0553,"1612 Village Market Blvd, STE 100",,Leesburg,VA,20176,"1612 Village Market Blvd, STE 100, Leesburg, VA 20176",MECLASS,NONE,E,Massage Envy Franchising,11041861,,,39.08789,-77.522843
Lynchburg Aesthetics,101 Archway Ct,Ste A,Lynchburg,VA,24502,"101 Archway Ct, Lynchburg, VA 24502",DOCTOR,NONE,U,,,,,37.363689,-79.245776
Massage Envy - Lynchburg - 43-1129,"3901 Old Forest Rd., Bldg. G., Ste. 704",,Lynchburg,VA,24501,"3901 Old Forest Rd., Bldg. G., Ste. 704, Lynchburg, VA 24501",MECLASS,NONE,C,Massage Envy Franchising,11041861,,,37.397868,-79.222823
Massage Envy - Manassas - 47-0870,10073 Market Circle,,Manassas,VA,20110,"10073 Market Circle, Manassas, Va 20110",MECLASS,NONE,D,Massage Envy Franchising,11041861,,,38.73991,-77.453816
Solitudes,8120 Whitting Dr,,Manassas,VA,20112,"8120 WHITTING DR, Manassas, VA 20112",WHOLESALE,SILVER,C,,,(571) 228-5718,https://solitudesminispa.com/,38.66424,-77.454702
SkinSpirit LLC McLean,6224 Old Dominion Dr,Ste 6D,McLean,VA,22101,"6224 Old Dominion Dr, McLean, VA 22101",DOCTOR,NONE,U,SkinSpirit National Account,11038393,,https://skinspirit.com,38.919988,-77.149741
Massage Envy - Mechanicsville - 43-1138,"7236 Bell Creek Rd., Ste. B",,Mechanicsville,VA,23111,"7236 Bell Creek Rd., Ste. B, Mechanicsville, VA 23111",MECLASS,NONE,B,Massage Envy Franchising,11041861,,,37.60119,-77.348227
Massage Envy - Commonwealth Centre - 43-,5201 Commonwealth Centre Pkwy,,Midlothian,VA,23112,"5201 Commonwealth Centre Pkwy, Midlothian, Va 23112",MECLASS,NONE,D,Massage Envy Franchising,11041861,,,37.417168,-77.628365
Restore Hyper Wellness - Midlothian (VA013),14301 Winterview Pkwy.,,Midlothian,VA,23113,"14301 Winterview Pkwy., Midlothian, VA 23113",DOCTOR,NONE,U,Restore Hyper Wellness - Parent Account,11061787,(804) 601-5045,,37.506769,-77.665948
@Skyn Stuff Esthetics,729 Thimble Shoals Blvd STE 3B,,Newport News,VA,23606,"729 Thimble Shoals Blvd STE 3B, Newport News, VA 23606",MEDICALSPA,NONE,U,,,(757) 344-2030,,37.085245,-76.466409
Massage Envy - Newport News - 43-0872,12080 Jefferson Ave. Ste 210,,Newport News,VA,23606,"12080 Jefferson Ave. Ste 210, Newport News, Va 23606",MECLASS,NONE,D,Massage Envy Franchising,11041861,,,37.102888,-76.490757
"Joseph Davidson, MD",1850 Town Center Parkway Ste 650,Pavillion 2,Reston,VA,20190,"1850 Town Center Parkway Ste 650, Reston, VA 20190",DOCTOR,NONE,U,,,,,38.961851,-77.364056
Massage Envy - Reston VA,1412 N Point Village Center,,Reston,VA,20194,"1412 N Point Village Center, Reston, VA 20194",MECLASS,NONE,D,Massage Envy Franchising,11041861,(703) 472-6126,,38.980026,-77.348886
Massage Envy - Richmond Willow Lawn - 43,1601 Willow Lawn Dr STE 304E,,Richmond,VA,23230,"1601 Willow Lawn Dr STE 304E, Richmond, VA 23230",MECLASS,NONE,C,Massage Envy Franchising,11041861,,,37.581791,-77.497938
Massage Envy - Roanoke - 43-1130,2037 Colonial Ave. Sw,,Roanoke,VA,24015,"2037 Colonial Ave. Sw, Roanoke, Va 24015",MECLASS,NONE,C,Massage Envy Franchising,11041861,,,37.255839,-79.954179
Verdant Wellness,12201 Longstreet Dr,Ste 205,Spotsylvania,VA,22551,"12201 Longstreet Dr, Spotsylvania, VA 22551",MEDICALSPA,NONE,E,,,,,38.291073,-77.719231
Massage Envy - Springfield West - 47-130,8428 Old Keene Mill Rd,,Springfield,VA,22152,"8428 Old Keene Mill Rd, Springfield, Va 22152",MECLASS,NONE,C,Massage Envy Franchising,11041861,,,38.779797,-77.236446
Massage Envy - Stafford - 47-1040,325 Garrisonville Rd.,Ste 101,Stafford,VA,22554,"325 Garrisonville Rd., Stafford, Va 22554",MECLASS,NONE,D,Massage Envy Franchising,11041861,,,38.474893,-77.421739
Massage Envy - Harbour View - 43-0761,7386 Harbour Towne Parkway Ste 25,,Suffolk,VA,23435,"7386 Harbour Towne Parkway Ste 25, Suffolk, Va 23435",MECLASS,NONE,D,Massage Envy Franchising,11041861,,,36.87548,-76.436263
Massage Envy - Vienna - 47-0938,126-a Branch Road,,Vienna,VA,22180,"126-a Branch Road, Vienna, Va 22180",MECLASS,NONE,C,Massage Envy Franchising,11041861,,,38.90659,-77.257433
Restore Hyper Wellness - Vienna (VA026),214 Maple Ave W,,Vienna,VA,22180,"214 Maple Ave W, Vienna, VA 22180",DOCTOR,NONE,U,Restore Hyper Wellness - Parent Account,11061787,(571) 748-3485,,38.899063,-77.267679
Virginia Laser Specialists,8100 Boone Blvd,Ste 270,Vienna,VA,22182,"8100 Boone Blvd, Vienna, VA 22182",MEDICALSPA,NONE,N,,,(703) 547-4499,https://www.virginialaserspecialists.com/,38.913705,-77.225909
Massage Envy - Virginia Beach Hilltop -,539 Hilltop Plaza,,Virginia Beach,VA,23454,"539 Hilltop Plaza, Virginia Beach, Va 23454",MECLASS,NONE,E,Massage Envy Franchising,11041861,,,36.848757,-76.026173
Massage Envy - Virginia Beach Landstown,"3352 Princess Anne Road, STE 915",,Virginia Beach,VA,23456,"3352 Princess Anne Road, STE 915, Virginia Beach, VA 23456",MECLASS,NONE,D,Massage Envy Franchising,11041861,,,36.776127,-76.085646
Massage Envy - Virginia Beach Loehmanns,4000 Virginia Beach Blvd,Ste 160,Virginia Beach,VA,23452,"4000 Virginia Beach Blvd, Virginia Beach, Va 23452",MECLASS,NONE,E,Massage Envy Franchising,11041861,,,36.842608,-76.113396
"RVB Virginia Beach, LLC",4625 Virginia Beach Blvd,Ste 105,Virginia Beach,VA,23462,"4625 Virginia Beach Blvd, Virginia Beach, VA 23462",MEDICALSPA,NONE,U,"RVB Investment Group, LLC",11049140,,,36.84307,-76.13802
Restore Hyper Wellness - Virginia Beach (VA001),1860 Laskin Rd.,Ste 101,Virginia Beach,VA,23454,"1860 Laskin Rd., Virginia Beach, VA 23454",DOCTOR,NONE,U,Restore Hyper Wellness - Parent Account,11061787,(757) 769-7514,,36.849579,-76.031798
Vogue Lashes & Spa,2033 Fisher Arc,Ste 140,Virginia Beach,VA,23456,"2033 Fisher Arc, Virginia Beach, VA 23456",MEDICALSPA,SILVER,D,Vogue Lashes & Spa - PARENT,0012007704,(757) 752-3895,https://voguelashesandspa.com/,36.748801,-76.011445
Colonial Aesthetics & Wellness,1309 Jamestown Rd,Ste 204,Williamsburg,VA,23185,"1309 Jamestown Rd, Williamsburg, VA 23185",MEDICALSPA,NONE,E,,,,,37.251305,-76.737082
Massage Envy - Williamsburg - 43-0871,5107 Main Street,,Williamsburg,VA,23188,"5107 Main Street, Williamsburg, Va 23188",MECLASS,NONE,C,Massage Envy Franchising,11041861,,,37.277762,-76.739866
Stephanie's Skin Solutions,483 McLaws Cir,Ste 2A,Williamsburg,VA,23185,"483 McLaws Cir, Williamsburg, VA 23185",MEDICALSPA,NONE,D,,,,,37.247351,-76.661688
Massage Envy - Winchester - 47-1299,2638 S Pleasant Valley Rd,,Winchester,VA,22601,"2638 S Pleasant Valley Rd, Winchester, Va 22601",MECLASS,NONE,E,Massage Envy Franchising,11041861,,,39.151763,-78.176238
Cosmetic Laser Therapy & Complete Skin C,4971 Main St,Ste 2,Manchester,VT,05255,"4971 Main St, Manchester, VT 05255",MEDICALSPA,NONE,C,,,(518) 764-0676,www.cosmeticlasertherapy.com,43.1782,-73.055603
Massage Envy - Williston - 36-0779,2141 Essex Road,,Williston,VT,05495,"2141 Essex Road, Williston, VT 05495",MECLASS,NONE,U,Massage Envy Franchising,11041861,,,44.45116,-73.110488
Sugar Pine Salon and Spa LLC,3525 168th St NE,,Arlington,WA,98223,"3525 168th St NE, Arlington, WA 98223",MEDICALSPA,SILVER,D,,,,,48.149385,-122.182039
Caroline A Boland,1811 130th AVE NE,#202,Bellevue,WA,98005,"1811 130th AVE NE, Bellevue, WA 98005",WHOLESALE,NONE,U,,,,,47.626471,-122.167636
IAM Center for Integrative Aesthetic Medicine PLLC,1550 140th Ave Ne,#200,Bellevue,WA,98005,"1550 140TH AVE NE, Bellevue, WA 98005",MEDICALSPA,NONE,N,,,(425) 502-7916,,47.623633,-122.152857
Kudari Beauty,15015 Main St.,,Bellevue,WA,98007,"15015 Main St., Bellevue, WA 98007",WHOLESALE,NONE,D,,,(206) 593-7690,,47.628951,-122.133162
Massage Envy - Bellevue Eastgate - 07-00,15100 SE 38th St,,Bellevue,WA,98006,"15100 SE 38th St, Bellevue, WA 98006",MECLASS,NONE,D,Massage Envy Franchising,11041861,,,47.57654,-122.137184
SkinSpirit Essential LLC - Bellevue,2022 Bellevue Sq,,Bellevue,WA,98004,"2022 BELLEVUE SQ, Bellevue, WA 98004",DOCTOR,NONE,B,SkinSpirit National Account,11038393,,,47.61515,-122.20296
The Clinic Medspa,127 Bellevue Way,Ste 102,Bellevue,WA,98004,"127 Bellevue Way, Bellevue, WA 98004",MEDICALSPA,NONE,N,,,(206) 350-7202,,47.60887,-122.201914
Lisa Crosier Skincare Llc,2612 Lakeridge Ln,,Bellingham,WA,98226,"2612 Lakeridge Ln , Bellingham, WA 98226",WHOLESALE,NONE,B,,,,,48.764836,-122.425233
Restore Hyper Wellness - Bellingham (WA049),2411 James St.,,Bellingham,WA,98225,"2411 James St., Bellingham, WA 98225",DOCTOR,NONE,E,Restore Hyper Wellness - Parent Account,11061787,,https://www.restore.com/locations/wa-bellingham-wa049,48.762129,-122.465304
Serenity Skincare Lounge,13127 178th Ave E,,Bonney Lake,WA,98391,"13127 178th Ave E, Bonney Lake, WA 98391",WHOLESALE,NONE,E,,,,,47.130912,-122.193285
The Face & Body Bar LLC,8415 Myers Rd E,,Bonney Lake,WA,98391,"8415 Myers Rd E, Bonney Lake, WA 98391",MEDICALSPA,NONE,U,,,(253) 826-5556,,47.177994,-122.183817
Secret Garden Nails & Beautique,18518 Bothell Way NE,Unit A,Bothell,WA,98011,"18518 Bothell Way NE, Bothell, WA 98011",WHOLESALE,NONE,U,,,,,47.762223,-122.207226
Skin Perfect Aesthetics,636 SW 152nd St,Suite D,Burien,WA,98166,"636 SW 152nd St, Burien, WA 98166",WHOLESALE,NONE,E,,,,https://skinperfectinseattle.com,47.467211,-122.343499
Best Face Forward,530 S Main St,#b,Colville,WA,99114,"530 S Main St, Colville, WA 99114",MEDICALSPA,NONE,E,,,,,48.539833,-117.906185
Massage Envy - Covington - 07-0528,27115 185th Ave Se #107,,Covington,WA,98042,"27115 185th Ave Se #107, Covington, Wa 98042",MECLASS,NONE,D,Massage Envy Franchising,11041861,,,47.358285,-122.096508
Glow Skin Science,1710 100th Pl SE,Ste 106,Everett,WA,98208,"1710 100th Pl SE, Everett, WA 98208",MEDICALSPA,NONE,E,,,(425) 879-2660,www.glowskinscience.com,47.906523,-122.2092
Massage Envy - Everett Mall - 07-0422,15 SW Everett Mall Way,Suite K,Everett,WA,98204,"15 SW Everett Mall Way, Everett, WA 98204",MECLASS,NONE,U,Massage Envy Franchising,11041861,,,47.907657,-122.234264
Massage Envy - Federal Way - 07-0081,"1409 S. 348th St., Ste. D-102",,Federal Way,WA,98003,"1409 S. 348th St., Ste. D-102, Federal Way, WA 98003",MECLASS,NONE,E,Massage Envy Franchising,11041861,,,47.287785,-122.315517
Salon Vlasa,Salon Vlasa,7116 Pioneer Way Ste B,Gig Harbor,WA,98335,"SALON VLASA, Gig Harbor, WA 98335",WHOLESALE,SILVER,D,,,,,47.323239,-122.588199
Shawna's Esthetics,4523 Olympus Loop,,Gig Harbor,WA,98332,"4523 Olympus Loop, Gig Harbor, WA 98332",WHOLESALE,SILVER,C,,,,,47.364977,-122.598972
Massage Envy - Issaquah - 07 - 0702,735 NW Gilman Blvd,,Issaquah,WA,98027,"735 NW Gilman Blvd, Issaquah, WA 98027",MECLASS,NONE,E,Massage Envy Franchising,11041861,,,47.541417,-122.048159
TesSpa,1011 NE High Street suite 210,,Issaquah,WA,98029,"1011 NE High Street suite 210, Issaquah, WA 98029",WHOLESALE,NONE,U,,,(443) 520-8366,,47.544112,-122.016013
Massage Envy - Kennewick - 07-1148,924 N Columbia Center Blvd. STE 100,,Kennewick,WA,99336,"924 N Columbia Center Blvd. STE 100, Kennewick, WA 99336",MECLASS,NONE,E,Massage Envy Franchising,11041861,,,46.220089,-119.223567
Kirkland Skin & Brows LLC,9718 NE Juanita Dr,,Kirkland,WA,98033,"9718 NE Juanita Dr, Kirkland, WA 98033",MEDICALSPA,SILVER,N,,,(206) 778-6204,,47.705138,-122.212228
SkinSpirit - Totem Lake,11900 NE Village Plaza,Ste 168,Kirkland,WA,98034,"11900 NE Village Plaza, Kirkland, WA 98034",MEDICALSPA,NONE,E,SkinSpirit National Account,11038393,,,47.71267,-122.181282
Tiffany St. John Skin Care,143 Park Ln,Ste 204,Kirkland,WA,98033,"143 PARK LN, Kirkland, WA 98033",WHOLESALE,NONE,D,,,,,47.676166,-122.205279
Arch Beauty Collective,8286 28th Ct Ne,Ste C,Lacey,WA,98516,"8286 28TH CT NE, Lacey, WA 98516",WHOLESALE,NONE,N,,,(360) 561-3230,https://www.archbeautycollective.com/,47.071852,-122.767503
Estetica Medical Spa LLC,812 Ocean Beach Hwy,#100,Longview,WA,98632,"812 Ocean Beach Hwy, Longview, WA 98632",MEDICALSPA,SILVER,D,,,,,46.146979,-122.926261
Massage Envy - Lynnwood - 07 - 0703,2701 184th St SW,Ste 122C,Lynnwood,WA,98037,"2701 184th St SW, Lynnwood, WA 98037",MECLASS,NONE,D,Massage Envy Franchising,11041861,,,47.832694,-122.270318
Massage Envy - Mill Creek - 07-0088,"15111 Main Street, Suite A-102",,Mill Creek,WA,98012,"15111 Main Street, Suite A-102, Mill Creek, WA 98012",MECLASS,NONE,E,Massage Envy Franchising,11041861,,,47.861195,-122.220249
Peachy Clean Skincare Studio,209 N Blakeley St,Ste 101,Monroe,WA,98272,"209 N Blakeley St, Monroe, WA 98272",WHOLESALE,NONE,E,,,(360) 722-6230,,47.857161,-121.971841
Velvet Skyn Aesthetics,2627 Parkmont Ln Sw,Ste 101,Olympia,WA,98502,"2627 PARKMONT LN SW, Olympia, WA 98502",MEDICALSPA,SILVER,D,,,(360) 340-9025,https://www.velvetskyn.com/,47.035257,-122.935462
Face Of Grace Skincare.llc,"Julie Hoffman, Lead Esth",1215 Lawrence St Ste 002,Port Townsend,WA,98368,"JULIE HOFFMAN, LEAD ESTH, Port Townsend, WA 98368",MEDICALSPA,GOLD,A,,,(360) 301-5060,,48.11629,-122.762838
The Art of Health,Dr. Amy Anderson,20696 Bond Rd NE #210,Poulsbo,WA,98370,"Dr. Amy Anderson, Poulsbo, WA 98370",DOCTOR,NONE,U,,,,,47.65577,-122.67525
Massage Envy - Puyallup - 07-0053,"4423 S. Meridian, Suite A-721",,Puyallup,WA,98373,"4423 S. Meridian, Suite A-721, Puyallup, WA 98373",MECLASS,NONE,D,Massage Envy Franchising,11041861,,,47.149636,-122.291568
Massage Envy - Redmond - 07-0015,17214 Redmond Way,,Redmond,WA,98052,"17214 Redmond Way, Redmond, Wa 98052",MECLASS,NONE,U,Massage Envy Franchising,11041861,,,47.672685,-122.109775
SkinSpirit Essential LLC - Redmond,17887 Redmond Way,Ste 120,Redmond,WA,98052,"17887 Redmond Way, Redmond, WA 98052",DOCTOR,NONE,A,SkinSpirit National Account,11038393,,,47.666909,-122.102793
Blue Haven Medical Spa,6900 E Greenlake Way N,Ste I,Seattle,WA,98115,"6900 E Greenlake Way N, Seattle, WA 98115",DOCTOR,SILVER,C,,,,,47.678634,-122.32577
Golden Bubble,101 N 85th St,Ste 204,Seattle,WA,98103,"101 N 85th St, Seattle, WA 98103",MEDICALSPA,NONE,D,,,(206) 280-3972,,47.69042,-122.35782
Massage Envy - Queen Anne - 07-1152,4 W Crockett St,,Seattle,WA,98119,"4 W Crockett St, Seattle, Wa 98119",MECLASS,NONE,C,Massage Envy Franchising,11041861,,,47.637346,-122.357367
SkinSpirit - Greenlake,6850 East Green Lake Way North,,Seattle,WA,98115,"6850 East Green Lake Way North, Seattle, WA 98115",DOCTOR,NONE,E,SkinSpirit National Account,11038393,,,47.678259,-122.32723
SkinSpirit Essential LLC - U Village,2692 NE 49th St,,Seattle,WA,98105,"2692 NE 49th St, Seattle, WA 98105",DOCTOR,GOLD,B,SkinSpirit National Account,11038393,,,47.662522,-122.299492
Sound Skincare Studio,1910 E Prospect St,,Seattle,WA,98112,"1910 E Prospect St, Seattle, WA 98112",WHOLESALE,NONE,C,,,,,47.628817,-122.306748
Massage Envy - Silverdale - 07-0668,3036 Nw Bucklin Hill Rd,,Silverdale,WA,98383,"3036 Nw Bucklin Hill Rd, Silverdale, Wa 98383",MECLASS,NONE,E,Massage Envy Franchising,11041861,,,47.65088,-122.689699
Best Aesthetics,12519 N Division St,Ste 6,Spokane,WA,99218,"12519 N Division St, Spokane, WA 99218",MEDICALSPA,NONE,U,,,(509) 828-9089,www.bestaesthetics.net,47.771219,-117.403862
Massage Envy - Spokane Pavilion - 07-051,"920 East Hoerner, STE 100",,Spokane,WA,99218,"920 East Hoerner, STE 100, Spokane, WA 99218",MECLASS,NONE,E,Massage Envy Franchising,11041861,,,47.741888,-117.396753
Thread Health,624 W Hastings Rd,Ste 11,Spokane,WA,99218,"624 W Hastings Rd, Spokane, WA 99218",DOCTOR,NONE,U,,,,,47.768924,-117.421527
The Skin Care Lounge,7009 265th St Nw Ste 105a,,Stanwood,WA,98292,"7009 265TH ST NW STE 105A, Stanwood, WA 98292",WHOLESALE,NONE,E,,,,,48.238186,-122.332216
Full Spectrum Face and Body,4141 6th Ave.,,Tacoma,WA,98406,"4141 6th Ave., Tacoma, WA 98406",MEDICALSPA,NONE,D,,,(253) 260-7060,https://www.fullspectrumface.com/?gclid=EAIaIQobChMI4e3OsMrKhQMVJTOtBh0wcw6rEAAYASAAEgK2TfD_BwE,47.191513,-122.294117
High Maintenance Spa & Salon,2605 6th Ave,,Tacoma,WA,98406,"2605 6TH AVE, Tacoma, WA 98406",MEDICALSPA,NONE,U,,,,,47.255651,-122.470559
Massage Envy - Tacoma - 07-0089,4502 S Steele Street,,Tacoma,WA,98409,"4502 S Steele Street, Tacoma, Wa 98409",MECLASS,NONE,E,Massage Envy Franchising,11041861,,,47.216089,-122.468741
Mysa Skin + Wellness,3624 6th Ave,Ste C,Tacoma,WA,98406,"3624 6th Ave, Tacoma, WA 98406",WHOLESALE,NONE,C,,,,,47.255173,-122.48493
X Wax Brow Studio,622 St Helens Ave,,Tacoma,WA,98402,"622 St Helens Ave, Tacoma, WA 98402",WHOLESALE,NONE,D,,,,,47.257758,-122.44302
Brassfields Again Inc.,7326 27th St W,,University Place,WA,98466,"7326 27th St W, University Place, WA 98466",WHOLESALE,NONE,E,,,,,47.234992,-122.534788
Cathy Baisley,4420 Ne St. John Rd,Ste C,Vancouver,WA,98661,"4420 NE ST. JOHN RD, Vancouver, WA 98661",WHOLESALE,NONE,U,,,,,45.654274,-122.63756
Massage Envy - East Vancouver - 06-0257,"322 SE 192nd Avenue, Suite 110",,Vancouver,WA,98683,"322 SE 192nd Avenue, Suite 110, Vancouver, WA 98683",MECLASS,NONE,E,Massage Envy Franchising,11041861,,,45.619853,-122.477424
Massage Envy - West Vancouver - 06-0256,8802 Ne 5th Avenue,,Vancouver,WA,98665,"8802 Ne 5th Avenue, Vancouver, Wa 98665",MECLASS,NONE,E,Massage Envy Franchising,11041861,,,45.685924,-122.666367
Nuance Med Spa,628 NE 81st St,Ste 15,Vancouver,WA,98665,"628 NE 81st St, Vancouver, WA 98665",DOCTOR,NONE,U,,,,,45.681704,-122.665611
Selfish Skin & Wellness,210 W Evergreen Blvd,Ste 500,Vancouver,WA,98660,"210 W Evergreen Blvd, Vancouver, WA 98660",MEDICALSPA,NONE,U,,,,,45.6289,-122.673351
Massage Envy - Woodinville - 07-0026,14213 Ne Woodinville-duvall Rd,,Woodinville,WA,98072,"14213 Ne Woodinville-duvall Rd, Woodinville, Wa 98072",MECLASS,NONE,E,Massage Envy Franchising,11041861,,,47.754223,-122.148798
Massage Envy - River Prairie - 23-1137,3085 Meadowlark Lane,,Altoona,WI,54720,"3085 Meadowlark Lane, Altoona, WI 54720",MECLASS,NONE,U,Massage Envy Franchising,11041861,,,44.820005,-91.460349
Massage Envy - Calumet Wi - 23-1015,3201 E. Calumet Street,,Appleton,WI,54915,"3201 E. Calumet Street, Appleton, Wi 54915",MECLASS,NONE,D,Massage Envy Franchising,11041861,,,44.243473,-88.360851
The Center for Aesthetics and Plastic Surgery - Appleton,2201 E Enterprise Ave,#104,Appleton,WI,54913,"2201 E Enterprise Ave, Appleton, WI 54913",DOCTOR,NONE,U,Cosmetic Physician Partners,0012004134,(920) 574-3577,https://centerforaps.com/,44.298852,-88.370792
Glow Spa,275 Regency Ct,"Ste 200, Rm 8",Brookfield,WI,53045,"275 Regency Ct, Brookfield, WI 53045",WHOLESALE,NONE,U,,,,,43.034316,-88.150536
Massage Envy - Bluemound - 23-0629,17125-A W. Bluemound Road,,Brookfield,WI,53005,"17125-A W. Bluemound Road, Brookfield, WI 53005",MECLASS,NONE,E,Massage Envy Franchising,11041861,,,43.035559,-88.124573
Massage Envy - Capitol Drive - 23-0478,19115 W Capitol Drive #104,,Brookfield,WI,53045,"19115 W Capitol Drive #104, Brookfield, Wi 53045",MECLASS,NONE,D,Massage Envy Franchising,11041861,,,43.089457,-88.149869
Massage Envy - Delafield - 23-0109,2920 Golf Road,,Delafield,WI,53018,"2920 Golf Road, Delafield, Wi 53018",MECLASS,NONE,D,Massage Envy Franchising,11041861,,,43.053802,-88.371195
Harmony Wellness,"2115 E Clairmont Ave., Suite 4",,Eau Claire,WI,54701,"2115 E Clairmont Ave., Suite 4, Eau Claire, WI 54701",MEDICALSPA,NONE,D,,,(715) 514-2672,www.harmonywellnessec.com,44.79366,-91.469677
Your Turn Skin Lounge Aesthetics,W4518 Lakepark Dr.,,Fond Du Lac,WI,54937,"W4518 Lakepark Dr., Fond Du Lac, WI 54937",MEDICALSPA,NONE,N,,,,,43.818759,-88.382995
Massage Envy - Lombardi - 23-1014,"1241 Lombardi Access Road, Ste. G",,Green Bay,WI,54304,"1241 Lombardi Access Road, Ste. G, Green Bay, WI 54304",MECLASS,NONE,C,Massage Envy Franchising,11041861,,,44.505865,-88.073019
Face Me Aesthetics,10901 W Sunset Ln,Suite 200,Greenfield,WI,53228,"10901 W Sunset Ln, Greenfield, WI 53228",WHOLESALE,NONE,U,,,(773) 787-6989,https://esmirashtul.glossgenius.com,42.961953,-88.049184
Massage Envy - Greenfield - 23-0720,7985 West Layton Avenue,,Greenfield,WI,53220,"7985 West Layton Avenue, Greenfield, Wi 53220",MECLASS,NONE,D,Massage Envy Franchising,11041861,,,42.958609,-88.012059
Massage Envy - Hudson - 19-0276,1007 Pearson Dr,,Hudson,WI,54016,"1007 Pearson Dr, Hudson, Wi 54016",MECLASS,NONE,U,,,,,44.95966,-92.720546
Massage Envy - East Washington - 23-0708,4624 E Washington Ave,,Madison,WI,53704,"4624 E Washington Ave, Madison, Wi 53704",MECLASS,NONE,E,Massage Envy Franchising,11041861,,,43.130467,-89.305847
Massage Envy - Mequon - 23-0664,10960 N. Port Washington Rd.,,Mequon,WI,53092,"10960 N. Port Washington Rd., Mequon, Wi 53092",MECLASS,NONE,E,Massage Envy Franchising,11041861,,,43.217665,-87.922257
Massage Envy - Middleton - 23-1170,8301 Murphy Drive Ste.200,,Middleton,WI,53562,"8301 Murphy Drive Ste.200, Middleton, Wi 53562",MECLASS,NONE,D,Massage Envy Franchising,11041861,,,43.098292,-89.523682
Farmhouse Spa and Wellness,508 Springdale St,,Monticello,WI,53572,"508 Springdale St, Monticello, WI 53572",WHOLESALE,NONE,D,,,,,42.771424,-89.616021
Massage Envy -  Pleasant Prairie 23-1357,9160A 76th St.,,Pleasant Prairie,WI,53158,"9160A 76th St., Pleasant Prairie, WI 53158",MECLASS,NONE,D,Massage Envy Franchising,11041861,,,42.528892,-87.870952
Massage Envy - Barboursville - 31-1206,950 Lauren Christian Drive,,Barboursville,WV,25504,"950 Lauren Christian Drive, Barboursville, WV 25504",MECLASS,NONE,E,Massage Envy Franchising,11041861,,,38.420948,-82.287373
Healing Springs Med Spa,Attn: Campbell Paine,78 Brookshire Ln,Beckley,WV,25801,"ATTN: CAMPBELL PAINE, Beckley, WV 25801",DOCTOR,NONE,C,,,,,37.769638,-81.15791
Massage Envy - Morgantown - 32-1222,343 Patteson Drive,,Morgantown,WV,26505,"343 Patteson Drive, Morgantown, WV 26505",MECLASS,NONE,D,Massage Envy Franchising,11041861,,,39.651234,-79.970428
Stirling Skin Care Clinic,1300 E A St,Ste 103,Casper,WY,82601,"1300 E A St, CASPER, WY 82601",DOCTOR,NONE,E,,,(307) 472-7546,https://stirlingskincc.com/,42.851765,-106.308101
Three Forks Ranch Spa,1445 Cr 710,,Savery,WY,82332,"1445 CR 710, Savery, WY 82332",WHOLESALE,NONE,D,,,,,41.018302,-107.312383
