id,title,address_full,city,state,zip_code,country,phone_number,email,website,latitude,longitude,short_description,categories,hours,status,slug,updated_at
1263434,207 LASER & Integrative MED,"65 West Commercial Street, Suite 207, Portland, Maine 04101",Portland,ME,04101,United States,,,www.mainelaserclinic.com,43.6455098,-70.2643719,,,,in_stock,207-laser--integrative-medc1bdf82ee179,2026-09-17T00:03:32.225Z
1414692,360 Dermatology - Dr. Nashay Clemetson,"2001 Mallory Lane Suite 207, Franklin, Tennessee 37067",Franklin,TN,37067,United States,,,https://my360derm.com/,35.9515667,-86.8189874,,,,in_stock,360-dermatology---dr-nashay-clemetsonbbca04587e80,2026-09-17T00:03:33.538Z
1537588,4 Beauty Medspa,"2310 S Dixie Hwy, 2nd Floor, Miami, Florida 33133",Miami,FL,33133,United States,,,https://4beautymedspa.com/,25.7416982,-80.2321967,,,,in_stock,4-beauty-medspa897cafa4bc50,2026-09-17T00:03:07.925Z
1263607,About Face & Laser Too,"77 Rolling Oaks Dr, Suite 204, Thousands Oaks, California 91361",Thousands Oaks,CA,91361,United States,,,http://www.laseriiinc.com,34.1762033,-118.8752289,,,,in_stock,about-face--laser-too63a73cb9cb1b,2026-09-17T00:03:14.220Z
1263205,AboutSkin Dermatology,"5340 South Quebec Street Suite 300, Greenwood Village, Colorado 80111",Greenwood Village,CO,80111,United States,,,https://www.aboutskinderm.com/,39.6189854,-104.9033903,,,,in_stock,aboutskin-dermatologybbc6d0d62ba6,2026-09-17T00:03:38.372Z
1263548,Abundance - A Skin Care Studio,"100 North Rodeo Gulch Road, No. 67, Soquel, California 95073",Soquel,CA,95073,United States,,,www.abundanceskincare.com,36.9911072,-121.9689049,,,,in_stock,abundance---a-skin-care-studio34f46565accb,2026-09-17T00:03:30.976Z
1926110,Ace Esthetics,"2630 Mattison Lane, Santa Cruz, California 95062",Santa Cruz,CA,95062,United States,,,,36.981938,-121.974087,,,,in_stock,ace-estheticsce98d0d9f16b,2026-09-17T00:02:35.636Z
1263306,Advanced Aesthetic Solutions,"12734 Kenwood Ln Suite 75, Fort Myers, Florida 33907",Fort Myers,FL,33907,United States,,,https://advancedaestheticsolutions.com/,26.554906,-81.8758,,,,in_stock,advanced-aesthetic-solutionsa96727c99cf1,2026-09-17T00:03:13.116Z
1557615,Advanced Dermatology - Katy,"2051 Greenhouse Road Suite 270, Houston, Texas 77084",Houston,TX,77084,United States,,,advanceddermatologymd.com,29.7923339,-95.7067036,,,,in_stock,advanced-dermatology---katy6f04ccb0d7b1,2026-09-17T00:03:51.156Z
1263560,Advanced Dermatology of Seattle,"4915 25Th Ave Ne Ste 207, Seattle, Washington 98105",Seattle,WA,98105,United States,,,https://advanceddermatologyseattle.com,47.66514919999999,-122.3017994,,,,in_stock,advanced-dermatology-of-seattle07f080750c8f,2026-09-17T00:03:50.696Z
1579909,Advanced Dermatology - Pearland,"Memorial Hermann Drive Suite 211, Pearland, Texas 77584",Pearland,TX,77584,United States,,,advanceddermatologymd.com,29.5601584,-95.3906836,,,,in_stock,advanced-dermatology---pearland9e28635643bb,2026-09-17T00:03:48.646Z
1263449,Advanced Plastic Sugery Center,"1635 North George Mason Drive Suite 380, Arlington, Virginia 22205",Arlington,VA,22205,United States,,,advancedplasticsurgerycenter.com,38.8887466,-77.12735579999999,,,,in_stock,advanced-plastic-sugery-center5a630a990054,2026-09-17T00:02:44.052Z
1263363,ADVANCED SKIN AND BODY,"12000 NE 8th St. Ste 200, Bellevue, Washington 98005",Bellevue,WA,98005,United States,,,https://www.eastsidebodyandskin.com,47.6177304,-122.1789724,,,,in_stock,advanced-skin-and-body38cf92447fa8,2026-09-17T00:03:14.435Z
1291696,ADVANCED SKIN AND BODY,"1020 108th Ave Ste 200 Unit 23, Bellevue, Washington 98004",Bellevue,WA,98004,United States,,,http://aesthete-skin.com/,47.6198547,-122.195919,,,,in_stock,aesthete-medspac57bd20ec394,2026-09-17T00:03:54.780Z
3260930,Aesha Medical Aesthetics,"6789 Southpoint Parkway Ste 203, Jacksonville, Florida 32216",Jacksonville,FL,32216,United States,,,,30.2593641,-81.59213629999999,,,,in_stock,aesha-medical-aesthetics1ea7583cd77c,2026-09-17T00:02:28.359Z
2795397,Aesthete Medspa,"1020 108th Ave Ste 200 Unit 23, Bellevue, Washington 98004",Bellevue,WA,98004,United States,,,http://aesthete-skin.com/,47.6198547,-122.195919,,,,in_stock,aesthete-medspa7315b281ba9b,2026-09-17T00:02:47.144Z
1263354,Aesthetic and Gynecology Associates,"25150 Ford Road #200, Dearborn Heights, Michigan 48127",Dearborn Heights,MI,48127,United States,,,obgassociates.com,42.3270667,-83.28434419999999,,,,in_stock,aesthetic-and-gynecology-associatesccceb2dc852e,2026-09-17T00:02:51.610Z
1263277,Aesthetic Artistry Laser Center,"11119 Rockville Pike, Suite 204, Rockville, Maryland 20852",Rockville,MD,20852,United States,,,aestheticartistrymd.com,39.0392105,-77.1083043,,,,in_stock,aesthetic-artistry-laser-centerb28c6cbe9388,2026-09-17T00:02:36.029Z
1263385,Aesthetic Assets,"8415 N PIMA ROAD SUITE 115, Scottsdale, Arizona 85258",Scottsdale,AZ,85258,United States,,,https://aestheticassets.com/,33.5573512,-111.8908603,,,,in_stock,aesthetic-assetsd8f451d03483,2026-09-17T00:03:32.149Z
1263383,Aesthetic Center Breast and Cosmetic Surgery,"615 HALTON ROAD, SUITE 100, GREENVILLE, South Carolina 29607",Greenville,SC,29607,United States,,,http://www.expertplasticsurgeon.com/,34.8375298,-82.336259,,,,in_stock,aesthetic-center-breast-and-cosmetic-surgery7dda9b10f3a6,2026-09-17T00:02:46.861Z
1263662,Aesthetic Co,"640 E. 700 S Suite 10-D, St. George, Utah 84770",St. George,UT,84770,United States,,,https://www.medicalaestheticartinstitute.com/,37.0954275,-113.5689766,,,,in_stock,aesthetic-cod87b8428428f,2026-09-17T00:03:12.726Z
1263754,Aesthetic Medical Studio,"8 Bond Street Suite 200, Great Neck, New York 11021",Great Neck,NY,11021,United States,,,https://www.aesthetic-associates.com/,40.788018,-73.727735,,,,in_stock,aesthetic-medical-studio480c6c3344fa,2026-09-17T00:02:47.082Z
3164536,Aesthetics by Andrea,"1510 Royal Palm Square Boulevard #150, Fort Myers, Florida 33919",Fort Myers,FL,33919,United States,,,,26.5938624,-81.8852486,,,,in_stock,aesthetics-by-andreac5b602bf150b,2026-09-17T00:03:33.480Z
1263340,Aesthetics by Design,"3600 South Logan Street Suite 200, Englewood, Colorado 80113",Englewood,CO,80113,United States,,,www.aestheticsbydesign.com,39.6507653,-104.9826194,,,,in_stock,aesthetics-by-design5f7fd61e1edb,2026-09-17T00:03:40.185Z
1263272,Aesthetics by Dr. Lee,"1850 Douglas Blvd suite 988, Roseville, California 95661",Roseville,CA,95661,United States,,,https://aestheticsbysophia.business.site/,38.7437781,-121.255477,,,,in_stock,aesthetics-by-dr-leed6cae2311171,2026-09-17T00:02:48.160Z
3235906,Aesthetics By Madison,"87 Arnold Drive, Kingston, New York 12401",Kingston,NY,12401,United States,,,,41.9184496,-74.0349621,,,,in_stock,aesthetics-by-madisona23142c8c126,2026-09-17T00:02:56.138Z
2962383,Aesthetics by O,"118 Baker Street, London, W1U 6TU",,,,United Kingdom,,,www.drokeoteri.com,51.5213046,-0.156809,,,,in_stock,aesthetics-by-o58b75046df94,2026-09-17T00:03:46.005Z
1263563,Aesthetics by Sophia,"1950 E Greenway Dr Tempe, AZ 85282, Arizona 85282",E Greenway Dr Tempe,AZ,85282,United States,,,,33.3850639,-111.9025966,,,,in_stock,aesthetics-by-sophiad1f305866e77,2026-09-17T00:02:32.032Z
1263330,Aesthetics Institute - Kami Parsa MD,"465 N. Roxbury Dr. Suite 1011, Beverly Hills, California 90210",Beverly Hills,CA,90210,United States,,,https://www.oculoplastic.info/,34.0680488,-118.4073678,,,,in_stock,aesthetics-institute---kami-parsa-mdda735e2ec5f8,2026-09-17T00:02:45.318Z
1263868,Aesthetics of Atlanta and Wellness,"6160 Peachtree Dunwoody rd, Atlanta, Georgia 30328",Atlanta,GA,30328,United States,,,,33.9232397,-84.3529315,,,,in_stock,aesthetics-of-atlanta-and-wellnesscdc227f23389,2026-09-17T00:02:56.545Z
1263256,Aesthetic Solutions - Dr. Sue Ellen Cox,"5821 Farrington Road Suite 101, Chapel Hill, North Carolina 27517",Chapel Hill,NC,27517,United States,,,http://aesthetic-solutions.com,35.9147559,-78.98432849999999,,,,in_stock,aesthetic-solutions---dr-sue-ellen-cox2ca973850b01,2026-09-17T00:02:32.366Z
1385871,Ageless Aesthetics,"7329 Better Way SE Suite A100, Snoqualmie, Washington 98065",Snoqualmie,WA,98065,United States,,,https://www.northbendface.com/,47.5341361,-121.8397144,,,,in_stock,ageless-aesthetics10218c5f14d4,2026-09-17T00:03:05.345Z
1824755,Ageless Aesthetics LLC,"111 N Washington St. Unit 7, Moscow, Idaho 83843",Moscow,ID,83843,United States,,,https://agelessaestheticsrn.com,46.7339139,-117.0005222,,,,in_stock,ageless-aesthetics-llcbb7eff73cfb8,2026-09-17T00:03:43.583Z
1263601,Ageless Aesthetics MD,"3447 Fall Hill Ave, Fredericksburg, Virginia 22401",Fredericksburg,VA,22401,United States,,,https://www.agelessmedmd.com/about,38.3108062,-77.51181030000001,,,,in_stock,ageless-aesthetics-md1bad40f779ed,2026-09-17T00:02:33.544Z
1263928,Ageless Beauty and Wellness,"8575 East Princess Drive Ste 221, Scottsdale, Arizona 85255",Scottsdale,AZ,85255,United States,,,https://medsurgacademy.com/,33.644942,-111.8937531,,,,in_stock,ageless-beauty-and-wellnessf1d360566251,2026-09-17T00:03:03.872Z
1263604,Ageless Forever Institute,"4615 Ponce de Leon Blvd, Coral Gables, Florida 33146",Coral Gables,FL,33146,United States,,,https://drdanielcampos.com/,25.726851,-80.263026,,,,in_stock,ageless-forever-institute6083de9a910a,2026-09-17T00:03:54.046Z
1335591,Ageless Remedies,"3900 C Colony Rd, Charlotte, NC 28211",Charlotte,NC,28211,United States,,,agelessremedies.com,35.1541299,-80.8243706,,,,in_stock,ageless-remediesfe1cd74ccd70,2026-09-17T00:03:26.558Z
1281132,A Greater Whole,"11702 98th Ave NE, Kirkland, Washington 98034",Kirkland,WA,98034,United States,,,https://agreaterwhole.com/,47.7060805,-122.2101321,,,,in_stock,a-greater-whole53edf89d53d6,2026-09-17T00:02:40.952Z
1263476,A Higher Beauty,"1650 N Raleigh Street Apt 132, Denver, Colorado 80204",Denver,CO,80204,United States,,,https://a-higher-beauty-facial-boutique.square.site/,39.7433179,-105.041172,,,,in_stock,a-higher-beautyb6b3f06b72a1,2026-09-17T00:02:54.637Z
1263729,Airia Comprehensive Dermatology,"618 W Fulton St, Chicago, Illinois 60661",Chicago,IL,60661,United States,,,https://airiadermatology.com/,41.886937,-87.643918,,,,in_stock,airia-comprehensive-dermatologye4f138dbff85,2026-09-17T00:03:34.766Z
1263512,Ajliss Medical Aesthetics - Brea,"445 S. Associated Rd, Brea, California 92821",Brea,CA,92821,United States,,,http://www.ajliss.com,33.9123838,-117.8822264,,,,in_stock,ajliss-medical-aesthetics---breaf0ca9c5efd04,2026-09-17T00:03:46.648Z
1263552,Ajliss Medical Aesthetics - Pasadena,"1388 East Walnut Street, Pasadena, California 91106",Pasadena,CA,91106,United States,,,http://www.ajliss.com/,34.1493987,-118.1216432,,,,in_stock,ajliss-medical-aesthetics---pasadena1c06563a6a47,2026-09-17T00:03:24.320Z
1263255,Ajliss Medical Aesthetics - San Dimas,"913 West Arrow Hwy., San Dimas, California 91773",San Dimas,CA,91773,United States,,,http://www.ajliss.com/,34.1080698,-117.8251669,,,,in_stock,ajliss-medical-aesthetics---san-dimasb504cdcf87e9,2026-09-17T00:03:30.827Z
3046195,Alair Med Spa,"614 Richland Avenue, Lafayette, Louisiana, 70508",Lafayette,LA,70508,United States,,,https://www.alairmedspa.com/,30.1748754,-92.04447239999999,,,,in_stock,alair-med-spa390b1ff03ff1,2026-09-17T00:03:19.565Z
1263460,Alamo City Dermatology,"2829 Babcock #636, San Antonio, Texas 78229",San Antonio,TX,78229,United States,,,www.saucedadermatology.com,29.5136378,-98.59074849999999,,,,in_stock,alamo-city-dermatologyd46e69b53aa3,2026-09-17T00:03:05.979Z
1263246,Alamo Heights Dermatology,"131 W. Sunset Rd Ste. 101, San Antonio, Texas 78209",San Antonio,TX,78209,United States,,,alamoheightsderm.com,29.5075643,-98.4674932,,,,in_stock,alamo-heights-dermatologyd578f3fa0bc3,2026-09-17T00:02:31.870Z
1263579,Alan Rosenbach MD,"2080 Century Park East, Suite 1704, Los Angeles, California 90067",Los Angeles,CA,90067,United States,,,http://www.drrosenbach.com,34.0593473,-118.411199,,,,in_stock,alan-rosenbach-md3a6f37dc3512,2026-09-17T00:03:10.697Z
1263693,Alcheme Medical Spa - Del Mar,"12895 Paseo Village Way. #1240, San Diego, California 92130",San Diego,CA,92130,United States,,,alchemehealth.com,32.9514369,-117.2362061,,,,in_stock,alcheme-medical-spa---del-marc6c4d9106ab2,2026-09-17T00:03:44.671Z
3049474,Align Spa and Align Elevated Med Spa,"1792 Bonanza Drive, Park City, UT 84060",Park City,UT,84060,United States,,,https://alignspa.com/,40.6609333,-111.5002831,,,,in_stock,align-spa-and-align-elevated-med-spabdd2c5e6f3f4,2026-09-17T00:02:33.269Z
2798570,Allium Aesthetics and Wellness,"44751 Brimfield Drive #144, Ashburn, Virginia 20147",Ashburn,VA,20147,United States,,,,39.0505179,-77.4527269,,,,in_stock,allium-aesthetics-and-wellness90e13e242d36,2026-09-17T00:03:39.762Z
1263469,All Phases Dermatology,"6355 Walker Lane Suite 311, Alexandria, Virginia 22310",Alexandria,VA,22310,United States,,,https://www.allphasesdermatology.com/,38.7672049,-77.1607569,,,,in_stock,all-phases-dermatologyf234fe81f344,2026-09-17T00:03:38.797Z
1263432,AllSkin Dermatology,"2828 Telegraph Ave, Berkeley, California 94705",Berkeley,CA,94705,United States,,,www.allskindermatology.com,37.858825,-122.2595841,,,,in_stock,allskin-dermatology891b8ab5a0e7,2026-09-17T00:03:40.868Z
1263465,Allure Dermatology,"5009 South McColl Road, Suite B, Edinburg, Texas 78539",Edinburg,TX,78539,United States,,,http://www.allure-derm.com/,26.2585165,-98.2038054,,,,in_stock,allure-dermatology74ca42337e53,2026-09-17T00:02:42.514Z
1263670,Allure Laser Center and Medspa,"625 4th Ave Ste 301, Kirkland, Washington 98033",Kirkland,WA,98033,United States,,,allurecosmeticsurgery.com,47.6778306,-122.1959389,,,,in_stock,allure-laser-center-and-medspa1ab41bfeb13b,2026-09-17T00:03:10.856Z
1263474,Aloha Laser Vision,"1100 Ward Avenue Suite 1000, Honolulu, Hawaii 96814",Honolulu,HI,96814,United States,,,https://www.alohalaservision.com/,21.3035122,-157.8498528,,,,in_stock,aloha-laser-vision61bd2a630dcd,2026-09-17T00:02:56.712Z
2992931,Altheya Med Spa,"5018 San Pedro Avenue, San Antonio, Texas 78212",San Antonio,TX,78212,United States,,,,29.48004419999999,-98.499005,,,,in_stock,altheya-med-spa7bdfbb47ccb4,2026-09-17T00:03:33.666Z
1263382,Always Beautiful Medspa,"6240 S Main St, Suite 225, Aurora, Colorado 80016",Aurora,CO,80016,United States,,,https://www.alwaysbeautiful.net/,39.6032452,-104.7084381,,,,in_stock,always-beautiful-medspa82c7c88db46a,2026-09-17T00:03:25.746Z
1263780,ALXS SKN GYM,"297 Newbury Street, Suite 31, Boston, Massachusetts 2115",Boston,MA,02115,United States,,,https://www.skngym.com/,42.3490776,-71.0852235,,,,in_stock,alxs-skn-gymb217dfe51a37,2026-09-17T00:02:27.326Z
1263487,Amani Medspa,"1102 East Bloomingdale Ave, Valrico, Florida 33596",Valrico,FL,33596,United States,,,www.amanimedspa.com,27.8938787,-82.26702139999999,,,,in_stock,amani-medspa37b8b00dc063,2026-09-17T00:02:42.248Z
1263463,Amare Aesthetics,"9327 Fairway View Place, Suite 305, Rancho Cucamonga, California 91730",Rancho Cucamonga,CA,91730,United States,,,https://www.amareaesthetics.com,34.0840948,-117.5596328,,,,in_stock,amare-aesthetics868cd44167f2,2026-09-17T00:03:14.510Z
1807294,AM Beauty HI,"3160 Waialae Ave #220 Honolulu, Hawaii 96816",Honolulu,HI,96816,United States,,,https://www.ambeautyhi.com/home,21.2881162,-157.8086903,,,,in_stock,am-beauty-hi293f432add56,2026-09-17T00:02:32.606Z
1263353,Amy Lewis MD,"120 E 75th St #1a, NYC, New York 10021",Nyc,NY,10021,United States,,,https://www.amyblewismd.com/,40.7724635,-73.9615603,,,,in_stock,amy-lewis-md8a61726d9f77,2026-09-17T00:02:27.728Z
1263632,Ananya Aesthetics,"766 E. Colorado Blvd., Ste 107, Pasadena, California 91101",Pasadena,CA,91101,United States,,,https://www.ananyaaesthetics.com/,34.1455342,-118.1344687,,,,in_stock,ananya-aesthetics4e27f44098d8,2026-09-17T00:03:33.403Z
2177492,A New Dawn Wellness Center,"14220 N Northsight Blvd, Ste 150, Scottsdale, Arizona 85260",Scottsdale,AZ,85260,United States,,,www.anewdawnwellness.com,33.6149186,-111.8992855,,,,in_stock,a-new-dawn-wellness-center20ac287a202f,2026-09-17T00:03:56.532Z
1263554,Anita Patel MD,"9730 Wilshire Blvd #104, Beverly Hills, California 90210",Beverly Hills,CA,90210,United States,,,http://www.anitapatelmd.com/,34.0668534,-118.4075018,,,,in_stock,anita-patel-mdc13310d076ab,2026-09-17T00:03:45.417Z
1263815,aNu Aesthetics and Optimal Wellness - Leawood,"11401 Nall Avenue, Leawood, Kansas 66211",Leawood,KS,66211,United States,,,,38.9215502,-94.64853699999999,,,,in_stock,anu-aesthetics-and-optimal-wellness---leawoodeb29d8ff14eb,2026-09-17T00:02:35.182Z
1263506,aNu Aesthetics and Optimal Wellness - North Location,"10090 NW Prairie View Road, Kansas City, Missouri 64153",Kansas City,MO,64153,United States,,,https://anuaesthetics.com/,39.2772874,-94.6734955,,,,in_stock,anu-aesthetics-and-optimal-wellness---north-locationa5c8f5bb454c,2026-09-17T00:02:56.654Z
1263808,aNu Aesthetics and Optimal Wellness - River Market,"547 Grand Blvd, Kansas City, Missouri 64106",Kansas City,MO,64106,United States,,,,39.1075684,-94.57978949999999,,,,in_stock,anu-aesthetics-and-optimal-wellness---river-market8e67cb05d302,2026-09-17T00:02:27.885Z
1263885,Apogee Medical Aesthetics,"712 Washington St, Port Townsend, Washington 98368",Port Townsend,WA,98368,United States,,,https://www.apogeemedicalaesthetics.com/,48.1159628,-122.7557385,,,,in_stock,apogee-medical-aesthetics0bc57ef9b314,2026-09-17T00:02:47.663Z
1263660,Apothica/Gateway Aesthetic Institute,"171 South Rio Grande St Suite B, Salt Lake City, Utah 84101",Salt Lake City,UT,84101,United States,,,https://www.gatewaylasercenter.com/apothica.html,40.7656851,-111.9033785,,,,in_stock,apothicagateway-aesthetic-institute9c5512fa8352,2026-09-17T00:03:41.057Z
1263535,Arcadia Wellness Center,"2701 E. Camelback Rd #163, Phoenix, Arizona 85016",Phoenix,AZ,85016,United States,,,www.arcadiawellnesscenter.com,33.509178,-112.0239867,,,,in_stock,arcadia-wellness-center1410c226c6b3,2026-09-17T00:03:50.110Z
1263251,Arlington Center for Dermatology,"711 E. Lamar Blvd. Ste. 200, Arlington, Texas 76011",Arlington,TX,76011,United States,,,www.acderm.com,32.7651236,-97.10159759999999,,,,in_stock,arlington-center-for-dermatologydfe1b4c6e839,2026-09-17T00:03:37.181Z
1263651,Arya Dermatology,"459 Geary Street Suite 400, San Francisco, California 94102",San Francisco,CA,94102,United States,,,https://www.aryaderm.com/,37.78688229999999,-122.4108404,,,,in_stock,arya-dermatology3c81f1e30496,2026-09-17T00:03:21.327Z
1263629,A Smoother Image,"168 Lewis St, Lynn, Massachusetts 1902",Lynn,MA,01902,United States,,,www.asmootherimage.com,42.4653789,-70.93222709999999,,,,in_stock,a-smoother-imagea2cd33f74c19,2026-09-17T00:03:06.268Z
1263271,Aspire Med Spa,"14805 w 64th ave unit B Arvada, CO 80007, Colorado 80007",Ave Unit B Arvada,CO,80007,United States,,,https://denvermedispa.com/,39.8131592,-105.1656674,,,,in_stock,aspire-med-spa16e07e307ef0,2026-09-17T00:03:56.470Z
1548558,Atlanta North Dermatology & Skin Care,"100 Stoneforest Drive, Suite 320, Woodstock, Georgia, 30189",Woodstock,GA,30189,United States,,,https://atlantanorthdermatology.com/,34.1035498,-84.5380274,,,,in_stock,atlanta-north-dermatology--skin-care1f5aa650647e,2026-09-17T00:02:44.343Z
3250434,Aura Aesthetics & Longevity Clinic,"15 Diamond Drive, Key West, Florida 33040",Key West,FL,33040,United States,,,www.auraclinicflorida.com,24.6003193,-81.6536643,,,,in_stock,aura-aesthetics--longevity-clinica00a954a85a7,2026-09-17T00:03:53.175Z
1263569,Aura Sculpt,"1482 Northern Blvd, Manhasset, New York 11030",Manhasset,NY,11030,United States,,,https://www.aurasculpt.com/,40.7933031,-73.6918347,,,,in_stock,aura-sculpt0c79fec08900,2026-09-17T00:03:01.008Z
3060120,Aurora Beauty Lounge,"601 East Pioneer Avenue Ste 213, Homer, Alaska 99603",Homer,AK,99603,United States,,,https://www.aurorabeautyloungeak.com/contact,59.64794819999999,-151.5288261,,,,in_stock,aurora-beauty-lounge2707f7facccc,2026-09-17T00:03:24.666Z
2838289,Austin Plastic Surgeon,"325 East Sonterra Boulevard Suite 220, San Antonio, Texas 78258",San Antonio,TX,78258,United States,,,austinplcasticsurgeon.com,29.6169275,-98.4899272,,,,in_stock,austin-plastic-surgeon0413d8351448,2026-09-17T00:03:45.868Z
1992008,Austin Plastic Surgeon,"10622 Burnet Road #100, Austin, Texas 78758",Austin,TX,78758,United States,,,austinplcasticsurgeon.com,30.390736,-97.72261820000001,,,,in_stock,austin-plastic-surgeon20e67b694d18,2026-09-17T00:03:50.637Z
1263472,Austin Weston Center for Cosmetic Surgery,"1825 Samuel Morse Drive Suite A, Reston, Virginia 20190",Reston,VA,20190,United States,,,austin-weston.com,38.9474325,-77.33069239999999,,,,in_stock,austin-weston-center-for-cosmetic-surgery100acee249b3,2026-09-17T00:02:49.301Z
1263254,AVA MD - Beverly Hills,"9915 Santa Monica Boulevard, Attn Liz Romero, Beverly Hills, California 90212",Beverly Hills,CA,90212,United States,,,https://avamd.com/,34.0664772,-118.4112143,,,,in_stock,ava-md---beverly-hills42a613068476,2026-09-17T00:03:42.119Z
1263307,Ava MD - Santa Monica,"2021 Santa Monica Boulevard, Suite 600E Attn Kim Friedman, Santa Monica, California 90404",Santa Monica,CA,90404,United States,,,https://avamd.com/,34.0296723,-118.4799243,,,,in_stock,ava-md---santa-monicaa45e42572c9f,2026-09-17T00:03:33.603Z
1263575,Avance Plastic Surgery,"5570 Longley Lane Suite A, Reno, Nevada 89511",Reno,NV,89511,United States,,,https://www.avanceplasticsurgery.com/,39.4686549,-119.7677114,,,,in_stock,avance-plastic-surgery16d0878ad709,2026-09-17T00:03:44.290Z
1263399,Avant Dermatology,"8580 N Oracle Road Suite 140, Oro Valley, Arizona 85704",Oro Valley,AZ,85704,United States,,,www.avantdermatology.com,32.3619705,-110.9705023,,,,in_stock,avant-dermatology9f7bda907fc6,2026-09-17T00:03:50.760Z
1263901,Ave Medical Laser Spa,"1201 4th St. suite 101, Sioux City, Iowa 51101",Sioux City,IA,51101,United States,,,https://avemedspa.com/,42.4944999,-96.3946347,,,,in_stock,ave-medical-laser-spa30575f61d639,2026-09-17T00:03:54.106Z
1263902,Aventura Dermatology - Bertha Baum,"18801 NE 29 Ave., Aventura, Florida 33180",Aventura,FL,33180,United States,,,https://aventuradermatology.com/,25.9494719,-80.14238360000002,,,,in_stock,aventura-dermatology---bertha-baum054ae4c08308,2026-09-17T00:03:15.544Z
1263806,Aviva Dermatology,"915 Gessner Road Suite 500, Houston, Texas 77024",Houston,TX,77024,United States,,,https://www.avivaderm.com/,29.7802,-95.545098,,,,in_stock,aviva-dermatology6e525987321f,2026-09-17T00:03:21.638Z
1263331,AW Plastic Surgery,"500 Market St, #1B, Portsmouth, New Hampshire 3801",Portsmouth,NH,03801,United States,,,www.awplasticsurgery.com,43.0822036,-70.76260649999999,,,,in_stock,aw-plastic-surgery736224e6bdf2,2026-09-17T00:03:24.855Z
1263418,Azar Plastic Surgery and Med Spa,"425 Haaland Drive Suite #200, Thousand Oaks, California 91361",Thousand Oaks,CA,91361,United States,,,https://www.azarplasticsurgery.com/,34.1756086,-118.8699661,,,,in_stock,azar-plastic-surgery-and-med-spa9020758575a5,2026-09-17T00:02:53.493Z
1263248,AZ Skin Studio - Skintegrity Aesthetics,"1011 N Craycroft Rd Suite 460, Tucson, Arizona 85711",Tucson,AZ,85711,United States,,,,32.234891,-110.8759791,,,,in_stock,az-skin-studio---skintegrity-aestheticsec954f396a49,2026-09-17T00:03:47.112Z
1263426,Bala Aesthetic Medispa - Dr. Sriram Bala,"2021-B Emmmorton Rd, #224, Bel Air, Maryland 21015",Bel Air,MD,21015,United States,,,http://www.balamedispa.com/,39.5009288,-76.32542070000001,,,,in_stock,bala-aesthetic-medispa---dr-sriram-balac26109e124dc,2026-09-17T00:03:19.911Z
1263286,Ballantyne Plastic Surgery,"14135 Ballantyne Coprorate Pl, Suite 150, Charlotte, North Carolina 28277",Charlotte,NC,28277,United States,,,www.ballantyneplasticsurgery.com,35.05752090000001,-80.8569076,,,,in_stock,ballantyne-plastic-surgeryd580f08b9d8a,2026-09-17T00:03:34.295Z
1263891,Bardin Dermatology,"111 N Royal Street, Deridder, Louisiana 70634",Deridder,LA,70634,United States,,,,30.847482,-93.29199829999999,,,,in_stock,bardin-dermatologydad86f355555,2026-09-17T00:03:21.779Z
1263863,Bare Body Laser Spa,"400 East 56th Street Suite 1, Manhattan, New York 10022",Manhattan,NY,10022,United States,,,http://barebodylaser.com/,40.7572394,-73.96294630000001,,,,in_stock,bare-body-laser-spa1b44fcc4b4d3,2026-09-17T00:02:40.461Z
1263630,Basuk Dermatology,"2011 Union Boulevard, Suite 1, Bay Shore, New York 11706",Bay Shore,NY,11706,United States,,,http://www.basukdermatology.com/contact/,40.728618,-73.2392215,,,,in_stock,basuk-dermatology38962b8ea562,2026-09-17T00:02:57.003Z
1263682,Baumholtz Plastic Surgery,"4083 De Zavala Road, Shavano Park, Texas 78249",Shavano Park,TX,78249,United States,,,baumholtzplasticsurgery.com,29.5782613,-98.5638824,,,,in_stock,baumholtz-plastic-surgery8ed42efa8feb,2026-09-17T00:03:55.892Z
2948951,BBUN Beauty,"2480 W Happy Valley Rd UNIT 1205, Phoenix, Arizona 85085",Phoenix,AZ,85085,United States,,,https://bbunbeauty.com/,33.7152032,-112.1124033,,,,in_stock,bbun-beautycce2f66771b8,2026-09-17T00:02:57.365Z
1263677,Beautemed Spa,"12727 Kimberley Lane #202, Houston, Texas 77024",Houston,TX,77024,United States,,,https://www.leibmangyn.com/,29.7746653,-95.55820039999999,,,,in_stock,beautemed-spa71cc133cd674,2026-09-17T00:02:49.934Z
1263250,Beautique Med Spa,"501 North Ware Road, McAllen, Texas 78501",Mcallen,TX,78501,United States,,,https://beautiquemedicalspa.com/,26.2124606,-98.26128539999999,,,,in_stock,beautique-med-spaba776324878b,2026-09-17T00:03:13.642Z
1263558,Beauty and Body Med Lounge and Spa,"1450 Washington St., San Diego, California 92103",San Diego,CA,92103,United States,,,beautyandbodylounge.com,32.7521086,-117.1501397,,,,in_stock,beauty-and-body-med-lounge-and-spa2ae70b51c383,2026-09-17T00:02:36.992Z
1263379,Beauty Cult,"1312 Aviation Blvd, Redondo Beach, California 90278",Redondo Beach,CA,90278,United States,,,https://www.joinbeautycult.com,33.866101,-118.3853819,,,,in_stock,beauty-cult06e97dcb648e,2026-09-17T00:02:48.438Z
3239297,Beauty Culture,"522 N. Gilbert Road, Suite 103, Gilbert, Arizona 85234",Gilbert,AZ,85234,United States,,,https://beautycultureaz.com/,33.359993,-111.7902318,,,,in_stock,beauty-cultureec20823da7ec,2026-09-17T00:03:28.477Z
1263229,BeautyMarx,"252 W Swamp Road #37, Doylestown, Pennsylvania 18901",Doylestown,PA,18901,United States,,,https://www.beautymarxmed.com/,40.3319347,-75.1383537,,,,in_stock,beautymarx7b3c7197ce4c,2026-09-17T00:03:37.818Z
1263578,Becker Cosmetic Center,"1427 Jefferson Avenue, Suite 101, Enumclaw, Washington 98022",Enumclaw,WA,98022,United States,,,https://www.drnancybecker.com/provider,47.2077569,-121.9892059,,,,in_stock,becker-cosmetic-centerd53f6081b56c,2026-09-17T00:02:36.666Z
2853961,Bel-Art Aesthetics,"302 Delano Road, Marion, Massachusetts 02738",Marion,MA,02738,United States,,,https://www.belartspa.com/,41.7209598,-70.7288263,,,,in_stock,bel-art-aesthetics29f2058bed60,2026-09-17T00:03:01.395Z
1263480,Bella Cosmetic Surgery,"120 Waterfront Street Suite 400, Oxin Hill, Maryland 20745",Oxin Hill,MD,20745,United States,,,www.bellacosmeticsurgery.com,38.7855833,-77.0153938,,,,in_stock,bella-cosmetic-surgery32c168a45806,2026-09-17T00:02:55.202Z
1427723,Belle Ame Esthetics,"221 San Antonio Road, La Vernia, Texas 78121",La Vernia,TX,78121,United States,,,https://belleameesthetics.com/,29.3554316,-98.12154629999999,,,,in_stock,belle-ame-estheticsc87f7965e921,2026-09-17T00:03:01.821Z
1263339,BenaBeauty,"1523 4TH AVE NORTH, GREAT FALLS, Montana 59401",Great Falls,MT,59401,United States,,,,47.5098431,-111.280267,,,,in_stock,benabeautyf35fbbc14587,2026-09-17T00:02:41.565Z
1801734,Bermuzki Spa,"2007 West Hedding Street, San Jose, California 95128",San Jose,CA,95128,United States,,,https://www.bermuzkispa.com/,37.3319643,-121.9350895,,,,in_stock,bermuzki-spaed07ea0dd463,2026-09-17T00:02:55.977Z
1263908,Beso Aesthetics,"1049 5th Ave Suite 1A, New York, New York 10028",New York,NY,10028,United States,,,https://besoaesthetics.com/,40.7812991,-73.96038399999999,,,,in_stock,beso-aesthetics85d59b7fde8c,2026-09-17T00:03:08.661Z
1311536,Beso Aesthetics - Fresh Meadows,"73-28 196th Place, Fresh Meadows, New York 11366",Fresh Meadows,NY,11366,United States,,,https://besoaesthetics.com/,40.7345074,-73.77589329999999,,,,in_stock,beso-aesthetics---fresh-meadowsd41152808da0,2026-09-17T00:02:42.316Z
1336090,Beso Wellness and Beauty,"4731 E Union Hills Dr # 114, Phoenix, AZ 85050",Phoenix,AZ,85050,United States,,,https://www.besowb.com/,33.6545922,-111.9797111,,,,in_stock,beso-wellness-and-beautyd24365bb29f0,2026-09-17T00:03:50.953Z
1263502,Between the Lines - Michael Perline MD,"6770 Oak Hall Lane Suite 123, Columbia, Maryland 21045",Columbia,MD,21045,United States,,,http://betweenthelinesmedispa.com/BTL/welcome.html,39.1858363,-76.8222758,,,,in_stock,between-the-lines---michael-perline-md0a05af7febd7,2026-09-17T00:03:31.859Z
1263671,Beyond Aesthetics,"2335 American River Drive Suite 402, Sacramento, California 95825",Sacramento,CA,95825,United States,,,http://www.beyondaesthetics.co/,38.5704416,-121.4090982,,,,in_stock,beyond-aestheticsa4a9c03b7020,2026-09-17T00:03:19.764Z
1263749,Bill Bell MD,"7040 Avenida Encinas #110, Carlsbad, California 92011",Carlsbad,CA,92011,United States,,,www.billgbellmd.com,33.1022065,-117.3119322,,,,in_stock,bill-bell-md51f14a10ace6,2026-09-17T00:02:57.679Z
2586433,Bioglow Medspa,"1500 Precision Dr Suite 110, Sherman, Texas 75070",Sherman,TX,75070,United States,,,www.mybioglow.com,33.0138804,-96.6920347,,,,in_stock,bioglow-medspac231f6a66629,2026-09-17T00:03:36.529Z
3245669,Black Raven Esthetics,"111 Clearview Dr, Downingtown, Pennsylvania 19335",Downingtown,PA,19335,United States,,,,40.0410802,-75.77946419999999,,,,in_stock,black-raven-esthetics31fbc3d58240,2026-09-17T00:03:50.573Z
1263706,Bliss Medical Spa,"15100 Traditions Blvd, Suite 2, Edmond, Oklahoma 73013",Edmond,OK,73013,United States,,,Www.blissmedicalspaokc.com,35.6239157,-97.5212309,,,,in_stock,bliss-medical-spa346e77e44f7c,2026-09-17T00:02:33.632Z
1263489,Blue Mussel Aesthetics,"800 Glacier Ave. Ste 103, Juneau, Alaska 99801",Juneau,AK,99801,United States,,,www.bluemusselaesthetics.com,58.30028040000001,-134.4204569,,,,in_stock,blue-mussel-aestheticse8bec223c346,2026-09-17T00:03:44.162Z
3164540,Blush Boutique and Spa,"209 N Stanton St, El Paso, Texas 79901",El Paso,TX,79901,United States,,,https://www.blushskin.com/,31.759565,-106.4868595,,,,in_stock,blush-boutique-and-spa284617af3f8b,2026-09-17T00:03:34.696Z
3195622,Blusonil,"15125 North Scottsdale Road, Scottsdale, Arizona 85254",Scottsdale,AZ,85254,United States,,,https://www.blusonil.com/,33.6242391,-111.9232782,,,,in_stock,blusonil32b3a3261898,2026-09-17T00:02:47.590Z
2795396,Body Balance Health and Aesthetics Medicine,"1905 SE 192nd Ave STE 201, Camas, Washington 98607",Camas,WA,98607,United States,,,https://bodybalancemed.com,45.6073009,-122.4755595,,,,in_stock,body-balance-health-and-aesthetics-medicine4e2e64624920,2026-09-17T00:02:59.865Z
3258189,Body Edit at Dakota Dunes,"370 West Anchor Drive Suite 100, Dakota Dunes, South Dakota 57049",Dakota Dunes,SD,57049,United States,,,,42.5051998,-96.4986397,,,,in_stock,body-edit-at-dakota-dunes7c623ecc0f78,2026-09-17T00:03:45.789Z
2962378,Borciani London Ltd,"70 Chepstow Road, London, W2 5BE",,,,United Kingdom,,,www.borcianilondon.com,51.5170993,-0.1955316,,,,in_stock,borciani-london-ltd1fce04c7a686,2026-09-17T00:03:41.385Z
1263483,Boston Facial Plastic Surgery,"500 Congress Street, Suite 2A, Quincy, Massachusetts 2169",Quincy,MA,02169,United States,,,www.bostonfacialplastics.com,42.234632,-71.0162539,,,,in_stock,boston-facial-plastic-surgerybdbc6ac9ce57,2026-09-17T00:03:07.994Z
1263509,BRIGHTWATER The Spa at Skin Care Institute,"10705 Charter Drive, Suite 330, Columbia, Maryland 21044",Columbia,MD,21044,United States,,,https://www.brightwaterspa.com/,39.21138180000001,-76.8834888,,,,in_stock,brightwater-the-spa-at-skin-care-institutebc9084b52cf0,2026-09-17T00:03:27.097Z
1263279,Brio Aesthetics,"201 North Main Street Second Floor, Greenville, South Carolina 29601",Greenville,SC,29601,United States,,,https://lifewithbrio.com/contact/,34.8527278,-82.39849009999999,,,,in_stock,brio-aesthetics3699947ba7a0,2026-09-17T00:03:36.975Z
2790985,Brower Plastic Surgery,"235 Plain St #202, Providence, Rhode Island 02905",Providence,RI,02905,United States,,,https://www.browerplasticsurgery.com/,41.809209,-71.4110231,,,,in_stock,brower-plastic-surgery1706acee83f6,2026-09-17T00:03:46.517Z
1263542,Bryn Mawr Dermatology - Collegeville,"534 2nd Ave #101, Collegeville, Pennsylvania 19426",Collegeville,PA,19426,United States,,,http://www.brynmawrdermatology.com/,40.1780987,-75.4582724,,,,in_stock,bryn-mawr-dermatology---collegeville84f8a730b621,2026-09-17T00:03:19.631Z
1263699,Brzowski Plastic Surgery,"1525 East 6000 South Suite C, Ogden, Utah 84405",Ogden,UT,84405,United States,,,http://www.brzowski.com/,41.1535299,-111.9402482,,,,in_stock,brzowski-plastic-surgery24d3c61126da,2026-09-17T00:02:34.374Z
1263265,Bucay Dermatology - San Antonio,"326 W. Craig Place, San Antonio, Texas 78212",San Antonio,TX,78212,United States,,,drvivianbucay.com,29.4517383,-98.49857229999999,,,,in_stock,bucay-dermatology---san-antoniob844f400d43f,2026-09-17T00:03:49.255Z
1451360,Bucky Body Center,"1915 Sansom Street, Philadelphia, Pennsylvania 19103",Philadelphia,PA,19103,United States,,,https://buckybodycenter.com/,39.9512756,-75.1730184,,,,in_stock,bucky-body-centera0efa44a75fe,2026-09-17T00:03:32.892Z
1263732,Buffalo Medical Group,"425 Essjay Rd. Suite 130, Williamsville, New York 14221",Williamsville,NY,14221,United States,,,https://www.buffalomedicalgroup.com/staff/zoey-glick-m-d/,42.96990419999999,-78.73698209999999,,,,in_stock,buffalo-medical-group8920d57e75c3,2026-09-17T00:03:48.447Z
1263438,Cadella Medical Spa,"34 E. Oak Street, 6th floor, Chicago, Illinois 60611",Chicago,IL,60611,United States,,,www.cadellamedspa.com,41.90098649999999,-87.6270062,,,,in_stock,cadella-medical-spa49b11576d3dc,2026-09-17T00:02:40.158Z
1263726,"Cal Dermatology, PC","2323 de la Vina, 101, Santa Barbara, California 93105",Santa Barbara,CA,93105,United States,,,https://www.calderm.co/,34.4318993,-119.721397,,,,in_stock,cal-dermatology-pccf73a07ca451,2026-09-17T00:03:46.458Z
1263325,Calkin and Boudreaux Dermatology,"2625 Fair Oaks Blvd Unit 1, Sacramento, California 95864",Sacramento,CA,95864,United States,,,www.sacdermatology.com,38.574795,-121.4007512,,,,in_stock,calkin-and-boudreaux-dermatology1d0433bffe4f,2026-09-17T00:03:50.890Z
2529814,Calyx Dermatology,"612 Encino Place NE, Albuquerque, New Mexico 87114",Albuquerque,NM,87114,United States,,,https://www.calyxdermatology.com/about/,35.0876134,-106.6321361,,,,in_stock,calyx-dermatology6b0a32355075,2026-09-17T00:03:11.199Z
1263468,CaMar Med Spa,"102 Buford Avenue, Suite C, Anderson, South Carolina 29621",Anderson,SC,29621,United States,,,https://www.camarmedspa.com/,34.5242163,-82.6355585,,,,in_stock,camar-med-spab1f074b98306,2026-09-17T00:03:43.516Z
1263605,Cannery Row Medical Aesthetics,"550 Wave Street, Suite 2, Monterey, California 93940",Monterey,CA,93940,United States,,,https://crmedicalaesthetics.com/,36.6140105,-121.8993947,,,,in_stock,cannery-row-medical-aesthetics3000422083fa,2026-09-17T00:03:26.338Z
1765505,Canvas Beauty LLC,"220 W 8th street Port Angeles, Washington 98362",Street Port Angeles,WA,98362,United States,,,https://canvasbeauty.org,48.1140036,-123.4421361,,,,in_stock,canvas-beauty-llca0538bed7c5b,2026-09-17T00:03:36.463Z
1263241,"Carla J Bauman, MD","626 120th Avenue NE Suite B104, Bellevue, Washington 98005",Bellevue,WA,98005,United States,,,cjbmd.com,47.6159068,-122.1796727,,,,in_stock,carla-j-bauman-mdade6e8c6ab44,2026-09-17T00:03:20.316Z
1615727,Carlisle Dermatology,"41 Eastgate Drive, Carlisle, Pennsylvania 17015",Carlisle,PA,17015,United States,,,https://carlisledermatology.com/,40.1779351,-77.21217750000001,,,,in_stock,carlisle-dermatologyb1d8b2f489e8,2026-09-17T00:03:04.116Z
2796377,Carlos Spera MD,"12575 Orange Drive STE 303, Davie, Florida 33330",Davie,FL,33330,United States,,,https://www.carlosspera.com/,26.0658491,-80.3176888,,,,in_stock,carlos-spera-md15c99d26a22d,2026-09-17T00:02:27.163Z
1263922,Carolina Dermatology,"933 St. Andrews Blvd, Charleston, South Carolina 29407",Charleston,SC,29407,United States,,,https://www.carolinadermatologyofcharleston.com/,32.7929389,-79.99040320000002,,,,in_stock,carolina-dermatologyaa57bb0a50c8,2026-09-17T00:02:37.300Z
1263264,Carolina Plastic Surgery and Aesthetics,"920 Woodruff Road, Greenville, South Carolina 29607",Greenville,SC,29607,United States,,,https://www.ghs.org/healthcareservices/surgery/carolina-plastic-surgery-aesthetics/,34.8359756,-82.31898989999999,,,,in_stock,carolina-plastic-surgery-and-aesthetics98e7480259a5,2026-09-17T00:02:54.126Z
1263310,Caroline Price MD,"10 Enterprises Blvd. #207, Greenville, South Carolina 29615",Greenville,SC,29615,United States,,,carolinepricedermatology.com,34.8567486,-82.32749179999999,,,,in_stock,caroline-price-mda5811b95b6ff,2026-09-17T00:03:54.719Z
1263824,CA Skin & Body Clinic,"2525 S Telshor Blvd. Suite 202, Las Cruces, New Mexico 88011",Las Cruces,NM,88011,United States,,,https://www.caskinandbody.com/,32.2917265,-106.7336459,,,,in_stock,ca-skin--body-clinic3aa80a1f535b,2026-09-17T00:03:18.986Z
1263614,Cavalon Aesthetics,"9621 Ridgetop Blvd NW, Silverdale, Washington 98383",Silverdale,WA,98383,United States,,,http://www.cavalonaesthetics.com,47.6543712,-122.6775569,,,,in_stock,cavalon-aestheticsab616234b775,2026-09-17T00:02:47.968Z
1263714,Cedars Sinai Dermatology,"99 N. La Cienega Blvd Suite 202, Beverly Hills, California 90211",Beverly Hills,CA,90211,United States,,,,34.0672885,-118.3766008,,,,in_stock,cedars-sinai-dermatology628f1412adb1,2026-09-17T00:03:49.092Z
2551581,Celestial Skin,"821 Harrison Ave, Leadville, CO 80461",Leadville,CO,80461,United States,,,https://www.celestialskinco.com/,39.251055,-106.2931072,,,,in_stock,celestial-skin6d52bf63ffdf,2026-09-17T00:03:07.851Z
1263397,Cenla Dermatology,"1587 North Bolton Ave. S. 1300, Alexandria, Louisiana 71303",Alexandria,LA,71303,United States,,,https://cenladerm.com/,31.3146332,-92.4693039,,,,in_stock,cenla-dermatology10861062c498,2026-09-17T00:03:26.409Z
1263291,Center For Sight - John P Fezza MD,"2601 S. Tamiami Trail, Sarasota, Florida 34239",Sarasota,FL,34239,United States,,,http://www.centerforsight.net/,27.3105936,-82.5296199,,,,in_stock,center-for-sight---john-p-fezza-mdef4d92a1f0df,2026-09-17T00:03:21.251Z
1674136,Central Austin Dermatology & Aesthetics ,"2700 West Anderson Lane Suite 403, Austin, Texas 78757",Austin,TX,78757,United States,,,centralaustinderm.com,30.3585954,-97.7346941,,,,in_stock,central-austin-dermatology--aesthetics-f69f320d87ed,2026-09-17T00:03:21.411Z
1263387,Central Park South Dermatology,"200 Central Park South Suite 108, New York, New York 10019",New York,NY,10019,United States,,,www.cpsderm.com,40.7667144,-73.9796362,,,,in_stock,central-park-south-dermatology301153d4dc2b,2026-09-17T00:03:41.849Z
1263911,Central Utah Dermatology,"861 N Main St, Richfield, Utah 84701",Richfield,UT,84701,United States,,,https://www.centralutahdermatology.com/,38.7803166,-112.0853861,,,,in_stock,central-utah-dermatology1db80eda537e,2026-09-17T00:02:41.720Z
1263564,Changes Day & Medical Spa,"2645 Whiskey Road Suite 106A, Aiken, South Carolina 29803",Aiken,SC,29803,United States,,,http://www.changesofaiken.com/contact.php,33.5029602,-81.7085601,,,,in_stock,changes-day--medical-spa9119e41c5316,2026-09-17T00:03:36.914Z
1263820,Cheng Medical Corp.,"12945 Saratoga Ave, Saratoga, California 95070",Saratoga,CA,95070,United States,,,,37.2807284,-122.0039569,,,,in_stock,cheng-medical-corp7ae1815b216f,2026-09-17T00:03:40.934Z
1263865,CHERNOFF COSMETIC SURGERY,"1701 4TH STREET, SUITE 200, SANTA ROSA, California 95404",Santa Rosa,CA,95404,United States,,,http://www.drchernoff.com,38.4488571,-122.6993367,,,,in_stock,chernoff-cosmetic-surgerycd1cc6ad124e,2026-09-17T00:02:36.154Z
1263720,Chesapeake Plastic Surgery,"802 Bestgate Road, Ste. A, Annapolis, Maryland 21401",Annapolis,MD,21401,United States,,,barlowmd.com,38.9949039,-76.5363141,,,,in_stock,chesapeake-plastic-surgery637bb051cd13,2026-09-17T00:03:47.419Z
1263298,Chevy Chase Facial Plastic Surgery,"7201 Wisconsin Ave, Set 515, Bethesda, Maryland 20814",Bethesda,MD,20814,United States,,,www.chevychaseface.com,38.9818461,-77.09250949999999,,,,in_stock,chevy-chase-facial-plastic-surgery5c0de871f2bb,2026-09-17T00:02:40.584Z
1263443,Chicago Cosmetic Surgery and Dermatology,"20 West Kinzie Suite 1130, Chicago, Illinois 60654",Chicago,IL,60654,United States,,,https://www.chicagodermatology.com/,41.8893794,-87.628942,,,,in_stock,chicago-cosmetic-surgery-and-dermatologybf206afa1321,2026-09-17T00:03:42.035Z
1263457,CHMG Plastic Surgery,"1002 North Church Street Suite 100, Greensboro, North Carolina 27401",Greensboro,NC,27401,United States,,,www.conehealthmedicalgroup.com,36.0886497,-79.7839012,,,,in_stock,chmg-plastic-surgeryc327c494549a,2026-09-17T00:03:21.037Z
1263514,Cirillo Cosmetic Dermatology Spa,"919 Conestoga Road Building 2 Suite 105, Bryn Mawr, Pennsylvania 19010",Bryn Mawr,PA,19010,United States,,,http://www.cirillodermatology.com/,40.025892,-75.335342,,,,in_stock,cirillo-cosmetic-dermatology-spa69b2c9911bcc,2026-09-17T00:03:35.095Z
1676309,Clear Skin for You,"3213 Corporate Court, Ellicott City, Maryland 21042",Ellicott City,MD,21042,United States,,,https://clearskinforyou.com/,39.2822419,-76.8630836,,,,in_stock,clear-skin-for-you72887a37867a,2026-09-17T00:03:49.326Z
1263887,Clemson Eye Aesthetics,"360 Pelham Road, GREENVILLE, South Carolina 29615",Greenville,SC,29615,United States,,,,34.8599037,-82.33958559999999,,,,in_stock,clemson-eye-aesthetics026c8301a95a,2026-09-17T00:03:34.827Z
1263428,Cleveland Clinic,"2035 East 86th Street, Cleveland, Ohio 44106",Cleveland,OH,44106,United States,,,http://my.clevelandclinic.org/services/wellness,41.502091,-81.6267117,,,,in_stock,cleveland-clinic0c8eb9ca9e01,2026-09-17T00:03:39.218Z
1263580,Colorado Skin Care,"3701 South Clarkson Street Suite 320, Englewood, Colorado 80113",Englewood,CO,80113,United States,,,www.coskincare.com,39.6492722,-104.9786294,,,,in_stock,colorado-skin-cared706236e704a,2026-09-17T00:02:53.624Z
3182492,Colorado Springs Dermatology,"170 S Parkside Dr, Colorado Springs, Colorado 80910",Colorado Springs,CO,80910,United States,,,https://coloradospringsdermatologyclinic.com/,38.829615,-104.7866444,,,,in_stock,colorado-springs-dermatologyb489000bc0ec,2026-09-17T00:03:45.354Z
1263724,Complete Care Med Spa,"4902 Irvine Center Dr., Suite 103, Irvine, California 92604",Irvine,CA,92604,United States,,,www.completecaremedicalspa.com,33.6854788,-117.7863039,,,,in_stock,complete-care-med-spa585d340465db,2026-09-17T00:03:04.980Z
1263372,Complete Skin MD,"225 E 64th Street Floor 2, New York, New York 10065",New York,NY,10065,United States,,,https://www.completeskinmd.com/,40.7642135,-73.9625976,,,,in_stock,complete-skin-md6858bec9da8b,2026-09-17T00:03:35.302Z
1645368,Complexion Perfexion,"44 Old Ridgefield Road, Suite 107, Wilton, Connecticut 06897",Wilton,CT,06897,United States,,,https://www.complexionperfexion.com/,41.194897,-73.43363699999999,,,,in_stock,complexion-perfexion363c9f83f2a1,2026-09-17T00:02:43.100Z
3182493,COMPLEXION THERAPY LLC,"418 South Fir Street, Kennewick, Washington, 99336",Kennewick,WA,99336,United States,,,https://complexiontherapy.glossgenius.com/,46.2035843,-119.1087595,,,,in_stock,complexion-therapy-llcf08ef4cad0e6,2026-09-17T00:03:30.900Z
1281135,Comprehensive Dermatology of Long Beach,"3736 Atlantic Avenue, Suite 101, Long Beach, California 90807",Long Beach,CA,90807,United States,,,www.longbeachdermdocs.com,33.825543,-118.1846456,,,,in_stock,comprehensive-dermatology-of-long-beachbab3bf64df57,2026-09-17T00:03:08.373Z
1263416,Concierge Choice LLC,"50 116th Ave SE Suite 111, Bellevue, Washington 98004",Bellevue,WA,98004,United States,,,www.eriksuhmd.com,47.6096408,-122.1850753,,,,in_stock,suh-esthetics86759183a866,2026-09-17T00:03:43.845Z
1263252,ConciergeHRS,"12317 Riverfalls Court, Boca Raton, Florida 33428",Boca Raton,FL,33428,United States,,,conciergehrs.com,26.3604525,-80.2416503,,,,in_stock,conciergehrs662111373240,2026-09-17T00:03:07.357Z
1263394,Constantine Dental,"122 Lanneau Drive, Greenville, SC, South Carolina 29605",Sc,SC,29605,United States,,,http://greenvillesc.dentist/,34.8284771,-82.3909292,,,,in_stock,constantine-dental9f07bf3a3538,2026-09-17T00:03:13.346Z
1263919,Conway Medical Center,"808 Farrar Dr., Conway, South Carolina 29526",Conway,SC,29526,United States,,,,33.7763129,-79.01995389999999,,,,in_stock,conway-medical-center870fa37ab913,2026-09-17T00:02:44.273Z
1263541,Cool River Aesthetics,"125 E Elm St #260, Conshohocken, Pennsylvania 19428",Conshohocken,PA,19428,United States,,,,40.0719442,-75.30595919999999,,,,in_stock,cool-river-aesthetics3ae3615bd755,2026-09-17T00:02:28.573Z
2381929,Corbin Cosmetics,"2530 Riva Rd #101, Annapolis, Maryland 21401",Annapolis,MD,21401,United States,,,,38.9808327,-76.54697310000002,,,,in_stock,corbin-cosmeticsc32a8a09d984,2026-09-17T00:03:53.304Z
1263218,Cortez Facial Plastic Surgery,"15300 Wenonga St Leawood, KS. 66224, Leawood, Kansas 66224",Leawood,KS,66224,United States,,,http://cortezfacialplasticsurgery.com/,38.8503052,-94.62764310000001,,,,in_stock,cortez-facial-plastic-surgeryf4986869ee7b,2026-09-17T00:02:44.762Z
3182487,Cosmetic and Reconstructive Specialists of Florida,"910 Northeast 26th Avenue, Fort Lauderdale, Florida 33304",Fort Lauderdale,FL,33304,United States,,,https://www.crsplasticsurgery.com/,26.1355631,-80.11060850000001,,,,in_stock,cosmetic-and-reconstructive-specialists-of-floridaa5ffeb198fd2,2026-09-17T00:03:31.134Z
1263648,Cosmetic Laser Solutions MedSpa,"105 Central St, Stoneham, Massachusetts 2180",Stoneham,MA,02180,United States,,,www.cosmeticlasersolutions.net,42.4860453,-71.0985704,,,,in_stock,cosmetic-laser-solutions-medspa010b7ee95687,2026-09-17T00:03:04.689Z
1263520,Cosmetic Rejuvenation Center,"31100 Pinetree Road Suite 105, Pepper Pike, Ohio 44124",Pepper Pike,OH,44124,United States,,,https://www.myrejuvenation.com/,41.4618129,-81.4584293,,,,in_stock,cosmetic-rejuvenation-centerbe64fdb2514c,2026-09-17T00:03:36.401Z
1263212,Cosmetic Rejuvenation Medical Center,7901 Santa Monica Blvd. #206,,,,,,,https://crmcaesthetics.com,34.0910502,-118.3617361,,,,in_stock,cosmetic-rejuvenation-medical-centerbb93bcca0d7d,2026-09-17T00:03:46.337Z
1263453,Cosmetic Skin Institute,"4400 Macarthur Blvd NW #102A, Washington, District of Columbia 20007",Washington,DC,20007,United States,,,cosmeticskininstitute.net,38.9066494,-77.0818536,,,,in_stock,cosmetic-skin-institute6955e6a62909,2026-09-17T00:03:47.235Z
1263532,Cosmetic Solutions,"855 A Avenue NE, Cedar Rapids, Iowa 52402",Cedar Rapids,IA,52402,United States,,,http://cosmeticsolutionslaser.com/cosmetics-staff.html,41.98415,-91.6609421,,,,in_stock,cosmetic-solutionsdbd60f27149b,2026-09-17T00:03:54.547Z
1263596,Cosmetic Surgery Specialists,"One Summit Square, Suite 150, 1717 Langhorne-Newtown Rd, Langhorne, Pennsylvania 19047",Langhorne,PA,19047,United States,,,drbrackup.com,40.2162284,-74.9307327,,,,in_stock,cosmetic-surgery-specialists7bedec67b0ad,2026-09-17T00:03:28.616Z
1986484,Cosmetic Vein & Laser Center,"52 S Union Rd Ste 203, Williamsville, New York 14221",Williamsville,NY,14221,United States,,,https://cvlc.com/,42.9596677,-78.7542285,,,,in_stock,cosmetic-vein--laser-center40505f16ad7c,2026-09-17T00:03:26.838Z
1427728,Couto Plastic Surgery,"373 C. San Jorge Suite 200, San Juan, PR 00912",San Juan,PR,00912,United States,,,https://coutoplasticsurgery.com/,18.4444757,-66.0630199,,,,in_stock,couto-plastic-surgery419e0af7f7a8,2026-09-17T00:03:36.595Z
1263833,Couture Dermatology and Plastic Surgery,"9950 W. Flamingo Road, Ste 105, las Vegas, Nevada 89147",Las Vegas,NV,89147,United States,,,https://couturemedical.com/,36.116702,-115.3085486,,,,in_stock,couture-dermatology-and-plastic-surgeryc1097408b279,2026-09-17T00:02:57.084Z
1263821,"Crane Street Dermatology - Recia Blumenkranz, MD","1225 Crane St. Suite 102, Menlo Park, California 94025",Menlo Park,CA,94025,United States,,,www.cranestreetdermatology.com,37.4519554,-122.1875707,,,,in_stock,crane-street-dermatology---recia-blumenkranz-mdfd65ff6d7d38,2026-09-17T00:02:45.175Z
1263768,Creative MedSpa,"5505 Peachtree Dunwoody Rd, Suite 460, Atlanta, Georgia 30342",Atlanta,GA,30342,United States,,,,33.9040559,-84.35225,,,,in_stock,creative-medspa1af5fd9f47de,2026-09-17T00:02:40.523Z
2962379,Crewe Hair and Skin Clinic,"110 Nantwich Road, Crewe, Cheshire, CW2 6AT",,,,United Kingdom,,,www.crewehairandskinclinic.uk,53.08817200000001,-2.4410174,,,,in_stock,crewe-hair-and-skin-clinic961d1fef2210,2026-09-17T00:02:33.144Z
2822760,Cura Health + Wellness,"2409 Risana Cv, Round Rock, Texas 78665",Round Rock,TX,78665,United States,,,wellnesscura.com,30.580333,-97.646805,,,,in_stock,cura-health--wellness9aa1a31194f2,2026-09-17T00:03:32.368Z
1263320,Curated Cutis LLC,"4205 Anderson Rd., Coral Gables, Florida 33146",Coral Gables,FL,33146,United States,,,www.bialife.com,25.7328089,-80.2698089,,,,in_stock,curated-cutis-llcd19fd569b5ec,2026-09-17T00:03:39.567Z
1263571,Curated Medical,"8300 N Hayden Rd Ste A117, Scottsdale, Arizona 85258",Scottsdale,AZ,85258,United States,,,https://curatedmed.com/,33.5574919,-111.8997896,,,,in_stock,curated-medicalef1b36af38d6,2026-09-17T00:02:55.410Z
1263643,Cutis Wellness Dermatology,"1601 Jacaman Road, Laredo, Texas 78041",Laredo,TX,78041,United States,,,https://www.cutiswellnessderm.com/,27.5609571,-99.4710534,,,,in_stock,cutis-wellness-dermatologydc38147a28f4,2026-09-17T00:02:59.536Z
3235907,Dabiri Dermatology and Cosmetic Center,"1 Maple Street 2nd Floor, Milford, Massachusetts 01757",Milford,MA,01757,United States,,,https://www.dabiriderm.com/,42.1402206,-71.48720380000002,,,,in_stock,dabiri-dermatology-and-cosmetic-center9787d72e5fe9,2026-09-17T00:03:19.502Z
1263232,Dakotah Tyrene Medical Spa,"5809 238th ST SE UNIT 1, Woodinville, Washington 98072",Woodinville,WA,98072,United States,,,https://www.dakotahtyreneesthetics.com/,47.7819724,-122.1543371,,,,in_stock,dakotah-tyrene-medical-spafec6e5ef7c1e,2026-09-17T00:03:26.970Z
1263421,Dangene - The Institute of Skinovation,"66 E 55th Street 6th Floor, NYC, New York 10022",Nyc,NY,10022,United States,,,https://dangene.com/,40.76054670000001,-73.9728399,,,,in_stock,dangene---the-institute-of-skinovation9d3143278523,2026-09-17T00:03:09.523Z
1263631,David Rodriguez MD,"8950 SW 74th Court Suite 1706, Miami, Florida 33156",Miami,FL,33156,United States,,,davidderm.com,25.687051,-80.3158267,,,,in_stock,david-rodriguez-mda77c4864fc2a,2026-09-17T00:02:58.948Z
1263627,David Rosenstein MD,"10301 Hagen Ranch Road Suite 730, Boynton Beach, Florida 33437",Boynton Beach,FL,33437,United States,,,http://www.drrosenstein.com,26.5231482,-80.1669148,,,,in_stock,david-rosenstein-mde631b041dcdf,2026-09-17T00:02:35.884Z
2529817,DC Ranch Family Medicine,"20945 N Pima Rd #110, Scottsdale, Arizona 85255",Scottsdale,AZ,85255,United States,,,https://www.dcranchmd.com,33.676124,-111.8886945,,,,in_stock,dc-ranch-family-medicine2a0776bbcfc4,2026-09-17T00:03:27.638Z
1263772,Dean Dermatology,"4615 Parliament Drive #204, Alexandria, LA 71303",Alexandria,LA,71303,United States,,,dean dermatology.com,31.2788089,-92.4814179,,,,in_stock,dean-dermatology3c06599f24e6,2026-09-17T00:03:56.294Z
1807295,Dean Dermatology - Natchitoches,"216 University Parkway, Natchitoches, Louisiana 71457",Natchitoches,LA,71457,United States,,,https://www.deanderm.com/,31.7488223,-93.0960916,,,,in_stock,dean-dermatology---natchitocheseeba59018ceb,2026-09-17T00:03:28.076Z
1770511,"Deborah White, M.D. Plastic Surgery","8896 E Becker Ln #104, Scottsdale, Arizona 85260",Scottsdale,AZ,85260,United States,,,https://www.drwhiteplasticsurgery.com,33.5841154,-111.889375,,,,in_stock,deborah-white-md-plastic-surgery246a29db6d7a,2026-09-17T00:02:54.395Z
1263767,"Debra Kroll, MD","1056 5TH Avenue, New York, New York 10028",New York,NY,10028,United States,,,https://www.drdebrakroll.com/,40.7819396,-73.9598671,,,,in_stock,debra-kroll-mdb5e5c97c978e,2026-09-17T00:03:28.134Z
1263523,Debra Wattenberg MD,"875 5th Avenue, New York, New York 10065",New York,NY,10065,United States,,,https://nyskinrx.com/,40.7701916,-73.9682413,,,,in_stock,debra-wattenberg-md9e6c610d6723,2026-09-17T00:03:40.351Z
1263831,DeBruin Medical Center,"9352 Madison Avenue, Orangevale, California 95662",Orangevale,CA,95662,United States,,,www.DeBruinMedicalCenter.com,38.6710257,-121.2042781,,,,in_stock,debruin-medical-centerad5362241970,2026-09-17T00:03:00.033Z
1639335,Define Beauty Medspa,"6020 N 16th St, Phoenix, Arizona 85016",Phoenix,AZ,85016,United States,,,www.definebeautymedspa.com,33.5244945,-112.0478932,,,,in_stock,define-beauty-medspa491cdf6fc233,2026-09-17T00:03:39.625Z
1263368,Delray Dermatology & Cosmetic Center,"550 SE 6th Ave, Delray Beach, Florida 33483",Delray Beach,FL,33483,United States,,,www.delrayskin.com,26.4527364,-80.0671624,,,,in_stock,delray-dermatology--cosmetic-center6f72fed50d25,2026-09-17T00:02:46.179Z
1263424,Derma Beauty Aesthetics & Wellness,"62 Painted Cameo, Irvine, California 92602",Irvine,CA,92602,United States,,,www.dermabeautystore.com,33.732002,-117.758089,,,,in_stock,derma-beauty-aesthetics--wellness19f3c588a93d,2026-09-17T00:02:53.698Z
1263748,DermaCure Valencia,"27871 Smyth Drive, Suite 100, Valencia, California 91355",Valencia,CA,91355,United States,,,dermacurevalencia.com,34.4397956,-118.5678066,,,,in_stock,dermacure-valencia9ebfa543a37f,2026-09-17T00:02:51.412Z
2843589,Dermagnify,"100 Executive Way, Suite 114, Ponte Vedra Beach, Florida 32082",Ponte Vedra Beach,FL,32082,United States,,,,30.2132952,-81.3788757,,,,in_stock,dermagnify2c0a20cd059d,2026-09-17T00:03:27.935Z
1263840,Derm and Skin Surgery - Donna Stockton MD,"10100 West 191st Street, Mokena, Illinois 60448",Mokena,IL,60448,United States,,,stocktonderm.com,41.5434434,-87.86487749999999,,,,in_stock,derm-and-skin-surgery---donna-stockton-md6132e1f29381,2026-09-17T00:02:43.936Z
1263895,Dermatology + Aesthetics - Dr. Neha Robinson,"1765 N. Elston Ave Suite 110, Chicago, Illinois 60642",Chicago,IL,60642,United States,,,https://www.vitalskinderm.com/,41.9149313,-87.6641959,,,,in_stock,dermatology--aesthetics---dr-neha-robinson39be939c42f4,2026-09-17T00:03:52.201Z
1263374,Dermatology and Laser Center of Charleston,"2180 Henry Tecklenburg Drive, Charleston, South Carolina 29414",Charleston,SC,29414,United States,,,dermandlaser.com,32.8092884,-80.0474328,,,,in_stock,dermatology-and-laser-center-of-charlestonbf70515ea675,2026-09-17T00:03:53.433Z
1934323,Dermatology and Laser Center of Charleston,"1364 Ashley River Rd, Charleston, South Carolina 29486",Charleston,SC,29486,United States,,,https://www.epiphanydermatology.com/location/charleston-henry-tecklenburg-dr-sc/,32.7985149,-80.0023295,,,,in_stock,dermatology-and-laser-center-of-charlestond73b1a2a2c1d,2026-09-17T00:02:34.682Z
1263281,Dermatology and Laser Surgery,"6400 Fannin St, Suite 2720, Houston, Texas 77030",Houston,TX,77030,United States,,,https://www.dermlasersurgery.com,29.7150889,-95.3972527,,,,in_stock,dermatology-and-laser-surgerybe441fc408d9,2026-09-17T00:03:11.721Z
1263336,Dermatology and Skin Surgery Specialists,"8415 N. Pima Road #212, Scottsdale, Arizona 85258",Scottsdale,AZ,85258,United States,,,http://www.skinspecialistsofaz.com/,33.5574756,-111.8908032,,,,in_stock,dermatology-and-skin-surgery-specialistsd2c36b9834ea,2026-09-17T00:02:57.746Z
1263420,Dermatology Associates - ADA Aesthetics,"12780 Roachton Road, Perrysburg, Ohio 43551",Perrysburg,OH,43551,United States,,,http://daohio.com/,41.522497,-83.6417426,,,,in_stock,dermatology-associates---ada-aesthetics9964b6ba27bd,2026-09-17T00:03:07.788Z
1263550,Dermatology Associates of West Michigan,"1740 E Paris Ave SE, Grand Rapids, Michigan 49546",Grand Rapids,MI,49546,United States,,,https://myskindoctors.com/,42.9311355,-85.5688484,,,,in_stock,dermatology-associates-of-west-michigan4f2b74a1d4ad,2026-09-17T00:02:46.455Z
1263528,Dermatology at Whitaker Clinic of UAB Medicine,"500 22nd St. S Suite 3705, Birmingham, Alabama 35233",Birmingham,AL,35233,United States,,,https://www.uabmedicine.org/,33.5085907,-86.7985726,,,,in_stock,dermatology-at-whitaker-clinic-of-uab-medicine3775b456ee7c,2026-09-17T00:03:28.199Z
1263734,Dermatology Center of the Rockies,"1551 Professional Lane Unit 135, Longmont, Colorado 80501",Longmont,CO,80501,United States,,,www.dermatologyoftherockies.com,40.1395304,-105.1014248,,,,in_stock,dermatology-center-of-the-rockies6b8d6bd569c4,2026-09-17T00:02:53.555Z
1263628,Dermatology Consultants at Newton-Wellesley,"2000 WASHINGTON ST 120 BLUE, NEWTON, Massachusetts 2462",Newton,MA,02462,United States,,,www.dermconsnw.com,42.331214,-71.2462583,,,,in_stock,dermatology-consultants-at-newton-wellesleydb280de51eff,2026-09-17T00:02:35.720Z
1263899,Dermatology Laser Center & Medispa,"10220 South Dolfield Road, Ste. 110, Owings Mills, Maryland 21117",Owings Mills,MD,21117,United States,,,laserdocmd.com,39.4127119,-76.7804419,,,,in_stock,dermatology-laser-center--medispac9e459d667dd,2026-09-17T00:03:56.232Z
1263495,Dermatology & Laser Center of Chapel Hill,"10441 US 15 501 N, Suite 100, Chapel Hill, North Carolina 27517",Chapel Hill,NC,27517,United States,,,https://dermatologyandlasercenterofchapelhill.com/,35.8311421,-79.08926269999999,,,,in_stock,dermatology--laser-center-of-chapel-hill2ea4d14016b7,2026-09-17T00:03:55.946Z
1263324,Dermatology of Seattle and Bellevue,"13610 1ST Avenue South, Burien, Washington 98168",Burien,WA,98168,United States,,,www.dermatologyseattle.com,47.4809118,-122.3334101,,,,in_stock,dermatology-of-seattle-and-bellevue7ee1752e696f,2026-09-17T00:02:46.521Z
1263309,Dermatology Partners,"65 Walnut Street, Wellesley, Massachusetts 2481",Wellesley,MA,02481,United States,,,http://www.dermatologypartnersinc.com,42.32465149999999,-71.2536861,,,,in_stock,dermatology-partners6fb5654f8262,2026-09-17T00:03:42.939Z
1263373,Dermatology Practice of the Carolinas,"12611 N. Community House Road, Suite 102, Charlotte, North Carolina 28277",Charlotte,NC,28277,United States,,,www.dermatologypracticenc.com,35.0708135,-80.8448205,,,,in_stock,dermatology-practice-of-the-carolinas6ef719ce56c0,2026-09-17T00:03:47.743Z
1263427,Dermatology & Skin Surgery Institute Of North Texas,"3535 Victory Group Way Suite 200, Frisco, Texas 75034",Frisco,TX,75034,United States,,,www.dermntx.com,33.107477,-96.8437773,,,,in_stock,dermatology--skin-surgery-institute-of-north-texas4457a4d8ff3a,2026-09-17T00:03:15.905Z
1263890,Dermatology Treatment Center of the South Bay - Vernon Wilson MD,"3445 Pacific Coast Hwy 220, Torrance, California 90505",Torrance,CA,90505,United States,,,dermtreatmentcenter.com,33.802169,-118.3452008,,,,in_stock,dermatology-treatment-center-of-the-south-bay---vernon-wilson-md9d43c9ea4ae2,2026-09-17T00:02:37.214Z
1263391,DermaTouch RN - Houston,"13725 Falba Rd, Houston, Texas 77070",Houston,TX,77070,United States,,,https://www.dermatouchrn.com/,29.9760794,-95.5484098,,,,in_stock,dermatouch-rn---houston4edd007a1ca1,2026-09-17T00:02:28.673Z
1263501,DermaTouch RN - San Antonio,"222 W. Cypress St. Suite 100, San Antonio, Texas 78212",San Antonio,TX,78212,United States,,,https://www.dermatouchrn.com/,29.44035,-98.49632799999999,,,,in_stock,dermatouch-rn---san-antonio4adf18321659,2026-09-17T00:02:44.951Z
1263221,Derm Institute of Southern California,"2221 Lincoln Blvd #100, Santa Monica, California 90405",Santa Monica,CA,90405,United States,,,www.dermsurgery.net,34.0099471,-118.479609,,,,in_stock,derm-institute-of-southern-californiae02ac27b0d13,2026-09-17T00:03:46.714Z
1263396,DERMWellesley,"20 William Street, Wellesley, Massachusetts 2481",Wellesley,MA,02481,United States,,,www.dremilywise.com,42.3176669,-71.2303857,,,,in_stock,dermwellesleyb5d75027720c,2026-09-17T00:03:05.428Z
1263456,Derrow Dermatology - Maitland,"146 Orange Place, Maitland, Florida 32751",Maitland,FL,32751,United States,,,www.derrowdermatology.com,28.6137382,-81.3644748,,,,in_stock,derrow-dermatology---maitland9e96cc465ad8,2026-09-17T00:02:44.893Z
1708937,Desert Sage Dermatology,"7960 E Thompson Peak Pkwy Ste 104, Scottsdale, Arizona 85255",Scottsdale,AZ,85255,United States,,,https://desertsagederm.com/,33.67105850000001,-111.909574,,,,in_stock,desert-sage-dermatology5f93552d17c2,2026-09-17T00:03:53.983Z
1263736,Desert Sky Dermatology,"1688 East Boston Street #101, Gilbert, Arizona 85295",Gilbert,AZ,85295,United States,,,www.desertskydermatology.com,33.3039795,-111.7539714,,,,in_stock,desert-sky-dermatology76a7a569a394,2026-09-17T00:03:38.071Z
2962375,DewDRop Skin Aesthetics,"Suite 3, 35 Bancroft, Hitchin SG5 1LH",,,,United Kingdom,,,www.dewdropskin.co.uk,51.9514814,-0.2766821,,,,in_stock,dewdrop-skin-aestheticsfcf4318cc273,2026-09-17T00:03:51.083Z
1263543,Dew Medspa,"1624 Kennesaw Drive, Clermont, Florida 34711",Clermont,FL,34711,United States,,,Dewantiagingmedspa.com,28.507012,-81.72572939999999,,,,in_stock,dew-medspa26f57a9ba9c9,2026-09-17T00:02:38.104Z
1334387,Dewy Aesthetics,"2003 120th Dr NE, Lake Stevens, Washington, 98258",Lake Stevens,WA,98258,United States,,,https://dewyaesthetics.co/,48.0157712,-122.0681866,,,,in_stock,dewy-aesthetics4c041753884d,2026-09-17T00:02:33.349Z
1263904,Dewy Aesthetics,"2003 120th Dr NE, Lake Stevens, Washington 98258",Lake Stevens,WA,98258,United States,,,https://dewyaesthetics.co/,48.0157712,-122.0681866,,,,in_stock,dewy-aestheticsf13c325f4369,2026-09-17T00:02:58.824Z
2740253,Dhir Facial Plastic Surgery,"433 North Camden Drive #770, Beverly Hills CA 90210",Beverly Hills,CA,90210,United States,,,www.drdhir.com,34.069077,-118.40488,,,,in_stock,dhir-facial-plastic-surgery84ab974acbfd,2026-09-17T00:02:51.283Z
1263437,Diane C. Madfes MD,"1 E 69th St, New York, New York 10021",New York,NY,10021,United States,,,www.madfesderm.com,40.7705051,-73.9681856,,,,in_stock,diane-c-madfes-mde8a83f313603,2026-09-17T00:03:37.406Z
1263586,Diane S. Berson MD,"211 E 53rd Street Unit 3, New York, New York 10022",New York,NY,10022,United States,,,www.dianebersonmd.com,40.7577332,-73.9690584,,,,in_stock,diane-s-berson-md67869c518785,2026-09-17T00:03:33.811Z
3046113,Diehl Plastic Surgery,"10208 Cerny Street, Raleigh, North Carolina 27617",Raleigh,NC,27617,United States,,,,35.9019027,-78.8004768,,,,in_stock,diehl-plastic-surgery4f9314ffd5e0,2026-09-17T00:03:49.005Z
1263673,Divine Skin and Body,"16600 West Valley Highway, Tukwila, Washington 98188",Tukwila,WA,98188,United States,,,amrita.com,47.4538089,-122.2428394,,,,in_stock,divine-skin-and-body67d0186b1583,2026-09-17T00:02:48.381Z
1698557,DOCS Dermatology,"6110 Radio Way, Mason, Ohio 45040",Mason,OH,45040,United States,,,https://dermswohio.com/locations/mason-office,39.3503195,-84.3325921,,,,in_stock,docs-dermatology9b83f73db975,2026-09-17T00:03:11.367Z
2962388,Doctor Amiee Clinic,"Doctor Amiee Facial Aesthetics & Skin 58 Wellbeing Centre 58 South Molton Street London, W1K 5SL",,,,United Kingdom,,,https://www.doctoramiee.com/,51.5135575,-0.1472656,,,,in_stock,doctor-amiee-clinicdb5e5cb8bf7a,2026-09-17T00:02:40.647Z
1263302,Downtown Dermatology,"500 East Main Street Suite 310, Columbus, Ohio 43215",Columbus,OH,43215,United States,,,http://www.columbusdowntownderm.com/,39.9580354,-82.9861969,,,,in_stock,downtown-dermatology6b69298f9ad0,2026-09-17T00:03:38.436Z
2962389,Dr Ana the Skin Clinic,"3 Calthorpe Rd, Birmingham B15 1QP",,,,United Kingdom,,,https://www.drana.co.uk/,52.4720331,-1.9181291,,,,in_stock,dr-ana-the-skin-clinicd3a192930a92,2026-09-17T00:03:23.542Z
1534445,Dr An Skincare Clinic,"121/28 Pham Ngoc Thach Street, Hiep Thanh Ward, Thu Dau Mot District, Binh Duong Province",,,,Vietnam,,,https://drthuyan.com,11.0049238,106.658054,,,,in_stock,dr-an-skincare-clinicec1eff3aa122,2026-09-17T00:03:15.721Z
1263765,Dr. Cheri Frey,"2401 Georgia Ave NW Towers Suite 4300, Washington, District of Columbia 20060",Washington,DC,20060,United States,,,,38.9209764,-77.02191429999999,,,,in_stock,dr-cheri-frey29b5300777f7,2026-09-17T00:03:22.217Z
1263703,Dr. Christopher Zoumalan MD,"433 N. Camden Dr. Suite 1090, Beverly Hills, California 90210",Beverly Hills,CA,90210,United States,,,www.drchristopherzoumalan.com,34.0690487,-118.4048785,,,,in_stock,dr-christopher-zoumalan-mdced39844dcf4,2026-09-17T00:03:27.998Z
1263687,Dr. Gina Chu,"4720 Rosedale Ave., Apt. 420, Bethesda, Maryland 20814",Bethesda,MD,20814,United States,,,,38.9924679,-77.09548280000001,,,,in_stock,dr-gina-chu31e1e78b3273,2026-09-17T00:03:20.242Z
1263602,Dr Happe Medical Aesthetics,"15 Homestead st, newton, MA 2468",Newton,MA,02468,United States,,,www.drhappe.com,42.3263665,-71.2247628,,,,in_stock,dr-happe-medical-aestheticsc3ac82befe95,2026-09-17T00:03:40.037Z
1534447,Dr Hong Chuyen Clinic,"35/5D Tran Dinh Xu, Cau Kho Ward, District 1, Ho Chi Minh City, Vietnam",,,,Vietnam,,,https://www.facebook.com/hongchuyenclinic,10.7602201,106.6910558,,,,in_stock,dr-hong-chuyen-clinicf6c1b3d0531d,2026-09-17T00:02:28.406Z
1263425,Dr. James Fernau,"1000 Cliff Mine Road Suite 120, Park West Building One, Pittsburgh, Pennsylvania 15275",Pittsburgh,PA,15275,United States,,,https://drjamesfernau.com/,40.4575897,-80.1910994,,,,in_stock,dr-james-fernaudc2f8333de2e,2026-09-17T00:03:27.798Z
2962382,Dr Kate Aesthetics,"108 Cockfosters Road, EN4 0DP",,,,United Kingdom,,,www.drkateaesthetics.co.uk,51.6496498,-0.1478271,,,,in_stock,dr-kate-aesthetics3a6c509d9bcf,2026-09-17T00:03:27.417Z
1263896,Dr. K's Med Spa,"10500 Ulmerton rd suite 360, Largo, Florida 33771",Largo,FL,33771,United States,,,https://www.drksmedspa.com/,27.8926863,-82.7837017,,,,in_stock,dr-ks-med-spa79475f8b0235,2026-09-17T00:02:45.032Z
2962369,Dr Laura Clinic,"Upper Clybaun Road, Galway, Ireland, H91 F209",,,,Ireland,,,https://drlauraclinic.ie/,53.27856,-9.10505,,,,in_stock,dr-laura-clinicfd3158e412dd,2026-09-17T00:03:21.558Z
1534449,Dr Le Ngoc Diep Clinic,"136Đ Tran Quang Khai Street, Tan Dinh Ward, District 1, Ho Chi Minh City, Vietnam",,,,Vietnam,,,https://thammyvienngocdiep.com,10.7921146,106.6915158,,,,in_stock,dr-le-ngoc-diep-clinic01b7a5b47624,2026-09-17T00:02:56.486Z
1281138,Dr Mark Plastic Surgery,5410 North Scottsdale Road,,,,,,,,33.5158945,-111.9272381,,,,in_stock,dr-mark-plastic-surgery022e47605712,2026-09-17T00:02:30.838Z
2837303,"Dr Mija Khan, Plastic Surgery","3301 N Miller Road #175, Scottsdale, Arizona 85251",Scottsdale,AZ,85251,United States,,,www.mijakhanmd.com,33.4863682,-111.91713,,,,in_stock,dr-mija-khan-plastic-surgeryddee9701b2d6,2026-09-17T00:02:38.175Z
2863179,Dr. Mona Khurana INC,"4750 Main St, Vancouver, British Columbia, V5V 3R7",,,,Canada,,,https://shinemd.com/,49.2425693,-123.1012126,,,,in_stock,dr-mona-khurana-inc807d0c53536d,2026-09-17T00:02:43.992Z
1263268,Dr. Noel Perez,"239 arterial hostos Suite 205 capital center south tower Hato rey PR 00918, Puerto Rico 918",,,,,,,www.drnoelperez.com,18.4314277,-66.0648351,,,,in_stock,dr-noel-perez08a1a417093b,2026-09-17T00:03:31.491Z
1534442,Dr.Olivia Dermatologist,"Bangkok, Thailand",,,,Thailand,,,https://www.facebook.com/doctoroum,13.7563309,100.5017651,,,,in_stock,drolivia-dermatologista0722c7fd1b4,2026-09-17T00:03:37.037Z
1263663,Dr. Rosanne Mayhew,"555 Knowles Drive, Suite 109, Los Gatos, California 95032",Los Gatos,CA,95032,United States,,,www.drmayhew.com,37.2621211,-121.9661101,,,,in_stock,dr-rosanne-mayhewce6ad84e5ef5,2026-09-17T00:02:36.251Z
2962376,Dr Sharon Belmo Dermatology,"152 Harley Street, London, W1G 17L",,,,United Kingdom,,,www.drsharonbelmo.com,51.5231618,-0.1485939,,,,in_stock,dr-sharon-belmo-dermatology9d1687638d73,2026-09-17T00:03:20.482Z
1263690,Dr. Sheena Kong Medical Spa,"490 Post Street, Suite 1150, San Francisco, California 94102",San Francisco,CA,94102,United States,,,www.sheenakong.com,37.7884071,-122.4097574,,,,in_stock,dr-sheena-kong-medical-spa0e8208a295c1,2026-09-17T00:03:47.676Z
1263852,Dr. Takhar's Medical Spa,"8191 Timberlake Way #350, Sacramento, California 95823",Sacramento,CA,95823,United States,,,takharmedicalspa.com,38.4601421,-121.41334,,,,in_stock,dr-takhars-medical-spaabdc153a6bea,2026-09-17T00:03:45.922Z
1263455,Dr. Wendy Dickerson,"3301 North Miller Road Suite 130, Scottsdale, Arizona 85251",Scottsdale,AZ,85251,United States,,,https://www.drwendydickerson.com/,33.4864668,-111.9171944,,,,in_stock,dr-wendy-dickersonb9f045b5492a,2026-09-17T00:03:00.818Z
1263639,DuPage Medical Group,"17495 S. LaGrange Road, Tinley Park, Illinois 60477",Tinley Park,IL,60477,United States,,,https://www.dupagemedicalgroup.com/,41.5731415,-87.8507688,,,,in_stock,dupage-medical-group8b0710b9e2a7,2026-09-17T00:03:47.481Z
2948956,Dynamic Aesthetics,14807 North 73rd Street # 201,,,,,,,,33.6207343,-111.9225368,,,,in_stock,dynamic-aesthetics050d5adea2bf,2026-09-17T00:03:26.110Z
1263290,Dynamic Dermatology,"13535 Hausman Pass Suite 104, San Antonio, Texas 78249",San Antonio,TX,78249,United States,,,dynamicdermatology.com,29.5719447,-98.6484718,,,,in_stock,dynamic-dermatologyc3a56c631083,2026-09-17T00:03:09.411Z
1263235,Eastern Derm and Pathology - Crystal Coast,"1840 NC-24, Newport, North Carolina 28570",Newport,NC,28570,United States,,,easternderm.com,34.731019,-76.88876599999999,,,,in_stock,eastern-derm-and-pathology---crystal-coast9a33e5912f1b,2026-09-17T00:02:41.438Z
1263591,Eastern Derm and Pathology - Greenville,"420 Spring Forest Road, GREENVILLE, North Carolina 27834",Greenville,NC,27834,United States,,,easternderm.com,35.5995932,-77.41828939999999,,,,in_stock,eastern-derm-and-pathology---greenvilleb636ec921977,2026-09-17T00:02:32.450Z
1263804,East Valley Dermatology Center,"1100 S Dobson Rd, S-223, Chandler, Arizona 85286",Chandler,AZ,85286,United States,,,https://healthyglowskinstore.com/,33.2898281,-111.876887,,,,in_stock,east-valley-dermatology-centerd6f0e03ac4e9,2026-09-17T00:03:10.624Z
1549883,Elan Medical Aesthetics,"4300 North 10th Street Suite B1, McAllen, Texas 78504",Mcallen,TX,78504,United States,,,elanskin.com,26.241478,-98.22259590000002,,,,in_stock,elan-medical-aestheticse8093aa84817,2026-09-17T00:03:38.658Z
1281129,Elham Fakhre MD,"321 N Larchmont Blvd Suite 505, Los Angeles, California 90004",Los Angeles,CA,90004,United States,,,https://www.myaestheticdoctor.com/,34.0768116,-118.3238246,,,,in_stock,elham-fakhre-md4ece3b7567c7,2026-09-17T00:03:06.516Z
1263830,Elias Dermatology,"4610 N. Federal Hwy., Fort Lauderdale, Florida 33308",Fort Lauderdale,FL,33308,United States,,,www.eliasdermatology.com,26.1849282,-80.11727549999999,,,,in_stock,elias-dermatology6635aa16c0d3,2026-09-17T00:02:34.828Z
1263446,Elite Dermatology,"1005 S Telshor Blvd Suite A, Las Cruces, New Mexico 88011",Las Cruces,NM,88011,United States,,,https://www.elitedermatologynm.com/,32.3062809,-106.7383161,,,,in_stock,elite-dermatology67b965b648bc,2026-09-17T00:03:24.251Z
1263869,Elite MD Body and Laser,"60 Powell Road, Powell, Ohio 43035",Powell,OH,43035,United States,,,,40.1582941,-83.0768702,,,,in_stock,elite-md-body-and-laserb05f224b5056,2026-09-17T00:02:51.698Z
1263854,Elite Skin MD,"5 Mountain Blvd, Suite 2, Warren, New Jersey 7059",Warren,NJ,07059,United States,,,http://www.eliteskinmd.com/,40.62186730000001,-74.4831754,,,,in_stock,elite-skin-mdd90f8214a66c,2026-09-17T00:02:50.549Z
1263644,Ellen Wengert Cosmetics,"1411 S Mulberry St, Sioux, Iowa 51106",Sioux,IA,51106,United States,,,,42.4761887,-96.35764340000001,,,,in_stock,ellen-wengert-cosmeticsabba4f5087a3,2026-09-17T00:02:32.767Z
3182486,EMARA Aesthetic Studio,"801 North Quincy Street STE 505, Arlington, Virginia 22203",Arlington,VA,22203,United States,,,https://www.exfaesthetics.com/,38.8805063,-77.1072105,,,,in_stock,emara-aesthetic-studio438f745959b0,2026-09-17T00:03:49.728Z
2850365,EmmaClaire Esthetics,"43390 Business Park Dr. Suite 102, Temecula, California 92584",Temecula,CA,92584,United States,,,https://emmaclaireesthetics.com,33.5000659,-117.161683,,,,in_stock,emmaclaire-estheticsad3f51b17c5d,2026-09-17T00:03:07.199Z
1263315,Enhanced Beauty and Wellness Clinic,"151 West Main St, Purceville, Virginia 20132",Purceville,VA,20132,United States,,,https://www.enhancedclinic.com/,39.1369398,-77.7157735,,,,in_stock,enhanced-beauty-and-wellness-clinic7e30f4a4f494,2026-09-17T00:02:50.338Z
2847520,"Enrique Hanabergh Jr, MD","7975 NW 154th St. Suite 400, Miami, Florida 33016",Miami,FL,33016,United States,,,https://drhanabergh.com/,25.9137599,-80.33037420000001,,,,in_stock,enrique-hanabergh-jr-md061d605b15bb,2026-09-17T00:02:29.389Z
1263641,Epiphany Dermatology - Aspen Dermatology (Willits),"261 Robinson Street Suite C100, Basalt, Colorado 81621",Basalt,CO,81621,United States,,,https://www.epiphanydermatology.com/,39.3868377,-107.0840949,,,,in_stock,epiphany-dermatology---aspen-dermatology-willitsa9a12032ba20,2026-09-17T00:03:29.987Z
1263876,Epiphany Dermatology - Lewisville,"1640 FM 544 Ste., Lewisville, Texas 75056",Lewisville,TX,75056,United States,,,,33.0458017,-96.92052869999999,,,,in_stock,epiphany-dermatology---lewisville7dfc07e4e997,2026-09-17T00:02:59.219Z
1862849,Esse Dermatology,"2550-B Freedom Drive, Charlotte, North Carolina 28208",Charlotte,NC,28208,United States,,,,35.23626,-80.88085,,,,in_stock,esse-dermatology8ebde94a543e,2026-09-17T00:03:49.990Z
1263712,Essential Dermatology Group,"1600 Central Drive Suite 158, Bedford, Texas 76022",Bedford,TX,76022,United States,,,https://edermgroup.com/,32.8319138,-97.1326567,,,,in_stock,essential-dermatology-group76667c3d684a,2026-09-17T00:03:37.256Z
1263403,Estar MedSpa & Innovative Health Center,"3300 Olney Sandy Spring Rd #140, Olney, Maryland 20832",Olney,MD,20832,United States,,,,39.15181279999999,-77.0656655,,,,in_stock,estar-medspa--innovative-health-center7618725928d1,2026-09-17T00:02:56.773Z
1263653,Estea Laser and Cosmetic Center,"3440 Atlantic Ave, Long Beach, California 90807",Long Beach,CA,90807,United States,,,Esteacosmetic.com,33.81964749999999,-118.1847253,,,,in_stock,estea-laser-and-cosmetic-centercba674081c90,2026-09-17T00:03:31.195Z
1414676,Esthetics Center for Dermatology,"353 Clement Avenue Charlotte, North Carolina 28204",Clement Avenue Charlotte,NC,28204,United States,,,hellohappyskin.com,35.2136796,-80.8205054,,,,in_stock,esthetics-center-for-dermatologyabdb72056514,2026-09-17T00:03:20.086Z
1263774,Esthetics Center for Dermatology,"353 Clement Avenue, Charlotte, North Carolina 28204",Charlotte,NC,28204,United States,,,hellohappyskin.com,35.2136796,-80.8205054,,,,in_stock,esthetics-center-for-dermatologycb8cebf0bc0d,2026-09-17T00:03:20.587Z
2962381,Eternal Clinic,"12b York Rd, Weybridge KT13 9DT, Surrey, UK",,,,United Kingdom,,,www.eternal.clinic,51.3687298,-0.4463531,,,,in_stock,eternal-clinicd1c008947105,2026-09-17T00:03:42.705Z
1263440,Eternal Dermatology + Aesthetics,"11711 E Market Place, Fulton, Maryland 20879",Fulton,MD,20879,United States,,,https://www.eternaldermatology.com/,39.1498011,-76.9069531,,,,in_stock,eternal-dermatology--aestheticsdf71894e9503,2026-09-17T00:03:13.193Z
1263486,Eterna Vein and Medical Aesthetics,"1803 South Meridian, Puyallup, Washington 98371",Puyallup,WA,98371,United States,,,eternaaesthetic.com,47.174708,-122.2930469,,,,in_stock,eterna-vein-and-medical-aestheticsc265748641cc,2026-09-17T00:03:55.439Z
1263788,Evergreen Esthetics LLC,"12020 Blue Valley ParkWAY STE 115D, Overland Park, Kansas 66213",Overland Park,KS,66213,United States,,,,38.9094817,-94.6728898,,,,in_stock,evergreen-esthetics-llc62b4a37b3186,2026-09-17T00:02:30.301Z
2345104,EVERSKIN,"123 South Street, Suite 110, Oyster Bay, NY 11771",Oyster Bay,NY,11771,United States,,,,40.8716673,-73.5301923,,,,in_stock,everskin-llc81069ae22d6c,2026-09-17T00:02:43.307Z
2948953,Evoke Medical Aesthetics,"247 Ash Street, Brockton, Massachusetts 02301",Brockton,MA,02301,United States,,,https://evokemedicalaesthetics.com/,42.080005,-71.0349748,,,,in_stock,evoke-medical-aestheticse2cf6668cb48,2026-09-17T00:02:43.721Z
1263610,Evolved Science,"477 Madison Ave Suite 420, New York, New York 10022",New York,NY,10022,United States,,,https://eshealth.com,40.7585273,-73.97463119999999,,,,in_stock,evolved-science3e920a57a489,2026-09-17T00:03:02.467Z
1263785,Evolve Health Sciences - Dr. Steven Powell,"12530 Lebanon Rd. Ste. 205, Frisco, Texas 75035",Frisco,TX,75035,United States,,,,33.1162587,-96.77117849999999,,,,in_stock,evolve-health-sciences---dr-steven-powell7d1465d12b0b,2026-09-17T00:02:52.167Z
2948948,EVOLV Plastic Surgery & Medical Aesthetics,"2000 Regency Court, Ste 204, Toledo, Ohio 43623",Toledo,OH,43623,United States,,,https://evolvmedicalaesthetics.com,41.704888,-83.6457645,,,,in_stock,evolv-plastic-surgery--medical-aesthetics815eaba11720,2026-09-17T00:03:10.778Z
1263505,EXCEL MEDICINE,"4035 Evergreen Village Square Suite 60, San Jose, California 95135",San Jose,CA,95135,United States,,,https://www.excelmedicine.com,37.3130107,-121.7737255,,,,in_stock,excel-medicine3f27cb7fa1d6,2026-09-17T00:03:37.632Z
1263257,Exceptional Dermatology Care - Dr. David Sire,"2720 N. Harbor Blvd, Suite 205, Fullerton, California 92835",Fullerton,CA,92835,United States,,,http://exceptionaldermatology.com/,33.9012758,-117.9286133,,,,in_stock,exceptional-dermatology-care---dr-david-sire8fdb3e0d5ece,2026-09-17T00:03:35.760Z
2822761,Eye C Optometry - Dr. Le,"979 Story Road, San Jose, California 95122",San Jose,CA,95122,United States,,,eyecoptometry.com,37.331371,-121.8573508,,,,in_stock,eye-c-optometry---dr-le17bb00395477,2026-09-17T00:03:36.332Z
1263585,Eye Plastics Plano,"3108 Midway Rd. Ste. 106, Plano, Texas 75093",Plano,TX,75093,United States,,,http://eyeplasticsplano.com/,33.0426009,-96.8389231,,,,in_stock,eye-plastics-planof3c30fed9423,2026-09-17T00:03:23.622Z
1536310,Ezratty Integrative Aesthetics,"1030 North Highland Avenue Northeast, Atlanta, Georgia 30306",Atlanta,GA,30306,United States,,,https://www.eiaesthetics.com/,33.78266190000001,-84.3545263,,,,in_stock,ezratty-integrative-aestheticsd3e2d1d5a609,2026-09-17T00:02:43.179Z
1263606,Face and Body Emporium,"5050 Folsom Blvd, Sacramento, California 95815",Sacramento,CA,95815,United States,,,newbodymd.com,38.5602063,-121.4441822,,,,in_stock,face-and-body-emporium95df4d497496,2026-09-17T00:03:41.658Z
2829561,Face First Studio,"621 Springvale Road, Great Falls, Virginia 22066",Great Falls,VA,22066,United States,,,,39.0125547,-77.3088983,,,,in_stock,face-first-studio7ada6f8524ee,2026-09-17T00:02:47.853Z
1263592,Faces Med Spa,"535 Cedar Cross Road, Dubuque, Iowa 52003",Dubuque,IA,52003,United States,,,https://www.dubuqueent.com/,42.48498230000001,-90.7182057,,,,in_stock,faces-med-spa28eff68740f9,2026-09-17T00:02:36.480Z
1263270,Facial Aesthetic Concepts,"22411 Antonio Pkwy Suite C120, Rancho Santa Margarita, California 92688",Rancho Santa Margarita,CA,92688,United States,,,www.newbeautymd.com,33.6385368,-117.5916802,,,,in_stock,facial-aesthetic-concepts4665c3c8937a,2026-09-17T00:03:39.409Z
1263832,Facialogy Medical,"17609 Ventura Blvd Ste 116, Encino, California 91316",Encino,CA,91316,United States,,,http://www.facialogy.com/,34.16229020000001,-118.5166085,,,,in_stock,facialogy-medical37d3b94d7c21,2026-09-17T00:03:56.964Z
1263239,"Facial Plastic Surgery & Skin Care Center- Dr. Andrew Hawrych, MD","1205 Piper Blvd. Ste: 204, Naples, Florida 34110",Naples,FL,34110,United States,,,https://www.doctorhawrych.com/,26.2739665,-81.7696368,,,,in_stock,facial-plastic-surgery--skin-care-center--dr-andrew-hawrych-md51bd727b2ed7,2026-09-17T00:02:34.173Z
1263222,Facile Dermatology + Boutique - Los Angeles,"8457 Melrose Pl., Los Angeles, California 90069",Los Angeles,CA,90069,United States,,,http://www.facileskin.com/,34.0839063,-118.3751609,,,,in_stock,facile-dermatology--boutique---los-angeles603e3e5d9927,2026-09-17T00:02:42.707Z
1263361,Facile Dermatology + Boutique - Pasadena,"140 S Lake Avenue Suite 104, Pasadena, California 91101",Pasadena,CA,91101,United States,,,http://www.facileskin.com/,34.1435923,-118.1318652,,,,in_stock,facile-dermatology--boutique---pasadena37a2d922d366,2026-09-17T00:03:35.028Z
1263744,Fadi Chahin MD INC,"465 N Roxbury Dr Ste 1020, Beverly Hills, California 90210",Beverly Hills,CA,90210,United States,,,https://www.drchahin.com/,34.0681541,-118.4074268,,,,in_stock,fadi-chahin-md-inc37ddfc760a9d,2026-09-17T00:03:37.938Z
1263547,Fairbanks Pharmacy & Med Spa,"16089 San Dieguito Road H-102, Rancho Santa Fe, California 92067",Rancho Santa Fe,CA,92067,United States,,,https://www.fbpharmacy.com/microneedling-treatments,32.9910135,-117.1961708,,,,in_stock,fairbanks-pharmacy--med-spaf3ee0847c788,2026-09-17T00:02:51.477Z
1534448,Faith Beauty Clinic ,"136Đ Tran Quang Khai Street, Tan Dinh Ward, District 1, Ho Chi Minh City, Vietnam",,,,Vietnam,,,https://fbskincare.com,10.7921146,106.6915158,,,,in_stock,faith-beauty-clinice9838ee86630,2026-09-17T00:03:35.439Z
1263905,Farady Dermatology Associates,"1500 West 34th Street, Austin, Texas 78703",Austin,TX,78703,United States,,,www.katherinefaradymd.com,30.3056204,-97.7498825,,,,in_stock,farady-dermatology-associatesf36f937bae46,2026-09-17T00:02:30.921Z
1263659,Femme Face Bar,"10227 Bridgeport Way SW, Lakewood, Washington 98499",Lakewood,WA,98499,United States,,,https://www.femmefacebar.com/,47.1644453,-122.5067766,,,,in_stock,femme-face-bard257c33d14ad,2026-09-17T00:02:32.842Z
1263691,Firouz Institute,"416 N Bedford Dr Suite 310, Beverly Hills, California 90210",Beverly Hills,CA,90210,United States,,,www.drfirouz.com,34.0684112,-118.4050258,,,,in_stock,firouz-instituted1cc006005d6,2026-09-17T00:03:52.834Z
2141792,Flawless Skin by Peggy LLC,"300 E Main Street, Suite 4, Ardmore, Oklahoma 73401",Ardmore,OK,73401,United States,,,,34.1713638,-97.12506479999999,,,,in_stock,flawless-skin-by-peggy-llc01e671cf2375,2026-09-17T00:03:48.181Z
1263776,Forefront Dermatology - Carmel,"755 W. Carmel Drive Suite 101, Carmel, Indiana 46032",Carmel,IN,46032,United States,,,https://www.excelinmedicalspa.com/,39.9658966,-86.14496849999999,,,,in_stock,forefront-dermatology---carmelc5cb35d66bb2,2026-09-17T00:03:44.485Z
1263793,Forefront Dermatology - Evansville,"7516 Eagle Crest Boulevard Suite D, Evansville, Indiana 47715",Evansville,IN,47715,United States,,,,37.9759826,-87.46026069999999,,,,in_stock,forefront-dermatology---evansville3e2575d1a50c,2026-09-17T00:03:44.438Z
1263431,Forefront Dermatology - Haley Dermatology,"202 Rock Creek Pkwy, Fairhope, Alabama 36532",Fairhope,AL,36532,United States,,,https://haleyderm.com/,30.5677271,-87.8928344,,,,in_stock,forefront-dermatology---haley-dermatology849f40b41954,2026-09-17T00:03:11.027Z
1263234,Forefront Dermatology - Heartland Skin and Wellness,"12327 Stratford Drive, Clive, Iowa 50325",Clive,IA,50325,United States,,,http://heartlandskinwellness.com/,41.6026166,-93.7872077,,,,in_stock,forefront-dermatology---heartland-skin-and-wellnessc6bc2b47c4fd,2026-09-17T00:03:55.680Z
1263375,Forever Young Laser and Skin Center,"170 Worcester Street, Wellesley, Massachusetts 2481",Wellesley,MA,02481,United States,,,http://frvryoung.com/,42.3153279,-71.24467740000001,,,,in_stock,forever-young-laser-and-skin-centerf78443e015ae,2026-09-17T00:03:15.768Z
1263913,ForeverYoung MedSpa Health & Wellness,"7350 N Cicero Ave, Lincolnwood, IL 60712",Lincolnwood,IL,60712,United States,,,https://myfyms.com/,42.0146773,-87.74824819999999,,,,in_stock,foreveryoung-medspa-health--wellnessf7f8a3a27db5,2026-09-17T00:03:54.167Z
1263654,Fortson Dermatology and Skincare Center,"2401 East 42 Ave. Set 301, Anchorage, Alaska 99508",Anchorage,AK,99508,United States,,,www.fortsonskincare.com,61.182916,-149.8355273,,,,in_stock,fortson-dermatology-and-skincare-centeredfeb26e6c42,2026-09-17T00:03:15.161Z
1263527,Freckle Professional Skincare,"19337 Jensen Way NE, Poulsbo, Washington 98370",Poulsbo,WA,98370,United States,,,www.freckleskin.com,47.7383187,-122.6469494,,,,in_stock,freckle-professional-skincare428e26d7ca20,2026-09-17T00:02:52.760Z
1263326,Frederick Dermatology Associates,"45 Thomas Johnson Dr #209, Frederick, Maryland 21702",Frederick,MD,21702,United States,,,www.frederickdermatology.com,39.4542464,-77.40183929999999,,,,in_stock,frederick-dermatology-associatesb4043fffa04c,2026-09-17T00:03:13.717Z
1263408,Gallery Plastic Surgery,"910 Major Sherman Lane Suite 305, Monterey, California 93940",Monterey,CA,93940,United States,,,www.galleryplasticsurgery.com,36.5927303,-121.8924568,,,,in_stock,gallery-plastic-surgeryffccf94798e5,2026-09-17T00:02:27.580Z
1263898,Gavino Dermatology,"9073 W State Hwy 29 Suites 108 & 109, Liberty Hill, Texas 78642",Liberty Hill,TX,78642,United States,,,www.gavinodermatology.com,30.641976,-97.8402375,,,,in_stock,gavino-dermatology3db32cc6ddc0,2026-09-17T00:02:59.688Z
1263328,Gemini Plastic Surgery,"12499 Victoria Gardens Lane #103, Rancho Cucamonga, California 91739",Rancho Cucamonga,CA,91739,United States,,,www.geminiplasticsurgery.com,34.1080327,-117.5327138,,,,in_stock,gemini-plastic-surgery17ccfaa23083,2026-09-17T00:03:13.431Z
1263750,Genesis MD Spa,"216 W Nolana Ave, Mcallen, Texas 78504",Mcallen,TX,78504,United States,,,http://genesismdspa.com/,26.2389726,-98.21575430000001,,,,in_stock,genesis-md-spa86fdcf0dd327,2026-09-17T00:03:27.484Z
1746000,Georgia Plastic & Reconstructive Surgery,"2285 Asquith Ave SW Suite 200, Marietta, Georgia 30008",Marietta,GA,30008,United States,,,,33.8640009,-84.62188739999999,,,,in_stock,georgia-plastic--reconstructive-surgerycb171e3f2ed6,2026-09-17T00:03:35.232Z
1263459,GG Aesthetic Solutions and Wellness,"3375 Sedgwick Avenue Floor 1, Bronx, New York 10463",Bronx,NY,10463,United States,,,,40.8804527,-73.89696359999999,,,,in_stock,gg-aesthetic-solutions-and-wellness79911cda32a0,2026-09-17T00:02:48.497Z
1263900,Glam Wax Boutique,"9022 382nd Ave SE, Snoqualmie, Washington 98065",Snoqualmie,WA,98065,United States,,,https://www.glamwaxboutique.com/,47.5182317,-121.8304787,,,,in_stock,glam-wax-boutique721e20a7dcb0,2026-09-17T00:03:08.737Z
1615726,Glicksman Plastic Surgery,"2164 Highway 35 Bldg A, Sea Grit, New Jersey 08750",Sea Grit,NJ,08750,United States,,,www.drglicksman.com,40.137513,-74.0621867,,,,in_stock,glicksman-plastic-surgery4763bfd434f0,2026-09-17T00:03:56.122Z
1914431,Glo Aesthetics at Bridgeport PLLC,"449 East Main Street, Bridgeport, West Virginia 26330",Bridgeport,WV,26330,United States,,,http://gloaestheticsatbridgeport.com/,39.288745,-80.243021,,,,in_stock,glo-aesthetics-at-bridgeport-pllce7ed9253ce66,2026-09-17T00:03:10.936Z
1263381,Glo Derma Aesthetics and Wellness,"204 Floral Vale Blvd, Yardley, Pennsylvania 19067",Yardley,PA,19067,United States,,,www.gloderma.com,40.2189609,-74.88374329999999,,,,in_stock,glo-derma-aesthetics-and-wellness4fb4afa52849,2026-09-17T00:03:42.469Z
1263452,Glo Dermatology,"5500 Broadview Rd, Parma, Ohio 44134",Parma,OH,44134,United States,,,http://www.glodermatology.com,41.4125253,-81.6936795,,,,in_stock,glo-dermatology8f6df1894f07,2026-09-17T00:02:57.288Z
1263537,Glow Aesthetics,"41 IDX Dr Suite 230, South Burlington, Vermont 5403",South Burlington,VT,05403,United States,,,https://www.glowmedspavt.com/,44.4337524,-73.2095618,,,,in_stock,glow-aestheticsb2fd00be5e88,2026-09-17T00:03:11.933Z
3055247,Glow by Courtney Grace,"400 Northeast 3rd Avenue, Fort Lauderdale, Florida 33301",Fort Lauderdale,FL,33301,United States,,,,26.1272969,-80.1399271,,,,in_stock,glow-by-courtney-grace0fe6bef30826,2026-09-17T00:02:55.836Z
2073894,Glow District Concierge Wellness & Spa,"4410 Nightfall Pass, San Antonio, Texas 78259",San Antonio,TX,78259,United States,,,,29.644004,-98.40404129999999,,,,in_stock,glow-district-concierge-wellness--spa82c717c0231b,2026-09-17T00:02:53.927Z
1263329,Glow Medi Spa - Kirkland,"9750 NE 120th Place #3, Kirkland, Washington 98034",Kirkland,WA,98034,United States,,,https://glowspaseattle.com/,47.708575,-122.2111262,,,,in_stock,glow-medi-spa---kirkland8be76ad73d9d,2026-09-17T00:02:47.794Z
1263461,Glynn Bolitho MD,"9834 GENESEE AVE STE 311, LA JOLLA, California 92037",La Jolla,CA,92037,United States,,,https://bolithomd.com/,32.8842234,-117.2258598,,,,in_stock,glynn-bolitho-mdb15798525c84,2026-09-17T00:03:13.067Z
3066485,Go Flawless Now,"372 Arden Avenue #205, Glendale, California 91203",Glendale,CA,91203,United States,,,goflawlessnow.com,34.1581787,-118.2612041,,,,in_stock,go-flawless-now4b0b7cf93211,2026-09-17T00:02:44.626Z
1263925,Golden State Dermatology - Los Gatos,"555 Knowles Drive Suite 220, Los Gatos, California 95032",Los Gatos,CA,95032,United States,,,https://www.goldenstatedermatology.com/los-gatos/,37.262044,-121.9661756,,,,in_stock,golden-state-dermatology---los-gatos75b0466ab85e,2026-09-17T00:03:15.008Z
1263292,Golden State Dermatology - The Menkes Clinic,"2490 Hospital Drive, Suite 201, Mountain View, California 94040",Mountain View,CA,94040,United States,,,www.menkesclinic.com,37.3699879,-122.0823166,,,,in_stock,golden-state-dermatology---the-menkes-clinic021f24741243,2026-09-17T00:03:09.884Z
1660258,Gotox Scottsdale/ Jennifer Weese Aesthetics,"8889 E Bell Rd, Ste 7, Scottsdale, Arizona 85260",Scottsdale,AZ,85260,United States,,,,33.6390679,-111.8883917,,,,in_stock,gotox-scottsdale-jennifer-weese-aesthetics5effaca9db14,2026-09-17T00:03:43.974Z
1263888,Gould Plastic Surgery,"120 S. Spalding Dr. #330, Beverly Hills, California 30212",Beverly Hills,CA,30212,United States,,,https://drgouldplasticsurgery.com/,34.0662157,-118.4086059,,,,in_stock,gould-plastic-surgeryb2fd23888f69,2026-09-17T00:03:10.099Z
2866741,GrandView Aesthetic and Wellness,"1410 North Coast Highway 101 Suite D, Encinitas, California 92024",Encinitas,CA,92024,United States,,,https://gvaw.life,33.07225220000001,-117.305135,,,,in_stock,grandview-aesthetic-and-wellnessc4d208b06595,2026-09-17T00:02:36.909Z
1804589,Greater Beauty at GBMC,"6701 N. Charles Street, MAIN HOSPITAL Suite 5104, Towson, Maryland 21204",Towson,MD,21204,United States,,,,39.3906429,-76.6247546,,,,in_stock,greater-beauty-at-gbmcf242c6f52fac,2026-09-17T00:02:28.758Z
1263721,Greater Michigan Oral Surgeons,"5417 Gateway Center, Flint, Michigan 48507",Flint,MI,48507,United States,,,https://greatermichiganoralsurgeons.com/,42.94589819999999,-83.7185022,,,,in_stock,greater-michigan-oral-surgeons3a31f79d7750,2026-09-17T00:02:27.946Z
3106463,Greer Aesthetics MD,"455 South Buncombe Road, Greer, South Carolina 29650",Greer,SC,29650,United States,,,https://www.greeraesthetics.com/,34.930939,-82.2491843,,,,in_stock,greer-aesthetics-md54e478f91ba1,2026-09-17T00:03:27.870Z
1263417,Gregory Mueller MD,"436 N Bedford Dr Ste 212, Beverly Hills, California 90210",Beverly Hills,CA,90210,United States,,,www.drgregory.com,34.0686626,-118.4056007,,,,in_stock,gregory-mueller-mde89805d8647d,2026-09-17T00:03:29.538Z
2087206,Grossman/Capraro Plastic Surgery,"4600 Hale Parkway Ste 110, Denver, Colorado 80220",Denver,CO,80220,United States,,,beautifulme.com,39.7331669,-104.9343206,,,,in_stock,grossman-plastic-surgeryfacial-aestheticsbf6643c74aca,2026-09-17T00:03:42.337Z
1263842,Grossman Dermatology,"2001 Santa Monica Blvd 1250 West, Santa Monica, California 90404",Santa Monica,CA,90404,United States,,,grossmandermatology.com/,34.0290544,-118.4799639,,,,in_stock,grossman-dermatology352dfd0b2839,2026-09-17T00:02:41.146Z
1263367,Gruene House Med Spa - New Braunfels,"1433 Hanz Dr, New Braunfels, Texas 78130",New Braunfels,TX,78130,United States,,,www.gruenehousemedspa.com,29.7284319,-98.101998,,,,in_stock,gruene-house-med-spa---new-braunfels5b53b832e898,2026-09-17T00:02:57.213Z
2829002,GW MFA Dermatology,"2300 M Street NW 6Floor, Washington, District of Columbia 20037",Washington,DC,20037,United States,,,,38.905039,-77.050405,,,,in_stock,gw-mfa-dermatology007fb52889c9,2026-09-17T00:02:41.301Z
1263245,Hagerstown Dermatology & Skincare,"1101 Opal Court #315A, Hagerstown, Maryland 21740",Hagerstown,MD,21740,United States,,,https://www.hagerstownderm.com/,39.6354011,-77.6965266,,,,in_stock,hagerstown-dermatology--skincareeb31d3bd55e8,2026-09-17T00:03:46.212Z
1263224,Haleh Bakshandeh MD,"9730 Wilshire Blvd #115, Beverly Hills, California 90212",Beverly Hills,CA,90212,United States,,,www.drbdermatology.com,34.0667753,-118.4075382,,,,in_stock,haleh-bakshandeh-md0a8d7d115281,2026-09-17T00:02:28.494Z
1414678,Haley Moore Aesthetics,"4051 South Memorial Drive, unit c3, Winterville, North Carolina 28590",Winterville,NC,28590,United States,,,,35.55443959999999,-77.4050212,,,,in_stock,haley-moore-aestheticsd765c495eaa5,2026-09-17T00:02:47.338Z
1534446,HANA Clinic,"76Đ Street 3/2, Ward 12, District 10, Ho Chi Minh City, Vietnam",,,,Vietnam,,,https://phongkhamhana.com,10.7696031,106.6683176,,,,in_stock,hana-clinic1ef523ec7f39,2026-09-17T00:02:42.968Z
1263597,Harvey Handler MD,"5300 Harroun Road Suite 126, Sylvania, Ohio 43560",Sylvania,OH,43560,United States,,,http://www.drharveyhandler.com/,41.710221,-83.69157799999999,,,,in_stock,harvey-handler-md59d5461a1ce5,2026-09-17T00:03:42.611Z
1527712,Haven Skincare & Aesthetics,"167 Cimarron Creek, Boerne, Texas 78006",Boerne,TX,78006,United States,,,https://havenboerne.com/,29.7805135,-98.6909835,,,,in_stock,haven-skincare--aesthetics18c59d0ddcaa,2026-09-17T00:02:42.040Z
1263799,Health Quality Primary Care,"290 Merrimack Street, Lawrence, Massachusetts 1840",Lawrence,MA,01840,United States,,,,42.6975106,-71.1638128,,,,in_stock,health-quality-primary-care3a1005d76171,2026-09-17T00:03:00.699Z
2950257,Health & Vitality Clinic,"2411 Crofton Ln ste 7b, Crofton, Maryland 21114",Crofton,MD,21114,United States,,,https://www.healthvitalityclinic.com,39.0143562,-76.6979798,,,,in_stock,health--vitality-clinicf47de99aa12a,2026-09-17T00:03:12.393Z
1263360,Healthy Solutions Med Spa,"882 Jacksonville Rd, suite 204, Ivyland, Pennsylvania 18974",Ivyland,PA,18974,United States,,,https://www.healthysolutionsdr.com/,40.2032811,-75.0759356,,,,in_stock,healthy-solutions-med-spa3bf903c22f8c,2026-09-17T00:03:08.079Z
1263536,Hebe Medical Spa,"1131 Main Street, Fishkill, New York 12524",Fishkill,NY,12524,United States,,,www.thehebespa.com,41.5360124,-73.90100149999999,,,,in_stock,hebe-medical-spabde97b79cbd2,2026-09-17T00:03:29.127Z
1263475,Heights Dermatology & Aesthetics,"4325 Dolly Ridge Road, Vestavia Hills, Alabama 35243",Vestavia Hills,AL,35243,United States,,,https://heightsdermatologyandaesthetics.com/,33.4531939,-86.7383763,,,,in_stock,heights-dermatology--aesthetics4a2e00200d30,2026-09-17T00:03:37.094Z
1263388,Helene R. Rosenzweig MD,"16260 Ventura Blvd., Ste. 530, Encino, California 91436",Encino,CA,91436,United States,,,no website,34.1566482,-118.4877151,,,,in_stock,helene-r-rosenzweig-md88ae532c8bbe,2026-09-17T00:03:39.020Z
1263283,Helen S Manber MD,"3838 California Street RM 308, San Francisco, California 94118",San Francisco,CA,94118,United States,,,https://www.sfdermatology.com/,37.7861806,-122.4576078,,,,in_stock,helen-s-manber-mdf1676800f9ad,2026-09-17T00:03:44.735Z
1263770,Helm Plastic and Hand Surgery,"70 Pleasant Street, Suite 2, Weymouth, Massachusetts 2190",Weymouth,MA,02190,United States,,,https://helmplastics.com/,42.1734176,-70.9533332,,,,in_stock,helm-plastic-and-hand-surgery798b16d33a78,2026-09-17T00:03:40.790Z
1263413,Henry Ford Allegiance Plastic Surgery,"3305 Spring Arbor Road, Suite 200, Jackson, Michigan 49203",Jackson,MI,49203,United States,,,www.henryfordallegiance.com,42.2253813,-84.4537342,,,,in_stock,henry-ford-allegiance-plastic-surgery912e7d39c3b2,2026-09-17T00:03:11.562Z
1263715,Hillelson/Whipple Clinic,"9930 Independence Park Dr #101, Henrico, Virginia 23233",Henrico,VA,23233,United States,,,https://www.americanself.com/,37.6367134,-77.57077629999999,,,,in_stock,hillelsonwhipple-clinic47892e2ac588,2026-09-17T00:03:28.354Z
3104425,Hobgood Facial Plastic Surgery,"8415 N. Pima Road, Suite 120, Scottsdale, Arizona 85258",Scottsdale,AZ,85258,United States,,,https://www.toddhobgood.com,33.557475,-111.890803,,,,in_stock,hobgood-facial-plastic-surgery0948878418a6,2026-09-17T00:02:53.770Z
1414691,Hochstein Med Spa,"585 Northwest 161st Street 4th Floor, Miami, Florida 33169",Miami,FL,33169,United States,,,lhochsteinmd.com,25.9225307,-80.2097783,,,,in_stock,hochstein-med-spaba9ba46331ce,2026-09-17T00:03:14.773Z
1263377,Holland Plastic Surgery & Aesthetics,"74 Gray Road Suite 1B, Falmouth, Maine 4105",Falmouth,ME,04105,United States,,,www.hollandplasticsurgery.com,43.7358824,-70.2976185,,,,in_stock,holland-plastic-surgery--aesthetics8f10f0be39c2,2026-09-17T00:02:58.558Z
1263507,Holly Mueller Aesthetics,"3333 E Camelback Rd Suite 212, Phoenix, Arizona 85018",Phoenix,AZ,85018,United States,,,https://www.hollymueller.com/,33.5096244,-112.0089792,,,,in_stock,holly-mueller-aesthetics09139bd43a96,2026-09-17T00:03:48.122Z
1263859,Hollywood Dermatology - Dr. Danielle Nicolazzo,"3470 NW 82nd Avenue, Suite 111, Doral, Florida 33021",Doral,FL,33021,United States,,,https://www.hollywooddermatology.com/,25.8071829,-80.3300259,,,,in_stock,hollywood-dermatology---dr-danielle-nicolazzoa50573be9c8c,2026-09-17T00:02:58.616Z
1263791,Hollywood Dermatology - Dr. Eduardo Weiss,"3850 Hollywood Blvd Ste 403, Hollywood, Florida 33021",Hollywood,FL,33021,United States,,,www.hollywooddermatology.com,26.0091483,-80.18291049999999,,,,in_stock,hollywood-dermatology---dr-eduardo-weiss96576175f07c,2026-09-17T00:03:20.879Z
1263274,Hollywood Dermatology - Hallandale Beach,"1250 E. Hallandale Beach Blvd. Suite 800, Hallandale Beach, Florida 33009",Hallandale Beach,FL,33009,United States,,,http://www.hollywooddermatology.com/our-team,25.9851813,-80.135591,,,,in_stock,hollywood-dermatology---hallandale-beachec5387fbac37,2026-09-17T00:03:56.063Z
1718108,Honey Rose Aesthetics,"8114 112th Street Court East Ste A, Puyallup, Washington 98373",Puyallup,WA,98373,United States,,,https://www.hraskin.com,47.154459,-122.321194,,,,in_stock,honey-rose-aesthetics73816f9d91cf,2026-09-17T00:02:48.095Z
1263327,Honolulu Dermatology,"4211 Waialae Ave, Ste 203, Honolulu, Hawaii 96816",Honolulu,HI,96816,United States,,,https://www.honoluluderm.com/,21.2755818,-157.786438,,,,in_stock,honolulu-dermatology82fc3e5fe10f,2026-09-17T00:03:41.259Z
1263304,Hope Mitchell Dermatology,"815 Commerce Drive, Perrysburg, Ohio 43551",Perrysburg,OH,43551,United States,,,https://mitchellderm.com/,41.5432328,-83.63912859999999,,,,in_stock,hope-mitchell-dermatologycc005deff312,2026-09-17T00:03:09.955Z
1263718,Houston Dermatology and Plastic Surgery,"3030 South Mason Road, Katy, Texas 77450",Katy,TX,77450,United States,,,https://beautybecomesyou.com/,29.7387298,-95.7526524,,,,in_stock,houston-dermatology-and-plastic-surgery3f8cd629e7e0,2026-09-17T00:03:55.102Z
2987670,Houston Oculofacial Plastic Surgery,"4747 Bellaire Boulevard, Suite 347, Houston, Texas 77025",Houston,TX,77025,United States,,,,29.705295,-95.46179889999999,,,,in_stock,houston-oculofacial-plastic-surgery533f693653f0,2026-09-17T00:03:42.779Z
1263225,Howard Goldberg MD,"990 Paradise Road Suite 2, Swampscott, Massachusetts 1907",Swampscott,MA,01907,United States,,,www.cosmeticdermcenter.com,42.4836946,-70.9010855,,,,in_stock,howard-goldberg-mdbdd9677be4b5,2026-09-17T00:02:36.101Z
1598542,Hydration Station,"3333 West Coast Highway, 4th Floor Suite 19, Newport Beach, California 92663",Newport Beach,CA,92663,United States,,,https://www.ochydrationstation.com/,33.6207461,-117.92725,,,,in_stock,hydration-station875effaf4fe5,2026-09-17T00:03:44.223Z
1263759,IAM CENTER FOR INTEGRATIVE AESTHETIC MEDICINE,"1550 140th Avenue NE # 200, Bellevue, Washington 98005",Bellevue,WA,98005,United States,,,,47.6239751,-122.1532434,,,,in_stock,iam-center-for-integrative-aesthetic-medicine44b97b014ab9,2026-09-17T00:02:44.695Z
1263203,Image Dermatology - Jeanine Downie MD,"51 Park Street, Montclair, New Jersey 7042",Montclair,NJ,07042,United States,,,https://www.imagedermatology.com/dermatologic-surgeon-montclair-nj.html,40.8171984,-74.2165905,,,,in_stock,image-dermatology---jeanine-downie-md5f1970abe936,2026-09-17T00:03:24.586Z
1263414,Image ReNu,"8305 Walnut Hill Lane Ste. 200, Dallas, Texas 75231",Dallas,TX,75231,United States,,,imagerenu.com,32.8844253,-96.7616224,,,,in_stock,image-renub70b2f1f525c,2026-09-17T00:02:58.495Z
1263915,Imperial Dermatology,"4700 Sheridan Street Suite I, Hollywood, Florida 33021",Hollywood,FL,33021,United States,,,www.imperial-derm.com,26.0314439,-80.1912737,,,,in_stock,imperial-dermatology7f09e1aa9d17,2026-09-17T00:03:25.284Z
1263582,Infinite Allure,"802 Green Valley Road, Ste 108 Greensboro, NC 27408, Greensboro, North Carolina 27408",Greensboro,NC,27408,United States,,,,36.0909425,-79.8174981,,,,in_stock,infinite-allure747f6a3fa8f2,2026-09-17T00:03:52.903Z
1263889,Ingrid E. Trenkle MD,"124 E Olive Ave, Redlands, California 92373",Redlands,CA,92373,United States,,,http://www.drtrenkle.com/,34.0541676,-117.1793052,,,,in_stock,ingrid-e-trenkle-md280bd90df611,2026-09-17T00:03:21.485Z
2948954,Injection Perfection,"19495 Colorado Circle, Boca Raton, Florida 33434",Boca Raton,FL,33434,United States,,,https://www.injection-perfection.com/,26.3858106,-80.19948509999999,,,,in_stock,injection-perfection0ea8cf20eacb,2026-09-17T00:02:36.545Z
1263916,Injector 5280,"2435 W 44th Ave, Denver, Colorado 80206",Denver,CO,80206,United States,,,https://www.injector5280.com/,39.7766735,-105.0166566,,,,in_stock,injector-528097dda41c9f7a,2026-09-17T00:03:54.667Z
2950256,Injector Belle Med Spa + Skin Bar,"4847 East Greenway Road, Scottsdale, Arizona 85254",Scottsdale,AZ,85254,United States,,,https://injectorbelle.com,33.62496,-111.97596,,,,in_stock,injector-belle-med-spa--skin-bar9bab4b7b5525,2026-09-17T00:03:47.364Z
1263688,Inner Vitality,"11711 NE 12th St., Suite 1A, Bellevue, Washington 98005",Bellevue,WA,98005,United States,,,https://www.innervitalitybellevue.com,47.6223799,-122.1843345,,,,in_stock,inner-vitality6103c5aa9fc7,2026-09-17T00:03:11.104Z
1263590,Innovative Laser Skin Clinic,"831 W Las Palmas Dr, Fullerton, California 92835",Fullerton,CA,92835,United States,,,,33.9087646,-117.9399573,,,,in_stock,innovative-laser-skin-clinic87ea9166ea42,2026-09-17T00:03:14.856Z
1263223,Inside Out Aesthetics,"10900 N. Scottsdale Rd #608, Scottsdale, Arizona 85254",Scottsdale,AZ,85254,United States,,,Www.insideoutaesthetics.com/,33.5859121,-111.9267043,,,,in_stock,inside-out-aesthetics7d8f3793ac41,2026-09-17T00:03:55.500Z
1263294,Inspire Cosmetic Surgery & Med Spa,"1010 S. Federal Hwy, Suite 1010, Delray Beach, Florida 33483",Delray Beach,FL,33483,United States,,,www.inspirecosmetic.com,26.4466546,-80.0684212,,,,in_stock,inspire-cosmetic-surgery--med-spa9a6beb3ee139,2026-09-17T00:02:48.723Z
1263717,Integrated Aesthetics,"5061 FM 2920, Spring, Texas 77388",Spring,TX,77388,United States,,,www.integratedplasticsurgery.com,30.0735259,-95.499535,,,,in_stock,integrated-aesthetics8458d2700962,2026-09-17T00:03:49.176Z
1263407,Integrative Dermatology & Laser Spa,"3919 W Jefferson Blvd Suite 2, Fort Wayne, Indiana 46804",Fort Wayne,IN,46804,United States,,,https://www.drvskin.com/,41.0716153,-85.19163309999999,,,,in_stock,integrative-dermatology--laser-spa8305455ac556,2026-09-17T00:02:32.118Z
2823811,Irina M Healthcare Services,"2240 Honolulu Avenue, Montrose, California 91020",Montrose,CA,91020,United States,,,,34.2050469,-118.2265983,,,,in_stock,irina-m-healthcare-services03ac7269658d,2026-09-17T00:03:05.509Z
2795398,IS Beauty,"2307 Dueling Oaks Drive Unit 102, Tyler, Texas 75703",Tyler,TX,75703,United States,,,https://www.imeldabeauty.com/,32.2652796,-95.3393619,,,,in_stock,is-beauty77a6daa17481,2026-09-17T00:02:50.683Z
2948952,Ithaca Medical Aesthetics,"108 North Cayuga StreetSt 6, Ithaca, New York 14850",Ithaca,NY,14850,United States,,,https://www.ithacamedicalaesthetics.com/,42.4398597,-76.49925979999999,,,,in_stock,ithaca-medical-aesthetics7ddd21a37b8c,2026-09-17T00:03:05.277Z
3248114,IV Drop Revival and Glow,"11760 Bird Road STE 734, Miami, Florida 33175",Miami,FL,33175,United States,,,,25.7316913,-80.3852326,,,,in_stock,iv-drop-revival-and-glowacb87b306fff,2026-09-17T00:03:56.610Z
3250819,Jackie Yee MD Plastic Surgery,"6161 Sunset Drive, Miami, Florida 33143",Miami,FL,33143,United States,,,,25.7045154,-80.2928756,,,,in_stock,jackie-yee-md-plastic-surgery76b20cf5745c,2026-09-17T00:03:34.970Z
1263260,Jack Zamora MD Cosmetic Surgery and Aesthetics,"2717 E 3rd Ave, denver, Colorado 80206",Denver,CO,80206,United States,,,https://www.jackzamoramd.com/,39.7212175,-104.9554728,,,,in_stock,jack-zamora-md-cosmetic-surgery-and-aesthetics456d570d61b6,2026-09-17T00:02:29.824Z
3180882,Jacquelyns Spa,"1310 RM-620 Unit B199, Lakeway, Texas 78734",Lakeway,TX,78734,United States,,,jacquelynsspa.com,30.3545113,-97.9604177,,,,in_stock,jacquelyns-spadb9a0f7df570,2026-09-17T00:03:04.249Z
1263752,Jane Olson MD,"8440 BLUEBONNET BLVD, SUITE B, BATON ROUGE, Louisiana 70810",Baton Rouge,LA,70810,United States,,,https://www.doctorjaneolson.com/,30.3732279,-91.10081509999999,,,,in_stock,jane-olson-mdb1461e962e62,2026-09-17T00:02:45.712Z
1263198,Jason Emer MD,"9201 Sunset Blvd. #510, West Hollywood, California 90210",West Hollywood,CA,90210,United States,,,jasonemermd.com,34.0909481,-118.3925219,,,,in_stock,jason-emer-md4c5cffe3a53e,2026-09-17T00:02:35.553Z
2073893,Jason Emer MD,"57 W 57th Street Suite 611, New York, New York 10019",New York,NY,10019,United States,,,jasonemermd.com,40.7644546,-73.9768059,,,,in_stock,jason-emer-md706c5b81031e,2026-09-17T00:02:55.626Z
1263518,JC Wills Medical Corp,"34189 PCH #201, Dana Point, California 92629",Dana Point,CA,92629,United States,,,www.rivieralaserstudio.net,33.4672113,-117.6972434,,,,in_stock,jc-wills-medical-corpbc980a9a00a8,2026-09-17T00:03:08.296Z
1263412,Jennifer Armstrong MD,"369 San Miguel Dr #235, Newport Beach, California 92660",Newport Beach,CA,92660,United States,,,www.ascmedcenter.com,33.6118678,-117.8716739,,,,in_stock,jennifer-armstrong-md523290a05a80,2026-09-17T00:03:56.405Z
1263727,Jessica Geller MD,"4994 N University Drive, Lauderhill, Florida 33351",Lauderhill,FL,33351,United States,,,www.sentelabs.com,26.1878597,-80.2512586,,,,in_stock,jessica-geller-md95f6485b1421,2026-09-17T00:03:51.983Z
1263371,Jessica Wu MD,"11620 Wilshire Blvd, Ste 700, Los Angeles, CA 90025",Los Angeles,CA,90025,United States,,,drjessicawu.com,34.0498644,-118.4594727,,,,in_stock,jessica-wu-md9b97d5f569ed,2026-09-17T00:02:33.019Z
3136531,Jewels x Aesthetics,"11013 Meridian Drive North, Parkland, Florida 33076",Parkland,FL,33076,United States,,,,26.3486263,-80.276482,,,,in_stock,jewels-x-aestheticsf0318daf5fac,2026-09-17T00:03:39.832Z
1414677,JH Dermatology Inc.,"436 N Bedford Dr. #303 Beverly Hills, California 90210",Beverly Hills,CA,90210,United States,,,divinadermatology.com,34.0686433,-118.4054706,,,,in_stock,jh-dermatology-inc76268e356c38,2026-09-17T00:03:22.359Z
1263794,JoAnna Nguyen MD Plastic Surgery,"9201 Sunset Blvd #718, West Hollywood, California 90069",West Hollywood,CA,90069,United States,,,Joannanguyenmd.com,34.0909481,-118.3925219,,,,in_stock,joanna-nguyen-md-plastic-surgeryce7b882926fd,2026-09-17T00:02:42.636Z
1263273,Jocelyn Lieb MD,"500 N Franklin Turnpike Suite 318, Ramsey, New Jersey 7446",Ramsey,NJ,07446,United States,,,http://www.skinandlasernj.com/,41.0747302,-74.1367715,,,,in_stock,jocelyn-lieb-md851e161bea37,2026-09-17T00:03:27.169Z
1263775,"Jocelyn Williams, NP","1614 W 51st Ave, Kennewick, Washington 99337",Kennewick,WA,99337,United States,,,,46.1657793,-119.1416184,,,,in_stock,jocelyn-williams-np82ec16e4fac8,2026-09-17T00:03:19.998Z
1263845,Joel Aronowitz MD,"8635 W 3Rd St Ste 1090W, Los Angeles, California 90048",Los Angeles,CA,90048,United States,,,https://www.aronowitzmd.com/?utm_source=gmb_auth,34.0740781,-118.3809386,,,,in_stock,joel-aronowitz-md02911fa55193,2026-09-17T00:03:25.961Z
1263764,Jo Esthetics,"5809 238th Street Southeast Unit 1, Woodinville, Washington 98072",Woodinville,WA,98072,United States,,,,47.7819724,-122.1543371,,,,in_stock,jo-esthetics7e91c31b5896,2026-09-17T00:03:47.309Z
1263619,Johns Creek Dermatology,"6300 Hospital Pkwy, Suite 100, Johns Creek, Georgia 30097",Johns Creek,GA,30097,United States,,,https://johnscreekdermatology.com/,34.0677746,-84.1739367,,,,in_stock,johns-creek-dermatology86f1ba851d6d,2026-09-17T00:02:46.999Z
1263906,Julie Halverson Skin Studio,"6150 Village View Dr UNIT 106, West Des Moines, Iowa 50266",West Des Moines,IA,50266,United States,,,https://www.juliehalversonskinstudio.com/,41.56323889999999,-93.7924563,,,,in_stock,julie-halverson-skin-studio83b6cf87041f,2026-09-17T00:03:25.340Z
1263709,Julie P. Wyatt Dermatology,"3000 Old Canton Road Suite 430, Jackson, Mississippi 39216",Jackson,MS,39216,United States,,,wyattderm.com,32.334689,-90.173687,,,,in_stock,julie-p-wyatt-dermatology3e402d2f5ed3,2026-09-17T00:03:07.712Z
1568894,Juniper Allergy,"255 East Sonterra Boulevard Unit 209, San Antonio, Texas 78258",San Antonio,TX,78258,United States,,,juniperallergy.com,29.6169768,-98.4906778,,,,in_stock,juniper-allergy61d37dee1aa2,2026-09-17T00:02:52.321Z
1427729,K2 Restorative Med Spa,"3536 Vann Road, Birmingham, Alabama 35235",Birmingham,AL,35235,United States,,,https://k2restorativemedicine.com/,33.6068572,-86.63319910000001,,,,in_stock,k2-restorative-med-spab1947c9d2203,2026-09-17T00:03:41.325Z
1263526,Kaestner Aesthetic Eye Center,"4403 Manchester Avenue Suite 208, Encinitas, California 92024",Encinitas,CA,92024,United States,,,"kaestnereyecare,com",33.0361454,-117.2400707,,,,in_stock,kaestner-aesthetic-eye-center658c73c0afb9,2026-09-17T00:03:13.276Z
1750618,Kaiser Permanente - Sacramento,"2025 Morse Ave. Sacramento, California 95825",Morse Ave. Sacramento,CA,95825,United States,,,www.kaiser.com,38.6019048,-121.3924641,,,,in_stock,kaiser-permanente---sacramentocc20cd2f3af2,2026-09-17T00:02:52.541Z
1263244,Kaiser Permanente - South Sacramento,"6600 Bruceville Road, Sacramento, California 95823",Sacramento,CA,95823,United States,,,www.kaiser.com,38.4701789,-121.4236093,,,,in_stock,kaiser-permanente---south-sacramentof2078803a083,2026-09-17T00:02:27.655Z
1263355,Kaiser Permanente - Union City,"3555 Whipple Road, 1st Floor / Building A, Union City, California 94587",Union City,CA,94587,United States,,,www.kaiser.com,37.6065749,-122.0838333,,,,in_stock,kaiser-permanente---union-city8b432abb28b7,2026-09-17T00:03:44.787Z
1263334,Katie Suozzi - Yale University,"40 Temple Street Suite 5A, New Haven, Connecticut 6510",New Haven,CT,06510,United States,,,https://medicine.yale.edu/dermatology/people/kathleen_suozzi-4.profile,41.3044873,-72.9295387,,,,in_stock,katie-suozzi---yale-universityd60d1b8c9587,2026-09-17T00:03:49.388Z
1263811,KayBeauty LLC,"3906 E Vallejo Dr, Gilbert, Arizona 85298",Gilbert,AZ,85298,United States,,,https://www.kaybeautyaz.com/,33.2245144,-111.7052454,,,,in_stock,kaybeauty-llce644a99ff6ce,2026-09-17T00:03:19.821Z
1263837,Kenneth Yu MD,"21727 IH 10 West Suite #218, San Antonio, Texas 78257",San Antonio,TX,78257,United States,,,dryuplasticsurgery.com,29.6558026,-98.62542630000002,,,,in_stock,kenneth-yu-md9c147a2ba6bd,2026-09-17T00:03:24.380Z
1263870,Kenzthetics LLC,"130 5th AVE S Suite 22, Edmonds, Washington 98020",Edmonds,WA,98020,United States,,,https://www.kenzthetics.com/,47.8098205,-122.3777269,,,,in_stock,kenzthetics-llc705ee5176609,2026-09-17T00:03:11.871Z
1263513,Kim Kelly LLC,"247 Creek Road, Doylestown, Pennsylvania 18901",Doylestown,PA,18901,United States,,,http://www.kimkellyandco.com/,40.3128183,-75.20184449999999,,,,in_stock,kim-kelly-llce25394975bd1,2026-09-17T00:02:43.513Z
1263433,Kindred Hair & Skin Center,"8900 Columbia 100 Parkway, Ste. F, Columbia, Maryland 21045",Columbia,MD,21045,United States,,,https://www.kindredhairandskin.com/,39.2348919,-76.81548599999999,,,,in_stock,kindred-hair--skin-center8f48a16cd8de,2026-09-17T00:02:37.426Z
3055248,Kora Aesthetics,"10505 N 69th Street Ste 1300, Paradise Valley, Arizona 85253",Paradise Valley,AZ,85253,United States,,,,33.5805323,-111.9321744,,,,in_stock,kora-aestheticsace3ffb9fa87,2026-09-17T00:03:33.892Z
1263258,Krauss Dermatology,"1 Washington Street, Suite 401, Wellesley, Massachusetts 2481",Wellesley,MA,02481,United States,,,www.kraussdermatology.com,42.3256187,-71.2591825,,,,in_stock,krauss-dermatologyadabeac0d776,2026-09-17T00:02:33.469Z
2948955,KT Aesthetics & Wellness,"11633 pine creek ct, Aledo, Texas 76008",Aledo,TX,76008,United States,,,,32.7170656,-97.52330479999999,,,,in_stock,kt-aesthetics--wellness7880dccb04f4,2026-09-17T00:02:46.247Z
1263680,La Bella Donna,"1208 North Center Street, Hickory, North Carolina 28601",Hickory,NC,28601,United States,,,http://belladonnalasers.com/,35.7488596,-81.3379207,,,,in_stock,la-bella-donna1c83bfa435cf,2026-09-17T00:03:09.316Z
1263633,Lake Washington Dermatology,"10117 NE 58th Street Suite 200, Kirkland, Washington 98033",Kirkland,WA,98033,United States,,,lakewashingtondermatology.com,47.65929819999999,-122.2056631,,,,in_stock,lake-washington-dermatologya765c7677cbd,2026-09-17T00:02:54.004Z
1263616,Lakeway Dermatology Associates,"400 E. Economy Rd., Suite 8, Morristown, Tennessee 37814",Morristown,TN,37814,United States,,,http://www.lakewayderm.com,36.2078591,-83.317135,,,,in_stock,lakeway-dermatology-associatesf132dbeb3c2b,2026-09-17T00:03:30.684Z
1263676,Landa Med Spa,"58 Kirkland Circle, Westlake Hill, Massachusetts 2481",Westlake Hill,MA,02481,United States,,,http://www.landamedspa.com,42.30739390000001,-71.283036,,,,in_stock,landa-med-spa93ec6c47caf9,2026-09-17T00:02:29.489Z
1263402,Laredo Wellness and Aesthetics,"7109 N Bartlett Avenue Suite 102, Laredo, Texas 78041",Laredo,TX,78041,United States,,,www.laredowellness.com,27.568206,-99.461562,,,,in_stock,laredo-wellness-and-aesthetics090746dabe95,2026-09-17T00:03:11.640Z
1263284,Laser and Skin Surgery Center of No. CA,"3835 J Street, Sacramento, California 95816",Sacramento,CA,95816,United States,,,skinlasers.com,38.5706908,-121.4556417,,,,in_stock,laser-and-skin-surgery-center-of-no-cad33109493068,2026-09-17T00:03:48.061Z
1263892,Laserklinic,"136 E. 57Th St. Ste 1001, New York, New York 10022",New York,NY,10022,United States,,,https://www.laserklinic.com/,40.7606305,-73.968964,,,,in_stock,laserklinic4e1a3a79dff5,2026-09-17T00:03:29.756Z
1263894,Laser Lights Atlanta,"4300 Pleasant Hill Road Suite D, Duluth, Georgia 30096",Duluth,GA,30096,United States,,,https://www.atlaserlights.com/,34.0066145,-84.1746292,,,,in_stock,laser-lights-atlanta3cc744c6e4d3,2026-09-17T00:03:43.098Z
1263243,Laser Skin Care Center Dermatology Assoc.,"3828 Schaufele Avenue #300, Long Beach, California 90808",Long Beach,CA,90808,United States,,,www.lasercarespecialists.com,33.8282789,-118.1475035,,,,in_stock,laser-skin-care-center-dermatology-assocb74efb2f67c4,2026-09-17T00:03:50.226Z
2991397,L’Atelier Aesthetics,"6625 Miami Lakes Drive Ste 364, Miami Lakes, Florida 33014",Miami Lakes,FL,33014,United States,,,,25.9090604,-80.30755979999999,,,,in_stock,latelier-aestheticsed7a40197960,2026-09-17T00:03:51.767Z
2236803,Lauren Jones Aesthetics,"14 Haley Court, Greenville, South Carolina 29607",Greenville,SC,29607,United States,,,,34.8453705,-82.368045,,,,in_stock,lauren-jones-aesthetics0a220b58df72,2026-09-17T00:03:25.815Z
1263529,Lawrence Green MD,"9601 Blackwell Rd Suite 260, Rockville, Maryland 20850",Rockville,MD,20850,United States,,,,39.1016751,-77.19281769999999,,,,in_stock,lawrence-green-mde81db7c80e6b,2026-09-17T00:02:46.645Z
1263436,Layton Plastic Surgery - Houston,"929 Gessner Road Suite 2200, Houston, Texas 77024",Houston,TX,77024,United States,,,drernestlayton.com,29.78201889999999,-95.54545209999999,,,,in_stock,layton-plastic-surgery---houston52225bd8a5d9,2026-09-17T00:03:55.756Z
1263856,Layton Plastic Surgery - Kerrville,"251 Cully Drive, Ste A, Kerrville, Texas 78028",Kerrville,TX,78028,United States,,,drernestayton.com,30.04300019999999,-99.1485924,,,,in_stock,layton-plastic-surgery---kerrville66c0f6e0e2d9,2026-09-17T00:03:29.679Z
1263549,Lea Plastic Surgery,"20360 SW Birch St, Suite 180, Newport Beach, California 92627",Newport Beach,CA,92627,United States,,,www.leaplasticsurgery.com,33.656297,-117.877526,,,,in_stock,lea-plastic-surgery99ada5bcb226,2026-09-17T00:02:57.437Z
2115322,Leber Skin and Laser Center,"11000 N Scottsdale Road Suite 200, Scottsdale, Arizona 85254",Scottsdale,AZ,85254,United States,,,https://www.drleber.com/skin-laser/,33.5869916,-111.9268768,,,,in_stock,leber-skin-and-laser-centerc05a3eb0ea93,2026-09-17T00:03:38.872Z
3077058,Lee A. Gibstein MD,"1166 Kane Concourse 3rd floor, Bay Harbor Islands Florida 33154",Bay Harbor Islands,FL,33154,United States,,,,25.88643,-80.13278389999999,,,,in_stock,lee-a-gibstein-md3bb0730c3c20,2026-09-17T00:03:39.156Z
1263369,Legacy Dermatology - Frisco,"3140 Legacy Drive, Suite 110, Frisco, Texas 75034",Frisco,TX,75034,United States,,,www.legacydermatology.com,33.10448,-96.84085789999999,,,,in_stock,legacy-dermatology---frisco0a6a569fae97,2026-09-17T00:03:23.469Z
1263879,Legacy Dermatology - Prosper,"821 North Coleman Street, Prosper, Texas 75078",Prosper,TX,75078,United States,,,legacydermatology.com,33.2434786,-96.80269779999999,,,,in_stock,legacy-dermatology---prosper5deb3d900f30,2026-09-17T00:03:36.217Z
1263422,Leif Rogers MD Beverly Hills,"9735 Wilshire Blvd Penthouse Suite, Beverly Hills, California 90212",Beverly Hills,CA,90212,United States,,,https://www.leifrogersmd.com/,34.067271,-118.4075707,,,,in_stock,leif-rogers-md-beverly-hillsb6a0c3d36e02,2026-09-17T00:02:34.754Z
1263621,Leif Rogers MD Pasadena,"333 S. Arroyo Parkway, Third Floor, Pasadena, California 91105",Pasadena,CA,91105,United States,,,https://www.leifrogersmd.com/,34.1393153,-118.1477885,,,,in_stock,leif-rogers-md-pasadena652fef145041,2026-09-17T00:03:14.364Z
3116570,LEINE The Seattle Acne Clinic & Wellness Spa,"2366 EastLake Ave E Ste 439, Seattle, Washignton 98102",,,,,,,https://leinemedspa.com,47.6416999,-122.3255921,,,,in_stock,leine-the-seattle-acne-clinic--wellness-spa049eb2679ba5,2026-09-17T00:03:37.883Z
2863177,Lennox Cosmetic Surgery,"777 West Broadway Ave, Suite 1000, Vancouver, British Columbia, V5Z4J7",,,,Canada,,,,49.2635976,-123.1213494,,,,in_stock,lennox-cosmetic-surgery9da4599f456a,2026-09-17T00:03:29.000Z
1263816,Lenore Sikorski MD- Natural Image OC,"25500 Rancho Niguel Road Suite 280, Laguna Niguel, California 92677",Laguna Niguel,CA,92677,United States,,,www.naturalimageoc.com,33.55541,-117.684507,,,,in_stock,lenore-sikorski-md--natural-image-oc1df65a71cd3b,2026-09-17T00:02:57.611Z
1263404,Le Nouveau Belle,"8150 Leesburg Pike, Suite 750, Vienna, Virginia 22182",Vienna,VA,22182,United States,,,WWW.LENOUVEAUBELLE.COM,38.9164311,-77.2266665,,,,in_stock,le-nouveau-bellef29dd21d9a29,2026-09-17T00:02:44.556Z
1427726,Liesl A. Greathouse LLC,"3000 Combs Farm Drive Suite 106, Morgantown, West Virginia 26508",Morgantown,WV,26508,United States,,,,39.6569109,-79.8913031,,,,in_stock,liesl-a-greathouse-llcf250cc346051,2026-09-17T00:02:31.788Z
1263261,Life's Cycle Women's Care,"970 Northwest Blvd., Ardmore, Oklahoma 73401",Ardmore,OK,73401,United States,,,http://lifes-cycle.com/home/3701602,34.1910106,-97.1395343,,,,in_stock,lifes-cycle-womens-careb68807f06b86,2026-09-17T00:03:52.401Z
2816083,Little Laser Clinix,"11-42 46th Road Suite 1, Queens, New York 11101",Queens,NY,11101,United States,,,,40.7452292,-73.9491101,,,,in_stock,little-laser-clinix63204a059623,2026-09-17T00:03:02.209Z
1263707,Loma Linda University,"25865 Barton Road Bldg D Suite 101, Loma Linda, California 92354",Loma Linda,CA,92354,United States,,,https://lluh.org/provider/luke-campbell-janiene,34.047326,-117.2403223,,,,in_stock,loma-linda-university8a1329f97aaf,2026-09-17T00:03:57.146Z
1263200,Lopez Plastic Surgery - San Antonio,"18322 Sonterra Place Suite 107, San Antonio, Texas 78258",San Antonio,TX,78258,United States,,,lopezplasticsurgery.com,29.6108095,-98.49783850000001,,,,in_stock,lopez-plastic-surgery---san-antonio555c1efc6cde,2026-09-17T00:03:08.451Z
1263795,Lori Picco MD,"2141 K Street NW Suite 808, Washington, District of Columbia 20037",Washington,DC,20037,United States,,,http://www.cwcare.net/,38.9028966,-77.04800569999999,,,,in_stock,lori-picco-md9bd1be0d6fee,2026-09-17T00:02:48.876Z
1263635,Los Feliz MedSpa,"2107 N. Hillhurst Avenue, Los Angeles, California 90027",Los Angeles,CA,90027,United States,,,www.losfelizmedspa.com,34.11027,-118.287655,,,,in_stock,los-feliz-medspab6bacf4ba064,2026-09-17T00:02:54.054Z
1263202,Louis Bucky MD - Ardmore,"200 W. Montgomery Ave, Ardmore, Pennsylvania 19003",Ardmore,PA,19003,United States,,,https://www.drbucky.com/,40.0113666,-75.2948424,,,,in_stock,louis-bucky-md---ardmore1ca105ce7253,2026-09-17T00:02:41.369Z
1334388,Louis Bucky MD - Rittenhouse,"1800 Rittenhouse Square, Philadelphia, Pennsylvania 19103",Philadelphia,PA,19103,United States,,,https://www.drbucky.com/,39.9483773,-75.1712572,,,,in_stock,louis-bucky-md---rittenhouse89f9744b1f1c,2026-09-17T00:03:35.500Z
1334389,Louis Bucky MD - Washington Square,"230 W Washington Sq Suite 101, Philadelphia, Pennsylvania 19106",Philadelphia,PA,19106,United States,,,https://www.drbucky.com/,39.9463741,-75.1538731,,,,in_stock,louis-bucky-md---washington-square346d241a2d34,2026-09-17T00:03:50.828Z
3259608,Lovely Skin Medical Aesthetics and Wellness Center,"139 Village East Drive, Los Fresnos, Texas 78566",Los Fresnos,TX,78566,United States,,,,26.0838086,-97.46847559999999,,,,in_stock,lovely-skin-medical-aesthetics-and-wellness-centerd3760c2900af,2026-09-17T00:03:44.853Z
1509554,"LovelySkin Spa/Schlessinger MD by Joel Schlessinger, MD","2802 Oak View Drive, Omaha, Nebraska 68144",Omaha,NE,68144,United States,,,https://www.schlessingermd.com/day-spa-omaha/,41.2322011,-96.13396929999999,,,,in_stock,lovelyskin-spaschlessinger-md-by-joel-schlessinger-md784d84e87096,2026-09-17T00:02:52.104Z
1509571,LovelySkin Store & Spa,"2929 Oak View Drive, Omaha, Nebraska 68144",Omaha,NE,68144,United States,,,https://www.lovelyskin.com/c/sente-labs,41.2320325,-96.1321205,,,,in_stock,lovelyskin-store--spa7ccc6b7df06d,2026-09-17T00:02:53.288Z
1669721,Lumimus Aesthetics,"1525 Ashley River Road, Charleston, South Carolina 29407",Charleston,SC,29407,United States,,,,32.7985397,-80.008032,,,,in_stock,lumimus-aesthetics48727ed39740,2026-09-17T00:03:31.569Z
3245210,Lumina Vascular Health and Laser Clinic,"6075 California Ave SW, Seattle, Washington 98136",Seattle,WA,98136,United States,,,https://luminaseattle.com,47.5468311,-122.3874899,,,,in_stock,lumina-vascular-health-and-laser-clinic5c603057fc67,2026-09-17T00:03:54.844Z
3237281,Luminer Aesthetics and Wellness,"8175 Northwest 12th Street, STE 406, Doral, Florida 33126",Doral,FL,33126,United States,,,https://www.luminerwellness.com/,25.7830941,-80.3267489,,,,in_stock,luminer-aesthetics-and-wellnesse1bfaf321de1,2026-09-17T00:02:50.751Z
1561188,LumiSkin,"873 SE 11th St, North Bend, Washington 98045",North Bend,WA,98045,United States,,,https://www.lumi-skincare.com/,47.4832859,-121.7749692,,,,in_stock,lumiskinf9fe5f59e017,2026-09-17T00:02:50.813Z
3085081,Lumour Medical Aesthetics,"420 The Parkway Suite J, Greer, South Carolina 29650",Greer,SC,29650,United States,,,https://lumour.co/,34.871178,-82.2548139,,,,in_stock,lumour-medical-aestheticsf6b747cca888,2026-09-17T00:02:51.076Z
1263312,Lux Beauty,"1231 8th St #900, Modesto, California 95354",Modesto,CA,95354,United States,,,,37.6414723,-121.0054793,,,,in_stock,lux-beauty94dd0f8dbebf,2026-09-17T00:02:40.279Z
3053848,LuXe Concierge Aesthetics,"14959 SW 35th St, Davie, Florida 33331",Davie,FL,33331,United States,,,,26.0764707,-80.3492062,,,,in_stock,luxe-concierge-aesthetics1d02d7f4732e,2026-09-17T00:02:48.239Z
1263756,Luxe Derm Aesthetics,"3011 Rancho Vista Blvd Suite B, Palmdale, California 93551",Palmdale,CA,93551,United States,,,https://skinbyluxe.com/,34.6027523,-118.1850386,,,,in_stock,luxe-derm-aestheticsdf04aadf5661,2026-09-17T00:03:09.751Z
1263800,Luxe MediGlow - Judy M. Perkins,"4001 Newberry Road Ste D2, Gainesville, Florida 32607",Gainesville,FL,32607,United States,,,https://www.facebook.com/corporateesthetician/,29.6536648,-82.3855707,,,,in_stock,luxe-mediglow---judy-m-perkins3507389b6e73,2026-09-17T00:02:29.288Z
1263278,MAC Day Spa,"3405 Dallas HWY, SW Suite 505, Marietta, Georgia 30064",Marietta,GA,30064,United States,,,macdayspa.com,33.952044,-84.65024199999999,,,,in_stock,mac-day-spa79cc5ef42e8b,2026-09-17T00:02:36.830Z
1263903,Maez Esthetics,"9404 Caliente Drive, McKinney, Texas 75072",Mckinney,TX,75072,United States,,,,33.2032041,-96.74034619999999,,,,in_stock,maez-esthetics131864502364,2026-09-17T00:03:20.808Z
1263551,Magnolia Aesthetics - 123rd,"12152 SW 123rd Court, Miami, Florida 33186",Miami,FL,33186,United States,,,,25.6551505,-80.3942101,,,,in_stock,magnolia-aesthetics---123rdb3a05be4089e,2026-09-17T00:02:28.848Z
1263817,Magnolia Dermatology Clinic,"276 Warfield Blvd, Clarksville, Tennessee 37043",Clarksville,TN,37043,United States,,,,36.5710621,-87.2965228,,,,in_stock,magnolia-dermatology-clinica8688ec96b02,2026-09-17T00:03:15.380Z
2139552,Mai Aesthetics,"5864 S Durango Dr, STE 1100, Studio 111, Las Vegas, Nevada 89113",Las Vegas,NV,89113,United States,,,,36.0821087,-115.2788992,,,,in_stock,mai-aesthetics44bfc33f35fc,2026-09-17T00:02:50.269Z
1263247,Maia Plastic Surgery,"8100 Boone Blvd Suite 730, Tysons, Virginia 22182",Tysons,VA,22182,United States,,,https://www.maiaplasticsurgery.com/,38.9138392,-77.22595199999999,,,,in_stock,maia-plastic-surgery198f79ec3e1e,2026-09-17T00:03:25.421Z
1263553,Maman Plastic Surgery,"1165 Park Avenue, 1B, New York, New York 10128",New York,NY,10128,United States,,,www.plasticsurgeonsnyc.com,40.7839709,-73.9539147,,,,in_stock,maman-plastic-surgerydd2ac3bb5b1e,2026-09-17T00:03:28.849Z
1263351,Maragh Dermatology Laser & Vein Institute - Ashburn,"45155 Research Pl 140, Ashburn, Virginia 20147",Ashburn,VA,20147,United States,,,https://maraghdermatology.com/,39.0513829,-77.4369502,,,,in_stock,maragh-dermatology-laser--vein-institute---ashburnfa4c32e7a326,2026-09-17T00:03:26.480Z
1263608,Maragh Dermatology Laser & Vein Institute - Rockville,"14995 Shady Grove Road Suite 150, Rockville, Maryland 20850",Rockville,MD,20850,United States,,,https://maraghdermatology.com/,39.1011069,-77.1912014,,,,in_stock,maragh-dermatology-laser--vein-institute---rockvilled88200444135,2026-09-17T00:03:04.849Z
1263576,Maragh Dermatology Laser & Vein Institute - Warrenton,"419 Holiday Court Suite 10, Warrenton, Virginia 20186",Warrenton,VA,20186,United States,,,https://maraghdermatology.com/,38.72301969999999,-77.7826207,,,,in_stock,maragh-dermatology-laser--vein-institute---warrenton339d66964627,2026-09-17T00:03:46.587Z
1263341,Maral Skelsey MD,"5530 Wisconsin Ave #820, Chevy Chase, Maryland 20815",Chevy Chase,MD,20815,United States,,,mohs-md.com,38.9648399,-77.0882342,,,,in_stock,maral-skelsey-mdf8839f4c5bd0,2026-09-17T00:02:37.062Z
3135821,Marcos Medical Aesthetics & Wellness,"503 Med Court Suite 210, San Antonio, Texas 78258",San Antonio,TX,78258,United States,,,https://www.marcosmedical.com,29.624644,-98.4931383,,,,in_stock,marcos-medical-aesthetics--wellness15268df0ef7e,2026-09-17T00:03:31.726Z
1263555,Marcus Medical Spa,"1815 Via El Prado Suite 102, Redondo Beach, California 90277",Redondo Beach,CA,90277,United States,,,www.marcusmedicalspa.com,33.81707,-118.3866985,,,,in_stock,marcus-medical-spac729a19500f8,2026-09-17T00:02:59.075Z
2948949,"Margaret Gonikman, MD","14670 Northwoods Boulevard,Truckee, California 96161",Truckee,CA,96161,United States,,,,39.34954200000001,-120.2514096,,,,in_stock,margaret-gonikman-md7c06356f5e6a,2026-09-17T00:03:48.865Z
1263211,Mariela Cogorno MD,"6705 Red Road Suite 612, Coral Gables, Florida 33146",Coral Gables,FL,33146,United States,,,https://www.cogornomd.com/,25.7061121,-80.2852461,,,,in_stock,mariela-cogorno-mdd378a19c2844,2026-09-17T00:03:53.238Z
1263790,Marietta Dermatology Skincare,"111 Marble Mill Road NW, Marietta, Georgia 30060",Marietta,GA,30060,United States,,,http://mariettafacialplastics.com,33.973386,-84.5537605,,,,in_stock,marietta-dermatology-skincarea4fd0041d89e,2026-09-17T00:02:55.556Z
1263839,Marilyn R Capek MD,"955 MAIN ST STE 308, WINCHESTER, Massachusetts 1890",Winchester,MA,01890,United States,,,www.drcapek.com,42.4631264,-71.143237,,,,in_stock,marilyn-r-capek-mdfdd30b5ecfe2,2026-09-17T00:03:22.425Z
1263393,Marmur Medical - Ellen Marmur MD,"12 E 87TH ST APT 1A, NEW YORK, New York 10128",New York,NY,10128,United States,,,www.ellenmarmur.com,40.7816116,-73.9590875,,,,in_stock,marmur-medical---ellen-marmur-md293d41a20c02,2026-09-17T00:03:43.176Z
1263593,Martin N. Zaiac MD,"4308 Alton Rd Suite 750, Miami Beach, Florida 33140",Miami Beach,FL,33140,United States,,,https://miamiskinandlaser.com/,25.8148805,-80.1405032,,,,in_stock,martin-n-zaiac-md1451639c696b,2026-09-17T00:02:27.089Z
1263692,Mass General Brigham,"50 Staniford Street, Boston, Massachusetts 2114",Boston,MA,02114,United States,,,https://physiciandirectory.brighamandwomens.org/details/15836/rachel-meltzer-dermatology-boston-chestnut_hill-foxborough?index=2&specialties=8,42.362532,-71.064773,,,,in_stock,mass-general-brigham17b16b335fbf,2026-09-17T00:03:52.554Z
1263332,Mayoral Dermatology,"6705 Red Road Suite 314, Coral Gables, Florida 33143",Coral Gables,FL,33143,United States,,,www.mayoralderm.com,25.7061767,-80.284851,,,,in_stock,mayoral-dermatologydaa6a47664cc,2026-09-17T00:03:33.169Z
1263473,McGuiness Dermatology - Plano,"6000 W Spring Creek Parkway, Ste 200, Plano, Texas 75024",Plano,TX,75024,United States,,,mcguinessdermatology.com,33.065135,-96.8304,,,,in_stock,mcguiness-dermatology---plano27eadd99ce22,2026-09-17T00:02:52.461Z
1263289,McRae Medical Laser Spa,"117 S Saunders Street 1, Boerne, Texas 78006",Boerne,TX,78006,United States,,,mcraemd.com,29.7936582,-98.7294045,,,,in_stock,mcrae-medical-laser-spaf84f8fae9a89,2026-09-17T00:03:34.077Z
1263757,MD Imaging,"2800 Duffy Ln, Riverwoods, Illinois 60015",Riverwoods,IL,60015,United States,,,,42.18966200000001,-87.8955675,,,,in_stock,md-imaging2bac7fb32afd,2026-09-17T00:03:06.185Z
1263786,Med Beauty LA,"1100 South Hope Street Unit 101, Los Angeles, California 90015",Los Angeles,CA,90015,United States,,,https://medbeautyla.com/,34.0416884,-118.2630878,,,,in_stock,med-beauty-laa19dae80db0d,2026-09-17T00:02:37.954Z
1263809,Medical Vein Clinic,"622 Isom Road, San Antonio, Texas 78216",San Antonio,TX,78216,United States,,,https://www.medicalveinclinic.com,29.529283,-98.49147099999999,,,,in_stock,medical-vein-clinicdb2aff3b6816,2026-09-17T00:02:58.885Z
2962368,Medifine Aesthetics LTD,"29 Harrogate Road, Leeds, LS7 3PD",,,,United Kingdom,,,www.medifine.co.uk,53.82764359999999,-1.5375522,,,,in_stock,medifine-aesthetics-ltd77839de13961,2026-09-17T00:02:45.964Z
1534434,Meditree Spa,"No. 2 The Banyan tree Community Mall, Soi Lat Phrao 15, Bangkok 10900",,,,Thailand,,,https://www.facebook.com/meditreespa,13.8083282,100.5708565,,,,in_stock,meditree-spa262a13dc41a1,2026-09-17T00:03:56.896Z
1534443,Meko Clinic,"1060 Phahonyothin Road, Chomphon Subdistrict, Chatuchak District, Bangkok 10900",,,,Thailand,,,https://mekoclinic.com/,13.8072388,100.5568396,,,,in_stock,meko-clinic69d8ccddf569,2026-09-17T00:03:08.890Z
1263311,Melissa Schneider MD,"73 Newbury St., Boston, Massachusetts 2116",Boston,MA,02116,United States,,,melissarschneidermd.com,42.3520286,-71.0744529,,,,in_stock,melissa-schneider-mdac5ebe8caf2b,2026-09-17T00:03:52.034Z
1263530,Menlo Dermatology,"888 Oak Grove #8, Menlo Park, California 94025",Menlo Park,CA,94025,United States,,,www.mdmg.com,37.4510572,-122.1875316,,,,in_stock,menlo-dermatology7e502179d235,2026-09-17T00:02:58.014Z
3183075,MG Aesthetics,"5308 Northwest 67th Avenue, Lauderhill, Florida 33319",Lauderhill,FL,33319,United States,,,,26.1911959,-80.239817,,,,in_stock,mg-aesthetics98458d1fcfdc,2026-09-17T00:03:43.325Z
1263733,M Health Fairview,"909 Fulton Street SE #MMC2121CH, Minneapolis, Minnesota 55455",Minneapolis,MN,55455,United States,,,https://mhealthfairview.org/,44.9707762,-93.2248323,,,,in_stock,m-health-fairviewe1521c6c4760,2026-09-17T00:03:36.786Z
1263467,Michael Nagy MD,"2333 Highway 34, Wall, New Jersey 8723",Wall,NJ,08723,United States,,,www.drnagy.com,40.1341542,-74.0899048,,,,in_stock,michael-nagy-md156c61c3b596,2026-09-17T00:03:07.504Z
2985992,Michael Persky MD,"16311 Ventura Boulevard, Suite 600, Los Angeles, California 91436",Los Angeles,CA,91436,United States,,,https://www.drpersky.com,34.1572964,-118.4885474,,,,in_stock,michael-persky-md3be3d5c4af48,2026-09-17T00:03:41.971Z
1263684,Michelle Aszterbaum MD - The Dermatology Center of Newport,"360 San Miguel Dr., Suite 406, Newport Beach, California 92660",Newport Beach,CA,92660,United States,,,draszterbaum.com,33.6133612,-117.8717062,,,,in_stock,michelle-aszterbaum-md---the-dermatology-center-of-newportcb54b684eccf,2026-09-17T00:02:46.722Z
1263344,Milk + Honey ? Arboretum Market Austin,"9722 Great Hill Trail, Ste. 210, Austin, Texas 78759",Austin,TX,78759,United States,,,https://milkandhoneyspa.com/,30.39533,-97.751871,,,,in_stock,milk--honey--arboretum-market-austinfbfe3aed9f24,2026-09-17T00:03:43.777Z
1263515,Milk + Honey - Brentwood,"11826 San Vicente Blvd, Los Angeles, California 90049",Los Angeles,CA,90049,United States,,,https://milkandhoneyspa.com/locations/los-angeles-brentwood/,34.052543,-118.468858,,,,in_stock,milk--honey---brentwoodc87a0272516c,2026-09-17T00:03:24.078Z
1263337,Milk + Honey - Clearfork,"5160 Marathon Avenue, Fort Worth, Texas 76109",Fort Worth,TX,76109,United States,,,https://milkandhoneyspa.com/,32.7098204,-97.39887850000001,,,,in_stock,milk--honey---clearforkbaa6470dae1d,2026-09-17T00:02:56.419Z
1263878,Milk + Honey - Culver City,"8900 W. Venice Boulevard Ste. 102, Los Angeles, California 90232",Los Angeles,CA,90232,United States,,,,34.0286644,-118.3890076,,,,in_stock,milk--honey---culver-city01427e4cddf2,2026-09-17T00:02:34.010Z
1645312,Milk + Honey - Downtown 2nd St.,"100A Guadalupe St, Austin, Texas 78701",Austin,TX,78701,United States,,,,30.2646542,-97.7482272,,,,in_stock,milk--honey---downtown-2nd-sta14c40244c7a,2026-09-17T00:03:44.994Z
1645310,Milk + Honey - Galleria,"12901 Hill Country Blvd D1 - 110, Bee Cave, Texas 78738",Bee Cave,TX,78738,United States,,,,30.3093661,-97.9421335,,,,in_stock,milk--honey---galleria9a5938c36a68,2026-09-17T00:02:29.117Z
1263773,Milk + Honey - Gold Coast,"945 N. State Street, Chicago, Illinois 60610",Chicago,IL,60610,United States,,,,41.9004029,-87.6281861,,,,in_stock,milk--honey---gold-coast4f7d297d81c0,2026-09-17T00:03:29.083Z
1263322,Milk + Honey - Houston River Oaks,"2800 Kirby Drive, Ste. A134, Houston, Texas 77098",Houston,TX,77098,United States,,,https://milkandhoneyspa.com/,29.7415588,-95.41909319999999,,,,in_stock,milk--honey---houston-river-oaksb31ca1bbb5a4,2026-09-17T00:03:48.386Z
1263521,Milk|Honey Skincare Studio,"3110 10th Street North, Suite 106, Arlington, Virginia 22201",Arlington,VA,22201,United States,,,https://milkhoneyskincarestudio.business.site/,38.8842331,-77.0954466,,,,in_stock,milkhoney-skincare-studio9410caceb2b8,2026-09-17T00:02:42.449Z
1645311,Milk + Honey - South Lamar,"4715 South Lamar Blvd, Sunset Valley, Texas 78745",Sunset Valley,TX,78745,United States,,,,30.2326232,-97.8113564,,,,in_stock,milk--honey---south-lamare9f1a7bd4856,2026-09-17T00:03:49.667Z
1263782,Milk + Honey - The Loren,"1211 W. Riverside Dr., Austin, Texas 78704",Austin,TX,78704,United States,,,,30.2640896,-97.7566817,,,,in_stock,milk--honey---the-loren924c2acb7cb0,2026-09-17T00:02:36.328Z
1265290,Milk + Honey - Warehouse,"2032 Centimeter Circle, Austin, Texas 78758",Austin,TX,78758,United States,,,,30.3820153,-97.71396449999999,,,,in_stock,milk--honey---warehouse1ecffbd79533,2026-09-17T00:02:46.583Z
3136532,Mindful Skin Dermatology,"14855 Blanco Road #214, San Antonio, Texas 78216",San Antonio,TX,78216,United States,,,,29.5782101,-98.51484479999999,,,,in_stock,mindful-skin-dermatology10685d8a5c69,2026-09-17T00:03:40.118Z
1281136,Mirage Med. Grp & Advanced Skin Care Spa,"44650 Village Ct #100, Palm Desert, California 92660",Palm Desert,CA,92660,United States,,,,33.7242013,-116.3609197,,,,in_stock,mirage-med-grp--advanced-skin-care-spa8997578e7c78,2026-09-17T00:03:44.031Z
1263359,Modern Dermatology,"1021 Mercer Street, Seattle, Washington 98109",Seattle,WA,98109,United States,,,mdinseattle.com,47.6243954,-122.336241,,,,in_stock,modern-dermatology88d33974b3ac,2026-09-17T00:02:34.596Z
3005910,Moon Rae Esthetics,"621 South Skeenah Road, Franklin, North Carolina 28734",Franklin,NC,28734,United States,,,,35.1086113,-83.4067709,,,,in_stock,moon-rae-esthetics285bed71a9d3,2026-09-17T00:03:39.348Z
3134469,Mosaic Health and Beauty,"1138 North Higley Road Ste 137, Mesa, Arizona 85205",Mesa,AZ,85205,United States,,,,33.4366264,-111.7210181,,,,in_stock,mosaic-health-and-beauty4ad354cfbd81,2026-09-17T00:02:31.009Z
1848017,Movassaghi Plastic Surgery & Ziba Medical Spa,"330 S. Garden Way Suite 100, Eugene, Oregon 97401",Eugene,OR,97401,United States,,,https://www.drmovassaghi.com/,44.056885,-123.053699,,,,in_stock,movassaghi-plastic-surgery--ziba-medical-spa6eed7ba58233,2026-09-17T00:03:47.175Z
1263308,Mukha Custom Cosmetics and Med Spa,"980 N High St, Columbus, Ohio 43201",Columbus,OH,43201,United States,,,https://www.mukhaspa.com/,39.9823147,-83.0041518,,,,in_stock,mukha-custom-cosmetics-and-med-spaa21e6b5583fb,2026-09-17T00:03:07.047Z
1263477,Myrna Lee's Medical Esthetic,"1000 Island Blvd.Suite 3109, Aventura, Florida 33160",Aventura,FL,33160,United States,,,,25.9386917,-80.1380464,,,,in_stock,myrna-lees-medical-esthetic216ff1aeac55,2026-09-17T00:03:41.783Z
1534450,Myss By Dr Anna Clinic & Spa ,"33 Street 34A, An Phu Ward, District 2, Ho Chi Minh City , Vietnam",,,,Vietnam,,,https://spa-myss-by-dr-anna.business.site,10.8019128,106.7647475,,,,in_stock,myss-by-dr-anna-clinic--spadf70d3518908,2026-09-17T00:02:32.695Z
2827118,Nahid Birjandi Podiatric Inc,"27871 Medical Center Rd #130, Mission Viejo, California 92691",Mission Viejo,CA,92691,United States,,,,33.5585393,-117.6649225,,,,in_stock,nahid-birjandi-podiatric-inc9de5918179b4,2026-09-17T00:02:33.800Z
1263758,Natalie Driessen MD,"44311 Monterey Ave, Palm Desert, California 92260",Palm Desert,CA,92260,United States,,,www.driessenplasticsurgery.com,33.7264598,-116.3915851,,,,in_stock,natalie-driessen-md074a648253fb,2026-09-17T00:03:41.451Z
3245223,Nativa Medical Aesthetics,"800 Farm to Market 1626 Suite 210, Buda, Texas 78610",Buda,TX,78610,United States,,,nativamedaesthetics.com,30.0893021,-97.8751561,,,,in_stock,nativa-medical-aestheticsb0aa04d32c01,2026-09-17T00:03:14.939Z
2948944,Nat Loves Needles,"8151 E Indian Bend Rd Ste 105, Scottsdale, Arizona 85250",Scottsdale,AZ,85250,United States,,,,33.5365186,-111.9042281,,,,in_stock,nat-loves-needles114d38ee2b3a,2026-09-17T00:02:30.370Z
1263698,Natural Image Skin Center - Hackettstown,"108 Bilby Rd Suite 202, Hackettstown, New Jersey 7840",Hackettstown,NJ,07840,United States,,,www.naturalimageskincenter.com,40.8664187,-74.815489,,,,in_stock,natural-image-skin-center---hackettstown95fb8710754b,2026-09-17T00:02:43.368Z
1263280,NaturoMedica,"1220 10th Ave NE, Issaquah, Washington 98029",Issaquah,WA,98029,United States,,,naturomedica.com,47.5437676,-122.0160219,,,,in_stock,naturomedica76e73068004b,2026-09-17T00:03:53.097Z
2962374,Neo-Derm,"407 Bury New Road, Prestwich, Manchester M25 1AA",,,,United Kingdom,,,neo-derm-clinics.com,53.5310942,-2.283883,,,,in_stock,neo-derm0a0289d675c3,2026-09-17T00:03:05.047Z
1263737,New Age Dermatology - Elvira Chiritescu,"1091 Pemberton Hill Road Suite 201, Apex, North Carolina 27502",Apex,NC,27502,United States,,,www.newage-dermatology.com,35.7457195,-78.8718773,,,,in_stock,new-age-dermatology---elvira-chiritescu3ccaff49d119,2026-09-17T00:03:27.237Z
1263893,New Bloom Dermatology,"670 Greenwich Street, New York, New York 10014",New York,NY,10014,United States,,,newbloomderm.com,40.7324099,-74.007908,,,,in_stock,new-bloom-dermatology350ee605f6e1,2026-09-17T00:02:56.351Z
1263275,New Image Med Spa,"7945 Vineyard Avenue Suite D5, Rancho Cucamonga, California 91730",Rancho Cucamonga,CA,91730,United States,,,http://newimagemedspa.com/,34.1083559,-117.6094776,,,,in_stock,new-image-med-spa364148648ef6,2026-09-17T00:03:54.916Z
1263637,New Image Plastic Surgery,"7902 Jones Maltsberger Rd., San Antonio, Texas 78216",San Antonio,TX,78216,United States,,,https://newimage-plasticsurgery.com/,29.508353,-98.48154559999999,,,,in_stock,new-image-plastic-surgery43b1f4572640,2026-09-17T00:03:09.599Z
1644943,Newman Dermatology,"9150 Wilshire Blvd #100, Beverly Hills, California 90212",Beverly Hills,CA,90212,United States,,,https://www.newmandermatology.com/,34.0666955,-118.3912968,,,,in_stock,newman-dermatologyda319118c4e9,2026-09-17T00:02:52.040Z
1263389,Newman Plastic Surgery,"444 North Mills Ave, Orlando, Florida 32803",Orlando,FL,32803,United States,,,https://newmanplasticsurgery.com/,28.5492259,-81.36482720000001,,,,in_stock,newman-plastic-surgery466e8871f53a,2026-09-17T00:03:07.126Z
1281134,Newport Dermatology Institute,"2121 E. Coast Highway Suite 110, Corona del Mar, California 92625",Corona Del Mar,CA,92625,United States,,,www.newportderm.com,33.6055213,-117.8764252,,,,in_stock,newport-dermatology-institute45492f7b4d57,2026-09-17T00:03:15.090Z
2983562,New U Women's Clinic - Kennewick,"10973 W 10th Ave, Kennewick, Washington, 99336",Kennewick,WA,99336,United States,,,https://newuwomensclinic.com,46.2016115,-119.2570929,,,,in_stock,new-u-womens-clinic---kennewick267abd402fa1,2026-09-17T00:02:58.169Z
2983561,New U Women's Clinic- Yakima,"2407 West Washington Avenue #c, Yakima, Washington, 98903",Yakima,WA,98903,United States,,,https://newuwomensclinic.com,46.5721701,-120.5417084,,,,in_stock,new-u-womens-clinic--yakima4249fc582376,2026-09-17T00:03:32.694Z
3014759,Nexus Derm,6006 Southwest 18th Street Unit B7,,,,,,,,26.3313226,-80.13766820000001,,,,in_stock,nexus-derm71514a35241f,2026-09-17T00:03:05.790Z
2948947,Nigro Dermatology,"7700 San Felipe Suite 492, Houston, Texas 77063",Houston,TX,77063,United States,,,https;//nigroderm.com,29.7513583,-95.50431979999999,,,,in_stock,nigro-dermatology12dfd8b499bd,2026-09-17T00:03:55.033Z
3196608,Nomadic Skincare,"2466 Broadway Street, Indianapolis, Indiana 46205",Indianapolis,IN,46205,United States,,,https://nomadicskincare.com/services,39.8029334,-86.14662849999999,,,,in_stock,nomadic-skincaref7f0294c53b9,2026-09-17T00:02:47.401Z
1263444,North Carolina Dermatology Assoc.,"7920 ACC Blvd Suite 100, Raleigh, North Carolina 27617",Raleigh,NC,27617,United States,,,www.ncdaskin.com,35.917806,-78.78012749999999,,,,in_stock,north-carolina-dermatology-assoc55ad16413405,2026-09-17T00:02:56.933Z
1263484,North Dallas Plastic Surgery - Dallas,"8305 Walnut Hill Lane, Suite 210, Dallas, Texas 75231",Dallas,TX,75231,United States,,,http://www.drpollock.com/,32.8841282,-96.76191759999999,,,,in_stock,north-dallas-plastic-surgery---dallasfb8041dfb129,2026-09-17T00:03:19.703Z
1263636,Northeast Alabama Dermatology,"201 Sivley Road Suite 410, Huntsville, Alabama 35801",Huntsville,AL,35801,United States,,,https://www.nealderm.com/,34.7206953,-86.58207469999999,,,,in_stock,northeast-alabama-dermatology2f21d2faad8c,2026-09-17T00:02:55.474Z
2115321,Northeast Dermatology Associates - North Andover,"198 Massachusetts Ave Suite 105, North Andover, Massachusetts 01845",North Andover,MA,01845,United States,,,,42.6958735,-71.1375293,,,,in_stock,northeast-dermatology-associates---north-andover16b07da324f4,2026-09-17T00:03:38.964Z
1263288,Northeast Tarrant Dermatology,"1733 Precinct Line, Hurst, Texas 76054",Hurst,TX,76054,United States,,,http://northeasttarrantderm.com,32.8475313,-97.1868135,,,,in_stock,northeast-tarrant-dermatologya32e6a0651b9,2026-09-17T00:03:57.086Z
1263623,Novas Dohr Coll & Gadson MedSpa,"600 Hart Rd. Suite 300, Barrington, Illinois 60010",Barrington,IL,60010,United States,,,https://www.novasaesthetics.com/,42.1618757,-88.1530542,,,,in_stock,novas-dohr-coll--gadson-medspa92549e37a3ed,2026-09-17T00:02:59.789Z
1263305,Novique Medical Aesthetics,"1715 S Easton Road, Doylestown, Pennsylvania 18901",Doylestown,PA,18901,United States,,,https://www.novique.com/?fbclid=IwAR3zEeGr6rjG1n8s5l2jXWuMHdDlCjH09tB6VG9r9L8B5n6ON7id-QGHLSw,40.2709121,-75.1290994,,,,in_stock,novique-medical-aestheticsafb61ee6d72e,2026-09-17T00:03:47.996Z
2962380,Nuwave Clinic,"17 Castle Park Dr, Paignton TQ4 7GN",,,,United Kingdom,,,Www.nuwaveclinic.co.uk,50.4111869,-3.5837426,,,,in_stock,nuwave-clinic4a049bbf090e,2026-09-17T00:02:31.567Z
1263567,Oahu Dermatology - Miki Garcia MD,"1329 Lusitana Street, Suite 109, Honolulu, Hawaii 96813",Honolulu,HI,96813,United States,,,http://www.oahuderm.com/,21.3075725,-157.8520981,,,,in_stock,oahu-dermatology---miki-garcia-mdf2b872f932a8,2026-09-17T00:03:39.277Z
1263317,Ochs Dermatology,"14855 Blanco Rd - suite 214, San Antonio, Texas 78216",San Antonio,TX,78216,United States,,,ochsdermatology.com,29.5782101,-98.51484479999999,,,,in_stock,ochs-dermatology28c37e2ef51d,2026-09-17T00:03:20.660Z
1263672,Office Park Eye Center,"6 Office Park Drive, Jacksonville, North Carolina 28546",Jacksonville,NC,28546,United States,,,https://officeparkeyecenter.com/,34.7616305,-77.3778856,,,,in_stock,office-park-eye-center0cd2fd2ce2b9,2026-09-17T00:02:55.343Z
1263731,Ohana Medical Spa,"1767 E Second Street, Scotch Plains, New Jersey 7076",Scotch Plains,NJ,07076,United States,,,www.ohanamedicalspa.com,40.6474135,-74.398662,,,,in_stock,ohana-medical-spa54400951d8bf,2026-09-17T00:03:50.360Z
1263783,Ohio Skin Center,"999 Brubaker Dr, suite 3, Dayton, Ohio 45429",Dayton,OH,45429,United States,,,https://ohioskin.com/,39.70267399999999,-84.15048,,,,in_stock,ohio-skin-centere1247e7777e0,2026-09-17T00:03:09.060Z
1263713,Oh Sweet Skincare,"6517 132nd Ave NE, Kirkland, Washington 98033",Kirkland,WA,98033,United States,,,,47.6646306,-122.1649634,,,,in_stock,oh-sweet-skincare853779f0ee88,2026-09-17T00:02:32.525Z
1263798,Old Town Med Spa,"1341 North Sedgwick Street, Chicago, Illinois 60610",Chicago,IL,60610,United States,,,https://oldtownmedspa.com/,41.9067477,-87.63820229999999,,,,in_stock,old-town-med-spa4adced388aab,2026-09-17T00:03:36.156Z
1263219,Onassis Medical Skin Clinic,"462 North Linden Dr. #447, Beverly Hills, California 90212",Beverly Hills,CA,90212,United States,,,onassisskinhealth.com,34.0675655,-118.4079342,,,,in_stock,onassis-medical-skin-clinic304f7933c494,2026-09-17T00:03:13.581Z
1263544,One Skin Dermatology,"211 Grant Street, Chambersburg, Pennsylvania 17201",Chambersburg,PA,17201,United States,,,https://oneskinderm.com/,39.9415095,-77.65756139999999,,,,in_stock,one-skin-dermatology3bab91b421be,2026-09-17T00:03:32.101Z
2863180,Onyx Beauty Lab,"103-2689 Pandosy Street, Kelowna, British Columbia, V1Y 9V9",,,,Canada,,,,49.8665154,-119.4910601,,,,in_stock,onyx-beauty-lab1f764c5effa7,2026-09-17T00:03:11.271Z
1263392,Oon Tian Tan MD,"243 Charles Street Floor 9, Boston, Massachusetts 2114",Boston,MA,02114,United States,,,www.drtan.com-Not active,42.3627386,-71.070112,,,,in_stock,oon-tian-tan-md5271f80c1203,2026-09-17T00:03:10.186Z
1263694,Ophthalmic Surgeons and Consultants of Ohio,"262 Neil Ave. Suite 410, Columbus, Ohio 43215",Columbus,OH,43215,United States,,,http://www.ohioeyesurgeons.com/,39.9666077,-83.0091427,,,,in_stock,ophthalmic-surgeons-and-consultants-of-ohio91361a556ded,2026-09-17T00:03:06.445Z
1263647,Osei Tutu Dermatology,"560 Northern BLVD Suite 204A, Great Neck, New York 11226",Great Neck,NY,11226,United States,,,www.osei22derm.com,40.7809199,-73.7168008,,,,in_stock,osei-tutu-dermatology5085d7683417,2026-09-17T00:02:49.393Z
1263634,Pacific Dermatology & Cosmetic Laser Center,"8899 University Center Lane #150, San Diego, California 92122",San Diego,CA,92122,United States,,,https://pacificdermatologycenter.com/,32.8698138,-117.2276585,,,,in_stock,pacific-dermatology--cosmetic-laser-centerb6d15728d869,2026-09-17T00:02:27.425Z
1263801,"Palo Alto Laser & Skin Care - William H. Brown, MD","151 Forest Avenue, Palo Alto, California 94301",Palo Alto,CA,94301,United States,,,www.paloaltolaser.com,37.4427387,-122.1609231,,,,in_stock,palo-alto-laser--skin-care---william-h-brown-mdbe504125a632,2026-09-17T00:02:44.418Z
1263667,PAMF-PALO ALTO Dermatology,"PAMF 3544 Bassett Street, Santa Clara, California 95054",Santa Clara,CA,95054,United States,,,www.pamf.org,37.3826973,-121.9540086,,,,in_stock,pamf-palo-alto-dermatology107e185d7bd6,2026-09-17T00:03:55.619Z
1263201,Papel and Kontis Plastic Surgery,"1838 Greene Tree Road #370, Baltimore, Maryland 21208",Baltimore,MD,21208,United States,,,http://www.facial-plasticsurgery.com/,39.3907519,-76.73635,,,,in_stock,papel-and-kontis-plastic-surgery1c3dedead7ad,2026-09-17T00:02:41.216Z
1263664,Paradise Dermatology - Englewood,"699 S. Indiana Avenue, Englewood, Florida 34223",Englewood,FL,34223,United States,,,paradisederm.com,26.9505335,-82.3528604,,,,in_stock,paradise-dermatology---englewood06f0b0d1b461,2026-09-17T00:03:24.516Z
1263450,Paradise Dermatology - Sarasota,"3355 Clark Rd, Ste. 101, Sarasota, Florida 34231",Sarasota,FL,34231,United States,,,paradisederm.com,27.2698228,-82.5024052,,,,in_stock,paradise-dermatology---sarasotaed4606f0a870,2026-09-17T00:02:49.012Z
1263779,Paradise Dermatology - Venice,"315 Nokomis Avenue S., Venice, Florida 34285",Venice,FL,34285,United States,,,https://www.paradisederm.com/,27.0953526,-82.4451005,,,,in_stock,paradise-dermatology---venice9cff6c1676bc,2026-09-17T00:02:54.321Z
1263546,Paradise Medspa & Wellness,"2060 W. Whispering Wind Drive, Suite 170, Phoenix, Arizona 85085",Phoenix,AZ,85085,United States,,,www.paradisemedspa.com,33.7112669,-112.1040177,,,,in_stock,paradise-medspa--wellnessff627d464d0a,2026-09-17T00:03:52.624Z
1263652,Paragon Skin Medical Spa,"620 North Broad Street, Woodbury, New Jersey 8096",Woodbury,NJ,08096,United States,,,www.entplastics.com,39.8446699,-75.14765179999999,,,,in_stock,paragon-skin-medical-spaa683e428f4b1,2026-09-17T00:03:49.800Z
1263242,Parkland Dermatology,"4360 North State Road 7, Coral Springs, Florida 33073",Coral Springs,FL,33073,United States,,,https://www.parklanddermatology.com/,26.2831292,-80.20383,,,,in_stock,parkland-dermatologyaf57db3f03c2,2026-09-17T00:03:27.714Z
1534436,Pattippa Clinic,"155/114 Amigo Toscana Project, Village No. 3, Khlong Suan Phlu Subdistrict, Phra Nakhon Si Ayutthaya Municipality 13000",,,,Thailand,,,https://pattippaclinic.com/,14.3331775,100.6061643,,,,in_stock,pattippa-clinicfa5b9df76823,2026-09-17T00:03:29.225Z
1263807,PDP - Dallas Associated Dermatologist,"7000 Preston Road Suite 500, Plano, Texas 75024",Plano,TX,75024,United States,,,https://dallasassocderm.com/locations/preston-legacy-center/?utm_source=gmb&utm_medium=organic,33.0714817,-96.79486519999999,,,,in_stock,pdp---dallas-associated-dermatologist6d224c83c463,2026-09-17T00:03:12.646Z
1263497,PDP - Dermatology Associates of Uptown,"610 Uptown Blvd STE 102, Cedar Hill, Texas 75104",Cedar Hill,TX,75104,United States,,,https://dallasdermatology.net/,32.5954586,-96.9446387,,,,in_stock,pdp--dermatology-associates-of-uptown08b06d133674,2026-09-17T00:03:45.537Z
1628968,"Peach Dermatology, P.C.","335 Peachtree Industrial Boulevard, Suwanee, Georgia 30024",Suwanee,GA,30024,United States,,,https://www.peachdermatology.com/,34.0660195,-84.07277409999999,,,,in_stock,peach-dermatology-pca143598f6b5e,2026-09-17T00:02:54.782Z
1263435,Pearl Grimes MD,"5670 Wilshire Blvd Suite 650, Los Angeles, California 90036",Los Angeles,CA,90036,United States,,,https://pearlgrimesmd.com/,34.0620125,-118.3521525,,,,in_stock,pearl-grimes-md375fcf810f68,2026-09-17T00:03:15.629Z
1263599,Penn Medical Dermatology,"145 King of Prussia Road, Radnor, Pennsylvania 19087",Radnor,PA,19087,United States,,,pennmedicine.org,40.0393226,-75.3543839,,,,in_stock,penn-medical-dermatologyb18a7175cb2a,2026-09-17T00:03:30.458Z
1263347,Penn Medical Plastic Surgery,"3400 Civic Center Blvd, 1Dt Floor, Philadelphia, Pennsylvania 19104",Philadelphia,PA,19104,United States,,,pennmedicine.org,39.9481769,-75.1926849,,,,in_stock,penn-medical-plastic-surgery96b60f4e1ce3,2026-09-17T00:03:12.869Z
1534451,Pensilia Beauty Clinic,"413 – 415 Nguyen Dinh Chieu Street, Ward 5. District 3 Ho Chi Minh City, Vietnam",,,,Vietnam,,,https://pensilia.com,10.7709965,106.6832302,,,,in_stock,pensilia-beauty-clinicffdcc8c6db28,2026-09-17T00:02:58.430Z
1263678,Peraza Dermatology Group,"367 Route 120 Suite A1, Lebanon, New Hampshire 3766",Lebanon,NH,03766,United States,,,http://www.perazaderm.com/,43.6806299,-72.2686595,,,,in_stock,peraza-dermatology-group3dc3e94b578f,2026-09-17T00:02:35.277Z
1281133,Personique on the Spot- Domain,"3220 Feathergrass Court Suite 132, Austin, Texas 78758",Austin,TX,78758,United States,,,https://www.personique.com,30.3955929,-97.72749739999999,,,,in_stock,personique-on-the-spot--domain9eecbf6428c0,2026-09-17T00:03:46.402Z
2962387,Phi Bellus medical Aesthetics,"115b Whitehill Road, Brinsworth, Rotherham, S60 5HY",,,,United Kingdom,,,Phibellus.uk,53.4023149,-1.3634824,,,,in_stock,phi-bellus-medical-aestheticsf4a81ba44f15,2026-09-17T00:03:00.935Z
1263365,Piedmont Plastic Surgery and Dermatology,"5815 Blakeney Park Drive, Charlotte, North Carolina 28277",Charlotte,NC,28277,United States,,,www.ppsd.com,35.0332295,-80.80685989999999,,,,in_stock,piedmont-plastic-surgery-and-dermatology8ca6a1f36dad,2026-09-17T00:02:59.941Z
1263401,Pierre Skin Care Institute,"77 E. Rolling Oaks Drive Suite 207, Thousand Oaks, California 91361",Thousand Oaks,CA,91361,United States,,,http://www.pierreskincare.com,34.1762033,-118.8752908,,,,in_stock,pierre-skin-care-institute59ce8be667c3,2026-09-17T00:03:55.284Z
3249025,Pinnacle Dermatology - Excelsior,"23505 Smithtown Road, #120, Excelsior, Minnesota 55331",Excelsior,MN,55331,United States,,,https://www.pinnacleskin.com/locations/excelsior,44.9012336,-93.5780008,,,,in_stock,pinnacle-dermatology---excelsior651439bab991,2026-09-17T00:03:52.267Z
1263419,Pinnacle Dermatology - Hermitage,"3810 Central Pike Suite 303, Hermitage, Tennessee 37076",Hermitage,TN,37076,United States,,,https://pinnacleskin.com/,36.1741422,-86.6133661,,,,in_stock,pinnacle-dermatology---hermitage5315a9fa268b,2026-09-17T00:02:33.080Z
1263581,Pinnacle Dermatology - Hoffman Estates,"2500 West Higgins Road Suite 1040, Hoffman Estates, Illinois 60169",Hoffman Estates,IL,60169,United States,,,www.pinnacleskin.com,42.0603541,-88.14234549999999,,,,in_stock,pinnacle-dermatology---hoffman-estatese022de84d7db,2026-09-17T00:03:30.755Z
1263871,Pinnacle Dermatology- Nashville ECOMM,"24 White Bridge Road, Nashville, Tennessee 37205",Nashville,TN,37205,United States,,,https://pinnacleskin.com/our-locations/nashville/,36.1297123,-86.853991,,,,in_stock,pinnacle-dermatology--nashville-ecomm201d57bb3dd7,2026-09-17T00:02:27.508Z
2324436,Pinnacle Dermatology - Plymouth,"3655 Plymouth Boulevard, Suite 110, Plymouth, Minnesota 55446",Plymouth,MN,55446,United States,,,https://pinnacleskin.com/,45.02353369999999,-93.47787609999999,,,,in_stock,pinnacle-dermatology---plymouthfb4a43a86917,2026-09-17T00:03:43.914Z
1263447,Pinnacle Dermatology ? Versa Medi Spa,"738 W Northwest Hwy, Barrington, Illinois 60010",Barrington,IL,60010,United States,,,https://www.yourskinforlife.com/,42.16793270000001,-88.1563171,,,,in_stock,pinnacle-dermatology--versa-medi-spa552af4c78be4,2026-09-17T00:03:41.193Z
1651457,Pinnacle Peak Aesthetics,"8575 E. Princess Drive, Suite 217, Scottsdale, Arizona 85255",Scottsdale,AZ,85255,United States,,,https://www.pinnaclepeakos.com/,33.6449308,-111.8938166,,,,in_stock,pinnacle-peak-aesthetics2c87d4d32675,2026-09-17T00:02:47.212Z
1263287,Plano Dermatology - Skinnovations,"6100 Windhaven Parkway, Plano, Texas 75093",Plano,TX,75093,United States,,,www.planoskinnovations.com,33.0544913,-96.83279689999999,,,,in_stock,plano-dermatology---skinnovationse91510f17f82,2026-09-17T00:03:29.445Z
3256928,Plasma Med Spa,"1310 Southwest 160th Avenue, Weston, Florida 33326",Weston,FL,33326,United States,,,,26.1051334,-80.36085159999999,,,,in_stock,plasma-med-spa1a9347744c53,2026-09-17T00:03:44.350Z
1263753,Plastic and Reconstructive Surgeons,"23925 225th Way SE Suite B, Maple valley, Washington 98038",Maple Valley,WA,98038,United States,,,http://prsurgeons.com,47.3870341,-122.041723,,,,in_stock,plastic-and-reconstructive-surgeons439894285bb6,2026-09-17T00:03:15.837Z
1280895,Plastic Surgery Institute - Rancho Mirage,"71-949 Hwy 111 Ste 300, Rancho Mirage, California 92270",Rancho Mirage,CA,92270,United States,,,https://www.ordonchopra.com/,33.7368816,-116.4094942,,,,in_stock,plastic-surgery-institute---rancho-miragefa849fc12505,2026-09-17T00:03:03.389Z
1263588,Plastic Surgery of Short Hills,"1046 South Orange Avenue, Short Hills, New Jersey 7078",Short Hills,NJ,07078,United States,,,plasticsurgeryofshorthills.com,40.7563555,-74.3139753,,,,in_stock,plastic-surgery-of-short-hills93349bb372fd,2026-09-17T00:03:56.176Z
1263415,Plastic Surgery Specialists,"2448 Holly Avenue Suite 101, Annapolis, Maryland 21401",Annapolis,MD,21401,United States,,,https://www.plasticsurgeryspec.com/,38.984147,-76.5380572,,,,in_stock,plastic-surgery-specialists948327f4ec8f,2026-09-17T00:03:33.972Z
1548546,Platinum Dermatology Partners,"1042 Texas Trl. Ste 200, Grapevine, Texas 76051",Grapevine,TX,76051,United States,,,https://www.platinumderm.com/,32.9388065,-97.06591689999999,,,,in_stock,platinum-dermatology-partnerse81319a6862d,2026-09-17T00:02:30.109Z
2962373,Polished Skin & Aesthetics Clinic Norfolk,"123 Wootton Road , Polished at Panache",,,,,,,Na,52.7611004,0.4246171,,,,in_stock,polished-skin--aesthetics-clinic-norfolk3de3e4f24d89,2026-09-17T00:03:40.685Z
3235908,Potere Clinical,"435 N. Bedford, Suite 109, Beverly Hills, California 90210",Beverly Hills,CA,90210,United States,,,,34.0682823,-118.40595,,,,in_stock,potere-clinicald741fd2e7061,2026-09-17T00:02:58.754Z
1263572,Potomac Medical Aesthetics,"7811 Montrose Road, Suite 310, Potomac, Maryland 20854",Potomac,MD,20854,United States,,,www.potomacmedicalaesthetics.com,39.0578071,-77.16001779999999,,,,in_stock,potomac-medical-aesthetics4fc35cc805ac,2026-09-17T00:03:09.236Z
1263574,Potomac SkinCare,"10000 Falls Road Suite 100, Potomac, Maryland 20871",Potomac,MD,20871,United States,,,http://www.potomacskin.com,39.0191658,-77.2089053,,,,in_stock,potomac-skincare9cdf0c215e87,2026-09-17T00:02:35.092Z
1534437,Pradipat skin Clinic,"254, 17 Pradipat Road, Phayathai, Phaya Thai District, Bangkok 10400",,,,Thailand,,,https://www.pradipatskinclinic.com/,13.792087,100.536172,,,,in_stock,pradipat-skin-clinic8b4688f296e1,2026-09-17T00:03:34.225Z
3100537,Precision Skin Institute,"3501 South University Drive Ste. 5, Davie, Florida 33328",Davie,FL,33328,United States,,,,26.0775744,-80.2525776,,,,in_stock,precision-skin-instituted4e6c380db35,2026-09-17T00:03:42.538Z
1263867,"Premier Dermatology, MD","20803 Biscayne Blvd Ste 305, Aventura, Florida 33180",Aventura,FL,33180,United States,,,,25.9683317,-80.1433108,,,,in_stock,premier-dermatology-md264ec7b3b29d,2026-09-17T00:02:55.068Z
1263561,Premier Derm Center,"1245 Yale St, Houston, Texas 77008",Houston,TX,77008,United States,,,http://premierdermcenter.com,29.7942081,-95.39936689999999,,,,in_stock,premier-derm-center4a92f14d7878,2026-09-17T00:03:42.403Z
1263686,Premier Medical & MedAethetic Center,"958 Millbrook Ave. Suite 2, Aiken, South Carolina 29803",Aiken,SC,29803,United States,,,https://premiermedispa1.com,33.5209388,-81.7207991,,,,in_stock,premier-medical--medaethetic-centerd435adbaca29,2026-09-17T00:02:43.645Z
1615733,Premier Medical Spa of Lufkin,"505 Gaslight Blvd, Lufkin, Texas 75904",Lufkin,TX,75904,United States,,,https://www.premiermedicalspalufkin.com/,31.3290992,-94.751329,,,,in_stock,premier-medical-spa-of-lufkinfa7cebeda8fe,2026-09-17T00:02:29.579Z
1656908,Prestige Medical Spa,"1419 Hamric Drive East, Suite 102, Oxford, Alabama 36203",Oxford,AL,36203,United States,,,https://www.prestigemedicalspa.com/,33.6155618,-85.81124989999999,,,,in_stock,prestige-medical-spa07f0b7f76dc1,2026-09-17T00:02:43.799Z
1263237,Preston Dermatology - Cary,"1010 High House Road Ste 202, Cary, North Carolina 27513",Cary,NC,27513,United States,,,https://www.prestondermatology.com/,35.7904344,-78.8293822,,,,in_stock,preston-dermatology---cary3b89524d7fd0,2026-09-17T00:03:43.015Z
1263398,Prince Med Spa,"39-16 Prince Street Suite 354, Flushing, New York 11354",Flushing,NY,11354,United States,,,https://prince-medical-spa.business.site/?utm_source=gmb&utm_medium=referral,40.7592419,-73.8325608,,,,in_stock,prince-med-spa64e989b4de60,2026-09-17T00:03:01.531Z
1263897,Prisma Health Plastic Surgery - Sumter,"115 N Sumter Street Suite 115, Sumter, South Carolina 29150",Sumter,SC,29150,United States,,,,33.9227766,-80.3429532,,,,in_stock,prisma-health-plastic-surgery---sumter46168ec59d15,2026-09-17T00:03:22.306Z
1263617,Pristine Wellness Center,"4061 East Castro Valley Blvd. #13, Castro Valley, California 94552",Castro Valley,CA,94552,United States,,,https://www.pristinewellnesscenter.com/,37.6955798,-122.050279,,,,in_stock,pristine-wellness-center87eddb81247b,2026-09-17T00:03:23.931Z
1263448,Private Practice of Annapolis,"611 Ridgley Ave., Annapolis, Maryland 21401",Annapolis,MD,21401,United States,,,,38.9965431,-76.5146364,,,,in_stock,private-practice-of-annapolis722e186f31bc,2026-09-17T00:02:49.090Z
1263771,Procerus Skin Care,"315 E. Eisenhower Pkwy, Ann Arbor, Michigan 48108",Ann Arbor,MI,48108,United States,,,http://procerusskincare.com,42.2452637,-83.7470967,,,,in_stock,procerus-skin-careef0630abd8b7,2026-09-17T00:03:31.945Z
1263600,Providence Plastic Surgery,"11030 Golf Links Road Suite 103, Charlotte, North Carolina 28277",Charlotte,NC,28277,United States,,,ppsclt.com,35.054594,-80.7710613,,,,in_stock,providence-plastic-surgery748ca71bab2c,2026-09-17T00:03:36.271Z
1263429,PuraVida Med Spa,"8110 Maple Lawn Blvd Suite 145, Fulton, Maryland 20759",Fulton,MD,20759,United States,,,www.puravidamedspa.com,39.1526268,-76.90286200000001,,,,in_stock,puravida-med-spa01435be6aa93,2026-09-17T00:03:38.184Z
1263348,Pure Dermatology,"501 S. Cherry St., Suite 310, Glendale, Colorado 80246",Glendale,CO,80246,United States,,,http://puredermdenver.com/,39.7070078,-104.9343879,,,,in_stock,pure-dermatologyefff48b82a43,2026-09-17T00:03:34.453Z
1525162,Pure Dermatology,"3100 Galleria Drive, Suite 203, Metairie, Louisiana 70001",Metairie,LA,70001,United States,,,https://puredermnola.com/,29.992808,-90.15428209999999,,,,in_stock,pure-dermatology47fe77c435c0,2026-09-17T00:02:49.210Z
1263598,Purefico MedSpa,"19401 Old Jetton Road, Ste 100, Cornelius, North Carolina 28031",Cornelius,NC,28031,United States,,,https://bodyelectricnc.com/,35.4771795,-80.892809,,,,in_stock,purefico-medspa668c1278f2de,2026-09-17T00:03:04.519Z
1263350,PureLee Redefined,"12245 Voyager Parkway, Suite 142, Colorado Springs, Colorado 80921",Colorado Springs,CO,80921,United States,,,https://pureleeredefined.com/,39.0107283,-104.8073083,,,,in_stock,purelee-redefined572226136769,2026-09-17T00:02:47.281Z
2573886,Pure Lush Day Spa,"1269 Winged Foot Court, Rock Hill, South Carolina 29730",Rock Hill,SC,29730,United States,,,https://www.purelushspa.com/,34.946643,-80.94119800000001,,,,in_stock,pure-lush-day-spa2af12e2f4a63,2026-09-17T00:03:56.728Z
3135820,Pure Med Spa,"1430 Spring Hill Road Suite 103, McLean, Virginia 22102",Mclean,VA,22102,United States,,,https://puremed-spa.com/,38.9323321,-77.23431570000001,,,,in_stock,pure-med-spab922d5fa94d6,2026-09-17T00:03:31.649Z
1281131,Pure Skin Beverly Hills,"1243 S. Sierra Bonita Ave, Los Angeles, California 90019",Los Angeles,CA,90019,United States,,,http://pureskinbh.com/index.html,34.0525016,-118.3584222,,,,in_stock,pure-skin-beverly-hills6237ff944c43,2026-09-17T00:02:44.202Z
1263740,Rachel Lewis MD,"19269 Woodside Drive, Watertown, New York 13601",Watertown,NY,13601,United States,,,www.columbiadoctors.org,43.9522313,-75.9375465,,,,in_stock,rachel-lewis-mdab5eae3118c0,2026-09-17T00:02:45.496Z
1263875,Radiance Medical Aesthetics & Wellness,"9940 Woodlands Parkway Suite 600, The Woodlands, Texas 77382",The Woodlands,TX,77382,United States,,,woodlandsradiancespa.com,30.1913293,-95.5848561,,,,in_stock,radiance-medical-aesthetics--wellness613d8a74dacc,2026-09-17T00:03:39.495Z
1263323,Radiance Med Spa - San Antonio,"1624 Lockhill Selma Road, San Antonio, Texas 78213",San Antonio,TX,78213,United States,,,www.radiancesanantonio.com,29.5341202,-98.5198181,,,,in_stock,radiance-med-spa---san-antoniofda65c1ab4a7,2026-09-17T00:03:55.830Z
1263912,Radiance Skin,"3029 W Howe St, Seattle, Washington 98199",Seattle,WA,98199,United States,,,,47.6357295,-122.3970176,,,,in_stock,radiance-skinff0470c9a751,2026-09-17T00:03:51.019Z
3256550,Radiant by Raquel,"108 Fairmount Street, Boston, Massachusetts, 02124",Boston,MA,02124,United States,,,,42.2801471,-71.0756705,,,,in_stock,radiant-by-raqueleb240a851d48,2026-09-17T00:03:56.669Z
1263492,RadiantSkin,"2560 Belcastro Street, Las Vegas, Nevada 89117",Las Vegas,NV,89117,United States,,,,36.14319649999999,-115.2493574,,,,in_stock,radiantskinf9d98acd09a2,2026-09-17T00:02:34.930Z
1263747,Rain Medical Spa,"2017 Mallard Lane, Baden, Pennsylvania 15005",Baden,PA,15005,United States,,,https://rainsskinprescription.com/,40.65579049999999,-80.1406559,,,,in_stock,rain-medical-spa8377352285b0,2026-09-17T00:02:42.383Z
1263603,Rao Dermatology - Fresno,"7055 Fresno Street, Suite 310, Fresno, California 93720",Fresno,CA,93720,United States,,,http://raodermatology.com/,36.838689,-119.7819707,,,,in_stock,rao-dermatology---fresno9a40150771a7,2026-09-17T00:03:11.496Z
1263681,Razi Medical Aesthetics,"325 Indian Hills CT SE, Salem, Oregon 97302",Salem,OR,97302,United States,,,razi.com,44.8994527,-123.0503883,,,,in_stock,razi-medical-aesthetics78399a29b4aa,2026-09-17T00:03:04.768Z
1263249,Rebecca Fitzgerald MD,"321 N Larchmont Blvd Suite 906, Los Angeles, California 90004",Los Angeles,CA,90004,United States,,,http://rebeccafitzgeraldmd.com,34.0768522,-118.323924,,,,in_stock,rebecca-fitzgerald-md2dd9cc664236,2026-09-17T00:02:40.394Z
1263386,Redefine Beauty Aesthetics,"405 S Kings Avenue, Brandon, Florida 33511",Brandon,FL,33511,United States,,,https://re-definebeauty.com,27.9336365,-82.2935765,,,,in_stock,redefine-beauty-aesthetics0ceda35de701,2026-09-17T00:02:36.594Z
2950259,Redefine Wellness Institute,"8109 Goose Ridge Dr SE, Owens Crossroads, Alabama 35763",Owens Crossroads,AL,35763,United States,,,https://www.redefinewellnessinstitute.com/,34.6251533,-86.43306400000002,,,,in_stock,redefine-wellness-institute91c3b516e3f8,2026-09-17T00:03:45.307Z
1263730,Reed Dermatology,"13305 Northwest Cornell Road Suite C, Portland, Oregon 97229",Portland,OR,97229,United States,,,https://reedmd.com/,45.5258558,-122.8123686,,,,in_stock,reed-dermatology5eb9ee16245a,2026-09-17T00:03:49.854Z
1263282,RefinedMD,"800 Pollard Road, Building A, Los Gatos, California 95032",Los Gatos,CA,95032,United States,,,http://refinedmd.com/,37.2611476,-121.9705283,,,,in_stock,refined-dermatology---dr-swengel1d25be5581ae,2026-09-17T00:02:46.924Z
2272897,Reflections Aesthetic Center Inc,"17110 Dallas North Parkway Suite 100, Dallas, Texas 75248",Dallas,TX,75248,United States,,,,32.9827367,-96.82780269999999,,,,in_stock,reflections-aesthetic-center-inccff9d88df23a,2026-09-17T00:03:05.903Z
1263583,Reflections Center for Skin and Body,"1924 Washington Valley Rd, Martinsville, New Jersey 8836",Martinsville,NJ,08836,United States,,,www.reflectionscenter.com,40.6014866,-74.56422400000001,,,,in_stock,reflections-center-for-skin-and-body1bd13e0cec96,2026-09-17T00:02:47.913Z
1445251,Reforme Dermatology and Aesthetics,"2265 Tillage Street, Mount Pleasant, South Carolina 29466",Mount Pleasant,SC,29466,United States,,,https://www.reformedermatology.com/,32.830317,-79.796672,,,,in_stock,reforme-dermatology-and-aesthetics4a00a8d732ac,2026-09-17T00:02:35.954Z
1263787,ReJHUvenate Medical Aesthetics,"1280 Boulevard Way, suite 204, Walnut Creek, California 94595",Walnut Creek,CA,94595,United States,,,,37.8935355,-122.0764251,,,,in_stock,rejhuvenate-medical-aesthetics97d30a1a22ea,2026-09-17T00:03:49.584Z
1659847,Rejuve,"14612 Big Basin Way Suite B, Saratoga, California 95070",Saratoga,CA,95070,United States,,,http://www.rejuvemedical.com,37.255702,-122.036263,,,,in_stock,rejuved6ee3faf2884,2026-09-17T00:03:24.796Z
1263496,Rejuve MD,"14603 Huebner Rd Building 1 Ste. 101, San Antonio, Texas 78209",San Antonio,TX,78209,United States,,,www.drjosebarrera.com,29.5736157,-98.5477683,,,,in_stock,rejuve-mdb35c8445d2e0,2026-09-17T00:03:27.292Z
1263516,Rejuvenate Austin,"1301 West 5th Street Suite 100, Austin, Texas 78703",Austin,TX,78703,United States,,,https://www.rejuvenateaustin.com/,30.2719207,-97.75975120000001,,,,in_stock,rejuvenate-austinb62e2ba1ca10,2026-09-17T00:03:24.013Z
1263577,Rejuvenate Wellness Medspa,"7625 Maple Lawn Blvd #50, Fulton, Maryland 20759",Fulton,MD,20759,United States,,,rejuvenateatcwc.com,39.1575838,-76.903711,,,,in_stock,rejuvenate-wellness-medspa485ba9b37468,2026-09-17T00:02:55.139Z
1263649,Rejuvene MD Aesthetics & Restorative Medicine,"7470 Cimarron Plaza, Building 13, Suite 100, El Paso, Texas 79911",El Paso,TX,79911,United States,,,www.rejuvenemd.com,31.8873562,-106.5712516,,,,in_stock,rejuvene-md-aesthetics--restorative-medicinedc6b9e4a19d6,2026-09-17T00:03:27.040Z
1287556,REMAGIN,"4750 The Grove Drive Suite 230, Windermere, Florida 34786",Windermere,FL,34786,United States,,,https://www.remagin.com/,28.4924278,-81.5114057,,,,in_stock,remagin4ce5e1e80bba,2026-09-17T00:03:44.089Z
1263850,Rendon Center,"1001 NW 13th Street Suite 100, Boca Raton, Florida 33486",Boca Raton,FL,33486,United States,,,https://www.drrendon.com/,26.3621171,-80.1071675,,,,in_stock,rendon-center3c441d13769d,2026-09-17T00:03:51.920Z
1263914,RENEUX MEDSPA,"401 Kamakee St Ste 202, Honolulu, Hawaii 96814",Honolulu,HI,96814,United States,,,www.reneuxspahawaii.com,21.294623,-157.851359,,,,in_stock,reneux-medspaf93168520726,2026-09-17T00:03:26.685Z
1263510,Renew 360,"2732 N. Alvernon Way, Tucson, Arizona 85712",Tucson,AZ,85712,United States,,,www.renew360az.com,32.2573087,-110.9092294,,,,in_stock,renew-3602854f6c54a91,2026-09-17T00:02:45.829Z
1263557,Renew Laser & Skin,"210 Century Square Blvd Suite 100, Sugar Land, Texas 77478",Sugar Land,TX,77478,United States,,,https://renewlaserandskin.com/,29.6242963,-95.6060991,,,,in_stock,renew-laser--skind092395778ea,2026-09-17T00:03:21.710Z
1263508,Renew MD Med Spa,"320 Morrison Park Drive Suite 120, Southlake, Texas 76092",Southlake,TX,76092,United States,,,https://renewmdmedspa.com/,32.9445658,-97.1094032,,,,in_stock,renew-md-med-spa9f8c8dd4a281,2026-09-17T00:03:30.604Z
1263812,Renova Med Spa,"416 Rehoboth Avenue, Rehoboth Beach, Delaware 19971",Rehoboth Beach,DE,19971,United States,,,http://www.renovemedspa.org,38.7148745,-75.0900188,,,,in_stock,renova-med-spac000d2ecdabb,2026-09-17T00:03:53.032Z
1263702,Reserve Dermatology,"2350 Ravine Way Ste 400, Glenview, Illinois 60025",Glenview,IL,60025,United States,,,,42.0989703,-87.81269,,,,in_stock,reserve-dermatologyfad81ee1ca5a,2026-09-17T00:02:58.081Z
1263884,Restoration Medical Aesthetics,"5100 20th St, Greeley, Colorado 80634",Greeley,CO,80634,United States,,,https://restorationmed.net/,40.4066503,-104.7638986,,,,in_stock,restoration-medical-aesthetics7e5526ae1ceb,2026-09-17T00:02:54.191Z
1668481,Restoration Psychiatry,"15899 Los Gatos Almaden Suite 3, Los Gatos, California 95032",Los Gatos,CA,95032,United States,,,,37.2260616,-121.9302449,,,,in_stock,restoration-psychiatry03fb02c0f477,2026-09-17T00:02:40.334Z
1568927,Restore You MT,"1744 Alder Dr, Great Falls, Montana 59404",Great Falls,MT,59404,United States,,,,47.48450990000001,-111.3235408,,,,in_stock,restore-you-mtee2582f6b958,2026-09-17T00:02:54.846Z
2962390,Resurface Aesthetics,"Tintagel Close, Perton, Wolverhampton, WV6 7RG",,,,United Kingdom,,,www.resurfaceaesthetics.co.uk,52.5928861,-2.1949435,,,,in_stock,resurface-aesthetics144c776f51e0,2026-09-17T00:02:29.754Z
1263197,Revive Skin Care & MedSpa,"4860 N Clark St, Chicago, Illinois 60640",Chicago,IL,60640,United States,,,www.revivemedspachicago.com,41.97067810000001,-87.66806059999999,,,,in_stock,revive-skin-care--medspa08b7fb463b2c,2026-09-17T00:03:31.258Z
1688180,Revive Wellness Center,"3655 Lomita Blvd, Suite 301, Torrance, California 90505",Torrance,CA,90505,United States,,,https://www.revivecenter.com/provider,33.8153138,-118.3487288,,,,in_stock,revive-wellness-centercee61d394c98,2026-09-17T00:03:23.853Z
1263430,RFSA Dermatology - Castle Hills,"10603 West Ave, San Antonio, Texas 78213",San Antonio,TX,78213,United States,,,rfsadermatology.com,29.5366291,-98.5192605,,,,in_stock,rfsa-dermatology---castle-hillsec2d92d9c4e8,2026-09-17T00:03:38.521Z
1263470,RFSA Dermatology - Olmos,"Olmos Professional Building 4118 McCullough Suite 18, San Antonio, Texas 78212",San Antonio,TX,78212,United States,,,https://rfsadermatology.com/contact-us/,29.4688592,-98.4912197,,,,in_stock,rfsa-dermatology---olmos65eaccaff5a3,2026-09-17T00:03:07.575Z
1263882,Richard Swift MD,"110 E. 87Th Street, New York, New York 10128",New York,NY,10128,United States,,,plasticsurgeonnyc.com,40.7804112,-73.95614189999999,,,,in_stock,richard-swift-mde91bec501245,2026-09-17T00:03:35.159Z
1263482,Rios Center for Plastic Surgery,"2101 Cornerstone Blvd, Edinburg, Texas 78539",Edinburg,TX,78539,United States,,,https://riossurgery.com/,26.2651088,-98.1990646,,,,in_stock,rios-center-for-plastic-surgeryf3d05c21a83b,2026-09-17T00:02:57.812Z
1263230,Ritacca Laser Center,"230 Center Drive 2nd Floor, Vernon Hills, Illinois 60061",Vernon Hills,IL,60061,United States,,,www.ritaccalasercenter.com,42.2442952,-87.95809899999999,,,,in_stock,ritacca-laser-center552178d4797c,2026-09-17T00:02:46.323Z
1263638,Rodeo Drive Dermatology and Aesthetics,"9400 Brighton Way Suite 208, Beverly Hills, California 90210",Beverly Hills,CA,90210,United States,,,www.christiekidd.com,34.0702842,-118.4010354,,,,in_stock,rodeo-drive-dermatology-and-aesthetics8922eef775ab,2026-09-17T00:03:12.561Z
1263594,Roesler Facial Plastic Surgery,"24025 Park Sorrento #405, Calabasas, California 91302",Calabasas,CA,91302,United States,,,http://drjohnroesler.com/,34.15224000000001,-118.6494304,,,,in_stock,roesler-facial-plastic-surgery7be4077dcf4f,2026-09-17T00:03:23.700Z
1263464,Rosenberg Plastic Surgery,"145 N Robertson Blvd, West Hollywood, California 90211",West Hollywood,CA,90211,United States,,,http://www.rosenbergplastics.com,34.0765353,-118.38396,,,,in_stock,rosenberg-plastic-surgery324a10c12dae,2026-09-17T00:02:48.801Z
1263204,Roseville Dermatology,"1412 Blue Oaks Blvd, Roseville, California 95747",Roseville,CA,95747,United States,,,www.rosevillederm.com,38.7978081,-121.3162294,,,,in_stock,roseville-dermatology7b1247e1e01b,2026-09-17T00:03:13.518Z
1263319,Ross Dermatology - San Antonio,"1303 Mccullough Ave. #560, San Antonio, Texas 78212",San Antonio,TX,78212,United States,,,www.drkimross.com,29.4411789,-98.4926155,,,,in_stock,ross-dermatology---san-antonio44f6e8ce1d65,2026-09-17T00:02:42.907Z
1822621,Rue Four Health Corp,"515 Greenwich Street Suite 403, New York, New York 10013",New York,NY,10013,United States,,,,40.726178,-74.008704,,,,in_stock,rue-four-health-corp89017de239e0,2026-09-17T00:03:39.960Z
1263303,Rush To Beauty,"9460 Wilshire Blvd. Suite 400, Beverly Hills, California 90212",Beverly Hills,CA,90212,United States,,,randrusher.com,34.0669044,-118.3992965,,,,in_stock,rush-to-beauty150f5e7b2807,2026-09-17T00:03:24.736Z
1263498,RVC Medical,"1301 4th Ave NW Ste 204, Issaquah, Washington 98027",Issaquah,WA,98027,United States,,,http://rvcmedical.com/,47.54430869999999,-122.0417677,,,,in_stock,rvc-medical4ea9783f7ca1,2026-09-17T00:03:38.726Z
1263658,Sabates Eye Centers,"11261 Nall Avenue, Leawood, Kansas 66211",Leawood,KS,66211,United States,,,http://sabateseye.com/reconstructive-and-cosmetic-eye-surgery,38.9240155,-94.647216,,,,in_stock,sabates-eye-centerse52c5a919cf6,2026-09-17T00:02:26.189Z
1263207,Saddleback Dermatology Laser & Cosmetic Center,"23832 Rockfield Blvd Suites 210 & 220, Lake Forest, California 92630",Lake Forest,CA,92630,United States,,,saddlebackdermatology.com,33.6262026,-117.7149044,,,,in_stock,saddleback-dermatology-laser--cosmetic-center3e90b232b0a0,2026-09-17T00:02:35.373Z
2791632,Salt & Light Holistic MedSpa,"241148 Decorah Road, Diamond Bar, California 91765",Diamond Bar,CA,91765,United States,,,,34.0273757,-117.8034438,,,,in_stock,salt--light-holistic-medspa65fe9d4067da,2026-09-17T00:02:50.617Z
1281137,Samireh Said MD,"13422 Newport Ave. #J, Tustin, California 92780",Tustin,CA,92780,United States,,,https://www.drsaiddermatology.com/,33.7436798,-117.8139701,,,,in_stock,samireh-said-mdf51dc83e4ecb,2026-09-17T00:03:03.687Z
1263493,Sanctuary Aesthetics - Dr. Vallecillos,"9675 Brighton Way Suite 380, Beverly Hills, California 90210",Beverly Hills,CA,90210,United States,,,https://www.drvallecillos.com/,34.0677724,-118.405374,,,,in_stock,sanctuary-aesthetics---dr-vallecillos305fd9ccd699,2026-09-17T00:03:51.843Z
1263345,Sanctuary Spa,"6487 East Pacific Coast Highway, Long Beach, California 90803",Long Beach,CA,90803,United States,,,www.sanctuaryskincare.net,33.7555952,-118.1080872,,,,in_stock,sanctuary-spaf49b735dfb12,2026-09-17T00:03:00.601Z
1263545,Sanders Dermatology,"301 N Main Street #4, New City, New York 10956",New City,NY,10956,United States,,,https://www.scottsandersdermatology.com/,41.16430520000001,-73.9885467,,,,in_stock,sanders-dermatology925fb3d723df,2026-09-17T00:02:54.996Z
1263494,Sand Lake Dermatology Center,"7335 W Sand Lake Road Suite 200, Orlando, Florida 32819",Orlando,FL,32819,United States,,,https://www.sandlakedermatology.com/,28.4511098,-81.4798173,,,,in_stock,sand-lake-dermatology-centerc484be591ea0,2026-09-17T00:03:48.573Z
1263519,Sanova Dermatology-Dripping Springs,"13830 Sawyer Ranch Road, Suite 304, Dripping Springs, Texas 78620",Dripping Springs,TX,78620,United States,,,https://www.sanovadermatology.com/locations/dripping-springs/,30.1948255,-97.9983895,,,,in_stock,sanova-dermatology-dripping-springsbf783611e5db,2026-09-17T00:03:38.010Z
1263797,Sanova Dermatology - Mamina Turegano MD,"701 Metairie Rd suite 2a-205, Metairie, Louisiana 70005",Metairie,LA,70005,United States,,,,29.9889377,-90.131328,,,,in_stock,sanova-dermatology--mamina-turegano-mdfb271b0c4da1,2026-09-17T00:02:31.094Z
1263760,Sanova Dermatology - North Mopac,"12319 North Mopac Expressway Suite 100, Austin, Texas 78758",Austin,TX,78758,United States,,,www.sanovadermatology.com,30.4157305,-97.7040387,,,,in_stock,sanova-dermatology---north-mopac880c4fa2a243,2026-09-17T00:02:56.602Z
1263405,Sanova - SBA Dermatology,"1900 Saint James Pl Ste 600, Houston, Texas 77056",Houston,TX,77056,United States,,,https://www.sba-skincare.com/?utm_source=google&utm_medium=local&utm_campaign=houston-practice-website,29.7465378,-95.47352869999999,,,,in_stock,sanova--sba-dermatology430b5902e290,2026-09-17T00:02:56.858Z
1263214,Sapien Aesthetics,"1903 Yale Plaza E #401, Seattle, Washington 98102",Seattle,WA,98102,United States,,,https://www.sapienskin.com/,47.6062095,-122.3320708,,,,in_stock,sapien-aestheticsc292fecceff2,2026-09-17T00:02:58.294Z
2950260,Sarah Avila Oculofacial Plastic Surgery,"2601 Southwest 37th Avenue STE 806, Miami, Florida 33133",Miami,FL,33133,United States,,,https://www.drsarahavila.com/contact/,25.7426866,-80.25385519999999,,,,in_stock,sarah-avila-oculofacial-plastic-surgery070cebb86434,2026-09-17T00:02:36.411Z
1644942,Sarah Eghbali PA-C,"272 South Swall Drive, Beverly Hills, California 90211",Beverly Hills,CA,90211,United States,,,,34.0623678,-118.385296,,,,in_stock,sarah-eghbali-pa-cba0a65868163,2026-09-17T00:02:46.107Z
1263293,"Sarasota Facial Aesthetics; Vicky Johnson CRNA, ARNP","1806 S OSPREY AVE STE 2, SARASOTA, Florida 34239",Sarasota,FL,34239,United States,,,http://www.sarasotafacialaesthetics.com/,27.3171446,-82.5339626,,,,in_stock,sarasota-facial-aesthetics-vicky-johnson-crna-arnp5172b579cf83,2026-09-17T00:03:04.443Z
1263481,Sarasota Wellness Medspa,"5573 Marquesas Circle, Sarasota, Florida 34233",Sarasota,FL,34233,United States,,,sarasotawellnessmd.com,27.2707334,-82.4876477,,,,in_stock,sarasota-wellness-medspa4f020a70f45a,2026-09-17T00:03:53.570Z
1334386,Sayn Beauty,"5301 NW 37th Ave, Miami, Florida 33142",Miami,FL,33142,United States,,,https://saynbeauty.com/,25.8225583,-80.2564462,,,,in_stock,sayn-beauty6bbd994e76e2,2026-09-17T00:02:37.887Z
2867649,Schlam Dermatology,"10044 NW 1st Ct., Plantation, Florida 33324",Plantation,FL,33324,United States,,,https://schlamdermatology.com/,26.1225993,-80.2838513,,,,in_stock,schlam-dermatologya86fdddb80cb,2026-09-17T00:03:32.762Z
1263380,Schwarz Dermatology,"1501 Lower State Rd #100, North Wales, Pennsylvania 19454",North Wales,PA,19454,United States,,,www.schwarzderm.com,40.2373982,-75.1922878,,,,in_stock,schwarz-dermatologyb12b5e4f0278,2026-09-17T00:02:52.386Z
1263685,Schweiger Dermatology - Bala Cynwyd,"50 Monument Dr, Suite 301, Bala Cynwyd, Pennsylvania 19004",Bala Cynwyd,PA,19004,United States,,,schweigerderm.com,40.0131418,-75.23040379999999,,,,in_stock,schweiger-dermatology---bala-cynwyd76207f15135d,2026-09-17T00:02:51.766Z
1263827,Schweiger Dermatology - Delran,"8001 Route 130 South, Delran, New Jersey 8075",Delran,NJ,08075,United States,,,,40.0223354,-74.9426603,,,,in_stock,schweiger-dermatology---delrand6ecc9e8f8a7,2026-09-17T00:03:48.310Z
1263923,Schweiger Dermatology - Exton,"501 Gordon Dr, Exton, Pennsylvania 19341",Exton,PA,19341,United States,,,schweigerderm.com,40.0642323,-75.6517434,,,,in_stock,schweiger-dermatology---extonfe38ad6f4fbb,2026-09-17T00:02:52.672Z
1263843,Schweiger Dermatology - Garden City,"229 7TH St Suite 105, Garden City, New York 11530",Garden City,NY,11530,United States,,,www.schweigerderm.com/location/new-york/garden-city/,40.7259016,-73.6326946,,,,in_stock,schweiger-dermatology---garden-citye73fafb8cb86,2026-09-17T00:03:20.742Z
2221823,Schweiger Dermatology Group,"401 Hackensack Ave Suite 104, Hackensack, New Jersey 07601",Hackensack,NJ,07601,United States,,,https://www.schweigerderm.com/location/new-jersey/hackensack-riverside/,40.9084812,-74.0337777,,,,in_stock,schweiger-dermatology-group98cde41f7d89,2026-09-17T00:03:16.156Z
1263370,Schweiger Dermatology ? Hackensack / Dr. Goldberg,"20 Prospect Avenue Suite 702, Hackensack, New Jersey 7601",Hackensack,NJ,07601,United States,,,https://www.schweigerderm.com/location/new-jersey/hackensack/,40.8835363,-74.0572704,,,,in_stock,schweiger-dermatology--hackensack--dr-goldberg9b9ce0dbdf6b,2026-09-17T00:03:38.246Z
2872503,Schweiger Dermatology - Hamburg,"4535 Southwestern Blvd Suite 202, Hamburg, New York 14075",Hamburg,NY,14075,United States,,,https://www.schweigerderm.com/locations/,42.7599961,-78.82874,,,,in_stock,schweiger-dermatology---hamburg9ad7d6fb8c8d,2026-09-17T00:02:49.814Z
1263227,Schweiger Dermatology ? Livingston J. Goldberg,"201 Livingston Ave, Suite 1-F, Livingston, New Jersey 7039",Livingston,NJ,07039,United States,,,https://www.thedermgroup.com/our-locations/livingston-201-nj,40.7891661,-74.3127866,,,,in_stock,schweiger-dermatology--livingston-j-goldberg5f83c4ba3901,2026-09-17T00:03:57.207Z
1263844,Schweiger Dermatology - Northfield,"200 Tilton Road Suite 5, Northfield, New Jersey 8225",Northfield,NJ,08225,United States,,,https://www.schweigerderm.com/location/new-jersey/northfield/?utm_source=google&utm_medium=maps&utm_campaign=local,39.388079,-74.558784,,,,in_stock,schweiger-dermatology---northfield7af53a0dbc30,2026-09-17T00:03:51.228Z
1263861,Schweiger Dermatology - Princeton,"800 Bunn Drive # 201, Princeton, New Jersey 8540",Princeton,NJ,08540,United States,,,,40.3811981,-74.65155829999999,,,,in_stock,schweiger-dermatology---princetonb987d73f3c33,2026-09-17T00:03:42.266Z
1263568,Schweiger Dermatology - Smithtown,"260 Middle Country Road, Suite 112, SMITHTOWN, New York 11787",Smithtown,NY,11787,United States,,,https://www.schweigerderm.com/locations/,40.85502899999999,-73.1803201,,,,in_stock,schweiger-dermatology---smithtown0dda47d1e268,2026-09-17T00:03:43.710Z
1263683,Schweiger Dermatology- Stony Brook,"2500 Nesconset Hwy suite 8A, Stony Brook, New York 11790",Stony Brook,NY,11790,United States,,,https://www.schweigerderm.com/location/new-york/stony-brook/,40.8782575,-73.1158051,,,,in_stock,schweiger-dermatology--stony-brook853bfc5a317d,2026-09-17T00:02:57.948Z
1263846,Schweiger Dermatology - Warren,"122 Mt Bethel Road, Warren, New Jersey 7059",Warren,NJ,07059,United States,,,https://www.thedermgroup.com/our-locations/warren-nj,40.630786,-74.4988157,,,,in_stock,schweiger-dermatology---warren7075706eb52d,2026-09-17T00:03:24.919Z
1263814,Scottsdale Skin Boutique & Dermatology - Genevieve Egnatios MD,"11333 N. Scottsdale Road, Suite 115, Scottsdale, Arizona 85254",Scottsdale,AZ,85254,United States,,,www.ssbderm.com,33.5889067,-111.9254972,,,,in_stock,scottsdale-skin-boutique--dermatology---genevieve-egnatios-md89b23ea6a730,2026-09-17T00:03:46.273Z
1263661,Seattle Regenerative Medicine Center,"1220 116th Avenue NE Suite 102, Bellevue, Washington 98004",Bellevue,WA,98004,United States,,,https://seattleregen.com/,47.6211674,-122.1840178,,,,in_stock,seattle-regenerative-medicine-center8ab33d989d95,2026-09-17T00:03:41.587Z
1263236,Seiff Center,"200 Banning St, Suite 370, Dover, Delaware 19904",Dover,DE,19904,United States,,,https://www.seiffcenter.com/,39.1533413,-75.5359493,,,,in_stock,seiff-center4415f7cbbece,2026-09-17T00:02:30.761Z
1356643,Seiff Center,"1540 Savannah Road, Lewes, Delaware 19958",Lewes,DE,19958,United States,,,http://www.seiffcenter.com/,38.752585,-75.16188009999999,,,,in_stock,seiff-center4f0f10dd200b,2026-09-17T00:03:52.698Z
3258342,Seiva Aesthetics (Salons By JC),"5101 25th Avenue Northeast Suite 2, Seattle, Washington 98105",Seattle,WA,98105,United States,,,https://www.seivaaesthetics.com,47.66775459999999,-122.3009607,,,,in_stock,seiva-aesthetics-salons-by-jcebfe1d3840d2,2026-09-17T00:03:47.933Z
2843061,Selfie Aesthetics,"6705 Red Rd. #503, Coral Gables, Florida 33143",Coral Gables,FL,33143,United States,,,,25.7061137,-80.2851871,,,,in_stock,selfie-aesthetics48003972e02b,2026-09-17T00:03:07.664Z
3111366,Sensational Smiles,"3925 University Drive, Fairfax, Virginia, 22030",Fairfax,VA,22030,United States,,,,38.8479099,-77.30391039999999,,,,in_stock,sensational-smilesffeea70430c5,2026-09-17T00:02:45.252Z
1263838,Sepi Spa,"1624 Montana Avenue, Santa Monica, California 90403",Santa Monica,CA,90403,United States,,,sepispa.com/,34.0341203,-118.4925208,,,,in_stock,sepi-spa6f8e9e014ac0,2026-09-17T00:02:29.055Z
3254087,SEVĀ SKIN,"145 6th Avenue, New York, New York 10013",New York,NY,10013,United States,,,,40.7251196,-74.0049023,,,,in_stock,sev-skine879e27428ee,2026-09-17T00:03:57.274Z
2804253,Shah Dermatology,"37767 Market Drive, Suite 200, Charlotte Hall, Maryland 20622",Charlotte Hall,MD,20622,United States,,,https://shahdermatologyllc.com,38.4946004,-76.77214359999999,,,,in_stock,shah-dermatologyd2c06eb8545a,2026-09-17T00:03:12.181Z
1263439,Shahnti Aesthetic Medicine,"2 West Loudoun Street, Round Hill, Virginia 20141",Round Hill,VA,20141,United States,,,,39.13239919999999,-77.7689221,,,,in_stock,shahnti-aesthetic-medicineae25858d9278,2026-09-17T00:03:24.440Z
1263738,Shanthala MD MedSpa and Laser Center,"194 Newberry Street, Peabody, Massachusetts 1960",Peabody,MA,01960,United States,,,http://shanthalamd.com,42.543882,-70.9865361,,,,in_stock,shanthala-md-medspa-and-laser-centerc83a81213e1a,2026-09-17T00:03:55.168Z
3180883,Shenandoah Weightloss and Aesthetics,"173 East Springbrook Road, Broadway, Virginia, 22815",Broadway,VA,22815,United States,,,,38.606019,-78.79850739999999,,,,in_stock,shenandoah-weightloss-and-aesthetics0ae77ab0e26d,2026-09-17T00:03:00.497Z
1263384,Sherber+Rad,"1011 15th Street NW Suite 100, Washington DC, District of Columbia 20005",Washington Dc,DC,20005,United States,,,sherberandrad.com,38.9026489,-77.0345732,,,,in_stock,sherberrad9d5c0b5b807a,2026-09-17T00:03:33.322Z
1534444,Shine Clinic,"6 Truong Quyen Street, Ward 3, District 3, Ho Chi Minh City, Vietnam",,,,Vietnam,,,https://www.facebook.com/Shinepremium.TSBSAnh/,10.7864145,106.693036,,,,in_stock,shine-clinic46a138c622b2,2026-09-17T00:03:01.631Z
1263215,Shino Bay Cosmetic Dermatology,"350 Las Olas Blvd Suite 110, Fort Lauderdale, Florida 33301",Fort Lauderdale,FL,33301,United States,,,www.shinobayderm.com,26.1187793,-80.1398408,,,,in_stock,shino-bay-cosmetic-dermatology99361661c75f,2026-09-17T00:03:53.360Z
1263217,Shire Facial Plastic Surgery,"6151 Shallowford Road Suite 101, Chattanooga, Tennessee 37421",Chattanooga,TN,37421,United States,,,https://www.plasticsurgeryartist.com/,35.0549176,-85.18042249999999,,,,in_stock,shire-facial-plastic-surgery63ca7ade6078,2026-09-17T00:03:25.893Z
1263860,Silverberg Surgical & Medical Group,"1401 AVOCADO 703, NEWPORT BEACH, California 92660",Newport Beach,CA,92660,United States,,,www.silverbergmd.com,33.6125366,-117.8706914,,,,in_stock,silverberg-surgical--medical-group388d9ec0a030,2026-09-17T00:02:46.391Z
1263622,Silver Falls Dermatology - Vancouver,"2415 NE 134th Street Suite 107, Vancouver, Washington 98686",Vancouver,WA,98686,United States,,,http://www.silverfallsderm.net/,45.7173458,-122.6466679,,,,in_stock,silver-falls-dermatology---vancouverd91d759b3a7e,2026-09-17T00:02:55.699Z
1263226,Simmons-O'Brien and Orlinsky,"8320 Bellona Ave #20, Towson, Maryland 21204",Towson,MD,21204,United States,,,http://www.ladydermdocs.com/,39.4140966,-76.6335723,,,,in_stock,simmons-obrien-and-orlinskya9ed4396c68a,2026-09-17T00:03:45.085Z
1263697,Simply Aesthetics Med Spa,"3806 Riverside Dr., Chino, California 91710",Chino,CA,91710,United States,,,simplyaestheticsmedspa.com,34.0195409,-117.721897,,,,in_stock,simply-aesthetics-med-spa97836fe7c258,2026-09-17T00:03:00.262Z
1263810,Simply You By Stef,"515 N Park Avenue Suite 116, Winter Park, Florida 32789",Winter Park,FL,32789,United States,,,https://simplyyoubystefmedspa.com,28.6015795,-81.3512506,,,,in_stock,simply-you-by-stef0a3293ed870d,2026-09-17T00:03:05.594Z
1263366,Simply You MedSpa,"2942 Evergreen Parkway, Suite 303, Evergreen, Colorado 80439",Evergreen,CO,80439,United States,,,https://www.simplyumedspa.com/,39.6612666,-105.3522026,,,,in_stock,simply-you-medspa30d2ea5a722c,2026-09-17T00:03:32.020Z
2992932,Sixpence Salon & Aesthetics,"1241 Pendleton Street, Greenville, South Carolina, 29611",Greenville,SC,29611,United States,,,,34.8471954,-82.42879889999999,,,,in_stock,sixpence-salon--aesthetics517a86db737f,2026-09-17T00:02:32.201Z
1263499,SKC Dermatology,"4 Forest Avenue Suite 205, Paramus, New Jersey 7652",Paramus,NJ,07652,United States,,,https://skcdermatology.com/contact/,40.9172913,-74.05181639999999,,,,in_stock,skc-dermatology0a1e939f3788,2026-09-17T00:03:06.072Z
1263295,SK Clinic,"528 Nautilus Street, La Jolla, California 92037",La Jolla,CA,92037,United States,,,www.sk-clinic.com,32.8321913,-117.276016,,,,in_stock,sk-clinice686a88bd1c3,2026-09-17T00:02:46.794Z
2962372,Skiin Laser clinic,Unit 25 Orton Southgate PE26XU,,,,United Kingdom,,,https://skiinlaserclinic.com/,52.5403536,-0.3165262,,,,in_stock,skiin-laser-cliniccf835cc0196c,2026-09-17T00:02:40.736Z
1263276,Skin,"1486 South Pearl Street, Denver, Colorado 80210",Denver,CO,80210,United States,,,,39.68957839999999,-104.9803486,,,,in_stock,skinc67dd6c7f560,2026-09-17T00:03:41.910Z
2823812,Skin and Cancer Center of Arizona,"725 South Dobson Road, Chandler, Arizona 85224",Chandler,AZ,85224,United States,,,,33.29392130000001,-111.8755323,,,,in_stock,skin-and-cancer-center-of-arizona235699779905,2026-09-17T00:03:39.902Z
2116968,Skin and Hair Center,"11520 West 119th Street, Overland Park, Kansas 66213",Overland Park,KS,66213,United States,,,https://skinandhaircenter.com,38.913308,-94.719315,,,,in_stock,skin-and-hair-center9b661b67dea8,2026-09-17T00:03:20.956Z
1263269,Skin Associates of South Florida,"4425 Ponce de Leon Blvd. ste 200, Coral Gables, Florida 33146",Coral Gables,FL,33146,United States,,,www.skinassociatesfl.com,25.7312801,-80.2581123,,,,in_stock,skin-associates-of-south-floridac7ae47be5617,2026-09-17T00:03:08.598Z
1263872,Skin Basic LLC,"8060 Market Street, Youngstown, Ohio 44512",Youngstown,OH,44512,United States,,,https://lloyd-derm.com/about-us/the-providers/,41.0033552,-80.6636438,,,,in_stock,skin-basic-llca11c41b9983a,2026-09-17T00:03:14.157Z
1263675,Skin Cancer and Dermatology Center,"1975 Research Parkway, Suite 165, Colorado Springs, Colorado 80920",Colorado Springs,CO,80920,United States,,,www.skincancerandderm.com,38.9575843,-104.7948503,,,,in_stock,skin-cancer-and-dermatology-centerab0a0ed80fec,2026-09-17T00:02:54.252Z
1263624,Skin & Cancer Associates - Delray,"13660 Jog Road, Suite 8, Delray Beach, Florida 33446",Delray Beach,FL,33446,United States,,,www.richardrubensteinmd.com,26.4741239,-80.1464489,,,,in_stock,skin--cancer-associates---delray666503d7171d,2026-09-17T00:02:53.155Z
1263559,Skin Care by Alyce,"934 Penn Ave, Wyomissing, Pennsylvania 19610",Wyomissing,PA,19610,United States,,,skincarebyalyce.com,40.3350859,-75.95752,,,,in_stock,skin-care-by-alyceb9393024fc68,2026-09-17T00:03:50.165Z
1363729,Skincare by Parveen,"20221 108th Avenue Southeast, Kent, Washington 98031",Kent,WA,98031,United States,,,,47.42062660000001,-122.197675,,,,in_stock,skincare-by-parveena4ccb0393b82,2026-09-17T00:03:24.990Z
2962384,Skincare InsideOut,"Church Lane, RISELEY, Bedfordshire MK441ER",,,,United Kingdom,,,Www.skincareinsideout.co.uk,52.2550359,-0.4791902,,,,in_stock,skincare-insideout90ea6e3cfe8b,2026-09-17T00:03:48.932Z
1263710,Skinclinic DH,"3990 Inman Park Lane, Buford, Georgia 30519",Buford,GA,30519,United States,,,skinclinicdh.com,34.1014605,-83.96431799999999,,,,in_stock,skinclinic-dh3b7628f7f64c,2026-09-17T00:03:53.506Z
1263285,SkinDC,"1525 Wilson Blvd Suite 125, Arlington, Virginia 22209",Arlington,VA,22209,United States,,,SkinDCderm.com,38.8951982,-77.07535759999999,,,,in_stock,skindc6c60e35be5f7,2026-09-17T00:03:33.251Z
1263735,Skin Deep Medical Spa - Glenview,"1986 Tower Dr, Glenview, Illinois 60026",Glenview,IL,60026,United States,,,https://bodybybloch.com/skin-deep-medical-spa/,42.0903522,-87.8254432,,,,in_stock,skin-deep-medical-spa---glenview28b522f35963,2026-09-17T00:03:12.981Z
1561187,Skin Elite Retreat Medspa,"1264 Harwood Road, Bedford, Texas 76021",Bedford,TX,76021,United States,,,https://www.skinelite.com/elite-retreat/,32.8522024,-97.14826839999999,,,,in_stock,skin-elite-retreat-medspabf98c51c7d88,2026-09-17T00:03:09.672Z
1555982,Skin Envy,"20830 Rimrock Rd, Monroe, Washington 98272",Monroe,WA,98272,United States,,,,47.808089,-121.9586023,,,,in_stock,skin-envyf8418b5413b5,2026-09-17T00:03:14.687Z
1263886,Skin Envy,"2500 W William Cannon Drive Unit 601, Austin, Texas 78745",Austin,TX,78745,United States,,,www.skinenvyaustin.com,30.2056473,-97.81086499999999,,,,in_stock,skin-envy01e62aa3c69f,2026-09-17T00:02:32.282Z
1263262,Skin Essentials Medical Spa,"2559 W Main Street, Littleton, Colorado 80120",Littleton,CO,80120,United States,,,https://skinessentialsco.com/,39.6138903,-105.0177442,,,,in_stock,skin-essentials-medical-spacbeefe2c0445,2026-09-17T00:02:48.023Z
1263466,Skin Fix Studio,"4032 N Miller Rd #106, Scottsdale, Arizona 85251",Scottsdale,AZ,85251,United States,,,www.callievalocchi.com,33.4946274,-111.9177355,,,,in_stock,skin-fix-studio7f9558e5fe84,2026-09-17T00:02:43.241Z
2116967,Skin Glow MD,"330 Scuffletown Road, Simpsonville, South Carolina 29681",Simpsonville,SC,29681,United States,,,https://skinglow-md.com/,34.8024243,-82.227448,,,,in_stock,skin-glow-mdd66d685875bc,2026-09-17T00:02:45.104Z
3258291,Skinlikeb,"161 Water Street Suite 2320, New York, New York 10038",New York,NY,10038,United States,,,https://www.skinlikeb.com/,40.70635,-74.0054286,,,,in_stock,skinlikeb8c41f7259b8e,2026-09-17T00:03:47.865Z
1263763,Skin Local - Dadeland,"9410 SW 77th Avenue, Miami, Florida 33156",Miami,FL,33156,United States,,,,25.6830552,-80.3195008,,,,in_stock,skin-local---dadeland509300054926,2026-09-17T00:03:56.784Z
1263877,Skin Local - Palmetto Bay,"13615 S Dixie Hwy Suite 116, Palmetto Bay, Florida 33176",Palmetto Bay,FL,33176,United States,,,https://theskinlocal.com/,25.6427947,-80.3325394,,,,in_stock,skin-local---palmetto-bay8ff6fa2e57c3,2026-09-17T00:02:50.142Z
1263411,Skin@LRG,"6900 Wisconsin Avenue Suite 400, Chevy Chase, Maryland 20815",Chevy Chase,MD,20815,United States,,,skinatlrg.com,38.9784516,-77.0918556,,,,in_stock,skinlrg4d7a295d178d,2026-09-17T00:03:14.297Z
1263704,Skin Matrx Integrated Beauty Solutions,"2301 W Alameda Ave, Burbank, California 91506",Burbank,CA,91506,United States,,,http://skinmatrx.com/,34.159118,-118.326359,,,,in_stock,skin-matrx-integrated-beauty-solutionsc0a4caf0247f,2026-09-17T00:02:47.468Z
1263263,SKIN MD and Beyond,"6517 Preston Road Suite 100, Plano, Texas 75024",Plano,TX,75024,United States,,,https://www.skinmdandbeyond.com,33.0618272,-96.7967898,,,,in_stock,skin-md-and-beyondb6dd67d4e25f,2026-09-17T00:03:30.249Z
1263573,Skin Parlor,"5601 Brodie Ln Suite 1000, Austin, Texas 78745",Austin,TX,78745,United States,,,https://www.skinparloraustin.com/,30.2253199,-97.821933,,,,in_stock,skin-parlor0c9bd0017014,2026-09-17T00:03:04.338Z
1263746,Skinpeccable,"11611 San Vicente Boulevard, Lobby Level, Los Angeles, California 90049",Los Angeles,CA,90049,United States,,,WWW.SKINPECCABLE.COM,34.0541766,-118.462577,,,,in_stock,skinpeccablee8bf229d1079,2026-09-17T00:03:54.972Z
2962370,Skin Pharmacy,"32 Devonshire Place, Marylebone. London. W1G 6JL",,,,United Kingdom,,,www.SkinPharmacy.com,51.5221202,-0.150289,,,,in_stock,skin-pharmacyfb996f63951f,2026-09-17T00:03:14.599Z
1263479,SkinProLogica,"226 5th Ave, New York, New York 10001",New York,NY,10001,United States,,,https://www.skinprologica.com/,40.7439291,-73.9881723,,,,in_stock,skinprologica86ba20cd482c,2026-09-17T00:02:53.220Z
3117498,Skin Realm Facial Studio,"6219 Outlook Avenue, Los Angeles, California 90042",Los Angeles,CA,90042,United States,,,https://www.skinrealmla.com,34.1167494,-118.1864385,,,,in_stock,skin-realm-facial-studio768a230df935,2026-09-17T00:03:20.398Z
1263725,SkinRejuv Aesthetics,"39067 Schroeder Dr, Clinton Township, Michigan 48038",Clinton Township,MI,48038,United States,,,https://skinrejuvaesthetics.com/,42.58457569999999,-82.9428035,,,,in_stock,skinrejuv-aesthetics6c52826849c5,2026-09-17T00:03:43.397Z
1263441,Skin Renewal Center,"231 E. Street #3, Davis, California 95616",Davis,CA,95616,United States,,,skinrenewalcenter.com,38.54418760000001,-121.7416533,,,,in_stock,skin-renewal-center72b892141e8d,2026-09-17T00:02:59.615Z
1263880,Skin Ritual,"1684 E. Boston Street, Suite 101, Gilbert, Arizona 85295",Gilbert,AZ,85295,United States,,,,33.3035971,-111.7537973,,,,in_stock,skin-ritualf76226d59422,2026-09-17T00:02:33.214Z
1263836,Skinsation,"9201 Sunset Blvd Suite 612, Beverly Hills, California 90069",Beverly Hills,CA,90069,United States,,,http://www.drdavidhansen.com/index.htm,34.0909481,-118.3925219,,,,in_stock,skinsation7154db84f77b,2026-09-17T00:02:43.864Z
1263755,SkinsationLA,"6310 San Vicente Blvd Suite 325, Los Angeles, California 90048",Los Angeles,CA,90048,United States,,,https://skinsationla.com/,34.0606694,-118.3677218,,,,in_stock,skinsationla921fe66b1336,2026-09-17T00:02:30.682Z
3055508,Skin Specialist Sammi,"5338 Downey Road, Fort Mohave, Arizona 86426",Fort Mohave,AZ,86426,United States,,,https://www.skinbysammi.com/,35.00169760000001,-114.6058732,,,,in_stock,skin-specialist-sammi119384630ff3,2026-09-17T00:03:51.405Z
1950322,SkinSpirit - Annapolis,"1915 Towne Center Blvd Suite 110, Annapois, Maryland 21401",Annapois,MD,21401,United States,,,https://www.skinspirit.com/locations/annapolis,38.9803911,-76.5400305,,,,in_stock,skinspirit---annapolis5f24608b6c21,2026-09-17T00:02:41.638Z
1263488,Skinspirit - Austin,"405 N. Lamar Blvd #110, Austin, Texas 78703",Austin,TX,78703,United States,,,www.skinspirit.com,30.2693763,-97.75464509999999,,,,in_stock,skinspirit---austinb2d641852b50,2026-09-17T00:03:26.173Z
1263296,SkinSpirit - Bellevue,"2022 Bellevue Square, Bellevue, Washington 98004",Bellevue,WA,98004,United States,,,https://www.skinspirit.com,47.61655,-122.2046847,,,,in_stock,skinspirit---bellevue9874928ce77d,2026-09-17T00:03:12.792Z
1263723,SkinSpirit - Beverly Hills,"153 S. Lasky Dr., Suite 8, Beverly Hills, California 90212",Beverly Hills,CA,90212,United States,,,https://www.skinspirit.com/locations/beverly-hills/,34.0652161,-118.4102789,,,,in_stock,skinspirit---beverly-hills7ffaa865f64e,2026-09-17T00:03:25.209Z
1557573,SkinSpirit - Biltmore Phoenix,"4859 N 20th St Suite B26, Phoenix, Arizona 85016",Phoenix,AZ,85016,United States,,,https://www.skinspirit.com/locations/biltmore-phoenix,33.5073319,-112.037274,,,,in_stock,skinspirit---biltmore-phoenix520f30f759fb,2026-09-17T00:02:40.815Z
1472555,SkinSpirit - Brentwood,"400 Centreview Drive Suite 4000, Brentwood, Tennessee 37027",Brentwood,TN,37027,United States,,,www.skinspirit.com,36.0265097,-86.7887026,,,,in_stock,skinspirit---brentwood32e2495c08d4,2026-09-17T00:02:42.572Z
1768963,SkinSpirit - Buckhead,"3330 Piedmont Road Suite 7, Atlanta, Georgia 30305",Atlanta,GA,30305,United States,,,https://www.skinspirit.com/locations/buckhead,33.8468182,-84.373115,,,,in_stock,skinspirit---buckhead509c93af57f2,2026-09-17T00:02:54.569Z
1263478,Skinspirit - Burlingame,"1375 Burlingame Ave., Burlingame, California 94010",Burlingame,CA,94010,United States,,,www.skinspirit.com,37.5778637,-122.3476879,,,,in_stock,skinspirit---burlingamef5f752e1c2f0,2026-09-17T00:02:34.080Z
1301133,SkinSpirit - Charlotte,"1041 Providence Road, Charlotte, NC 28207",Charlotte,NC,28207,United States,,,https://www.skinspirit.com/locations/charlotte/,35.1949827,-80.8257028,,,,in_stock,skinspirit---charlotte816a98527fe7,2026-09-17T00:03:48.511Z
1749320,SkinSpirit - Danville,"439 Railroad Ave, Danville, California 94526",Danville,CA,94526,United States,,,https://www.skinspirit.com/locations/danville,37.8188134,-121.9971959,,,,in_stock,skinspirit---danville4f2f3d0dcee8,2026-09-17T00:03:00.388Z
1727653,SkinSpirit – Del Mar,"1555 Camino Del Mar Suite 110, Del Mar, California 92014",Del Mar,CA,92014,United States,,,https://www.skinspirit.com/,32.9604007,-117.2647641,,,,in_stock,skinspirit--del-marb6bcc3bd5e31,2026-09-17T00:03:10.026Z
3060121,SkinSpirit - Dublin,"4375 W. Dublin - Granville Rd, Dublin, Ohio 43017",Dublin,OH,43017,United States,,,https://www.skinspirit.com/,40.0979653,-83.1058944,,,,in_stock,skinspirit---dublin61f9ebc47195,2026-09-17T00:02:37.127Z
1865627,SkinSpirit - Dunwoody,"130 Middle Street Suite 117, Atlanta, Georgia 30346",Atlanta,GA,30346,United States,,,https://www.skinspirit.com/locations/dunwoody,33.91975,-84.34481,,,,in_stock,skinspirit---dunwoodyf68a209af7be,2026-09-17T00:03:32.829Z
1263769,SkinSpirit - ECOMM at Palo Alto,"701 Emerson Street, Palo Alto, California 94301",Palo Alto,CA,94301,United States,,,,37.443225,-122.1598143,,,,in_stock,skinspirit---ecomm-at-palo-alto2194432d3f20,2026-09-17T00:02:51.144Z
1263813,Skinspirit - Gaithersburg,"215 market St. W, Gaithersburg, Maryland 20878",Gaithersburg,MD,20878,United States,,,https://www.skinspirit.com/locations/gaithersburg/,39.1216064,-77.2357105,,,,in_stock,skinspirit---gaithersburg270bb8b5edb8,2026-09-17T00:03:04.024Z
1263864,SkinSpirit - Georgetown,"1855 Wisconsin Ave NW Suite A, Georgetown, District of Columbia 20007",Georgetown,DC,20007,United States,,,,38.9160455,-77.06750459999999,,,,in_stock,skinspirit---georgetown3c3e3126a3b8,2026-09-17T00:03:35.372Z
1263781,SkinSpirit - Greenwood Village,"8000 E Belleview Ave Suite B80, Greenwood Village, Colorado 80111",Greenwood Village,CO,80111,United States,,,https://www.skinspirit.com/locations/denver-greenwood-village/,39.62277599999999,-104.8970718,,,,in_stock,skinspirit---greenwood-villageee0987cce2b9,2026-09-17T00:03:48.718Z
2948950,SkinSpirit - Honolulu,"1441 Kapiolani BlvdSte 908, Honolulu, Hawaii, 86814",Honolulu,HI,86814,United States,,,,21.2926926,-157.8430237,,,,in_stock,skinspirit---honolulu0ae2f408de95,2026-09-17T00:02:31.361Z
1263668,SkinSpirit - Houston (Rice Village),"2401 Times Blvd - Ste 110, Houston, Texas 77005",Houston,TX,77005,United States,,,,29.7164251,-95.41560369999999,,,,in_stock,skinspirit---houston-rice-village8b89211dccb3,2026-09-17T00:03:35.702Z
1263858,SkinSpirit - Katy,"23501 Cinco Ranch Blvd Suite J110, Katy, Texas 77494",Katy,TX,77494,United States,,,,29.7435721,-95.7747096,,,,in_stock,skinspirit---katy89214041fd59,2026-09-17T00:02:33.715Z
2829077,SkinSpirit - La Jolla,"8967 Villa La Jolla Dr Ste 610, La Jolla, CA 92037",La Jolla,CA,92037,United States,,,www.skinspirit.com,32.8711558,-117.2337818,,,,in_stock,skinspirit---la-jolla4d9851ba76cd,2026-09-17T00:03:46.124Z
1263789,SkinSpirit - Lake Oswego,"220 A Avenue Suite 110, Lake Oswego, Oregon 97034",Lake Oswego,OR,97034,United States,,,,45.4193361,-122.6659212,,,,in_stock,skinspirit---lake-oswego7d637d011d5e,2026-09-17T00:02:31.189Z
2832603,SkinSpirit - Left Bank,"629 Stayton St, Ste 147, Ft. Worth, Texas 76107",Ft. Worth,TX,76107,United States,,,www.skinspirit.com,32.7521379,-97.3500514,,,,in_stock,skinspirit---left-bank88cb92bf8bb0,2026-09-17T00:03:43.638Z
1263584,SkinSpirit - Long Beach,"6460 E. Pacific Coast Hwy Suite D-230, Long Beach, California 90803",Long Beach,CA,90803,United States,,,www.skinspirit.com,33.7559001,-118.109872,,,,in_stock,skinspirit---long-beach792be324b74a,2026-09-17T00:03:57.028Z
3256820,SkinSpirit - Los Altos,"359 State Street, Los Altos, California 94022",Los Altos,CA,94022,United States,,,https://www.skinspirit.com/locations/los-altos,37.3788023,-122.1178309,,,,in_stock,skinspirit---los-altos33dd9a317ded,2026-09-17T00:03:33.102Z
1263909,SkinSpirit - Manhattan Beach,"3113 N Sepulveda Blvd Unit C, Manhattan Beach, California 90266",Manhattan Beach,CA,90266,United States,,,,33.8982117,-118.396365,,,,in_stock,skinspirit---manhattan-beach7a88fe189d96,2026-09-17T00:02:51.000Z
2790827,SkinSpirit - Miami,"851 NE 1st Ave, Suite 116, Miami, Florida 33132",Miami,FL,33132,United States,,,https://www.skinspirit.com/locations/miami,25.7824532,-80.1918359,,,,in_stock,skinspirit---miamia8be1a7edbc0,2026-09-17T00:02:43.027Z
1263352,SkinSpirit - Mill Valley,"800 Redwood Highway, Mill Valley, California 94941",Mill Valley,CA,94941,United States,,,www.skinspirit.com,37.8966643,-122.5166602,,,,in_stock,skinspirit---mill-valleyc9a5a11f8de1,2026-09-17T00:02:41.499Z
1263376,SkinSpirit - Montclair,"2017 Mountain Blvd, Oakland, California 94611",Oakland,CA,94611,United States,,,www.skinspirit.com,37.826958,-122.2100101,,,,in_stock,skinspirit---montclair0c9588124fd9,2026-09-17T00:02:59.001Z
1263615,SkinSpirit - Newport Beach,"2135 Westcliff Drive, Suite 102, Newport Beach, California 92660",Newport Beach,CA,92660,United States,,,www.skinspirit.com,33.6277376,-117.9088596,,,,in_stock,skinspirit---newport-beachb10bb96e6c14,2026-09-17T00:02:29.658Z
1263316,SkinSpirit - Noe Valley,"3939 24th Street, San Francisco, California 94114",San Francisco,CA,94114,United States,,,skinspirit.com,37.75128309999999,-122.4305775,,,,in_stock,skinspirit---noe-valleyd93b43004144,2026-09-17T00:03:52.144Z
2950258,SkinSpirit - Nordstrom Bellevue,"100 Bellevue Square, Bellevue, Washinton 98004",,,,,,,,47.6169896,-122.2044085,,,,in_stock,skinspirit---nordstrom-bellevuec2844f40ef73,2026-09-17T00:03:15.221Z
2811214,SkinSpirit - Nordstrom NYC,"225 W 57th St, New York, New York 10019",New York,NY,10019,United States,,,https://www.skinspirit.com/locations/nordstrom-nyc,40.7661866,-73.98116139999999,,,,in_stock,skinspirit---nordstrom-nyc22737d3b3f10,2026-09-17T00:03:02.718Z
2800903,SkinSpirit - Nordstrom Oakbrook,"10 Oakbrook Center, Oakbrook, Illinois 60523",Oakbrook,IL,60523,United States,,,https://www.skinspirit.com/locations/skinspirit-nordstrom-oakbrook,41.8525743,-87.9510942,,,,in_stock,skinspirit---nordstrom-oakbrookfa2ef2bae60e,2026-09-17T00:03:47.620Z
3099054,SkinSpirit - Nordstrom Scottsdale,"7055 E. Camelback Rd, Fashion Square Mall, Scottsdale, Arizona 95251",Scottsdale,AZ,95251,United States,,,,33.5015157,-111.9293332,,,,in_stock,skinspirit---nordstrom-scottsdaleebe155cfb2a6,2026-09-17T00:03:09.143Z
2989739,SkinSpirit - Nordstrom Topanga,"21725 Victory BoulevardSkinSpirit Spa, 2nd floor, Canoga Park, California 91303",Canoga Park,CA,91303,United States,,,https://www.skinspirit.com/,34.1886997,-118.602656,,,,in_stock,skinspirit---nordstrom-topanga8527f7bb9905,2026-09-17T00:03:43.255Z
1527713,SkinSpirit - North Austin,"9607 Research Blvd Suite 110, Austin, Texas 78759",Austin,TX,78759,United States,,,https://www.skinspirit.com/locations/north-austin,30.3896259,-97.7425522,,,,in_stock,skinspirit---north-austin165f5c77dc04,2026-09-17T00:03:45.181Z
1263669,SkinSpirit - NYC,"160 East 89th Street, Manhattan, New York 10128",Manhattan,NY,10128,United States,,,www.skinspirit.com,40.780881,-73.9534785,,,,in_stock,skinspirit---nyc6dff0966a9a1,2026-09-17T00:02:40.893Z
1263209,SkinSpirit - Palo Alto,"701 Emerson Street, Palo Alto, California 94301",Palo Alto,CA,94301,United States,,,https://www.skinspirit.com/,37.443225,-122.1598143,,,,in_stock,skinspirit---palo-altoffa8aea4973e,2026-09-17T00:03:35.832Z
1472553,SkinSpirit - Park Ridge,"146 Kinderkamack Rd Suite 2, Park Ridge, New Jersey 07656",Park Ridge,NJ,07656,United States,,,www.skinspirit.com,41.0343455,-74.0334429,,,,in_stock,skinspirit---park-ridge08af5122b228,2026-09-17T00:02:51.540Z
1458343,SkinSpirit - Park Ridge NJ,"146 Kinderkamack Rd Suite 2, Park Ridge, New Jersey 07656",Park Ridge,NJ,07656,United States,,,,41.0343455,-74.0334429,,,,in_stock,skinspirit---park-ridge-njd76d7d4ff18f,2026-09-17T00:02:42.188Z
1263674,Skinspirit - Plano,"2401 Preston Road Suite F, Plano, Texas 75903",Plano,TX,75903,United States,,,https://www.skinspirit.com/locations/plano/,33.0310122,-96.79549949999999,,,,in_stock,skinspirit---plano3e727ca02b73,2026-09-17T00:02:47.530Z
1263803,SkinSpirit - Portland,"26 N.W. 23rd Place, Portland, Oregon 97210",Portland,OR,97210,United States,,,https://www.skinspirit.com/locations/portland/,45.5240659,-122.6995325,,,,in_stock,skinspirit---portland8ec9b0f5eced,2026-09-17T00:03:56.840Z
1263410,SkinSpirit - Presidio Heights,"3325 Sacramento Street, San Francisco, California 94118",San Francisco,CA,94118,United States,,,www.skinspirit.com,37.7879525,-122.4474515,,,,in_stock,skinspirit---presidio-heights024953e07b53,2026-09-17T00:03:32.287Z
1263792,SkinSpirit - Preston Royal,"5959 Royal Lane Suite 530, Dallas, Texas 75320",Dallas,TX,75320,United States,,,,32.8961897,-96.8052572,,,,in_stock,skinspirit---preston-royal78a1f361eb84,2026-09-17T00:03:42.194Z
1263301,SkinSpirit - Redmond,"17887 Redmond Way #120, Redmond, Washington 98052",Redmond,WA,98052,United States,,,www.skinspirit.com,47.666947,-122.1027777,,,,in_stock,skinspirit---redmond17548a923073,2026-09-17T00:03:52.771Z
1376032,SkinSpirit - Roseville,"1470 Eureka Road Suite 140, Roseville, California 95661",Roseville,CA,95661,United States,,,https://www.skinspirit.com/locations/roseville/,38.7519491,-121.2527723,,,,in_stock,skinspirit---roseville363e1f07da32,2026-09-17T00:02:44.835Z
1263533,Skinspirit - Salt Lake City,"1160 E 21st South, Salt Lake City, Utah 84106",Salt Lake City,UT,84106,United States,,,www.skinspirit.com,40.70786390000001,-111.8508966,,,,in_stock,skinspirit---salt-lake-city38c8a55090ad,2026-09-17T00:03:50.055Z
2847519,SkinSpirit - Sarasota,"109 Links Ave, Ste I, Sarasota, Florida 34236",Sarasota,FL,34236,United States,,,www.skinspirit.com,27.3378022,-82.53320409999999,,,,in_stock,skinspirit---sarasota1d6708d9f6e7,2026-09-17T00:02:48.941Z
1263926,SkinSpirit - Scottsdale,"15425 N. Scottsdale Rd, Suite 140, Scottsdale, Arizona 85254",Scottsdale,AZ,85254,United States,,,,33.6263721,-111.9245302,,,,in_stock,skinspirit---scottsdaleadbe02d75d0b,2026-09-17T00:02:48.539Z
1263826,SkinSpirit - Seattle Greenlake,"6850 E Green Lake Way North, Seattle, Washington 98115",Seattle,WA,98115,United States,,,https://www.skinspirit.com/locations/seattle-green-lake/,47.6782586,-122.3272302,,,,in_stock,skinspirit---seattle-greenlake1019b6de0ab2,2026-09-17T00:03:55.355Z
1263920,SkinSpirit - Totem Lake,"11900 NE Village Plaza Suite 168, Kirkland, Washington 98034",Kirkland,WA,98034,United States,,,,47.7126696,-122.1812823,,,,in_stock,skinspirit---totem-lake71b7d9cc6c3f,2026-09-17T00:03:00.156Z
1760619,SkinSpirit -  Tribeca,"418 Washington St Unit 1B, New York, New York 10013",New York,NY,10013,United States,,,https://www.skinspirit.com/locations/tribeca,40.7226628,-74.0106022,,,,in_stock,skinspirit----tribeca0df9db387792,2026-09-17T00:03:41.120Z
1263297,SkinSpirit - University Village,"2692 NE 49th St, Seattle, Washington 98105",Seattle,WA,98105,United States,,,www.skinspirit.com,47.6645487,-122.2980771,,,,in_stock,skinspirit---university-villaged751eb1700ee,2026-09-17T00:03:01.302Z
1263357,SkinSpirit - Walnut Creek,"1647 N California Boulevard, Walnut Creek, California 94596",Walnut Creek,CA,94596,United States,,,www.skinspirit.com,37.90194899999999,-122.064892,,,,in_stock,skinspirit---walnut-creek5a84c912fa3a,2026-09-17T00:03:21.184Z
1845439,SkinSpirit - Wayzata,"701 Lake St E Suite #175, Wayzata, Minnesota 55391",Wayzata,MN,55391,United States,,,https://www.skinspirit.com/locations/wayzata,44.969263,-93.510933,,,,in_stock,skinspirit---wayzatabe918d968e4f,2026-09-17T00:03:30.367Z
1376033,"SkinSpirit - West Village (Dallas, TX)","3636 McKinney Ave #170, Dallas, Texas 75204",Dallas,TX,75204,United States,,,https://www.skinspirit.com/locations/west-village/,32.80719,-96.7963929,,,,in_stock,skinspirit---west-village-dallas-tx39bd8274d79f,2026-09-17T00:02:30.597Z
1472548,SkinSpirit - Willow Glen,"1140-6 Lincoln Ave, San Jose, California 95125",San Jose,CA,95125,United States,,,www.skinspirit.com,37.3077231,-121.9002247,,,,in_stock,skinspirit---willow-glenb063c3c3ee53,2026-09-17T00:03:36.081Z
1263210,Skin Spot - Nazarian MD,"360 W 132nd Street, Los Angeles, California 90061",Los Angeles,CA,90061,United States,,,https://nazarianplasticsurgery.com/,33.911944,-118.280278,,,,in_stock,skin-spot---nazarian-mdf4e17efe3ccc,2026-09-17T00:03:24.167Z
1263708,Skin Stat MD,"8700 240th St SW, Edmonds, Washington 98026",Edmonds,WA,98026,United States,,,https://skinstatmd.com/,47.7810609,-122.3501463,,,,in_stock,skin-stat-md8a5c2618c37b,2026-09-17T00:02:50.204Z
1749366,Skin & Sugar,"661 Timberlake Dr, Westerville, Ohio 43081",Westerville,OH,43081,United States,,,https://www.skinandsugar.co/,40.1210516,-82.9552913,,,,in_stock,skin--sugar5b3a3590a428,2026-09-17T00:02:47.733Z
1263524,SkinSync,"107 Audobon Road, Suite 210, Wakefield, Massachusetts 1880",Wakefield,MA,01880,United States,,,www.skinsync.com,42.5209465,-71.0491638,,,,in_stock,skinsyncab6479d7d8b3,2026-09-17T00:03:04.913Z
1263240,Skin Therapeutics LLC,"4801 Dorsey Hall Drive Suite 204, Ellicott City, Maryland 21042",Ellicott City,MD,21042,United States,,,http://www.skintherapeuticsmd.com,39.2425005,-76.8371513,,,,in_stock,skin-therapeutics-llc1b26ece1d308,2026-09-17T00:03:01.210Z
1280894,Skinthesis,"8969 Santa Monica Blvd Suite J, West Hollywood, California 90069",West Hollywood,CA,90069,United States,,,https://www.skinthesisinc.com/,34.084287,-118.3858521,,,,in_stock,skinthesis3766a2ab2a2d,2026-09-17T00:02:58.233Z
1263841,Skin Unlimited,"790 Generations Dr Suite 200, New Braunfels, Texas 78130",New Braunfels,TX,78130,United States,,,skinunlimitedmd.com,29.7202796,-98.0629158,,,,in_stock,skin-unlimited0609db442133,2026-09-17T00:02:27.248Z
1263206,Skin Wellness Dermatology,"3415 Independence Drive Suite 200, Homewood, Alabama 35209",Homewood,AL,35209,United States,,,www.skinwellness.com,33.4729821,-86.78442489999999,,,,in_stock,skin-wellness-dermatology002a14620bfd,2026-09-17T00:02:50.011Z
1263314,Skin Wellness Dermatology Associates,"5007 Southpark Drive, Suite 100, Durham, North Carolina 27713",Durham,NC,27713,United States,,,https://www.skinwellnessdermatology.com,35.912607,-78.94230480000002,,,,in_stock,skin-wellness-dermatology-associates7c14438b884c,2026-09-17T00:02:45.896Z
1263665,Skye Dermatology - Shauna Kranendonk MD,"224 Chimney Corner Lane Apt 3002, Jupiter, Florida 33458",Jupiter,FL,33458,United States,,,https://skyedermatology.com/,26.8881912,-80.1026535,,,,in_stock,skye-dermatology---shauna-kranendonk-md548820010a4a,2026-09-17T00:03:46.920Z
1534438,Smith Prive' Aesthetique,"4/1 Soi Sukhumvit 49 Sukhumvit Road, Klongton Nua Subdistrict, Wattana District, Bangkok 10110",,,,Thailand,,,https://www.smithskin.com/,13.7310918,100.5753575,,,,in_stock,smith-prive-aesthetique7cf55b47f264,2026-09-17T00:03:16.247Z
1263525,Smooth Aesthetics,"3 Woodland Rd, Suite 411, Stoneham, Massachusetts 2180",Stoneham,MA,02180,United States,,,www.smoothboston.com,42.4519958,-71.0888824,,,,in_stock,smooth-aesthetics365f781b20aa,2026-09-17T00:03:06.885Z
3241132,Smooth Generation Facial & Laser,"577 Plandome Road, Manhasset, New York 11030",Manhasset,NY,11030,United States,,,,40.8002089,-73.70187489999999,,,,in_stock,smooth-generation-facial--laserdc9424965882,2026-09-17T00:03:49.914Z
1263851,Smooth Skin Laser,"2015 Woodbrook Court. Ste. A, Charlottesville, Virginia 22901",Charlottesville,VA,22901,United States,,,https://smoothskincville.com/,38.09121150000001,-78.4740181,,,,in_stock,smooth-skin-laseracd20951d24a,2026-09-17T00:03:44.608Z
1263924,Snyder Plastic Surgery,"505 W. Louis Henna Suite 200, Austin, Texas 78728",Austin,TX,78728,United States,,,breastandbodycenterofaustin.com,30.4790915,-97.67994000000002,,,,in_stock,snyder-plastic-surgery95e9358e7766,2026-09-17T00:03:56.003Z
3085080,Sobella,"3905 Northwest 107th Avenue STE 409, Doral, Florida 33178",Doral,FL,33178,United States,,,https://sobellaaesthetics.com/,25.8106264,-80.3679162,,,,in_stock,sobellaf34ef82f284e,2026-09-17T00:02:50.929Z
1263238,Soft Glow Med Spa,"2173 Lomita Blvd Suite 104, Lomita, California 90717",Lomita,CA,90717,United States,,,https://www.softglowmedspa.com/,33.802497,-118.3193004,,,,in_stock,soft-glow-med-spa987bd97a8e0b,2026-09-17T00:03:07.277Z
2862325,Sonoran Aesthetics and Wellness,"3170 W Carefree Hwy, C6, Phoenix, Arizona 85086",Phoenix,AZ,85086,United States,,,www.sonoranaesthetics.com,33.8002787,-112.128933,,,,in_stock,sonoran-aesthetics-and-wellnessa879225b8ad0,2026-09-17T00:03:35.558Z
1263208,Sonterra Dermatology,"1314 East Sonterra Blvd Suite 2201, San Antonio, Texas 78258",San Antonio,TX,78258,United States,,,www.sonterradermatology.com,29.6138537,-98.4735439,,,,in_stock,sonterra-dermatology1889d20bd6a3,2026-09-17T00:03:36.729Z
1536306,Sonterra Dermatology - Laredo,"6801 McPherson Road Set. 221, Laredo, Texas 78041",Laredo,TX,78041,United States,,,https://dermatologysanantonio.com/,27.5653307,-99.47258459999999,,,,in_stock,sonterra-dermatology---laredof69105ea2022,2026-09-17T00:03:27.564Z
1534441,SO REAL by So Clinic (By Lavistore),"Times Square Office Building 246, 4th Floor, Sukhumvit Road, Khlong Toei Subdistrict, Khlong Toei District, Bangkok 10110",,,,Thailand,,,https://www.facebook.com/sorealbysoclinic,13.7248423,100.577551,,,,in_stock,so-real-by-so-clinic-by-lavistore1b97f79645a5,2026-09-17T00:03:47.804Z
3039553,Source of Health,"10752 N 89th Pl STE 118, Scottsdale, Arizona 85260",Scottsdale,AZ,85260,United States,,,https://mysourceofhealth.com,33.5844516,-111.888578,,,,in_stock,source-of-healthabc6f3f0d189,2026-09-17T00:03:55.224Z
1263220,South Coast Dermatology,"90 Libbey Parkway Suite 200, Weymouth, Massachusetts 2189",Weymouth,MA,02189,United States,,,http://www.sc-dermatology.com,42.1945378,-70.9455194,,,,in_stock,south-coast-dermatology2d1e63f2b3cb,2026-09-17T00:03:40.747Z
1263618,Southern Connecticut Dermatology,"1275 Summer Street, Suite 101, Stamford, Connecticut 6905",Stamford,CT,06905,United States,,,https://www.socodermatology.com/,41.0619905,-73.541461,,,,in_stock,southern-connecticut-dermatologyc5aa07f0f18e,2026-09-17T00:03:32.554Z
1263927,Southern Plastic Surgery- Dr. Whiteman,"3855 Pleasant Hill Road Suite 370, Duluth, Georgia 30096",Duluth,GA,30096,United States,,,https://www.southernplasticsurgery.com/,33.999599,-84.1639975,,,,in_stock,southern-plastic-surgery--dr-whiteman6e3ab0e08822,2026-09-17T00:03:10.319Z
1263423,South Jersey Skin Care and Laser,"101 Gaither Drive, Mount Laurel, New Jersey 8054",Mount Laurel,NJ,08054,United States,,,https://www.sjskincare.com/,39.9433786,-74.9403507,,,,in_stock,south-jersey-skin-care-and-laserda22081743bc,2026-09-17T00:03:05.667Z
1263231,Spa Black - North,"19323 Stone Oak Parkway 3rd Floor, San Antonio, Texas 78258",San Antonio,TX,78258,United States,,,https://spablack.com,29.6334799,-98.4961233,,,,in_stock,spa-black---north4692375bed0d,2026-09-17T00:03:35.635Z
1263490,Spa Black - Wurzbach,"7272 Wurzbach Road #804, San Antonio, Texas 78240",San Antonio,TX,78240,United States,,,https://spablack.com,29.503468,-98.5840781,,,,in_stock,spa-black---wurzbache039cb26e755,2026-09-17T00:03:29.378Z
1536308,Spa LaBelle - Dr. Richard Green,"6507 Day St, Tujunga, California 91042",Tujunga,CA,91042,United States,,,,34.2528545,-118.273972,,,,in_stock,spa-labelle---dr-richard-green3443e3f74774,2026-09-17T00:03:12.293Z
1379600,Springs Dermatology,"6400 Blue Stone Rd, Sandy Springs, GA 30328",Sandy Springs,GA,30328,United States,,,https://springsdermatologymd.com/,33.9252434,-84.3825418,,,,in_stock,springs-dermatologyaafbcb1947e7,2026-09-17T00:03:34.134Z
3106235,Starkman Facial Plastic Surgery/Monarch Skin Lounge,"8960 East Raintree Drive, Scottsdale, Arizona 85260",Scottsdale,AZ,85260,United States,,,,33.6201812,-111.8888114,,,,in_stock,starkman-facial-plastic-surgerymonarch-skin-lounge4242c953ac02,2026-09-17T00:02:30.026Z
3134147,Steil Dermatology,"125 W. 2nd Street, Hinsdale, Illinois 60521",Hinsdale,IL,60521,United States,,,www.steilderm.com,41.8008192,-87.93192169999999,,,,in_stock,steil-dermatology7419d0068b9f,2026-09-17T00:03:08.807Z
1686255,Stella Capri Wellness,"7324 E 6th Ave, Scottsdale, Arizona 85251",Scottsdale,AZ,85251,United States,,,,33.4991224,-111.9232731,,,,in_stock,stella-capri-wellnessec2edfda0501,2026-09-17T00:02:50.081Z
1263321,Stephen P. Beals MD,"5410 N. Scottsdale Road Suite E300, Paradise Valley, Arizona 85253",Paradise Valley,AZ,85253,United States,,,bealsmd.com,33.5158945,-111.9272381,,,,in_stock,stephen-p-beals-md7853c3c098df,2026-09-17T00:02:42.843Z
1263862,Strata Clinical Skin,"100 NE 56th St, Seattle, Washington 98105",Seattle,WA,98105,United States,,,,47.6695401,-122.3280834,,,,in_stock,strata-clinical-skindfc655a9f4f6,2026-09-17T00:02:41.091Z
1263796,Studio Health Medical Spa,"102 Woodland Way Suite 13, Belle Chase, Louisiana 70037",Belle Chase,LA,70037,United States,,,studiohealth.net,29.7310184,-90.0279867,,,,in_stock,studio-health-medical-spa78547812d575,2026-09-17T00:03:00.766Z
1263825,Style & Beauty by Priscilla,"206 West Mercer Street, Dripping Springs, Texas 78620",Dripping Springs,TX,78620,United States,,,https://www.stylebypriscilla.com/,30.1930017,-98.0886175,,,,in_stock,style--beauty-by-priscillaf193e5ecc81a,2026-09-17T00:02:52.609Z
1263378,Style Medspa,"6280 Whitetail Dr., Coopersburg, Pennsylvania 18103",Coopersburg,PA,18103,United States,,,www.gethairless.com,40.515119,-75.4151935,,,,in_stock,style-medspaf6bb198c6029,2026-09-17T00:03:05.131Z
1263848,Subbio Plastic Surgery,"3734 West Chester Pike, Newtown Square, Pennsylvania 19073",Newtown Square,PA,19073,United States,,,https://www.drsubbio.com/,39.9861704,-75.4055644,,,,in_stock,subbio-plastic-surgery909b8e4134eb,2026-09-17T00:03:43.457Z
1263517,Sumner Slavin MD,"200 Boylston Street, Suite A307, Chestnut Hill, Massachusetts 2467",Chestnut Hill,MA,02467,United States,,,www.sumnerslavinmd.com,42.3196477,-71.1765073,,,,in_stock,sumner-slavin-md0f8ebc184e76,2026-09-17T00:02:52.240Z
1263626,Sundara Skin and Vurdure,"515 State Street, Charlotte, North Carolina 28208",Charlotte,NC,28208,United States,,,,35.2405085,-80.8659938,,,,in_stock,sundara-skin-and-vurdureea973525a92a,2026-09-17T00:03:08.983Z
1263534,Sunder Plastic Surgery,"421 North Rodeo Drive #G8, Beverly Hills, California 90210",Beverly Hills,CA,90210,United States,,,https://www.sunderplasticsurgery.com/,34.0696482,-118.4036447,,,,in_stock,sunder-plastic-surgeryb1ff97229a74,2026-09-17T00:03:46.991Z
3249026,Suvorov Aesthetics,"18 Wyola Road, Hull, Massachusetts, 02045",Hull,MA,02045,United States,,,,42.264554,-70.8530401,,,,in_stock,suvorov-aesthetics71c57b38f27e,2026-09-17T00:03:52.338Z
1263595,Suzanne Trott MD,"462 N Linden Dr Suite 240, Beverly Hills, California 90212",Beverly Hills,CA,90212,United States,,,www.drtrott.com,34.0679056,-118.4085225,,,,in_stock,suzanne-trott-mdb340923882df,2026-09-17T00:03:35.894Z
1263700,Suzel Vazquez MD,"6705 Red Road Suite 408, Coral Gables, Florida 33143",Coral Gables,FL,33143,United States,,,www.drsuzelvazquez.com,25.7061137,-80.2851871,,,,in_stock,suzel-vazquez-md45cdcf5fbbc8,2026-09-17T00:02:50.403Z
1839302,Sykes Face Sculpting,"8929 Wilshire Blvd Penthouse STE, Beverly Hills, California 90211",Beverly Hills,CA,90211,United States,,,,34.06727,-118.386348,,,,in_stock,sykes-face-sculpting51de159e2bf5,2026-09-17T00:02:44.489Z
1263640,Sylvana Institute Med Spa,"182 Thomas Johnson Dr #100, Frederick, Maryland 21702",Frederick,MD,21702,United States,,,https://www.sylvanamedical.com/,39.4406547,-77.4060703,,,,in_stock,sylvana-institute-med-spa651ac7bc9359,2026-09-17T00:02:35.798Z
1263454,Syracuse Plastic Surgery,"3107 E Genesee St, Syracuse, New York 13224",Syracuse,NY,13224,United States,,,https://syracuseplasticsurgery.com/,43.0432306,-76.0977901,,,,in_stock,syracuse-plastic-surgery7ff78451ed17,2026-09-17T00:03:26.256Z
2682001,Tada Spa,"4924 Reed Road Suite C, Columbus, Ohio 43220",Columbus,OH,43220,United States,,,,40.0569509,-83.0662349,,,,in_stock,tada-spa290b52755806,2026-09-17T00:03:11.803Z
1263485,Tamjidi Skin Institute - Chevy Chase,"5454 Wisconsin Ave. #1045, Chevy Chase, Maryland 20815",Chevy Chase,MD,20815,United States,,,,38.9626306,-77.0872598,,,,in_stock,tamjidi-skin-institute---chevy-chase18f76ff8e0c8,2026-09-17T00:02:50.484Z
1263531,Tamjidi Skin Institute - Vienna,"8100 Boone Blvd #300, VIenne, Virginia 22182",Vienne,VA,22182,United States,,,http://www.tamjidiskininstitute.com/,38.9137262,-77.225833,,,,in_stock,tamjidi-skin-institute---vienna900383b39513,2026-09-17T00:02:48.313Z
3256819,Tenashi Elevated Aesthetics & Medicine,"3125 Executive Drive Suite 3, San Angelo, Texas",San Angelo,TX,,United States,,,tenashielevated.com,31.4224267,-100.4641681,,,,in_stock,tenashi-elevated-aesthetics--medicine54ecddd4eba2,2026-09-17T00:03:33.039Z
1263728,Tensegrity Health and Aesthetics,"1 Cumberland Place Ste 114, Bangor, Maine 4401",Bangor,ME,04401,United States,,,https://www.tensegrityhealth.org/meet-our-staff,44.8063151,-68.7737765,,,,in_stock,tensegrity-health-and-aesthetics75212c9c2089,2026-09-17T00:03:49.452Z
1263847,Terry J Dubrow MD,"1617 Westcliff Dr Suite 100, Newport Beach, California 92660",Newport Beach,CA,92660,United States,,,https://www.drdubrow.com,33.6257493,-117.9058139,,,,in_stock,terry-j-dubrow-mdca551c5d3fe3,2026-09-17T00:02:33.913Z
1534440,Thanyanun Clinic,"120/3-4 Rattanakhet Road, Nai Mueang Subdistrict, Mueang District, Yasothon 35000",,,,Thailand,,,,15.7962792,104.1448873,,,,in_stock,thanyanun-clinicc98902f8b53b,2026-09-17T00:03:52.089Z
3082970,The Aesthetic Clinic at Visionaire,"755 S Perry St Suite 100, Castle Rock, Colorado 80104",Castle Rock,CO,80104,United States,,,https://www.aestheticsatvisionaire.com,39.3635337,-104.8624594,,,,in_stock,the-aesthetic-clinic-at-visionaired84b0af41b63,2026-09-17T00:03:28.543Z
3077057,The Aesthetic Lounge,"11940 US-1 STE 125, Palm Beach Gardens, Florida 33408",Palm Beach Gardens,FL,33408,United States,,,,26.8516056,-80.0577588,,,,in_stock,the-aesthetic-loungeaec704ef17a1,2026-09-17T00:03:12.123Z
2962377,The Beauty Bistro Ltd,"The Beauty Bistro Ltd, Trenholme, Heath House Lane, Hedge End, Southampton, Hants, SO30 0LE",,,,United Kingdom,,,https://thebeautybistro.co.uk/,50.9038908,-1.3058975,,,,in_stock,the-beauty-bistro-ltd11930ce36482,2026-09-17T00:03:41.518Z
2810724,The Beauty Fix Med Spa,"7629 East Pinnacle Peak Rd Suite 104, Scottsdale, Arizona 85255",Scottsdale,AZ,85255,United States,,,https://www.thebeautyfixmedspa.com,33.6969448,-111.9155236,,,,in_stock,the-beauty-fix-med-spa9bff78ad325e,2026-09-17T00:02:36.738Z
1263777,The Beauty Mark Med Spa,"171 saxony road suite 110, Encinitas, California 92024",Encinitas,CA,92024,United States,,,https://www.thebeautymarkmedspa.com/,33.0500546,-117.2853845,,,,in_stock,the-beauty-mark-med-spa34403628f6b2,2026-09-17T00:02:44.132Z
1263362,The Beauty Method,"6685 W Beardsley Road Suite 140, Glendale, Arizona 85308",Glendale,AZ,85308,United States,,,www.thebeautymethod.com,33.6668142,-112.2018517,,,,in_stock,the-beauty-methodad0112850160,2026-09-17T00:03:33.748Z
1534439,The brother's Clinic,"257/21 MRT Ratchadaphisek Station, Exit 1, Ratchadaphisek Road, Din Daeng Subdistrict, Din Daeng District, Bangkok 10400",,,,Thailand,,,https://www.facebook.com/thebrothersclinic,13.7983504,100.5743806,,,,in_stock,the-brothers-clinicd3aee5a6f9ab,2026-09-17T00:03:50.498Z
2798382,The Chambers Clinic,"20801 N Scottsdale Rd #205, Scottsdale, Arizona 85255",Scottsdale,AZ,85255,United States,,,,33.6759399,-111.923243,,,,in_stock,the-chambers-clinicbe318f736670,2026-09-17T00:03:50.296Z
3134305,The Clearskin Institute Inc.,"3636 N Central Ave STE 700, Phoenix, Arizona 85012",Phoenix,AZ,85012,United States,,,https://www.clearskininstitute.com/,33.4904798,-112.0744177,,,,in_stock,the-clearskin-institute-incae0e7016ce83,2026-09-17T00:03:36.020Z
1263503,The Clinic Med Spa,"5235 Erskine Way SW Seattle, WA 98136, SEATTLE, Washington 98136",Seattle,WA,98136,United States,,,https://theclinicmedspa.com/,47.5557963,-122.3908975,,,,in_stock,the-clinic-med-spa416b411fbdb9,2026-09-17T00:03:08.214Z
1263695,The Derm Studio,"1617 Westcliff Drive Suite 214, Newport Beach, California 92660",Newport Beach,CA,92660,United States,,,www.kristenformanmd.com,33.6257687,-117.9057652,,,,in_stock,the-derm-studioa06c9cc02c1c,2026-09-17T00:03:25.058Z
1739573,The Doctors Office,"946 North Loop 1604 West Suite 111, San Antonio, Texas 78232",San Antonio,TX,78232,United States,,,thedoctorsofficesa.com,29.6077674,-98.5057783,,,,in_stock,the-doctors-office3f9709e85e18,2026-09-17T00:03:47.553Z
1263657,The Effect Lifestyle Practice,"12276 San Jose Blvd Ste. 722, Jacksonville, Florida 32223",Jacksonville,FL,32223,United States,,,https://www.effectlifestyle.com/,30.145528,-81.63351229999999,,,,in_stock,the-effect-lifestyle-practice7baae96fc199,2026-09-17T00:03:27.357Z
1801727,The Flawless Lab,"13840 North Northsight Blvd Suite 117, Scottsdale, Arizona 85260",Scottsdale,AZ,85260,United States,,,www.theflawlesslab.com,33.6121875,-111.8966888,,,,in_stock,the-flawless-lab1c1074f2072d,2026-09-17T00:02:40.216Z
1263646,The Glow Clinic,"13353 Bel-Red Rd, Bellevue, Washington 98005",Bellevue,WA,98005,United States,,,https://www.theglowclinic.org/,47.62227439999999,-122.1621877,,,,in_stock,the-glow-clinicae0f7e2c411f,2026-09-17T00:02:55.770Z
2855879,The Healing Point,"270 Littleton Rd STE 29, Westford, Massachusetts, 01886",Westford,MA,01886,United States,,,https://doctorkingacupuncture.com/,42.5571709,-71.4369356,,,,in_stock,the-healing-point0d94a64a0b0a,2026-09-17T00:02:43.418Z
1263400,The Injection Room,"1010 S Flores Street Suite 117, San Antonio, Texas 78204",San Antonio,TX,78204,United States,,,"https://www.google.com/maps/place/The+Injection+Room/@29.4134643,-98.5018581,17z/data=!3m1!4b1!4m5!3m4!1s0x865c5930c3bd3c09:0xfcaf14f263fb1707!8m2!3d29.4134643!4d-98.4996694!11m2!1m1!1e4",29.4134643,-98.4996694,,,,in_stock,the-injection-room7649b3c8578b,2026-09-17T00:03:31.414Z
1471517,The Injection Room - Austin,"3801 S Congress Ave Suite 101, Austin, Texas 78704",Austin,TX,78704,United States,,,https://www.theinjectionroom.com/,30.2260592,-97.7619161,,,,in_stock,the-injection-room---austin496e1201060b,2026-09-17T00:03:44.541Z
2162379,The Injection Room- Elian,"17803 La Cantera Terrace Suite 1107, San Antonio, Texas 78256",San Antonio,TX,78256,United States,,,,29.6092286,-98.6071778,,,,in_stock,the-injection-room--eliand011eeb89e1c,2026-09-17T00:02:53.861Z
1263318,The LA Facialist,"441 N Bedford Dr, West Hollywood, California 90210",West Hollywood,CA,90210,United States,,,thelafacialist.com,34.0684976,-118.4058747,,,,in_stock,the-la-facialist---dr-charles-galanis-plastic-surgeryf5e24a1f6f6c,2026-09-17T00:02:51.966Z
1263761,The Luxe Medspa,"5041 Dallas Hwy Suite 508, Powder Springs, Georgia 30127",Powder Springs,GA,30127,United States,,,https://www.theluxemedspa.com/,33.94107760000001,-84.6983443,,,,in_stock,the-luxe-medspa691ebdd199f0,2026-09-17T00:03:05.201Z
1263313,The Parker Skin and Aesthetic Clinic,"3737 Park East Drive Suite 109, Beachwood, Ohio 44122",Beachwood,OH,44122,United States,,,theparkerclinic.com,41.4585528,-81.4926438,,,,in_stock,the-parker-skin-and-aesthetic-clinic8578a0759ecb,2026-09-17T00:03:26.758Z
1708870,The Plastic Surgery Group,"37 N Fullerton Ave, Montclair, New Jersey 07042",Montclair,NJ,07042,United States,,,www.platicsurgerygroupnewjersey.com,40.81529889999999,-74.2162096,,,,in_stock,the-plastic-surgery-group39ec37708921,2026-09-17T00:02:35.009Z
1263346,The Pogue Center,"8535 EAST HARTFORD DRIVE, SCOTTSDALE, Arizona 85255",Scottsdale,AZ,85255,United States,,,www.drpogue.com,33.6405276,-111.8962428,,,,in_stock,the-pogue-centercf3d4c97d765,2026-09-17T00:03:23.782Z
2962371,Theresa Collins Advanced Skin,7 Well Court EC4M 9DN,,,,United Kingdom,,,Www.theresacollinsskin.co.uk,51.5132839,-0.0930589,,,,in_stock,theresa-collins-advanced-skin251c1d1bcb30,2026-09-17T00:03:29.300Z
3134470,The Rose Method NYC,"6e 45th Street 4th Floor, New York, New York 10017",New York,NY,10017,United States,,,,40.7549194,-73.9788937,,,,in_stock,the-rose-method-nycf95bf3c7de8d,2026-09-17T00:03:40.997Z
1263570,The Roxbury Institute,"450 N Roxbury Dr Ste 400, Beverly Hills, California 90210",Beverly Hills,CA,90210,United States,,,https://www.theroxburyinstitute.com/,34.0684586,-118.4068503,,,,in_stock,the-roxbury-institute4e848b158666,2026-09-17T00:03:07.428Z
1263451,The Skincare Clinic,"1475 Burlingame Ave. Suite D, Burlingame, California 94010",Burlingame,CA,94010,United States,,,www.theskincareclinic.com,37.5766977,-122.3494875,,,,in_stock,the-skincare-clinicacd927fb7d1f,2026-09-17T00:03:39.081Z
1263881,The Skin Chic,"700 19th St, Virginia Beach, Virginia 23451",Virginia Beach,VA,23451,United States,,,https://theskinchic.com/,36.8453183,-75.9837728,,,,in_stock,the-skin-chicd9759c8d7b15,2026-09-17T00:03:35.955Z
1263701,The Skin Clinic,"600 N Shepherd Drive STE 124, Houston, Texas 77007",Houston,TX,77007,United States,,,,29.7828867,-95.4074541,,,,in_stock,the-skin-clinicd47f4ccbe062,2026-09-17T00:03:38.129Z
1263918,The Skin Firm,"1707 Jefferson St, Bluefield, West Virginia 24701",Bluefield,WV,24701,United States,,,https://www.theskinfirmwv.com/,37.2575127,-81.2206083,,,,in_stock,the-skin-firmc5d95e568863,2026-09-17T00:03:16.319Z
3049341,The Skinn Suite Aesthetic Center,"905 South Glenoaks Boulevard, Burbank, California 91502",Burbank,CA,91502,United States,,,https://skinnsuite.com/,34.1771312,-118.2983811,,,,in_stock,the-skinn-suite-aesthetic-center366cdfad301a,2026-09-17T00:03:42.869Z
1263873,The Stella Center,"509 Olive Way, Suite 1430, seattle, Washington 98101",Seattle,WA,98101,United States,,,http://www.doctorstella.com,47.61285600000001,-122.336596,,,,in_stock,the-stella-centerbdf18c83c8e0,2026-09-17T00:03:47.049Z
1263656,The Things We Do - Chino Hills,"3277 Grand Ave. #C, Chino Hills, California 91709",Chino Hills,CA,91709,United States,,,https://thethingswedo.co/,34.0006811,-117.7339424,,,,in_stock,the-things-we-do---chino-hills137be3ec1be9,2026-09-17T00:03:54.230Z
1263696,The Things We Do - Los Angeles,"787 South Alameda Street #100, Los Angeles, California 90021",Los Angeles,CA,90021,United States,,,https://thethingswedo.co/,34.0336749,-118.2410297,,,,in_stock,the-things-we-do---los-angeles749296e2553c,2026-09-17T00:03:21.122Z
1263745,The Things We Do - Venice,"1416 Abbot Kenney, Venice, California 90291",Venice,CA,90291,United States,,,thethingswedo.co,33.9903582,-118.465487,,,,in_stock,the-things-we-do---venicefb518f47c9cb,2026-09-17T00:03:52.967Z
3245668,The Vanity Aesthetics,"9644 U.S. 281 Suite 101, Spring Branch, Texas 78070",Spring Branch,TX,78070,United States,,,thevanity4u.com,29.876395,-98.40841809999999,,,,in_stock,the-vanity-aestheticsb2ab4f275e38,2026-09-17T00:03:32.623Z
2962386,the wellness practice,"8 golden hill lane, Leyland, pr253np",,,,United Kingdom,,,The wellness-practice.com,53.6982288,-2.6898711,,,,in_stock,the-wellness-practice7cd2c049ade4,2026-09-17T00:03:28.901Z
1263722,Thomas Dermatology,"866 Seven Hills Dr. Suite 201, Henderson, Nevada 89052",Henderson,NV,89052,United States,,,,35.9968189,-115.122302,,,,in_stock,thomas-dermatology0d5ee090a370,2026-09-17T00:02:57.536Z
1263335,Tilley Eye Care Centers,"708 Hill Country Dr, Kerville, Texas 78028",Kerville,TX,78028,United States,,,www.jeanettetilley.com,30.0420995,-99.14862049999999,,,,in_stock,tilley-eye-care-centers645106457328,2026-09-17T00:02:57.888Z
1263711,TLJ Aesthetics,"1740 NW Maple St. Ste 206, Issaquah, Washington 98027",Issaquah,WA,98027,United States,,,https://tljmd.com/,47.5432678,-122.0642343,,,,in_stock,tlj-aesthetics52a8adf408f9,2026-09-17T00:02:48.664Z
1263500,Tone Dermatology,"1935 S. Wabash Suite #1, Chicago, Illinois 60616",Chicago,IL,60616,United States,,,tonedermatology.com,41.855652,-87.62520409999999,,,,in_stock,tone-dermatologyedd797c97067,2026-09-17T00:02:51.212Z
1263253,Torrey Pines Dermatology,"9850 Genesee Avenue, Suite 460, La Jolla, California 92037",La Jolla,CA,92037,United States,,,www.torreypinesderm.com,32.8833171,-117.2264215,,,,in_stock,torrey-pines-dermatologyb2cbb015b6b9,2026-09-17T00:03:38.306Z
1263228,Total Dermatology - Nissan Pilest MD,"16100 Sand Canyon Ave. #190, Irvine, California 92618",Irvine,CA,92618,United States,,,www.totaldermatology.com,33.662841,-117.77176,,,,in_stock,total-dermatology---nissan-pilest-md1876f010b0d5,2026-09-17T00:03:37.758Z
3136490,Totality Medispa - Aledo,"280 Willow Bend Drive #200, Willow Park, Texas 76008",Willow Park,TX,76008,United States,,,https://www.totalitymed.com/,32.72847760000001,-97.6329579,,,,in_stock,totality-medispa---aledoa3313183f0bd,2026-09-17T00:03:36.850Z
1263196,Totality Medispa - Charleston,"885B Island Park Drive, Charleston, South Carolina 29492",Charleston,SC,29492,United States,,,Www.totalitymed.com,32.8622929,-79.9065791,,,,in_stock,totality-medispad67459a51b59,2026-09-17T00:03:13.856Z
3111367,Totality Medispa - Hilton Head,"16 Shelter Cove Lane, Hilton Head Island, South Carolina 29928",Hilton Head Island,SC,29928,United States,,,totalitymed.com,32.1795589,-80.7266606,,,,in_stock,totality-medispa---hilton-head6ba322ebba70,2026-09-17T00:03:28.269Z
1263589,Treasure Valley Dermatology,"6051 N. Eagle Road, Boise, Idaho 83713",Boise,ID,83713,United States,,,https://www.dermatologyboise.com/,43.6594676,-116.3552967,,,,in_stock,treasure-valley-dermatology3248c327c90a,2026-09-17T00:03:44.927Z
3256818,Treat - Stefani Fox,"5045 Northeast Jarrett Street, Portland, Oregon 97218",Portland,OR,97218,United States,,,http://treatyou.com/,45.5646104,-122.6106846,,,,in_stock,treat---stefani-fox3e6c987b803d,2026-09-17T00:03:32.962Z
1263741,Tre Med Spa,"11013 Countryway Blvd, Tampa, Florida 33626",Tampa,FL,33626,United States,,,www.tremedspa.com,28.0608112,-82.6226035,,,,in_stock,tre-med-spa6cb23ee29dd1,2026-09-17T00:03:41.726Z
1263834,Trend Aesthetics and Wellness,"700 East Sonterra Boulevard Suite 207, San Antonio, Texas 78258",San Antonio,TX,78258,United States,,,www.trendaesthetics.com,29.6135496,-98.4845466,,,,in_stock,trend-aesthetics-and-wellness39e80dd3494e,2026-09-17T00:03:38.586Z
1263349,Tribeca Park Dermatology - Adam Geyer MD,"32 Ericsson Place, New York, New York 10013",New York,NY,10013,United States,,,triparkderm.com,40.7204094,-74.00777149999999,,,,in_stock,tribeca-park-dermatology---adam-geyer-md72fd81784d96,2026-09-17T00:03:49.524Z
1263587,Tribeca Skin Center,"315 Church Street, New York, New York 10013",New York,NY,10013,United States,,,www.tribecaskincenter.com,40.71979779999999,-74.0038211,,,,in_stock,tribeca-skin-centerf8f227e86731,2026-09-17T00:03:06.597Z
1263390,Tricia Brown MD - Dermatology,"10845 Kuykendahl Rd #103, The Woodlands, Texas 77382",The Woodlands,TX,77382,United States,,,https://www.yourclearskin.com/,30.17676519999999,-95.5376819,,,,in_stock,tricia-brown-md---dermatologye21d41c76646,2026-09-17T00:03:31.340Z
1263299,Trio Skincare,"1333 Willow Pass Road Suite 202, Concord, California 94520",Concord,CA,94520,United States,,,trioskincare.com,37.9697246,-122.0522489,,,,in_stock,trio-skincareea3a78050db8,2026-09-17T00:03:32.449Z
1263611,Tru-Skin Dermatology - Austin,"3500 Jefferson St. Ste. 200, Austin, Texas 78731",Austin,TX,78731,United States,,,www.tru-skin.com,30.3081194,-97.7521141,,,,in_stock,tru-skin-dermatology---austin47f2ba1d8898,2026-09-17T00:03:12.933Z
1263556,Turquoise Springs Medical Spa,"14800 San Pedro Ave #202, San Antonio, Texas 78232",San Antonio,TX,78232,United States,,,turquoisesprings.com,29.5763425,-98.4772966,,,,in_stock,turquoise-springs-medical-spa13e46b96bacf,2026-09-17T00:02:32.920Z
1263333,Umansky Medical Ctr for Plastic Surgery,"4150 Regents Park Row, Suite 260, La Jolla, California 92037",La Jolla,CA,92037,United States,,,https://www.drumansky.com/,32.873197,-117.2175846,,,,in_stock,umansky-medical-ctr-for-plastic-surgeryffd0d9c02f1f,2026-09-17T00:03:25.137Z
1427730,Unfiltered Aesthetics,"5635 North Scottsdale Road Suite 130, Scottsdale, Arizona 85250",Scottsdale,AZ,85250,United States,,,,33.5191703,-111.9253389,,,,in_stock,unfiltered-aestheticsa69562686033,2026-09-17T00:03:26.030Z
1561189,UnionDerm,"4 West 58th Street, 10th FLOOR, New York, New York 10019",New York,NY,10019,United States,,,https://www.unionderm.com/,40.7637525,-73.9743038,,,,in_stock,unionderm65e2f6aa33b1,2026-09-17T00:02:29.199Z
2144213,UnionDerm- Water Mill,"728 Montauk Hwy, Water Mill, New York 11976",Water Mill,NY,11976,United States,,,,40.9107247,-72.3528357,,,,in_stock,unionderm--water-mill7d8fd5f6f20c,2026-09-17T00:03:52.474Z
1263356,University Derm Cosmetic & Surgery Center,"3006 BAUCOM RD STE 100, CHARLOTTE, North Carolina 28269",Charlotte,NC,28269,United States,,,www.universityderm.com,35.3160816,-80.7819264,,,,in_stock,university-derm-cosmetic--surgery-centerc9b74b1fe898,2026-09-17T00:03:36.663Z
1263442,Univ of Texas-SW Medical Center,"2001 Inwood Rd. West Campus Receiving, Dallas, Texas 75390",Dallas,TX,75390,United States,,,utsouthwestern.edu,32.8151,-96.845743,,,,in_stock,univ-of-texas-sw-medical-center207a8895b5f6,2026-09-17T00:03:37.695Z
1263666,Urban Dermatology,"594 Broadway Suite 505, NY, New York 10012",Ny,NY,10012,United States,,,,40.7248688,-73.9968682,,,,in_stock,urban-dermatologydceafb2676c6,2026-09-17T00:03:31.050Z
1472550,US Dermatology Partners - Belton,"1300 E 6th Ave, Belton, Texas 76513",Belton,TX,76513,United States,,,www.skinspirit.com,31.058634,-97.4492509,,,,in_stock,us-dermatology-partners---beltonc2155e593529,2026-09-17T00:02:30.209Z
1263818,US Dermatology Partners - Carrollton,"4340 North Josey Lane #100, Carrollton, Texas 75010",Carrollton,TX,75010,United States,,,https://www.usdermatologypartners.com/locations/texas/carrollton/4340-n-josey-ln-ste-100/,33.027588,-96.88373360000001,,,,in_stock,us-dermatology-partners---carrollton9af49bfa4be1,2026-09-17T00:03:46.848Z
1263805,US Dermatology Partners - Carrollton CALM,"4340 N Josey Ln #204, Carrollton, Texas 75010",Carrollton,TX,75010,United States,,,,33.0276176,-96.8837313,,,,in_stock,us-dermatology-partners---carrollton-calm370bae0f90e3,2026-09-17T00:03:05.734Z
1414690,US Dermatology Partners - Centreville/Braddock,"13880 Braddock Rd STE 301, Centreville, Virginia 20121",Centreville,VA,20121,United States,,,,38.8365031,-77.4280911,,,,in_stock,us-dermatology-partners---centrevillebraddock3b8533bcae82,2026-09-17T00:03:26.625Z
1263406,US Dermatology Partners - Dallas Hillcrest,"12740 HILLCREST ROAD, SUITE 200, DALLAS, Texas 75230",Dallas,TX,75230,United States,,,https://www.usdermatologypartners.com/provider/rubin-md/,32.9229374,-96.78611,,,,in_stock,us-dermatology-partners---dallas-hillcrestd926e5e405b4,2026-09-17T00:03:40.265Z
1263802,US Dermatology Partners - dermskincare.com,"5310 Harvest Hill # 290, Dallas, Texas 75230",Dallas,TX,75230,United States,,,,32.9210848,-96.81705989999999,,,,in_stock,us-dermatology-partners---dermskincarecom0ccdc284f10b,2026-09-17T00:02:27.807Z
1273346,US Dermatology Partners- Fort Worth,"2801 S Hulen St suite 400, Fort Worth, TX 76109",Fort Worth,TX,76109,United States,(817) 921-2838,,https://www.usdermatologypartners.com/locations/texas/fort-worth/2801-s-hulen-st-ste-400/,32.7106314,-97.3850076,,,,in_stock,us-dermatology-partners--fort-worthe9128571a2e8,2026-09-17T00:03:28.694Z
1263612,US Dermatology Partners - Keller,"9808 North Beach Suite 600, Ft. Worth, Texas 76244",Ft. Worth,TX,76244,United States,,,,32.9167897,-97.28909610000001,,,,in_stock,us-dermatology-partners---keller502b67c0f5c2,2026-09-17T00:02:55.272Z
1263835,US Dermatology Partners - Lee Summit,"3265 NE Ralph Road, Lee Summitt, Missouri 64064",Lee Summitt,MO,64064,United States,,,https://www.usdermatologypartners.com/locations/missouri/lees-summit/3265-ne-ralph-powell-rd/,38.9689075,-94.3617207,,,,in_stock,us-dermatology-partners---lee-summit1aec5741b0e9,2026-09-17T00:02:28.961Z
1263743,US Dermatology Partners - Nacogdoches,"3611 North Street, Suite 140, Dallas, Texas 75965",Dallas,TX,75965,United States,,,,32.7766642,-96.79698789999999,,,,in_stock,us-dermatology-partners---nacogdoches08ed8a8fdd79,2026-09-17T00:03:12.020Z
1263907,US Dermatology Partners - Ponca City,"117 Patton Dr., Ponca City, Oklahoma 74601",Ponca City,OK,74601,United States,,,,36.7261608,-97.0681336,,,,in_stock,us-dermatology-partners---ponca-cityeeb1d1699953,2026-09-17T00:03:08.142Z
1263921,US Dermatology Partners - Stillwater,"1329 S Sangre Rd, Stillwater, Oklahoma 74074",Stillwater,OK,74074,United States,,,,36.1057025,-97.10446999999999,,,,in_stock,us-dermatology-partners---stillwater24eab7246156,2026-09-17T00:02:43.582Z
1555928,"US Dermatology Partners - Woodward, OK","916 19th St, Woodward, Oklahoma 73801",Woodward,OK,73801,United States,,,https://www.usdermatologypartners.com/locations/oklahoma/woodward/916-19th-st/,36.4376259,-99.4032823,,,,in_stock,us-dermatology-partners---woodward-ok634322e54b12,2026-09-17T00:03:56.346Z
1263766,US Dermatology - Richardson,"3600 Shire Blvd #210, Richardson, Texas 75082",Richardson,TX,75082,United States,,,,33.00111400000001,-96.6852816,,,,in_stock,us-dermatology---richardson7bcc9332c17c,2026-09-17T00:02:38.038Z
1263849,UT Health San Antonio,"8300 Floyd Curl Drive, 6th Floor, San Antonio, Texas 78229",San Antonio,TX,78229,United States,,,https://www.universityhealthsystem.com/physician-directory/f/fry-constance,29.51505449999999,-98.5817106,,,,in_stock,ut-health-san-antonio6035e1180568,2026-09-17T00:02:31.956Z
1263462,UT Medicine,"7979 Wurzbach Rd, San Antonio, Texas 78229",San Antonio,TX,78229,United States,,,uthscsa.edu,29.5136457,-98.5792365,,,,in_stock,ut-medicine740f045571bc,2026-09-17T00:03:09.821Z
1263645,Valeria Clinical Skin Care,"585 Hartz Ave, Danville, California 94526",Danville,CA,94526,United States,,,valeriaspa.com,37.8200553,-121.9976184,,,,in_stock,valeria-clinical-skin-care665a7d5e807d,2026-09-17T00:02:54.915Z
1263910,Valley Aesthetic,"8400 River Road, North Bergen, New Jersey 7047",North Bergen,NJ,07047,United States,,,https://www.valleyaesthetic.com/,40.8011168,-73.994354,,,,in_stock,valley-aesthetic40f4ff5ce08c,2026-09-17T00:02:30.510Z
1263866,Valley Dermatology Associates,"3911 Castlevale Rd Unit 301, Yakima, Washington 98902",Yakima,WA,98902,United States,,,yvderm.com,46.6134385,-120.5604899,,,,in_stock,valley-dermatology-associates147f5e683741,2026-09-17T00:02:45.772Z
2602547,"Venaflux, PLLC","170 Old Naples Road Suite C, Hendersonville, North Carolina 28792",Hendersonville,NC,28792,United States,,,,35.3942515,-82.49648599999999,,,,in_stock,venaflux-pllc1f6e33eb1afe,2026-09-17T00:03:34.906Z
1263445,Venus By Mars,"4041 E Sunrise Drive, Tucson, Arizona 85718",Tucson,AZ,85718,United States,,,https://www.patriciamarsmd.com,32.3095996,-110.9066559,,,,in_stock,venus-by-mars8f2cd7b2f040,2026-09-17T00:03:46.776Z
1263458,Venus MD Center Health & Beauty,"7561 Center Avenue Suite 32, Huntington Beach, California 92647",Huntington Beach,CA,92647,United States,,,venusmd.com,33.7345014,-117.9966731,,,,in_stock,venus-md-center-health--beauty5f839cb23158,2026-09-17T00:03:11.447Z
1263342,Vergara Beauty,"12685 Mulholland Dr., Beverly Hills, California 90210",Beverly Hills,CA,90210,United States,,,beautyvergara.com,34.1305136,-118.4089623,,,,in_stock,vergara-beautydae28e93e81a,2026-09-17T00:03:26.906Z
2353470,Veritas Medical Center,"3340 East Chapman Avenue, Orange, California 92869",Orange,CA,92869,United States,,,https://www.vmedc.com,33.7871276,-117.8176108,,,,in_stock,veritas-medical-centera1be4c2de713,2026-09-17T00:02:29.935Z
1263267,VÉRITÉ Dermatology,"2256 1/2 E. Main Street, Bexley, Ohio 43209",Bexley,OH,43209,United States,,,http://dermatologycolumbus.com,39.9573428,-82.9386074,,,,in_stock,vrit-dermatologyc2fe7e132f40,2026-09-17T00:03:30.524Z
1263917,Vicki Rickerson M.D.,"8601 Village Drive #100, San Antonio, Texas 78217",San Antonio,TX,78217,United States,,,drrickersonmd.com,29.517752,-98.428302,,,,in_stock,vicki-rickerson-mdf8ed9c680666,2026-09-17T00:02:41.011Z
1263259,"Victoria Hsu, MD","2301 Camino Ramon, #104, San Ramon, California 94583",San Ramon,CA,94583,United States,,,isaacandizzy.com,37.77624,-121.965784,,,,in_stock,victoria-hsu-mdb3b134c11b86,2026-09-17T00:03:48.243Z
1263716,Village Dermatology,"7575 San Felipe Suite 300, Houston, Texas 77063",Houston,TX,77063,United States,,,https://www.villagedermatologyhouston.com/,29.7500962,-95.5019827,,,,in_stock,village-dermatology5bc78a0a5b4e,2026-09-17T00:03:54.606Z
1263857,Vi Skin,"950 Pacific Ave Ste 205, Tacoma, Washington 98402",Tacoma,WA,98402,United States,,,https://www.vi.skin/,47.2534514,-122.4392565,,,,in_stock,vi-skinf2b58f3960ab,2026-09-17T00:03:55.561Z
1263511,Vita Dermatology and Laser Institute,"2450 Sister Mary Columba Dr., Red Bluff, California 96080",Red Bluff,CA,96080,United States,,,http://vitadermatology.com,40.1495088,-122.2220456,,,,in_stock,vita-dermatology-and-laser-instituted6707f273dbc,2026-09-17T00:03:06.363Z
1263819,Vital Life Wellness,"418 N Loop 1604 W, San Antonio, Texas 78232",San Antonio,TX,78232,United States,,,vitallifewellness.com,29.6074546,-98.4998074,,,,in_stock,vital-life-wellnessf64e5b2231ad,2026-09-17T00:03:04.616Z
3135823,Vita Sana Clinic,"540 Madison Oak Dr. #330, San Antonio, Texas 78258",San Antonio,TX,78258,United States,,,https://vitasanasa.com/about-vita-sana/,29.6203445,-98.4927405,,,,in_stock,vita-sana-clinic2c6207b6a7a9,2026-09-17T00:03:31.795Z
1263539,Wake Forest Baptist Dermatology Department,"4618 Country Club Road, Winston-Salem, North Carolina 27104",Winston-Salem,NC,27104,United States,,,www.healthedu.com,36.07830939999999,-80.3335393,,,,in_stock,wake-forest-baptist-dermatology-department795ed0f357a5,2026-09-17T00:03:12.485Z
1263828,Walnut Creek Aesthetics ? Dr. Joshua Crose,"1355 North Main Street, Walnut Creek, California 94596",Walnut Creek,CA,94596,United States,,,http://lunaskincareandlashstudio.com/,37.8982743,-122.0606035,,,,in_stock,walnut-creek-aesthetics--dr-joshua-crose1a9e413b9c0c,2026-09-17T00:02:51.903Z
1263216,Washington Inst of Derm Laser Surg-K St,"1430 K Street NW, Suite 200, Washington, District of Columbia 20005",Washington,DC,20005,United States,,,https://www.skinlaser.com,38.9022186,-77.0330939,,,,in_stock,washington-inst-of-derm-laser-surg-k-sta3b8f0ec6d21,2026-09-17T00:02:57.149Z
2863178,Waterfront Skin and Laser,"3195 Granville Street Suite 40, Vancouver, British Columbia, V6H3K2",,,,Canada,,,,49.2572381,-123.1392594,,,,in_stock,waterfront-skin-and-laser63e1ab0f326c,2026-09-17T00:02:46.018Z
1263874,Water's Edge Dermatology - Jupiter,"1096 W. Indiantown Rd, Jupiter, Florida 33458",Jupiter,FL,33458,United States,,,,26.9335553,-80.1135017,,,,in_stock,waters-edge-dermatology---jupiterb3e438c1a65e,2026-09-17T00:03:01.145Z
1263823,Water's Edge Dermatology - Palm Bay,"1761 Palm Bay Road NE, Palm Bay, Florida 32905",Palm Bay,FL,32905,United States,,,https://www.wederm.com/location-place/palm-bay/,28.035594,-80.6188756,,,,in_stock,waters-edge-dermatology---palm-baybcfc748711c2,2026-09-17T00:02:51.823Z
1263822,Water's Edge Dermatology - St. Lucie West,"264 NW Peacock Blvd Suite 201, St. Lucie West, Florida 34986",St. Lucie West,FL,34986,United States,,,https://www.wederm.com/location-place/st-lucie-west/,27.3163863,-80.4077004,,,,in_stock,waters-edge-dermatology---st-lucie-west9cc81f73b498,2026-09-17T00:02:49.862Z
1263613,Water's Edge Dermatology - Stuart,"2601 S Kanner Hwy, Stuart, Florida 34994",Stuart,FL,34994,United States,,,https://www.wederm.com/,27.1733296,-80.25203309999999,,,,in_stock,waters-edge-dermatology---stuart0fcd9b3d6e81,2026-09-17T00:02:53.358Z
1263883,Water's Edge - Lighthouse Point,"3973 N Fed Hwy, Lighthouse Point, Florida 33064",Lighthouse Point,FL,33064,United States,,,,26.2803133,-80.0970641,,,,in_stock,waters-edge---lighthouse-point6bc9c4a53e72,2026-09-17T00:03:29.612Z
1263395,Weiser Skin MD,"155 Spring Street, 5th Floor, New York, New York 10012",New York,NY,10012,United States,,,Www.weiserskin.com,40.7245684,-74.0015098,,,,in_stock,weiser-skin-md56448445d679,2026-09-17T00:03:50.430Z
1263719,Westchester Dermatology,"8930 S Sepulveda Blvd Suite 104, Los Angeles, California 90045",Los Angeles,CA,90045,United States,,,http://www.peacemd.com/,33.9551367,-118.3958965,,,,in_stock,westchester-dermatology59af5ab2221e,2026-09-17T00:03:03.056Z
1263300,West Dermatology - Derek Jones MD,"9201 W. Sunset Blvd. #602, Los Angeles, California 90069",Los Angeles,CA,90069,United States,,,http://www.skincareandlaser.com/,34.0909481,-118.3925219,,,,in_stock,west-dermatology---derek-jones-md8a8008df4a99,2026-09-17T00:02:54.475Z
1263491,West Dermatology-Dore Gilbert MD,"1441 Avocado Ave, S-806, Newport Beach, California 92660",Newport Beach,CA,92660,United States,,,http://drdoregilbert.com/,33.6135373,-117.8695809,,,,in_stock,west-dermatology-dore-gilbert-md085c000758a9,2026-09-17T00:03:51.698Z
1281130,West Dermatology – LVSC S. Rancho,"630 S. Rancho Suite E, Las Vegas, Nevada 89106",Las Vegas,NV,89106,United States,,,https://www.lvscc.com/location/south-rancho/,36.1631147,-115.1734458,,,,in_stock,west-dermatology--lvsc-s-rancho77ebf374d125,2026-09-17T00:03:39.692Z
1263338,West Dermatology - Mitch Goldman MD,"9339 Genesee Ave. #300, San Diego, California 92121",San Diego,CA,92121,United States,,,https://clderm.com/,32.8760991,-117.2131775,,,,in_stock,west-dermatology---mitch-goldman-md960a3b47fa36,2026-09-17T00:03:15.308Z
1678664,West Dermatology - Southern California Dermatology,"1125 East 17th Street Suite W-248, Santa Ana, California 92701",Santa Ana,CA,92701,United States,,,,33.76143390000001,-117.8541264,,,,in_stock,west-dermatology---southern-california-dermatology356637d34083,2026-09-17T00:02:42.111Z
1263650,West Hills Dermatology,"7320 Woodlake Avenue, Suite 340, West Hills, California 91307",West Hills,CA,91307,United States,,,westhillsdermatology.com,34.2024544,-118.6313984,,,,in_stock,west-hills-dermatologyf402338ec237,2026-09-17T00:02:48.603Z
1263522,West Institute,"5530 Wisconsin Ave #925, Chevy Chase, Maryland 20815",Chevy Chase,MD,20815,United States,,,westskinlaser.com,38.9649201,-77.08814389999999,,,,in_stock,west-institute92b63dbf1666,2026-09-17T00:02:58.694Z
1263538,Westlake Dermatology-Westlake,"8825 Bee Caves Rd, Austin, Texas 78746",Austin,TX,78746,United States,,,westlakedermatology.com,30.3170823,-97.8612004,,,,in_stock,westlake-dermatology-westlakedac02b951d05,2026-09-17T00:03:51.647Z
1263739,Westover Hills Dermatology,"11212 State Highway 151 - Medical Plaza 1 Suite 320, San Antonio, Texas 78251",San Antonio,TX,78251,United States,,,,29.4666868,-98.6967157,,,,in_stock,westover-hills-dermatology71ce647ce90d,2026-09-17T00:03:28.769Z
2948946,West Valley Aesthetics,"21448 North 75th Avenue Ste 10, Glendale, Arizona 85308",Glendale,AZ,85308,United States,,,,33.6797157,-112.22123,,,,in_stock,west-valley-aesthetics0ad57e54bf98,2026-09-17T00:03:48.784Z
2948945,Wildflower Aesthetics,"999 East Basse Road #103, San Antonio, Texas 78209",San Antonio,TX,78209,United States,,,mywildfloweraesthetics.com,29.4990535,-98.46784939999999,,,,in_stock,wildflower-aesthetics735cb72cea62,2026-09-17T00:02:35.479Z
1263213,Willow Medspa,"186 Fairchance Road, Morgantown, West Virginia 26508",Morgantown,WV,26508,United States,,,https://willowmedspa.com/,39.6756696,-79.8479246,,,,in_stock,willow-medspa48b5be4e7393,2026-09-17T00:02:53.427Z
1263855,Wilmer Eye Institute - Dr. Nick Mahoney - Bethesda,"6430 Rockledge Drive Westmoreland Building, Suite 600, Bethesda, Maryland 20817",Bethesda,MD,20817,United States,,,https://www.hopkinsmedicine.org/profiles/results/search/,39.0255471,-77.1335059,,,,in_stock,wilmer-eye-institute---dr-nick-mahoney---bethesdaebea478e7cb1,2026-09-17T00:03:01.074Z
1263266,Wilmington Dermatology Center,"710 Military Cutoff Road Suite 320, Wilmington, North Carolina 28405",Wilmington,NC,28405,United States,,,wilmingtondermatologycenter.com,34.2462573,-77.8296952,,,,in_stock,wilmington-dermatology-centere6e2b4affdd5,2026-09-17T00:02:50.871Z
1263705,Wise Center for Plastic Surgery,"1680 NJ-23 #120, Wayne, New Jersey 7470",Wayne,NJ,07470,United States,,,www.drwise.com,40.94162619999999,-74.2698085,,,,in_stock,wise-center-for-plastic-surgery8f58bd7e571d,2026-09-17T00:02:55.918Z
1263625,Woodglen Institute Of Aesthetics,"541 S Pasadena Avenue Suite 201, Glendora, California 91741",Glendora,CA,91741,United States,,,http://woodglenaesthetics.com,34.129503,-117.8604481,,,,in_stock,woodglen-institute-of-aesthetics83344b63c29a,2026-09-17T00:02:58.367Z
1263562,Young Dermatology,"805 Madison Street Suite 703, Seattle, Washington 98104",Seattle,WA,98104,United States,,,https://youngdermed.com/,47.6077174,-122.3278727,,,,in_stock,young-dermatologyc141c0797c5a,2026-09-17T00:02:42.776Z
2962385,Your Beauty Doctor,"65 Melbury road, Nottingham, NG5 2PF",,,,United Kingdom,,,www.yourbeautydoctor.co.uk,52.990631,-1.1203407,,,,in_stock,your-beauty-doctorf56267a95760,2026-09-17T00:03:15.461Z
1263742,"Ysabel M Bello, MD","1330 Coral Way, STE 409, Miami, Florida 33145",Miami,FL,33145,United States,,,https://www.vitals.com/doctors/Dr_Ysabel_Bello.html,25.750799,-80.21706669999999,,,,in_stock,ysabel-m-bello-md02b6116cbe55,2026-09-17T00:02:51.349Z
1263620,Yungfreckle Skincare,"1503 S Cushman Ave, Tacoma, Washington 98405",Tacoma,WA,98405,United States,,,catalinajames,47.2471147,-122.4561709,,,,in_stock,yungfreckle-skincarecf2ca1147e51,2026-09-17T00:03:08.524Z
1263853,Zelken Institute,"1617 Westcliff Drive, Suite 205, Newport Beach, California 92660",Newport Beach,CA,92660,United States,,,www.zelkeninstitute.com,33.6257459,-117.9057794,,,,in_stock,zelken-institute869f47a4742c,2026-09-17T00:03:01.968Z
